Timestamp,LO_plus,LO_minus,Raw_ADC,Voltage_mV
1764974445.7262118,0,0,9,1.125
1764974445.7280085,0,0,10,1.250
1764974445.7317705,0,0,12,1.500
1764974445.7357602,0,0,15,1.875
1764974445.739761,0,0,14,1.750
1764974445.7437606,0,0,16,2.000
1764974445.7478027,0,0,17,2.125
1764974445.7518656,0,0,18,2.250
1764974445.755777,0,0,20,2.500
1764974445.7597644,0,0,19,2.375
1764974445.7637577,0,0,20,2.500
1764974445.7677615,0,0,21,2.625
1764974445.7717645,0,0,22,2.750
1764974445.7757592,0,0,23,2.875
1764974445.7797709,0,0,21,2.625
1764974445.78377,0,0,23,2.875
1764974445.7877681,0,0,23,2.875
1764974445.7921824,0,0,24,3.000
1764974445.795868,0,0,25,3.125
1764974445.7997816,0,0,23,2.875
1764974445.8037632,0,0,24,3.000
1764974445.8077574,0,0,24,3.000
1764974445.8117669,0,0,25,3.125
1764974445.8157606,0,0,26,3.250
1764974445.8197615,0,0,24,3.000
1764974445.8237631,0,0,25,3.125
1764974445.8277583,0,0,25,3.125
1764974445.831781,0,0,26,3.250
1764974445.8357697,0,0,26,3.250
1764974445.8397684,0,0,24,3.000
1764974445.8437588,0,0,25,3.125
1764974445.8477583,0,0,25,3.125
1764974445.85177,0,0,26,3.250
1764974445.8557706,0,0,27,3.375
1764974445.8597715,0,0,25,3.125
1764974445.8637667,0,0,26,3.250
1764974445.8677664,0,0,26,3.250
1764974445.8717735,0,0,26,3.250
1764974445.8757668,0,0,27,3.375
1764974445.8797681,0,0,25,3.125
1764974445.8837671,0,0,25,3.125
1764974445.8877678,0,0,25,3.125
1764974445.8917675,0,0,26,3.250
1764974445.8957665,0,0,27,3.375
1764974445.8997674,0,0,25,3.125
1764974445.9037673,0,0,26,3.250
1764974445.9077678,0,0,26,3.250
1764974445.911774,0,0,26,3.250
1764974445.915768,0,0,27,3.375
1764974445.9197712,0,0,25,3.125
1764974445.9238353,0,0,25,3.125
1764974445.927794,0,0,25,3.125
1764974445.9317696,0,0,26,3.250
1764974445.9357593,0,0,27,3.375
1764974445.9397702,0,0,25,3.125
1764974445.943767,0,0,25,3.125
1764974445.9477656,0,0,26,3.250
1764974445.9517667,0,0,26,3.250
1764974445.955759,0,0,28,3.500
1764974445.9597702,0,0,25,3.125
1764974445.9637675,0,0,25,3.125
1764974445.967764,0,0,26,3.250
1764974445.9717689,0,0,26,3.250
1764974445.9757657,0,0,27,3.375
1764974445.9797697,0,0,25,3.125
1764974445.9837658,0,0,25,3.125
1764974445.9877698,0,0,26,3.250
1764974445.9918857,0,0,26,3.250
1764974445.9958057,0,0,27,3.375
1764974445.999773,0,0,26,3.250
1764974446.0038218,0,0,25,3.125
1764974446.007779,0,0,25,3.125
1764974446.01177,0,0,26,3.250
1764974446.0157564,0,0,27,3.375
1764974446.0197678,0,0,26,3.250
1764974446.023769,0,0,25,3.125
1764974446.0277684,0,0,26,3.250
1764974446.031767,0,0,26,3.250
1764974446.0357594,0,0,27,3.375
1764974446.03977,0,0,26,3.250
1764974446.0437667,0,0,25,3.125
1764974446.047767,0,0,25,3.125
1764974446.0517695,0,0,26,3.250
1764974446.0557709,0,0,27,3.375
1764974446.0597703,0,0,26,3.250
1764974446.0637665,0,0,25,3.125
1764974446.0677662,0,0,26,3.250
1764974446.071769,0,0,27,3.375
1764974446.0757682,0,0,26,3.250
1764974446.0797684,0,0,25,3.125
1764974446.0837677,0,0,26,3.250
1764974446.087767,0,0,26,3.250
1764974446.0917702,0,0,27,3.375
1764974446.0957665,0,0,26,3.250
1764974446.0997708,0,0,25,3.125
1764974446.1037672,0,0,26,3.250
1764974446.1077669,0,0,27,3.375
1764974446.1117702,0,0,27,3.375
1764974446.1157653,0,0,26,3.250
1764974446.1197684,0,0,25,3.125
1764974446.1238294,0,0,26,3.250
1764974446.1277788,0,0,26,3.250
1764974446.1317673,0,0,27,3.375
1764974446.1357565,0,0,26,3.250
1764974446.1397612,0,0,25,3.125
1764974446.1437562,0,0,26,3.250
1764974446.1477578,0,0,26,3.250
1764974446.151766,0,0,27,3.375
1764974446.1557574,0,0,26,3.250
1764974446.1597662,0,0,25,3.125
1764974446.1637657,0,0,26,3.250
1764974446.167767,0,0,26,3.250
1764974446.1717708,0,0,27,3.375
1764974446.1757662,0,0,26,3.250
1764974446.1797705,0,0,25,3.125
1764974446.1837652,0,0,26,3.250
1764974446.1877635,0,0,26,3.250
1764974446.191762,0,0,27,3.375
1764974446.1957576,0,0,26,3.250
1764974446.1998065,0,0,25,3.125
1764974446.2037652,0,0,25,3.125
1764974446.2077618,0,0,26,3.250
1764974446.2117665,0,0,27,3.375
1764974446.2157655,0,0,27,3.375
1764974446.2197657,0,0,25,3.125
1764974446.2237647,0,0,25,3.125
1764974446.2277637,0,0,27,3.375
1764974446.2318103,0,0,27,3.375
1764974446.235828,0,0,27,3.375
1764974446.239848,0,0,25,3.125
1764974446.2438464,0,0,26,3.250
1764974446.2478447,0,0,27,3.375
1764974446.2518377,0,0,27,3.375
1764974446.2558293,0,0,27,3.375
1764974446.2598414,0,0,25,3.125
1764974446.2638438,0,0,26,3.250
1764974446.2678432,0,0,26,3.250
1764974446.2718482,0,0,27,3.375
1764974446.275841,0,0,26,3.250
1764974446.2798488,0,0,24,3.000
1764974446.2838435,0,0,26,3.250
1764974446.2878737,0,0,26,3.250
1764974446.2918818,0,0,27,3.375
1764974446.2958515,0,0,27,3.375
1764974446.2998855,0,0,25,3.125
1764974446.3038385,0,0,26,3.250
1764974446.3078804,0,0,26,3.250
1764974446.311847,0,0,27,3.375
1764974446.3158286,0,0,27,3.375
1764974446.319844,0,0,25,3.125
1764974446.3239024,0,0,26,3.250
1764974446.3278487,0,0,27,3.375
1764974446.3319623,0,0,27,3.375
1764974446.3359337,0,0,26,3.250
1764974446.339954,0,0,25,3.125
1764974446.3439193,0,0,26,3.250
1764974446.3479874,0,0,26,3.250
1764974446.3519242,0,0,27,3.375
1764974446.355933,0,0,27,3.375
1764974446.359944,0,0,25,3.125
1764974446.3639045,0,0,26,3.250
1764974446.3679044,0,0,26,3.250
1764974446.371971,0,0,27,3.375
1764974446.375927,0,0,27,3.375
1764974446.3799598,0,0,24,3.000
1764974446.383903,0,0,26,3.250
1764974446.3878987,0,0,26,3.250
1764974446.3919137,0,0,27,3.375
1764974446.3959117,0,0,27,3.375
1764974446.3999279,0,0,25,3.125
1764974446.4038987,0,0,26,3.250
1764974446.407982,0,0,26,3.250
1764974446.4119208,0,0,27,3.375
1764974446.4158993,0,0,27,3.375
1764974446.4199483,0,0,25,3.125
1764974446.4239168,0,0,26,3.250
1764974446.4279203,0,0,26,3.250
1764974446.432075,0,0,27,3.375
1764974446.435894,0,0,27,3.375
1764974446.4399102,0,0,25,3.125
1764974446.443855,0,0,26,3.250
1764974446.4478538,0,0,27,3.375
1764974446.4518769,0,0,27,3.375
1764974446.4558752,0,0,25,3.125
1764974446.4598901,0,0,26,3.250
1764974446.4638562,0,0,26,3.250
1764974446.467859,0,0,27,3.375
1764974446.4718814,0,0,27,3.375
1764974446.4758759,0,0,25,3.125
1764974446.479897,0,0,26,3.250
1764974446.4838576,0,0,26,3.250
1764974446.4878554,0,0,27,3.375
1764974446.4918754,0,0,27,3.375
1764974446.4958754,0,0,25,3.125
1764974446.4998786,0,0,26,3.250
1764974446.5038753,0,0,26,3.250
1764974446.5078745,0,0,27,3.375
1764974446.5118759,0,0,27,3.375
1764974446.5158734,0,0,25,3.125
1764974446.5198982,0,0,25,3.125
1764974446.5239499,0,0,26,3.250
1764974446.5278873,0,0,26,3.250
1764974446.5319118,0,0,27,3.375
1764974446.5358562,0,0,25,3.125
1764974446.5398736,0,0,25,3.125
1764974446.5438738,0,0,26,3.250
1764974446.5478745,0,0,26,3.250
1764974446.5518668,0,0,27,3.375
1764974446.5559685,0,0,26,3.250
1764974446.5599184,0,0,25,3.125
1764974446.5638592,0,0,26,3.250
1764974446.5678585,0,0,26,3.250
1764974446.5718775,0,0,27,3.375
1764974446.5758755,0,0,25,3.125
1764974446.5798643,0,0,25,3.125
1764974446.583857,0,0,25,3.125
1764974446.5878549,0,0,26,3.250
1764974446.5918717,0,0,27,3.375
1764974446.5958679,0,0,25,3.125
1764974446.5998762,0,0,26,3.250
1764974446.6038694,0,0,26,3.250
1764974446.6078682,0,0,26,3.250
1764974446.6118717,0,0,27,3.375
1764974446.6158738,0,0,26,3.250
1764974446.6198738,0,0,25,3.125
1764974446.6238718,0,0,26,3.250
1764974446.6278682,0,0,26,3.250
1764974446.6319108,0,0,27,3.375
1764974446.6358538,0,0,25,3.125
1764974446.6398602,0,0,25,3.125
1764974446.6438596,0,0,26,3.250
1764974446.647857,0,0,26,3.250
1764974446.6518838,0,0,27,3.375
1764974446.6558716,0,0,26,3.250
1764974446.6598735,0,0,25,3.125
1764974446.663871,0,0,26,3.250
1764974446.667883,0,0,27,3.375
1764974446.6718779,0,0,28,3.500
1764974446.675866,0,0,26,3.250
1764974446.6798768,0,0,25,3.125
1764974446.6838646,0,0,26,3.250
1764974446.6878684,0,0,27,3.375
1764974446.6918697,0,0,27,3.375
1764974446.6958654,0,0,26,3.250
1764974446.6998672,0,0,26,3.250
1764974446.7038693,0,0,26,3.250
1764974446.7078698,0,0,26,3.250
1764974446.7118754,0,0,27,3.375
1764974446.715867,0,0,26,3.250
1764974446.7198713,0,0,25,3.125
1764974446.728995,0,0,27,3.375
1764974446.7319274,0,0,27,3.375
1764974446.7358592,0,0,25,3.125
1764974446.7398605,0,0,25,3.125
1764974446.7438567,0,0,26,3.250
1764974446.7478516,0,0,26,3.250
1764974446.7518578,0,0,28,3.500
1764974446.755856,0,0,26,3.250
1764974446.7598562,0,0,25,3.125
1764974446.7638533,0,0,26,3.250
1764974446.7678537,0,0,26,3.250
1764974446.7718585,0,0,27,3.375
1764974446.7758517,0,0,26,3.250
1764974446.7798724,0,0,25,3.125
1764974446.7838712,0,0,26,3.250
1764974446.7878726,0,0,26,3.250
1764974446.7922409,0,0,27,3.375
1764974446.7960665,0,0,27,3.375
1764974446.799886,0,0,25,3.125
1764974446.8038585,0,0,26,3.250
1764974446.8078556,0,0,26,3.250
1764974446.8118665,0,0,27,3.375
1764974446.8158498,0,0,26,3.250
1764974446.8198555,0,0,25,3.125
1764974446.8238502,0,0,26,3.250
1764974446.8278515,0,0,27,3.375
1764974446.8320022,0,0,27,3.375
1764974446.8359783,0,0,25,3.125
1764974446.8399296,0,0,26,3.250
1764974446.8438838,0,0,26,3.250
1764974446.8478718,0,0,27,3.375
1764974446.8518672,0,0,26,3.250
1764974446.8558679,0,0,25,3.125
1764974446.859877,0,0,26,3.250
1764974446.8638692,0,0,26,3.250
1764974446.8678658,0,0,27,3.375
1764974446.8718648,0,0,27,3.375
1764974446.8758533,0,0,25,3.125
1764974446.8798716,0,0,26,3.250
1764974446.8838694,0,0,26,3.250
1764974446.887866,0,0,27,3.375
1764974446.8918648,0,0,27,3.375
1764974446.8958623,0,0,25,3.125
1764974446.899876,0,0,26,3.250
1764974446.9038727,0,0,26,3.250
1764974446.9078815,0,0,27,3.375
1764974446.9118764,0,0,27,3.375
1764974446.915867,0,0,25,3.125
1764974446.9198658,0,0,25,3.125
1764974446.9238713,0,0,26,3.250
1764974446.9279473,0,0,27,3.375
1764974446.9319232,0,0,27,3.375
1764974446.9358532,0,0,25,3.125
1764974446.9398718,0,0,25,3.125
1764974446.943869,0,0,26,3.250
1764974446.9478683,0,0,27,3.375
1764974446.9518669,0,0,27,3.375
1764974446.9558558,0,0,25,3.125
1764974446.9598665,0,0,26,3.250
1764974446.9638653,0,0,26,3.250
1764974446.9678657,0,0,27,3.375
1764974446.971869,0,0,27,3.375
1764974446.9758651,0,0,25,3.125
1764974446.9798656,0,0,26,3.250
1764974446.9838629,0,0,26,3.250
1764974446.9878643,0,0,27,3.375
1764974446.9918687,0,0,27,3.375
1764974446.995866,0,0,26,3.250
1764974446.999868,0,0,26,3.250
1764974447.003866,0,0,26,3.250
1764974447.0078616,0,0,27,3.375
1764974447.011864,0,0,27,3.375
1764974447.0158637,0,0,25,3.125
1764974447.0198689,0,0,26,3.250
1764974447.0238678,0,0,26,3.250
1764974447.0278668,0,0,26,3.250
1764974447.031903,0,0,27,3.375
1764974447.0358653,0,0,25,3.125
1764974447.039865,0,0,26,3.250
1764974447.0438647,0,0,26,3.250
1764974447.047864,0,0,27,3.375
1764974447.0518656,0,0,27,3.375
1764974447.0558631,0,0,25,3.125
1764974447.059866,0,0,26,3.250
1764974447.0638676,0,0,26,3.250
1764974447.0678678,0,0,27,3.375
1764974447.0718672,0,0,27,3.375
1764974447.0758672,0,0,25,3.125
1764974447.0798674,0,0,26,3.250
1764974447.083866,0,0,26,3.250
1764974447.0878665,0,0,27,3.375
1764974447.09187,0,0,27,3.375
1764974447.095868,0,0,25,3.125
1764974447.0999093,0,0,26,3.250
1764974447.1038654,0,0,25,3.125
1764974447.1078653,0,0,27,3.375
1764974447.1118689,0,0,28,3.500
1764974447.115867,0,0,25,3.125
1764974447.119869,0,0,26,3.250
1764974447.1238735,0,0,26,3.250
1764974447.1279757,0,0,26,3.250
1764974447.1319418,0,0,27,3.375
1764974447.1358707,0,0,25,3.125
1764974447.1398637,0,0,26,3.250
1764974447.1439517,0,0,26,3.250
1764974447.1482158,0,0,26,3.250
1764974447.1522748,0,0,28,3.500
1764974447.1562874,0,0,25,3.125
1764974447.1602721,0,0,26,3.250
1764974447.1643002,0,0,26,3.250
1764974447.168401,0,0,26,3.250
1764974447.1722286,0,0,28,3.500
1764974447.1763027,0,0,26,3.250
1764974447.1802857,0,0,26,3.250
1764974447.1842952,0,0,27,3.375
1764974447.1883874,0,0,27,3.375
1764974447.1922662,0,0,26,3.250
1764974447.1962907,0,0,26,3.250
1764974447.200179,0,0,26,3.250
1764974447.2040784,0,0,27,3.375
1764974447.2080736,0,0,27,3.375
1764974447.212043,0,0,25,3.125
1764974447.2160578,0,0,25,3.125
1764974447.2201562,0,0,26,3.250
1764974447.2240565,0,0,26,3.250
1764974447.2280536,0,0,28,3.500
1764974447.2321358,0,0,25,3.125
1764974447.23607,0,0,26,3.250
1764974447.2401166,0,0,26,3.250
1764974447.2439964,0,0,26,3.250
1764974447.2480013,0,0,27,3.375
1764974447.2520063,0,0,26,3.250
1764974447.2559938,0,0,25,3.125
1764974447.25992,0,0,26,3.250
1764974447.2638786,0,0,26,3.250
1764974447.2678456,0,0,28,3.500
1764974447.2718482,0,0,25,3.125
1764974447.275829,0,0,26,3.250
1764974447.2798274,0,0,26,3.250
1764974447.2838163,0,0,27,3.375
1764974447.2878206,0,0,27,3.375
1764974447.2918222,0,0,25,3.125
1764974447.2958167,0,0,26,3.250
1764974447.2998402,0,0,25,3.125
1764974447.303825,0,0,27,3.375
1764974447.3078196,0,0,27,3.375
1764974447.3119516,0,0,26,3.250
1764974447.316039,0,0,26,3.250
1764974447.3200912,0,0,25,3.125
1764974447.324028,0,0,26,3.250
1764974447.328023,0,0,27,3.375
1764974447.3320456,0,0,25,3.125
1764974447.3360395,0,0,25,3.125
1764974447.3400698,0,0,25,3.125
1764974447.344034,0,0,26,3.250
1764974447.3480341,0,0,27,3.375
1764974447.3520613,0,0,26,3.250
1764974447.3560326,0,0,25,3.125
1764974447.3600674,0,0,25,3.125
1764974447.3640146,0,0,26,3.250
1764974447.368054,0,0,27,3.375
1764974447.3720822,0,0,26,3.250
1764974447.3760223,0,0,25,3.125
1764974447.3801415,0,0,26,3.250
1764974447.384223,0,0,27,3.375
1764974447.3882823,0,0,27,3.375
1764974447.3922255,0,0,26,3.250
1764974447.3961396,0,0,25,3.125
1764974447.4000525,0,0,26,3.250
1764974447.4039772,0,0,26,3.250
1764974447.4079409,0,0,26,3.250
1764974447.412026,0,0,26,3.250
1764974447.416027,0,0,25,3.125
1764974447.420051,0,0,25,3.125
1764974447.4241853,0,0,26,3.250
1764974447.428264,0,0,27,3.375
1764974447.432205,0,0,26,3.250
1764974447.4361901,0,0,25,3.125
1764974447.4401648,0,0,26,3.250
1764974447.4443114,0,0,26,3.250
1764974447.4484615,0,0,27,3.375
1764974447.4525342,0,0,26,3.250
1764974447.456494,0,0,25,3.125
1764974447.4600084,0,0,25,3.125
1764974447.464308,0,0,26,3.250
1764974447.4684014,0,0,27,3.375
1764974447.4723406,0,0,26,3.250
1764974447.4763305,0,0,25,3.125
1764974447.4801815,0,0,25,3.125
1764974447.4840736,0,0,26,3.250
1764974447.4884245,0,0,27,3.375
1764974447.4923558,0,0,26,3.250
1764974447.4963458,0,0,25,3.125
1764974447.5003083,0,0,25,3.125
1764974447.5041096,0,0,26,3.250
1764974447.5079112,0,0,27,3.375
1764974447.5118587,0,0,27,3.375
1764974447.5157604,0,0,25,3.125
1764974447.5197504,0,0,26,3.250
1764974447.5237489,0,0,26,3.250
1764974447.5278172,0,0,26,3.250
1764974447.5317683,0,0,26,3.250
1764974447.53575,0,0,25,3.125
1764974447.5397494,0,0,26,3.250
1764974447.5437455,0,0,26,3.250
1764974447.547747,0,0,27,3.375
1764974447.5517511,0,0,27,3.375
1764974447.5557492,0,0,25,3.125
1764974447.5597532,0,0,26,3.250
1764974447.5637481,0,0,26,3.250
1764974447.5677464,0,0,27,3.375
1764974447.5717535,0,0,27,3.375
1764974447.5757518,0,0,25,3.125
1764974447.5797527,0,0,26,3.250
1764974447.5837512,0,0,26,3.250
1764974447.5877497,0,0,27,3.375
1764974447.5917537,0,0,27,3.375
1764974447.5957503,0,0,25,3.125
1764974447.599753,0,0,26,3.250
1764974447.6037512,0,0,27,3.375
1764974447.6077483,0,0,27,3.375
1764974447.611752,0,0,25,3.125
1764974447.6157496,0,0,26,3.250
1764974447.6197546,0,0,25,3.125
1764974447.6237504,0,0,27,3.375
1764974447.6277504,0,0,27,3.375
1764974447.6317492,0,0,25,3.125
1764974447.6357498,0,0,26,3.250
1764974447.639747,0,0,26,3.250
1764974447.64374,0,0,26,3.250
1764974447.6477392,0,0,27,3.375
1764974447.6517496,0,0,25,3.125
1764974447.6557374,0,0,26,3.250
1764974447.659748,0,0,26,3.250
1764974447.663748,0,0,27,3.375
1764974447.6677587,0,0,27,3.375
1764974447.6718535,0,0,24,3.000
1764974447.675768,0,0,25,3.125
1764974447.6798086,0,0,26,3.250
1764974447.683786,0,0,26,3.250
1764974447.687768,0,0,28,3.500
1764974447.691753,0,0,25,3.125
1764974447.6957407,0,0,25,3.125
1764974447.699752,0,0,26,3.250
1764974447.7037485,0,0,26,3.250
1764974447.707749,0,0,27,3.375
1764974447.7117453,0,0,25,3.125
1764974447.715741,0,0,26,3.250
1764974447.7197526,0,0,26,3.250
1764974447.723771,0,0,27,3.375
1764974447.729816,0,0,27,3.375
1764974447.7317975,0,0,25,3.125
1764974447.7357652,0,0,25,3.125
1764974447.7397563,0,0,26,3.250
1764974447.7437403,0,0,27,3.375
1764974447.747737,0,0,27,3.375
1764974447.751752,0,0,25,3.125
1764974447.7557478,0,0,26,3.250
1764974447.759747,0,0,26,3.250
1764974447.7637389,0,0,26,3.250
1764974447.767787,0,0,27,3.375
1764974447.7717686,0,0,25,3.125
1764974447.7757428,0,0,25,3.125
1764974447.7797422,0,0,26,3.250
1764974447.7837458,0,0,27,3.375
1764974447.7877376,0,0,28,3.500
1764974447.7921085,0,0,25,3.125
1764974447.7958472,0,0,26,3.250
1764974447.7998388,0,0,26,3.250
1764974447.8037553,0,0,27,3.375
1764974447.807746,0,0,27,3.375
1764974447.8117535,0,0,25,3.125
1764974447.815746,0,0,26,3.250
1764974447.8197458,0,0,26,3.250
1764974447.8237426,0,0,26,3.250
1764974447.8277438,0,0,27,3.375
1764974447.831751,0,0,26,3.250
1764974447.8357484,0,0,25,3.125
1764974447.8397465,0,0,26,3.250
1764974447.8437371,0,0,26,3.250
1764974447.8477361,0,0,27,3.375
1764974447.8517523,0,0,25,3.125
1764974447.855748,0,0,26,3.250
1764974447.85975,0,0,26,3.250
1764974447.8637435,0,0,26,3.250
1764974447.8677452,0,0,27,3.375
1764974447.8717499,0,0,25,3.125
1764974447.8757443,0,0,26,3.250
1764974447.8797503,0,0,25,3.125
1764974447.8837464,0,0,26,3.250
1764974447.887746,0,0,27,3.375
1764974447.891744,0,0,25,3.125
1764974447.8957362,0,0,26,3.250
1764974447.899748,0,0,26,3.250
1764974447.903746,0,0,26,3.250
1764974447.9077466,0,0,27,3.375
1764974447.911745,0,0,25,3.125
1764974447.9157443,0,0,26,3.250
1764974447.9197485,0,0,26,3.250
1764974447.923747,0,0,26,3.250
1764974447.9278214,0,0,27,3.375
1764974447.931764,0,0,26,3.250
1764974447.9358428,0,0,25,3.125
1764974447.9398263,0,0,26,3.250
1764974447.9438236,0,0,26,3.250
1764974447.947837,0,0,27,3.375
1764974447.9518194,0,0,26,3.250
1764974447.9558113,0,0,25,3.125
1764974447.9598255,0,0,25,3.125
1764974447.9638216,0,0,26,3.250
1764974447.9678235,0,0,27,3.375
1764974447.9718301,0,0,26,3.250
1764974447.9758253,0,0,25,3.125
1764974447.9798272,0,0,26,3.250
1764974447.9838195,0,0,27,3.375
1764974447.9878194,0,0,27,3.375
1764974447.9918275,0,0,26,3.250
1764974447.995824,0,0,26,3.250
1764974447.9998245,0,0,26,3.250
1764974448.0038197,0,0,27,3.375
1764974448.0078268,0,0,25,3.125
1764974448.0118275,0,0,25,3.125
1764974448.0158243,0,0,26,3.250
1764974448.019829,0,0,26,3.250
1764974448.0238278,0,0,27,3.375
1764974448.0278218,0,0,26,3.250
1764974448.0318258,0,0,26,3.250
1764974448.0359554,0,0,26,3.250
1764974448.0399055,0,0,26,3.250
1764974448.0439053,0,0,27,3.375
1764974448.0479028,0,0,26,3.250
1764974448.051904,0,0,26,3.250
1764974448.0558991,0,0,26,3.250
1764974448.0598867,0,0,26,3.250
1764974448.0639021,0,0,27,3.375
1764974448.0678844,0,0,26,3.250
1764974448.0719268,0,0,25,3.125
1764974448.0759015,0,0,25,3.125
1764974448.0799036,0,0,26,3.250
1764974448.0838828,0,0,27,3.375
1764974448.0878842,0,0,26,3.250
1764974448.091906,0,0,25,3.125
1764974448.0959053,0,0,26,3.250
1764974448.0998845,0,0,27,3.375
1764974448.1038806,0,0,27,3.375
1764974448.107885,0,0,27,3.375
1764974448.1119332,0,0,25,3.125
1764974448.1160316,0,0,26,3.250
1764974448.119913,0,0,27,3.375
1764974448.123879,0,0,27,3.375
1764974448.1279593,0,0,27,3.375
1764974448.1319158,0,0,25,3.125
1764974448.1359959,0,0,26,3.250
1764974448.1398768,0,0,26,3.250
1764974448.1438785,0,0,27,3.375
1764974448.1478581,0,0,26,3.250
1764974448.1518526,0,0,25,3.125
1764974448.1558442,0,0,25,3.125
1764974448.1598587,0,0,26,3.250
1764974448.1638582,0,0,26,3.250
1764974448.1678548,0,0,26,3.250
1764974448.1718643,0,0,25,3.125
1764974448.1758375,0,0,26,3.250
1764974448.17986,0,0,26,3.250
1764974448.1838589,0,0,27,3.375
1764974448.187857,0,0,26,3.250
1764974448.1918592,0,0,25,3.125
1764974448.1958525,0,0,26,3.250
1764974448.1998603,0,0,26,3.250
1764974448.2038562,0,0,28,3.500
1764974448.207854,0,0,26,3.250
1764974448.211857,0,0,25,3.125
1764974448.2158532,0,0,26,3.250
1764974448.2198544,0,0,27,3.375
1764974448.2238557,0,0,27,3.375
1764974448.2278557,0,0,26,3.250
1764974448.23186,0,0,25,3.125
1764974448.2358937,0,0,25,3.125
1764974448.2398536,0,0,26,3.250
1764974448.2438524,0,0,27,3.375
1764974448.247855,0,0,26,3.250
1764974448.2518585,0,0,25,3.125
1764974448.2558544,0,0,25,3.125
1764974448.2598543,0,0,26,3.250
1764974448.2638526,0,0,27,3.375
1764974448.2678528,0,0,26,3.250
1764974448.2718558,0,0,25,3.125
1764974448.2758534,0,0,26,3.250
1764974448.2798588,0,0,26,3.250
1764974448.2838366,0,0,27,3.375
1764974448.2878354,0,0,27,3.375
1764974448.291858,0,0,25,3.125
1764974448.2958543,0,0,26,3.250
1764974448.2998528,0,0,26,3.250
1764974448.3038514,0,0,27,3.375
1764974448.3078492,0,0,27,3.375
1764974448.3118508,0,0,25,3.125
1764974448.3158507,0,0,26,3.250
1764974448.319858,0,0,26,3.250
1764974448.3238528,0,0,26,3.250
1764974448.327932,0,0,27,3.375
1764974448.331869,0,0,25,3.125
1764974448.3358886,0,0,26,3.250
1764974448.3398561,0,0,26,3.250
1764974448.343856,0,0,27,3.375
1764974448.3478546,0,0,27,3.375
1764974448.3518405,0,0,25,3.125
1764974448.3558352,0,0,26,3.250
1764974448.3598542,0,0,26,3.250
1764974448.3638566,0,0,27,3.375
1764974448.3678546,0,0,27,3.375
1764974448.3718596,0,0,25,3.125
1764974448.3758516,0,0,25,3.125
1764974448.3798547,0,0,26,3.250
1764974448.3838556,0,0,27,3.375
1764974448.3878553,0,0,27,3.375
1764974448.3918662,0,0,25,3.125
1764974448.3958535,0,0,26,3.250
1764974448.3998525,0,0,26,3.250
1764974448.4038365,0,0,26,3.250
1764974448.4078372,0,0,27,3.375
1764974448.4118578,0,0,25,3.125
1764974448.415858,0,0,26,3.250
1764974448.4198487,0,0,26,3.250
1764974448.423834,0,0,27,3.375
1764974448.427835,0,0,24,3.000
1764974448.4318593,0,0,25,3.125
1764974448.4358578,0,0,26,3.250
1764974448.439861,0,0,26,3.250
1764974448.443852,0,0,27,3.375
1764974448.4478526,0,0,25,3.125
1764974448.451854,0,0,26,3.250
1764974448.4558527,0,0,26,3.250
1764974448.459856,0,0,27,3.375
1764974448.4638515,0,0,27,3.375
1764974448.4678476,0,0,25,3.125
1764974448.4718487,0,0,25,3.125
1764974448.4758492,0,0,26,3.250
1764974448.479858,0,0,26,3.250
1764974448.4838524,0,0,27,3.375
1764974448.4878497,0,0,25,3.125
1764974448.4918542,0,0,26,3.250
1764974448.4958494,0,0,25,3.125
1764974448.4998562,0,0,26,3.250
1764974448.50385,0,0,28,3.500
1764974448.50785,0,0,25,3.125
1764974448.5118525,0,0,25,3.125
1764974448.5158486,0,0,26,3.250
1764974448.519854,0,0,26,3.250
1764974448.5238526,0,0,27,3.375
1764974448.5279324,0,0,25,3.125
1764974448.531873,0,0,25,3.125
1764974448.5358903,0,0,25,3.125
1764974448.539851,0,0,26,3.250
1764974448.5438523,0,0,27,3.375
1764974448.547852,0,0,25,3.125
1764974448.5518389,0,0,25,3.125
1764974448.5558352,0,0,26,3.250
1764974448.5598521,0,0,26,3.250
1764974448.5638494,0,0,27,3.375
1764974448.5678546,0,0,25,3.125
1764974448.571858,0,0,25,3.125
1764974448.5758514,0,0,26,3.250
1764974448.5798523,0,0,27,3.375
1764974448.5838494,0,0,27,3.375
1764974448.58785,0,0,26,3.250
1764974448.5918548,0,0,25,3.125
1764974448.5958526,0,0,26,3.250
1764974448.599854,0,0,26,3.250
1764974448.6038508,0,0,27,3.375
1764974448.6078491,0,0,25,3.125
1764974448.6118526,0,0,25,3.125
1764974448.615852,0,0,25,3.125
1764974448.619861,0,0,27,3.375
1764974448.623858,0,0,27,3.375
1764974448.6278486,0,0,25,3.125
1764974448.6318367,0,0,25,3.125
1764974448.6358712,0,0,26,3.250
1764974448.6398416,0,0,26,3.250
1764974448.6438375,0,0,27,3.375
1764974448.647836,0,0,26,3.250
1764974448.651853,0,0,25,3.125
1764974448.6558487,0,0,26,3.250
1764974448.6598525,0,0,26,3.250
1764974448.6638486,0,0,27,3.375
1764974448.66785,0,0,26,3.250
1764974448.6718378,0,0,25,3.125
1764974448.6758296,0,0,26,3.250
1764974448.6798468,0,0,26,3.250
1764974448.6838515,0,0,27,3.375
1764974448.6878498,0,0,26,3.250
1764974448.6918538,0,0,25,3.125
1764974448.6958468,0,0,26,3.250
1764974448.6998513,0,0,26,3.250
1764974448.7038443,0,0,27,3.375
1764974448.7078474,0,0,26,3.250
1764974448.7118518,0,0,25,3.125
1764974448.7158499,0,0,26,3.250
1764974448.719848,0,0,26,3.250
1764974448.7238464,0,0,27,3.375
1764974448.732785,0,0,26,3.250
1764974448.73592,0,0,26,3.250
1764974448.7398555,0,0,26,3.250
1764974448.7438338,0,0,27,3.375
1764974448.747831,0,0,26,3.250
1764974448.751853,0,0,25,3.125
1764974448.7558508,0,0,25,3.125
1764974448.7598479,0,0,26,3.250
1764974448.7638328,0,0,27,3.375
1764974448.7678313,0,0,26,3.250
1764974448.7718592,0,0,25,3.125
1764974448.7758515,0,0,26,3.250
1764974448.7798548,0,0,26,3.250
1764974448.783852,0,0,27,3.375
1764974448.7878504,0,0,26,3.250
1764974448.7922115,0,0,25,3.125
1764974448.7960422,0,0,26,3.250
1764974448.7998939,0,0,26,3.250
1764974448.803864,0,0,27,3.375
1764974448.807851,0,0,26,3.250
1764974448.8118558,0,0,25,3.125
1764974448.8158455,0,0,26,3.250
1764974448.8198476,0,0,27,3.375
1764974448.8238485,0,0,28,3.500
1764974448.827846,0,0,27,3.375
1764974448.8318505,0,0,25,3.125
1764974448.835887,0,0,26,3.250
1764974448.839851,0,0,26,3.250
1764974448.8438458,0,0,26,3.250
1764974448.847846,0,0,25,3.125
1764974448.8518546,0,0,26,3.250
1764974448.8558643,0,0,27,3.375
1764974448.8598495,0,0,27,3.375
1764974448.863841,0,0,26,3.250
1764974448.8678436,0,0,25,3.125
1764974448.8718476,0,0,26,3.250
1764974448.8758438,0,0,26,3.250
1764974448.879848,0,0,27,3.375
1764974448.8838418,0,0,27,3.375
1764974448.8878427,0,0,26,3.250
1764974448.89185,0,0,26,3.250
1764974448.8958447,0,0,26,3.250
1764974448.8998485,0,0,26,3.250
1764974448.9038455,0,0,27,3.375
1764974448.907844,0,0,25,3.125
1764974448.9118445,0,0,26,3.250
1764974448.915846,0,0,26,3.250
1764974448.919852,0,0,27,3.375
1764974448.9238482,0,0,27,3.375
1764974448.9278464,0,0,25,3.125
1764974448.9319396,0,0,26,3.250
1764974448.9359043,0,0,26,3.250
1764974448.939849,0,0,27,3.375
1764974448.9438326,0,0,27,3.375
1764974448.9478269,0,0,25,3.125
1764974448.9518454,0,0,26,3.250
1764974448.9558418,0,0,26,3.250
1764974448.95984,0,0,27,3.375
1764974448.963829,0,0,27,3.375
1764974448.9678304,0,0,25,3.125
1764974448.971851,0,0,26,3.250
1764974448.9758427,0,0,25,3.125
1764974448.9798567,0,0,27,3.375
1764974448.9838426,0,0,27,3.375
1764974448.9878545,0,0,25,3.125
1764974448.9918578,0,0,25,3.125
1764974448.9958446,0,0,26,3.250
1764974448.9998388,0,0,26,3.250
1764974449.0038397,0,0,27,3.375
1764974449.0078297,0,0,25,3.125
1764974449.011854,0,0,26,3.250
1764974449.015848,0,0,26,3.250
1764974449.0198436,0,0,26,3.250
1764974449.0238295,0,0,27,3.375
1764974449.0278318,0,0,25,3.125
1764974449.0318463,0,0,25,3.125
1764974449.0358922,0,0,25,3.125
1764974449.039848,0,0,26,3.250
1764974449.0438397,0,0,27,3.375
1764974449.047837,0,0,25,3.125
1764974449.0518475,0,0,25,3.125
1764974449.0558453,0,0,26,3.250
1764974449.0598485,0,0,27,3.375
1764974449.0638373,0,0,27,3.375
1764974449.0678368,0,0,25,3.125
1764974449.0718403,0,0,26,3.250
1764974449.0758436,0,0,26,3.250
1764974449.079845,0,0,26,3.250
1764974449.0838392,0,0,27,3.375
1764974449.0878372,0,0,26,3.250
1764974449.0918415,0,0,26,3.250
1764974449.09584,0,0,26,3.250
1764974449.0998425,0,0,27,3.375
1764974449.10384,0,0,27,3.375
1764974449.1078422,0,0,25,3.125
1764974449.1118417,0,0,26,3.250
1764974449.1158392,0,0,26,3.250
1764974449.1198468,0,0,26,3.250
1764974449.1238418,0,0,27,3.375
1764974449.127839,0,0,25,3.125
1764974449.1319203,0,0,25,3.125
1764974449.1358714,0,0,26,3.250
1764974449.139842,0,0,27,3.375
1764974449.1438296,0,0,28,3.500
1764974449.1478264,0,0,25,3.125
1764974449.1518521,0,0,25,3.125
1764974449.1558435,0,0,26,3.250
1764974449.1598392,0,0,26,3.250
1764974449.1638236,0,0,27,3.375
1764974449.167829,0,0,25,3.125
1764974449.1718564,0,0,26,3.250
1764974449.175848,0,0,26,3.250
1764974449.1798446,0,0,26,3.250
1764974449.1838386,0,0,27,3.375
1764974449.1878386,0,0,26,3.250
1764974449.1918433,0,0,25,3.125
1764974449.1958447,0,0,26,3.250
1764974449.1998434,0,0,26,3.250
1764974449.2038379,0,0,27,3.375
1764974449.2078383,0,0,26,3.250
1764974449.2118485,0,0,25,3.125
1764974449.215844,0,0,25,3.125
1764974449.2198477,0,0,26,3.250
1764974449.223845,0,0,27,3.375
1764974449.2278364,0,0,25,3.125
1764974449.2318282,0,0,25,3.125
1764974449.235864,0,0,25,3.125
1764974449.2398403,0,0,26,3.250
1764974449.2438405,0,0,27,3.375
1764974449.247838,0,0,26,3.250
1764974449.2518294,0,0,26,3.250
1764974449.2558267,0,0,26,3.250
1764974449.2598403,0,0,27,3.375
1764974449.2638385,0,0,26,3.250
1764974449.2678375,0,0,25,3.125
1764974449.2718384,0,0,26,3.250
1764974449.2758372,0,0,26,3.250
1764974449.279842,0,0,27,3.375
1764974449.2838383,0,0,25,3.125
1764974449.287837,0,0,25,3.125
1764974449.2918386,0,0,26,3.250
1764974449.295839,0,0,27,3.375
1764974449.2998388,0,0,27,3.375
1764974449.303838,0,0,26,3.250
1764974449.3078344,0,0,26,3.250
1764974449.3118267,0,0,26,3.250
1764974449.3158236,0,0,27,3.375
1764974449.319825,0,0,27,3.375
1764974449.3238213,0,0,26,3.250
1764974449.3278248,0,0,26,3.250
1764974449.3319314,0,0,26,3.250
1764974449.335896,0,0,27,3.375
1764974449.33984,0,0,27,3.375
1764974449.3438246,0,0,26,3.250
1764974449.3478281,0,0,25,3.125
1764974449.3518467,0,0,26,3.250
1764974449.3558414,0,0,26,3.250
1764974449.359836,0,0,27,3.375
1764974449.363823,0,0,26,3.250
1764974449.367822,0,0,25,3.125
1764974449.3718455,0,0,26,3.250
1764974449.3758419,0,0,26,3.250
1764974449.379845,0,0,27,3.375
1764974449.3838348,0,0,26,3.250
1764974449.387847,0,0,25,3.125
1764974449.3918278,0,0,26,3.250
1764974449.3958368,0,0,26,3.250
1764974449.3998525,0,0,27,3.375
1764974449.4038405,0,0,27,3.375
1764974449.4078343,0,0,25,3.125
1764974449.4118383,0,0,26,3.250
1764974449.4158278,0,0,26,3.250
1764974449.4198356,0,0,27,3.375
1764974449.4238377,0,0,26,3.250
1764974449.4278386,0,0,25,3.125
1764974449.4318259,0,0,26,3.250
1764974449.435852,0,0,26,3.250
1764974449.4398453,0,0,27,3.375
1764974449.4438372,0,0,27,3.375
1764974449.447835,0,0,25,3.125
1764974449.4518495,0,0,26,3.250
1764974449.4558346,0,0,26,3.250
1764974449.4598339,0,0,27,3.375
1764974449.463833,0,0,27,3.375
1764974449.467834,0,0,25,3.125
1764974449.4718387,0,0,26,3.250
1764974449.4758346,0,0,26,3.250
1764974449.4798372,0,0,27,3.375
1764974449.483836,0,0,26,3.250
1764974449.4878345,0,0,25,3.125
1764974449.4918382,0,0,25,3.125
1764974449.4958377,0,0,26,3.250
1764974449.4998338,0,0,27,3.375
1764974449.5038314,0,0,27,3.375
1764974449.507833,0,0,25,3.125
1764974449.511837,0,0,26,3.250
1764974449.5158396,0,0,26,3.250
1764974449.5198367,0,0,26,3.250
1764974449.52383,0,0,26,3.250
1764974449.5278316,0,0,25,3.125
1764974449.531929,0,0,25,3.125
1764974449.5358727,0,0,26,3.250
1764974449.5398347,0,0,27,3.375
1764974449.5438237,0,0,27,3.375
1764974449.5478215,0,0,25,3.125
1764974449.5518417,0,0,26,3.250
1764974449.5558372,0,0,26,3.250
1764974449.559834,0,0,27,3.375
1764974449.5638208,0,0,27,3.375
1764974449.567818,0,0,25,3.125
1764974449.5718436,0,0,26,3.250
1764974449.5758424,0,0,26,3.250
1764974449.5798385,0,0,27,3.375
1764974449.5838363,0,0,27,3.375
1764974449.5878356,0,0,25,3.125
1764974449.5918393,0,0,25,3.125
1764974449.5958467,0,0,26,3.250
1764974449.5998373,0,0,27,3.375
1764974449.6038218,0,0,27,3.375
1764974449.6078227,0,0,25,3.125
1764974449.6118448,0,0,25,3.125
1764974449.6158366,0,0,26,3.250
1764974449.6198287,0,0,26,3.250
1764974449.6238227,0,0,27,3.375
1764974449.627835,0,0,25,3.125
1764974449.631842,0,0,26,3.250
1764974449.6358697,0,0,26,3.250
1764974449.6398306,0,0,26,3.250
1764974449.6438208,0,0,28,3.500
1764974449.6478205,0,0,25,3.125
1764974449.6518362,0,0,25,3.125
1764974449.6558344,0,0,26,3.250
1764974449.659836,0,0,27,3.375
1764974449.6638308,0,0,27,3.375
1764974449.6678326,0,0,25,3.125
1764974449.671838,0,0,25,3.125
1764974449.6758535,0,0,26,3.250
1764974449.6798348,0,0,27,3.375
1764974449.6838272,0,0,27,3.375
1764974449.6878288,0,0,25,3.125
1764974449.6918287,0,0,26,3.250
1764974449.6958196,0,0,27,3.375
1764974449.6998322,0,0,27,3.375
1764974449.7038293,0,0,25,3.125
1764974449.707828,0,0,26,3.250
1764974449.7118337,0,0,26,3.250
1764974449.715837,0,0,27,3.375
1764974449.7198324,0,0,27,3.375
1764974449.7238204,0,0,25,3.125
1764974449.7278163,0,0,26,3.250
1764974449.7367868,0,0,27,3.375
1764974449.739875,0,0,27,3.375
1764974449.7438433,0,0,25,3.125
1764974449.74784,0,0,26,3.250
1764974449.7518284,0,0,26,3.250
1764974449.7558196,0,0,26,3.250
1764974449.759836,0,0,27,3.375
1764974449.7638423,0,0,25,3.125
1764974449.7678401,0,0,25,3.125
1764974449.771829,0,0,26,3.250
1764974449.775821,0,0,26,3.250
1764974449.7798371,0,0,27,3.375
1764974449.7838395,0,0,25,3.125
1764974449.7878404,0,0,25,3.125
1764974449.7921824,0,0,25,3.125
1764974449.7960343,0,0,27,3.375
1764974449.799859,0,0,27,3.375
1764974449.803836,0,0,25,3.125
1764974449.8078368,0,0,26,3.250
1764974449.8118472,0,0,26,3.250
1764974449.8158374,0,0,26,3.250
1764974449.819834,0,0,27,3.375
1764974449.8238306,0,0,26,3.250
1764974449.8278344,0,0,26,3.250
1764974449.8318398,0,0,25,3.125
1764974449.8358743,0,0,26,3.250
1764974449.839839,0,0,27,3.375
1764974449.843834,0,0,25,3.125
1764974449.8478346,0,0,25,3.125
1764974449.8518424,0,0,26,3.250
1764974449.8558366,0,0,26,3.250
1764974449.8598413,0,0,27,3.375
1764974449.863833,0,0,25,3.125
1764974449.8678284,0,0,25,3.125
1764974449.8718307,0,0,26,3.250
1764974449.8758316,0,0,26,3.250
1764974449.8798373,0,0,27,3.375
1764974449.8838317,0,0,26,3.250
1764974449.8878293,0,0,26,3.250
1764974449.8918355,0,0,26,3.250
1764974449.895834,0,0,26,3.250
1764974449.8998322,0,0,27,3.375
1764974449.903838,0,0,26,3.250
1764974449.9078362,0,0,26,3.250
1764974449.9118419,0,0,26,3.250
1764974449.9158337,0,0,27,3.375
1764974449.9198375,0,0,27,3.375
1764974449.9238348,0,0,25,3.125
1764974449.9278364,0,0,25,3.125
1764974449.9318345,0,0,26,3.250
1764974449.9359457,0,0,26,3.250
1764974449.939847,0,0,27,3.375
1764974449.943822,0,0,26,3.250
1764974449.947833,0,0,25,3.125
1764974449.9518478,0,0,26,3.250
1764974449.9558346,0,0,26,3.250
1764974449.959831,0,0,27,3.375
1764974449.9638174,0,0,26,3.250
1764974449.9678173,0,0,26,3.250
1764974449.9718459,0,0,26,3.250
1764974449.9758372,0,0,27,3.375
1764974449.9798367,0,0,28,3.500
1764974449.9838321,0,0,26,3.250
1764974449.9878347,0,0,25,3.125
1764974449.9918382,0,0,25,3.125
1764974449.9958367,0,0,26,3.250
1764974449.9998384,0,0,27,3.375
1764974450.0038335,0,0,26,3.250
1764974450.0078335,0,0,25,3.125
1764974450.011834,0,0,25,3.125
1764974450.0158339,0,0,26,3.250
1764974450.0198426,0,0,27,3.375
1764974450.0238326,0,0,26,3.250
1764974450.0278323,0,0,25,3.125
1764974450.031839,0,0,25,3.125
1764974450.035869,0,0,26,3.250
1764974450.0398393,0,0,27,3.375
1764974450.0438378,0,0,26,3.250
1764974450.0478346,0,0,25,3.125
1764974450.0518386,0,0,26,3.250
1764974450.0558374,0,0,26,3.250
1764974450.0598373,0,0,27,3.375
1764974450.063835,0,0,26,3.250
1764974450.0678332,0,0,25,3.125
1764974450.0718255,0,0,25,3.125
1764974450.0758152,0,0,26,3.250
1764974450.0798352,0,0,26,3.250
1764974450.0838373,0,0,26,3.250
1764974450.0878358,0,0,25,3.125
1764974450.091824,0,0,26,3.250
1764974450.0958157,0,0,26,3.250
1764974450.0998352,0,0,27,3.375
1764974450.1038387,0,0,27,3.375
1764974450.1078362,0,0,25,3.125
1764974450.1118295,0,0,25,3.125
1764974450.1158178,0,0,26,3.250
1764974450.1198325,0,0,27,3.375
1764974450.1238322,0,0,27,3.375
1764974450.1278334,0,0,25,3.125
1764974450.131839,0,0,26,3.250
1764974450.1359365,0,0,27,3.375
1764974450.1398418,0,0,27,3.375
1764974450.1438153,0,0,26,3.250
1764974450.1478217,0,0,25,3.125
1764974450.151839,0,0,26,3.250
1764974450.155836,0,0,27,3.375
1764974450.1598287,0,0,26,3.250
1764974450.1638174,0,0,26,3.250
1764974450.1678133,0,0,26,3.250
1764974450.171844,0,0,26,3.250
1764974450.175842,0,0,27,3.375
1764974450.1798406,0,0,26,3.250
1764974450.1838295,0,0,25,3.125
1764974450.1878328,0,0,26,3.250
1764974450.191836,0,0,26,3.250
1764974450.1958325,0,0,27,3.375
1764974450.199838,0,0,27,3.375
1764974450.2038336,0,0,25,3.125
1764974450.2078316,0,0,25,3.125
1764974450.2118373,0,0,26,3.250
1764974450.2158322,0,0,26,3.250
1764974450.2198396,0,0,27,3.375
1764974450.223833,0,0,25,3.125
1764974450.2278297,0,0,26,3.250
1764974450.231835,0,0,26,3.250
1764974450.235831,0,0,26,3.250
1764974450.2398717,0,0,27,3.375
1764974450.2438338,0,0,25,3.125
1764974450.2478309,0,0,26,3.250
1764974450.2518344,0,0,26,3.250
1764974450.2558298,0,0,27,3.375
1764974450.2598386,0,0,27,3.375
1764974450.263834,0,0,25,3.125
1764974450.267833,0,0,26,3.250
1764974450.271836,0,0,26,3.250
1764974450.275831,0,0,27,3.375
1764974450.279834,0,0,27,3.375
1764974450.2838283,0,0,25,3.125
1764974450.2878318,0,0,26,3.250
1764974450.2918346,0,0,27,3.375
1764974450.2958288,0,0,27,3.375
1764974450.2998238,0,0,27,3.375
1764974450.3038132,0,0,25,3.125
1764974450.3078148,0,0,26,3.250
1764974450.311834,0,0,26,3.250
1764974450.3158329,0,0,27,3.375
1764974450.3198369,0,0,27,3.375
1764974450.3238513,0,0,25,3.125
1764974450.3278363,0,0,26,3.250
1764974450.3318346,0,0,26,3.250
1764974450.3359,0,0,27,3.375
1764974450.3398795,0,0,27,3.375
1764974450.3438172,0,0,25,3.125
1764974450.3478155,0,0,26,3.250
1764974450.3518312,0,0,26,3.250
1764974450.3558328,0,0,26,3.250
1764974450.359828,0,0,27,3.375
1764974450.3638134,0,0,25,3.125
1764974450.3678117,0,0,26,3.250
1764974450.3718367,0,0,26,3.250
1764974450.3758337,0,0,26,3.250
1764974450.3798356,0,0,27,3.375
1764974450.38383,0,0,25,3.125
1764974450.3878262,0,0,26,3.250
1764974450.3918211,0,0,26,3.250
1764974450.3958154,0,0,26,3.250
1764974450.3998294,0,0,28,3.500
1764974450.4038286,0,0,25,3.125
1764974450.4078236,0,0,26,3.250
1764974450.4118311,0,0,26,3.250
1764974450.4158254,0,0,27,3.375
1764974450.4198332,0,0,27,3.375
1764974450.42383,0,0,26,3.250
1764974450.427833,0,0,25,3.125
1764974450.4318342,0,0,26,3.250
1764974450.4358268,0,0,26,3.250
1764974450.439844,0,0,28,3.500
1764974450.4438307,0,0,25,3.125
1764974450.447828,0,0,26,3.250
1764974450.451831,0,0,26,3.250
1764974450.4558237,0,0,27,3.375
1764974450.4598298,0,0,27,3.375
1764974450.4638283,0,0,25,3.125
1764974450.46783,0,0,26,3.250
1764974450.4718363,0,0,26,3.250
1764974450.4758282,0,0,26,3.250
1764974450.4798315,0,0,27,3.375
1764974450.4838288,0,0,25,3.125
1764974450.4878263,0,0,26,3.250
1764974450.4918342,0,0,26,3.250
1764974450.4958274,0,0,26,3.250
1764974450.4998314,0,0,27,3.375
1764974450.5038257,0,0,25,3.125
1764974450.5078237,0,0,26,3.250
1764974450.5118318,0,0,26,3.250
1764974450.5158267,0,0,26,3.250
1764974450.5198317,0,0,27,3.375
1764974450.523825,0,0,25,3.125
1764974450.5278246,0,0,25,3.125
1764974450.5318344,0,0,26,3.250
1764974450.5358999,0,0,27,3.375
1764974450.5398698,0,0,28,3.500
1764974450.5438132,0,0,25,3.125
1764974450.5478113,0,0,26,3.250
1764974450.5518336,0,0,26,3.250
1764974450.555826,0,0,27,3.375
1764974450.5598247,0,0,27,3.375
1764974450.5638123,0,0,26,3.250
1764974450.5678093,0,0,25,3.125
1764974450.571833,0,0,26,3.250
1764974450.5758295,0,0,26,3.250
1764974450.5798337,0,0,26,3.250
1764974450.5838313,0,0,25,3.125
1764974450.5878284,0,0,25,3.125
1764974450.5918324,0,0,26,3.250
1764974450.5958252,0,0,28,3.500
1764974450.599831,0,0,26,3.250
1764974450.6038287,0,0,25,3.125
1764974450.6078284,0,0,25,3.125
1764974450.6118298,0,0,27,3.375
1764974450.6158242,0,0,28,3.500
1764974450.6198301,0,0,25,3.125
1764974450.6238286,0,0,26,3.250
1764974450.6278272,0,0,26,3.250
1764974450.6318338,0,0,26,3.250
1764974450.635826,0,0,26,3.250
1764974450.6398315,0,0,26,3.250
1764974450.6438088,0,0,25,3.125
1764974450.6478126,0,0,26,3.250
1764974450.6518302,0,0,27,3.375
1764974450.655827,0,0,27,3.375
1764974450.6598222,0,0,26,3.250
1764974450.6638086,0,0,25,3.125
1764974450.6678126,0,0,26,3.250
1764974450.6718333,0,0,27,3.375
1764974450.675831,0,0,27,3.375
1764974450.679825,0,0,26,3.250
1764974450.6838074,0,0,25,3.125
1764974450.687807,0,0,25,3.125
1764974450.691831,0,0,26,3.250
1764974450.6958308,0,0,27,3.375
1764974450.6998272,0,0,26,3.250
1764974450.7038095,0,0,25,3.125
1764974450.7078078,0,0,25,3.125
1764974450.7118084,0,0,26,3.250
1764974450.7158103,0,0,27,3.375
1764974450.719823,0,0,26,3.250
1764974450.723827,0,0,25,3.125
1764974450.727823,0,0,26,3.250
1764974450.7318316,0,0,26,3.250
1764974450.740822,0,0,26,3.250
1764974450.7438586,0,0,25,3.125
1764974450.7478278,0,0,26,3.250
1764974450.7518158,0,0,26,3.250
1764974450.7558577,0,0,27,3.375
1764974450.7598257,0,0,26,3.250
1764974450.7638125,0,0,25,3.125
1764974450.7678082,0,0,25,3.125
1764974450.771814,0,0,26,3.250
1764974450.7758086,0,0,27,3.375
1764974450.7798274,0,0,27,3.375
1764974450.783829,0,0,25,3.125
1764974450.7878275,0,0,25,3.125
1764974450.7921758,0,0,26,3.250
1764974450.7960374,0,0,27,3.375
1764974450.7998514,0,0,27,3.375
1764974450.8038275,0,0,25,3.125
1764974450.8078277,0,0,26,3.250
1764974450.811832,0,0,26,3.250
1764974450.8158207,0,0,27,3.375
1764974450.8198254,0,0,27,3.375
1764974450.8238213,0,0,25,3.125
1764974450.8278236,0,0,25,3.125
1764974450.831831,0,0,26,3.250
1764974450.835848,0,0,26,3.250
1764974450.8398595,0,0,27,3.375
1764974450.8438091,0,0,25,3.125
1764974450.8478086,0,0,26,3.250
1764974450.8518343,0,0,26,3.250
1764974450.8559227,0,0,27,3.375
1764974450.8600063,0,0,27,3.375
1764974450.863826,0,0,26,3.250
1764974450.8678086,0,0,26,3.250
1764974450.8718324,0,0,27,3.375
1764974450.8758264,0,0,27,3.375
1764974450.879824,0,0,27,3.375
1764974450.8838053,0,0,25,3.125
1764974450.8878043,0,0,26,3.250
1764974450.8918436,0,0,26,3.250
1764974450.895825,0,0,26,3.250
1764974450.8998272,0,0,27,3.375
1764974450.903827,0,0,25,3.125
1764974450.9078257,0,0,26,3.250
1764974450.91183,0,0,26,3.250
1764974450.9158232,0,0,27,3.375
1764974450.9198282,0,0,27,3.375
1764974450.9238245,0,0,25,3.125
1764974450.927825,0,0,26,3.250
1764974450.9318318,0,0,26,3.250
1764974450.935822,0,0,26,3.250
1764974450.939951,0,0,27,3.375
1764974450.943841,0,0,25,3.125
1764974450.9478266,0,0,25,3.125
1764974450.9518185,0,0,26,3.250
1764974450.9558077,0,0,26,3.250
1764974450.9598293,0,0,27,3.375
1764974450.9638274,0,0,25,3.125
1764974450.9678266,0,0,26,3.250
1764974450.9718235,0,0,26,3.250
1764974450.9758065,0,0,26,3.250
1764974450.979824,0,0,26,3.250
1764974450.9838219,0,0,25,3.125
1764974450.9878228,0,0,25,3.125
1764974450.9918282,0,0,26,3.250
1764974450.9958224,0,0,26,3.250
1764974450.9998264,0,0,27,3.375
1764974451.003823,0,0,25,3.125
1764974451.0078244,0,0,26,3.250
1764974451.0118573,0,0,26,3.250
1764974451.0158389,0,0,26,3.250
1764974451.0198224,0,0,28,3.500
1764974451.023806,0,0,25,3.125
1764974451.0278046,0,0,26,3.250
1764974451.03183,0,0,27,3.375
1764974451.035825,0,0,27,3.375
1764974451.039849,0,0,25,3.125
1764974451.0438075,0,0,26,3.250
1764974451.0478063,0,0,25,3.125
1764974451.0518277,0,0,26,3.250
1764974451.055826,0,0,27,3.375
1764974451.0598314,0,0,25,3.125
1764974451.063825,0,0,26,3.250
1764974451.067824,0,0,26,3.250
1764974451.0718303,0,0,27,3.375
1764974451.0758257,0,0,27,3.375
1764974451.0798268,0,0,25,3.125
1764974451.0838253,0,0,26,3.250
1764974451.0878258,0,0,26,3.250
1764974451.0918312,0,0,27,3.375
1764974451.0958235,0,0,27,3.375
1764974451.099828,0,0,25,3.125
1764974451.103827,0,0,26,3.250
1764974451.1078248,0,0,25,3.125
1764974451.1118262,0,0,27,3.375
1764974451.1158195,0,0,27,3.375
1764974451.1198225,0,0,25,3.125
1764974451.1238236,0,0,26,3.250
1764974451.1278207,0,0,26,3.250
1764974451.1318321,0,0,26,3.250
1764974451.135825,0,0,27,3.375
1764974451.1399093,0,0,25,3.125
1764974451.143824,0,0,26,3.250
1764974451.1478102,0,0,26,3.250
1764974451.1518195,0,0,26,3.250
1764974451.1558063,0,0,27,3.375
1764974451.15982,0,0,26,3.250
1764974451.163822,0,0,25,3.125
1764974451.1678264,0,0,25,3.125
1764974451.17182,0,0,27,3.375
1764974451.1758287,0,0,27,3.375
1764974451.1798244,0,0,25,3.125
1764974451.1838212,0,0,25,3.125
1764974451.1878223,0,0,26,3.250
1764974451.1918263,0,0,26,3.250
1764974451.1958218,0,0,27,3.375
1764974451.1998408,0,0,25,3.125
1764974451.2038286,0,0,25,3.125
1764974451.2078235,0,0,25,3.125
1764974451.2118158,0,0,26,3.250
1764974451.2158062,0,0,28,3.500
1764974451.2198222,0,0,26,3.250
1764974451.2238214,0,0,25,3.125
1764974451.2278178,0,0,26,3.250
1764974451.2318134,0,0,26,3.250
1764974451.235805,0,0,27,3.375
1764974451.239867,0,0,26,3.250
1764974451.2438247,0,0,26,3.250
1764974451.2478194,0,0,26,3.250
1764974451.2518277,0,0,26,3.250
1764974451.2558262,0,0,28,3.500
1764974451.2598307,0,0,25,3.125
1764974451.2638242,0,0,26,3.250
1764974451.2678227,0,0,26,3.250
1764974451.2718272,0,0,27,3.375
1764974451.2758205,0,0,28,3.500
1764974451.2798176,0,0,25,3.125
1764974451.28382,0,0,25,3.125
1764974451.2878213,0,0,26,3.250
1764974451.2918236,0,0,26,3.250
1764974451.2958195,0,0,27,3.375
1764974451.2998228,0,0,25,3.125
1764974451.303821,0,0,25,3.125
1764974451.3078215,0,0,26,3.250
1764974451.3118274,0,0,26,3.250
1764974451.315816,0,0,27,3.375
1764974451.3198304,0,0,26,3.250
1764974451.3238215,0,0,25,3.125
1764974451.327821,0,0,26,3.250
1764974451.3318243,0,0,26,3.250
1764974451.3358252,0,0,27,3.375
1764974451.3399143,0,0,26,3.250
1764974451.3438327,0,0,26,3.250
1764974451.3478212,0,0,26,3.250
1764974451.351814,0,0,26,3.250
1764974451.3558047,0,0,27,3.375
1764974451.3598185,0,0,26,3.250
1764974451.363817,0,0,25,3.125
1764974451.3678203,0,0,25,3.125
1764974451.3718176,0,0,26,3.250
1764974451.3758035,0,0,27,3.375
1764974451.3798208,0,0,26,3.250
1764974451.3838313,0,0,25,3.125
1764974451.3878183,0,0,26,3.250
1764974451.3918111,0,0,26,3.250
1764974451.3958044,0,0,27,3.375
1764974451.3998146,0,0,26,3.250
1764974451.4038131,0,0,25,3.125
1764974451.4078019,0,0,26,3.250
1764974451.4118035,0,0,26,3.250
1764974451.415801,0,0,26,3.250
1764974451.4198174,0,0,26,3.250
1764974451.42382,0,0,25,3.125
1764974451.4278166,0,0,25,3.125
1764974451.4318047,0,0,26,3.250
1764974451.435801,0,0,26,3.250
1764974451.4398642,0,0,27,3.375
1764974451.4438224,0,0,25,3.125
1764974451.4478188,0,0,26,3.250
1764974451.4518254,0,0,26,3.250
1764974451.4558167,0,0,27,3.375
1764974451.4598227,0,0,27,3.375
1764974451.4638202,0,0,25,3.125
1764974451.4678204,0,0,25,3.125
1764974451.4718187,0,0,26,3.250
1764974451.4758139,0,0,27,3.375
1764974451.4798203,0,0,26,3.250
1764974451.4838176,0,0,25,3.125
1764974451.4878156,0,0,26,3.250
1764974451.4918253,0,0,26,3.250
1764974451.4958146,0,0,26,3.250
1764974451.4998195,0,0,25,3.125
1764974451.503818,0,0,26,3.250
1764974451.5078194,0,0,26,3.250
1764974451.5118198,0,0,27,3.375
1764974451.5158165,0,0,27,3.375
1764974451.519823,0,0,25,3.125
1764974451.5238163,0,0,26,3.250
1764974451.5278175,0,0,26,3.250
1764974451.531822,0,0,27,3.375
1764974451.5358198,0,0,27,3.375
1764974451.539933,0,0,25,3.125
1764974451.5438294,0,0,25,3.125
1764974451.547817,0,0,26,3.250
1764974451.55181,0,0,27,3.375
1764974451.5558007,0,0,27,3.375
1764974451.55982,0,0,25,3.125
1764974451.5638177,0,0,26,3.250
1764974451.5678167,0,0,26,3.250
1764974451.5718133,0,0,27,3.375
1764974451.575803,0,0,27,3.375
1764974451.5798218,0,0,25,3.125
1764974451.5838192,0,0,26,3.250
1764974451.587814,0,0,26,3.250
1764974451.5918138,0,0,27,3.375
1764974451.5958142,0,0,27,3.375
1764974451.5998187,0,0,25,3.125
1764974451.6038215,0,0,25,3.125
1764974451.6078157,0,0,26,3.250
1764974451.611811,0,0,27,3.375
1764974451.6157975,0,0,28,3.500
1764974451.6198175,0,0,25,3.125
1764974451.6238194,0,0,26,3.250
1764974451.627813,0,0,26,3.250
1764974451.6318045,0,0,27,3.375
1764974451.6357968,0,0,27,3.375
1764974451.6398418,0,0,25,3.125
1764974451.6438038,0,0,25,3.125
1764974451.6477997,0,0,26,3.250
1764974451.6518185,0,0,27,3.375
1764974451.6558154,0,0,28,3.500
1764974451.6598134,0,0,25,3.125
1764974451.6638167,0,0,26,3.250
1764974451.6678147,0,0,26,3.250
1764974451.6718185,0,0,26,3.250
1764974451.6758177,0,0,27,3.375
1764974451.6798203,0,0,25,3.125
1764974451.6838152,0,0,25,3.125
1764974451.6878161,0,0,26,3.250
1764974451.6918242,0,0,27,3.375
1764974451.6958141,0,0,27,3.375
1764974451.6998186,0,0,25,3.125
1764974451.7038121,0,0,26,3.250
1764974451.7078116,0,0,26,3.250
1764974451.7118175,0,0,26,3.250
1764974451.7158132,0,0,27,3.375
1764974451.7198176,0,0,25,3.125
1764974451.723813,0,0,26,3.250
1764974451.7278123,0,0,26,3.250
1764974451.7318165,0,0,26,3.250
1764974451.7357996,0,0,27,3.375
1764974451.7447953,0,0,27,3.375
1764974451.7478328,0,0,25,3.125
1764974451.751816,0,0,26,3.250
1764974451.7558007,0,0,27,3.375
1764974451.7598186,0,0,25,3.125
1764974451.763812,0,0,26,3.250
1764974451.7678142,0,0,25,3.125
1764974451.7718098,0,0,26,3.250
1764974451.7757998,0,0,28,3.500
1764974451.7798164,0,0,25,3.125
1764974451.7838159,0,0,25,3.125
1764974451.7878108,0,0,27,3.375
1764974451.7921746,0,0,26,3.250
1764974451.7960124,0,0,27,3.375
1764974451.7998435,0,0,25,3.125
1764974451.8038225,0,0,26,3.250
1764974451.8078177,0,0,26,3.250
1764974451.8118203,0,0,27,3.375
1764974451.8158126,0,0,27,3.375
1764974451.8198175,0,0,25,3.125
1764974451.8238149,0,0,25,3.125
1764974451.827812,0,0,26,3.250
1764974451.8318117,0,0,26,3.250
1764974451.8358076,0,0,27,3.375
1764974451.8398585,0,0,26,3.250
1764974451.8438137,0,0,25,3.125
1764974451.8478103,0,0,26,3.250
1764974451.8518171,0,0,27,3.375
1764974451.8558052,0,0,27,3.375
1764974451.8597968,0,0,25,3.125
1764974451.8637989,0,0,26,3.250
1764974451.867796,0,0,26,3.250
1764974451.871824,0,0,27,3.375
1764974451.8758128,0,0,27,3.375
1764974451.8798091,0,0,25,3.125
1764974451.883793,0,0,25,3.125
1764974451.887798,0,0,26,3.250
1764974451.8918104,0,0,27,3.375
1764974451.8957977,0,0,27,3.375
1764974451.8998067,0,0,25,3.125
1764974451.90381,0,0,25,3.125
1764974451.9078097,0,0,25,3.125
1764974451.9118116,0,0,26,3.250
1764974451.9158113,0,0,27,3.375
1764974451.9198198,0,0,26,3.250
1764974451.9238098,0,0,25,3.125
1764974451.927809,0,0,26,3.250
1764974451.9318187,0,0,26,3.250
1764974451.9358172,0,0,27,3.375
1764974451.939851,0,0,26,3.250
1764974451.9438915,0,0,26,3.250
1764974451.947822,0,0,26,3.250
1764974451.9518044,0,0,26,3.250
1764974451.9557962,0,0,27,3.375
1764974451.959813,0,0,26,3.250
1764974451.9638112,0,0,26,3.250
1764974451.967811,0,0,26,3.250
1764974451.9718044,0,0,27,3.375
1764974451.9757915,0,0,26,3.250
1764974451.9798172,0,0,25,3.125
1764974451.9838145,0,0,25,3.125
1764974451.9878137,0,0,26,3.250
1764974451.9918141,0,0,27,3.375
1764974451.99581,0,0,26,3.250
1764974451.9998188,0,0,26,3.250
1764974452.0038126,0,0,26,3.250
1764974452.007814,0,0,26,3.250
1764974452.011817,0,0,26,3.250
1764974452.0158105,0,0,26,3.250
1764974452.0198166,0,0,25,3.125
1764974452.0238223,0,0,26,3.250
1764974452.0278115,0,0,26,3.250
1764974452.0318022,0,0,27,3.375
1764974452.0357928,0,0,26,3.250
1764974452.0398538,0,0,25,3.125
1764974452.0438147,0,0,26,3.250
1764974452.0478127,0,0,26,3.250
1764974452.0518093,0,0,27,3.375
1764974452.055797,0,0,26,3.250
1764974452.0598116,0,0,25,3.125
1764974452.0638106,0,0,26,3.250
1764974452.0678105,0,0,26,3.250
1764974452.0718133,0,0,27,3.375
1764974452.0758111,0,0,26,3.250
1764974452.0798116,0,0,25,3.125
1764974452.0838075,0,0,26,3.250
1764974452.087811,0,0,26,3.250
1764974452.0918186,0,0,27,3.375
1764974452.0958118,0,0,26,3.250
1764974452.0998127,0,0,25,3.125
1764974452.103807,0,0,26,3.250
1764974452.107805,0,0,26,3.250
1764974452.1118088,0,0,27,3.375
1764974452.115811,0,0,27,3.375
1764974452.1198077,0,0,25,3.125
1764974452.1237903,0,0,26,3.250
1764974452.1277888,0,0,26,3.250
1764974452.1318119,0,0,26,3.250
1764974452.135811,0,0,26,3.250
1764974452.139771,0,0,25,3.125
1764974452.1438785,0,0,26,3.250
1764974452.147816,0,0,26,3.250
1764974452.1518106,0,0,27,3.375
1764974452.1558068,0,0,26,3.250
1764974452.1598098,0,0,25,3.125
1764974452.1638095,0,0,26,3.250
1764974452.1678078,0,0,26,3.250
1764974452.171811,0,0,27,3.375
1764974452.175805,0,0,27,3.375
1764974452.1798131,0,0,25,3.125
1764974452.1838095,0,0,26,3.250
1764974452.1878095,0,0,26,3.250
1764974452.191812,0,0,27,3.375
1764974452.19581,0,0,27,3.375
1764974452.1998124,0,0,25,3.125
1764974452.2038116,0,0,26,3.250
1764974452.20782,0,0,26,3.250
1764974452.211808,0,0,27,3.375
1764974452.215792,0,0,27,3.375
1764974452.2198083,0,0,25,3.125
1764974452.2238114,0,0,26,3.250
1764974452.2278101,0,0,26,3.250
1764974452.231806,0,0,26,3.250
1764974452.2357905,0,0,27,3.375
1764974452.2398436,0,0,25,3.125
1764974452.2438068,0,0,26,3.250
1764974452.2478101,0,0,26,3.250
1764974452.2518158,0,0,27,3.375
1764974452.2558088,0,0,27,3.375
1764974452.259811,0,0,25,3.125
1764974452.2638068,0,0,26,3.250
1764974452.267809,0,0,26,3.250
1764974452.2718108,0,0,26,3.250
1764974452.2758074,0,0,27,3.375
1764974452.2798085,0,0,25,3.125
1764974452.283804,0,0,26,3.250
1764974452.2878058,0,0,26,3.250
1764974452.2918146,0,0,27,3.375
1764974452.2958064,0,0,27,3.375
1764974452.2998111,0,0,25,3.125
1764974452.303807,0,0,26,3.250
1764974452.307804,0,0,26,3.250
1764974452.311805,0,0,27,3.375
1764974452.3158052,0,0,27,3.375
1764974452.319811,0,0,25,3.125
1764974452.323805,0,0,26,3.250
1764974452.3278005,0,0,26,3.250
1764974452.3318088,0,0,27,3.375
1764974452.3358064,0,0,27,3.375
1764974452.3398263,0,0,25,3.125
1764974452.3438818,0,0,25,3.125
1764974452.3478239,0,0,26,3.250
1764974452.351811,0,0,26,3.250
1764974452.355804,0,0,27,3.375
1764974452.3598096,0,0,25,3.125
1764974452.363807,0,0,26,3.250
1764974452.3678067,0,0,26,3.250
1764974452.3718,0,0,27,3.375
1764974452.3757882,0,0,28,3.500
1764974452.3798075,0,0,25,3.125
1764974452.3838086,0,0,25,3.125
1764974452.3878052,0,0,26,3.250
1764974452.3918009,0,0,26,3.250
1764974452.3957868,0,0,27,3.375
1764974452.399805,0,0,25,3.125
1764974452.4038076,0,0,26,3.250
1764974452.4078262,0,0,26,3.250
1764974452.411814,0,0,27,3.375
1764974452.415793,0,0,27,3.375
1764974452.4198065,0,0,25,3.125
1764974452.4238071,0,0,26,3.250
1764974452.4278061,0,0,26,3.250
1764974452.4318018,0,0,26,3.250
1764974452.435793,0,0,27,3.375
1764974452.439837,0,0,25,3.125
1764974452.443787,0,0,26,3.250
1764974452.4477904,0,0,27,3.375
1764974452.4518101,0,0,27,3.375
1764974452.455806,0,0,26,3.250
1764974452.4598086,0,0,25,3.125
1764974452.4638026,0,0,26,3.250
1764974452.4678032,0,0,27,3.375
1764974452.4718087,0,0,27,3.375
1764974452.4758046,0,0,26,3.250
1764974452.4798095,0,0,25,3.125
1764974452.483802,0,0,26,3.250
1764974452.487801,0,0,27,3.375
1764974452.4918115,0,0,27,3.375
1764974452.495806,0,0,25,3.125
1764974452.49981,0,0,26,3.250
1764974452.5038047,0,0,26,3.250
1764974452.5078042,0,0,26,3.250
1764974452.5118062,0,0,27,3.375
1764974452.5158036,0,0,25,3.125
1764974452.5198092,0,0,25,3.125
1764974452.5238037,0,0,26,3.250
1764974452.5278003,0,0,26,3.250
1764974452.5318065,0,0,27,3.375
1764974452.5358026,0,0,26,3.250
1764974452.5398471,0,0,25,3.125
1764974452.543874,0,0,25,3.125
1764974452.5478327,0,0,26,3.250
1764974452.5518057,0,0,27,3.375
1764974452.5557888,0,0,26,3.250
1764974452.5598056,0,0,25,3.125
1764974452.56382,0,0,26,3.250
1764974452.567806,0,0,26,3.250
1764974452.5718021,0,0,27,3.375
1764974452.5757856,0,0,26,3.250
1764974452.5798047,0,0,25,3.125
1764974452.5838053,0,0,26,3.250
1764974452.5878036,0,0,26,3.250
1764974452.5918097,0,0,27,3.375
1764974452.5958028,0,0,26,3.250
1764974452.599803,0,0,25,3.125
1764974452.6038032,0,0,26,3.250
1764974452.6078067,0,0,26,3.250
1764974452.611813,0,0,27,3.375
1764974452.6158094,0,0,26,3.250
1764974452.6198142,0,0,26,3.250
1764974452.6238058,0,0,26,3.250
1764974452.627805,0,0,26,3.250
1764974452.6318011,0,0,27,3.375
1764974452.635789,0,0,25,3.125
1764974452.6398273,0,0,25,3.125
1764974452.6437864,0,0,26,3.250
1764974452.6477852,0,0,26,3.250
1764974452.6517901,0,0,27,3.375
1764974452.6557875,0,0,26,3.250
1764974452.6598065,0,0,25,3.125
1764974452.6638024,0,0,26,3.250
1764974452.6677995,0,0,26,3.250
1764974452.6718075,0,0,27,3.375
1764974452.675804,0,0,26,3.250
1764974452.6798036,0,0,25,3.125
1764974452.6838005,0,0,25,3.125
1764974452.6877975,0,0,26,3.250
1764974452.6918066,0,0,27,3.375
1764974452.6958044,0,0,26,3.250
1764974452.6998084,0,0,25,3.125
1764974452.7038026,0,0,26,3.250
1764974452.707798,0,0,26,3.250
1764974452.7118056,0,0,27,3.375
1764974452.7158048,0,0,26,3.250
1764974452.7198062,0,0,25,3.125
1764974452.7238014,0,0,26,3.250
1764974452.7278025,0,0,26,3.250
1764974452.7318096,0,0,27,3.375
1764974452.7357976,0,0,27,3.375
1764974452.7398415,0,0,25,3.125
1764974452.748734,0,0,27,3.375
1764974452.7518167,0,0,27,3.375
1764974452.755785,0,0,26,3.250
1764974452.7597876,0,0,25,3.125
1764974452.763785,0,0,26,3.250
1764974452.7677872,0,0,27,3.375
1764974452.7718096,0,0,27,3.375
1764974452.7758,0,0,26,3.250
1764974452.7797952,0,0,25,3.125
1764974452.783786,0,0,26,3.250
1764974452.7877884,0,0,26,3.250
1764974452.7921667,0,0,27,3.375
1764974452.7960062,0,0,26,3.250
1764974452.7998245,0,0,25,3.125
1764974452.8038015,0,0,26,3.250
1764974452.8078039,0,0,26,3.250
1764974452.811804,0,0,26,3.250
1764974452.8157976,0,0,27,3.375
1764974452.8198876,0,0,25,3.125
1764974452.8238006,0,0,26,3.250
1764974452.8278008,0,0,26,3.250
1764974452.831803,0,0,26,3.250
1764974452.8358016,0,0,27,3.375
1764974452.8398452,0,0,25,3.125
1764974452.8438013,0,0,26,3.250
1764974452.847797,0,0,27,3.375
1764974452.8517997,0,0,26,3.250
1764974452.8558123,0,0,27,3.375
1764974452.8598063,0,0,25,3.125
1764974452.8637972,0,0,26,3.250
1764974452.8677967,0,0,26,3.250
1764974452.8717985,0,0,26,3.250
1764974452.8758004,0,0,27,3.375
1764974452.8798006,0,0,25,3.125
1764974452.883799,0,0,26,3.250
1764974452.8877943,0,0,26,3.250
1764974452.8918037,0,0,26,3.250
1764974452.8957994,0,0,27,3.375
1764974452.8998141,0,0,25,3.125
1764974452.9038026,0,0,26,3.250
1764974452.9078014,0,0,26,3.250
1764974452.9118047,0,0,27,3.375
1764974452.9157991,0,0,27,3.375
1764974452.9197977,0,0,25,3.125
1764974452.9237864,0,0,26,3.250
1764974452.9277854,0,0,26,3.250
1764974452.9318063,0,0,27,3.375
1764974452.935799,0,0,25,3.125
1764974452.9398427,0,0,25,3.125
1764974452.943802,0,0,26,3.250
1764974452.9478805,0,0,27,3.375
1764974452.9518151,0,0,27,3.375
1764974452.9557967,0,0,25,3.125
1764974452.959805,0,0,26,3.250
1764974452.963803,0,0,26,3.250
1764974452.9678004,0,0,27,3.375
1764974452.9718013,0,0,27,3.375
1764974452.9757829,0,0,25,3.125
1764974452.9798028,0,0,25,3.125
1764974452.9838018,0,0,26,3.250
1764974452.9878025,0,0,27,3.375
1764974452.9918077,0,0,27,3.375
1764974452.9958014,0,0,25,3.125
1764974452.9998035,0,0,25,3.125
1764974453.003802,0,0,26,3.250
1764974453.0078075,0,0,26,3.250
1764974453.0117989,0,0,27,3.375
1764974453.0157986,0,0,25,3.125
1764974453.019801,0,0,25,3.125
1764974453.0238001,0,0,27,3.375
1764974453.027799,0,0,26,3.250
1764974453.0317929,0,0,27,3.375
1764974453.0357869,0,0,25,3.125
1764974453.039842,0,0,25,3.125
1764974453.0438006,0,0,26,3.250
1764974453.0477986,0,0,26,3.250
1764974453.0518072,0,0,27,3.375
1764974453.0558012,0,0,25,3.125
1764974453.0598054,0,0,26,3.250
1764974453.0637975,0,0,26,3.250
1764974453.067798,0,0,26,3.250
1764974453.071803,0,0,27,3.375
1764974453.0758007,0,0,26,3.250
1764974453.0798047,0,0,26,3.250
1764974453.0837998,0,0,26,3.250
1764974453.0877962,0,0,26,3.250
1764974453.091805,0,0,27,3.375
1764974453.0957954,0,0,25,3.125
1764974453.0998018,0,0,26,3.250
1764974453.1038,0,0,26,3.250
1764974453.1077986,0,0,26,3.250
1764974453.111801,0,0,27,3.375
1764974453.1157959,0,0,25,3.125
1764974453.1198018,0,0,25,3.125
1764974453.1237986,0,0,26,3.250
1764974453.1277976,0,0,27,3.375
1764974453.1318066,0,0,27,3.375
1764974453.1357977,0,0,25,3.125
1764974453.1398275,0,0,26,3.250
1764974453.143786,0,0,26,3.250
1764974453.1478782,0,0,27,3.375
1764974453.1518142,0,0,28,3.500
1764974453.1557956,0,0,25,3.125
1764974453.1597986,0,0,25,3.125
1764974453.1637995,0,0,26,3.250
1764974453.1677983,0,0,27,3.375
1764974453.171797,0,0,27,3.375
1764974453.1757936,0,0,25,3.125
1764974453.1798139,0,0,25,3.125
1764974453.183799,0,0,26,3.250
1764974453.1878004,0,0,26,3.250
1764974453.1917994,0,0,27,3.375
1764974453.1958027,0,0,25,3.125
1764974453.1998017,0,0,25,3.125
1764974453.2037992,0,0,26,3.250
1764974453.2077982,0,0,26,3.250
1764974453.2118096,0,0,27,3.375
1764974453.2158034,0,0,26,3.250
1764974453.2198057,0,0,25,3.125
1764974453.2237837,0,0,25,3.125
1764974453.227783,0,0,26,3.250
1764974453.2318025,0,0,28,3.500
1764974453.2358031,0,0,25,3.125
1764974453.2398336,0,0,25,3.125
1764974453.2437818,0,0,25,3.125
1764974453.2477791,0,0,26,3.250
1764974453.2518137,0,0,27,3.375
1764974453.2557979,0,0,26,3.250
1764974453.2597961,0,0,26,3.250
1764974453.2637937,0,0,26,3.250
1764974453.2677946,0,0,27,3.375
1764974453.2717988,0,0,27,3.375
1764974453.2757964,0,0,26,3.250
1764974453.2798007,0,0,25,3.125
1764974453.2837968,0,0,26,3.250
1764974453.287792,0,0,26,3.250
1764974453.2918031,0,0,27,3.375
1764974453.2957938,0,0,26,3.250
1764974453.2997968,0,0,25,3.125
1764974453.3037984,0,0,26,3.250
1764974453.3077986,0,0,26,3.250
1764974453.3117983,0,0,27,3.375
1764974453.3157914,0,0,26,3.250
1764974453.3197987,0,0,25,3.125
1764974453.3237965,0,0,25,3.125
1764974453.3277931,0,0,26,3.250
1764974453.331798,0,0,27,3.375
1764974453.3357928,0,0,26,3.250
1764974453.3398077,0,0,25,3.125
1764974453.3437927,0,0,26,3.250
1764974453.3478668,0,0,26,3.250
1764974453.351807,0,0,27,3.375
1764974453.3557796,0,0,26,3.250
1764974453.3597934,0,0,25,3.125
1764974453.3637953,0,0,26,3.250
1764974453.367796,0,0,27,3.375
1764974453.371803,0,0,26,3.250
1764974453.3757942,0,0,26,3.250
1764974453.3797996,0,0,25,3.125
1764974453.3837984,0,0,26,3.250
1764974453.3877993,0,0,27,3.375
1764974453.39179,0,0,27,3.375
1764974453.3957813,0,0,27,3.375
1764974453.3997931,0,0,25,3.125
1764974453.4038002,0,0,26,3.250
1764974453.4078012,0,0,27,3.375
1764974453.4117959,0,0,26,3.250
1764974453.415782,0,0,25,3.125
1764974453.4197965,0,0,26,3.250
1764974453.4237916,0,0,27,3.375
1764974453.4277914,0,0,27,3.375
1764974453.4317899,0,0,27,3.375
1764974453.4357808,0,0,25,3.125
1764974453.439842,0,0,26,3.250
1764974453.4437964,0,0,26,3.250
1764974453.4477918,0,0,27,3.375
1764974453.4518027,0,0,26,3.250
1764974453.4557955,0,0,25,3.125
1764974453.4597955,0,0,26,3.250
1764974453.4637947,0,0,26,3.250
1764974453.4677944,0,0,27,3.375
1764974453.4717975,0,0,27,3.375
1764974453.4757924,0,0,25,3.125
1764974453.4797893,0,0,26,3.250
1764974453.4837785,0,0,26,3.250
1764974453.4877737,0,0,28,3.500
1764974453.491793,0,0,27,3.375
1764974453.4957895,0,0,25,3.125
1764974453.4997938,0,0,26,3.250
1764974453.5037923,0,0,26,3.250
1764974453.5077906,0,0,27,3.375
1764974453.5117934,0,0,27,3.375
1764974453.51579,0,0,25,3.125
1764974453.5197937,0,0,26,3.250
1764974453.5237942,0,0,26,3.250
1764974453.5277927,0,0,27,3.375
1764974453.531799,0,0,27,3.375
1764974453.535791,0,0,25,3.125
1764974453.539767,0,0,26,3.250
1764974453.5437934,0,0,26,3.250
1764974453.5478582,0,0,27,3.375
1764974453.551806,0,0,27,3.375
1764974453.5557897,0,0,25,3.125
1764974453.5597916,0,0,26,3.250
1764974453.5637925,0,0,26,3.250
1764974453.567792,0,0,26,3.250
1764974453.5717876,0,0,27,3.375
1764974453.575776,0,0,25,3.125
1764974453.5797908,0,0,26,3.250
1764974453.583792,0,0,26,3.250
1764974453.587792,0,0,27,3.375
1764974453.591799,0,0,27,3.375
1764974453.595795,0,0,25,3.125
1764974453.599797,0,0,26,3.250
1764974453.6037903,0,0,26,3.250
1764974453.6077914,0,0,27,3.375
1764974453.6117997,0,0,27,3.375
1764974453.6157973,0,0,25,3.125
1764974453.6197999,0,0,26,3.250
1764974453.62379,0,0,26,3.250
1764974453.627793,0,0,27,3.375
1764974453.631799,0,0,27,3.375
1764974453.6357925,0,0,25,3.125
1764974453.6398058,0,0,25,3.125
1764974453.6437962,0,0,26,3.250
1764974453.6477873,0,0,27,3.375
1764974453.6517825,0,0,28,3.500
1764974453.6557763,0,0,25,3.125
1764974453.6597934,0,0,25,3.125
1764974453.6637912,0,0,26,3.250
1764974453.6677892,0,0,27,3.375
1764974453.671781,0,0,27,3.375
1764974453.6757782,0,0,25,3.125
1764974453.6798005,0,0,26,3.250
1764974453.683794,0,0,26,3.250
1764974453.6877923,0,0,27,3.375
1764974453.691793,0,0,27,3.375
1764974453.69579,0,0,25,3.125
1764974453.6997962,0,0,26,3.250
1764974453.7037923,0,0,26,3.250
1764974453.707791,0,0,27,3.375
1764974453.711793,0,0,27,3.375
1764974453.7157888,0,0,25,3.125
1764974453.719792,0,0,26,3.250
1764974453.723791,0,0,26,3.250
1764974453.7277896,0,0,26,3.250
1764974453.7317939,0,0,27,3.375
1764974453.735787,0,0,25,3.125
1764974453.739829,0,0,26,3.250
1764974453.7437882,0,0,26,3.250
1764974453.7527761,0,0,28,3.500
1764974453.7558131,0,0,25,3.125
1764974453.759792,0,0,25,3.125
1764974453.763776,0,0,26,3.250
1764974453.7677734,0,0,26,3.250
1764974453.7717965,0,0,27,3.375
1764974453.7757766,0,0,25,3.125
1764974453.7797754,0,0,25,3.125
1764974453.7837737,0,0,26,3.250
1764974453.7877748,0,0,26,3.250
1764974453.7921574,0,0,27,3.375
1764974453.7959938,0,0,25,3.125
1764974453.7998145,0,0,25,3.125
1764974453.8037882,0,0,25,3.125
1764974453.807788,0,0,26,3.250
1764974453.8117945,0,0,27,3.375
1764974453.81579,0,0,25,3.125
1764974453.8197982,0,0,26,3.250
1764974453.8237913,0,0,26,3.250
1764974453.827788,0,0,27,3.375
1764974453.831788,0,0,27,3.375
1764974453.8357897,0,0,26,3.250
1764974453.8398333,0,0,25,3.125
1764974453.843792,0,0,26,3.250
1764974453.847788,0,0,26,3.250
1764974453.851782,0,0,27,3.375
1764974453.8557959,0,0,25,3.125
1764974453.8597975,0,0,25,3.125
1764974453.8637898,0,0,25,3.125
1764974453.8677886,0,0,27,3.375
1764974453.8717904,0,0,27,3.375
1764974453.875784,0,0,25,3.125
1764974453.8797896,0,0,26,3.250
1764974453.8837895,0,0,26,3.250
1764974453.887787,0,0,26,3.250
1764974453.8917902,0,0,27,3.375
1764974453.8957877,0,0,25,3.125
1764974453.8997908,0,0,25,3.125
1764974453.9037874,0,0,26,3.250
1764974453.907786,0,0,27,3.375
1764974453.9117868,0,0,26,3.250
1764974453.9157891,0,0,25,3.125
1764974453.9197934,0,0,25,3.125
1764974453.9237907,0,0,26,3.250
1764974453.927791,0,0,27,3.375
1764974453.9317951,0,0,26,3.250
1764974453.93579,0,0,25,3.125
1764974453.9398286,0,0,26,3.250
1764974453.943792,0,0,26,3.250
1764974453.9477904,0,0,27,3.375
1764974453.9518728,0,0,26,3.250
1764974453.9558005,0,0,26,3.250
1764974453.9597845,0,0,26,3.250
1764974453.9637713,0,0,26,3.250
1764974453.9677703,0,0,27,3.375
1764974453.9717975,0,0,26,3.250
1764974453.975789,0,0,25,3.125
1764974453.9797823,0,0,26,3.250
1764974453.9837704,0,0,26,3.250
1764974453.9877687,0,0,28,3.500
1764974453.9917912,0,0,26,3.250
1764974453.995787,0,0,25,3.125
1764974453.9997885,0,0,25,3.125
1764974454.0037782,0,0,26,3.250
1764974454.0077817,0,0,27,3.375
1764974454.0117948,0,0,26,3.250
1764974454.0157897,0,0,26,3.250
1764974454.019786,0,0,25,3.125
1764974454.0237718,0,0,26,3.250
1764974454.0277672,0,0,27,3.375
1764974454.0317886,0,0,26,3.250
1764974454.0357869,0,0,25,3.125
1764974454.0398185,0,0,26,3.250
1764974454.0437744,0,0,26,3.250
1764974454.047769,0,0,27,3.375
1764974454.0518155,0,0,27,3.375
1764974454.055805,0,0,25,3.125
1764974454.0597866,0,0,26,3.250
1764974454.0637736,0,0,26,3.250
1764974454.0677676,0,0,27,3.375
1764974454.071785,0,0,26,3.250
1764974454.075781,0,0,25,3.125
1764974454.0797803,0,0,25,3.125
1764974454.0837696,0,0,26,3.250
1764974454.0877683,0,0,27,3.375
1764974454.091786,0,0,26,3.250
1764974454.0957818,0,0,25,3.125
1764974454.099787,0,0,26,3.250
1764974454.1037803,0,0,27,3.375
1764974454.1077783,0,0,27,3.375
1764974454.1117814,0,0,27,3.375
1764974454.1157823,0,0,25,3.125
1764974454.1197836,0,0,25,3.125
1764974454.1237803,0,0,26,3.250
1764974454.1277795,0,0,27,3.375
1764974454.131784,0,0,26,3.250
1764974454.1357799,0,0,25,3.125
1764974454.139793,0,0,26,3.250
1764974454.143767,0,0,26,3.250
1764974454.147769,0,0,27,3.375
1764974454.1518614,0,0,27,3.375
1764974454.1557972,0,0,25,3.125
1764974454.159779,0,0,25,3.125
1764974454.1637678,0,0,26,3.250
1764974454.1677647,0,0,27,3.375
1764974454.1717837,0,0,26,3.250
1764974454.1757877,0,0,25,3.125
1764974454.1797822,0,0,26,3.250
1764974454.1837645,0,0,26,3.250
1764974454.187764,0,0,27,3.375
1764974454.1917918,0,0,27,3.375
1764974454.1957839,0,0,25,3.125
1764974454.199786,0,0,26,3.250
1764974454.2037811,0,0,26,3.250
1764974454.2077954,0,0,26,3.250
1764974454.2117977,0,0,27,3.375
1764974454.2157886,0,0,25,3.125
1764974454.2197828,0,0,26,3.250
1764974454.223768,0,0,26,3.250
1764974454.2277672,0,0,26,3.250
1764974454.2317848,0,0,27,3.375
1764974454.2357843,0,0,25,3.125
1764974454.2398195,0,0,26,3.250
1764974454.24377,0,0,26,3.250
1764974454.247766,0,0,26,3.250
1764974454.2517824,0,0,27,3.375
1764974454.2557833,0,0,25,3.125
1764974454.2597845,0,0,26,3.250
1764974454.2637775,0,0,26,3.250
1764974454.2677753,0,0,27,3.375
1764974454.271782,0,0,27,3.375
1764974454.2757795,0,0,24,3.000
1764974454.2797835,0,0,25,3.125
1764974454.283777,0,0,26,3.250
1764974454.2877762,0,0,27,3.375
1764974454.29178,0,0,27,3.375
1764974454.2957776,0,0,25,3.125
1764974454.2997844,0,0,26,3.250
1764974454.3037791,0,0,27,3.375
1764974454.3077776,0,0,26,3.250
1764974454.3117797,0,0,27,3.375
1764974454.3157804,0,0,25,3.125
1764974454.3197796,0,0,26,3.250
1764974454.323775,0,0,26,3.250
1764974454.3277752,0,0,26,3.250
1764974454.3317816,0,0,26,3.250
1764974454.3357773,0,0,25,3.125
1764974454.339793,0,0,26,3.250
1764974454.3437767,0,0,26,3.250
1764974454.3477778,0,0,26,3.250
1764974454.3518531,0,0,27,3.375
1764974454.3557947,0,0,25,3.125
1764974454.3597765,0,0,26,3.250
1764974454.3637648,0,0,26,3.250
1764974454.367761,0,0,26,3.250
1764974454.3717837,0,0,27,3.375
1764974454.3757796,0,0,25,3.125
1764974454.3797765,0,0,26,3.250
1764974454.383765,0,0,26,3.250
1764974454.3877614,0,0,27,3.375
1764974454.3917744,0,0,27,3.375
1764974454.3957675,0,0,25,3.125
1764974454.3997805,0,0,26,3.250
1764974454.4037764,0,0,27,3.375
1764974454.4077754,0,0,27,3.375
1764974454.4117699,0,0,25,3.125
1764974454.4157734,0,0,26,3.250
1764974454.4197953,0,0,25,3.125
1764974454.4237754,0,0,26,3.250
1764974454.4277754,0,0,27,3.375
1764974454.4317677,0,0,25,3.125
1764974454.435766,0,0,26,3.250
1764974454.4398167,0,0,26,3.250
1764974454.443778,0,0,26,3.250
1764974454.4477732,0,0,27,3.375
1764974454.4517632,0,0,25,3.125
1764974454.4557643,0,0,26,3.250
1764974454.4597793,0,0,26,3.250
1764974454.4637768,0,0,27,3.375
1764974454.4677722,0,0,27,3.375
1764974454.4717755,0,0,25,3.125
1764974454.4757776,0,0,26,3.250
1764974454.479781,0,0,26,3.250
1764974454.4837763,0,0,26,3.250
1764974454.4877744,0,0,27,3.375
1764974454.4917784,0,0,25,3.125
1764974454.4957755,0,0,25,3.125
1764974454.4997785,0,0,26,3.250
1764974454.5037725,0,0,26,3.250
1764974454.5077739,0,0,27,3.375
1764974454.5117755,0,0,26,3.250
1764974454.5157738,0,0,26,3.250
1764974454.5197716,0,0,26,3.250
1764974454.5237637,0,0,26,3.250
1764974454.5277627,0,0,28,3.500
1764974454.531778,0,0,26,3.250
1764974454.535775,0,0,26,3.250
1764974454.5397947,0,0,26,3.250
1764974454.5437734,0,0,26,3.250
1764974454.5477738,0,0,27,3.375
1764974454.5518537,0,0,25,3.125
1764974454.5557926,0,0,26,3.250
1764974454.559776,0,0,26,3.250
1764974454.5637643,0,0,26,3.250
1764974454.567765,0,0,27,3.375
1764974454.5717802,0,0,25,3.125
1764974454.5757785,0,0,26,3.250
1764974454.5797741,0,0,26,3.250
1764974454.583762,0,0,26,3.250
1764974454.5877597,0,0,27,3.375
1764974454.5917883,0,0,26,3.250
1764974454.5957801,0,0,25,3.125
1764974454.5997803,0,0,26,3.250
1764974454.6037736,0,0,26,3.250
1764974454.6077726,0,0,27,3.375
1764974454.6117811,0,0,26,3.250
1764974454.6158059,0,0,25,3.125
1764974454.619779,0,0,26,3.250
1764974454.6237614,0,0,26,3.250
1764974454.6277611,0,0,27,3.375
1764974454.631779,0,0,26,3.250
1764974454.635777,0,0,25,3.125
1764974454.6398137,0,0,26,3.250
1764974454.6437619,0,0,27,3.375
1764974454.6477573,0,0,27,3.375
1764974454.6517794,0,0,26,3.250
1764974454.6557767,0,0,25,3.125
1764974454.6597812,0,0,26,3.250
1764974454.6637743,0,0,26,3.250
1764974454.66777,0,0,27,3.375
1764974454.6717753,0,0,26,3.250
1764974454.6757748,0,0,25,3.125
1764974454.679782,0,0,26,3.250
1764974454.6837723,0,0,27,3.375
1764974454.6877701,0,0,26,3.250
1764974454.6917744,0,0,26,3.250
1764974454.6957734,0,0,25,3.125
1764974454.6997774,0,0,26,3.250
1764974454.7037714,0,0,27,3.375
1764974454.7077727,0,0,27,3.375
1764974454.7117743,0,0,26,3.250
1764974454.7157712,0,0,26,3.250
1764974454.7197697,0,0,26,3.250
1764974454.7237713,0,0,27,3.375
1764974454.7277696,0,0,27,3.375
1764974454.7317712,0,0,27,3.375
1764974454.7357721,0,0,25,3.125
1764974454.739794,0,0,25,3.125
1764974454.7437716,0,0,26,3.250
1764974454.7477708,0,0,27,3.375
1764974454.7568119,0,0,26,3.250
1764974454.7598007,0,0,26,3.250
1764974454.7637634,0,0,26,3.250
1764974454.7677624,0,0,27,3.375
1764974454.7717793,0,0,26,3.250
1764974454.7757628,0,0,25,3.125
1764974454.779778,0,0,26,3.250
1764974454.7837763,0,0,26,3.250
1764974454.787778,0,0,27,3.375
1764974454.7921243,0,0,27,3.375
1764974454.7959723,0,0,25,3.125
1764974454.7998168,0,0,26,3.250
1764974454.8037817,0,0,26,3.250
1764974454.8077748,0,0,26,3.250
1764974454.8117816,0,0,26,3.250
1764974454.8157742,0,0,25,3.125
1764974454.8197818,0,0,25,3.125
1764974454.8237724,0,0,26,3.250
1764974454.827773,0,0,27,3.375
1764974454.831783,0,0,26,3.250
1764974454.835839,0,0,25,3.125
1764974454.8398275,0,0,26,3.250
1764974454.8437843,0,0,26,3.250
1764974454.8477783,0,0,27,3.375
1764974454.8517702,0,0,27,3.375
1764974454.8557634,0,0,25,3.125
1764974454.8597882,0,0,26,3.250
1764974454.8637812,0,0,26,3.250
1764974454.8677745,0,0,27,3.375
1764974454.8717773,0,0,27,3.375
1764974454.8757746,0,0,25,3.125
1764974454.8797822,0,0,26,3.250
1764974454.8837776,0,0,26,3.250
1764974454.8877776,0,0,26,3.250
1764974454.8917682,0,0,26,3.250
1764974454.895759,0,0,25,3.125
1764974454.8997743,0,0,26,3.250
1764974454.9037774,0,0,26,3.250
1764974454.9077768,0,0,27,3.375
1764974454.9117818,0,0,25,3.125
1764974454.9157732,0,0,25,3.125
1764974454.9197676,0,0,26,3.250
1764974454.923762,0,0,26,3.250
1764974454.927762,0,0,27,3.375
1764974454.9317803,0,0,25,3.125
1764974454.935775,0,0,26,3.250
1764974454.9398198,0,0,26,3.250
1764974454.943779,0,0,27,3.375
1764974454.9477777,0,0,27,3.375
1764974454.9517846,0,0,25,3.125
1764974454.9558516,0,0,25,3.125
1764974454.9597824,0,0,26,3.250
1764974454.9637604,0,0,26,3.250
1764974454.9677615,0,0,27,3.375
1764974454.9717846,0,0,25,3.125
1764974454.9757793,0,0,25,3.125
1764974454.9797702,0,0,26,3.250
1764974454.9837558,0,0,27,3.375
1764974454.98776,0,0,27,3.375
1764974454.9917831,0,0,25,3.125
1764974454.9957788,0,0,26,3.250
1764974454.99977,0,0,26,3.250
1764974455.003757,0,0,26,3.250
1764974455.0077553,0,0,27,3.375
1764974455.0117846,0,0,25,3.125
1764974455.0157993,0,0,25,3.125
1764974455.0197868,0,0,26,3.250
1764974455.023762,0,0,27,3.375
1764974455.0277598,0,0,27,3.375
1764974455.0317814,0,0,25,3.125
1764974455.035781,0,0,25,3.125
1764974455.03981,0,0,25,3.125
1764974455.043762,0,0,26,3.250
1764974455.047758,0,0,27,3.375
1764974455.0517797,0,0,25,3.125
1764974455.0557764,0,0,25,3.125
1764974455.0597816,0,0,26,3.250
1764974455.0637763,0,0,27,3.375
1764974455.0677724,0,0,27,3.375
1764974455.0717816,0,0,25,3.125
1764974455.0757759,0,0,26,3.250
1764974455.0797768,0,0,26,3.250
1764974455.0837755,0,0,26,3.250
1764974455.0877726,0,0,28,3.500
1764974455.0917804,0,0,25,3.125
1764974455.0957708,0,0,25,3.125
1764974455.099774,0,0,26,3.250
1764974455.1037726,0,0,27,3.375
1764974455.1077762,0,0,27,3.375
1764974455.1117785,0,0,25,3.125
1764974455.1157713,0,0,26,3.250
1764974455.1197724,0,0,26,3.250
1764974455.1237762,0,0,26,3.250
1764974455.1277733,0,0,27,3.375
1764974455.1317809,0,0,26,3.250
1764974455.1357727,0,0,26,3.250
1764974455.1397817,0,0,26,3.250
1764974455.143758,0,0,26,3.250
1764974455.1477582,0,0,28,3.500
1764974455.1517797,0,0,25,3.125
1764974455.1558459,0,0,26,3.250
1764974455.1597862,0,0,26,3.250
1764974455.1637547,0,0,26,3.250
1764974455.1677573,0,0,27,3.375
1764974455.17178,0,0,26,3.250
1764974455.175776,0,0,25,3.125
1764974455.1797733,0,0,26,3.250
1764974455.183756,0,0,26,3.250
1764974455.1877577,0,0,27,3.375
1764974455.1917913,0,0,25,3.125
1764974455.195776,0,0,26,3.250
1764974455.199778,0,0,26,3.250
1764974455.2037728,0,0,26,3.250
1764974455.2077844,0,0,28,3.500
1764974455.2117841,0,0,25,3.125
1764974455.2157855,0,0,26,3.250
1764974455.2197728,0,0,26,3.250
1764974455.2237542,0,0,27,3.375
1764974455.227756,0,0,27,3.375
1764974455.2317798,0,0,25,3.125
1764974455.2357771,0,0,25,3.125
1764974455.239814,0,0,26,3.250
1764974455.2437563,0,0,26,3.250
1764974455.2477558,0,0,27,3.375
1764974455.2517762,0,0,26,3.250
1764974455.2557783,0,0,26,3.250
1764974455.2597756,0,0,26,3.250
1764974455.2637837,0,0,27,3.375
1764974455.2677717,0,0,27,3.375
1764974455.2717805,0,0,26,3.250
1764974455.2757742,0,0,25,3.125
1764974455.2797856,0,0,26,3.250
1764974455.2837744,0,0,26,3.250
1764974455.2877722,0,0,27,3.375
1764974455.2917726,0,0,26,3.250
1764974455.295781,0,0,25,3.125
1764974455.2997735,0,0,25,3.125
1764974455.3037753,0,0,26,3.250
1764974455.3077695,0,0,27,3.375
1764974455.3117883,0,0,26,3.250
1764974455.31577,0,0,25,3.125
1764974455.3197827,0,0,26,3.250
1764974455.323774,0,0,26,3.250
1764974455.3277748,0,0,27,3.375
1764974455.3317747,0,0,26,3.250
1764974455.335765,0,0,25,3.125
1764974455.3397875,0,0,25,3.125
1764974455.3437734,0,0,26,3.250
1764974455.3477716,0,0,28,3.500
1764974455.3517785,0,0,26,3.250
1764974455.355845,0,0,25,3.125
1764974455.3597784,0,0,26,3.250
1764974455.3637552,0,0,26,3.250
1764974455.3677564,0,0,27,3.375
1764974455.3717763,0,0,26,3.250
1764974455.3757756,0,0,25,3.125
1764974455.3797665,0,0,26,3.250
1764974455.3837514,0,0,26,3.250
1764974455.387756,0,0,27,3.375
1764974455.3917613,0,0,26,3.250
1764974455.3957567,0,0,25,3.125
1764974455.399769,0,0,26,3.250
1764974455.4037728,0,0,27,3.375
1764974455.4077692,0,0,27,3.375
1764974455.411778,0,0,26,3.250
1764974455.4157708,0,0,25,3.125
1764974455.4197717,0,0,26,3.250
1764974455.4237676,0,0,27,3.375
1764974455.4277678,0,0,27,3.375
1764974455.4317658,0,0,25,3.125
1764974455.435754,0,0,26,3.250
1764974455.439811,0,0,26,3.250
1764974455.4437718,0,0,27,3.375
1764974455.4477742,0,0,27,3.375
1764974455.45178,0,0,25,3.125
1764974455.4557734,0,0,25,3.125
1764974455.4597692,0,0,26,3.250
1764974455.4637578,0,0,26,3.250
1764974455.4677548,0,0,27,3.375
1764974455.4717715,0,0,25,3.125
1764974455.4757733,0,0,26,3.250
1764974455.479769,0,0,26,3.250
1764974455.483755,0,0,27,3.375
1764974455.4877517,0,0,27,3.375
1764974455.491769,0,0,25,3.125
1764974455.495765,0,0,26,3.250
1764974455.4997735,0,0,27,3.375
1764974455.5037708,0,0,27,3.375
1764974455.5077696,0,0,26,3.250
1764974455.5117733,0,0,25,3.125
1764974455.5157654,0,0,25,3.125
1764974455.51977,0,0,26,3.250
1764974455.523768,0,0,26,3.250
1764974455.5277655,0,0,27,3.375
1764974455.5317755,0,0,25,3.125
1764974455.5357656,0,0,25,3.125
1764974455.5397844,0,0,26,3.250
1764974455.5437675,0,0,27,3.375
1764974455.5477684,0,0,27,3.375
1764974455.551775,0,0,25,3.125
1764974455.5558364,0,0,26,3.250
1764974455.5597723,0,0,26,3.250
1764974455.5637558,0,0,26,3.250
1764974455.5677555,0,0,27,3.375
1764974455.571775,0,0,25,3.125
1764974455.5757706,0,0,26,3.250
1764974455.579765,0,0,26,3.250
1764974455.583748,0,0,26,3.250
1764974455.5877545,0,0,27,3.375
1764974455.5917766,0,0,25,3.125
1764974455.5957701,0,0,26,3.250
1764974455.5997717,0,0,26,3.250
1764974455.6037672,0,0,27,3.375
1764974455.6077685,0,0,26,3.250
1764974455.6117775,0,0,25,3.125
1764974455.615772,0,0,26,3.250
1764974455.6197684,0,0,26,3.250
1764974455.6237504,0,0,26,3.250
1764974455.6277478,0,0,27,3.375
1764974455.631775,0,0,25,3.125
1764974455.6357708,0,0,26,3.250
1764974455.6397998,0,0,26,3.250
1764974455.6437492,0,0,26,3.250
1764974455.6477478,0,0,27,3.375
1764974455.6517725,0,0,25,3.125
1764974455.655769,0,0,26,3.250
1764974455.659773,0,0,26,3.250
1764974455.6637716,0,0,27,3.375
1764974455.6677673,0,0,28,3.500
1764974455.6717765,0,0,25,3.125
1764974455.6757667,0,0,26,3.250
1764974455.6797762,0,0,26,3.250
1764974455.6837687,0,0,26,3.250
1764974455.687766,0,0,27,3.375
1764974455.6917665,0,0,25,3.125
1764974455.6957648,0,0,25,3.125
1764974455.6997712,0,0,26,3.250
1764974455.703766,0,0,26,3.250
1764974455.7077658,0,0,27,3.375
1764974455.711772,0,0,25,3.125
1764974455.7157643,0,0,26,3.250
1764974455.7197702,0,0,26,3.250
1764974455.7237656,0,0,26,3.250
1764974455.7277665,0,0,28,3.500
1764974455.7317698,0,0,25,3.125
1764974455.7357624,0,0,26,3.250
1764974455.7398038,0,0,26,3.250
1764974455.7437704,0,0,26,3.250
1764974455.7477658,0,0,27,3.375
1764974455.7517858,0,0,25,3.125
1764974455.7607315,0,0,26,3.250
1764974455.7637935,0,0,26,3.250
1764974455.7677703,0,0,27,3.375
1764974455.7717679,0,0,25,3.125
1764974455.7757516,0,0,25,3.125
1764974455.7797673,0,0,25,3.125
1764974455.783765,0,0,26,3.250
1764974455.787767,0,0,27,3.375
1764974455.7921045,0,0,25,3.125
1764974455.795972,0,0,26,3.250
1764974455.7997994,0,0,26,3.250
1764974455.803766,0,0,26,3.250
1764974455.8077676,0,0,28,3.500
1764974455.8117626,0,0,25,3.125
1764974455.8157506,0,0,25,3.125
1764974455.819769,0,0,26,3.250
1764974455.823769,0,0,26,3.250
1764974455.8277636,0,0,27,3.375
1764974455.83177,0,0,26,3.250
1764974455.8357654,0,0,25,3.125
1764974455.8398132,0,0,25,3.125
1764974455.8437638,0,0,26,3.250
1764974455.847765,0,0,27,3.375
1764974455.8517702,0,0,26,3.250
1764974455.8557656,0,0,26,3.250
1764974455.8597713,0,0,25,3.125
1764974455.8637648,0,0,26,3.250
1764974455.8677645,0,0,27,3.375
1764974455.871773,0,0,25,3.125
1764974455.8757663,0,0,25,3.125
1764974455.8797696,0,0,25,3.125
1764974455.8837664,0,0,27,3.375
1764974455.887762,0,0,27,3.375
1764974455.8917572,0,0,26,3.250
1764974455.8957512,0,0,25,3.125
1764974455.8997676,0,0,26,3.250
1764974455.903764,0,0,26,3.250
1764974455.9077632,0,0,28,3.500
1764974455.9117715,0,0,26,3.250
1764974455.9157622,0,0,25,3.125
1764974455.9197652,0,0,26,3.250
1764974455.9237654,0,0,27,3.375
1764974455.927766,0,0,27,3.375
1764974455.9317663,0,0,26,3.250
1764974455.9357586,0,0,26,3.250
1764974455.9397855,0,0,27,3.375
1764974455.9437494,0,0,27,3.375
1764974455.9477468,0,0,26,3.250
1764974455.9517658,0,0,26,3.250
1764974455.9557612,0,0,26,3.250
1764974455.9598305,0,0,26,3.250
1764974455.9637635,0,0,27,3.375
1764974455.967749,0,0,26,3.250
1764974455.97178,0,0,25,3.125
1764974455.9757636,0,0,26,3.250
1764974455.9797645,0,0,26,3.250
1764974455.9837692,0,0,27,3.375
1764974455.9877663,0,0,26,3.250
1764974455.991763,0,0,25,3.125
1764974455.9957461,0,0,26,3.250
1764974455.9997635,0,0,26,3.250
1764974456.0037618,0,0,27,3.375
1764974456.0077622,0,0,26,3.250
1764974456.011765,0,0,25,3.125
1764974456.0157623,0,0,26,3.250
1764974456.0197666,0,0,26,3.250
1764974456.023762,0,0,27,3.375
1764974456.02776,0,0,26,3.250
1764974456.0317686,0,0,25,3.125
1764974456.0357635,0,0,25,3.125
1764974456.0398226,0,0,26,3.250
1764974456.0437458,0,0,26,3.250
1764974456.0477457,0,0,26,3.250
1764974456.051758,0,0,25,3.125
1764974456.0557477,0,0,26,3.250
1764974456.0597634,0,0,26,3.250
1764974456.0637634,0,0,27,3.375
1764974456.0677612,0,0,26,3.250
1764974456.0717542,0,0,25,3.125
1764974456.075747,0,0,26,3.250
1764974456.079769,0,0,26,3.250
1764974456.083766,0,0,27,3.375
1764974456.0877635,0,0,26,3.250
1764974456.0917685,0,0,25,3.125
1764974456.0957775,0,0,26,3.250
1764974456.0997694,0,0,26,3.250
1764974456.1037667,0,0,27,3.375
1764974456.1077611,0,0,26,3.250
1764974456.1117816,0,0,25,3.125
1764974456.1157632,0,0,25,3.125
1764974456.1197693,0,0,26,3.250
1764974456.1237643,0,0,27,3.375
1764974456.127775,0,0,26,3.250
1764974456.1317675,0,0,25,3.125
1764974456.1357613,0,0,25,3.125
1764974456.1397748,0,0,25,3.125
1764974456.1437604,0,0,27,3.375
1764974456.1477447,0,0,26,3.250
1764974456.151766,0,0,25,3.125
1764974456.1557593,0,0,26,3.250
1764974456.159834,0,0,26,3.250
1764974456.1637747,0,0,27,3.375
1764974456.167763,0,0,26,3.250
1764974456.1717632,0,0,25,3.125
1764974456.175751,0,0,26,3.250
1764974456.1797688,0,0,26,3.250
1764974456.1837642,0,0,27,3.375
1764974456.1877642,0,0,27,3.375
1764974456.1917593,0,0,25,3.125
1764974456.1957433,0,0,26,3.250
1764974456.1997616,0,0,26,3.250
1764974456.2037592,0,0,26,3.250
1764974456.2077744,0,0,27,3.375
1764974456.2117689,0,0,25,3.125
1764974456.2157764,0,0,26,3.250
1764974456.2197623,0,0,26,3.250
1764974456.2237449,0,0,27,3.375
1764974456.2277465,0,0,27,3.375
1764974456.2317784,0,0,25,3.125
1764974456.2357633,0,0,26,3.250
1764974456.2397928,0,0,26,3.250
1764974456.2437437,0,0,27,3.375
1764974456.247754,0,0,27,3.375
1764974456.251766,0,0,25,3.125
1764974456.2557654,0,0,26,3.250
1764974456.2597673,0,0,26,3.250
1764974456.2637584,0,0,27,3.375
1764974456.2677577,0,0,27,3.375
1764974456.2717695,0,0,25,3.125
1764974456.2757611,0,0,25,3.125
1764974456.2797613,0,0,26,3.250
1764974456.2837555,0,0,26,3.250
1764974456.28776,0,0,27,3.375
1764974456.2917633,0,0,25,3.125
1764974456.2957582,0,0,26,3.250
1764974456.2997653,0,0,26,3.250
1764974456.3037617,0,0,26,3.250
1764974456.307757,0,0,27,3.375
1764974456.3117988,0,0,25,3.125
1764974456.315767,0,0,26,3.250
1764974456.3197556,0,0,26,3.250
1764974456.323744,0,0,27,3.375
1764974456.3277407,0,0,27,3.375
1764974456.3317618,0,0,25,3.125
1764974456.3357604,0,0,25,3.125
1764974456.3397746,0,0,26,3.250
1764974456.343748,0,0,26,3.250
1764974456.3477445,0,0,27,3.375
1764974456.3517606,0,0,25,3.125
1764974456.3557582,0,0,26,3.250
1764974456.3598316,0,0,26,3.250
1764974456.363774,0,0,27,3.375
1764974456.3677595,0,0,27,3.375
1764974456.3717542,0,0,25,3.125
1764974456.375743,0,0,26,3.250
1764974456.3797557,0,0,26,3.250
1764974456.383759,0,0,26,3.250
1764974456.3877585,0,0,28,3.500
1764974456.3917563,0,0,25,3.125
1764974456.3957431,0,0,26,3.250
1764974456.399761,0,0,26,3.250
1764974456.4037604,0,0,26,3.250
1764974456.4077575,0,0,27,3.375
1764974456.411759,0,0,25,3.125
1764974456.4157557,0,0,26,3.250
1764974456.4197884,0,0,26,3.250
1764974456.423761,0,0,26,3.250
1764974456.4277601,0,0,27,3.375
1764974456.4317532,0,0,25,3.125
1764974456.4357424,0,0,26,3.250
1764974456.4397962,0,0,26,3.250
1764974456.4437585,0,0,27,3.375
1764974456.4477599,0,0,28,3.500
1764974456.4517546,0,0,26,3.250
1764974456.4557464,0,0,26,3.250
1764974456.459761,0,0,26,3.250
1764974456.4637566,0,0,28,3.500
1764974456.4677541,0,0,25,3.125
1764974456.47177,0,0,26,3.250
1764974456.475758,0,0,26,3.250
1764974456.4797585,0,0,26,3.250
1764974456.4837537,0,0,27,3.375
1764974456.4877553,0,0,26,3.250
1764974456.4917622,0,0,25,3.125
1764974456.4957569,0,0,26,3.250
1764974456.4997616,0,0,27,3.375
1764974456.503757,0,0,27,3.375
1764974456.5077524,0,0,25,3.125
1764974456.5117607,0,0,26,3.250
1764974456.515757,0,0,26,3.250
1764974456.5197597,0,0,27,3.375
1764974456.5237558,0,0,27,3.375
1764974456.5277524,0,0,25,3.125
1764974456.5317585,0,0,26,3.250
1764974456.535755,0,0,26,3.250
1764974456.5397758,0,0,26,3.250
1764974456.5437524,0,0,27,3.375
1764974456.5477521,0,0,26,3.250
1764974456.5517612,0,0,25,3.125
1764974456.5557525,0,0,25,3.125
1764974456.5598278,0,0,26,3.250
1764974456.5637698,0,0,27,3.375
1764974456.5677586,0,0,26,3.250
1764974456.57175,0,0,25,3.125
1764974456.5757396,0,0,25,3.125
1764974456.5797539,0,0,27,3.375
1764974456.5837612,0,0,27,3.375
1764974456.587757,0,0,26,3.250
1764974456.5917535,0,0,26,3.250
1764974456.5957391,0,0,26,3.250
1764974456.599745,0,0,26,3.250
1764974456.6037414,0,0,27,3.375
1764974456.6077416,0,0,26,3.250
1764974456.61176,0,0,25,3.125
1764974456.6157558,0,0,26,3.250
1764974456.6197586,0,0,26,3.250
1764974456.6237555,0,0,27,3.375
1764974456.627757,0,0,26,3.250
1764974456.6317637,0,0,25,3.125
1764974456.6357787,0,0,26,3.250
1764974456.639791,0,0,26,3.250
1764974456.6437373,0,0,27,3.375
1764974456.6477396,0,0,26,3.250
1764974456.6517575,0,0,25,3.125
1764974456.6557581,0,0,26,3.250
1764974456.6597483,0,0,26,3.250
1764974456.6637368,0,0,27,3.375
1764974456.667737,0,0,26,3.250
1764974456.6717644,0,0,25,3.125
1764974456.675756,0,0,25,3.125
1764974456.6797569,0,0,26,3.250
1764974456.6837535,0,0,27,3.375
1764974456.6877549,0,0,26,3.250
1764974456.691759,0,0,25,3.125
1764974456.6957548,0,0,26,3.250
1764974456.69976,0,0,26,3.250
1764974456.7037554,0,0,27,3.375
1764974456.7077525,0,0,26,3.250
1764974456.711761,0,0,25,3.125
1764974456.7157543,0,0,26,3.250
1764974456.719762,0,0,27,3.375
1764974456.7237513,0,0,27,3.375
1764974456.727749,0,0,26,3.250
1764974456.7317545,0,0,25,3.125
1764974456.735753,0,0,26,3.250
1764974456.7397938,0,0,26,3.250
1764974456.7437508,0,0,27,3.375
1764974456.7477508,0,0,26,3.250
1764974456.7517576,0,0,25,3.125
1764974456.7557545,0,0,26,3.250
1764974456.7647493,0,0,28,3.500
1764974456.7678242,0,0,27,3.375
1764974456.771756,0,0,25,3.125
1764974456.775738,0,0,25,3.125
1764974456.7797487,0,0,26,3.250
1764974456.783756,0,0,27,3.375
1764974456.7877543,0,0,27,3.375
1764974456.7920933,0,0,25,3.125
1764974456.7959683,0,0,26,3.250
1764974456.79979,0,0,26,3.250
1764974456.8037581,0,0,27,3.375
1764974456.8077552,0,0,27,3.375
1764974456.8117561,0,0,24,3.000
1764974456.8157506,0,0,26,3.250
1764974456.8197782,0,0,26,3.250
1764974456.8237603,0,0,27,3.375
1764974456.827754,0,0,26,3.250
1764974456.831751,0,0,25,3.125
1764974456.835738,0,0,26,3.250
1764974456.8397896,0,0,27,3.375
1764974456.8437529,0,0,27,3.375
1764974456.8477564,0,0,27,3.375
1764974456.8518693,0,0,25,3.125
1764974456.8559651,0,0,26,3.250
1764974456.8597908,0,0,25,3.125
1764974456.8637533,0,0,26,3.250
1764974456.8677511,0,0,27,3.375
1764974456.8717575,0,0,25,3.125
1764974456.8757524,0,0,26,3.250
1764974456.8797524,0,0,27,3.375
1764974456.883749,0,0,26,3.250
1764974456.8877473,0,0,27,3.375
1764974456.8917687,0,0,25,3.125
1764974456.8957512,0,0,26,3.250
1764974456.8997517,0,0,26,3.250
1764974456.9037476,0,0,26,3.250
1764974456.907745,0,0,27,3.375
1764974456.911753,0,0,25,3.125
1764974456.9157495,0,0,25,3.125
1764974456.9197514,0,0,26,3.250
1764974456.9237504,0,0,26,3.250
1764974456.92775,0,0,27,3.375
1764974456.9317567,0,0,25,3.125
1764974456.935755,0,0,25,3.125
1764974456.939799,0,0,26,3.250
1764974456.9437516,0,0,26,3.250
1764974456.9477487,0,0,27,3.375
1764974456.9517553,0,0,25,3.125
1764974456.9557526,0,0,26,3.250
1764974456.9597476,0,0,26,3.250
1764974456.9638295,0,0,27,3.375
1764974456.9677608,0,0,28,3.500
1764974456.971754,0,0,25,3.125
1764974456.9757464,0,0,26,3.250
1764974456.9797606,0,0,26,3.250
1764974456.9837568,0,0,27,3.375
1764974456.9877517,0,0,27,3.375
1764974456.9917407,0,0,26,3.250
1764974456.995732,0,0,26,3.250
1764974456.9997525,0,0,27,3.375
1764974457.003753,0,0,27,3.375
1764974457.0077522,0,0,25,3.125
1764974457.0117533,0,0,25,3.125
1764974457.0157485,0,0,25,3.125
1764974457.0197582,0,0,27,3.375
1764974457.0237622,0,0,27,3.375
1764974457.027752,0,0,25,3.125
1764974457.0317585,0,0,26,3.250
1764974457.0357492,0,0,26,3.250
1764974457.0397887,0,0,27,3.375
1764974457.0437546,0,0,27,3.375
1764974457.0477533,0,0,25,3.125
1764974457.0517542,0,0,26,3.250
1764974457.055747,0,0,26,3.250
1764974457.0597541,0,0,26,3.250
1764974457.0637524,0,0,27,3.375
1764974457.0677524,0,0,25,3.125
1764974457.0717545,0,0,25,3.125
1764974457.0757527,0,0,26,3.250
1764974457.0797462,0,0,27,3.375
1764974457.0837338,0,0,27,3.375
1764974457.087734,0,0,25,3.125
1764974457.0917575,0,0,26,3.250
1764974457.0957506,0,0,26,3.250
1764974457.0997517,0,0,27,3.375
1764974457.1037474,0,0,27,3.375
1764974457.1077478,0,0,24,3.000
1764974457.1117535,0,0,25,3.125
1764974457.115751,0,0,26,3.250
1764974457.1197546,0,0,26,3.250
1764974457.1237488,0,0,28,3.500
1764974457.1277468,0,0,25,3.125
1764974457.1317563,0,0,25,3.125
1764974457.135751,0,0,26,3.250
1764974457.1397789,0,0,26,3.250
1764974457.1437314,0,0,27,3.375
1764974457.1477304,0,0,26,3.250
1764974457.151753,0,0,26,3.250
1764974457.1557505,0,0,26,3.250
1764974457.1597512,0,0,26,3.250
1764974457.1638281,0,0,27,3.375
1764974457.1677642,0,0,25,3.125
1764974457.1717484,0,0,25,3.125
1764974457.1757343,0,0,26,3.250
1764974457.1797583,0,0,26,3.250
1764974457.1837566,0,0,27,3.375
1764974457.1877482,0,0,25,3.125
1764974457.191748,0,0,25,3.125
1764974457.1957314,0,0,26,3.250
1764974457.1997538,0,0,26,3.250
1764974457.203753,0,0,27,3.375
1764974457.2077522,0,0,26,3.250
1764974457.2117524,0,0,25,3.125
1764974457.2157478,0,0,26,3.250
1764974457.2197554,0,0,26,3.250
1764974457.2237551,0,0,27,3.375
1764974457.2277572,0,0,26,3.250
1764974457.23176,0,0,25,3.125
1764974457.235749,0,0,26,3.250
1764974457.239781,0,0,27,3.375
1764974457.2437325,0,0,27,3.375
1764974457.247735,0,0,26,3.250
1764974457.2517533,0,0,26,3.250
1764974457.2557466,0,0,25,3.125
1764974457.2597435,0,0,27,3.375
1764974457.2637331,0,0,28,3.500
1764974457.2677321,0,0,26,3.250
1764974457.2717566,0,0,25,3.125
1764974457.2757459,0,0,26,3.250
1764974457.279751,0,0,26,3.250
1764974457.2837431,0,0,27,3.375
1764974457.2877462,0,0,26,3.250
1764974457.2917516,0,0,26,3.250
1764974457.2957475,0,0,26,3.250
1764974457.2997475,0,0,26,3.250
1764974457.3037422,0,0,27,3.375
1764974457.3077457,0,0,26,3.250
1764974457.3117514,0,0,26,3.250
1764974457.3157468,0,0,26,3.250
1764974457.3197482,0,0,26,3.250
1764974457.323745,0,0,27,3.375
1764974457.3277433,0,0,26,3.250
1764974457.3317506,0,0,25,3.125
1764974457.335748,0,0,26,3.250
1764974457.3397677,0,0,26,3.250
1764974457.343747,0,0,27,3.375
1764974457.3477435,0,0,26,3.250
1764974457.3517497,0,0,26,3.250
1764974457.3557482,0,0,26,3.250
1764974457.359747,0,0,26,3.250
1764974457.363818,0,0,27,3.375
1764974457.3677611,0,0,27,3.375
1764974457.3717437,0,0,25,3.125
1764974457.3757317,0,0,26,3.250
1764974457.379746,0,0,26,3.250
1764974457.3837485,0,0,27,3.375
1764974457.3877437,0,0,26,3.250
1764974457.3917406,0,0,25,3.125
1764974457.395732,0,0,25,3.125
1764974457.3997488,0,0,26,3.250
1764974457.4037485,0,0,27,3.375
1764974457.407746,0,0,26,3.250
1764974457.4117508,0,0,25,3.125
1764974457.415744,0,0,26,3.250
1764974457.4197714,0,0,26,3.250
1764974457.4237545,0,0,26,3.250
1764974457.427747,0,0,26,3.250
1764974457.431738,0,0,25,3.125
1764974457.4357266,0,0,25,3.125
1764974457.4397793,0,0,26,3.250
1764974457.4437504,0,0,27,3.375
1764974457.4477472,0,0,26,3.250
1764974457.4517438,0,0,25,3.125
1764974457.4557405,0,0,26,3.250
1764974457.4597445,0,0,26,3.250
1764974457.463748,0,0,27,3.375
1764974457.4677434,0,0,26,3.250
1764974457.4717414,0,0,25,3.125
1764974457.4757278,0,0,26,3.250
1764974457.4797475,0,0,26,3.250
1764974457.483748,0,0,27,3.375
1764974457.4877455,0,0,27,3.375
1764974457.491752,0,0,25,3.125
1764974457.495743,0,0,26,3.250
1764974457.499747,0,0,26,3.250
1764974457.5037408,0,0,27,3.375
1764974457.5077446,0,0,27,3.375
1764974457.5117512,0,0,26,3.250
1764974457.5157433,0,0,26,3.250
1764974457.519745,0,0,26,3.250
1764974457.5237405,0,0,27,3.375
1764974457.527747,0,0,25,3.125
1764974457.5317507,0,0,26,3.250
1764974457.5357418,0,0,26,3.250
1764974457.539759,0,0,26,3.250
1764974457.5437407,0,0,27,3.375
1764974457.5477402,0,0,25,3.125
1764974457.5517445,0,0,26,3.250
1764974457.555742,0,0,26,3.250
1764974457.5597467,0,0,26,3.250
1764974457.5638096,0,0,27,3.375
1764974457.5677512,0,0,25,3.125
1764974457.5717397,0,0,25,3.125
1764974457.575728,0,0,26,3.250
1764974457.5797453,0,0,27,3.375
1764974457.583742,0,0,27,3.375
1764974457.58774,0,0,25,3.125
1764974457.5917337,0,0,26,3.250
1764974457.595727,0,0,26,3.250
1764974457.5997467,0,0,27,3.375
1764974457.603747,0,0,28,3.500
1764974457.607743,0,0,25,3.125
1764974457.6117442,0,0,26,3.250
1764974457.6157465,0,0,26,3.250
1764974457.6197498,0,0,27,3.375
1764974457.6237457,0,0,27,3.375
1764974457.6277409,0,0,25,3.125
1764974457.6317434,0,0,26,3.250
1764974457.6357427,0,0,26,3.250
1764974457.6397805,0,0,26,3.250
1764974457.643754,0,0,27,3.375
1764974457.6477509,0,0,25,3.125
1764974457.6517391,0,0,25,3.125
1764974457.6557271,0,0,26,3.250
1764974457.6597419,0,0,27,3.375
1764974457.6637464,0,0,27,3.375
1764974457.6677427,0,0,25,3.125
1764974457.6717331,0,0,26,3.250
1764974457.6757238,0,0,26,3.250
1764974457.6797466,0,0,27,3.375
1764974457.683747,0,0,27,3.375
1764974457.6877458,0,0,25,3.125
1764974457.6917455,0,0,26,3.250
1764974457.695741,0,0,25,3.125
1764974457.6997426,0,0,26,3.250
1764974457.7037408,0,0,27,3.375
1764974457.707739,0,0,25,3.125
1764974457.711744,0,0,25,3.125
1764974457.7157364,0,0,26,3.250
1764974457.7197425,0,0,26,3.250
1764974457.7237372,0,0,27,3.375
1764974457.727742,0,0,25,3.125
1764974457.7317479,0,0,25,3.125
1764974457.7357419,0,0,26,3.250
1764974457.7397823,0,0,26,3.250
1764974457.743741,0,0,27,3.375
1764974457.747742,0,0,25,3.125
1764974457.751744,0,0,25,3.125
1764974457.7557423,0,0,26,3.250
1764974457.7597444,0,0,26,3.250
1764974457.768652,0,0,26,3.250
1764974457.7717705,0,0,26,3.250
1764974457.7757485,0,0,26,3.250
1764974457.7797434,0,0,26,3.250
1764974457.783737,0,0,27,3.375
1764974457.7877355,0,0,26,3.250
1764974457.7920766,0,0,26,3.250
1764974457.795953,0,0,26,3.250
1764974457.7997692,0,0,27,3.375
1764974457.8037388,0,0,27,3.375
1764974457.8077397,0,0,25,3.125
1764974457.811744,0,0,26,3.250
1764974457.8157454,0,0,26,3.250
1764974457.8197443,0,0,26,3.250
1764974457.8237405,0,0,27,3.375
1764974457.8277433,0,0,25,3.125
1764974457.8317516,0,0,25,3.125
1764974457.8357422,0,0,26,3.250
1764974457.8397753,0,0,27,3.375
1764974457.843726,0,0,27,3.375
1764974457.847721,0,0,26,3.250
1764974457.851736,0,0,26,3.250
1764974457.8557339,0,0,26,3.250
1764974457.8597443,0,0,27,3.375
1764974457.8637419,0,0,27,3.375
1764974457.8677394,0,0,25,3.125
1764974457.8717422,0,0,25,3.125
1764974457.875736,0,0,26,3.250
1764974457.8797426,0,0,26,3.250
1764974457.883737,0,0,28,3.500
1764974457.887739,0,0,26,3.250
1764974457.8917396,0,0,25,3.125
1764974457.8957384,0,0,25,3.125
1764974457.8997388,0,0,26,3.250
1764974457.9037416,0,0,27,3.375
1764974457.90774,0,0,26,3.250
1764974457.9117467,0,0,25,3.125
1764974457.9157376,0,0,26,3.250
1764974457.919742,0,0,27,3.375
1764974457.9237394,0,0,27,3.375
1764974457.9277408,0,0,26,3.250
1764974457.9317417,0,0,26,3.250
1764974457.9357374,0,0,26,3.250
1764974457.9397743,0,0,26,3.250
1764974457.943739,0,0,27,3.375
1764974457.94774,0,0,26,3.250
1764974457.9517438,0,0,26,3.250
1764974457.955741,0,0,25,3.125
1764974457.9597433,0,0,26,3.250
1764974457.963736,0,0,27,3.375
1764974457.9678252,0,0,26,3.250
1764974457.9717534,0,0,25,3.125
1764974457.9757261,0,0,25,3.125
1764974457.979737,0,0,26,3.250
1764974457.983721,0,0,27,3.375
1764974457.9877198,0,0,26,3.250
1764974457.9917266,0,0,26,3.250
1764974457.99572,0,0,26,3.250
1764974457.999741,0,0,26,3.250
1764974458.003737,0,0,27,3.375
1764974458.0077374,0,0,26,3.250
1764974458.011747,0,0,25,3.125
1764974458.015741,0,0,26,3.250
1764974458.0197437,0,0,26,3.250
1764974458.0237381,0,0,27,3.375
1764974458.0277379,0,0,26,3.250
1764974458.031744,0,0,25,3.125
1764974458.03574,0,0,25,3.125
1764974458.0397747,0,0,26,3.250
1764974458.0437238,0,0,27,3.375
1764974458.0477214,0,0,26,3.250
1764974458.0517414,0,0,25,3.125
1764974458.0557442,0,0,26,3.250
1764974458.059745,0,0,26,3.250
1764974458.0637264,0,0,27,3.375
1764974458.0677197,0,0,25,3.125
1764974458.0717375,0,0,26,3.250
1764974458.0757358,0,0,27,3.375
1764974458.079736,0,0,27,3.375
1764974458.0837224,0,0,27,3.375
1764974458.0877175,0,0,25,3.125
1764974458.0917406,0,0,25,3.125
1764974458.0957363,0,0,26,3.250
1764974458.0997422,0,0,26,3.250
1764974458.10374,0,0,27,3.375
1764974458.1077383,0,0,25,3.125
1764974458.111738,0,0,26,3.250
1764974458.1157386,0,0,26,3.250
1764974458.1197348,0,0,27,3.375
1764974458.1237226,0,0,27,3.375
1764974458.127723,0,0,25,3.125
1764974458.1317413,0,0,26,3.250
1764974458.1357348,0,0,26,3.250
1764974458.1397665,0,0,27,3.375
1764974458.1437218,0,0,27,3.375
1764974458.1477203,0,0,25,3.125
1764974458.1517434,0,0,26,3.250
1764974458.1557357,0,0,26,3.250
1764974458.159741,0,0,27,3.375
1764974458.1637337,0,0,27,3.375
1764974458.1678193,0,0,25,3.125
1764974458.1717556,0,0,25,3.125
1764974458.1757367,0,0,26,3.250
1764974458.1797416,0,0,27,3.375
1764974458.18374,0,0,27,3.375
1764974458.187737,0,0,25,3.125
1764974458.1917467,0,0,26,3.250
1764974458.1957376,0,0,26,3.250
1764974458.1997383,0,0,27,3.375
1764974458.2037358,0,0,27,3.375
1764974458.207739,0,0,25,3.125
1764974458.2117414,0,0,25,3.125
1764974458.2157352,0,0,26,3.250
1764974458.2197392,0,0,26,3.250
1764974458.2237346,0,0,27,3.375
1764974458.2277336,0,0,25,3.125
1764974458.2317357,0,0,26,3.250
1764974458.2357345,0,0,26,3.250
1764974458.2397795,0,0,26,3.250
1764974458.243733,0,0,27,3.375
1764974458.2477355,0,0,25,3.125
1764974458.2517445,0,0,26,3.250
1764974458.255734,0,0,26,3.250
1764974458.2597356,0,0,26,3.250
1764974458.2637339,0,0,27,3.375
1764974458.267733,0,0,25,3.125
1764974458.2717235,0,0,26,3.250
1764974458.2757192,0,0,26,3.250
1764974458.2797382,0,0,27,3.375
1764974458.2837362,0,0,27,3.375
1764974458.287733,0,0,25,3.125
1764974458.291734,0,0,26,3.250
1764974458.2957342,0,0,26,3.250
1764974458.299739,0,0,27,3.375
1764974458.3037345,0,0,27,3.375
1764974458.3077316,0,0,25,3.125
1764974458.3117368,0,0,26,3.250
1764974458.315733,0,0,26,3.250
1764974458.3197408,0,0,26,3.250
1764974458.323733,0,0,27,3.375
1764974458.3277402,0,0,25,3.125
1764974458.3317392,0,0,25,3.125
1764974458.3357334,0,0,26,3.250
1764974458.3397555,0,0,26,3.250
1764974458.3437366,0,0,27,3.375
1764974458.347736,0,0,25,3.125
1764974458.351739,0,0,25,3.125
1764974458.355734,0,0,26,3.250
1764974458.3597386,0,0,26,3.250
1764974458.3637354,0,0,27,3.375
1764974458.3678062,0,0,25,3.125
1764974458.3717546,0,0,26,3.250
1764974458.375733,0,0,26,3.250
1764974458.3797374,0,0,26,3.250
1764974458.3837373,0,0,27,3.375
1764974458.387735,0,0,25,3.125
1764974458.3917396,0,0,26,3.250
1764974458.39573,0,0,26,3.250
1764974458.3997362,0,0,27,3.375
1764974458.403733,0,0,27,3.375
1764974458.4077322,0,0,26,3.250
1764974458.4117353,0,0,26,3.250
1764974458.4157357,0,0,26,3.250
1764974458.4197338,0,0,27,3.375
1764974458.4237354,0,0,28,3.500
1764974458.4278448,0,0,25,3.125
1764974458.4317594,0,0,26,3.250
1764974458.435732,0,0,26,3.250
1764974458.439772,0,0,26,3.250
1764974458.4437273,0,0,27,3.375
1764974458.4477262,0,0,25,3.125
1764974458.4517293,0,0,25,3.125
1764974458.4557316,0,0,26,3.250
1764974458.459734,0,0,26,3.250
1764974458.4637291,0,0,27,3.375
1764974458.467728,0,0,25,3.125
1764974458.4717329,0,0,26,3.250
1764974458.47573,0,0,26,3.250
1764974458.479734,0,0,27,3.375
1764974458.4837298,0,0,27,3.375
1764974458.4877267,0,0,25,3.125
1764974458.49173,0,0,26,3.250
1764974458.4957325,0,0,26,3.250
1764974458.4997325,0,0,26,3.250
1764974458.5037317,0,0,27,3.375
1764974458.5077305,0,0,25,3.125
1764974458.5117376,0,0,25,3.125
1764974458.5157332,0,0,26,3.250
1764974458.5197394,0,0,26,3.250
1764974458.523733,0,0,27,3.375
1764974458.5277383,0,0,26,3.250
1764974458.531734,0,0,25,3.125
1764974458.53573,0,0,25,3.125
1764974458.5397716,0,0,27,3.375
1764974458.543734,0,0,27,3.375
1764974458.5477328,0,0,25,3.125
1764974458.551733,0,0,25,3.125
1764974458.55573,0,0,26,3.250
1764974458.5597384,0,0,26,3.250
1764974458.5637324,0,0,27,3.375
1764974458.5678098,0,0,26,3.250
1764974458.571749,0,0,25,3.125
1764974458.5757313,0,0,26,3.250
1764974458.5797338,0,0,27,3.375
1764974458.583733,0,0,27,3.375
1764974458.587733,0,0,26,3.250
1764974458.591739,0,0,26,3.250
1764974458.5957274,0,0,26,3.250
1764974458.5997314,0,0,27,3.375
1764974458.6037295,0,0,28,3.500
1764974458.6077302,0,0,25,3.125
1764974458.611731,0,0,26,3.250
1764974458.615727,0,0,26,3.250
1764974458.6197307,0,0,27,3.375
1764974458.6237304,0,0,25,3.125
1764974458.6277373,0,0,25,3.125
1764974458.6317272,0,0,26,3.250
1764974458.6357138,0,0,26,3.250
1764974458.639756,0,0,27,3.375
1764974458.6437123,0,0,25,3.125
1764974458.6477118,0,0,25,3.125
1764974458.6517255,0,0,26,3.250
1764974458.6557152,0,0,26,3.250
1764974458.6597302,0,0,27,3.375
1764974458.6637325,0,0,26,3.250
1764974458.6677299,0,0,25,3.125
1764974458.671736,0,0,26,3.250
1764974458.6757317,0,0,26,3.250
1764974458.67973,0,0,27,3.375
1764974458.683733,0,0,26,3.250
1764974458.6877282,0,0,25,3.125
1764974458.6917348,0,0,25,3.125
1764974458.6957319,0,0,26,3.250
1764974458.6997366,0,0,27,3.375
1764974458.7037263,0,0,26,3.250
1764974458.7077262,0,0,25,3.125
1764974458.7117324,0,0,26,3.250
1764974458.7157302,0,0,27,3.375
1764974458.7197342,0,0,27,3.375
1764974458.7237303,0,0,27,3.375
1764974458.7277272,0,0,25,3.125
1764974458.7317328,0,0,26,3.250
1764974458.7357292,0,0,26,3.250
1764974458.7397687,0,0,27,3.375
1764974458.7437308,0,0,26,3.250
1764974458.747726,0,0,25,3.125
1764974458.7517302,0,0,26,3.250
1764974458.7557266,0,0,26,3.250
1764974458.7597334,0,0,26,3.250
1764974458.7637274,0,0,27,3.375
1764974458.7726736,0,0,26,3.250
1764974458.7757537,0,0,26,3.250
1764974458.7797346,0,0,27,3.375
1764974458.783713,0,0,27,3.375
1764974458.7877128,0,0,25,3.125
1764974458.7920682,0,0,25,3.125
1764974458.7959454,0,0,26,3.250
1764974458.799754,0,0,27,3.375
1764974458.803728,0,0,27,3.375
1764974458.8077261,0,0,25,3.125
1764974458.811733,0,0,26,3.250
1764974458.815722,0,0,27,3.375
1764974458.8197255,0,0,27,3.375
1764974458.823727,0,0,27,3.375
1764974458.8277252,0,0,25,3.125
1764974458.8317332,0,0,26,3.250
1764974458.8357291,0,0,26,3.250
1764974458.8397763,0,0,27,3.375
1764974458.8437357,0,0,27,3.375
1764974458.8477376,0,0,25,3.125
1764974458.8517244,0,0,26,3.250
1764974458.8557098,0,0,27,3.375
1764974458.8597286,0,0,27,3.375
1764974458.863727,0,0,27,3.375
1764974458.8677285,0,0,25,3.125
1764974458.8717258,0,0,26,3.250
1764974458.8757124,0,0,26,3.250
1764974458.879727,0,0,27,3.375
1764974458.8837261,0,0,27,3.375
1764974458.8877275,0,0,25,3.125
1764974458.8917296,0,0,26,3.250
1764974458.895725,0,0,26,3.250
1764974458.8997276,0,0,27,3.375
1764974458.9037251,0,0,27,3.375
1764974458.907725,0,0,26,3.250
1764974458.9117315,0,0,25,3.125
1764974458.9157267,0,0,26,3.250
1764974458.9197288,0,0,26,3.250
1764974458.9237256,0,0,27,3.375
1764974458.9277248,0,0,25,3.125
1764974458.931731,0,0,26,3.250
1764974458.935726,0,0,26,3.250
1764974458.9397714,0,0,26,3.250
1764974458.943726,0,0,27,3.375
1764974458.9477255,0,0,25,3.125
1764974458.9517267,0,0,26,3.250
1764974458.9557235,0,0,26,3.250
1764974458.9597309,0,0,26,3.250
1764974458.9637265,0,0,27,3.375
1764974458.9677227,0,0,25,3.125
1764974458.9718153,0,0,26,3.250
1764974458.9757478,0,0,26,3.250
1764974458.9797287,0,0,27,3.375
1764974458.9837127,0,0,27,3.375
1764974458.9877095,0,0,25,3.125
1764974458.9917374,0,0,25,3.125
1764974458.9957287,0,0,26,3.250
1764974458.999723,0,0,26,3.250
1764974459.0037136,0,0,27,3.375
1764974459.0077112,0,0,24,3.000
1764974459.0117307,0,0,26,3.250
1764974459.015725,0,0,26,3.250
1764974459.0197313,0,0,27,3.375
1764974459.0237274,0,0,27,3.375
1764974459.027729,0,0,25,3.125
1764974459.031741,0,0,26,3.250
1764974459.0357265,0,0,27,3.375
1764974459.039757,0,0,27,3.375
1764974459.043711,0,0,27,3.375
1764974459.0477097,0,0,25,3.125
1764974459.0517302,0,0,26,3.250
1764974459.0557227,0,0,26,3.250
1764974459.0597193,0,0,26,3.250
1764974459.0637083,0,0,27,3.375
1764974459.0677085,0,0,25,3.125
1764974459.0717316,0,0,25,3.125
1764974459.075725,0,0,26,3.250
1764974459.0797276,0,0,26,3.250
1764974459.0837228,0,0,28,3.500
1764974459.0877254,0,0,25,3.125
1764974459.0917256,0,0,26,3.250
1764974459.095723,0,0,26,3.250
1764974459.099726,0,0,27,3.375
1764974459.1037228,0,0,27,3.375
1764974459.1077235,0,0,25,3.125
1764974459.1117327,0,0,25,3.125
1764974459.1157262,0,0,26,3.250
1764974459.1197295,0,0,26,3.250
1764974459.1237257,0,0,27,3.375
1764974459.1277227,0,0,25,3.125
1764974459.1317286,0,0,25,3.125
1764974459.1357253,0,0,26,3.250
1764974459.139739,0,0,27,3.375
1764974459.1437068,0,0,28,3.500
1764974459.147706,0,0,26,3.250
1764974459.1517293,0,0,26,3.250
1764974459.1557271,0,0,27,3.375
1764974459.1597226,0,0,27,3.375
1764974459.1637063,0,0,25,3.125
1764974459.1677046,0,0,25,3.125
1764974459.1718318,0,0,26,3.250
1764974459.1757414,0,0,26,3.250
1764974459.1797261,0,0,27,3.375
1764974459.1837296,0,0,25,3.125
1764974459.1877217,0,0,25,3.125
1764974459.1917284,0,0,25,3.125
1764974459.1957288,0,0,27,3.375
1764974459.199723,0,0,27,3.375
1764974459.2037086,0,0,25,3.125
1764974459.207707,0,0,25,3.125
1764974459.2117276,0,0,26,3.250
1764974459.2157218,0,0,27,3.375
1764974459.2197268,0,0,27,3.375
1764974459.223724,0,0,26,3.250
1764974459.2277224,0,0,25,3.125
1764974459.2317266,0,0,26,3.250
1764974459.2357268,0,0,26,3.250
1764974459.2397616,0,0,27,3.375
1764974459.2437086,0,0,26,3.250
1764974459.2477071,0,0,25,3.125
1764974459.2517245,0,0,25,3.125
1764974459.25572,0,0,26,3.250
1764974459.2597156,0,0,28,3.500
1764974459.2637067,0,0,26,3.250
1764974459.2677073,0,0,25,3.125
1764974459.2717302,0,0,26,3.250
1764974459.2757206,0,0,26,3.250
1764974459.2797246,0,0,27,3.375
1764974459.2837212,0,0,26,3.250
1764974459.287725,0,0,25,3.125
1764974459.2917302,0,0,26,3.250
1764974459.2957191,0,0,26,3.250
1764974459.2997367,0,0,27,3.375
1764974459.303721,0,0,26,3.250
1764974459.3077211,0,0,25,3.125
1764974459.3117301,0,0,26,3.250
1764974459.3157346,0,0,27,3.375
1764974459.319726,0,0,27,3.375
1764974459.323721,0,0,26,3.250
1764974459.3277233,0,0,25,3.125
1764974459.3317387,0,0,25,3.125
1764974459.3357239,0,0,26,3.250
1764974459.3396893,0,0,27,3.375
1764974459.3437223,0,0,26,3.250
1764974459.347733,0,0,25,3.125
1764974459.35173,0,0,26,3.250
1764974459.3557248,0,0,26,3.250
1764974459.359728,0,0,27,3.375
1764974459.3637311,0,0,26,3.250
1764974459.3677201,0,0,25,3.125
1764974459.3718102,0,0,26,3.250
1764974459.3757381,0,0,26,3.250
1764974459.3797324,0,0,27,3.375
1764974459.383704,0,0,27,3.375
1764974459.3877032,0,0,25,3.125
1764974459.3917236,0,0,25,3.125
1764974459.3957338,0,0,26,3.250
1764974459.3997138,0,0,27,3.375
1764974459.4037046,0,0,26,3.250
1764974459.4077036,0,0,25,3.125
1764974459.4117239,0,0,26,3.250
1764974459.4157188,0,0,26,3.250
1764974459.4197264,0,0,27,3.375
1764974459.4237335,0,0,26,3.250
1764974459.4277184,0,0,25,3.125
1764974459.4317274,0,0,26,3.250
1764974459.4357212,0,0,26,3.250
1764974459.439765,0,0,27,3.375
1764974459.4437227,0,0,26,3.250
1764974459.4477324,0,0,25,3.125
1764974459.4517183,0,0,26,3.250
1764974459.4557002,0,0,26,3.250
1764974459.4597187,0,0,27,3.375
1764974459.463721,0,0,27,3.375
1764974459.4677184,0,0,25,3.125
1764974459.4717178,0,0,26,3.250
1764974459.4757128,0,0,26,3.250
1764974459.4797251,0,0,27,3.375
1764974459.4837253,0,0,27,3.375
1764974459.4877205,0,0,25,3.125
1764974459.491723,0,0,26,3.250
1764974459.4957201,0,0,26,3.250
1764974459.4997234,0,0,27,3.375
1764974459.503721,0,0,27,3.375
1764974459.5077229,0,0,26,3.250
1764974459.5117223,0,0,25,3.125
1764974459.5157127,0,0,26,3.250
1764974459.5197158,0,0,27,3.375
1764974459.5237215,0,0,27,3.375
1764974459.5277193,0,0,26,3.250
1764974459.5317187,0,0,26,3.250
1764974459.535716,0,0,26,3.250
1764974459.5397363,0,0,26,3.250
1764974459.5437155,0,0,26,3.250
1764974459.54772,0,0,25,3.125
1764974459.5517232,0,0,26,3.250
1764974459.555719,0,0,26,3.250
1764974459.5597186,0,0,27,3.375
1764974459.5637133,0,0,27,3.375
1764974459.5677154,0,0,25,3.125
1764974459.5717978,0,0,26,3.250
1764974459.5757535,0,0,26,3.250
1764974459.5797222,0,0,27,3.375
1764974459.5837018,0,0,27,3.375
1764974459.5877016,0,0,25,3.125
1764974459.5917246,0,0,25,3.125
1764974459.5957205,0,0,26,3.250
1764974459.5997152,0,0,26,3.250
1764974459.6037018,0,0,27,3.375
1764974459.607699,0,0,25,3.125
1764974459.6117356,0,0,26,3.250
1764974459.6157193,0,0,26,3.250
1764974459.6197252,0,0,26,3.250
1764974459.6237152,0,0,27,3.375
1764974459.6277237,0,0,25,3.125
1764974459.6317215,0,0,26,3.250
1764974459.6357396,0,0,26,3.250
1764974459.6397588,0,0,27,3.375
1764974459.6437054,0,0,27,3.375
1764974459.6476977,0,0,25,3.125
1764974459.6517293,0,0,26,3.250
1764974459.6557221,0,0,26,3.250
1764974459.659717,0,0,26,3.250
1764974459.6637022,0,0,28,3.500
1764974459.6677,0,0,25,3.125
1764974459.6717222,0,0,26,3.250
1764974459.6757176,0,0,26,3.250
1764974459.6797237,0,0,26,3.250
1764974459.683724,0,0,27,3.375
1764974459.6877193,0,0,25,3.125
1764974459.6917155,0,0,26,3.250
1764974459.695716,0,0,26,3.250
1764974459.6997256,0,0,26,3.250
1764974459.703722,0,0,25,3.125
1764974459.7077205,0,0,26,3.250
1764974459.711724,0,0,26,3.250
1764974459.7157185,0,0,26,3.250
1764974459.7197137,0,0,27,3.375
1764974459.7237036,0,0,25,3.125
1764974459.7277029,0,0,25,3.125
1764974459.7317226,0,0,26,3.250
1764974459.7357168,0,0,27,3.375
1764974459.7397368,0,0,27,3.375
1764974459.7437189,0,0,25,3.125
1764974459.747718,0,0,25,3.125
1764974459.7517216,0,0,26,3.250
1764974459.7557158,0,0,26,3.250
1764974459.7597184,0,0,28,3.500
1764974459.7637157,0,0,25,3.125
1764974459.7677171,0,0,25,3.125
1764974459.7766423,0,0,27,3.375
1764974459.7797399,0,0,27,3.375
1764974459.783718,0,0,25,3.125
1764974459.787719,0,0,25,3.125
1764974459.7920487,0,0,26,3.250
1764974459.7959354,0,0,26,3.250
1764974459.7997484,0,0,27,3.375
1764974459.8037126,0,0,26,3.250
1764974459.8077128,0,0,25,3.125
1764974459.8117633,0,0,26,3.250
1764974459.815731,0,0,26,3.250
1764974459.819717,0,0,27,3.375
1764974459.8237143,0,0,25,3.125
1764974459.8277118,0,0,25,3.125
1764974459.8317392,0,0,25,3.125
1764974459.8357232,0,0,26,3.250
1764974459.839765,0,0,27,3.375
1764974459.8437111,0,0,25,3.125
1764974459.847712,0,0,25,3.125
1764974459.8517213,0,0,26,3.250
1764974459.8557177,0,0,26,3.250
1764974459.8597102,0,0,27,3.375
1764974459.8636987,0,0,25,3.125
1764974459.8676982,0,0,25,3.125
1764974459.871721,0,0,26,3.250
1764974459.8757186,0,0,26,3.250
1764974459.8797219,0,0,27,3.375
1764974459.8837163,0,0,25,3.125
1764974459.887716,0,0,25,3.125
1764974459.8917112,0,0,26,3.250
1764974459.8957007,0,0,26,3.250
1764974459.8997173,0,0,27,3.375
1764974459.90372,0,0,26,3.250
1764974459.9077153,0,0,25,3.125
1764974459.9117203,0,0,26,3.250
1764974459.9157157,0,0,26,3.250
1764974459.9197214,0,0,27,3.375
1764974459.9237177,0,0,26,3.250
1764974459.9277153,0,0,25,3.125
1764974459.9317145,0,0,26,3.250
1764974459.9357119,0,0,26,3.250
1764974459.9397511,0,0,27,3.375
1764974459.9437175,0,0,26,3.250
1764974459.9477162,0,0,26,3.250
1764974459.9517207,0,0,26,3.250
1764974459.955714,0,0,27,3.375
1764974459.9597201,0,0,27,3.375
1764974459.963718,0,0,26,3.250
1764974459.967717,0,0,25,3.125
1764974459.971721,0,0,26,3.250
1764974459.9757907,0,0,26,3.250
1764974459.9797285,0,0,27,3.375
1764974459.983701,0,0,26,3.250
1764974459.9877005,0,0,25,3.125
1764974459.9917238,0,0,26,3.250
1764974459.9957159,0,0,26,3.250
1764974459.999709,0,0,27,3.375
1764974460.0036962,0,0,26,3.250
1764974460.0076993,0,0,25,3.125
1764974460.01172,0,0,26,3.250
1764974460.0157151,0,0,26,3.250
1764974460.019706,0,0,27,3.375
1764974460.0236933,0,0,26,3.250
1764974460.0276968,0,0,25,3.125
1764974460.0317194,0,0,26,3.250
1764974460.0357108,0,0,26,3.250
1764974460.03976,0,0,27,3.375
1764974460.0437143,0,0,27,3.375
1764974460.0477107,0,0,25,3.125
1764974460.0517182,0,0,25,3.125
1764974460.055713,0,0,26,3.250
1764974460.0597124,0,0,27,3.375
1764974460.0637136,0,0,26,3.250
1764974460.067713,0,0,25,3.125
1764974460.071719,0,0,26,3.250
1764974460.0757089,0,0,26,3.250
1764974460.0797207,0,0,27,3.375
1764974460.0837142,0,0,26,3.250
1764974460.087713,0,0,25,3.125
1764974460.091714,0,0,25,3.125
1764974460.0957146,0,0,26,3.250
1764974460.0997193,0,0,27,3.375
1764974460.1037161,0,0,27,3.375
1764974460.107709,0,0,25,3.125
1764974460.1117132,0,0,25,3.125
1764974460.1157138,0,0,26,3.250
1764974460.1197102,0,0,27,3.375
1764974460.1236968,0,0,27,3.375
1764974460.127695,0,0,25,3.125
1764974460.1317136,0,0,25,3.125
1764974460.1357107,0,0,26,3.250
1764974460.1397212,0,0,27,3.375
1764974460.1436958,0,0,27,3.375
1764974460.1476932,0,0,25,3.125
1764974460.1517115,0,0,26,3.250
1764974460.1557062,0,0,26,3.250
1764974460.159718,0,0,26,3.250
1764974460.1637137,0,0,27,3.375
1764974460.167712,0,0,25,3.125
1764974460.171708,0,0,26,3.250
1764974460.1757839,0,0,26,3.250
1764974460.1797194,0,0,27,3.375
1764974460.1837122,0,0,27,3.375
1764974460.1876976,0,0,25,3.125
1764974460.1917138,0,0,26,3.250
1764974460.1957078,0,0,27,3.375
1764974460.1997058,0,0,27,3.375
1764974460.203695,0,0,27,3.375
1764974460.207694,0,0,25,3.125
1764974460.2117164,0,0,26,3.250
1764974460.2157109,0,0,26,3.250
1764974460.2197163,0,0,27,3.375
1764974460.2237139,0,0,26,3.250
1764974460.2277226,0,0,25,3.125
1764974460.231716,0,0,25,3.125
1764974460.2357264,0,0,26,3.250
1764974460.2397513,0,0,26,3.250
1764974460.243696,0,0,27,3.375
1764974460.2476969,0,0,25,3.125
1764974460.251726,0,0,26,3.250
1764974460.255712,0,0,27,3.375
1764974460.2597063,0,0,28,3.500
1764974460.2636929,0,0,25,3.125
1764974460.267706,0,0,26,3.250
1764974460.2717192,0,0,26,3.250
1764974460.2757177,0,0,27,3.375
1764974460.2797136,0,0,27,3.375
1764974460.2837088,0,0,25,3.125
1764974460.2877076,0,0,26,3.250
1764974460.2917125,0,0,26,3.250
1764974460.2957106,0,0,27,3.375
1764974460.299715,0,0,26,3.250
1764974460.3037062,0,0,25,3.125
1764974460.3077078,0,0,26,3.250
1764974460.3117156,0,0,26,3.250
1764974460.3157105,0,0,26,3.250
1764974460.3197145,0,0,27,3.375
1764974460.3237095,0,0,25,3.125
1764974460.327706,0,0,25,3.125
1764974460.331713,0,0,26,3.250
1764974460.3357072,0,0,26,3.250
1764974460.3397286,0,0,27,3.375
1764974460.3437092,0,0,25,3.125
1764974460.3477054,0,0,26,3.250
1764974460.3517084,0,0,26,3.250
1764974460.3557098,0,0,26,3.250
1764974460.3597136,0,0,27,3.375
1764974460.363708,0,0,25,3.125
1764974460.3677056,0,0,25,3.125
1764974460.371711,0,0,26,3.250
1764974460.375778,0,0,27,3.375
1764974460.3797216,0,0,28,3.500
1764974460.3836946,0,0,25,3.125
1764974460.3876941,0,0,26,3.250
1764974460.3917098,0,0,26,3.250
1764974460.3957074,0,0,26,3.250
1764974460.3997083,0,0,27,3.375
1764974460.4037046,0,0,25,3.125
1764974460.4076934,0,0,25,3.125
1764974460.4117105,0,0,26,3.250
1764974460.4157066,0,0,26,3.250
1764974460.419709,0,0,27,3.375
1764974460.4237096,0,0,25,3.125
1764974460.427711,0,0,26,3.250
1764974460.4317176,0,0,26,3.250
1764974460.4357107,0,0,26,3.250
1764974460.4397504,0,0,27,3.375
1764974460.4436934,0,0,25,3.125
1764974460.4477084,0,0,26,3.250
1764974460.451713,0,0,26,3.250
1764974460.4557068,0,0,27,3.375
1764974460.4597127,0,0,27,3.375
1764974460.4636881,0,0,25,3.125
1764974460.4676943,0,0,26,3.250
1764974460.4717104,0,0,26,3.250
1764974460.475709,0,0,26,3.250
1764974460.479712,0,0,27,3.375
1764974460.4837065,0,0,25,3.125
1764974460.4877062,0,0,25,3.125
1764974460.4917128,0,0,26,3.250
1764974460.495708,0,0,27,3.375
1764974460.4997113,0,0,27,3.375
1764974460.5037065,0,0,25,3.125
1764974460.5077074,0,0,26,3.250
1764974460.5117164,0,0,26,3.250
1764974460.5157108,0,0,26,3.250
1764974460.5197225,0,0,28,3.500
1764974460.5237076,0,0,26,3.250
1764974460.527704,0,0,26,3.250
1764974460.5317082,0,0,26,3.250
1764974460.5357058,0,0,26,3.250
1764974460.5397334,0,0,27,3.375
1764974460.5437071,0,0,26,3.250
1764974460.5477026,0,0,26,3.250
1764974460.5517068,0,0,26,3.250
1764974460.5557067,0,0,26,3.250
1764974460.5597105,0,0,27,3.375
1764974460.5637038,0,0,25,3.125
1764974460.5677028,0,0,26,3.250
1764974460.5717065,0,0,25,3.125
1764974460.5757742,0,0,26,3.250
1764974460.5797179,0,0,27,3.375
1764974460.5836914,0,0,26,3.250
1764974460.5876877,0,0,25,3.125
1764974460.5917108,0,0,26,3.250
1764974460.5957065,0,0,26,3.250
1764974460.5997014,0,0,27,3.375
1764974460.6036913,0,0,26,3.250
1764974460.6076853,0,0,25,3.125
1764974460.6117082,0,0,26,3.250
1764974460.6157029,0,0,26,3.250
1764974460.6197107,0,0,27,3.375
1764974460.6237051,0,0,26,3.250
1764974460.6277053,0,0,25,3.125
1764974460.6317122,0,0,26,3.250
1764974460.6357045,0,0,26,3.250
1764974460.6397252,0,0,27,3.375
1764974460.6437156,0,0,26,3.250
1764974460.6477036,0,0,25,3.125
1764974460.651702,0,0,26,3.250
1764974460.6556928,0,0,26,3.250
1764974460.6597035,0,0,27,3.375
1764974460.6637082,0,0,26,3.250
1764974460.6677072,0,0,26,3.250
1764974460.6717005,0,0,25,3.125
1764974460.6756868,0,0,27,3.375
1764974460.6797028,0,0,28,3.500
1764974460.6837108,0,0,26,3.250
1764974460.6877067,0,0,25,3.125
1764974460.6917067,0,0,26,3.250
1764974460.6957023,0,0,26,3.250
1764974460.6997056,0,0,27,3.375
1764974460.7037024,0,0,26,3.250
1764974460.7077055,0,0,26,3.250
1764974460.711708,0,0,26,3.250
1764974460.7157047,0,0,26,3.250
1764974460.7197075,0,0,27,3.375
1764974460.7237024,0,0,26,3.250
1764974460.7277048,0,0,25,3.125
1764974460.7317078,0,0,26,3.250
1764974460.7357068,0,0,26,3.250
1764974460.7397466,0,0,27,3.375
1764974460.7437017,0,0,26,3.250
1764974460.7477007,0,0,25,3.125
1764974460.7517107,0,0,26,3.250
1764974460.7557044,0,0,26,3.250
1764974460.7597008,0,0,27,3.375
1764974460.7636833,0,0,27,3.375
1764974460.7676835,0,0,25,3.125
1764974460.7717087,0,0,26,3.250
1764974460.880822,0,0,27,3.375
1764974460.883754,0,0,25,3.125
1764974460.8877091,0,0,25,3.125
1764974460.8917024,0,0,25,3.125
1764974460.8956988,0,0,26,3.250
1764974460.8997028,0,0,27,3.375
1764974460.9037027,0,0,25,3.125
1764974460.9077008,0,0,25,3.125
1764974460.911703,0,0,25,3.125
1764974460.9156885,0,0,27,3.375
1764974460.9197793,0,0,27,3.375
1764974460.9237409,0,0,25,3.125
1764974460.927725,0,0,26,3.250
1764974460.9317205,0,0,26,3.250
1764974460.935716,0,0,27,3.375
1764974460.939785,0,0,27,3.375
1764974460.9437323,0,0,25,3.125
1764974460.9477315,0,0,26,3.250
1764974460.951756,0,0,26,3.250
1764974460.9557502,0,0,27,3.375
1764974460.9597566,0,0,27,3.375
1764974460.9637656,0,0,25,3.125
1764974460.9677482,0,0,26,3.250
1764974460.9717531,0,0,26,3.250
1764974460.9757497,0,0,26,3.250
1764974460.9797506,0,0,27,3.375
1764974460.9837456,0,0,26,3.250
1764974460.9877474,0,0,26,3.250
1764974460.9917517,0,0,26,3.250
1764974460.995747,0,0,26,3.250
1764974460.9997556,0,0,27,3.375
1764974461.003746,0,0,25,3.125
1764974461.0077446,0,0,26,3.250
1764974461.0117486,0,0,26,3.250
1764974461.0157452,0,0,27,3.375
1764974461.0197537,0,0,28,3.500
1764974461.023746,0,0,25,3.125
1764974461.0277414,0,0,26,3.250
1764974461.031747,0,0,26,3.250
1764974461.035749,0,0,26,3.250
1764974461.0398211,0,0,27,3.375
1764974461.0436907,0,0,25,3.125
1764974461.0476842,0,0,26,3.250
1764974461.0516994,0,0,26,3.250
1764974461.0557005,0,0,26,3.250
1764974461.0597072,0,0,27,3.375
1764974461.0637,0,0,25,3.125
1764974461.0676935,0,0,25,3.125
1764974461.0716994,0,0,26,3.250
1764974461.075698,0,0,26,3.250
1764974461.0797796,0,0,27,3.375
1764974461.0837145,0,0,26,3.250
1764974461.0876992,0,0,26,3.250
1764974461.0916996,0,0,26,3.250
1764974461.0956962,0,0,27,3.375
1764974461.0996995,0,0,27,3.375
1764974461.103703,0,0,25,3.125
1764974461.1077025,0,0,26,3.250
1764974461.1116986,0,0,26,3.250
1764974461.1156876,0,0,27,3.375
1764974461.119694,0,0,27,3.375
1764974461.1236877,0,0,25,3.125
1764974461.1276877,0,0,25,3.125
1764974461.1317134,0,0,25,3.125
1764974461.1357214,0,0,27,3.375
1764974461.1397169,0,0,27,3.375
1764974461.1437254,0,0,25,3.125
1764974461.1476872,0,0,25,3.125
1764974461.1517067,0,0,26,3.250
1764974461.1557136,0,0,26,3.250
1764974461.1597,0,0,27,3.375
1764974461.1636865,0,0,26,3.250
1764974461.1676853,0,0,25,3.125
1764974461.171706,0,0,26,3.250
1764974461.175701,0,0,26,3.250
1764974461.1797004,0,0,27,3.375
1764974461.1837006,0,0,25,3.125
1764974461.1877017,0,0,26,3.250
1764974461.1917024,0,0,26,3.250
1764974461.1957128,0,0,26,3.250
1764974461.1997023,0,0,28,3.500
1764974461.2036982,0,0,26,3.250
1764974461.2077014,0,0,25,3.125
1764974461.2117004,0,0,26,3.250
1764974461.2156997,0,0,26,3.250
1764974461.219699,0,0,27,3.375
1764974461.223698,0,0,26,3.250
1764974461.227697,0,0,25,3.125
1764974461.2317028,0,0,26,3.250
1764974461.2356994,0,0,26,3.250
1764974461.2397075,0,0,27,3.375
1764974461.243738,0,0,25,3.125
1764974461.247699,0,0,25,3.125
1764974461.2516994,0,0,26,3.250
1764974461.2556984,0,0,26,3.250
1764974461.2596982,0,0,27,3.375
1764974461.2636948,0,0,25,3.125
1764974461.2676938,0,0,26,3.250
1764974461.2717004,0,0,26,3.250
1764974461.2756968,0,0,26,3.250
1764974461.27978,0,0,27,3.375
1764974461.2837112,0,0,26,3.250
1764974461.287697,0,0,25,3.125
1764974461.2916963,0,0,26,3.250
1764974461.295696,0,0,27,3.375
1764974461.2996988,0,0,27,3.375
1764974461.3036995,0,0,26,3.250
1764974461.3076956,0,0,25,3.125
1764974461.3116944,0,0,26,3.250
1764974461.315683,0,0,26,3.250
1764974461.3197024,0,0,27,3.375
1764974461.323701,0,0,26,3.250
1764974461.327697,0,0,25,3.125
1764974461.331699,0,0,26,3.250
1764974461.3356972,0,0,26,3.250
1764974461.3397086,0,0,26,3.250
1764974461.3437433,0,0,26,3.250
1764974461.347702,0,0,25,3.125
1764974461.3516953,0,0,26,3.250
1764974461.3556824,0,0,26,3.250
1764974461.359702,0,0,27,3.375
1764974461.3637023,0,0,26,3.250
1764974461.367701,0,0,25,3.125
1764974461.371693,0,0,26,3.250
1764974461.3756819,0,0,26,3.250
1764974461.3797004,0,0,27,3.375
1764974461.3836997,0,0,25,3.125
1764974461.387711,0,0,26,3.250
1764974461.3916972,0,0,26,3.250
1764974461.3956933,0,0,26,3.250
1764974461.3996983,0,0,26,3.250
1764974461.4037135,0,0,25,3.125
1764974461.4076982,0,0,26,3.250
1764974461.4116998,0,0,26,3.250
1764974461.4156928,0,0,27,3.375
1764974461.4197052,0,0,26,3.250
1764974461.4236956,0,0,25,3.125
1764974461.4276989,0,0,26,3.250
1764974461.4317007,0,0,27,3.375
1764974461.4357076,0,0,27,3.375
1764974461.4397004,0,0,27,3.375
1764974461.4437263,0,0,25,3.125
1764974461.4476993,0,0,26,3.250
1764974461.451714,0,0,27,3.375
1764974461.4556983,0,0,26,3.250
1764974461.4597077,0,0,27,3.375
1764974461.4636924,0,0,25,3.125
1764974461.4676936,0,0,26,3.250
1764974461.4716964,0,0,26,3.250
1764974461.4757068,0,0,27,3.375
1764974461.4797745,0,0,26,3.250
1764974461.4837103,0,0,25,3.125
1764974461.4876938,0,0,26,3.250
1764974461.491707,0,0,26,3.250
1764974461.4956908,0,0,27,3.375
1764974461.499696,0,0,27,3.375
1764974461.5036917,0,0,25,3.125
1764974461.5076976,0,0,25,3.125
1764974461.511692,0,0,26,3.250
1764974461.515688,0,0,27,3.375
1764974461.5197043,0,0,26,3.250
1764974461.5236979,0,0,25,3.125
1764974461.5276914,0,0,25,3.125
1764974461.5316942,0,0,26,3.250
1764974461.5356958,0,0,26,3.250
1764974461.5397007,0,0,27,3.375
1764974461.5437453,0,0,25,3.125
1764974461.5476937,0,0,26,3.250
1764974461.551691,0,0,26,3.250
1764974461.555693,0,0,27,3.375
1764974461.5596948,0,0,27,3.375
1764974461.5636935,0,0,25,3.125
1764974461.5676906,0,0,26,3.250
1764974461.5716865,0,0,26,3.250
1764974461.575688,0,0,27,3.375
1764974461.579693,0,0,27,3.375
1764974461.5836957,0,0,25,3.125
1764974461.5876966,0,0,26,3.250
1764974461.5916922,0,0,25,3.125
1764974461.59569,0,0,26,3.250
1764974461.5997,0,0,27,3.375
1764974461.6036968,0,0,25,3.125
1764974461.6076949,0,0,26,3.250
1764974461.6116958,0,0,26,3.250
1764974461.6156914,0,0,27,3.375
1764974461.6196952,0,0,27,3.375
1764974461.623695,0,0,25,3.125
1764974461.627691,0,0,25,3.125
1764974461.6316965,0,0,26,3.250
1764974461.6356933,0,0,27,3.375
1764974461.63969,0,0,27,3.375
1764974461.6436925,0,0,25,3.125
1764974461.6476793,0,0,26,3.250
1764974461.6516957,0,0,26,3.250
1764974461.6556911,0,0,27,3.375
1764974461.6596942,0,0,28,3.500
1764974461.6636913,0,0,25,3.125
1764974461.6676953,0,0,26,3.250
1764974461.6716983,0,0,26,3.250
1764974461.675694,0,0,26,3.250
1764974461.6797755,0,0,27,3.375
1764974461.6837144,0,0,25,3.125
1764974461.6876976,0,0,26,3.250
1764974461.6916895,0,0,26,3.250
1764974461.695678,0,0,27,3.375
1764974461.6996956,0,0,27,3.375
1764974461.7036922,0,0,25,3.125
1764974461.7076912,0,0,25,3.125
1764974461.7116883,0,0,26,3.250
1764974461.7156794,0,0,26,3.250
1764974461.7196953,0,0,27,3.375
1764974461.7236938,0,0,25,3.125
1764974461.7276914,0,0,26,3.250
1764974461.731692,0,0,26,3.250
1764974461.7357004,0,0,26,3.250
1764974461.7396977,0,0,28,3.500
1764974461.7437344,0,0,25,3.125
1764974461.747694,0,0,25,3.125
1764974461.751683,0,0,25,3.125
1764974461.7556777,0,0,27,3.375
1764974461.7596946,0,0,27,3.375
1764974461.763695,0,0,25,3.125
1764974461.767689,0,0,25,3.125
1764974461.7716925,0,0,26,3.250
1764974461.7756748,0,0,27,3.375
1764974461.7796977,0,0,27,3.375
1764974461.7836926,0,0,25,3.125
1764974461.7876859,0,0,25,3.125
1764974461.7920253,0,0,26,3.250
1764974461.795897,0,0,26,3.250
1764974461.7997203,0,0,27,3.375
1764974461.8036933,0,0,25,3.125
1764974461.8076887,0,0,25,3.125
1764974461.8116958,0,0,26,3.250
1764974461.815686,0,0,26,3.250
1764974461.8196878,0,0,27,3.375
1764974461.8236892,0,0,25,3.125
1764974461.8276906,0,0,25,3.125
1764974461.8316932,0,0,25,3.125
1764974461.83569,0,0,27,3.375
1764974461.8396978,0,0,27,3.375
1764974461.8437347,0,0,26,3.250
1764974461.8476949,0,0,25,3.125
1764974461.8516955,0,0,26,3.250
1764974461.855695,0,0,26,3.250
1764974461.8596954,0,0,27,3.375
1764974461.8636913,0,0,25,3.125
1764974461.867688,0,0,26,3.250
1764974461.871692,0,0,25,3.125
1764974461.8756878,0,0,26,3.250
1764974461.8846495,0,0,26,3.250
1764974461.8877118,0,0,26,3.250
1764974461.8916974,0,0,25,3.125
1764974461.8956866,0,0,26,3.250
1764974461.8996885,0,0,27,3.375
1764974461.9036863,0,0,25,3.125
1764974461.9076889,0,0,25,3.125
1764974461.9116895,0,0,26,3.250
1764974461.9156866,0,0,26,3.250
1764974461.9196959,0,0,27,3.375
1764974461.9236941,0,0,26,3.250
1764974461.927691,0,0,26,3.250
1764974461.931689,0,0,26,3.250
1764974461.9356744,0,0,26,3.250
1764974461.9396877,0,0,28,3.500
1764974461.9437354,0,0,25,3.125
1764974461.9476979,0,0,25,3.125
1764974461.9516888,0,0,27,3.375
1764974461.9556777,0,0,27,3.375
1764974461.959692,0,0,26,3.250
1764974461.9636886,0,0,25,3.125
1764974461.9676876,0,0,26,3.250
1764974461.9716854,0,0,27,3.375
1764974461.9756725,0,0,27,3.375
1764974461.9796958,0,0,26,3.250
1764974461.983687,0,0,25,3.125
1764974461.987685,0,0,26,3.250
1764974461.991687,0,0,27,3.375
1764974461.995691,0,0,27,3.375
1764974461.999692,0,0,26,3.250
1764974462.003687,0,0,26,3.250
1764974462.0076835,0,0,26,3.250
1764974462.011691,0,0,27,3.375
1764974462.0156896,0,0,27,3.375
1764974462.0196886,0,0,26,3.250
1764974462.0236888,0,0,26,3.250
1764974462.0276883,0,0,26,3.250
1764974462.0316865,0,0,27,3.375
1764974462.0356853,0,0,27,3.375
1764974462.039695,0,0,26,3.250
1764974462.0437076,0,0,25,3.125
1764974462.0476856,0,0,26,3.250
1764974462.051689,0,0,26,3.250
1764974462.0556839,0,0,27,3.375
1764974462.059682,0,0,26,3.250
1764974462.063672,0,0,25,3.125
1764974462.067672,0,0,26,3.250
1764974462.0716906,0,0,26,3.250
1764974462.0756896,0,0,27,3.375
1764974462.0796945,0,0,26,3.250
1764974462.0837631,0,0,25,3.125
1764974462.0877,0,0,26,3.250
1764974462.0916924,0,0,26,3.250
1764974462.0956833,0,0,27,3.375
1764974462.0996888,0,0,26,3.250
1764974462.103689,0,0,25,3.125
1764974462.1076918,0,0,26,3.250
1764974462.111687,0,0,26,3.250
1764974462.1156807,0,0,27,3.375
1764974462.119693,0,0,26,3.250
1764974462.1236913,0,0,25,3.125
1764974462.1276903,0,0,26,3.250
1764974462.1316943,0,0,27,3.375
1764974462.1356893,0,0,27,3.375
1764974462.1396859,0,0,26,3.250
1764974462.143731,0,0,25,3.125
1764974462.147688,0,0,26,3.250
1764974462.151686,0,0,26,3.250
1764974462.155675,0,0,26,3.250
1764974462.1597135,0,0,27,3.375
1764974462.163694,0,0,25,3.125
1764974462.1676898,0,0,26,3.250
1764974462.1716866,0,0,26,3.250
1764974462.1756713,0,0,27,3.375
1764974462.17969,0,0,27,3.375
1764974462.1836855,0,0,25,3.125
1764974462.1876864,0,0,26,3.250
1764974462.191691,0,0,26,3.250
1764974462.1956909,0,0,27,3.375
1764974462.1996856,0,0,27,3.375
1764974462.2036676,0,0,25,3.125
1764974462.2076678,0,0,25,3.125
1764974462.2116935,0,0,26,3.250
1764974462.2156918,0,0,26,3.250
1764974462.2196941,0,0,27,3.375
1764974462.223685,0,0,25,3.125
1764974462.227686,0,0,26,3.250
1764974462.2316859,0,0,26,3.250
1764974462.2356915,0,0,27,3.375
1764974462.2396939,0,0,27,3.375
1764974462.2437248,0,0,25,3.125
1764974462.247685,0,0,25,3.125
1764974462.2516892,0,0,26,3.250
1764974462.255688,0,0,26,3.250
1764974462.2596915,0,0,27,3.375
1764974462.2636874,0,0,25,3.125
1764974462.2676857,0,0,25,3.125
1764974462.2716854,0,0,26,3.250
1764974462.2756867,0,0,27,3.375
1764974462.2796905,0,0,27,3.375
1764974462.2837598,0,0,25,3.125
1764974462.2876985,0,0,25,3.125
1764974462.291685,0,0,26,3.250
1764974462.2956696,0,0,26,3.250
1764974462.299686,0,0,27,3.375
1764974462.3036897,0,0,25,3.125
1764974462.3076882,0,0,26,3.250
1764974462.31168,0,0,26,3.250
1764974462.3156674,0,0,27,3.375
1764974462.319689,0,0,27,3.375
1764974462.3236866,0,0,25,3.125
1764974462.3276854,0,0,26,3.250
1764974462.3316855,0,0,26,3.250
1764974462.335685,0,0,27,3.375
1764974462.3396883,0,0,27,3.375
1764974462.3437314,0,0,25,3.125
1764974462.3476903,0,0,25,3.125
1764974462.351687,0,0,26,3.250
1764974462.355682,0,0,27,3.375
1764974462.3596756,0,0,28,3.500
1764974462.3636703,0,0,25,3.125
1764974462.3676698,0,0,25,3.125
1764974462.3716881,0,0,26,3.250
1764974462.37568,0,0,27,3.375
1764974462.379689,0,0,27,3.375
1764974462.3836854,0,0,25,3.125
1764974462.3876865,0,0,26,3.250
1764974462.391686,0,0,26,3.250
1764974462.3956947,0,0,27,3.375
1764974462.3996856,0,0,27,3.375
1764974462.403685,0,0,25,3.125
1764974462.4076865,0,0,25,3.125
1764974462.411697,0,0,26,3.250
1764974462.4156847,0,0,26,3.250
1764974462.419686,0,0,27,3.375
1764974462.4236832,0,0,25,3.125
1764974462.4276886,0,0,26,3.250
1764974462.4316885,0,0,25,3.125
1764974462.4356818,0,0,27,3.375
1764974462.4396896,0,0,27,3.375
1764974462.4437196,0,0,25,3.125
1764974462.4476826,0,0,26,3.250
1764974462.4516892,0,0,26,3.250
1764974462.455684,0,0,26,3.250
1764974462.459688,0,0,27,3.375
1764974462.4636807,0,0,25,3.125
1764974462.467682,0,0,26,3.250
1764974462.4716816,0,0,26,3.250
1764974462.4756844,0,0,26,3.250
1764974462.4796884,0,0,28,3.500
1764974462.483755,0,0,26,3.250
1764974462.4876935,0,0,26,3.250
1764974462.4916797,0,0,26,3.250
1764974462.4956698,0,0,27,3.375
1764974462.499687,0,0,27,3.375
1764974462.5036826,0,0,26,3.250
1764974462.5076814,0,0,26,3.250
1764974462.511676,0,0,26,3.250
1764974462.5156686,0,0,27,3.375
1764974462.519685,0,0,25,3.125
1764974462.5236843,0,0,25,3.125
1764974462.5276792,0,0,26,3.250
1764974462.531682,0,0,26,3.250
1764974462.5356784,0,0,27,3.375
1764974462.5396872,0,0,26,3.250
1764974462.5436857,0,0,26,3.250
1764974462.5476904,0,0,25,3.125
1764974462.55168,0,0,27,3.375
1764974462.5556774,0,0,28,3.500
1764974462.5596852,0,0,25,3.125
1764974462.5636818,0,0,26,3.250
1764974462.5676813,0,0,26,3.250
1764974462.571678,0,0,26,3.250
1764974462.575676,0,0,28,3.500
1764974462.5796857,0,0,26,3.250
1764974462.5836833,0,0,25,3.125
1764974462.5876842,0,0,26,3.250
1764974462.591684,0,0,26,3.250
1764974462.5956812,0,0,27,3.375
1764974462.5996873,0,0,26,3.250
1764974462.603684,0,0,25,3.125
1764974462.6076825,0,0,26,3.250
1764974462.6116872,0,0,26,3.250
1764974462.6156797,0,0,27,3.375
1764974462.6196854,0,0,26,3.250
1764974462.6236806,0,0,25,3.125
1764974462.6276863,0,0,26,3.250
1764974462.6316836,0,0,26,3.250
1764974462.635685,0,0,27,3.375
1764974462.6396775,0,0,26,3.250
1764974462.643705,0,0,25,3.125
1764974462.6476662,0,0,26,3.250
1764974462.6516883,0,0,26,3.250
1764974462.6556835,0,0,27,3.375
1764974462.6596856,0,0,26,3.250
1764974462.663679,0,0,25,3.125
1764974462.6676815,0,0,26,3.250
1764974462.6716833,0,0,27,3.375
1764974462.6756825,0,0,27,3.375
1764974462.6796873,0,0,26,3.250
1764974462.6837616,0,0,25,3.125
1764974462.6876962,0,0,26,3.250
1764974462.6916783,0,0,26,3.250
1764974462.6956675,0,0,27,3.375
1764974462.6996884,0,0,26,3.250
1764974462.7036793,0,0,25,3.125
1764974462.7076786,0,0,26,3.250
1764974462.7116747,0,0,26,3.250
1764974462.7156653,0,0,27,3.375
1764974462.7196834,0,0,26,3.250
1764974462.7236772,0,0,25,3.125
1764974462.7276738,0,0,26,3.250
1764974462.7316775,0,0,26,3.250
1764974462.7356777,0,0,27,3.375
1764974462.7396827,0,0,26,3.250
1764974462.7437172,0,0,25,3.125
1764974462.747682,0,0,25,3.125
1764974462.7516785,0,0,26,3.250
1764974462.7556763,0,0,27,3.375
1764974462.7596812,0,0,26,3.250
1764974462.7636817,0,0,25,3.125
1764974462.7676785,0,0,26,3.250
1764974462.7716777,0,0,26,3.250
1764974462.7756708,0,0,27,3.375
1764974462.77968,0,0,26,3.250
1764974462.7836776,0,0,25,3.125
1764974462.7876782,0,0,26,3.250
1764974462.792009,0,0,26,3.250
1764974462.7958736,0,0,26,3.250
1764974462.7997048,0,0,27,3.375
1764974462.803677,0,0,25,3.125
1764974462.807672,0,0,25,3.125
1764974462.8116775,0,0,27,3.375
1764974462.8156734,0,0,27,3.375
1764974462.8196735,0,0,27,3.375
1764974462.8241549,0,0,25,3.125
1764974462.8277018,0,0,25,3.125
1764974462.8316891,0,0,26,3.250
1764974462.8356771,0,0,26,3.250
1764974462.8396766,0,0,27,3.375
1764974462.8437104,0,0,25,3.125
1764974462.8476617,0,0,26,3.250
1764974462.8516836,0,0,26,3.250
1764974462.8557007,0,0,27,3.375
1764974462.8597643,0,0,26,3.250
1764974462.8639212,0,0,25,3.125
1764974462.8677416,0,0,26,3.250
1764974462.8716831,0,0,26,3.250
1764974462.8756633,0,0,27,3.375
1764974462.8796794,0,0,27,3.375
1764974462.8886938,0,0,26,3.250
1764974462.8917058,0,0,26,3.250
1764974462.8956828,0,0,26,3.250
1764974462.8996859,0,0,27,3.375
1764974462.9036794,0,0,25,3.125
1764974462.9076827,0,0,26,3.250
1764974462.9116766,0,0,26,3.250
1764974462.9156747,0,0,27,3.375
1764974462.9196837,0,0,27,3.375
1764974462.9237056,0,0,25,3.125
1764974462.927686,0,0,26,3.250
1764974462.9316845,0,0,26,3.250
1764974462.935681,0,0,26,3.250
1764974462.9396892,0,0,27,3.375
1764974462.9437182,0,0,25,3.125
1764974462.9476836,0,0,26,3.250
1764974462.9516916,0,0,26,3.250
1764974462.9556637,0,0,27,3.375
1764974462.9596853,0,0,27,3.375
1764974462.9636798,0,0,25,3.125
1764974462.9676757,0,0,26,3.250
1764974462.9716756,0,0,26,3.250
1764974462.9756773,0,0,26,3.250
1764974462.9796865,0,0,28,3.500
1764974462.9836802,0,0,25,3.125
1764974462.987678,0,0,26,3.250
1764974462.991678,0,0,25,3.125
1764974462.9956787,0,0,27,3.375
1764974462.9996827,0,0,27,3.375
1764974463.0036786,0,0,25,3.125
1764974463.007675,0,0,26,3.250
1764974463.0116792,0,0,25,3.125
1764974463.0156753,0,0,26,3.250
1764974463.019686,0,0,27,3.375
1764974463.023681,0,0,25,3.125
1764974463.0276802,0,0,26,3.250
1764974463.0316782,0,0,26,3.250
1764974463.0356734,0,0,27,3.375
1764974463.0396821,0,0,27,3.375
1764974463.0437148,0,0,25,3.125
1764974463.047677,0,0,26,3.250
1764974463.0516765,0,0,26,3.250
1764974463.0556743,0,0,27,3.375
1764974463.0596812,0,0,27,3.375
1764974463.0636797,0,0,26,3.250
1764974463.0676777,0,0,26,3.250
1764974463.0716777,0,0,26,3.250
1764974463.075674,0,0,27,3.375
1764974463.0796716,0,0,28,3.500
1764974463.0836577,0,0,25,3.125
1764974463.0877519,0,0,26,3.250
1764974463.0916903,0,0,27,3.375
1764974463.0956602,0,0,28,3.500
1764974463.099679,0,0,25,3.125
1764974463.1036797,0,0,26,3.250
1764974463.1076758,0,0,26,3.250
1764974463.1116707,0,0,26,3.250
1764974463.1156564,0,0,27,3.375
1764974463.1196756,0,0,25,3.125
1764974463.123676,0,0,25,3.125
1764974463.1276765,0,0,26,3.250
1764974463.1316772,0,0,26,3.250
1764974463.1356747,0,0,27,3.375
1764974463.139673,0,0,25,3.125
1764974463.1436994,0,0,26,3.250
1764974463.1476579,0,0,26,3.250
1764974463.15168,0,0,26,3.250
1764974463.155679,0,0,28,3.500
1764974463.1596718,0,0,25,3.125
1764974463.163679,0,0,26,3.250
1764974463.167657,0,0,26,3.250
1764974463.1716785,0,0,26,3.250
1764974463.1756604,0,0,27,3.375
1764974463.179676,0,0,25,3.125
1764974463.183676,0,0,26,3.250
1764974463.1876798,0,0,26,3.250
1764974463.1916788,0,0,27,3.375
1764974463.1956766,0,0,27,3.375
1764974463.1996827,0,0,25,3.125
1764974463.2036755,0,0,25,3.125
1764974463.207675,0,0,25,3.125
1764974463.211674,0,0,26,3.250
1764974463.2156763,0,0,27,3.375
1764974463.2196853,0,0,25,3.125
1764974463.2236779,0,0,25,3.125
1764974463.2276726,0,0,26,3.250
1764974463.2316744,0,0,26,3.250
1764974463.2356777,0,0,27,3.375
1764974463.2396827,0,0,25,3.125
1764974463.2437289,0,0,25,3.125
1764974463.247675,0,0,26,3.250
1764974463.2516737,0,0,26,3.250
1764974463.2556753,0,0,27,3.375
1764974463.2596848,0,0,25,3.125
1764974463.263677,0,0,25,3.125
1764974463.267671,0,0,26,3.250
1764974463.2716737,0,0,26,3.250
1764974463.275674,0,0,27,3.375
1764974463.2796814,0,0,26,3.250
1764974463.2836745,0,0,25,3.125
1764974463.2877486,0,0,25,3.125
1764974463.2916849,0,0,26,3.250
1764974463.295657,0,0,27,3.375
1764974463.2996771,0,0,26,3.250
1764974463.303675,0,0,25,3.125
1764974463.3076756,0,0,25,3.125
1764974463.3116658,0,0,26,3.250
1764974463.3156564,0,0,27,3.375
1764974463.3196735,0,0,26,3.250
1764974463.3236775,0,0,25,3.125
1764974463.3276737,0,0,26,3.250
1764974463.3316727,0,0,27,3.375
1764974463.335669,0,0,27,3.375
1764974463.339678,0,0,25,3.125
1764974463.3437111,0,0,25,3.125
1764974463.3476765,0,0,26,3.250
1764974463.3516805,0,0,26,3.250
1764974463.3556726,0,0,27,3.375
1764974463.3596678,0,0,26,3.250
1764974463.3636575,0,0,25,3.125
1764974463.3676572,0,0,26,3.250
1764974463.371673,0,0,26,3.250
1764974463.3756707,0,0,27,3.375
1764974463.3796675,0,0,26,3.250
1764974463.3836536,0,0,25,3.125
1764974463.3876536,0,0,26,3.250
1764974463.3916764,0,0,26,3.250
1764974463.3956716,0,0,27,3.375
1764974463.399668,0,0,26,3.250
1764974463.40367,0,0,25,3.125
1764974463.4076698,0,0,26,3.250
1764974463.4116735,0,0,26,3.250
1764974463.415672,0,0,27,3.375
1764974463.4196763,0,0,26,3.250
1764974463.4236677,0,0,25,3.125
1764974463.4276671,0,0,26,3.250
1764974463.4316745,0,0,27,3.375
1764974463.4356742,0,0,27,3.375
1764974463.4396777,0,0,26,3.250
1764974463.4437082,0,0,25,3.125
1764974463.4476695,0,0,26,3.250
1764974463.4516764,0,0,27,3.375
1764974463.4556715,0,0,27,3.375
1764974463.4596772,0,0,27,3.375
1764974463.4636703,0,0,25,3.125
1764974463.4676697,0,0,25,3.125
1764974463.4716697,0,0,26,3.250
1764974463.4756682,0,0,26,3.250
1764974463.4796755,0,0,26,3.250
1764974463.4836717,0,0,25,3.125
1764974463.4877403,0,0,26,3.250
1764974463.491685,0,0,27,3.375
1764974463.4956586,0,0,27,3.375
1764974463.4996772,0,0,26,3.250
1764974463.5036745,0,0,25,3.125
1764974463.5076718,0,0,26,3.250
1764974463.5116613,0,0,26,3.250
1764974463.5156546,0,0,27,3.375
1764974463.5196726,0,0,27,3.375
1764974463.5236747,0,0,25,3.125
1764974463.527672,0,0,26,3.250
1764974463.5316718,0,0,27,3.375
1764974463.5356681,0,0,27,3.375
1764974463.53968,0,0,26,3.250
1764974463.543712,0,0,25,3.125
1764974463.547675,0,0,26,3.250
1764974463.5516803,0,0,26,3.250
1764974463.5556707,0,0,26,3.250
1764974463.5596657,0,0,27,3.375
1764974463.563657,0,0,25,3.125
1764974463.5676556,0,0,25,3.125
1764974463.5716736,0,0,26,3.250
1764974463.5756686,0,0,26,3.250
1764974463.5796676,0,0,27,3.375
1764974463.5836537,0,0,25,3.125
1764974463.5876513,0,0,26,3.250
1764974463.5916739,0,0,26,3.250
1764974463.5956674,0,0,26,3.250
1764974463.5996683,0,0,27,3.375
1764974463.6036704,0,0,25,3.125
1764974463.6076705,0,0,26,3.250
1764974463.6116693,0,0,26,3.250
1764974463.6156693,0,0,26,3.250
1764974463.6196735,0,0,27,3.375
1764974463.623667,0,0,25,3.125
1764974463.6276696,0,0,25,3.125
1764974463.6316686,0,0,26,3.250
1764974463.6356714,0,0,27,3.375
1764974463.6396658,0,0,27,3.375
1764974463.6436887,0,0,25,3.125
1764974463.6476514,0,0,26,3.250
1764974463.6516745,0,0,26,3.250
1764974463.65567,0,0,27,3.375
1764974463.6596763,0,0,27,3.375
1764974463.6636665,0,0,26,3.250
1764974463.6676688,0,0,25,3.125
1764974463.671669,0,0,26,3.250
1764974463.6756663,0,0,27,3.375
1764974463.6796732,0,0,26,3.250
1764974463.683667,0,0,25,3.125
1764974463.6877594,0,0,26,3.250
1764974463.6916862,0,0,26,3.250
1764974463.6956563,0,0,27,3.375
1764974463.6996741,0,0,25,3.125
1764974463.7036655,0,0,26,3.250
1764974463.7076688,0,0,26,3.250
1764974463.711662,0,0,27,3.375
1764974463.7156537,0,0,27,3.375
1764974463.7196696,0,0,25,3.125
1764974463.723667,0,0,25,3.125
1764974463.7276652,0,0,26,3.250
1764974463.7316663,0,0,26,3.250
1764974463.7356675,0,0,27,3.375
1764974463.7396762,0,0,26,3.250
1764974463.7437115,0,0,26,3.250
1764974463.74767,0,0,26,3.250
1764974463.7516744,0,0,26,3.250
1764974463.7556667,0,0,28,3.500
1764974463.7596643,0,0,25,3.125
1764974463.7636516,0,0,26,3.250
1764974463.76765,0,0,26,3.250
1764974463.7716672,0,0,26,3.250
1764974463.7756662,0,0,27,3.375
1764974463.779667,0,0,25,3.125
1764974463.7836523,0,0,25,3.125
1764974463.7876506,0,0,26,3.250
1764974463.7920105,0,0,26,3.250
1764974463.7958848,0,0,27,3.375
1764974463.7996938,0,0,25,3.125
1764974463.8036714,0,0,26,3.250
1764974463.807668,0,0,25,3.125
1764974463.8116713,0,0,26,3.250
1764974463.8156643,0,0,27,3.375
1764974463.8196704,0,0,26,3.250
1764974463.8236663,0,0,26,3.250
1764974463.8276656,0,0,26,3.250
1764974463.8316715,0,0,26,3.250
1764974463.8356688,0,0,27,3.375
1764974463.839672,0,0,25,3.125
1764974463.8437169,0,0,26,3.250
1764974463.84767,0,0,26,3.250
1764974463.8516722,0,0,26,3.250
1764974463.8556666,0,0,27,3.375
1764974463.8596742,0,0,25,3.125
1764974463.863667,0,0,26,3.250
1764974463.8676693,0,0,26,3.250
1764974463.8716686,0,0,26,3.250
1764974463.8756676,0,0,27,3.375
1764974463.8796604,0,0,26,3.250
1764974463.8836496,0,0,25,3.125
1764974463.892623,0,0,27,3.375
1764974463.8956888,0,0,27,3.375
1764974463.899671,0,0,25,3.125
1764974463.9036634,0,0,26,3.250
1764974463.9076626,0,0,26,3.250
1764974463.91167,0,0,26,3.250
1764974463.9156694,0,0,27,3.375
1764974463.9196641,0,0,26,3.250
1764974463.9236486,0,0,26,3.250
1764974463.9276469,0,0,26,3.250
1764974463.9316733,0,0,26,3.250
1764974463.9356673,0,0,27,3.375
1764974463.9396744,0,0,26,3.250
1764974463.9437048,0,0,26,3.250
1764974463.9476655,0,0,26,3.250
1764974463.9516728,0,0,26,3.250
1764974463.9556713,0,0,27,3.375
1764974463.9596624,0,0,26,3.250
1764974463.9636497,0,0,25,3.125
1764974463.9676464,0,0,26,3.250
1764974463.9716566,0,0,26,3.250
1764974463.9756482,0,0,27,3.375
1764974463.9796536,0,0,26,3.250
1764974463.983648,0,0,25,3.125
1764974463.9876475,0,0,26,3.250
1764974463.9916675,0,0,26,3.250
1764974463.9956663,0,0,27,3.375
1764974463.9996693,0,0,26,3.250
1764974464.003665,0,0,25,3.125
1764974464.0076618,0,0,25,3.125
1764974464.0116646,0,0,26,3.250
1764974464.0156598,0,0,27,3.375
1764974464.019672,0,0,26,3.250
1764974464.0236645,0,0,25,3.125
1764974464.027664,0,0,25,3.125
1764974464.031661,0,0,26,3.250
1764974464.0356627,0,0,27,3.375
1764974464.0396674,0,0,26,3.250
1764974464.0436828,0,0,25,3.125
1764974464.0476635,0,0,26,3.250
1764974464.0516648,0,0,27,3.375
1764974464.0556605,0,0,27,3.375
1764974464.0596685,0,0,26,3.250
1764974464.0636632,0,0,26,3.250
1764974464.0676653,0,0,26,3.250
1764974464.0716636,0,0,26,3.250
1764974464.0756605,0,0,27,3.375
1764974464.0796661,0,0,26,3.250
1764974464.083665,0,0,25,3.125
1764974464.087664,0,0,26,3.250
1764974464.0917537,0,0,27,3.375
1764974464.0956802,0,0,26,3.250
1764974464.0996666,0,0,27,3.375
1764974464.103648,0,0,25,3.125
1764974464.1076493,0,0,25,3.125
1764974464.1116688,0,0,26,3.250
1764974464.1156662,0,0,27,3.375
1764974464.1196597,0,0,26,3.250
1764974464.1236455,0,0,25,3.125
1764974464.1276474,0,0,26,3.250
1764974464.13167,0,0,26,3.250
1764974464.1356664,0,0,27,3.375
1764974464.1396594,0,0,27,3.375
1764974464.1436846,0,0,25,3.125
1764974464.147648,0,0,26,3.250
1764974464.151672,0,0,26,3.250
1764974464.1556742,0,0,27,3.375
1764974464.1596653,0,0,26,3.250
1764974464.1636457,0,0,25,3.125
1764974464.1676455,0,0,26,3.250
1764974464.1716688,0,0,26,3.250
1764974464.1756663,0,0,27,3.375
1764974464.1796646,0,0,26,3.250
1764974464.1836448,0,0,25,3.125
1764974464.187659,0,0,25,3.125
1764974464.1916676,0,0,26,3.250
1764974464.1956682,0,0,27,3.375
1764974464.1996624,0,0,26,3.250
1764974464.2036452,0,0,25,3.125
1764974464.2076445,0,0,26,3.250
1764974464.211672,0,0,26,3.250
1764974464.215665,0,0,27,3.375
1764974464.2196715,0,0,27,3.375
1764974464.2236645,0,0,25,3.125
1764974464.227665,0,0,26,3.250
1764974464.2316644,0,0,26,3.250
1764974464.2356641,0,0,27,3.375
1764974464.2396688,0,0,25,3.125
1764974464.2437015,0,0,25,3.125
1764974464.247661,0,0,26,3.250
1764974464.2516623,0,0,27,3.375
1764974464.2556603,0,0,27,3.375
1764974464.2596703,0,0,25,3.125
1764974464.2636635,0,0,26,3.250
1764974464.2676642,0,0,26,3.250
1764974464.2716596,0,0,26,3.250
1764974464.2756605,0,0,27,3.375
1764974464.2796586,0,0,25,3.125
1764974464.2836478,0,0,25,3.125
1764974464.287647,0,0,26,3.250
1764974464.2917745,0,0,27,3.375
1764974464.2956781,0,0,27,3.375
1764974464.2996624,0,0,25,3.125
1764974464.3036451,0,0,26,3.250
1764974464.307647,0,0,27,3.375
1764974464.3116632,0,0,27,3.375
1764974464.31566,0,0,27,3.375
1764974464.3196554,0,0,25,3.125
1764974464.3236454,0,0,25,3.125
1764974464.3276458,0,0,26,3.250
1764974464.3316696,0,0,27,3.375
1764974464.335663,0,0,27,3.375
1764974464.339665,0,0,25,3.125
1764974464.3437014,0,0,25,3.125
1764974464.347663,0,0,26,3.250
1764974464.3516624,0,0,26,3.250
1764974464.355665,0,0,27,3.375
1764974464.3596652,0,0,25,3.125
1764974464.363645,0,0,26,3.250
1764974464.367646,0,0,26,3.250
1764974464.3716671,0,0,26,3.250
1764974464.3756607,0,0,27,3.375
1764974464.3796573,0,0,25,3.125
1764974464.3836408,0,0,25,3.125
1764974464.3876462,0,0,26,3.250
1764974464.3916633,0,0,27,3.375
1764974464.3956583,0,0,27,3.375
1764974464.3996582,0,0,25,3.125
1764974464.4036577,0,0,26,3.250
1764974464.4076576,0,0,26,3.250
1764974464.4116638,0,0,27,3.375
1764974464.4156587,0,0,27,3.375
1764974464.4196663,0,0,25,3.125
1764974464.4236543,0,0,25,3.125
1764974464.4276533,0,0,26,3.250
1764974464.4316595,0,0,27,3.375
1764974464.4356587,0,0,27,3.375
1764974464.4396627,0,0,25,3.125
1764974464.4436748,0,0,25,3.125
1764974464.4476564,0,0,26,3.250
1764974464.4516585,0,0,27,3.375
1764974464.4556584,0,0,27,3.375
1764974464.4596634,0,0,25,3.125
1764974464.4636593,0,0,25,3.125
1764974464.4676576,0,0,26,3.250
1764974464.4716582,0,0,26,3.250
1764974464.4756572,0,0,27,3.375
1764974464.4796622,0,0,25,3.125
1764974464.48366,0,0,25,3.125
1764974464.4876544,0,0,26,3.250
1764974464.4917371,0,0,26,3.250
1764974464.4956696,0,0,27,3.375
1764974464.4996648,0,0,25,3.125
1764974464.5036438,0,0,26,3.250
1764974464.5076423,0,0,26,3.250
1764974464.5116615,0,0,26,3.250
1764974464.5156581,0,0,27,3.375
1764974464.5196574,0,0,25,3.125
1764974464.523647,0,0,26,3.250
1764974464.5276432,0,0,26,3.250
1764974464.5316632,0,0,26,3.250
1764974464.535658,0,0,27,3.375
1764974464.5396686,0,0,25,3.125
1764974464.543698,0,0,26,3.250
1764974464.547662,0,0,26,3.250
1764974464.551662,0,0,26,3.250
1764974464.5556672,0,0,28,3.500
1764974464.559657,0,0,26,3.250
1764974464.563645,0,0,26,3.250
1764974464.5676434,0,0,26,3.250
1764974464.571665,0,0,27,3.375
1764974464.5756586,0,0,28,3.500
1764974464.5796533,0,0,25,3.125
1764974464.583645,0,0,26,3.250
1764974464.587646,0,0,26,3.250
1764974464.5916631,0,0,26,3.250
1764974464.5956562,0,0,28,3.500
1764974464.5996578,0,0,26,3.250
1764974464.603654,0,0,26,3.250
1764974464.6076558,0,0,26,3.250
1764974464.6116555,0,0,26,3.250
1764974464.6156552,0,0,27,3.375
1764974464.6196551,0,0,26,3.250
1764974464.623653,0,0,25,3.125
1764974464.6276543,0,0,26,3.250
1764974464.6316564,0,0,26,3.250
1764974464.6356566,0,0,27,3.375
1764974464.6396487,0,0,25,3.125
1764974464.6436532,0,0,25,3.125
1764974464.647636,0,0,26,3.250
1764974464.651658,0,0,26,3.250
1764974464.6556551,0,0,28,3.500
1764974464.6596608,0,0,26,3.250
1764974464.6636522,0,0,25,3.125
1764974464.6676548,0,0,26,3.250
1764974464.6716557,0,0,26,3.250
1764974464.6756537,0,0,27,3.375
1764974464.6796582,0,0,26,3.250
1764974464.6836538,0,0,25,3.125
1764974464.6876545,0,0,26,3.250
1764974464.691741,0,0,27,3.375
1764974464.6956697,0,0,27,3.375
1764974464.6996605,0,0,26,3.250
1764974464.7036378,0,0,25,3.125
1764974464.7076366,0,0,25,3.125
1764974464.7116575,0,0,26,3.250
1764974464.715658,0,0,27,3.375
1764974464.7196524,0,0,26,3.250
1764974464.723638,0,0,25,3.125
1764974464.7276347,0,0,26,3.250
1764974464.7316575,0,0,26,3.250
1764974464.7356565,0,0,27,3.375
1764974464.7396696,0,0,26,3.250
1764974464.7437043,0,0,25,3.125
1764974464.7476554,0,0,26,3.250
1764974464.751647,0,0,26,3.250
1764974464.7556367,0,0,27,3.375
1764974464.759653,0,0,26,3.250
1764974464.7636569,0,0,25,3.125
1764974464.7676544,0,0,26,3.250
1764974464.771648,0,0,26,3.250
1764974464.775637,0,0,27,3.375
1764974464.7796583,0,0,27,3.375
1764974464.7836561,0,0,25,3.125
1764974464.7876565,0,0,26,3.250
1764974464.7919745,0,0,26,3.250
1764974464.795857,0,0,27,3.375
1764974464.799676,0,0,26,3.250
1764974464.8036544,0,0,25,3.125
1764974464.8076518,0,0,26,3.250
1764974464.8116562,0,0,26,3.250
1764974464.8156488,0,0,27,3.375
1764974464.8196545,0,0,25,3.125
1764974464.8236547,0,0,25,3.125
1764974464.8276532,0,0,27,3.375
1764974464.8316572,0,0,26,3.250
1764974464.8356528,0,0,26,3.250
1764974464.839657,0,0,25,3.125
1764974464.8436997,0,0,26,3.250
1764974464.8476555,0,0,27,3.375
1764974464.851657,0,0,27,3.375
1764974464.8556645,0,0,26,3.250
1764974464.8596578,0,0,25,3.125
1764974464.8636487,0,0,26,3.250
1764974464.8676507,0,0,26,3.250
1764974464.8716552,0,0,27,3.375
1764974464.8756511,0,0,27,3.375
1764974464.8796523,0,0,25,3.125
1764974464.8836505,0,0,26,3.250
1764974464.8876503,0,0,27,3.375
1764974464.8966134,0,0,28,3.500
1764974464.8996868,0,0,25,3.125
1764974464.9036558,0,0,25,3.125
1764974464.9076493,0,0,26,3.250
1764974464.9116585,0,0,27,3.375
1764974464.9156535,0,0,27,3.375
1764974464.919655,0,0,25,3.125
1764974464.9236503,0,0,26,3.250
1764974464.9276497,0,0,26,3.250
1764974464.9316552,0,0,27,3.375
1764974464.9356525,0,0,27,3.375
1764974464.9396605,0,0,26,3.250
1764974464.9436913,0,0,26,3.250
1764974464.9476538,0,0,26,3.250
1764974464.9516518,0,0,27,3.375
1764974464.9556549,0,0,27,3.375
1764974464.959657,0,0,25,3.125
1764974464.9636536,0,0,25,3.125
1764974464.967649,0,0,26,3.250
1764974464.9716496,0,0,26,3.250
1764974464.9756546,0,0,27,3.375
1764974464.9796622,0,0,25,3.125
1764974464.9836535,0,0,26,3.250
1764974464.9876494,0,0,26,3.250
1764974464.9916482,0,0,27,3.375
1764974464.9956334,0,0,27,3.375
1764974464.999651,0,0,25,3.125
1764974465.003654,0,0,25,3.125
1764974465.0076532,0,0,26,3.250
1764974465.0116513,0,0,26,3.250
1764974465.0156484,0,0,27,3.375
1764974465.0196586,0,0,25,3.125
1764974465.0236542,0,0,26,3.250
1764974465.0276518,0,0,26,3.250
1764974465.0316494,0,0,26,3.250
1764974465.0356503,0,0,27,3.375
1764974465.039656,0,0,25,3.125
1764974465.043686,0,0,26,3.250
1764974465.047652,0,0,26,3.250
1764974465.0516512,0,0,26,3.250
1764974465.0556507,0,0,28,3.500
1764974465.0596552,0,0,25,3.125
1764974465.0636523,0,0,26,3.250
1764974465.0676508,0,0,26,3.250
1764974465.0716517,0,0,27,3.375
1764974465.0756483,0,0,28,3.500
1764974465.0796518,0,0,25,3.125
1764974465.0836504,0,0,25,3.125
1764974465.0876503,0,0,26,3.250
1764974465.0916514,0,0,27,3.375
1764974465.0957243,0,0,28,3.500
1764974465.099665,0,0,25,3.125
1764974465.1036336,0,0,25,3.125
1764974465.1076362,0,0,26,3.250
1764974465.1116571,0,0,26,3.250
1764974465.1156528,0,0,27,3.375
1764974465.1196458,0,0,25,3.125
1764974465.1236327,0,0,25,3.125
1764974465.1276348,0,0,26,3.250
1764974465.1316557,0,0,26,3.250
1764974465.1356695,0,0,27,3.375
1764974465.139657,0,0,25,3.125
1764974465.1437027,0,0,25,3.125
1764974465.147648,0,0,26,3.250
1764974465.1516528,0,0,26,3.250
1764974465.1556487,0,0,27,3.375
1764974465.1596532,0,0,25,3.125
1764974465.1636493,0,0,26,3.250
1764974465.1676478,0,0,26,3.250
1764974465.171652,0,0,27,3.375
1764974465.1756492,0,0,28,3.500
1764974465.1796577,0,0,25,3.125
1764974465.18365,0,0,26,3.250
1764974465.1876543,0,0,26,3.250
1764974465.1916535,0,0,27,3.375
1764974465.1956503,0,0,28,3.500
1764974465.1996543,0,0,25,3.125
1764974465.2036512,0,0,25,3.125
1764974465.2076483,0,0,25,3.125
1764974465.211648,0,0,26,3.250
1764974465.2156503,0,0,27,3.375
1764974465.2196574,0,0,25,3.125
1764974465.2236512,0,0,25,3.125
1764974465.2276475,0,0,26,3.250
1764974465.2316499,0,0,26,3.250
1764974465.2356508,0,0,27,3.375
1764974465.2396495,0,0,25,3.125
1764974465.2436726,0,0,25,3.125
1764974465.2476318,0,0,26,3.250
1764974465.2516549,0,0,26,3.250
1764974465.25565,0,0,27,3.375
1764974465.2596567,0,0,25,3.125
1764974465.2636514,0,0,26,3.250
1764974465.2676513,0,0,26,3.250
1764974465.2716491,0,0,27,3.375
1764974465.2756476,0,0,27,3.375
1764974465.2796552,0,0,25,3.125
1764974465.283651,0,0,25,3.125
1764974465.2876534,0,0,25,3.125
1764974465.2916527,0,0,26,3.250
1764974465.2957203,0,0,27,3.375
1764974465.299664,0,0,25,3.125
1764974465.3036351,0,0,25,3.125
1764974465.3076358,0,0,25,3.125
1764974465.3116527,0,0,26,3.250
1764974465.315649,0,0,28,3.500
1764974465.319645,0,0,26,3.250
1764974465.3236368,0,0,26,3.250
1764974465.3276358,0,0,26,3.250
1764974465.3316512,0,0,26,3.250
1764974465.3356464,0,0,27,3.375
1764974465.3396528,0,0,26,3.250
1764974465.3436887,0,0,25,3.125
1764974465.3476527,0,0,26,3.250
1764974465.3516586,0,0,26,3.250
1764974465.3556466,0,0,27,3.375
1764974465.3596401,0,0,26,3.250
1764974465.36363,0,0,25,3.125
1764974465.367631,0,0,25,3.125
1764974465.3716512,0,0,26,3.250
1764974465.3756478,0,0,27,3.375
1764974465.379645,0,0,26,3.250
1764974465.3836288,0,0,26,3.250
1764974465.387632,0,0,26,3.250
1764974465.3916514,0,0,27,3.375
1764974465.395647,0,0,27,3.375
1764974465.3996482,0,0,25,3.125
1764974465.4036462,0,0,25,3.125
1764974465.4076457,0,0,26,3.250
1764974465.4116507,0,0,27,3.375
1764974465.4156468,0,0,26,3.250
1764974465.419652,0,0,25,3.125
1764974465.423645,0,0,26,3.250
1764974465.4276433,0,0,27,3.375
1764974465.431646,0,0,27,3.375
1764974465.4356463,0,0,26,3.250
1764974465.4396517,0,0,25,3.125
1764974465.4436805,0,0,25,3.125
1764974465.447644,0,0,26,3.250
1764974465.4516485,0,0,27,3.375
1764974465.4556487,0,0,26,3.250
1764974465.459653,0,0,25,3.125
1764974465.4636471,0,0,26,3.250
1764974465.467646,0,0,26,3.250
1764974465.471646,0,0,27,3.375
1764974465.4756467,0,0,26,3.250
1764974465.47965,0,0,25,3.125
1764974465.4836476,0,0,26,3.250
1764974465.4876428,0,0,26,3.250
1764974465.491645,0,0,27,3.375
1764974465.4957185,0,0,26,3.250
1764974465.4996655,0,0,25,3.125
1764974465.503631,0,0,25,3.125
1764974465.5076272,0,0,26,3.250
1764974465.5116477,0,0,27,3.375
1764974465.5156438,0,0,27,3.375
1764974465.5196426,0,0,25,3.125
1764974465.5236294,0,0,25,3.125
1764974465.52763,0,0,26,3.250
1764974465.53165,0,0,27,3.375
1764974465.5356426,0,0,27,3.375
1764974465.5396495,0,0,25,3.125
1764974465.543647,0,0,26,3.250
1764974465.5476522,0,0,26,3.250
1764974465.5516481,0,0,27,3.375
1764974465.5556386,0,0,27,3.375
1764974465.5596435,0,0,25,3.125
1764974465.5636444,0,0,26,3.250
1764974465.567646,0,0,26,3.250
1764974465.5716426,0,0,26,3.250
1764974465.5756373,0,0,27,3.375
1764974465.579648,0,0,25,3.125
1764974465.5836453,0,0,26,3.250
1764974465.5876482,0,0,26,3.250
1764974465.5916457,0,0,27,3.375
1764974465.5956438,0,0,27,3.375
1764974465.5996468,0,0,25,3.125
1764974465.603644,0,0,26,3.250
1764974465.6076453,0,0,26,3.250
1764974465.6116462,0,0,27,3.375
1764974465.6156452,0,0,27,3.375
1764974465.6196477,0,0,25,3.125
1764974465.6236434,0,0,25,3.125
1764974465.627645,0,0,26,3.250
1764974465.6316411,0,0,26,3.250
1764974465.6356401,0,0,27,3.375
1764974465.6396396,0,0,25,3.125
1764974465.6436734,0,0,26,3.250
1764974465.647637,0,0,26,3.250
1764974465.6516476,0,0,27,3.375
1764974465.6556458,0,0,27,3.375
1764974465.6596513,0,0,25,3.125
1764974465.6636426,0,0,26,3.250
1764974465.6676443,0,0,26,3.250
1764974465.6716435,0,0,27,3.375
1764974465.675645,0,0,27,3.375
1764974465.6796494,0,0,25,3.125
1764974465.6836436,0,0,26,3.250
1764974465.6876445,0,0,26,3.250
1764974465.6916473,0,0,27,3.375
1764974465.6957157,0,0,28,3.500
1764974465.6996627,0,0,25,3.125
1764974465.7036304,0,0,26,3.250
1764974465.7076263,0,0,26,3.250
1764974465.7116477,0,0,26,3.250
1764974465.715646,0,0,27,3.375
1764974465.7196429,0,0,24,3.000
1764974465.723629,0,0,26,3.250
1764974465.7276266,0,0,26,3.250
1764974465.7316463,0,0,26,3.250
1764974465.735644,0,0,27,3.375
1764974465.7396505,0,0,25,3.125
1764974465.7436836,0,0,26,3.250
1764974465.7476466,0,0,26,3.250
1764974465.7516444,0,0,26,3.250
1764974465.755639,0,0,27,3.375
1764974465.7596433,0,0,25,3.125
1764974465.7636442,0,0,26,3.250
1764974465.7676423,0,0,26,3.250
1764974465.7716413,0,0,26,3.250
1764974465.7756362,0,0,27,3.375
1764974465.779644,0,0,25,3.125
1764974465.7836437,0,0,25,3.125
1764974465.7876437,0,0,26,3.250
1764974465.7919652,0,0,27,3.375
1764974465.7958565,0,0,27,3.375
1764974465.7996714,0,0,25,3.125
1764974465.803645,0,0,26,3.250
1764974465.8076406,0,0,26,3.250
1764974465.8116431,0,0,27,3.375
1764974465.815638,0,0,27,3.375
1764974465.819644,0,0,25,3.125
1764974465.8236392,0,0,26,3.250
1764974465.8276412,0,0,26,3.250
1764974465.8316438,0,0,26,3.250
1764974465.8356395,0,0,27,3.375
1764974465.8396435,0,0,25,3.125
1764974465.8436875,0,0,26,3.250
1764974465.847643,0,0,26,3.250
1764974465.8516498,0,0,27,3.375
1764974465.8556397,0,0,28,3.500
1764974465.8596435,0,0,25,3.125
1764974465.8636372,0,0,26,3.250
1764974465.8676407,0,0,25,3.125
1764974465.8716416,0,0,26,3.250
1764974465.8756413,0,0,27,3.375
1764974465.8796403,0,0,25,3.125
1764974465.8836389,0,0,25,3.125
1764974465.8876398,0,0,26,3.250
1764974465.8916397,0,0,27,3.375
1764974465.9006643,0,0,26,3.250
1764974465.903662,0,0,26,3.250
1764974465.9076424,0,0,26,3.250
1764974465.911641,0,0,26,3.250
1764974465.9156263,0,0,28,3.500
1764974465.9196415,0,0,25,3.125
1764974465.923639,0,0,25,3.125
1764974465.9276366,0,0,26,3.250
1764974465.931634,0,0,27,3.375
1764974465.935624,0,0,28,3.500
1764974465.9396448,0,0,25,3.125
1764974465.94368,0,0,26,3.250
1764974465.9476392,0,0,26,3.250
1764974465.951639,0,0,26,3.250
1764974465.95564,0,0,27,3.375
1764974465.9596338,0,0,26,3.250
1764974465.9636416,0,0,25,3.125
1764974465.9676292,0,0,25,3.125
1764974465.9717057,0,0,26,3.250
1764974465.9756458,0,0,27,3.375
1764974465.9796464,0,0,26,3.250
1764974465.9836404,0,0,26,3.250
1764974465.9876428,0,0,26,3.250
1764974465.9916732,0,0,27,3.375
1764974465.9956439,0,0,26,3.250
1764974465.9996457,0,0,25,3.125
1764974466.003645,0,0,26,3.250
1764974466.0076396,0,0,26,3.250
1764974466.0116289,0,0,27,3.375
1764974466.015621,0,0,26,3.250
1764974466.0196412,0,0,25,3.125
1764974466.0236413,0,0,25,3.125
1764974466.0276413,0,0,26,3.250
1764974466.0316408,0,0,28,3.500
1764974466.0356383,0,0,26,3.250
1764974466.0396457,0,0,26,3.250
1764974466.0436807,0,0,26,3.250
1764974466.0476415,0,0,27,3.375
1764974466.0516422,0,0,27,3.375
1764974466.055637,0,0,26,3.250
1764974466.0596452,0,0,25,3.125
1764974466.063641,0,0,26,3.250
1764974466.0676422,0,0,26,3.250
1764974466.0716422,0,0,27,3.375
1764974466.0756361,0,0,26,3.250
1764974466.0796404,0,0,25,3.125
1764974466.0836425,0,0,26,3.250
1764974466.087638,0,0,26,3.250
1764974466.091641,0,0,27,3.375
1764974466.0956368,0,0,26,3.250
1764974466.0997205,0,0,25,3.125
1764974466.103656,0,0,26,3.250
1764974466.1076427,0,0,26,3.250
1764974466.111641,0,0,27,3.375
1764974466.1156366,0,0,26,3.250
1764974466.1196406,0,0,25,3.125
1764974466.1236398,0,0,26,3.250
1764974466.1276367,0,0,26,3.250
1764974466.1316416,0,0,27,3.375
1764974466.1356382,0,0,26,3.250
1764974466.1396322,0,0,25,3.125
1764974466.1436586,0,0,26,3.250
1764974466.1476243,0,0,26,3.250
1764974466.1516426,0,0,27,3.375
1764974466.1556396,0,0,26,3.250
1764974466.15964,0,0,25,3.125
1764974466.1636415,0,0,26,3.250
1764974466.1676443,0,0,27,3.375
1764974466.1716437,0,0,26,3.250
1764974466.1756375,0,0,26,3.250
1764974466.1796405,0,0,25,3.125
1764974466.1836364,0,0,25,3.125
1764974466.1876364,0,0,26,3.250
1764974466.191641,0,0,26,3.250
1764974466.195637,0,0,27,3.375
1764974466.1996434,0,0,25,3.125
1764974466.2036374,0,0,25,3.125
1764974466.2076356,0,0,26,3.250
1764974466.2116396,0,0,26,3.250
1764974466.2156396,0,0,27,3.375
1764974466.219646,0,0,25,3.125
1764974466.2236388,0,0,25,3.125
1764974466.2276373,0,0,27,3.375
1764974466.2316377,0,0,27,3.375
1764974466.2356405,0,0,27,3.375
1764974466.239642,0,0,25,3.125
1764974466.243678,0,0,26,3.250
1764974466.2476363,0,0,26,3.250
1764974466.251638,0,0,27,3.375
1764974466.2556345,0,0,27,3.375
1764974466.2596455,0,0,25,3.125
1764974466.263638,0,0,26,3.250
1764974466.267635,0,0,26,3.250
1764974466.2716365,0,0,27,3.375
1764974466.2756355,0,0,27,3.375
1764974466.2796304,0,0,25,3.125
1764974466.2836225,0,0,26,3.250
1764974466.2876205,0,0,26,3.250
1764974466.2916405,0,0,26,3.250
1764974466.2956362,0,0,27,3.375
1764974466.2997262,0,0,25,3.125
1764974466.3036516,0,0,26,3.250
1764974466.3076386,0,0,27,3.375
1764974466.3116355,0,0,26,3.250
1764974466.315633,0,0,27,3.375
1764974466.3196335,0,0,25,3.125
1764974466.3236368,0,0,25,3.125
1764974466.3276377,0,0,26,3.250
1764974466.331638,0,0,26,3.250
1764974466.3356323,0,0,27,3.375
1764974466.3396401,0,0,25,3.125
1764974466.3436725,0,0,26,3.250
1764974466.3476367,0,0,26,3.250
1764974466.3516362,0,0,27,3.375
1764974466.3556316,0,0,27,3.375
1764974466.359634,0,0,25,3.125
1764974466.3636456,0,0,25,3.125
1764974466.3676379,0,0,26,3.250
1764974466.3716412,0,0,26,3.250
1764974466.375632,0,0,27,3.375
1764974466.3796358,0,0,25,3.125
1764974466.3836331,0,0,26,3.250
1764974466.387636,0,0,26,3.250
1764974466.3916357,0,0,26,3.250
1764974466.395632,0,0,27,3.375
1764974466.3996346,0,0,25,3.125
1764974466.403633,0,0,25,3.125
1764974466.4076312,0,0,26,3.250
1764974466.4116352,0,0,26,3.250
1764974466.4156334,0,0,27,3.375
1764974466.4196365,0,0,25,3.125
1764974466.4236302,0,0,26,3.250
1764974466.4276316,0,0,26,3.250
1764974466.4316337,0,0,27,3.375
1764974466.4356344,0,0,27,3.375
1764974466.4396384,0,0,25,3.125
1764974466.4436696,0,0,25,3.125
1764974466.4476295,0,0,26,3.250
1764974466.4516387,0,0,26,3.250
1764974466.455631,0,0,27,3.375
1764974466.4596403,0,0,25,3.125
1764974466.4636352,0,0,25,3.125
1764974466.4676318,0,0,26,3.250
1764974466.4716318,0,0,27,3.375
1764974466.4756327,0,0,27,3.375
1764974466.479638,0,0,25,3.125
1764974466.483635,0,0,25,3.125
1764974466.487631,0,0,26,3.250
1764974466.4916294,0,0,27,3.375
1764974466.4956331,0,0,28,3.500
1764974466.499712,0,0,25,3.125
1764974466.503649,0,0,25,3.125
1764974466.5076313,0,0,26,3.250
1764974466.5116339,0,0,26,3.250
1764974466.5156305,0,0,27,3.375
1764974466.5196338,0,0,25,3.125
1764974466.5236318,0,0,26,3.250
1764974466.5276322,0,0,26,3.250
1764974466.5316334,0,0,27,3.375
1764974466.535629,0,0,27,3.375
1764974466.539637,0,0,25,3.125
1764974466.543675,0,0,25,3.125
1764974466.5476348,0,0,26,3.250
1764974466.5516338,0,0,26,3.250
1764974466.5556324,0,0,27,3.375
1764974466.5596414,0,0,26,3.250
1764974466.563645,0,0,26,3.250
1764974466.5676382,0,0,26,3.250
1764974466.5716345,0,0,27,3.375
1764974466.5756302,0,0,25,3.125
1764974466.5796344,0,0,25,3.125
1764974466.5836334,0,0,26,3.250
1764974466.5876353,0,0,26,3.250
1764974466.5916357,0,0,27,3.375
1764974466.59563,0,0,25,3.125
1764974466.599633,0,0,26,3.250
1764974466.6036346,0,0,25,3.125
1764974466.6076324,0,0,26,3.250
1764974466.6116333,0,0,28,3.500
1764974466.6156318,0,0,25,3.125
1764974466.6196363,0,0,25,3.125
1764974466.6236281,0,0,26,3.250
1764974466.627633,0,0,27,3.375
1764974466.6316326,0,0,28,3.500
1764974466.6356318,0,0,25,3.125
1764974466.6396246,0,0,26,3.250
1764974466.6436508,0,0,26,3.250
1764974466.6476185,0,0,26,3.250
1764974466.6516201,0,0,27,3.375
1764974466.655616,0,0,26,3.250
1764974466.6596324,0,0,25,3.125
1764974466.66363,0,0,26,3.250
1764974466.6676311,0,0,26,3.250
1764974466.6716347,0,0,27,3.375
1764974466.6756325,0,0,26,3.250
1764974466.6796355,0,0,25,3.125
1764974466.6836288,0,0,26,3.250
1764974466.6876287,0,0,26,3.250
1764974466.6916373,0,0,27,3.375
1764974466.6956315,0,0,26,3.250
1764974466.6997159,0,0,25,3.125
1764974466.7036426,0,0,26,3.250
1764974466.7076304,0,0,26,3.250
1764974466.7116332,0,0,28,3.500
1764974466.7156289,0,0,26,3.250
1764974466.7196345,0,0,26,3.250
1764974466.7236302,0,0,26,3.250
1764974466.727627,0,0,27,3.375
1764974466.7316303,0,0,27,3.375
1764974466.735627,0,0,26,3.250
1764974466.7396457,0,0,25,3.125
1764974466.7436736,0,0,26,3.250
1764974466.7476342,0,0,26,3.250
1764974466.751639,0,0,27,3.375
1764974466.7556334,0,0,26,3.250
1764974466.7596319,0,0,26,3.250
1764974466.763617,0,0,26,3.250
1764974466.76761,0,0,26,3.250
1764974466.7716331,0,0,27,3.375
1764974466.7756283,0,0,26,3.250
1764974466.7796292,0,0,25,3.125
1764974466.783614,0,0,26,3.250
1764974466.787613,0,0,26,3.250
1764974466.7919562,0,0,26,3.250
1764974466.795848,0,0,26,3.250
1764974466.7996557,0,0,25,3.125
1764974466.803631,0,0,26,3.250
1764974466.807627,0,0,27,3.375
1764974466.811628,0,0,27,3.375
1764974466.815624,0,0,27,3.375
1764974466.8196285,0,0,25,3.125
1764974466.8236284,0,0,25,3.125
1764974466.827626,0,0,26,3.250
1764974466.8316302,0,0,27,3.375
1764974466.8356247,0,0,27,3.375
1764974466.8396316,0,0,26,3.250
1764974466.8436766,0,0,26,3.250
1764974466.8476286,0,0,26,3.250
1764974466.8516262,0,0,27,3.375
1764974466.855627,0,0,27,3.375
1764974466.8596349,0,0,26,3.250
1764974466.8636277,0,0,26,3.250
1764974466.867627,0,0,27,3.375
1764974466.8716273,0,0,27,3.375
1764974466.8756278,0,0,26,3.250
1764974466.8796282,0,0,25,3.125
1764974466.8836226,0,0,25,3.125
1764974466.887626,0,0,26,3.250
1764974466.891626,0,0,27,3.375
1764974466.8956113,0,0,27,3.375
1764974466.9046047,0,0,26,3.250
1764974466.9076526,0,0,26,3.250
1764974466.9116347,0,0,27,3.375
1764974466.9156249,0,0,27,3.375
1764974466.9196267,0,0,25,3.125
1764974466.9236248,0,0,25,3.125
1764974466.9276237,0,0,26,3.250
1764974466.93163,0,0,26,3.250
1764974466.9356258,0,0,27,3.375
1764974466.9396353,0,0,25,3.125
1764974466.9436343,0,0,25,3.125
1764974466.9476268,0,0,26,3.250
1764974466.9516306,0,0,27,3.375
1764974466.955628,0,0,27,3.375
1764974466.9596298,0,0,25,3.125
1764974466.9636252,0,0,26,3.250
1764974466.967626,0,0,26,3.250
1764974466.9716265,0,0,27,3.375
1764974466.975632,0,0,26,3.250
1764974466.9796367,0,0,25,3.125
1764974466.9836092,0,0,26,3.250
1764974466.9876091,0,0,26,3.250
1764974466.991633,0,0,26,3.250
1764974466.995625,0,0,27,3.375
1764974466.999625,0,0,25,3.125
1764974467.0036135,0,0,26,3.250
1764974467.0076082,0,0,26,3.250
1764974467.0116303,0,0,27,3.375
1764974467.015629,0,0,27,3.375
1764974467.0196362,0,0,25,3.125
1764974467.0236285,0,0,26,3.250
1764974467.0276227,0,0,26,3.250
1764974467.0316226,0,0,27,3.375
1764974467.035609,0,0,26,3.250
1764974467.0396223,0,0,25,3.125
1764974467.0436616,0,0,26,3.250
1764974467.047627,0,0,26,3.250
1764974467.051627,0,0,26,3.250
1764974467.055624,0,0,27,3.375
1764974467.0596333,0,0,25,3.125
1764974467.06363,0,0,26,3.250
1764974467.0676293,0,0,26,3.250
1764974467.0716257,0,0,26,3.250
1764974467.0756226,0,0,27,3.375
1764974467.079628,0,0,25,3.125
1764974467.0836265,0,0,25,3.125
1764974467.087627,0,0,26,3.250
1764974467.0916283,0,0,27,3.375
1764974467.0956233,0,0,27,3.375
1764974467.0996284,0,0,25,3.125
1764974467.103703,0,0,25,3.125
1764974467.10764,0,0,26,3.250
1764974467.111629,0,0,27,3.375
1764974467.1156232,0,0,27,3.375
1764974467.1196246,0,0,25,3.125
1764974467.123625,0,0,25,3.125
1764974467.1276274,0,0,26,3.250
1764974467.1316273,0,0,27,3.375
1764974467.1356218,0,0,27,3.375
1764974467.1396277,0,0,25,3.125
1764974467.1436605,0,0,26,3.250
1764974467.147622,0,0,26,3.250
1764974467.15163,0,0,27,3.375
1764974467.1556263,0,0,27,3.375
1764974467.1596212,0,0,26,3.250
1764974467.1636198,0,0,26,3.250
1764974467.1676314,0,0,26,3.250
1764974467.1716282,0,0,28,3.500
1764974467.175624,0,0,25,3.125
1764974467.1796238,0,0,26,3.250
1764974467.183623,0,0,26,3.250
1764974467.1876276,0,0,26,3.250
1764974467.1916368,0,0,27,3.375
1764974467.1956234,0,0,25,3.125
1764974467.1996284,0,0,26,3.250
1764974467.2036235,0,0,26,3.250
1764974467.2076242,0,0,27,3.375
1764974467.2116282,0,0,27,3.375
1764974467.2156234,0,0,25,3.125
1764974467.2196295,0,0,26,3.250
1764974467.2236223,0,0,26,3.250
1764974467.2276213,0,0,27,3.375
1764974467.2316227,0,0,27,3.375
1764974467.235622,0,0,25,3.125
1764974467.2396274,0,0,26,3.250
1764974467.2436612,0,0,26,3.250
1764974467.2476208,0,0,26,3.250
1764974467.2516196,0,0,27,3.375
1764974467.2556229,0,0,25,3.125
1764974467.2596312,0,0,25,3.125
1764974467.2636251,0,0,26,3.250
1764974467.2676194,0,0,26,3.250
1764974467.2716196,0,0,27,3.375
1764974467.275621,0,0,25,3.125
1764974467.2796285,0,0,25,3.125
1764974467.2836208,0,0,26,3.250
1764974467.2876198,0,0,26,3.250
1764974467.2916222,0,0,27,3.375
1764974467.2956195,0,0,25,3.125
1764974467.2996266,0,0,25,3.125
1764974467.3037004,0,0,25,3.125
1764974467.3076363,0,0,27,3.375
1764974467.3116214,0,0,27,3.375
1764974467.315618,0,0,25,3.125
1764974467.319623,0,0,26,3.250
1764974467.3236237,0,0,26,3.250
1764974467.3276238,0,0,26,3.250
1764974467.3316233,0,0,27,3.375
1764974467.335617,0,0,25,3.125
1764974467.3396266,0,0,25,3.125
1764974467.3436625,0,0,25,3.125
1764974467.3476243,0,0,26,3.250
1764974467.351625,0,0,27,3.375
1764974467.3556197,0,0,26,3.250
1764974467.3596258,0,0,25,3.125
1764974467.3636463,0,0,26,3.250
1764974467.3676329,0,0,27,3.375
1764974467.371626,0,0,27,3.375
1764974467.3756142,0,0,26,3.250
1764974467.3796198,0,0,25,3.125
1764974467.3836148,0,0,26,3.250
1764974467.3876169,0,0,26,3.250
1764974467.3916197,0,0,27,3.375
1764974467.3956182,0,0,26,3.250
1764974467.3996189,0,0,25,3.125
1764974467.4036179,0,0,26,3.250
1764974467.4076169,0,0,26,3.250
1764974467.4116244,0,0,27,3.375
1764974467.41562,0,0,26,3.250
1764974467.419623,0,0,25,3.125
1764974467.4236174,0,0,26,3.250
1764974467.42762,0,0,26,3.250
1764974467.43162,0,0,27,3.375
1764974467.4356198,0,0,26,3.250
1764974467.4396217,0,0,25,3.125
1764974467.443655,0,0,26,3.250
1764974467.4476151,0,0,26,3.250
1764974467.45162,0,0,27,3.375
1764974467.4556193,0,0,27,3.375
1764974467.459627,0,0,25,3.125
1764974467.4636168,0,0,26,3.250
1764974467.467614,0,0,26,3.250
1764974467.4716222,0,0,27,3.375
1764974467.4756212,0,0,26,3.250
1764974467.4796169,0,0,24,3.000
1764974467.4836001,0,0,25,3.125
1764974467.4875994,0,0,26,3.250
1764974467.491619,0,0,27,3.375
1764974467.4956212,0,0,26,3.250
1764974467.499624,0,0,25,3.125
1764974467.5036893,0,0,25,3.125
1764974467.5076313,0,0,26,3.250
1764974467.5116158,0,0,27,3.375
1764974467.515615,0,0,26,3.250
1764974467.5196204,0,0,26,3.250
1764974467.5236218,0,0,26,3.250
1764974467.5276167,0,0,26,3.250
1764974467.5316172,0,0,27,3.375
1764974467.5356126,0,0,26,3.250
1764974467.5396214,0,0,25,3.125
1764974467.5436594,0,0,26,3.250
1764974467.5476208,0,0,26,3.250
1764974467.551622,0,0,27,3.375
1764974467.5556169,0,0,27,3.375
1764974467.559621,0,0,25,3.125
1764974467.563621,0,0,26,3.250
1764974467.5676196,0,0,26,3.250
1764974467.57162,0,0,27,3.375
1764974467.5756154,0,0,26,3.250
1764974467.5796306,0,0,25,3.125
1764974467.5836225,0,0,26,3.250
1764974467.5876212,0,0,26,3.250
1764974467.5916183,0,0,27,3.375
1764974467.5956197,0,0,26,3.250
1764974467.5996237,0,0,25,3.125
1764974467.6036222,0,0,26,3.250
1764974467.607621,0,0,26,3.250
1764974467.611622,0,0,27,3.375
1764974467.6156178,0,0,27,3.375
1764974467.6196237,0,0,25,3.125
1764974467.6236212,0,0,26,3.250
1764974467.6276188,0,0,26,3.250
1764974467.6316202,0,0,26,3.250
1764974467.635618,0,0,27,3.375
1764974467.6396139,0,0,25,3.125
1764974467.6436338,0,0,26,3.250
1764974467.647604,0,0,26,3.250
1764974467.651621,0,0,27,3.375
1764974467.6556206,0,0,26,3.250
1764974467.6596234,0,0,25,3.125
1764974467.6636167,0,0,26,3.250
1764974467.6676195,0,0,26,3.250
1764974467.6716173,0,0,27,3.375
1764974467.6756158,0,0,26,3.250
1764974467.679616,0,0,25,3.125
1764974467.6836188,0,0,26,3.250
1764974467.6876166,0,0,26,3.250
1764974467.6916244,0,0,27,3.375
1764974467.695619,0,0,27,3.375
1764974467.699626,0,0,25,3.125
1764974467.7036848,0,0,26,3.250
1764974467.70763,0,0,26,3.250
1764974467.711621,0,0,27,3.375
1764974467.715616,0,0,27,3.375
1764974467.7196198,0,0,25,3.125
1764974467.723617,0,0,26,3.250
1764974467.7276165,0,0,26,3.250
1764974467.731619,0,0,27,3.375
1764974467.7356155,0,0,27,3.375
1764974467.7396193,0,0,25,3.125
1764974467.7436535,0,0,26,3.250
1764974467.7476153,0,0,27,3.375
1764974467.7516153,0,0,27,3.375
1764974467.7556145,0,0,25,3.125
1764974467.7596204,0,0,26,3.250
1764974467.7636168,0,0,27,3.375
1764974467.7676136,0,0,27,3.375
1764974467.771612,0,0,27,3.375
1764974467.7756162,0,0,25,3.125
1764974467.7796166,0,0,26,3.250
1764974467.7836,0,0,26,3.250
1764974467.787598,0,0,27,3.375
1764974467.7919257,0,0,27,3.375
1764974467.7958305,0,0,25,3.125
1764974467.7996426,0,0,26,3.250
1764974467.803615,0,0,26,3.250
1764974467.8076148,0,0,26,3.250
1764974467.8116202,0,0,27,3.375
1764974467.8156111,0,0,25,3.125
1764974467.8196156,0,0,26,3.250
1764974467.8236144,0,0,26,3.250
1764974467.8276148,0,0,26,3.250
1764974467.8316193,0,0,27,3.375
1764974467.8356185,0,0,25,3.125
1764974467.8396244,0,0,25,3.125
1764974467.843664,0,0,26,3.250
1764974467.8476167,0,0,26,3.250
1764974467.8516178,0,0,28,3.500
1764974467.8556142,0,0,25,3.125
1764974467.859623,0,0,26,3.250
1764974467.863618,0,0,26,3.250
1764974467.8676162,0,0,26,3.250
1764974467.871618,0,0,27,3.375
1764974467.875614,0,0,25,3.125
1764974467.8796127,0,0,25,3.125
1764974467.8836012,0,0,26,3.250
1764974467.8875995,0,0,26,3.250
1764974467.891621,0,0,27,3.375
1764974467.8956108,0,0,25,3.125
1764974467.8996139,0,0,26,3.250
1764974467.9085238,0,0,27,3.375
1764974467.9116397,0,0,28,3.500
1764974467.9156172,0,0,25,3.125
1764974467.9196103,0,0,25,3.125
1764974467.9235973,0,0,26,3.250
1764974467.9275978,0,0,26,3.250
1764974467.9316185,0,0,27,3.375
1764974467.9356136,0,0,26,3.250
1764974467.9396093,0,0,25,3.125
1764974467.9436378,0,0,25,3.125
1764974467.9475968,0,0,27,3.375
1764974467.9516165,0,0,27,3.375
1764974467.955615,0,0,25,3.125
1764974467.9596167,0,0,25,3.125
1764974467.9636111,0,0,26,3.250
1764974467.967609,0,0,26,3.250
1764974467.9716144,0,0,27,3.375
1764974467.975614,0,0,25,3.125
1764974467.9796152,0,0,25,3.125
1764974467.9836104,0,0,26,3.250
1764974467.9876137,0,0,26,3.250
1764974467.991614,0,0,27,3.375
1764974467.9956121,0,0,25,3.125
1764974467.9996166,0,0,25,3.125
1764974468.0036159,0,0,26,3.250
1764974468.0076225,0,0,26,3.250
1764974468.0116148,0,0,28,3.500
1764974468.0156083,0,0,26,3.250
1764974468.0196133,0,0,25,3.125
1764974468.0236127,0,0,26,3.250
1764974468.0276136,0,0,26,3.250
1764974468.0316093,0,0,27,3.375
1764974468.0356102,0,0,26,3.250
1764974468.0396147,0,0,26,3.250
1764974468.0436487,0,0,26,3.250
1764974468.0476081,0,0,26,3.250
1764974468.051612,0,0,28,3.500
1764974468.0555933,0,0,26,3.250
1764974468.059613,0,0,25,3.125
1764974468.063615,0,0,26,3.250
1764974468.0676162,0,0,26,3.250
1764974468.0716138,0,0,27,3.375
1764974468.0756102,0,0,26,3.250
1764974468.0796168,0,0,25,3.125
1764974468.083616,0,0,26,3.250
1764974468.0876136,0,0,26,3.250
1764974468.0916119,0,0,27,3.375
1764974468.0956085,0,0,26,3.250
1764974468.0996168,0,0,25,3.125
1764974468.1036136,0,0,25,3.125
1764974468.107686,0,0,26,3.250
1764974468.1116285,0,0,27,3.375
1764974468.1156094,0,0,26,3.250
1764974468.1196132,0,0,25,3.125
1764974468.1236148,0,0,26,3.250
1764974468.1276135,0,0,26,3.250
1764974468.1316133,0,0,27,3.375
1764974468.135605,0,0,26,3.250
1764974468.1396072,0,0,25,3.125
1764974468.1436338,0,0,26,3.250
1764974468.1475952,0,0,26,3.250
1764974468.1516137,0,0,27,3.375
1764974468.1556132,0,0,26,3.250
1764974468.1596155,0,0,25,3.125
1764974468.1636107,0,0,26,3.250
1764974468.1676106,0,0,26,3.250
1764974468.1716158,0,0,27,3.375
1764974468.1756132,0,0,26,3.250
1764974468.1796088,0,0,25,3.125
1764974468.1835926,0,0,26,3.250
1764974468.1875978,0,0,26,3.250
1764974468.1916184,0,0,27,3.375
1764974468.1956136,0,0,26,3.250
1764974468.199607,0,0,25,3.125
1764974468.203594,0,0,25,3.125
1764974468.207592,0,0,26,3.250
1764974468.211616,0,0,27,3.375
1764974468.2156117,0,0,27,3.375
1764974468.2196188,0,0,25,3.125
1764974468.223609,0,0,26,3.250
1764974468.2276096,0,0,26,3.250
1764974468.2316105,0,0,27,3.375
1764974468.2356143,0,0,27,3.375
1764974468.239615,0,0,25,3.125
1764974468.2436461,0,0,26,3.250
1764974468.2476094,0,0,26,3.250
1764974468.2516139,0,0,27,3.375
1764974468.2556107,0,0,26,3.250
1764974468.2596173,0,0,25,3.125
1764974468.263609,0,0,26,3.250
1764974468.26761,0,0,26,3.250
1764974468.2716074,0,0,26,3.250
1764974468.2756114,0,0,27,3.375
1764974468.2796144,0,0,25,3.125
1764974468.2836115,0,0,26,3.250
1764974468.2876072,0,0,26,3.250
1764974468.2916083,0,0,27,3.375
1764974468.29561,0,0,26,3.250
1764974468.2996209,0,0,24,3.000
1764974468.303611,0,0,26,3.250
1764974468.307685,0,0,26,3.250
1764974468.3116229,0,0,27,3.375
1764974468.3156083,0,0,27,3.375
1764974468.3196108,0,0,25,3.125
1764974468.3236096,0,0,26,3.250
1764974468.327609,0,0,26,3.250
1764974468.3316052,0,0,27,3.375
1764974468.3356006,0,0,27,3.375
1764974468.3396106,0,0,26,3.250
1764974468.3436496,0,0,26,3.250
1764974468.3476124,0,0,26,3.250
1764974468.3516102,0,0,27,3.375
1764974468.3556082,0,0,25,3.125
1764974468.359611,0,0,26,3.250
1764974468.3636115,0,0,26,3.250
1764974468.3676097,0,0,26,3.250
1764974468.3716094,0,0,27,3.375
1764974468.375607,0,0,26,3.250
1764974468.3796065,0,0,26,3.250
1764974468.3835928,0,0,26,3.250
1764974468.3875937,0,0,26,3.250
1764974468.3916104,0,0,27,3.375
1764974468.3956063,0,0,25,3.125
1764974468.3996053,0,0,26,3.250
1764974468.4036088,0,0,26,3.250
1764974468.4076066,0,0,27,3.375
1764974468.411614,0,0,27,3.375
1764974468.4156094,0,0,26,3.250
1764974468.4196053,0,0,25,3.125
1764974468.4235911,0,0,26,3.250
1764974468.427593,0,0,26,3.250
1764974468.4316096,0,0,27,3.375
1764974468.4356072,0,0,25,3.125
1764974468.4396021,0,0,26,3.250
1764974468.443624,0,0,26,3.250
1764974468.4475906,0,0,27,3.375
1764974468.451612,0,0,27,3.375
1764974468.4556136,0,0,25,3.125
1764974468.459614,0,0,25,3.125
1764974468.463606,0,0,26,3.250
1764974468.4676082,0,0,27,3.375
1764974468.4716098,0,0,27,3.375
1764974468.475609,0,0,25,3.125
1764974468.4796145,0,0,26,3.250
1764974468.4836051,0,0,26,3.250
1764974468.4876063,0,0,26,3.250
1764974468.4916093,0,0,27,3.375
1764974468.4956079,0,0,26,3.250
1764974468.4996138,0,0,25,3.125
1764974468.5036058,0,0,26,3.250
1764974468.507677,0,0,27,3.375
1764974468.5116203,0,0,27,3.375
1764974468.5156076,0,0,25,3.125
1764974468.5196095,0,0,26,3.250
1764974468.5236082,0,0,26,3.250
1764974468.5276048,0,0,26,3.250
1764974468.5316038,0,0,27,3.375
1764974468.535601,0,0,25,3.125
1764974468.539607,0,0,25,3.125
1764974468.5436459,0,0,26,3.250
1764974468.5476031,0,0,27,3.375
1764974468.5516071,0,0,27,3.375
1764974468.555609,0,0,25,3.125
1764974468.559611,0,0,26,3.250
1764974468.5636048,0,0,26,3.250
1764974468.5676029,0,0,26,3.250
1764974468.5716043,0,0,27,3.375
1764974468.5756016,0,0,25,3.125
1764974468.57961,0,0,25,3.125
1764974468.5836046,0,0,26,3.250
1764974468.5876055,0,0,26,3.250
1764974468.591602,0,0,27,3.375
1764974468.5956006,0,0,25,3.125
1764974468.5996082,0,0,25,3.125
1764974468.6036053,0,0,26,3.250
1764974468.6076047,0,0,27,3.375
1764974468.6116006,0,0,28,3.500
1764974468.6156018,0,0,25,3.125
1764974468.6196463,0,0,26,3.250
1764974468.6236167,0,0,26,3.250
1764974468.6276045,0,0,26,3.250
1764974468.631598,0,0,28,3.500
1764974468.6355982,0,0,26,3.250
1764974468.6395946,0,0,26,3.250
1764974468.6436238,0,0,26,3.250
1764974468.6475885,0,0,27,3.375
1764974468.6516044,0,0,27,3.375
1764974468.655596,0,0,25,3.125
1764974468.659608,0,0,26,3.250
1764974468.663608,0,0,26,3.250
1764974468.6676078,0,0,26,3.250
1764974468.671606,0,0,27,3.375
1764974468.675603,0,0,26,3.250
1764974468.6796079,0,0,26,3.250
1764974468.6836026,0,0,26,3.250
1764974468.6876037,0,0,26,3.250
1764974468.6916118,0,0,27,3.375
1764974468.6955988,0,0,25,3.125
1764974468.6996017,0,0,25,3.125
1764974468.7036006,0,0,26,3.250
1764974468.7076716,0,0,26,3.250
1764974468.711619,0,0,27,3.375
1764974468.715606,0,0,26,3.250
1764974468.7196066,0,0,25,3.125
1764974468.7236025,0,0,26,3.250
1764974468.7276018,0,0,26,3.250
1764974468.7316027,0,0,27,3.375
1764974468.7355983,0,0,26,3.250
1764974468.7396097,0,0,25,3.125
1764974468.74364,0,0,26,3.250
1764974468.7475998,0,0,26,3.250
1764974468.7516031,0,0,27,3.375
1764974468.7556028,0,0,26,3.250
1764974468.7596056,0,0,25,3.125
1764974468.763598,0,0,26,3.250
1764974468.767599,0,0,26,3.250
1764974468.7716012,0,0,27,3.375
1764974468.7755992,0,0,26,3.250
1764974468.7796123,0,0,25,3.125
1764974468.7836072,0,0,25,3.125
1764974468.7876017,0,0,27,3.375
1764974468.791898,0,0,27,3.375
1764974468.7958152,0,0,26,3.250
1764974468.799627,0,0,25,3.125
1764974468.803599,0,0,26,3.250
1764974468.8075964,0,0,26,3.250
1764974468.8116026,0,0,27,3.375
1764974468.8155994,0,0,26,3.250
1764974468.8196058,0,0,25,3.125
1764974468.8236017,0,0,26,3.250
1764974468.8275993,0,0,26,3.250
1764974468.831601,0,0,28,3.500
1764974468.8356009,0,0,26,3.250
1764974468.8396091,0,0,25,3.125
1764974468.8436487,0,0,26,3.250
1764974468.8476038,0,0,26,3.250
1764974468.8519294,0,0,27,3.375
1764974468.8557212,0,0,26,3.250
1764974468.8598619,0,0,25,3.125
1764974468.8636613,0,0,26,3.250
1764974468.8676083,0,0,26,3.250
1764974468.8716078,0,0,27,3.375
1764974468.8756022,0,0,26,3.250
1764974468.8796036,0,0,25,3.125
1764974468.8836045,0,0,26,3.250
1764974468.887602,0,0,26,3.250
1764974468.8916087,0,0,27,3.375
1764974468.895599,0,0,26,3.250
1764974468.8996034,0,0,25,3.125
1764974468.9036012,0,0,26,3.250
1764974468.91263,0,0,27,3.375
1764974468.9156282,0,0,27,3.375
1764974468.9196067,0,0,25,3.125
1764974468.9236321,0,0,25,3.125
1764974468.9276114,0,0,26,3.250
1764974468.931612,0,0,26,3.250
1764974468.935601,0,0,25,3.125
1764974468.939598,0,0,26,3.250
1764974468.9436202,0,0,26,3.250
1764974468.9475865,0,0,27,3.375
1764974468.9516103,0,0,27,3.375
1764974468.9556036,0,0,25,3.125
1764974468.9596038,0,0,26,3.250
1764974468.9636357,0,0,26,3.250
1764974468.9676137,0,0,27,3.375
1764974468.9716058,0,0,27,3.375
1764974468.9756017,0,0,25,3.125
1764974468.9796038,0,0,26,3.250
1764974468.9835987,0,0,26,3.250
1764974468.9875975,0,0,26,3.250
1764974468.9916034,0,0,27,3.375
1764974468.9956005,0,0,25,3.125
1764974468.999604,0,0,26,3.250
1764974469.0035965,0,0,27,3.375
1764974469.0075977,0,0,27,3.375
1764974469.0116026,0,0,27,3.375
1764974469.0156002,0,0,25,3.125
1764974469.0196059,0,0,26,3.250
1764974469.0235977,0,0,26,3.250
1764974469.0275981,0,0,26,3.250
1764974469.0315976,0,0,27,3.375
1764974469.035598,0,0,25,3.125
1764974469.0396028,0,0,26,3.250
1764974469.0436375,0,0,26,3.250
1764974469.047598,0,0,27,3.375
1764974469.051599,0,0,27,3.375
1764974469.0555983,0,0,25,3.125
1764974469.059607,0,0,26,3.250
1764974469.063599,0,0,26,3.250
1764974469.0675945,0,0,26,3.250
1764974469.0715945,0,0,27,3.375
1764974469.0755823,0,0,25,3.125
1764974469.0795844,0,0,26,3.250
1764974469.083582,0,0,26,3.250
1764974469.0875795,0,0,26,3.250
1764974469.0916004,0,0,27,3.375
1764974469.0955975,0,0,25,3.125
1764974469.0996025,0,0,25,3.125
1764974469.103601,0,0,26,3.250
1764974469.1076005,0,0,27,3.375
1764974469.1116812,0,0,27,3.375
1764974469.115609,0,0,25,3.125
1764974469.1195984,0,0,25,3.125
1764974469.1235847,0,0,26,3.250
1764974469.1275818,0,0,27,3.375
1764974469.131598,0,0,27,3.375
1764974469.1355977,0,0,25,3.125
1764974469.139596,0,0,25,3.125
1764974469.1436212,0,0,26,3.250
1764974469.1475832,0,0,26,3.250
1764974469.1516051,0,0,28,3.500
1764974469.155598,0,0,25,3.125
1764974469.1596012,0,0,25,3.125
1764974469.1635985,0,0,26,3.250
1764974469.1676247,0,0,26,3.250
1764974469.171604,0,0,27,3.375
1764974469.1755958,0,0,25,3.125
1764974469.1796012,0,0,26,3.250
1764974469.1835983,0,0,26,3.250
1764974469.1875978,0,0,26,3.250
1764974469.1916065,0,0,27,3.375
1764974469.1955965,0,0,25,3.125
1764974469.199593,0,0,25,3.125
1764974469.2035785,0,0,26,3.250
1764974469.2075806,0,0,27,3.375
1764974469.2116013,0,0,27,3.375
1764974469.215598,0,0,25,3.125
1764974469.2196007,0,0,26,3.250
1764974469.2235942,0,0,26,3.250
1764974469.2275968,0,0,26,3.250
1764974469.2315974,0,0,27,3.375
1764974469.235596,0,0,25,3.125
1764974469.2395892,0,0,26,3.250
1764974469.2436178,0,0,26,3.250
1764974469.2475789,0,0,26,3.250
1764974469.251599,0,0,28,3.500
1764974469.255596,0,0,25,3.125
1764974469.259602,0,0,25,3.125
1764974469.2635958,0,0,25,3.125
1764974469.2675934,0,0,26,3.250
1764974469.271597,0,0,28,3.500
1764974469.2755945,0,0,25,3.125
1764974469.2796001,0,0,25,3.125
1764974469.283592,0,0,26,3.250
1764974469.2875946,0,0,26,3.250
1764974469.2915952,0,0,27,3.375
1764974469.2955968,0,0,25,3.125
1764974469.2996013,0,0,26,3.250
1764974469.3035917,0,0,26,3.250
1764974469.3075924,0,0,27,3.375
1764974469.3116739,0,0,27,3.375
1764974469.3156095,0,0,25,3.125
1764974469.3195965,0,0,25,3.125
1764974469.3235798,0,0,26,3.250
1764974469.3275752,0,0,26,3.250
1764974469.331599,0,0,27,3.375
1764974469.335597,0,0,25,3.125
1764974469.3395998,0,0,26,3.250
1764974469.343623,0,0,26,3.250
1764974469.3475766,0,0,27,3.375
1764974469.3516028,0,0,28,3.500
1764974469.355596,0,0,26,3.250
1764974469.3596017,0,0,25,3.125
1764974469.3636005,0,0,26,3.250
1764974469.3675973,0,0,26,3.250
1764974469.3715954,0,0,27,3.375
1764974469.3755949,0,0,26,3.250
1764974469.379607,0,0,25,3.125
1764974469.383599,0,0,26,3.250
1764974469.3875976,0,0,26,3.250
1764974469.3915963,0,0,27,3.375
1764974469.3955922,0,0,25,3.125
1764974469.3995945,0,0,25,3.125
1764974469.4036,0,0,25,3.125
1764974469.4075978,0,0,26,3.250
1764974469.4115977,0,0,27,3.375
1764974469.4155936,0,0,26,3.250
1764974469.4196022,0,0,25,3.125
1764974469.4235961,0,0,26,3.250
1764974469.427597,0,0,27,3.375
1764974469.4315982,0,0,27,3.375
1764974469.4355943,0,0,26,3.250
1764974469.439599,0,0,25,3.125
1764974469.4436126,0,0,25,3.125
1764974469.4475977,0,0,26,3.250
1764974469.4515975,0,0,27,3.375
1764974469.4555953,0,0,26,3.250
1764974469.4596016,0,0,25,3.125
1764974469.463595,0,0,26,3.250
1764974469.4675977,0,0,26,3.250
1764974469.4715977,0,0,27,3.375
1764974469.4755962,0,0,26,3.250
1764974469.4795978,0,0,25,3.125
1764974469.4835954,0,0,26,3.250
1764974469.4875965,0,0,27,3.375
1764974469.4915993,0,0,27,3.375
1764974469.495596,0,0,26,3.250
1764974469.4995968,0,0,25,3.125
1764974469.5035937,0,0,25,3.125
1764974469.5075948,0,0,26,3.250
1764974469.5116818,0,0,27,3.375
1764974469.5156128,0,0,26,3.250
1764974469.519597,0,0,25,3.125
1764974469.523576,0,0,26,3.250
1764974469.527577,0,0,27,3.375
1764974469.5316052,0,0,26,3.250
1764974469.5355976,0,0,25,3.125
1764974469.5395954,0,0,25,3.125
1764974469.543616,0,0,26,3.250
1764974469.5475767,0,0,27,3.375
1764974469.5515969,0,0,26,3.250
1764974469.5555947,0,0,25,3.125
1764974469.5595992,0,0,26,3.250
1764974469.563592,0,0,26,3.250
1764974469.5675902,0,0,27,3.375
1764974469.5715919,0,0,26,3.250
1764974469.5755947,0,0,25,3.125
1764974469.5796027,0,0,26,3.250
1764974469.5835946,0,0,26,3.250
1764974469.5875893,0,0,27,3.375
1764974469.5915918,0,0,26,3.250
1764974469.5955937,0,0,25,3.125
1764974469.5995886,0,0,26,3.250
1764974469.6035764,0,0,26,3.250
1764974469.6075728,0,0,27,3.375
1764974469.6115994,0,0,27,3.375
1764974469.6155944,0,0,25,3.125
1764974469.6195908,0,0,26,3.250
1764974469.6235762,0,0,26,3.250
1764974469.6275778,0,0,26,3.250
1764974469.6315925,0,0,26,3.250
1764974469.63559,0,0,25,3.125
1764974469.6395893,0,0,26,3.250
1764974469.643592,0,0,27,3.375
1764974469.6475744,0,0,27,3.375
1764974469.6515958,0,0,26,3.250
1764974469.6555912,0,0,25,3.125
1764974469.659599,0,0,26,3.250
1764974469.6635954,0,0,26,3.250
1764974469.6675932,0,0,27,3.375
1764974469.6715953,0,0,27,3.375
1764974469.6755912,0,0,25,3.125
1764974469.6795955,0,0,26,3.250
1764974469.6835911,0,0,26,3.250
1764974469.6875927,0,0,27,3.375
1764974469.691601,0,0,26,3.250
1764974469.6955914,0,0,25,3.125
1764974469.6995978,0,0,26,3.250
1764974469.7035937,0,0,26,3.250
1764974469.707594,0,0,27,3.375
1764974469.71167,0,0,27,3.375
1764974469.715605,0,0,25,3.125
1764974469.7195933,0,0,26,3.250
1764974469.7235894,0,0,26,3.250
1764974469.7275898,0,0,27,3.375
1764974469.7315977,0,0,27,3.375
1764974469.7355924,0,0,25,3.125
1764974469.7395897,0,0,26,3.250
1764974469.743611,0,0,26,3.250
1764974469.7475774,0,0,27,3.375
1764974469.7515972,0,0,27,3.375
1764974469.7555957,0,0,25,3.125
1764974469.759594,0,0,26,3.250
1764974469.7635875,0,0,26,3.250
1764974469.7675886,0,0,26,3.250
1764974469.7715926,0,0,27,3.375
1764974469.7755911,0,0,25,3.125
1764974469.7795968,0,0,26,3.250
1764974469.7835877,0,0,26,3.250
1764974469.7875896,0,0,26,3.250
1764974469.7918947,0,0,27,3.375
1764974469.7958093,0,0,25,3.125
1764974469.7996185,0,0,26,3.250
1764974469.803591,0,0,26,3.250
1764974469.8075876,0,0,26,3.250
1764974469.8115935,0,0,27,3.375
1764974469.8155909,0,0,26,3.250
1764974469.8195925,0,0,26,3.250
1764974469.823586,0,0,26,3.250
1764974469.8275847,0,0,26,3.250
1764974469.8315885,0,0,27,3.375
1764974469.8355904,0,0,25,3.125
1764974469.8395917,0,0,25,3.125
1764974469.843637,0,0,26,3.250
1764974469.8475966,0,0,26,3.250
1764974469.8516107,0,0,27,3.375
1764974469.855602,0,0,25,3.125
1764974469.8595967,0,0,26,3.250
1764974469.86359,0,0,26,3.250
1764974469.8675864,0,0,27,3.375
1764974469.8715887,0,0,27,3.375
1764974469.8755867,0,0,25,3.125
1764974469.879591,0,0,26,3.250
1764974469.8835907,0,0,26,3.250
1764974469.8875859,0,0,27,3.375
1764974469.8915877,0,0,27,3.375
1764974469.895584,0,0,25,3.125
1764974469.899601,0,0,26,3.250
1764974469.903586,0,0,25,3.125
1764974469.9075892,0,0,27,3.375
1764974469.9165397,0,0,25,3.125
1764974469.9196353,0,0,25,3.125
1764974469.9235923,0,0,26,3.250
1764974469.927588,0,0,27,3.375
1764974469.9315894,0,0,27,3.375
1764974469.9355862,0,0,25,3.125
1764974469.939587,0,0,25,3.125
1764974469.9436123,0,0,26,3.250
1764974469.9475718,0,0,26,3.250
1764974469.9515936,0,0,28,3.500
1764974469.955589,0,0,25,3.125
1764974469.9595904,0,0,25,3.125
1764974469.9635894,0,0,26,3.250
1764974469.9675856,0,0,26,3.250
1764974469.9715898,0,0,28,3.500
1764974469.9755847,0,0,25,3.125
1764974469.9795916,0,0,25,3.125
1764974469.983586,0,0,26,3.250
1764974469.9875894,0,0,27,3.375
1764974469.9915874,0,0,28,3.500
1764974469.9955864,0,0,25,3.125
1764974469.9995878,0,0,26,3.250
1764974470.003585,0,0,25,3.125
1764974470.0075867,0,0,26,3.250
1764974470.0115883,0,0,26,3.250
1764974470.015588,0,0,25,3.125
1764974470.0195856,0,0,25,3.125
1764974470.0235827,0,0,26,3.250
1764974470.0275843,0,0,27,3.375
1764974470.031585,0,0,27,3.375
1764974470.0355895,0,0,26,3.250
1764974470.0395923,0,0,26,3.250
1764974470.0435963,0,0,26,3.250
1764974470.0475833,0,0,27,3.375
1764974470.0515895,0,0,27,3.375
1764974470.0555859,0,0,25,3.125
1764974470.0595925,0,0,25,3.125
1764974470.063586,0,0,26,3.250
1764974470.0675857,0,0,26,3.250
1764974470.0715885,0,0,27,3.375
1764974470.0755856,0,0,26,3.250
1764974470.0795906,0,0,25,3.125
1764974470.0835855,0,0,26,3.250
1764974470.0875854,0,0,26,3.250
1764974470.091581,0,0,28,3.500
1764974470.0955665,0,0,26,3.250
1764974470.099587,0,0,25,3.125
1764974470.103587,0,0,26,3.250
1764974470.1075838,0,0,26,3.250
1764974470.1115847,0,0,28,3.500
1764974470.115662,0,0,25,3.125
1764974470.1195996,0,0,26,3.250
1764974470.1235702,0,0,26,3.250
1764974470.1275651,0,0,27,3.375
1764974470.1315947,0,0,26,3.250
1764974470.135585,0,0,25,3.125
1764974470.1395838,0,0,25,3.125
1764974470.1436062,0,0,26,3.250
1764974470.147569,0,0,27,3.375
1764974470.1516008,0,0,26,3.250
1764974470.155588,0,0,25,3.125
1764974470.1596048,0,0,26,3.250
1764974470.1635895,0,0,26,3.250
1764974470.167589,0,0,27,3.375
1764974470.171586,0,0,26,3.250
1764974470.1755962,0,0,25,3.125
1764974470.1795928,0,0,26,3.250
1764974470.1835883,0,0,26,3.250
1764974470.1875892,0,0,28,3.500
1764974470.191602,0,0,26,3.250
1764974470.195588,0,0,26,3.250
1764974470.1995919,0,0,26,3.250
1764974470.203589,0,0,26,3.250
1764974470.2075987,0,0,27,3.375
1764974470.2115872,0,0,26,3.250
1764974470.2155812,0,0,25,3.125
1764974470.2195876,0,0,26,3.250
1764974470.2236018,0,0,26,3.250
1764974470.2275867,0,0,27,3.375
1764974470.231587,0,0,27,3.375
1764974470.235582,0,0,26,3.250
1764974470.2395954,0,0,26,3.250
1764974470.2436225,0,0,26,3.250
1764974470.2475893,0,0,27,3.375
1764974470.2515872,0,0,26,3.250
1764974470.2555957,0,0,25,3.125
1764974470.2595897,0,0,26,3.250
1764974470.2635841,0,0,26,3.250
1764974470.2675865,0,0,27,3.375
1764974470.271586,0,0,27,3.375
1764974470.2755866,0,0,25,3.125
1764974470.2795804,0,0,26,3.250
1764974470.2835646,0,0,27,3.375
1764974470.287565,0,0,27,3.375
1764974470.2915905,0,0,26,3.250
1764974470.2955859,0,0,25,3.125
1764974470.29959,0,0,26,3.250
1764974470.3035822,0,0,26,3.250
1764974470.307584,0,0,26,3.250
1764974470.3115811,0,0,26,3.250
1764974470.315658,0,0,25,3.125
1764974470.319596,0,0,25,3.125
1764974470.3235693,0,0,26,3.250
1764974470.3275638,0,0,27,3.375
1764974470.3315864,0,0,27,3.375
1764974470.3355863,0,0,25,3.125
1764974470.3395846,0,0,25,3.125
1764974470.3436065,0,0,26,3.250
1764974470.3475635,0,0,27,3.375
1764974470.3515892,0,0,27,3.375
1764974470.3555877,0,0,25,3.125
1764974470.359602,0,0,26,3.250
1764974470.3635876,0,0,26,3.250
1764974470.3675828,0,0,27,3.375
1764974470.3715856,0,0,27,3.375
1764974470.3755965,0,0,25,3.125
1764974470.3795946,0,0,26,3.250
1764974470.3835874,0,0,26,3.250
1764974470.387584,0,0,27,3.375
1764974470.3915968,0,0,27,3.375
1764974470.395582,0,0,25,3.125
1764974470.399588,0,0,26,3.250
1764974470.4035885,0,0,26,3.250
1764974470.4075975,0,0,27,3.375
1764974470.4115865,0,0,27,3.375
1764974470.415595,0,0,25,3.125
1764974470.4195921,0,0,26,3.250
1764974470.423587,0,0,26,3.250
1764974470.4275844,0,0,27,3.375
1764974470.431596,0,0,27,3.375
1764974470.435581,0,0,25,3.125
1764974470.4395869,0,0,26,3.250
1764974470.4436004,0,0,26,3.250
1764974470.447596,0,0,26,3.250
1764974470.4515843,0,0,27,3.375
1764974470.4555829,0,0,25,3.125
1764974470.4595928,0,0,26,3.250
1764974470.463601,0,0,26,3.250
1764974470.4675903,0,0,27,3.375
1764974470.4715965,0,0,27,3.375
1764974470.475578,0,0,25,3.125
1764974470.4795835,0,0,26,3.250
1764974470.4835825,0,0,26,3.250
1764974470.487594,0,0,27,3.375
1764974470.4915855,0,0,27,3.375
1764974470.4955783,0,0,25,3.125
1764974470.4995828,0,0,25,3.125
1764974470.5035806,0,0,26,3.250
1764974470.5075843,0,0,27,3.375
1764974470.511584,0,0,27,3.375
1764974470.5156512,0,0,25,3.125
1764974470.5195894,0,0,25,3.125
1764974470.5235646,0,0,26,3.250
1764974470.5275636,0,0,27,3.375
1764974470.53159,0,0,27,3.375
1764974470.5355968,0,0,25,3.125
1764974470.5395772,0,0,26,3.250
1764974470.5436003,0,0,26,3.250
1764974470.5475643,0,0,27,3.375
1764974470.551585,0,0,27,3.375
1764974470.5555844,0,0,25,3.125
1764974470.5595884,0,0,25,3.125
1764974470.563579,0,0,26,3.250
1764974470.5675786,0,0,27,3.375
1764974470.5715816,0,0,27,3.375
1764974470.5755816,0,0,25,3.125
1764974470.5795882,0,0,26,3.250
1764974470.583579,0,0,26,3.250
1764974470.587581,0,0,26,3.250
1764974470.5915995,0,0,27,3.375
1764974470.5955834,0,0,25,3.125
1764974470.5995789,0,0,25,3.125
1764974470.6035647,0,0,26,3.250
1764974470.607562,0,0,26,3.250
1764974470.6115825,0,0,27,3.375
1764974470.6155818,0,0,25,3.125
1764974470.6195757,0,0,25,3.125
1764974470.623562,0,0,26,3.250
1764974470.6275616,0,0,27,3.375
1764974470.6315913,0,0,27,3.375
1764974470.6355832,0,0,26,3.250
1764974470.6395805,0,0,26,3.250
1764974470.6436005,0,0,26,3.250
1764974470.6475716,0,0,26,3.250
1764974470.651582,0,0,27,3.375
1764974470.6555796,0,0,25,3.125
1764974470.6595888,0,0,26,3.250
1764974470.6635911,0,0,26,3.250
1764974470.667581,0,0,27,3.375
1764974470.6715937,0,0,27,3.375
1764974470.6755798,0,0,25,3.125
1764974470.6795866,0,0,25,3.125
1764974470.6835804,0,0,26,3.250
1764974470.6875918,0,0,27,3.375
1764974470.6915805,0,0,28,3.500
1764974470.6955829,0,0,25,3.125
1764974470.699585,0,0,26,3.250
1764974470.7035913,0,0,26,3.250
1764974470.7075799,0,0,27,3.375
1764974470.7115796,0,0,28,3.500
1764974470.7156472,0,0,26,3.250
1764974470.7196054,0,0,26,3.250
1764974470.7235656,0,0,26,3.250
1764974470.7275627,0,0,28,3.500
1764974470.7315803,0,0,26,3.250
1764974470.7355838,0,0,25,3.125
1764974470.7395759,0,0,26,3.250
1764974470.7436178,0,0,27,3.375
1764974470.7475758,0,0,27,3.375
1764974470.751579,0,0,26,3.250
1764974470.7555728,0,0,25,3.125
1764974470.7595763,0,0,26,3.250
1764974470.763571,0,0,26,3.250
1764974470.7675745,0,0,27,3.375
1764974470.7715766,0,0,25,3.125
1764974470.7755747,0,0,26,3.250
1764974470.7795746,0,0,26,3.250
1764974470.7836006,0,0,26,3.250
1764974470.7875876,0,0,27,3.375
1764974470.7918794,0,0,26,3.250
1764974470.7958012,0,0,26,3.250
1764974470.7996259,0,0,26,3.250
1764974470.8035727,0,0,27,3.375
1764974470.8075716,0,0,27,3.375
1764974470.8115785,0,0,26,3.250
1764974470.815573,0,0,25,3.125
1764974470.8195746,0,0,26,3.250
1764974470.82357,0,0,26,3.250
1764974470.8275733,0,0,27,3.375
1764974470.8315964,0,0,26,3.250
1764974470.8355784,0,0,25,3.125
1764974470.8395853,0,0,26,3.250
1764974470.8436186,0,0,26,3.250
1764974470.84759,0,0,28,3.500
1764974470.8515832,0,0,25,3.125
1764974470.855579,0,0,25,3.125
1764974470.8595827,0,0,26,3.250
1764974470.8635902,0,0,26,3.250
1764974470.8675745,0,0,27,3.375
1764974470.871581,0,0,26,3.250
1764974470.8755758,0,0,25,3.125
1764974470.8795924,0,0,26,3.250
1764974470.8835769,0,0,27,3.375
1764974470.8875732,0,0,27,3.375
1764974470.8915756,0,0,26,3.250
1764974470.8955846,0,0,25,3.125
1764974470.8995764,0,0,26,3.250
1764974470.903579,0,0,26,3.250
1764974470.9075751,0,0,27,3.375
1764974470.9115791,0,0,26,3.250
1764974470.920533,0,0,26,3.250
1764974470.9236038,0,0,27,3.375
1764974470.9275832,0,0,27,3.375
1764974470.9315789,0,0,27,3.375
1764974470.9355738,0,0,25,3.125
1764974470.9395769,0,0,25,3.125
1764974470.9436197,0,0,27,3.375
1764974470.9475784,0,0,27,3.375
1764974470.9515793,0,0,27,3.375
1764974470.9555569,0,0,25,3.125
1764974470.9595778,0,0,26,3.250
1764974470.9635782,0,0,26,3.250
1764974470.9675894,0,0,27,3.375
1764974470.9715781,0,0,26,3.250
1764974470.975589,0,0,25,3.125
1764974470.9795809,0,0,26,3.250
1764974470.9835632,0,0,26,3.250
1764974470.9875574,0,0,27,3.375
1764974470.9915931,0,0,26,3.250
1764974470.995576,0,0,25,3.125
1764974470.9995744,0,0,26,3.250
1764974471.0035598,0,0,26,3.250
1764974471.00757,0,0,27,3.375
1764974471.01158,0,0,26,3.250
1764974471.015576,0,0,26,3.250
1764974471.0195785,0,0,25,3.125
1764974471.0235748,0,0,26,3.250
1764974471.0275748,0,0,26,3.250
1764974471.0315812,0,0,27,3.375
1764974471.035577,0,0,26,3.250
1764974471.039577,0,0,26,3.250
1764974471.0436106,0,0,26,3.250
1764974471.047579,0,0,27,3.375
1764974471.0515797,0,0,26,3.250
1764974471.0555763,0,0,26,3.250
1764974471.0595777,0,0,26,3.250
1764974471.0635765,0,0,26,3.250
1764974471.0675771,0,0,27,3.375
1764974471.071581,0,0,27,3.375
1764974471.0755756,0,0,25,3.125
1764974471.0795782,0,0,26,3.250
1764974471.0835738,0,0,26,3.250
1764974471.0875754,0,0,27,3.375
1764974471.091579,0,0,27,3.375
1764974471.0955772,0,0,25,3.125
1764974471.0995805,0,0,25,3.125
1764974471.103575,0,0,26,3.250
1764974471.1075714,0,0,27,3.375
1764974471.1115708,0,0,27,3.375
1764974471.1155593,0,0,25,3.125
1764974471.1196544,0,0,26,3.250
1764974471.1235907,0,0,26,3.250
1764974471.1275754,0,0,27,3.375
1764974471.1315765,0,0,27,3.375
1764974471.1355765,0,0,25,3.125
1764974471.139576,0,0,26,3.250
1764974471.1436136,0,0,26,3.250
1764974471.1475582,0,0,26,3.250
1764974471.1515746,0,0,27,3.375
1764974471.1555748,0,0,25,3.125
1764974471.1595852,0,0,26,3.250
1764974471.1635606,0,0,26,3.250
1764974471.16756,0,0,27,3.375
1764974471.1715739,0,0,27,3.375
1764974471.175585,0,0,25,3.125
1764974471.1795802,0,0,25,3.125
1764974471.1835864,0,0,26,3.250
1764974471.1875715,0,0,27,3.375
1764974471.1915915,0,0,28,3.500
1764974471.1955926,0,0,25,3.125
1764974471.199577,0,0,26,3.250
1764974471.2035577,0,0,26,3.250
1764974471.2075708,0,0,26,3.250
1764974471.2115774,0,0,27,3.375
1764974471.2155774,0,0,25,3.125
1764974471.2195714,0,0,26,3.250
1764974471.2235727,0,0,26,3.250
1764974471.227559,0,0,26,3.250
1764974471.2315788,0,0,27,3.375
1764974471.2355711,0,0,25,3.125
1764974471.2395706,0,0,26,3.250
1764974471.2435977,0,0,26,3.250
1764974471.2475598,0,0,27,3.375
1764974471.2515783,0,0,27,3.375
1764974471.255575,0,0,25,3.125
1764974471.2595778,0,0,26,3.250
1764974471.263578,0,0,26,3.250
1764974471.267576,0,0,27,3.375
1764974471.2715788,0,0,28,3.500
1764974471.2755718,0,0,25,3.125
1764974471.2795775,0,0,26,3.250
1764974471.2835712,0,0,26,3.250
1764974471.2875757,0,0,27,3.375
1764974471.291575,0,0,27,3.375
1764974471.2955744,0,0,25,3.125
1764974471.299574,0,0,26,3.250
1764974471.303572,0,0,26,3.250
1764974471.3075697,0,0,26,3.250
1764974471.311577,0,0,27,3.375
1764974471.3155737,0,0,26,3.250
1764974471.3196495,0,0,26,3.250
1764974471.3235664,0,0,26,3.250
1764974471.3275595,0,0,28,3.500
1764974471.3315768,0,0,25,3.125
1764974471.3355722,0,0,26,3.250
1764974471.3395708,0,0,26,3.250
1764974471.3436081,0,0,27,3.375
1764974471.3475707,0,0,27,3.375
1764974471.351573,0,0,25,3.125
1764974471.3555672,0,0,26,3.250
1764974471.3595896,0,0,26,3.250
1764974471.3635705,0,0,26,3.250
1764974471.3675704,0,0,27,3.375
1764974471.3715732,0,0,26,3.250
1764974471.3755834,0,0,26,3.250
1764974471.3795857,0,0,26,3.250
1764974471.3835835,0,0,27,3.375
1764974471.387569,0,0,28,3.500
1764974471.3915641,0,0,25,3.125
1764974471.395555,0,0,25,3.125
1764974471.3995826,0,0,25,3.125
1764974471.4035714,0,0,26,3.250
1764974471.4075694,0,0,27,3.375
1764974471.4115622,0,0,25,3.125
1764974471.4155633,0,0,25,3.125
1764974471.4195693,0,0,25,3.125
1764974471.4235735,0,0,27,3.375
1764974471.4275682,0,0,27,3.375
1764974471.4315703,0,0,26,3.250
1764974471.4355724,0,0,25,3.125
1764974471.439577,0,0,26,3.250
1764974471.443605,0,0,26,3.250
1764974471.447568,0,0,27,3.375
1764974471.4515696,0,0,26,3.250
1764974471.4555666,0,0,25,3.125
1764974471.4595747,0,0,26,3.250
1764974471.4635704,0,0,26,3.250
1764974471.4675698,0,0,27,3.375
1764974471.4715688,0,0,25,3.125
1764974471.4755661,0,0,26,3.250
1764974471.4795747,0,0,26,3.250
1764974471.4835696,0,0,26,3.250
1764974471.4875703,0,0,27,3.375
1764974471.491567,0,0,26,3.250
1764974471.495566,0,0,26,3.250
1764974471.4995701,0,0,26,3.250
1764974471.5035694,0,0,26,3.250
1764974471.507567,0,0,27,3.375
1764974471.5115707,0,0,26,3.250
1764974471.5155668,0,0,25,3.125
1764974471.519652,0,0,26,3.250
1764974471.5235803,0,0,26,3.250
1764974471.527571,0,0,27,3.375
1764974471.5315704,0,0,26,3.250
1764974471.535565,0,0,25,3.125
1764974471.5395696,0,0,25,3.125
1764974471.5436103,0,0,26,3.250
1764974471.5475678,0,0,27,3.375
1764974471.5515707,0,0,26,3.250
1764974471.5555613,0,0,25,3.125
1764974471.5595794,0,0,26,3.250
1764974471.5635667,0,0,26,3.250
1764974471.5675707,0,0,27,3.375
1764974471.5715718,0,0,25,3.125
1764974471.5755801,0,0,26,3.250
1764974471.5795715,0,0,26,3.250
1764974471.583568,0,0,27,3.375
1764974471.587573,0,0,27,3.375
1764974471.5915785,0,0,26,3.250
1764974471.5955684,0,0,25,3.125
1764974471.599578,0,0,25,3.125
1764974471.603549,0,0,26,3.250
1764974471.6075501,0,0,27,3.375
1764974471.6115723,0,0,26,3.250
1764974471.615578,0,0,25,3.125
1764974471.6195638,0,0,26,3.250
1764974471.623554,0,0,26,3.250
1764974471.62755,0,0,27,3.375
1764974471.6315727,0,0,26,3.250
1764974471.6355712,0,0,25,3.125
1764974471.6395657,0,0,25,3.125
1764974471.6435869,0,0,26,3.250
1764974471.6475494,0,0,27,3.375
1764974471.6515675,0,0,27,3.375
1764974471.6555665,0,0,26,3.250
1764974471.659572,0,0,26,3.250
1764974471.6635647,0,0,26,3.250
1764974471.667562,0,0,27,3.375
1764974471.6715689,0,0,27,3.375
1764974471.6755636,0,0,25,3.125
1764974471.6795719,0,0,25,3.125
1764974471.6835659,0,0,26,3.250
1764974471.6875641,0,0,27,3.375
1764974471.6915634,0,0,26,3.250
1764974471.6955705,0,0,25,3.125
1764974471.6995723,0,0,26,3.250
1764974471.703568,0,0,26,3.250
1764974471.7075632,0,0,27,3.375
1764974471.7115676,0,0,26,3.250
1764974471.7155619,0,0,25,3.125
1764974471.7196448,0,0,26,3.250
1764974471.723579,0,0,26,3.250
1764974471.7275677,0,0,27,3.375
1764974471.7315662,0,0,27,3.375
1764974471.7355602,0,0,25,3.125
1764974471.7395668,0,0,26,3.250
1764974471.743605,0,0,26,3.250
1764974471.747566,0,0,27,3.375
1764974471.7515626,0,0,26,3.250
1764974471.7555568,0,0,25,3.125
1764974471.7595768,0,0,26,3.250
1764974471.7635665,0,0,26,3.250
1764974471.7675674,0,0,27,3.375
1764974471.7715657,0,0,27,3.375
1764974471.7755742,0,0,25,3.125
1764974471.7795687,0,0,26,3.250
1764974471.7835686,0,0,26,3.250
1764974471.7875645,0,0,26,3.250
1764974471.7918634,0,0,27,3.375
1764974471.7957795,0,0,25,3.125
1764974471.799595,0,0,25,3.125
1764974471.8035648,0,0,26,3.250
1764974471.8075767,0,0,27,3.375
1764974471.811572,0,0,27,3.375
1764974471.8155637,0,0,25,3.125
1764974471.8195665,0,0,26,3.250
1764974471.823613,0,0,26,3.250
1764974471.8275795,0,0,27,3.375
1764974471.831567,0,0,27,3.375
1764974471.8355494,0,0,25,3.125
1764974471.839575,0,0,25,3.125
1764974471.843606,0,0,26,3.250
1764974471.847568,0,0,26,3.250
1764974471.8515728,0,0,27,3.375
1764974471.8555753,0,0,25,3.125
1764974471.859567,0,0,26,3.250
1764974471.8635638,0,0,26,3.250
1764974471.86756,0,0,26,3.250
1764974471.8715703,0,0,28,3.500
1764974471.8755665,0,0,25,3.125
1764974471.8795757,0,0,25,3.125
1764974471.8835642,0,0,26,3.250
1764974471.887564,0,0,26,3.250
1764974471.8915663,0,0,27,3.375
1764974471.8955648,0,0,25,3.125
1764974471.8995667,0,0,26,3.250
1764974471.903563,0,0,26,3.250
1764974471.9075625,0,0,27,3.375
1764974471.9115686,0,0,27,3.375
1764974471.9155648,0,0,26,3.250
1764974471.9244957,0,0,27,3.375
1764974471.927586,0,0,27,3.375
1764974471.9315698,0,0,25,3.125
1764974471.935563,0,0,25,3.125
1764974471.9395697,0,0,26,3.250
1764974471.943606,0,0,26,3.250
1764974471.9475653,0,0,27,3.375
1764974471.951567,0,0,26,3.250
1764974471.9555633,0,0,25,3.125
1764974471.9595573,0,0,26,3.250
1764974471.963547,0,0,27,3.375
1764974471.9675524,0,0,27,3.375
1764974471.9716482,0,0,25,3.125
1764974471.9755752,0,0,26,3.250
1764974471.9795754,0,0,26,3.250
1764974471.9835734,0,0,27,3.375
1764974471.9875681,0,0,27,3.375
1764974471.9915686,0,0,25,3.125
1764974471.995561,0,0,26,3.250
1764974471.9995568,0,0,26,3.250
1764974472.003549,0,0,27,3.375
1764974472.007545,0,0,28,3.500
1764974472.011578,0,0,25,3.125
1764974472.0155632,0,0,26,3.250
1764974472.0195587,0,0,26,3.250
1764974472.0235486,0,0,26,3.250
1764974472.0275447,0,0,27,3.375
1764974472.0315626,0,0,25,3.125
1764974472.035562,0,0,26,3.250
1764974472.0395586,0,0,26,3.250
1764974472.0435848,0,0,27,3.375
1764974472.0475435,0,0,28,3.500
1764974472.0515687,0,0,25,3.125
1764974472.055563,0,0,25,3.125
1764974472.0595632,0,0,26,3.250
1764974472.0635638,0,0,26,3.250
1764974472.067564,0,0,27,3.375
1764974472.0715675,0,0,25,3.125
1764974472.0755632,0,0,26,3.250
1764974472.0795672,0,0,26,3.250
1764974472.0835638,0,0,27,3.375
1764974472.087566,0,0,27,3.375
1764974472.0915666,0,0,26,3.250
1764974472.0955632,0,0,26,3.250
1764974472.0995667,0,0,25,3.125
1764974472.1035674,0,0,26,3.250
1764974472.107576,0,0,28,3.500
1764974472.1115685,0,0,26,3.250
1764974472.1155622,0,0,26,3.250
1764974472.1195648,0,0,26,3.250
1764974472.123629,0,0,26,3.250
1764974472.1275702,0,0,27,3.375
1764974472.1315653,0,0,26,3.250
1764974472.1355467,0,0,25,3.125
1764974472.1395483,0,0,26,3.250
1764974472.1435814,0,0,26,3.250
1764974472.1475422,0,0,27,3.375
1764974472.1515598,0,0,25,3.125
1764974472.1555607,0,0,25,3.125
1764974472.159565,0,0,25,3.125
1764974472.1635635,0,0,26,3.250
1764974472.1677077,0,0,27,3.375
1764974472.1715853,0,0,26,3.250
1764974472.175552,0,0,26,3.250
1764974472.1795518,0,0,26,3.250
1764974472.183541,0,0,26,3.250
1764974472.1875424,0,0,27,3.375
1764974472.1915643,0,0,26,3.250
1764974472.1955686,0,0,25,3.125
1764974472.1996844,0,0,26,3.250
1764974472.203569,0,0,26,3.250
1764974472.207559,0,0,27,3.375
1764974472.2115655,0,0,26,3.250
1764974472.215564,0,0,25,3.125
1764974472.2195692,0,0,26,3.250
1764974472.2235632,0,0,27,3.375
1764974472.2275593,0,0,27,3.375
1764974472.2315664,0,0,26,3.250
1764974472.2355633,0,0,25,3.125
1764974472.2395682,0,0,26,3.250
1764974472.2436025,0,0,26,3.250
1764974472.2475653,0,0,27,3.375
1764974472.2515614,0,0,26,3.250
1764974472.2555602,0,0,25,3.125
1764974472.2595599,0,0,26,3.250
1764974472.2635448,0,0,26,3.250
1764974472.267544,0,0,27,3.375
1764974472.2715652,0,0,26,3.250
1764974472.275563,0,0,25,3.125
1764974472.2795672,0,0,26,3.250
1764974472.2835639,0,0,26,3.250
1764974472.2875633,0,0,27,3.375
1764974472.2915606,0,0,26,3.250
1764974472.2955604,0,0,25,3.125
1764974472.299563,0,0,26,3.250
1764974472.303562,0,0,27,3.375
1764974472.307561,0,0,27,3.375
1764974472.3115623,0,0,26,3.250
1764974472.315559,0,0,25,3.125
1764974472.319565,0,0,26,3.250
1764974472.3236384,0,0,26,3.250
1764974472.3275747,0,0,27,3.375
1764974472.3315663,0,0,27,3.375
1764974472.3355553,0,0,25,3.125
1764974472.3395622,0,0,26,3.250
1764974472.3436017,0,0,27,3.375
1764974472.3475626,0,0,27,3.375
1764974472.3515654,0,0,26,3.250
1764974472.3555567,0,0,25,3.125
1764974472.3595715,0,0,26,3.250
1764974472.3635576,0,0,26,3.250
1764974472.3675587,0,0,27,3.375
1764974472.3715646,0,0,26,3.250
1764974472.37557,0,0,25,3.125
1764974472.3795633,0,0,26,3.250
1764974472.383561,0,0,26,3.250
1764974472.3875623,0,0,26,3.250
1764974472.3915663,0,0,26,3.250
1764974472.3955426,0,0,25,3.125
1764974472.399556,0,0,25,3.125
1764974472.4035408,0,0,26,3.250
1764974472.4075449,0,0,27,3.375
1764974472.411564,0,0,26,3.250
1764974472.4155736,0,0,25,3.125
1764974472.4195566,0,0,25,3.125
1764974472.423542,0,0,26,3.250
1764974472.4275405,0,0,26,3.250
1764974472.4315648,0,0,27,3.375
1764974472.435562,0,0,25,3.125
1764974472.4395676,0,0,26,3.250
1764974472.443558,0,0,26,3.250
1764974472.4475982,0,0,27,3.375
1764974472.451566,0,0,27,3.375
1764974472.4555633,0,0,25,3.125
1764974472.4595675,0,0,26,3.250
1764974472.4635582,0,0,26,3.250
1764974472.467558,0,0,27,3.375
1764974472.4715636,0,0,27,3.375
1764974472.47556,0,0,25,3.125
1764974472.4795668,0,0,25,3.125
1764974472.4835598,0,0,26,3.250
1764974472.4875593,0,0,26,3.250
1764974472.4915586,0,0,27,3.375
1764974472.495563,0,0,25,3.125
1764974472.4995668,0,0,26,3.250
1764974472.5035646,0,0,26,3.250
1764974472.5075576,0,0,27,3.375
1764974472.5115592,0,0,27,3.375
1764974472.5155602,0,0,25,3.125
1764974472.519567,0,0,26,3.250
1764974472.5236342,0,0,26,3.250
1764974472.527571,0,0,27,3.375
1764974472.5315604,0,0,27,3.375
1764974472.5355566,0,0,25,3.125
1764974472.5395625,0,0,26,3.250
1764974472.5435586,0,0,27,3.375
1764974472.5475562,0,0,27,3.375
1764974472.5515573,0,0,25,3.125
1764974472.5555534,0,0,26,3.250
1764974472.5595746,0,0,26,3.250
1764974472.5635602,0,0,27,3.375
1764974472.5675626,0,0,27,3.375
1764974472.5715582,0,0,25,3.125
1764974472.5755677,0,0,26,3.250
1764974472.5795643,0,0,26,3.250
1764974472.5835576,0,0,27,3.375
1764974472.58757,0,0,27,3.375
1764974472.5915546,0,0,25,3.125
1764974472.5955362,0,0,26,3.250
1764974472.5995405,0,0,26,3.250
1764974472.6035395,0,0,27,3.375
1764974472.6075382,0,0,27,3.375
1764974472.6115632,0,0,26,3.250
1764974472.6155674,0,0,26,3.250
1764974472.6195595,0,0,26,3.250
1764974472.6235566,0,0,26,3.250
1764974472.6275563,0,0,28,3.500
1764974472.6315577,0,0,25,3.125
1764974472.6355546,0,0,26,3.250
1764974472.6395497,0,0,26,3.250
1764974472.6435397,0,0,27,3.375
1764974472.6475732,0,0,28,3.500
1764974472.6515608,0,0,25,3.125
1764974472.6555536,0,0,26,3.250
1764974472.6595583,0,0,26,3.250
1764974472.6635532,0,0,27,3.375
1764974472.6675673,0,0,27,3.375
1764974472.6715577,0,0,25,3.125
1764974472.6755536,0,0,25,3.125
1764974472.6795585,0,0,26,3.250
1764974472.6835647,0,0,26,3.250
1764974472.6875556,0,0,27,3.375
1764974472.6915565,0,0,26,3.250
1764974472.6955597,0,0,25,3.125
1764974472.6995714,0,0,26,3.250
1764974472.7035522,0,0,26,3.250
1764974472.7075546,0,0,27,3.375
1764974472.7115614,0,0,25,3.125
1764974472.7155552,0,0,26,3.250
1764974472.7195568,0,0,26,3.250
1764974472.7236257,0,0,27,3.375
1764974472.7275677,0,0,27,3.375
1764974472.7315583,0,0,26,3.250
1764974472.7355382,0,0,25,3.125
1764974472.7395566,0,0,26,3.250
1764974472.7435544,0,0,26,3.250
1764974472.747552,0,0,27,3.375
1764974472.7515514,0,0,26,3.250
1764974472.7555385,0,0,25,3.125
1764974472.7595708,0,0,26,3.250
1764974472.7635555,0,0,26,3.250
1764974472.7675548,0,0,27,3.375
1764974472.7715626,0,0,25,3.125
1764974472.7755609,0,0,25,3.125
1764974472.7795553,0,0,26,3.250
1764974472.7835617,0,0,26,3.250
1764974472.7875502,0,0,27,3.375
1764974472.7918594,0,0,25,3.125
1764974472.7957852,0,0,26,3.250
1764974472.7996063,0,0,26,3.250
1764974472.8035583,0,0,26,3.250
1764974472.8075507,0,0,27,3.375
1764974472.8115597,0,0,25,3.125
1764974472.8155506,0,0,25,3.125
1764974472.8195567,0,0,25,3.125
1764974472.8235729,0,0,26,3.250
1764974472.8275511,0,0,27,3.375
1764974472.8315568,0,0,26,3.250
1764974472.835558,0,0,25,3.125
1764974472.8395607,0,0,26,3.250
1764974472.8435543,0,0,26,3.250
1764974472.8475537,0,0,27,3.375
1764974472.8515558,0,0,26,3.250
1764974472.8555682,0,0,25,3.125
1764974472.859557,0,0,26,3.250
1764974472.863553,0,0,27,3.375
1764974472.867552,0,0,27,3.375
1764974472.8715522,0,0,26,3.250
1764974472.8755481,0,0,26,3.250
1764974472.879554,0,0,26,3.250
1764974472.8835518,0,0,27,3.375
1764974472.8875499,0,0,27,3.375
1764974472.8915489,0,0,26,3.250
1764974472.8955467,0,0,25,3.125
1764974472.8995538,0,0,26,3.250
1764974472.9035528,0,0,26,3.250
1764974472.9075522,0,0,27,3.375
1764974472.9115553,0,0,26,3.250
1764974472.9155529,0,0,25,3.125
1764974472.9195528,0,0,26,3.250
1764974472.9284914,0,0,28,3.500
1764974472.9315815,0,0,26,3.250
1764974472.9355536,0,0,25,3.125
1764974472.939547,0,0,26,3.250
1764974472.943535,0,0,27,3.375
1764974472.947538,0,0,27,3.375
1764974472.9515617,0,0,26,3.250
1764974472.9555502,0,0,25,3.125
1764974472.9595459,0,0,26,3.250
1764974472.9635358,0,0,27,3.375
1764974472.9675374,0,0,27,3.375
1764974472.9715598,0,0,26,3.250
1764974472.9755523,0,0,26,3.250
1764974472.979556,0,0,26,3.250
1764974472.9835515,0,0,26,3.250
1764974472.9875507,0,0,27,3.375
1764974472.991569,0,0,26,3.250
1764974472.9955583,0,0,24,3.000
1764974472.9995484,0,0,26,3.250
1764974473.003546,0,0,26,3.250
1764974473.0075376,0,0,27,3.375
1764974473.011596,0,0,27,3.375
1764974473.0156016,0,0,25,3.125
1764974473.019592,0,0,26,3.250
1764974473.0235791,0,0,26,3.250
1764974473.027582,0,0,27,3.375
1764974473.0315957,0,0,27,3.375
1764974473.0355976,0,0,25,3.125
1764974473.0395987,0,0,25,3.125
1764974473.0435958,0,0,26,3.250
1764974473.0475972,0,0,27,3.375
1764974473.0516376,0,0,26,3.250
1764974473.055595,0,0,25,3.125
1764974473.0596006,0,0,26,3.250
1764974473.0635977,0,0,26,3.250
1764974473.0675988,0,0,27,3.375
1764974473.0715952,0,0,26,3.250
1764974473.0755913,0,0,25,3.125
1764974473.0795965,0,0,26,3.250
1764974473.083594,0,0,26,3.250
1764974473.0875921,0,0,27,3.375
1764974473.0915916,0,0,27,3.375
1764974473.095596,0,0,25,3.125
1764974473.099602,0,0,26,3.250
1764974473.1035912,0,0,26,3.250
1764974473.1075902,0,0,27,3.375
1764974473.1116,0,0,26,3.250
1764974473.115595,0,0,25,3.125
1764974473.1196012,0,0,26,3.250
1764974473.1235912,0,0,26,3.250
1764974473.1276667,0,0,27,3.375
1764974473.1316068,0,0,28,3.500
1764974473.1355803,0,0,25,3.125
1764974473.1395783,0,0,25,3.125
1764974473.1435783,0,0,26,3.250
1764974473.1475787,0,0,27,3.375
1764974473.151612,0,0,27,3.375
1764974473.1555755,0,0,25,3.125
1764974473.1595945,0,0,25,3.125
1764974473.163599,0,0,26,3.250
1764974473.1675959,0,0,27,3.375
1764974473.1716006,0,0,27,3.375
1764974473.1755924,0,0,25,3.125
1764974473.1796024,0,0,26,3.250
1764974473.1836038,0,0,26,3.250
1764974473.187594,0,0,27,3.375
1764974473.1915965,0,0,27,3.375
1764974473.1955967,0,0,25,3.125
1764974473.199599,0,0,26,3.250
1764974473.203596,0,0,26,3.250
1764974473.2075927,0,0,27,3.375
1764974473.2115958,0,0,27,3.375
1764974473.215596,0,0,25,3.125
1764974473.2195964,0,0,25,3.125
1764974473.223596,0,0,26,3.250
1764974473.2275956,0,0,26,3.250
1764974473.2315948,0,0,27,3.375
1764974473.2356086,0,0,25,3.125
1764974473.2395895,0,0,25,3.125
1764974473.2435763,0,0,26,3.250
1764974473.247575,0,0,26,3.250
1764974473.2515893,0,0,27,3.375
1764974473.255629,0,0,25,3.125
1764974473.2595968,0,0,26,3.250
1764974473.2635918,0,0,26,3.250
1764974473.267597,0,0,26,3.250
1764974473.271595,0,0,27,3.375
1764974473.2755935,0,0,25,3.125
1764974473.2795868,0,0,26,3.250
1764974473.2835774,0,0,26,3.250
1764974473.2875788,0,0,26,3.250
1764974473.291594,0,0,27,3.375
1764974473.2955923,0,0,25,3.125
1764974473.2995944,0,0,25,3.125
1764974473.303593,0,0,26,3.250
1764974473.3075955,0,0,27,3.375
1764974473.3115933,0,0,27,3.375
1764974473.3155882,0,0,25,3.125
1764974473.3195994,0,0,26,3.250
1764974473.3235986,0,0,26,3.250
1764974473.3276691,0,0,26,3.250
1764974473.3316205,0,0,27,3.375
1764974473.335578,0,0,25,3.125
1764974473.3395896,0,0,26,3.250
1764974473.3435931,0,0,26,3.250
1764974473.347589,0,0,26,3.250
1764974473.3515835,0,0,27,3.375
1764974473.355573,0,0,25,3.125
1764974473.359629,0,0,25,3.125
1764974473.363592,0,0,26,3.250
1764974473.3675914,0,0,26,3.250
1764974473.371597,0,0,28,3.500
1764974473.3755934,0,0,25,3.125
1764974473.379597,0,0,26,3.250
1764974473.3835905,0,0,25,3.125
1764974473.3875883,0,0,26,3.250
1764974473.3915975,0,0,27,3.375
1764974473.3955898,0,0,25,3.125
1764974473.3995907,0,0,25,3.125
1764974473.4035883,0,0,26,3.250
1764974473.4075887,0,0,26,3.250
1764974473.411598,0,0,27,3.375
1764974473.4155881,0,0,25,3.125
1764974473.4195936,0,0,26,3.250
1764974473.4235942,0,0,26,3.250
1764974473.427592,0,0,27,3.375
1764974473.4315941,0,0,28,3.500
1764974473.4355934,0,0,25,3.125
1764974473.439594,0,0,26,3.250
1764974473.4435918,0,0,25,3.125
1764974473.4475927,0,0,26,3.250
1764974473.45159,0,0,27,3.375
1764974473.4555929,0,0,25,3.125
1764974473.4595957,0,0,26,3.250
1764974473.4635959,0,0,26,3.250
1764974473.4675896,0,0,26,3.250
1764974473.4715896,0,0,27,3.375
1764974473.4755933,0,0,25,3.125
1764974473.4795961,0,0,26,3.250
1764974473.4835937,0,0,26,3.250
1764974473.4875932,0,0,26,3.250
1764974473.4915876,0,0,28,3.500
1764974473.4955933,0,0,25,3.125
1764974473.4995978,0,0,26,3.250
1764974473.5035899,0,0,26,3.250
1764974473.5075896,0,0,26,3.250
1764974473.5115917,0,0,28,3.500
1764974473.5155914,0,0,26,3.250
1764974473.5195937,0,0,26,3.250
1764974473.5235856,0,0,26,3.250
1764974473.5276616,0,0,26,3.250
1764974473.5315955,0,0,27,3.375
1764974473.5356133,0,0,26,3.250
1764974473.5395918,0,0,25,3.125
1764974473.5435855,0,0,26,3.250
1764974473.5476007,0,0,26,3.250
1764974473.5515869,0,0,26,3.250
1764974473.555574,0,0,27,3.375
1764974473.5595882,0,0,26,3.250
1764974473.5636294,0,0,26,3.250
1764974473.5675943,0,0,26,3.250
1764974473.5715811,0,0,26,3.250
1764974473.575571,0,0,27,3.375
1764974473.579586,0,0,26,3.250
1764974473.5835912,0,0,25,3.125
1764974473.5875893,0,0,26,3.250
1764974473.5915928,0,0,26,3.250
1764974473.595585,0,0,27,3.375
1764974473.5995934,0,0,26,3.250
1764974473.6035905,0,0,25,3.125
1764974473.6075835,0,0,25,3.125
1764974473.611587,0,0,26,3.250
1764974473.6155894,0,0,27,3.375
1764974473.619594,0,0,26,3.250
1764974473.623588,0,0,26,3.250
1764974473.6275842,0,0,26,3.250
1764974473.6315892,0,0,26,3.250
1764974473.63559,0,0,27,3.375
1764974473.6395845,0,0,26,3.250
1764974473.643571,0,0,25,3.125
1764974473.6475666,0,0,26,3.250
1764974473.651586,0,0,26,3.250
1764974473.6555912,0,0,27,3.375
1764974473.65959,0,0,26,3.250
1764974473.663597,0,0,26,3.250
1764974473.6676052,0,0,26,3.250
1764974473.671592,0,0,27,3.375
1764974473.675588,0,0,27,3.375
1764974473.6795878,0,0,26,3.250
1764974473.6835902,0,0,25,3.125
1764974473.6875868,0,0,26,3.250
1764974473.6915863,0,0,26,3.250
1764974473.6955876,0,0,27,3.375
1764974473.6995933,0,0,26,3.250
1764974473.703589,0,0,25,3.125
1764974473.707589,0,0,26,3.250
1764974473.7115872,0,0,26,3.250
1764974473.715586,0,0,27,3.375
1764974473.7195904,0,0,26,3.250
1764974473.7235858,0,0,25,3.125
1764974473.7276545,0,0,26,3.250
1764974473.731597,0,0,26,3.250
1764974473.7355835,0,0,27,3.375
1764974473.7395918,0,0,26,3.250
1764974473.7435873,0,0,26,3.250
1764974473.7475843,0,0,26,3.250
1764974473.751585,0,0,26,3.250
1764974473.7555847,0,0,27,3.375
1764974473.7595901,0,0,27,3.375
1764974473.7635882,0,0,25,3.125
1764974473.7675846,0,0,26,3.250
1764974473.7715867,0,0,26,3.250
1764974473.7755845,0,0,27,3.375
1764974473.779591,0,0,27,3.375
1764974473.7835853,0,0,25,3.125
1764974473.7875896,0,0,26,3.250
1764974473.7918305,0,0,26,3.250
1764974473.795829,0,0,27,3.375
1764974473.7996252,0,0,27,3.375
1764974473.80359,0,0,25,3.125
1764974473.8075876,0,0,26,3.250
1764974473.8115942,0,0,26,3.250
1764974473.8155832,0,0,27,3.375
1764974473.8195882,0,0,27,3.375
1764974473.823585,0,0,25,3.125
1764974473.827585,0,0,26,3.250
1764974473.831592,0,0,26,3.250
1764974473.8355844,0,0,27,3.375
1764974473.8395903,0,0,27,3.375
1764974473.8435876,0,0,25,3.125
1764974473.8475857,0,0,26,3.250
1764974473.8515973,0,0,26,3.250
1764974473.8555827,0,0,26,3.250
1764974473.8595896,0,0,27,3.375
1764974473.8635852,0,0,25,3.125
1764974473.867584,0,0,26,3.250
1764974473.871628,0,0,26,3.250
1764974473.8755827,0,0,27,3.375
1764974473.879585,0,0,26,3.250
1764974473.883584,0,0,25,3.125
1764974473.8875823,0,0,26,3.250
1764974473.8915868,0,0,26,3.250
1764974473.8955853,0,0,27,3.375
1764974473.8995879,0,0,27,3.375
1764974473.9035838,0,0,25,3.125
1764974473.9075832,0,0,25,3.125
1764974473.911588,0,0,26,3.250
1764974473.915586,0,0,26,3.250
1764974473.9195871,0,0,27,3.375
1764974473.923581,0,0,25,3.125
1764974473.9326422,0,0,27,3.375
1764974473.9356003,0,0,27,3.375
1764974473.93959,0,0,27,3.375
1764974473.9435694,0,0,25,3.125
1764974473.9475698,0,0,25,3.125
1764974473.9515848,0,0,26,3.250
1764974473.9555826,0,0,27,3.375
1764974473.959579,0,0,27,3.375
1764974473.9635646,0,0,25,3.125
1764974473.9675689,0,0,26,3.250
1764974473.9715872,0,0,26,3.250
1764974473.9755874,0,0,27,3.375
1764974473.9795904,0,0,27,3.375
1764974473.9835854,0,0,25,3.125
1764974473.9875844,0,0,26,3.250
1764974473.9915893,0,0,26,3.250
1764974473.9955947,0,0,27,3.375
1764974473.9995863,0,0,28,3.500
1764974474.0035675,0,0,25,3.125
1764974474.0075667,0,0,26,3.250
1764974474.0115752,0,0,26,3.250
1764974474.0155795,0,0,27,3.375
1764974474.0195758,0,0,27,3.375
1764974474.023562,0,0,25,3.125
1764974474.0275576,0,0,26,3.250
1764974474.0315797,0,0,26,3.250
1764974474.035579,0,0,26,3.250
1764974474.0395827,0,0,27,3.375
1764974474.0435762,0,0,25,3.125
1764974474.0475755,0,0,26,3.250
1764974474.0515792,0,0,26,3.250
1764974474.0555804,0,0,27,3.375
1764974474.059582,0,0,27,3.375
1764974474.0635736,0,0,25,3.125
1764974474.0675766,0,0,26,3.250
1764974474.0715804,0,0,26,3.250
1764974474.0756128,0,0,27,3.375
1764974474.0795789,0,0,27,3.375
1764974474.0835767,0,0,25,3.125
1764974474.087577,0,0,26,3.250
1764974474.0915804,0,0,26,3.250
1764974474.095574,0,0,27,3.375
1764974474.099573,0,0,27,3.375
1764974474.10358,0,0,25,3.125
1764974474.1075773,0,0,25,3.125
1764974474.111577,0,0,26,3.250
1764974474.1155748,0,0,26,3.250
1764974474.1195838,0,0,27,3.375
1764974474.123575,0,0,25,3.125
1764974474.1275756,0,0,25,3.125
1764974474.131659,0,0,26,3.250
1764974474.1355877,0,0,26,3.250
1764974474.1395752,0,0,27,3.375
1764974474.1435595,0,0,25,3.125
1764974474.1475565,0,0,26,3.250
1764974474.1515782,0,0,26,3.250
1764974474.1555789,0,0,26,3.250
1764974474.15957,0,0,27,3.375
1764974474.16356,0,0,26,3.250
1764974474.1675565,0,0,25,3.125
1764974474.1715631,0,0,25,3.125
1764974474.1755998,0,0,27,3.375
1764974474.1795764,0,0,27,3.375
1764974474.1835768,0,0,26,3.250
1764974474.1875763,0,0,25,3.125
1764974474.1915817,0,0,26,3.250
1764974474.195588,0,0,26,3.250
1764974474.1995904,0,0,28,3.500
1764974474.2035582,0,0,25,3.125
1764974474.207557,0,0,26,3.250
1764974474.2115777,0,0,26,3.250
1764974474.2155788,0,0,26,3.250
1764974474.2195694,0,0,27,3.375
1764974474.2235577,0,0,26,3.250
1764974474.2275581,0,0,25,3.125
1764974474.2315779,0,0,26,3.250
1764974474.2355747,0,0,26,3.250
1764974474.2395766,0,0,27,3.375
1764974474.2435756,0,0,26,3.250
1764974474.2475793,0,0,26,3.250
1764974474.2515771,0,0,26,3.250
1764974474.255572,0,0,27,3.375
1764974474.2595754,0,0,27,3.375
1764974474.2635796,0,0,26,3.250
1764974474.2675762,0,0,25,3.125
1764974474.2715929,0,0,26,3.250
1764974474.275573,0,0,26,3.250
1764974474.279601,0,0,27,3.375
1764974474.2835584,0,0,26,3.250
1764974474.287556,0,0,25,3.125
1764974474.291571,0,0,26,3.250
1764974474.2955742,0,0,26,3.250
1764974474.2995691,0,0,27,3.375
1764974474.3035572,0,0,26,3.250
1764974474.3075566,0,0,26,3.250
1764974474.3115702,0,0,26,3.250
1764974474.315576,0,0,26,3.250
1764974474.31958,0,0,27,3.375
1764974474.3235748,0,0,26,3.250
1764974474.327572,0,0,25,3.125
1764974474.331656,0,0,26,3.250
1764974474.3355875,0,0,26,3.250
1764974474.3395739,0,0,27,3.375
1764974474.3435595,0,0,26,3.250
1764974474.3475535,0,0,25,3.125
1764974474.3515728,0,0,26,3.250
1764974474.3555777,0,0,26,3.250
1764974474.3595684,0,0,27,3.375
1764974474.363555,0,0,26,3.250
1764974474.3675563,0,0,25,3.125
1764974474.3715758,0,0,25,3.125
1764974474.375577,0,0,26,3.250
1764974474.379613,0,0,27,3.375
1764974474.3835726,0,0,27,3.375
1764974474.3875756,0,0,26,3.250
1764974474.3915923,0,0,26,3.250
1764974474.3955722,0,0,26,3.250
1764974474.3995724,0,0,27,3.375
1764974474.403577,0,0,27,3.375
1764974474.407579,0,0,26,3.250
1764974474.4115853,0,0,25,3.125
1764974474.4155748,0,0,26,3.250
1764974474.4195678,0,0,26,3.250
1764974474.4235566,0,0,27,3.375
1764974474.4275568,0,0,26,3.250
1764974474.431573,0,0,25,3.125
1764974474.4355721,0,0,26,3.250
1764974474.439571,0,0,26,3.250
1764974474.4435558,0,0,27,3.375
1764974474.4475582,0,0,26,3.250
1764974474.4515796,0,0,25,3.125
1764974474.4555724,0,0,26,3.250
1764974474.459577,0,0,26,3.250
1764974474.4635735,0,0,26,3.250
1764974474.467569,0,0,27,3.375
1764974474.4715729,0,0,25,3.125
1764974474.4755714,0,0,26,3.250
1764974474.4795744,0,0,26,3.250
1764974474.4836078,0,0,26,3.250
1764974474.4875696,0,0,27,3.375
1764974474.4915676,0,0,25,3.125
1764974474.4955716,0,0,25,3.125
1764974474.499579,0,0,26,3.250
1764974474.5035686,0,0,26,3.250
1764974474.5075696,0,0,27,3.375
1764974474.5115757,0,0,25,3.125
1764974474.5155716,0,0,25,3.125
1764974474.519566,0,0,26,3.250
1764974474.5235536,0,0,27,3.375
1764974474.5275564,0,0,27,3.375
1764974474.5316806,0,0,25,3.125
1764974474.5355883,0,0,26,3.250
1764974474.5395713,0,0,26,3.250
1764974474.5435529,0,0,26,3.250
1764974474.547555,0,0,27,3.375
1764974474.5515714,0,0,25,3.125
1764974474.5555725,0,0,26,3.250
1764974474.5595672,0,0,26,3.250
1764974474.5635545,0,0,27,3.375
1764974474.5675557,0,0,27,3.375
1764974474.5715742,0,0,25,3.125
1764974474.5755718,0,0,26,3.250
1764974474.5795782,0,0,26,3.250
1764974474.5836082,0,0,26,3.250
1764974474.5875747,0,0,27,3.375
1764974474.5915768,0,0,25,3.125
1764974474.59558,0,0,26,3.250
1764974474.59957,0,0,26,3.250
1764974474.6035676,0,0,26,3.250
1764974474.6075542,0,0,27,3.375
1764974474.6115685,0,0,25,3.125
1764974474.6155715,0,0,26,3.250
1764974474.619569,0,0,26,3.250
1764974474.6235564,0,0,26,3.250
1764974474.6275523,0,0,27,3.375
1764974474.631567,0,0,25,3.125
1764974474.6355746,0,0,26,3.250
1764974474.6395676,0,0,27,3.375
1764974474.6435487,0,0,26,3.250
1764974474.6475513,0,0,27,3.375
1764974474.6515832,0,0,25,3.125
1764974474.6555722,0,0,25,3.125
1764974474.6595736,0,0,26,3.250
1764974474.663569,0,0,26,3.250
1764974474.6675687,0,0,27,3.375
1764974474.6715727,0,0,25,3.125
1764974474.6755714,0,0,26,3.250
1764974474.6795602,0,0,26,3.250
1764974474.6835513,0,0,26,3.250
1764974474.6875904,0,0,27,3.375
1764974474.6915736,0,0,25,3.125
1764974474.6955712,0,0,26,3.250
1764974474.699581,0,0,26,3.250
1764974474.7035682,0,0,27,3.375
1764974474.7075691,0,0,27,3.375
1764974474.7115743,0,0,25,3.125
1764974474.715568,0,0,26,3.250
1764974474.7195728,0,0,26,3.250
1764974474.7235727,0,0,26,3.250
1764974474.7275715,0,0,28,3.500
1764974474.7316556,0,0,25,3.125
1764974474.735585,0,0,25,3.125
1764974474.7395651,0,0,26,3.250
1764974474.7435524,0,0,26,3.250
1764974474.7475553,0,0,27,3.375
1764974474.7515664,0,0,26,3.250
1764974474.7555711,0,0,26,3.250
1764974474.7595656,0,0,26,3.250
1764974474.7635617,0,0,27,3.375
1764974474.7675505,0,0,27,3.375
1764974474.77157,0,0,25,3.125
1764974474.7755687,0,0,26,3.250
1764974474.7795737,0,0,26,3.250
1764974474.7835717,0,0,26,3.250
1764974474.7876227,0,0,27,3.375
1764974474.791787,0,0,26,3.250
1764974474.7958026,0,0,25,3.125
1764974474.799603,0,0,26,3.250
1764974474.8035655,0,0,26,3.250
1764974474.8075616,0,0,28,3.500
1764974474.8115673,0,0,25,3.125
1764974474.8155663,0,0,25,3.125
1764974474.8195672,0,0,26,3.250
1764974474.8235607,0,0,27,3.375
1764974474.827561,0,0,27,3.375
1764974474.831571,0,0,25,3.125
1764974474.8355649,0,0,26,3.250
1764974474.8395662,0,0,25,3.125
1764974474.8435636,0,0,26,3.250
1764974474.8475635,0,0,27,3.375
1764974474.8518953,0,0,25,3.125
1764974474.8557236,0,0,25,3.125
1764974474.859818,0,0,26,3.250
1764974474.8637795,0,0,26,3.250
1764974474.8678966,0,0,27,3.375
1764974474.8716428,0,0,26,3.250
1764974474.8755705,0,0,25,3.125
1764974474.879569,0,0,26,3.250
1764974474.883565,0,0,26,3.250
1764974474.8875673,0,0,27,3.375
1764974474.8915784,0,0,26,3.250
1764974474.8955657,0,0,25,3.125
1764974474.899567,0,0,26,3.250
1764974474.9035668,0,0,27,3.375
1764974474.9075658,0,0,28,3.500
1764974474.9115686,0,0,25,3.125
1764974474.9155653,0,0,25,3.125
1764974474.9195704,0,0,26,3.250
1764974474.9235685,0,0,26,3.250
1764974474.9275663,0,0,27,3.375
1764974474.9367516,0,0,26,3.250
1764974474.9395792,0,0,25,3.125
1764974474.943573,0,0,26,3.250
1764974474.9475906,0,0,27,3.375
1764974474.951576,0,0,26,3.250
1764974474.955552,0,0,26,3.250
1764974474.9595723,0,0,26,3.250
1764974474.9635677,0,0,27,3.375
1764974474.9675646,0,0,27,3.375
1764974474.971567,0,0,26,3.250
1764974474.975553,0,0,25,3.125
1764974474.9795644,0,0,26,3.250
1764974474.9835656,0,0,26,3.250
1764974474.9875636,0,0,27,3.375
1764974474.991609,0,0,26,3.250
1764974474.9955676,0,0,25,3.125
1764974474.9995651,0,0,26,3.250
1764974475.003563,0,0,26,3.250
1764974475.0075707,0,0,27,3.375
1764974475.0115643,0,0,26,3.250
1764974475.01556,0,0,25,3.125
1764974475.0195622,0,0,26,3.250
1764974475.0235605,0,0,26,3.250
1764974475.02756,0,0,27,3.375
1764974475.0315633,0,0,26,3.250
1764974475.0355597,0,0,25,3.125
1764974475.039562,0,0,25,3.125
1764974475.0435617,0,0,26,3.250
1764974475.047563,0,0,26,3.250
1764974475.051563,0,0,26,3.250
1764974475.0555563,0,0,26,3.250
1764974475.0595598,0,0,25,3.125
1764974475.0635614,0,0,26,3.250
1764974475.0675583,0,0,27,3.375
1764974475.071558,0,0,26,3.250
1764974475.0755575,0,0,25,3.125
1764974475.0795662,0,0,25,3.125
1764974475.0835583,0,0,27,3.375
1764974475.08756,0,0,27,3.375
1764974475.0915937,0,0,27,3.375
1764974475.0955582,0,0,25,3.125
1764974475.0995638,0,0,26,3.250
1764974475.1035626,0,0,26,3.250
1764974475.1075537,0,0,27,3.375
1764974475.1115544,0,0,26,3.250
1764974475.1155612,0,0,25,3.125
1764974475.119561,0,0,26,3.250
1764974475.1235588,0,0,26,3.250
1764974475.1275554,0,0,27,3.375
1764974475.1315582,0,0,26,3.250
1764974475.135639,0,0,25,3.125
1764974475.1395695,0,0,26,3.250
1764974475.1435401,0,0,26,3.250
1764974475.1475413,0,0,27,3.375
1764974475.1515646,0,0,27,3.375
1764974475.1555617,0,0,25,3.125
1764974475.1595695,0,0,25,3.125
1764974475.1635413,0,0,26,3.250
1764974475.1675406,0,0,27,3.375
1764974475.1715636,0,0,28,3.500
1764974475.17556,0,0,25,3.125
1764974475.179553,0,0,26,3.250
1764974475.1835425,0,0,26,3.250
1764974475.187542,0,0,26,3.250
1764974475.1915529,0,0,26,3.250
1764974475.195582,0,0,25,3.125
1764974475.19956,0,0,26,3.250
1764974475.2035606,0,0,26,3.250
1764974475.2075608,0,0,26,3.250
1764974475.2115598,0,0,27,3.375
1764974475.21554,0,0,25,3.125
1764974475.2195628,0,0,26,3.250
1764974475.223562,0,0,26,3.250
1764974475.2275612,0,0,27,3.375
1764974475.2315564,0,0,27,3.375
1764974475.2355418,0,0,25,3.125
1764974475.2395523,0,0,25,3.125
1764974475.24356,0,0,26,3.250
1764974475.2475584,0,0,27,3.375
1764974475.251552,0,0,27,3.375
1764974475.2555368,0,0,25,3.125
1764974475.2595541,0,0,26,3.250
1764974475.2635603,0,0,26,3.250
1764974475.2675595,0,0,26,3.250
1764974475.2715583,0,0,27,3.375
1764974475.2755547,0,0,25,3.125
1764974475.2795563,0,0,26,3.250
1764974475.2835574,0,0,26,3.250
1764974475.2875578,0,0,27,3.375
1764974475.291557,0,0,27,3.375
1764974475.2955914,0,0,25,3.125
1764974475.2995615,0,0,25,3.125
1764974475.3035583,0,0,26,3.250
1764974475.3075562,0,0,27,3.375
1764974475.3115532,0,0,27,3.375
1764974475.3155563,0,0,25,3.125
1764974475.3195531,0,0,26,3.250
1764974475.3235388,0,0,26,3.250
1764974475.3275363,0,0,26,3.250
1764974475.331554,0,0,27,3.375
1764974475.335626,0,0,25,3.125
1764974475.339571,0,0,25,3.125
1764974475.3435385,0,0,26,3.250
1764974475.347535,0,0,26,3.250
1764974475.351556,0,0,27,3.375
1764974475.3555598,0,0,25,3.125
1764974475.3595543,0,0,26,3.250
1764974475.363535,0,0,26,3.250
1764974475.3675358,0,0,27,3.375
1764974475.3715608,0,0,27,3.375
1764974475.3755596,0,0,25,3.125
1764974475.379553,0,0,26,3.250
1764974475.3835394,0,0,26,3.250
1764974475.3875399,0,0,27,3.375
1764974475.3915524,0,0,27,3.375
1764974475.3955567,0,0,25,3.125
1764974475.3995955,0,0,25,3.125
1764974475.4035547,0,0,26,3.250
1764974475.4075568,0,0,27,3.375
1764974475.4115725,0,0,27,3.375
1764974475.4155555,0,0,26,3.250
1764974475.419558,0,0,26,3.250
1764974475.4235554,0,0,26,3.250
1764974475.4275582,0,0,27,3.375
1764974475.4315553,0,0,27,3.375
1764974475.4355538,0,0,25,3.125
1764974475.4395587,0,0,25,3.125
1764974475.4435577,0,0,26,3.250
1764974475.4475584,0,0,26,3.250
1764974475.451561,0,0,27,3.375
1764974475.4555535,0,0,25,3.125
1764974475.4595568,0,0,25,3.125
1764974475.4635582,0,0,26,3.250
1764974475.467557,0,0,26,3.250
1764974475.4715486,0,0,27,3.375
1764974475.4755464,0,0,25,3.125
1764974475.47954,0,0,26,3.250
1764974475.4835382,0,0,26,3.250
1764974475.4875362,0,0,27,3.375
1764974475.4915552,0,0,27,3.375
1764974475.495549,0,0,25,3.125
1764974475.4995935,0,0,25,3.125
1764974475.5035625,0,0,26,3.250
1764974475.5075545,0,0,26,3.250
1764974475.5115452,0,0,27,3.375
1764974475.5155382,0,0,27,3.375
1764974475.5195487,0,0,25,3.125
1764974475.523554,0,0,25,3.125
1764974475.5275524,0,0,26,3.250
1764974475.5315485,0,0,26,3.250
1764974475.5355995,0,0,27,3.375
1764974475.5395687,0,0,26,3.250
1764974475.5435557,0,0,26,3.250
1764974475.547555,0,0,26,3.250
1764974475.5515504,0,0,27,3.375
1764974475.55555,0,0,27,3.375
1764974475.5595543,0,0,26,3.250
1764974475.5635505,0,0,25,3.125
1764974475.5675514,0,0,26,3.250
1764974475.5715592,0,0,26,3.250
1764974475.5755544,0,0,27,3.375
1764974475.579568,0,0,26,3.250
1764974475.5835516,0,0,26,3.250
1764974475.587559,0,0,26,3.250
1764974475.5915568,0,0,27,3.375
1764974475.5955524,0,0,27,3.375
1764974475.5995681,0,0,26,3.250
1764974475.6035936,0,0,25,3.125
1764974475.60755,0,0,26,3.250
1764974475.6115592,0,0,26,3.250
1764974475.6155517,0,0,27,3.375
1764974475.6195545,0,0,26,3.250
1764974475.6235538,0,0,25,3.125
1764974475.6275558,0,0,26,3.250
1764974475.6315558,0,0,26,3.250
1764974475.6355505,0,0,27,3.375
1764974475.6395466,0,0,26,3.250
1764974475.6435354,0,0,25,3.125
1764974475.6475372,0,0,26,3.250
1764974475.651549,0,0,27,3.375
1764974475.655552,0,0,27,3.375
1764974475.6595569,0,0,26,3.250
1764974475.663555,0,0,25,3.125
1764974475.6675546,0,0,25,3.125
1764974475.6715508,0,0,26,3.250
1764974475.675549,0,0,27,3.375
1764974475.6795573,0,0,26,3.250
1764974475.683552,0,0,25,3.125
1764974475.6875472,0,0,26,3.250
1764974475.6915507,0,0,26,3.250
1764974475.6955538,0,0,27,3.375
1764974475.6995583,0,0,26,3.250
1764974475.7035842,0,0,25,3.125
1764974475.7075539,0,0,26,3.250
1764974475.7115533,0,0,26,3.250
1764974475.7155511,0,0,26,3.250
1764974475.7195582,0,0,26,3.250
1764974475.7235506,0,0,25,3.125
1764974475.7275486,0,0,26,3.250
1764974475.7315524,0,0,26,3.250
1764974475.7356007,0,0,27,3.375
1764974475.7395658,0,0,27,3.375
1764974475.7435508,0,0,25,3.125
1764974475.7475507,0,0,26,3.250
1764974475.7515545,0,0,26,3.250
1764974475.7555509,0,0,27,3.375
1764974475.7595544,0,0,26,3.250
1764974475.7635508,0,0,25,3.125
1764974475.7675498,0,0,25,3.125
1764974475.7715552,0,0,26,3.250
1764974475.7755537,0,0,27,3.375
1764974475.779554,0,0,26,3.250
1764974475.783548,0,0,25,3.125
1764974475.7875516,0,0,25,3.125
1764974475.7917771,0,0,26,3.250
1764974475.795789,0,0,27,3.375
1764974475.7995803,0,0,27,3.375
1764974475.803553,0,0,25,3.125
1764974475.807599,0,0,26,3.250
1764974475.8115535,0,0,27,3.375
1764974475.815551,0,0,27,3.375
1764974475.8195481,0,0,27,3.375
1764974475.8235497,0,0,25,3.125
1764974475.8275502,0,0,26,3.250
1764974475.8315697,0,0,26,3.250
1764974475.835561,0,0,27,3.375
1764974475.8395505,0,0,26,3.250
1764974475.843551,0,0,25,3.125
1764974475.8475509,0,0,26,3.250
1764974475.8515513,0,0,26,3.250
1764974475.8555493,0,0,27,3.375
1764974475.8595428,0,0,27,3.375
1764974475.8635345,0,0,25,3.125
1764974475.867535,0,0,26,3.250
1764974475.8715534,0,0,26,3.250
1764974475.8755488,0,0,27,3.375
1764974475.879551,0,0,27,3.375
1764974475.8835523,0,0,25,3.125
1764974475.8875475,0,0,26,3.250
1764974475.8915517,0,0,26,3.250
1764974475.8955545,0,0,27,3.375
1764974475.8995507,0,0,27,3.375
1764974475.903554,0,0,25,3.125
1764974475.9075842,0,0,26,3.250
1764974475.911551,0,0,26,3.250
1764974475.91555,0,0,27,3.375
1764974475.9195538,0,0,27,3.375
1764974475.9235494,0,0,25,3.125
1764974475.9275491,0,0,26,3.250
1764974475.9315531,0,0,26,3.250
1764974475.940681,0,0,28,3.500
1764974475.9435582,0,0,25,3.125
1764974475.9475503,0,0,25,3.125
1764974475.9515562,0,0,26,3.250
1764974475.955542,0,0,26,3.250
1764974475.9595435,0,0,27,3.375
1764974475.9635482,0,0,25,3.125
1764974475.9675503,0,0,25,3.125
1764974475.9715433,0,0,26,3.250
1764974475.9755328,0,0,26,3.250
1764974475.9795496,0,0,27,3.375
1764974475.9835427,0,0,25,3.125
1764974475.9875484,0,0,25,3.125
1764974475.9915524,0,0,26,3.250
1764974475.9955459,0,0,27,3.375
1764974475.9995468,0,0,27,3.375
1764974476.0035505,0,0,25,3.125
1764974476.0075507,0,0,26,3.250
1764974476.0115504,0,0,26,3.250
1764974476.0155516,0,0,27,3.375
1764974476.0195475,0,0,27,3.375
1764974476.0235507,0,0,25,3.125
1764974476.0275435,0,0,26,3.250
1764974476.0315423,0,0,26,3.250
1764974476.035543,0,0,26,3.250
1764974476.039544,0,0,27,3.375
1764974476.0435433,0,0,25,3.125
1764974476.0475438,0,0,26,3.250
1764974476.051545,0,0,26,3.250
1764974476.0555372,0,0,26,3.250
1764974476.059546,0,0,27,3.375
1764974476.0635438,0,0,25,3.125
1764974476.0675435,0,0,26,3.250
1764974476.07154,0,0,26,3.250
1764974476.0755403,0,0,27,3.375
1764974476.0795395,0,0,28,3.500
1764974476.083525,0,0,25,3.125
1764974476.0875218,0,0,26,3.250
1764974476.091552,0,0,26,3.250
1764974476.095548,0,0,27,3.375
1764974476.0995376,0,0,28,3.500
1764974476.1035254,0,0,25,3.125
1764974476.1075246,0,0,26,3.250
1764974476.1115737,0,0,25,3.125
1764974476.1155431,0,0,27,3.375
1764974476.1195378,0,0,28,3.500
1764974476.1235259,0,0,25,3.125
1764974476.1275232,0,0,25,3.125
1764974476.1315413,0,0,26,3.250
1764974476.1355443,0,0,27,3.375
1764974476.1396222,0,0,28,3.500
1764974476.1435523,0,0,25,3.125
1764974476.1475418,0,0,26,3.250
1764974476.1515446,0,0,26,3.250
1764974476.1555429,0,0,26,3.250
1764974476.1595416,0,0,27,3.375
1764974476.1635392,0,0,25,3.125
1764974476.1675391,0,0,26,3.250
1764974476.171543,0,0,26,3.250
1764974476.1755238,0,0,26,3.250
1764974476.1795418,0,0,27,3.375
1764974476.1835392,0,0,25,3.125
1764974476.1875412,0,0,25,3.125
1764974476.1915414,0,0,26,3.250
1764974476.1955433,0,0,26,3.250
1764974476.199539,0,0,27,3.375
1764974476.2035437,0,0,25,3.125
1764974476.2075384,0,0,25,3.125
1764974476.2115724,0,0,26,3.250
1764974476.215528,0,0,26,3.250
1764974476.2195349,0,0,27,3.375
1764974476.2235382,0,0,26,3.250
1764974476.2275426,0,0,26,3.250
1764974476.2315414,0,0,26,3.250
1764974476.2355397,0,0,26,3.250
1764974476.239541,0,0,27,3.375
1764974476.2435417,0,0,26,3.250
1764974476.2475414,0,0,25,3.125
1764974476.2515433,0,0,26,3.250
1764974476.2555351,0,0,26,3.250
1764974476.2595444,0,0,28,3.500
1764974476.26354,0,0,26,3.250
1764974476.2675393,0,0,25,3.125
1764974476.271539,0,0,26,3.250
1764974476.2755396,0,0,27,3.375
1764974476.279538,0,0,27,3.375
1764974476.2835386,0,0,26,3.250
1764974476.2875404,0,0,25,3.125
1764974476.291552,0,0,26,3.250
1764974476.2955353,0,0,26,3.250
1764974476.2995446,0,0,27,3.375
1764974476.3035388,0,0,26,3.250
1764974476.3075433,0,0,25,3.125
1764974476.3115368,0,0,25,3.125
1764974476.3155692,0,0,27,3.375
1764974476.319544,0,0,27,3.375
1764974476.3235412,0,0,26,3.250
1764974476.327537,0,0,26,3.250
1764974476.3315325,0,0,25,3.125
1764974476.3355393,0,0,27,3.375
1764974476.3395822,0,0,27,3.375
1764974476.3435307,0,0,26,3.250
1764974476.3475225,0,0,25,3.125
1764974476.3515377,0,0,26,3.250
1764974476.3555415,0,0,26,3.250
1764974476.3595347,0,0,27,3.375
1764974476.3635333,0,0,26,3.250
1764974476.3675208,0,0,25,3.125
1764974476.371536,0,0,26,3.250
1764974476.3755374,0,0,26,3.250
1764974476.3795364,0,0,27,3.375
1764974476.3835216,0,0,26,3.250
1764974476.3875167,0,0,25,3.125
1764974476.3915493,0,0,26,3.250
1764974476.3955433,0,0,26,3.250
1764974476.399542,0,0,27,3.375
1764974476.4035354,0,0,26,3.250
1764974476.4075322,0,0,25,3.125
1764974476.411543,0,0,26,3.250
1764974476.4155746,0,0,26,3.250
1764974476.4195354,0,0,27,3.375
1764974476.4235177,0,0,27,3.375
1764974476.4275224,0,0,25,3.125
1764974476.4315393,0,0,26,3.250
1764974476.4355419,0,0,26,3.250
1764974476.439541,0,0,27,3.375
1764974476.4435372,0,0,26,3.250
1764974476.4475389,0,0,25,3.125
1764974476.451542,0,0,26,3.250
1764974476.4555385,0,0,26,3.250
1764974476.4595408,0,0,27,3.375
1764974476.4635344,0,0,26,3.250
1764974476.4675384,0,0,25,3.125
1764974476.4715426,0,0,25,3.125
1764974476.4755366,0,0,26,3.250
1764974476.4795392,0,0,27,3.375
1764974476.4835367,0,0,26,3.250
1764974476.4875402,0,0,25,3.125
1764974476.4915395,0,0,26,3.250
1764974476.4955354,0,0,26,3.250
1764974476.4995391,0,0,27,3.375
1764974476.5035374,0,0,27,3.375
1764974476.5075412,0,0,25,3.125
1764974476.5115352,0,0,26,3.250
1764974476.5155437,0,0,26,3.250
1764974476.5195498,0,0,27,3.375
1764974476.5235207,0,0,26,3.250
1764974476.5275187,0,0,25,3.125
1764974476.5315351,0,0,26,3.250
1764974476.5355358,0,0,27,3.375
1764974476.5396063,0,0,27,3.375
1764974476.543548,0,0,26,3.250
1764974476.547535,0,0,25,3.125
1764974476.5515404,0,0,26,3.250
1764974476.5555363,0,0,26,3.250
1764974476.5595386,0,0,26,3.250
1764974476.5635374,0,0,27,3.375
1764974476.5675395,0,0,25,3.125
1764974476.5715394,0,0,26,3.250
1764974476.5755367,0,0,26,3.250
1764974476.5795407,0,0,27,3.375
1764974476.583539,0,0,27,3.375
1764974476.5875337,0,0,25,3.125
1764974476.5915306,0,0,26,3.250
1764974476.595519,0,0,26,3.250
1764974476.5995326,0,0,26,3.250
1764974476.6035354,0,0,27,3.375
1764974476.6075318,0,0,25,3.125
1764974476.6115355,0,0,25,3.125
1764974476.615535,0,0,26,3.250
1764974476.6195772,0,0,27,3.375
1764974476.6235363,0,0,27,3.375
1764974476.6275346,0,0,25,3.125
1764974476.6315365,0,0,25,3.125
1764974476.6355329,0,0,26,3.250
1764974476.6395314,0,0,27,3.375
1764974476.6435173,0,0,27,3.375
1764974476.647514,0,0,25,3.125
1764974476.651533,0,0,26,3.250
1764974476.6555529,0,0,26,3.250
1764974476.6595395,0,0,27,3.375
1764974476.663515,0,0,27,3.375
1764974476.6675138,0,0,25,3.125
1764974476.6715348,0,0,26,3.250
1764974476.6755376,0,0,26,3.250
1764974476.6795282,0,0,27,3.375
1764974476.6835136,0,0,27,3.375
1764974476.6875196,0,0,25,3.125
1764974476.6915367,0,0,26,3.250
1764974476.6955361,0,0,26,3.250
1764974476.6995392,0,0,27,3.375
1764974476.703538,0,0,27,3.375
1764974476.7075377,0,0,25,3.125
1764974476.7115402,0,0,26,3.250
1764974476.715532,0,0,26,3.250
1764974476.7195392,0,0,27,3.375
1764974476.7235734,0,0,28,3.500
1764974476.7275352,0,0,25,3.125
1764974476.7315373,0,0,26,3.250
1764974476.7355325,0,0,26,3.250
1764974476.739608,0,0,27,3.375
1764974476.743547,0,0,27,3.375
1764974476.7475367,0,0,25,3.125
1764974476.7515366,0,0,25,3.125
1764974476.7555325,0,0,26,3.250
1764974476.7595265,0,0,27,3.375
1764974476.7635193,0,0,27,3.375
1764974476.7675195,0,0,25,3.125
1764974476.7715335,0,0,25,3.125
1764974476.7755303,0,0,26,3.250
1764974476.7795372,0,0,27,3.375
1764974476.783536,0,0,27,3.375
1764974476.7875326,0,0,25,3.125
1764974476.7918212,0,0,26,3.250
1764974476.795763,0,0,26,3.250
1764974476.7996142,0,0,26,3.250
1764974476.8035426,0,0,27,3.375
1764974476.807532,0,0,25,3.125
1764974476.8115385,0,0,26,3.250
1764974476.8155339,0,0,26,3.250
1764974476.8195357,0,0,27,3.375
1764974476.8235707,0,0,28,3.500
1764974476.827533,0,0,25,3.125
1764974476.8315337,0,0,26,3.250
1764974476.8355281,0,0,26,3.250
1764974476.8395398,0,0,26,3.250
1764974476.8435326,0,0,27,3.375
1764974476.8475318,0,0,25,3.125
1764974476.851571,0,0,25,3.125
1764974476.8556027,0,0,26,3.250
1764974476.8595486,0,0,26,3.250
1764974476.863531,0,0,27,3.375
1764974476.8675313,0,0,26,3.250
1764974476.8715386,0,0,25,3.125
1764974476.8755348,0,0,26,3.250
1764974476.879533,0,0,26,3.250
1764974476.8835287,0,0,28,3.500
1764974476.887531,0,0,26,3.250
1764974476.891534,0,0,25,3.125
1764974476.8955305,0,0,26,3.250
1764974476.899546,0,0,26,3.250
1764974476.903532,0,0,27,3.375
1764974476.9075274,0,0,26,3.250
1764974476.9115338,0,0,26,3.250
1764974476.915532,0,0,26,3.250
1764974476.9195335,0,0,27,3.375
1764974476.9235287,0,0,28,3.500
1764974476.9275758,0,0,26,3.250
1764974476.931533,0,0,25,3.125
1764974476.9355335,0,0,26,3.250
1764974476.9446611,0,0,28,3.500
1764974476.9475594,0,0,26,3.250
1764974476.9515407,0,0,25,3.125
1764974476.9555304,0,0,26,3.250
1764974476.9595292,0,0,26,3.250
1764974476.963534,0,0,27,3.375
1764974476.967533,0,0,26,3.250
1764974476.971534,0,0,25,3.125
1764974476.9755275,0,0,26,3.250
1764974476.9795332,0,0,26,3.250
1764974476.9835353,0,0,27,3.375
1764974476.9875312,0,0,25,3.125
1764974476.991534,0,0,25,3.125
1764974476.99553,0,0,25,3.125
1764974476.9995344,0,0,26,3.250
1764974477.0035305,0,0,27,3.375
1764974477.0075314,0,0,26,3.250
1764974477.011531,0,0,25,3.125
1764974477.0155382,0,0,25,3.125
1764974477.019535,0,0,26,3.250
1764974477.0235302,0,0,27,3.375
1764974477.0275655,0,0,26,3.250
1764974477.0315282,0,0,25,3.125
1764974477.0355256,0,0,26,3.250
1764974477.0395334,0,0,27,3.375
1764974477.0435305,0,0,27,3.375
1764974477.0475256,0,0,26,3.250
1764974477.0515254,0,0,25,3.125
1764974477.055524,0,0,26,3.250
1764974477.0595326,0,0,27,3.375
1764974477.0635276,0,0,27,3.375
1764974477.067525,0,0,26,3.250
1764974477.0715244,0,0,25,3.125
1764974477.0755274,0,0,25,3.125
1764974477.079533,0,0,26,3.250
1764974477.0835285,0,0,27,3.375
1764974477.087523,0,0,26,3.250
1764974477.0915256,0,0,25,3.125
1764974477.095524,0,0,25,3.125
1764974477.0995297,0,0,26,3.250
1764974477.1035264,0,0,27,3.375
1764974477.107525,0,0,26,3.250
1764974477.1115267,0,0,25,3.125
1764974477.1155274,0,0,26,3.250
1764974477.1195328,0,0,26,3.250
1764974477.1235268,0,0,27,3.375
1764974477.1275234,0,0,26,3.250
1764974477.1315298,0,0,25,3.125
1764974477.1355262,0,0,26,3.250
1764974477.139522,0,0,27,3.375
1764974477.143596,0,0,27,3.375
1764974477.147538,0,0,27,3.375
1764974477.1515565,0,0,25,3.125
1764974477.1555321,0,0,26,3.250
1764974477.159557,0,0,26,3.250
1764974477.1635273,0,0,27,3.375
1764974477.1675231,0,0,26,3.250
1764974477.1715353,0,0,25,3.125
1764974477.1755266,0,0,26,3.250
1764974477.1795225,0,0,26,3.250
1764974477.1835084,0,0,27,3.375
1764974477.1875029,0,0,27,3.375
1764974477.1915252,0,0,25,3.125
1764974477.195526,0,0,26,3.250
1764974477.199527,0,0,26,3.250
1764974477.2035253,0,0,27,3.375
1764974477.2075248,0,0,27,3.375
1764974477.2115285,0,0,25,3.125
1764974477.2155259,0,0,25,3.125
1764974477.2195249,0,0,26,3.250
1764974477.2235198,0,0,26,3.250
1764974477.2275264,0,0,27,3.375
1764974477.2315645,0,0,25,3.125
1764974477.2355037,0,0,26,3.250
1764974477.2395191,0,0,26,3.250
1764974477.2435215,0,0,27,3.375
1764974477.247524,0,0,27,3.375
1764974477.251528,0,0,25,3.125
1764974477.2555215,0,0,26,3.250
1764974477.259525,0,0,26,3.250
1764974477.263523,0,0,27,3.375
1764974477.2675238,0,0,27,3.375
1764974477.2715247,0,0,25,3.125
1764974477.2755249,0,0,26,3.250
1764974477.279526,0,0,26,3.250
1764974477.2835221,0,0,27,3.375
1764974477.287526,0,0,26,3.250
1764974477.2915258,0,0,25,3.125
1764974477.2955203,0,0,26,3.250
1764974477.299523,0,0,26,3.250
1764974477.3035235,0,0,27,3.375
1764974477.307525,0,0,27,3.375
1764974477.3115208,0,0,25,3.125
1764974477.3155177,0,0,25,3.125
1764974477.319528,0,0,26,3.250
1764974477.3235242,0,0,26,3.250
1764974477.3275216,0,0,27,3.375
1764974477.331533,0,0,25,3.125
1764974477.3355205,0,0,25,3.125
1764974477.3395295,0,0,26,3.250
1764974477.3435924,0,0,26,3.250
1764974477.3475356,0,0,27,3.375
1764974477.3515224,0,0,25,3.125
1764974477.3555224,0,0,26,3.250
1764974477.3595216,0,0,26,3.250
1764974477.363518,0,0,27,3.375
1764974477.367519,0,0,27,3.375
1764974477.371524,0,0,25,3.125
1764974477.3755174,0,0,26,3.250
1764974477.3795292,0,0,26,3.250
1764974477.3835232,0,0,26,3.250
1764974477.3875234,0,0,27,3.375
1764974477.391522,0,0,25,3.125
1764974477.3955128,0,0,25,3.125
1764974477.3995051,0,0,26,3.250
1764974477.403511,0,0,27,3.375
1764974477.4075098,0,0,27,3.375
1764974477.41152,0,0,25,3.125
1764974477.4155216,0,0,25,3.125
1764974477.419524,0,0,26,3.250
1764974477.4235203,0,0,27,3.375
1764974477.4275198,0,0,27,3.375
1764974477.431517,0,0,25,3.125
1764974477.435535,0,0,26,3.250
1764974477.4395256,0,0,26,3.250
1764974477.4435205,0,0,26,3.250
1764974477.4475174,0,0,28,3.500
1764974477.4515228,0,0,25,3.125
1764974477.4555194,0,0,25,3.125
1764974477.4595275,0,0,26,3.250
1764974477.4635174,0,0,27,3.375
1764974477.4675179,0,0,28,3.500
1764974477.4715223,0,0,25,3.125
1764974477.4755232,0,0,26,3.250
1764974477.4795268,0,0,26,3.250
1764974477.4835193,0,0,27,3.375
1764974477.4875174,0,0,28,3.500
1764974477.491521,0,0,25,3.125
1764974477.495524,0,0,26,3.250
1764974477.4995253,0,0,26,3.250
1764974477.503518,0,0,27,3.375
1764974477.5075195,0,0,27,3.375
1764974477.5115223,0,0,25,3.125
1764974477.5155208,0,0,25,3.125
1764974477.5195196,0,0,26,3.250
1764974477.5235164,0,0,26,3.250
1764974477.527517,0,0,27,3.375
1764974477.5315216,0,0,25,3.125
1764974477.535553,0,0,25,3.125
1764974477.539535,0,0,26,3.250
1764974477.543583,0,0,27,3.375
1764974477.5475357,0,0,27,3.375
1764974477.5515213,0,0,25,3.125
1764974477.555518,0,0,25,3.125
1764974477.5595236,0,0,26,3.250
1764974477.5635035,0,0,26,3.250
1764974477.567499,0,0,27,3.375
1764974477.5715215,0,0,25,3.125
1764974477.5755193,0,0,26,3.250
1764974477.579522,0,0,25,3.125
1764974477.5835228,0,0,27,3.375
1764974477.5875192,0,0,28,3.500
1764974477.5915208,0,0,25,3.125
1764974477.5955167,0,0,25,3.125
1764974477.5995228,0,0,26,3.250
1764974477.6035187,0,0,27,3.375
1764974477.6075194,0,0,27,3.375
1764974477.6115189,0,0,26,3.250
1764974477.6155188,0,0,25,3.125
1764974477.6195219,0,0,26,3.250
1764974477.6235225,0,0,26,3.250
1764974477.6275258,0,0,27,3.375
1764974477.6315203,0,0,26,3.250
1764974477.6355157,0,0,25,3.125
1764974477.6395373,0,0,26,3.250
1764974477.6435168,0,0,26,3.250
1764974477.64752,0,0,28,3.500
1764974477.6515188,0,0,26,3.250
1764974477.655515,0,0,26,3.250
1764974477.6595197,0,0,26,3.250
1764974477.6635199,0,0,27,3.375
1764974477.667517,0,0,27,3.375
1764974477.6715155,0,0,26,3.250
1764974477.6755142,0,0,25,3.125
1764974477.6795244,0,0,26,3.250
1764974477.6835206,0,0,26,3.250
1764974477.6875134,0,0,27,3.375
1764974477.6915154,0,0,26,3.250
1764974477.6955209,0,0,26,3.250
1764974477.6995237,0,0,25,3.125
1764974477.7035198,0,0,26,3.250
1764974477.7075133,0,0,27,3.375
1764974477.7115157,0,0,26,3.250
1764974477.715517,0,0,25,3.125
1764974477.7195208,0,0,26,3.250
1764974477.7235162,0,0,26,3.250
1764974477.7275152,0,0,27,3.375
1764974477.7315166,0,0,26,3.250
1764974477.7355177,0,0,25,3.125
1764974477.7395535,0,0,26,3.250
1764974477.7435908,0,0,27,3.375
1764974477.7475276,0,0,27,3.375
1764974477.7515209,0,0,26,3.250
1764974477.7555149,0,0,25,3.125
1764974477.7595181,0,0,26,3.250
1764974477.7635157,0,0,26,3.250
1764974477.7675133,0,0,27,3.375
1764974477.771519,0,0,26,3.250
1764974477.7755172,0,0,25,3.125
1764974477.7795186,0,0,26,3.250
1764974477.7835162,0,0,27,3.375
1764974477.7875166,0,0,27,3.375
1764974477.791757,0,0,26,3.250
1764974477.7957532,0,0,26,3.250
1764974477.7995481,0,0,25,3.125
1764974477.8035183,0,0,27,3.375
1764974477.8075147,0,0,27,3.375
1764974477.8115296,0,0,26,3.250
1764974477.815523,0,0,25,3.125
1764974477.8195186,0,0,26,3.250
1764974477.823517,0,0,27,3.375
1764974477.827517,0,0,28,3.500
1764974477.8315203,0,0,26,3.250
1764974477.8355155,0,0,25,3.125
1764974477.8395188,0,0,26,3.250
1764974477.8435528,0,0,26,3.250
1764974477.847515,0,0,27,3.375
1764974477.8515193,0,0,27,3.375
1764974477.8555372,0,0,25,3.125
1764974477.8595154,0,0,26,3.250
1764974477.8635118,0,0,26,3.250
1764974477.867515,0,0,27,3.375
1764974477.8715215,0,0,26,3.250
1764974477.8755138,0,0,25,3.125
1764974477.879515,0,0,25,3.125
1764974477.8835135,0,0,26,3.250
1764974477.887514,0,0,27,3.375
1764974477.8915176,0,0,26,3.250
1764974477.8955128,0,0,25,3.125
1764974477.8995123,0,0,25,3.125
1764974477.903517,0,0,26,3.250
1764974477.9075153,0,0,27,3.375
1764974477.9115171,0,0,27,3.375
1764974477.9155123,0,0,25,3.125
1764974477.9195127,0,0,25,3.125
1764974477.9235153,0,0,26,3.250
1764974477.927517,0,0,27,3.375
1764974477.931515,0,0,27,3.375
1764974477.935511,0,0,25,3.125
1764974477.9395175,0,0,26,3.250
1764974477.9485505,0,0,27,3.375
1764974477.9515312,0,0,26,3.250
1764974477.9555147,0,0,25,3.125
1764974477.9595132,0,0,25,3.125
1764974477.9634984,0,0,26,3.250
1764974477.9674969,0,0,27,3.375
1764974477.971516,0,0,28,3.500
1764974477.9755151,0,0,25,3.125
1764974477.979515,0,0,25,3.125
1764974477.9834962,0,0,26,3.250
1764974477.9874978,0,0,26,3.250
1764974477.9915147,0,0,26,3.250
1764974477.9955132,0,0,25,3.125
1764974477.9995196,0,0,25,3.125
1764974478.0035126,0,0,26,3.250
1764974478.007534,0,0,27,3.375
1764974478.0115306,0,0,27,3.375
1764974478.015521,0,0,25,3.125
1764974478.0195124,0,0,26,3.250
1764974478.0234962,0,0,26,3.250
1764974478.0274928,0,0,27,3.375
1764974478.031507,0,0,27,3.375
1764974478.0355122,0,0,25,3.125
1764974478.0395076,0,0,25,3.125
1764974478.0434928,0,0,26,3.250
1764974478.0474916,0,0,26,3.250
1764974478.0515137,0,0,27,3.375
1764974478.0555108,0,0,25,3.125
1764974478.0595138,0,0,26,3.250
1764974478.0635087,0,0,26,3.250
1764974478.0675087,0,0,26,3.250
1764974478.0715096,0,0,27,3.375
1764974478.0755107,0,0,25,3.125
1764974478.079515,0,0,26,3.250
1764974478.083507,0,0,26,3.250
1764974478.0875046,0,0,26,3.250
1764974478.0915112,0,0,28,3.500
1764974478.095511,0,0,25,3.125
1764974478.0995119,0,0,25,3.125
1764974478.1035168,0,0,26,3.250
1764974478.1075096,0,0,27,3.375
1764974478.1115124,0,0,27,3.375
1764974478.1155076,0,0,25,3.125
1764974478.1195123,0,0,26,3.250
1764974478.123508,0,0,26,3.250
1764974478.1275063,0,0,27,3.375
1764974478.1315067,0,0,27,3.375
1764974478.1355047,0,0,25,3.125
1764974478.139502,0,0,26,3.250
1764974478.1434884,0,0,25,3.125
1764974478.147579,0,0,26,3.250
1764974478.1515641,0,0,27,3.375
1764974478.1555088,0,0,25,3.125
1764974478.1595075,0,0,26,3.250
1764974478.163508,0,0,26,3.250
1764974478.1675081,0,0,26,3.250
1764974478.1715102,0,0,27,3.375
1764974478.1755064,0,0,25,3.125
1764974478.1795077,0,0,26,3.250
1764974478.183508,0,0,26,3.250
1764974478.1875064,0,0,27,3.375
1764974478.191509,0,0,27,3.375
1764974478.1955085,0,0,25,3.125
1764974478.199509,0,0,26,3.250
1764974478.203509,0,0,26,3.250
1764974478.207517,0,0,26,3.250
1764974478.211514,0,0,28,3.500
1764974478.215505,0,0,25,3.125
1764974478.219512,0,0,26,3.250
1764974478.223508,0,0,26,3.250
1764974478.227514,0,0,26,3.250
1764974478.2315216,0,0,27,3.375
1764974478.2355082,0,0,25,3.125
1764974478.2395048,0,0,25,3.125
1764974478.243496,0,0,26,3.250
1764974478.2474923,0,0,26,3.250
1764974478.2515342,0,0,27,3.375
1764974478.2554896,0,0,25,3.125
1764974478.2594917,0,0,26,3.250
1764974478.2634933,0,0,25,3.125
1764974478.267491,0,0,27,3.375
1764974478.271506,0,0,28,3.500
1764974478.2755065,0,0,25,3.125
1764974478.2795079,0,0,25,3.125
1764974478.2835078,0,0,26,3.250
1764974478.2875059,0,0,26,3.250
1764974478.2915041,0,0,27,3.375
1764974478.295504,0,0,26,3.250
1764974478.2995076,0,0,25,3.125
1764974478.303506,0,0,26,3.250
1764974478.3075068,0,0,26,3.250
1764974478.3115032,0,0,27,3.375
1764974478.3155043,0,0,26,3.250
1764974478.31951,0,0,25,3.125
1764974478.3235083,0,0,26,3.250
1764974478.327505,0,0,26,3.250
1764974478.3315024,0,0,27,3.375
1764974478.3355,0,0,26,3.250
1764974478.3395119,0,0,25,3.125
1764974478.343506,0,0,25,3.125
1764974478.3475811,0,0,26,3.250
1764974478.3515208,0,0,27,3.375
1764974478.3555439,0,0,26,3.250
1764974478.3595126,0,0,25,3.125
1764974478.3635092,0,0,26,3.250
1764974478.367506,0,0,26,3.250
1764974478.371506,0,0,27,3.375
1764974478.3755028,0,0,26,3.250
1764974478.3795106,0,0,26,3.250
1764974478.383508,0,0,26,3.250
1764974478.3875017,0,0,26,3.250
1764974478.3915043,0,0,27,3.375
1764974478.395505,0,0,26,3.250
1764974478.3995054,0,0,25,3.125
1764974478.4035072,0,0,26,3.250
1764974478.4075015,0,0,26,3.250
1764974478.4115057,0,0,28,3.500
1764974478.4155052,0,0,26,3.250
1764974478.4195118,0,0,25,3.125
1764974478.423506,0,0,26,3.250
1764974478.427502,0,0,26,3.250
1764974478.431503,0,0,26,3.250
1764974478.4355032,0,0,26,3.250
1764974478.4395037,0,0,25,3.125
1764974478.4434922,0,0,26,3.250
1764974478.4475112,0,0,26,3.250
1764974478.4515102,0,0,27,3.375
1764974478.4555366,0,0,26,3.250
1764974478.4595108,0,0,25,3.125
1764974478.4635036,0,0,26,3.250
1764974478.4675033,0,0,26,3.250
1764974478.4715047,0,0,27,3.375
1764974478.4755101,0,0,26,3.250
1764974478.479517,0,0,25,3.125
1764974478.4835012,0,0,25,3.125
1764974478.4875,0,0,26,3.250
1764974478.4915047,0,0,27,3.375
1764974478.495503,0,0,26,3.250
1764974478.4995086,0,0,25,3.125
1764974478.5035,0,0,25,3.125
1764974478.5075011,0,0,27,3.375
1764974478.5115051,0,0,27,3.375
1764974478.5155015,0,0,26,3.250
1764974478.5195093,0,0,25,3.125
1764974478.5235026,0,0,26,3.250
1764974478.527499,0,0,26,3.250
1764974478.531504,0,0,26,3.250
1764974478.5355036,0,0,26,3.250
1764974478.5395017,0,0,26,3.250
1764974478.5435011,0,0,26,3.250
1764974478.5475702,0,0,27,3.375
1764974478.5515194,0,0,26,3.250
1764974478.5555203,0,0,27,3.375
1764974478.5595412,0,0,25,3.125
1764974478.5635018,0,0,26,3.250
1764974478.5675018,0,0,26,3.250
1764974478.5715065,0,0,26,3.250
1764974478.575504,0,0,27,3.375
1764974478.579505,0,0,25,3.125
1764974478.5834997,0,0,25,3.125
1764974478.587504,0,0,26,3.250
1764974478.5915058,0,0,27,3.375
1764974478.5955036,0,0,26,3.250
1764974478.599498,0,0,25,3.125
1764974478.6034837,0,0,26,3.250
1764974478.6074853,0,0,26,3.250
1764974478.6115081,0,0,27,3.375
1764974478.6155052,0,0,27,3.375
1764974478.619505,0,0,25,3.125
1764974478.6235254,0,0,26,3.250
1764974478.6275108,0,0,26,3.250
1764974478.6315072,0,0,26,3.250
1764974478.6355045,0,0,27,3.375
1764974478.6395035,0,0,25,3.125
1764974478.6434975,0,0,25,3.125
1764974478.6475034,0,0,26,3.250
1764974478.6515083,0,0,27,3.375
1764974478.6555026,0,0,27,3.375
1764974478.6595352,0,0,25,3.125
1764974478.6635032,0,0,25,3.125
1764974478.6675029,0,0,26,3.250
1764974478.6715038,0,0,27,3.375
1764974478.6754985,0,0,27,3.375
1764974478.679506,0,0,25,3.125
1764974478.6834981,0,0,26,3.250
1764974478.6875021,0,0,26,3.250
1764974478.6915023,0,0,27,3.375
1764974478.6955009,0,0,27,3.375
1764974478.6995034,0,0,25,3.125
1764974478.7034993,0,0,26,3.250
1764974478.7075005,0,0,26,3.250
1764974478.7115011,0,0,26,3.250
1764974478.7154994,0,0,27,3.375
1764974478.7195034,0,0,25,3.125
1764974478.7235098,0,0,26,3.250
1764974478.7275026,0,0,26,3.250
1764974478.7315052,0,0,26,3.250
1764974478.735498,0,0,27,3.375
1764974478.7395175,0,0,25,3.125
1764974478.7435005,0,0,25,3.125
1764974478.7475715,0,0,26,3.250
1764974478.7515194,0,0,27,3.375
1764974478.7554994,0,0,27,3.375
1764974478.759506,0,0,25,3.125
1764974478.763536,0,0,25,3.125
1764974478.7675009,0,0,26,3.250
1764974478.7715027,0,0,26,3.250
1764974478.775499,0,0,27,3.375
1764974478.7795029,0,0,25,3.125
1764974478.7835026,0,0,26,3.250
1764974478.7874985,0,0,26,3.250
1764974478.791746,0,0,27,3.375
1764974478.7957296,0,0,27,3.375
1764974478.7995353,0,0,25,3.125
1764974478.8035018,0,0,26,3.250
1764974478.8075058,0,0,26,3.250
1764974478.811521,0,0,27,3.375
1764974478.815503,0,0,27,3.375
1764974478.8195024,0,0,25,3.125
1764974478.8235025,0,0,26,3.250
1764974478.8274984,0,0,26,3.250
1764974478.8315022,0,0,26,3.250
1764974478.8354995,0,0,27,3.375
1764974478.8394973,0,0,25,3.125
1764974478.8434834,0,0,25,3.125
1764974478.8474805,0,0,26,3.250
1764974478.8515048,0,0,27,3.375
1764974478.8555021,0,0,27,3.375
1764974478.8595045,0,0,25,3.125
1764974478.8635333,0,0,26,3.250
1764974478.8675003,0,0,26,3.250
1764974478.8714979,0,0,26,3.250
1764974478.8754985,0,0,27,3.375
1764974478.8795028,0,0,25,3.125
1764974478.8834996,0,0,26,3.250
1764974478.8874989,0,0,26,3.250
1764974478.8915038,0,0,26,3.250
1764974478.8955016,0,0,27,3.375
1764974478.899499,0,0,25,3.125
1764974478.9034967,0,0,26,3.250
1764974478.9074972,0,0,26,3.250
1764974478.9115016,0,0,27,3.375
1764974478.9154985,0,0,27,3.375
1764974478.9195018,0,0,25,3.125
1764974478.923496,0,0,26,3.250
1764974478.9274983,0,0,26,3.250
1764974478.931499,0,0,26,3.250
1764974478.935498,0,0,27,3.375
1764974478.9395037,0,0,26,3.250
1764974478.9434965,0,0,25,3.125
1764974478.952534,0,0,27,3.375
1764974478.9555128,0,0,27,3.375
1764974478.959503,0,0,25,3.125
1764974478.963483,0,0,25,3.125
1764974478.9675248,0,0,26,3.250
1764974478.9715054,0,0,26,3.250
1764974478.9755013,0,0,27,3.375
1764974478.979493,0,0,25,3.125
1764974478.98348,0,0,25,3.125
1764974478.987482,0,0,26,3.250
1764974478.9915037,0,0,27,3.375
1764974478.9954977,0,0,27,3.375
1764974478.9994988,0,0,25,3.125
1764974479.0034955,0,0,25,3.125
1764974479.007499,0,0,26,3.250
1764974479.0114987,0,0,27,3.375
1764974479.0154922,0,0,27,3.375
1764974479.019496,0,0,25,3.125
1764974479.0234952,0,0,26,3.250
1764974479.0274956,0,0,26,3.250
1764974479.0314956,0,0,26,3.250
1764974479.0354908,0,0,27,3.375
1764974479.039498,0,0,26,3.250
1764974479.0434933,0,0,25,3.125
1764974479.0475001,0,0,26,3.250
1764974479.051514,0,0,26,3.250
1764974479.0554943,0,0,27,3.375
1764974479.0594864,0,0,26,3.250
1764974479.0634763,0,0,25,3.125
1764974479.0675077,0,0,26,3.250
1764974479.0714977,0,0,26,3.250
1764974479.0754926,0,0,27,3.375
1764974479.0794892,0,0,27,3.375
1764974479.0834785,0,0,25,3.125
1764974479.0874765,0,0,26,3.250
1764974479.0914977,0,0,27,3.375
1764974479.0954964,0,0,27,3.375
1764974479.0994964,0,0,26,3.250
1764974479.103496,0,0,25,3.125
1764974479.1074939,0,0,25,3.125
1764974479.111497,0,0,26,3.250
1764974479.1154907,0,0,27,3.375
1764974479.1194973,0,0,26,3.250
1764974479.123491,0,0,25,3.125
1764974479.1274922,0,0,26,3.250
1764974479.1314938,0,0,26,3.250
1764974479.1354935,0,0,26,3.250
1764974479.1394882,0,0,26,3.250
1764974479.1434762,0,0,25,3.125
1764974479.147475,0,0,26,3.250
1764974479.1515787,0,0,26,3.250
1764974479.1555054,0,0,27,3.375
1764974479.1594915,0,0,26,3.250
1764974479.1634784,0,0,26,3.250
1764974479.167478,0,0,26,3.250
1764974479.1714947,0,0,26,3.250
1764974479.1754947,0,0,27,3.375
1764974479.17949,0,0,27,3.375
1764974479.1834788,0,0,25,3.125
1764974479.1874752,0,0,26,3.250
1764974479.1914973,0,0,27,3.375
1764974479.1954916,0,0,27,3.375
1764974479.1994977,0,0,26,3.250
1764974479.2034955,0,0,25,3.125
1764974479.207498,0,0,25,3.125
1764974479.211491,0,0,26,3.250
1764974479.2154865,0,0,26,3.250
1764974479.2194977,0,0,27,3.375
1764974479.223493,0,0,25,3.125
1764974479.2274911,0,0,26,3.250
1764974479.231501,0,0,26,3.250
1764974479.2354944,0,0,27,3.375
1764974479.23949,0,0,26,3.250
1764974479.2434762,0,0,25,3.125
1764974479.2474773,0,0,26,3.250
1764974479.251492,0,0,26,3.250
1764974479.2554877,0,0,27,3.375
1764974479.2594876,0,0,26,3.250
1764974479.263476,0,0,25,3.125
1764974479.2674737,0,0,26,3.250
1764974479.2715223,0,0,26,3.250
1764974479.2754724,0,0,27,3.375
1764974479.2794862,0,0,27,3.375
1764974479.2834923,0,0,26,3.250
1764974479.2874923,0,0,26,3.250
1764974479.2914937,0,0,26,3.250
1764974479.2954903,0,0,27,3.375
1764974479.2994964,0,0,27,3.375
1764974479.303493,0,0,25,3.125
1764974479.3074882,0,0,26,3.250
1764974479.31149,0,0,26,3.250
1764974479.3154924,0,0,27,3.375
1764974479.3194983,0,0,27,3.375
1764974479.3234916,0,0,25,3.125
1764974479.3274884,0,0,25,3.125
1764974479.33149,0,0,26,3.250
1764974479.3354936,0,0,26,3.250
1764974479.3394969,0,0,28,3.500
1764974479.343494,0,0,24,3.000
1764974479.3474872,0,0,26,3.250
1764974479.3515656,0,0,26,3.250
1764974479.3555071,0,0,26,3.250
1764974479.3594904,0,0,27,3.375
1764974479.3634734,0,0,25,3.125
1764974479.3674726,0,0,26,3.250
1764974479.3715317,0,0,26,3.250
1764974479.375495,0,0,27,3.375
1764974479.3794892,0,0,27,3.375
1764974479.3834765,0,0,25,3.125
1764974479.3874717,0,0,26,3.250
1764974479.3914902,0,0,26,3.250
1764974479.3954923,0,0,27,3.375
1764974479.3995025,0,0,27,3.375
1764974479.4034872,0,0,25,3.125
1764974479.4075036,0,0,26,3.250
1764974479.4115016,0,0,26,3.250
1764974479.4154928,0,0,27,3.375
1764974479.4194894,0,0,27,3.375
1764974479.4234726,0,0,25,3.125
1764974479.42747,0,0,26,3.250
1764974479.431489,0,0,26,3.250
1764974479.4354906,0,0,27,3.375
1764974479.4394855,0,0,28,3.500
1764974479.44347,0,0,26,3.250
1764974479.4474697,0,0,25,3.125
1764974479.451492,0,0,26,3.250
1764974479.4554915,0,0,26,3.250
1764974479.4594953,0,0,27,3.375
1764974479.4634886,0,0,25,3.125
1764974479.467491,0,0,26,3.250
1764974479.4714918,0,0,26,3.250
1764974479.47553,0,0,27,3.375
1764974479.4794867,0,0,27,3.375
1764974479.48347,0,0,25,3.125
1764974479.4874701,0,0,25,3.125
1764974479.4914951,0,0,26,3.250
1764974479.4954908,0,0,27,3.375
1764974479.4994936,0,0,27,3.375
1764974479.503486,0,0,25,3.125
1764974479.5074894,0,0,25,3.125
1764974479.5114937,0,0,26,3.250
1764974479.5154912,0,0,26,3.250
1764974479.5194905,0,0,27,3.375
1764974479.5234847,0,0,26,3.250
1764974479.5274854,0,0,26,3.250
1764974479.5314941,0,0,26,3.250
1764974479.5354893,0,0,26,3.250
1764974479.5394912,0,0,27,3.375
1764974479.5434844,0,0,25,3.125
1764974479.5474887,0,0,25,3.125
1764974479.5515594,0,0,26,3.250
1764974479.555505,0,0,26,3.250
1764974479.5594869,0,0,27,3.375
1764974479.5634687,0,0,25,3.125
1764974479.5674706,0,0,26,3.250
1764974479.5714924,0,0,25,3.125
1764974479.575527,0,0,26,3.250
1764974479.579486,0,0,27,3.375
1764974479.583468,0,0,26,3.250
1764974479.5874698,0,0,25,3.125
1764974479.591489,0,0,26,3.250
1764974479.5954885,0,0,26,3.250
1764974479.5994923,0,0,27,3.375
1764974479.6034873,0,0,26,3.250
1764974479.6074884,0,0,26,3.250
1764974479.6114964,0,0,26,3.250
1764974479.6154923,0,0,26,3.250
1764974479.6194847,0,0,27,3.375
1764974479.6234684,0,0,26,3.250
1764974479.62747,0,0,26,3.250
1764974479.6314867,0,0,26,3.250
1764974479.6354842,0,0,26,3.250
1764974479.6394827,0,0,27,3.375
1764974479.643472,0,0,25,3.125
1764974479.647471,0,0,26,3.250
1764974479.651513,0,0,26,3.250
1764974479.6554887,0,0,26,3.250
1764974479.6594923,0,0,27,3.375
1764974479.663489,0,0,26,3.250
1764974479.6674914,0,0,25,3.125
1764974479.6714883,0,0,25,3.125
1764974479.6755176,0,0,26,3.250
1764974479.6794903,0,0,27,3.375
1764974479.6834884,0,0,26,3.250
1764974479.6874876,0,0,25,3.125
1764974479.6914914,0,0,26,3.250
1764974479.6954873,0,0,27,3.375
1764974479.6994884,0,0,27,3.375
1764974479.7034838,0,0,26,3.250
1764974479.7074945,0,0,25,3.125
1764974479.7114937,0,0,25,3.125
1764974479.715485,0,0,26,3.250
1764974479.71949,0,0,27,3.375
1764974479.7234888,0,0,26,3.250
1764974479.727486,0,0,25,3.125
1764974479.7314868,0,0,26,3.250
1764974479.735486,0,0,26,3.250
1764974479.7394893,0,0,27,3.375
1764974479.743487,0,0,26,3.250
1764974479.747489,0,0,25,3.125
1764974479.7515543,0,0,26,3.250
1764974479.755501,0,0,26,3.250
1764974479.7594829,0,0,27,3.375
1764974479.7634692,0,0,26,3.250
1764974479.7674685,0,0,25,3.125
1764974479.7714877,0,0,26,3.250
1764974479.7754867,0,0,26,3.250
1764974479.7795205,0,0,27,3.375
1764974479.7834682,0,0,26,3.250
1764974479.7874694,0,0,25,3.125
1764974479.7917624,0,0,26,3.250
1764974479.7957022,0,0,26,3.250
1764974479.7995155,0,0,27,3.375
1764974479.803489,0,0,26,3.250
1764974479.8074844,0,0,25,3.125
1764974479.8114865,0,0,25,3.125
1764974479.81548,0,0,26,3.250
1764974479.8194866,0,0,27,3.375
1764974479.8234837,0,0,26,3.250
1764974479.827484,0,0,25,3.125
1764974479.8314817,0,0,25,3.125
1764974479.8354833,0,0,26,3.250
1764974479.8394885,0,0,27,3.375
1764974479.843484,0,0,26,3.250
1764974479.8474813,0,0,25,3.125
1764974479.851484,0,0,26,3.250
1764974479.8554807,0,0,26,3.250
1764974479.859494,0,0,27,3.375
1764974479.8634934,0,0,26,3.250
1764974479.8674822,0,0,25,3.125
1764974479.871482,0,0,25,3.125
1764974479.8754833,0,0,26,3.250
1764974479.8795254,0,0,27,3.375
1764974479.883485,0,0,26,3.250
1764974479.8874824,0,0,25,3.125
1764974479.8914857,0,0,25,3.125
1764974479.8954818,0,0,26,3.250
1764974479.8995,0,0,27,3.375
1764974479.9034872,0,0,26,3.250
1764974479.9074857,0,0,26,3.250
1764974479.9114842,0,0,26,3.250
1764974479.915484,0,0,26,3.250
1764974479.9194837,0,0,27,3.375
1764974479.923486,0,0,26,3.250
1764974479.9274836,0,0,25,3.125
1764974479.9314976,0,0,26,3.250
1764974479.9354808,0,0,26,3.250
1764974479.9395,0,0,26,3.250
1764974479.9434838,0,0,27,3.375
1764974479.9474816,0,0,25,3.125
1764974479.9565625,0,0,27,3.375
1764974479.9595082,0,0,27,3.375
1764974479.963483,0,0,27,3.375
1764974479.967481,0,0,25,3.125
1764974479.9714868,0,0,26,3.250
1764974479.975485,0,0,26,3.250
1764974479.9795177,0,0,26,3.250
1764974479.983465,0,0,27,3.375
1764974479.9874637,0,0,25,3.125
1764974479.9914815,0,0,26,3.250
1764974479.9954846,0,0,26,3.250
1764974479.9994874,0,0,26,3.250
1764974480.0034828,0,0,27,3.375
1764974480.0074801,0,0,25,3.125
1764974480.0114858,0,0,25,3.125
1764974480.0154798,0,0,26,3.250
1764974480.0194874,0,0,27,3.375
1764974480.023477,0,0,27,3.375
1764974480.0274768,0,0,25,3.125
1764974480.0314813,0,0,25,3.125
1764974480.0354877,0,0,26,3.250
1764974480.0394826,0,0,26,3.250
1764974480.043462,0,0,26,3.250
1764974480.0474598,0,0,25,3.125
1764974480.0514843,0,0,25,3.125
1764974480.0554795,0,0,26,3.250
1764974480.0594742,0,0,26,3.250
1764974480.0634613,0,0,27,3.375
1764974480.067462,0,0,25,3.125
1764974480.0714798,0,0,26,3.250
1764974480.075482,0,0,26,3.250
1764974480.0794847,0,0,26,3.250
1764974480.0835128,0,0,27,3.375
1764974480.087478,0,0,25,3.125
1764974480.0914834,0,0,26,3.250
1764974480.095481,0,0,26,3.250
1764974480.0994844,0,0,27,3.375
1764974480.1034765,0,0,28,3.500
1764974480.1074772,0,0,25,3.125
1764974480.111479,0,0,26,3.250
1764974480.115479,0,0,26,3.250
1764974480.1194816,0,0,27,3.375
1764974480.1234784,0,0,28,3.500
1764974480.127476,0,0,25,3.125
1764974480.131492,0,0,25,3.125
1764974480.1354795,0,0,26,3.250
1764974480.1394734,0,0,26,3.250
1764974480.1434612,0,0,27,3.375
1764974480.1474705,0,0,25,3.125
1764974480.1514788,0,0,26,3.250
1764974480.1555517,0,0,26,3.250
1764974480.1594915,0,0,26,3.250
1764974480.1634612,0,0,28,3.500
1764974480.167463,0,0,25,3.125
1764974480.1714826,0,0,26,3.250
1764974480.1754794,0,0,26,3.250
1764974480.1794722,0,0,26,3.250
1764974480.1834958,0,0,27,3.375
1764974480.1874626,0,0,25,3.125
1764974480.1914809,0,0,26,3.250
1764974480.1954815,0,0,26,3.250
1764974480.1994796,0,0,26,3.250
1764974480.2034729,0,0,27,3.375
1764974480.2074776,0,0,25,3.125
1764974480.2114851,0,0,25,3.125
1764974480.2154794,0,0,26,3.250
1764974480.219477,0,0,26,3.250
1764974480.223475,0,0,27,3.375
1764974480.2274787,0,0,25,3.125
1764974480.2314744,0,0,26,3.250
1764974480.2354782,0,0,26,3.250
1764974480.2394807,0,0,26,3.250
1764974480.2434764,0,0,27,3.375
1764974480.247472,0,0,25,3.125
1764974480.251478,0,0,25,3.125
1764974480.2554762,0,0,26,3.250
1764974480.2594779,0,0,27,3.375
1764974480.263473,0,0,27,3.375
1764974480.2674785,0,0,25,3.125
1764974480.271481,0,0,25,3.125
1764974480.2754774,0,0,26,3.250
1764974480.2794774,0,0,27,3.375
1764974480.28351,0,0,27,3.375
1764974480.2874782,0,0,25,3.125
1764974480.2914822,0,0,25,3.125
1764974480.2954562,0,0,26,3.250
1764974480.2994697,0,0,27,3.375
1764974480.3034754,0,0,28,3.500
1764974480.3074756,0,0,26,3.250
1764974480.3114748,0,0,25,3.125
1764974480.3154743,0,0,25,3.125
1764974480.3194788,0,0,26,3.250
1764974480.3234744,0,0,27,3.375
1764974480.3274722,0,0,25,3.125
1764974480.331475,0,0,26,3.250
1764974480.3354726,0,0,26,3.250
1764974480.3394787,0,0,27,3.375
1764974480.3434725,0,0,27,3.375
1764974480.3474743,0,0,25,3.125
1764974480.3514755,0,0,25,3.125
1764974480.3555508,0,0,26,3.250
1764974480.3594854,0,0,26,3.250
1764974480.3634603,0,0,27,3.375
1764974480.367459,0,0,26,3.250
1764974480.371476,0,0,26,3.250
1764974480.3754745,0,0,26,3.250
1764974480.379468,0,0,27,3.375
1764974480.3834603,0,0,27,3.375
1764974480.3874953,0,0,26,3.250
1764974480.3914766,0,0,25,3.125
1764974480.3954732,0,0,26,3.250
1764974480.3994758,0,0,27,3.375
1764974480.4034734,0,0,27,3.375
1764974480.4074757,0,0,26,3.250
1764974480.4114804,0,0,26,3.250
1764974480.4154735,0,0,26,3.250
1764974480.4194698,0,0,26,3.250
1764974480.4234576,0,0,27,3.375
1764974480.427457,0,0,26,3.250
1764974480.4314773,0,0,25,3.125
1764974480.4354744,0,0,26,3.250
1764974480.439472,0,0,26,3.250
1764974480.4434593,0,0,27,3.375
1764974480.4474576,0,0,26,3.250
1764974480.451492,0,0,25,3.125
1764974480.4554772,0,0,26,3.250
1764974480.4594705,0,0,26,3.250
1764974480.4634588,0,0,28,3.500
1764974480.4674594,0,0,26,3.250
1764974480.4714775,0,0,25,3.125
1764974480.4754736,0,0,26,3.250
1764974480.479468,0,0,26,3.250
1764974480.4834576,0,0,27,3.375
1764974480.4874923,0,0,26,3.250
1764974480.4914765,0,0,25,3.125
1764974480.4954765,0,0,26,3.250
1764974480.499476,0,0,26,3.250
1764974480.5034702,0,0,28,3.500
1764974480.5074718,0,0,26,3.250
1764974480.5114725,0,0,26,3.250
1764974480.5154712,0,0,26,3.250
1764974480.5194674,0,0,27,3.375
1764974480.5234542,0,0,27,3.375
1764974480.527455,0,0,26,3.250
1764974480.5314717,0,0,25,3.125
1764974480.5354698,0,0,26,3.250
1764974480.5394793,0,0,26,3.250
1764974480.5434752,0,0,27,3.375
1764974480.5474732,0,0,27,3.375
1764974480.551471,0,0,25,3.125
1764974480.5555146,0,0,26,3.250
1764974480.5594876,0,0,27,3.375
1764974480.5634723,0,0,27,3.375
1764974480.5674746,0,0,26,3.250
1764974480.5714736,0,0,25,3.125
1764974480.5754728,0,0,25,3.125
1764974480.5794742,0,0,26,3.250
1764974480.5834718,0,0,27,3.375
1764974480.587507,0,0,27,3.375
1764974480.5914755,0,0,25,3.125
1764974480.5954704,0,0,25,3.125
1764974480.5994782,0,0,26,3.250
1764974480.6034715,0,0,27,3.375
1764974480.607474,0,0,27,3.375
1764974480.6114736,0,0,25,3.125
1764974480.615471,0,0,26,3.250
1764974480.6194763,0,0,26,3.250
1764974480.623473,0,0,26,3.250
1764974480.6274698,0,0,27,3.375
1764974480.6314678,0,0,25,3.125
1764974480.6354697,0,0,26,3.250
1764974480.6394694,0,0,26,3.250
1764974480.6434538,0,0,26,3.250
1764974480.6474485,0,0,27,3.375
1764974480.651475,0,0,25,3.125
1764974480.6554883,0,0,25,3.125
1764974480.659473,0,0,26,3.250
1764974480.6634557,0,0,26,3.250
1764974480.6674523,0,0,27,3.375
1764974480.6714704,0,0,25,3.125
1764974480.6754675,0,0,26,3.250
1764974480.679476,0,0,26,3.250
1764974480.6834548,0,0,26,3.250
1764974480.6874514,0,0,27,3.375
1764974480.69148,0,0,25,3.125
1764974480.6954706,0,0,25,3.125
1764974480.699474,0,0,26,3.250
1764974480.7034664,0,0,27,3.375
1764974480.707477,0,0,27,3.375
1764974480.7114923,0,0,25,3.125
1764974480.71547,0,0,26,3.250
1764974480.7194684,0,0,26,3.250
1764974480.7234704,0,0,27,3.375
1764974480.727467,0,0,27,3.375
1764974480.7314656,0,0,25,3.125
1764974480.7354538,0,0,26,3.250
1764974480.739469,0,0,26,3.250
1764974480.7434695,0,0,27,3.375
1764974480.7474632,0,0,27,3.375
1764974480.751468,0,0,25,3.125
1764974480.7555346,0,0,26,3.250
1764974480.7594829,0,0,26,3.250
1764974480.7634573,0,0,27,3.375
1764974480.7674527,0,0,27,3.375
1764974480.771473,0,0,26,3.250
1764974480.7754695,0,0,26,3.250
1764974480.779466,0,0,26,3.250
1764974480.7834551,0,0,26,3.250
1764974480.78745,0,0,27,3.375
1764974480.7918127,0,0,25,3.125
1764974480.7956953,0,0,26,3.250
1764974480.7994995,0,0,26,3.250
1764974480.8034701,0,0,26,3.250
1764974480.8074682,0,0,27,3.375
1764974480.8114724,0,0,26,3.250
1764974480.815468,0,0,26,3.250
1764974480.819469,0,0,26,3.250
1764974480.8234632,0,0,26,3.250
1764974480.8274634,0,0,27,3.375
1764974480.8314762,0,0,25,3.125
1764974480.835494,0,0,26,3.250
1764974480.8394716,0,0,25,3.125
1764974480.843451,0,0,27,3.375
1764974480.8474498,0,0,27,3.375
1764974480.8519342,0,0,25,3.125
1764974480.8561506,0,0,26,3.250
1764974480.859538,0,0,26,3.250
1764974480.86347,0,0,26,3.250
1764974480.8674686,0,0,27,3.375
1764974480.8714707,0,0,25,3.125
1764974480.8754656,0,0,25,3.125
1764974480.879467,0,0,26,3.250
1764974480.8834658,0,0,27,3.375
1764974480.8874662,0,0,27,3.375
1764974480.891514,0,0,25,3.125
1764974480.8954651,0,0,25,3.125
1764974480.899468,0,0,26,3.250
1764974480.9034667,0,0,27,3.375
1764974480.9074664,0,0,27,3.375
1764974480.9114742,0,0,26,3.250
1764974480.91547,0,0,25,3.125
1764974480.9194653,0,0,25,3.125
1764974480.923449,0,0,26,3.250
1764974480.9274492,0,0,28,3.500
1764974480.9314642,0,0,25,3.125
1764974480.9354534,0,0,26,3.250
1764974480.939463,0,0,27,3.375
1764974480.9434605,0,0,26,3.250
1764974480.9474573,0,0,27,3.375
1764974480.9514582,0,0,25,3.125
1764974480.9605083,0,0,26,3.250
1764974480.9635236,0,0,26,3.250
1764974480.9674678,0,0,27,3.375
1764974480.9714558,0,0,25,3.125
1764974480.9754524,0,0,25,3.125
1764974480.9794648,0,0,26,3.250
1764974480.9834619,0,0,26,3.250
1764974480.9874604,0,0,28,3.500
1764974480.9914863,0,0,25,3.125
1764974480.9954503,0,0,25,3.125
1764974480.9994626,0,0,26,3.250
1764974481.0034592,0,0,26,3.250
1764974481.00746,0,0,27,3.375
1764974481.0114703,0,0,25,3.125
1764974481.0154734,0,0,25,3.125
1764974481.0194635,0,0,26,3.250
1764974481.0234444,0,0,26,3.250
1764974481.0274448,0,0,27,3.375
1764974481.031462,0,0,25,3.125
1764974481.0354643,0,0,25,3.125
1764974481.0394578,0,0,25,3.125
1764974481.043446,0,0,26,3.250
1764974481.0474458,0,0,27,3.375
1764974481.0514693,0,0,26,3.250
1764974481.055461,0,0,25,3.125
1764974481.05946,0,0,26,3.250
1764974481.0634537,0,0,26,3.250
1764974481.0674567,0,0,27,3.375
1764974481.0714576,0,0,25,3.125
1764974481.0754607,0,0,26,3.250
1764974481.0794547,0,0,26,3.250
1764974481.0834541,0,0,26,3.250
1764974481.0874555,0,0,28,3.500
1764974481.0914586,0,0,26,3.250
1764974481.0954995,0,0,25,3.125
1764974481.0994613,0,0,25,3.125
1764974481.103455,0,0,26,3.250
1764974481.107455,0,0,27,3.375
1764974481.1114542,0,0,26,3.250
1764974481.115461,0,0,25,3.125
1764974481.1194596,0,0,26,3.250
1764974481.1234527,0,0,27,3.375
1764974481.1274567,0,0,27,3.375
1764974481.131459,0,0,26,3.250
1764974481.135463,0,0,25,3.125
1764974481.139451,0,0,25,3.125
1764974481.1434417,0,0,26,3.250
1764974481.1474442,0,0,27,3.375
1764974481.1514611,0,0,26,3.250
1764974481.1554585,0,0,25,3.125
1764974481.159542,0,0,25,3.125
1764974481.1634696,0,0,26,3.250
1764974481.1674557,0,0,27,3.375
1764974481.1714473,0,0,26,3.250
1764974481.1754475,0,0,26,3.250
1764974481.1794572,0,0,26,3.250
1764974481.1834574,0,0,27,3.375
1764974481.1874557,0,0,26,3.250
1764974481.1914427,0,0,26,3.250
1764974481.1954846,0,0,25,3.125
1764974481.1994572,0,0,25,3.125
1764974481.2034569,0,0,26,3.250
1764974481.2074585,0,0,27,3.375
1764974481.21147,0,0,26,3.250
1764974481.2154617,0,0,25,3.125
1764974481.2194607,0,0,25,3.125
1764974481.2234545,0,0,26,3.250
1764974481.227459,0,0,27,3.375
1764974481.2314591,0,0,26,3.250
1764974481.2354627,0,0,25,3.125
1764974481.239458,0,0,26,3.250
1764974481.2434552,0,0,26,3.250
1764974481.2474537,0,0,27,3.375
1764974481.2514584,0,0,26,3.250
1764974481.2554624,0,0,25,3.125
1764974481.259461,0,0,25,3.125
1764974481.2634547,0,0,26,3.250
1764974481.2674575,0,0,27,3.375
1764974481.2714534,0,0,27,3.375
1764974481.275462,0,0,25,3.125
1764974481.2794588,0,0,26,3.250
1764974481.2834532,0,0,26,3.250
1764974481.2874584,0,0,26,3.250
1764974481.2914598,0,0,26,3.250
1764974481.2954738,0,0,25,3.125
1764974481.2994592,0,0,26,3.250
1764974481.303452,0,0,26,3.250
1764974481.3074553,0,0,27,3.375
1764974481.3114529,0,0,27,3.375
1764974481.3154442,0,0,25,3.125
1764974481.3194528,0,0,25,3.125
1764974481.3234541,0,0,26,3.250
1764974481.327454,0,0,27,3.375
1764974481.3314545,0,0,27,3.375
1764974481.3354552,0,0,25,3.125
1764974481.3394573,0,0,26,3.250
1764974481.3434517,0,0,26,3.250
1764974481.3474553,0,0,27,3.375
1764974481.3514547,0,0,27,3.375
1764974481.3554556,0,0,25,3.125
1764974481.3595304,0,0,25,3.125
1764974481.363465,0,0,26,3.250
1764974481.367457,0,0,27,3.375
1764974481.3714478,0,0,27,3.375
1764974481.3754437,0,0,25,3.125
1764974481.379456,0,0,26,3.250
1764974481.383453,0,0,25,3.125
1764974481.387455,0,0,27,3.375
1764974481.3914418,0,0,27,3.375
1764974481.3954463,0,0,25,3.125
1764974481.3994913,0,0,26,3.250
1764974481.4034686,0,0,26,3.250
1764974481.407455,0,0,27,3.375
1764974481.4114568,0,0,27,3.375
1764974481.4154544,0,0,25,3.125
1764974481.419456,0,0,26,3.250
1764974481.4234495,0,0,26,3.250
1764974481.4274523,0,0,27,3.375
1764974481.431454,0,0,27,3.375
1764974481.4354575,0,0,25,3.125
1764974481.439451,0,0,26,3.250
1764974481.443441,0,0,26,3.250
1764974481.447441,0,0,26,3.250
1764974481.4514892,0,0,27,3.375
1764974481.4554584,0,0,25,3.125
1764974481.459451,0,0,26,3.250
1764974481.463441,0,0,26,3.250
1764974481.4674425,0,0,26,3.250
1764974481.4714537,0,0,27,3.375
1764974481.475454,0,0,25,3.125
1764974481.4794493,0,0,25,3.125
1764974481.4834454,0,0,26,3.250
1764974481.4874413,0,0,26,3.250
1764974481.4914594,0,0,27,3.375
1764974481.4954536,0,0,25,3.125
1764974481.4994955,0,0,25,3.125
1764974481.503452,0,0,26,3.250
1764974481.5074525,0,0,26,3.250
1764974481.5114517,0,0,27,3.375
1764974481.5154567,0,0,25,3.125
1764974481.5194576,0,0,25,3.125
1764974481.523451,0,0,26,3.250
1764974481.52745,0,0,26,3.250
1764974481.531455,0,0,27,3.375
1764974481.5354545,0,0,25,3.125
1764974481.5394516,0,0,26,3.250
1764974481.5434544,0,0,26,3.250
1764974481.5474558,0,0,27,3.375
1764974481.5514543,0,0,27,3.375
1764974481.5554512,0,0,25,3.125
1764974481.559525,0,0,26,3.250
1764974481.5634713,0,0,27,3.375
1764974481.5674422,0,0,27,3.375
1764974481.5714488,0,0,27,3.375
1764974481.5754397,0,0,25,3.125
1764974481.5794492,0,0,26,3.250
1764974481.5834553,0,0,26,3.250
1764974481.5874512,0,0,27,3.375
1764974481.5914397,0,0,27,3.375
1764974481.595439,0,0,25,3.125
1764974481.599462,0,0,25,3.125
1764974481.6034894,0,0,26,3.250
1764974481.6074514,0,0,26,3.250
1764974481.6114526,0,0,27,3.375
1764974481.615451,0,0,26,3.250
1764974481.6194508,0,0,26,3.250
1764974481.623449,0,0,26,3.250
1764974481.6274529,0,0,27,3.375
1764974481.6314478,0,0,28,3.500
1764974481.6354506,0,0,25,3.125
1764974481.6394463,0,0,26,3.250
1764974481.643439,0,0,26,3.250
1764974481.6474404,0,0,27,3.375
1764974481.6514566,0,0,27,3.375
1764974481.655452,0,0,26,3.250
1764974481.6594543,0,0,26,3.250
1764974481.6634512,0,0,26,3.250
1764974481.6674478,0,0,27,3.375
1764974481.671445,0,0,28,3.500
1764974481.6754508,0,0,26,3.250
1764974481.6794534,0,0,26,3.250
1764974481.6834512,0,0,26,3.250
1764974481.6874497,0,0,27,3.375
1764974481.691466,0,0,25,3.125
1764974481.6954587,0,0,26,3.250
1764974481.6994452,0,0,26,3.250
1764974481.7034729,0,0,27,3.375
1764974481.7074397,0,0,27,3.375
1764974481.7114594,0,0,26,3.250
1764974481.7154505,0,0,25,3.125
1764974481.7194476,0,0,25,3.125
1764974481.7234375,0,0,26,3.250
1764974481.7274358,0,0,27,3.375
1764974481.73146,0,0,25,3.125
1764974481.735456,0,0,25,3.125
1764974481.7394552,0,0,26,3.250
1764974481.743452,0,0,26,3.250
1764974481.7474504,0,0,27,3.375
1764974481.7514517,0,0,26,3.250
1764974481.755452,0,0,25,3.125
1764974481.7595267,0,0,26,3.250
1764974481.763461,0,0,27,3.375
1764974481.767451,0,0,27,3.375
1764974481.771441,0,0,25,3.125
1764974481.7754376,0,0,25,3.125
1764974481.7794473,0,0,26,3.250
1764974481.7834473,0,0,26,3.250
1764974481.7874506,0,0,27,3.375
1764974481.7917194,0,0,26,3.250
1764974481.7956834,0,0,25,3.125
1764974481.7994993,0,0,26,3.250
1764974481.803497,0,0,27,3.375
1764974481.8074508,0,0,27,3.375
1764974481.8114488,0,0,26,3.250
1764974481.815449,0,0,25,3.125
1764974481.8194513,0,0,26,3.250
1764974481.8234484,0,0,26,3.250
1764974481.8274481,0,0,27,3.375
1764974481.831449,0,0,26,3.250
1764974481.835448,0,0,25,3.125
1764974481.8394523,0,0,26,3.250
1764974481.8434482,0,0,26,3.250
1764974481.8474493,0,0,27,3.375
1764974481.8514588,0,0,27,3.375
1764974481.8554685,0,0,25,3.125
1764974481.8594623,0,0,26,3.250
1764974481.8634472,0,0,26,3.250
1764974481.8674448,0,0,27,3.375
1764974481.8714478,0,0,26,3.250
1764974481.8754468,0,0,25,3.125
1764974481.8794487,0,0,26,3.250
1764974481.8834457,0,0,26,3.250
1764974481.887448,0,0,27,3.375
1764974481.8914478,0,0,26,3.250
1764974481.8954444,0,0,26,3.250
1764974481.8994641,0,0,26,3.250
1764974481.903451,0,0,26,3.250
1764974481.9074898,0,0,27,3.375
1764974481.911453,0,0,26,3.250
1764974481.9154513,0,0,25,3.125
1764974481.919456,0,0,26,3.250
1764974481.9234486,0,0,26,3.250
1764974481.9274502,0,0,27,3.375
1764974481.93145,0,0,26,3.250
1764974481.93545,0,0,25,3.125
1764974481.9394512,0,0,26,3.250
1764974481.9434505,0,0,26,3.250
1764974481.9474447,0,0,27,3.375
1764974481.9514318,0,0,27,3.375
1764974481.9554343,0,0,25,3.125
1764974481.9644697,0,0,27,3.375
1764974481.9674687,0,0,27,3.375
1764974481.97144,0,0,27,3.375
1764974481.9754355,0,0,25,3.125
1764974481.9794734,0,0,26,3.250
1764974481.98345,0,0,26,3.250
1764974481.9874487,0,0,27,3.375
1764974481.9914296,0,0,26,3.250
1764974481.995436,0,0,25,3.125
1764974481.99946,0,0,26,3.250
1764974482.003447,0,0,26,3.250
1764974482.0074825,0,0,27,3.375
1764974482.0114439,0,0,27,3.375
1764974482.015448,0,0,26,3.250
1764974482.019451,0,0,26,3.250
1764974482.023443,0,0,26,3.250
1764974482.0274448,0,0,27,3.375
1764974482.0314436,0,0,27,3.375
1764974482.035445,0,0,26,3.250
1764974482.0394542,0,0,26,3.250
1764974482.043437,0,0,26,3.250
1764974482.0474298,0,0,27,3.375
1764974482.0514445,0,0,27,3.375
1764974482.0554445,0,0,25,3.125
1764974482.0594423,0,0,26,3.250
1764974482.0634296,0,0,26,3.250
1764974482.0674276,0,0,27,3.375
1764974482.071444,0,0,28,3.500
1764974482.075445,0,0,25,3.125
1764974482.0794482,0,0,26,3.250
1764974482.0834448,0,0,26,3.250
1764974482.0874414,0,0,27,3.375
1764974482.0914435,0,0,27,3.375
1764974482.0954452,0,0,25,3.125
1764974482.0994468,0,0,26,3.250
1764974482.1034412,0,0,26,3.250
1764974482.1074522,0,0,26,3.250
1764974482.1114438,0,0,27,3.375
1764974482.1154456,0,0,25,3.125
1764974482.1194477,0,0,26,3.250
1764974482.1234424,0,0,26,3.250
1764974482.1274385,0,0,27,3.375
1764974482.1314409,0,0,27,3.375
1764974482.135441,0,0,25,3.125
1764974482.1394417,0,0,26,3.250
1764974482.1434317,0,0,26,3.250
1764974482.1474304,0,0,26,3.250
1764974482.1514401,0,0,27,3.375
1764974482.1554422,0,0,25,3.125
1764974482.159447,0,0,26,3.250
1764974482.163516,0,0,26,3.250
1764974482.1674507,0,0,27,3.375
1764974482.1714325,0,0,27,3.375
1764974482.1754315,0,0,25,3.125
1764974482.1794412,0,0,26,3.250
1764974482.1834438,0,0,26,3.250
1764974482.1874382,0,0,27,3.375
1764974482.1914268,0,0,27,3.375
1764974482.19543,0,0,25,3.125
1764974482.1994364,0,0,26,3.250
1764974482.2034307,0,0,26,3.250
1764974482.2074301,0,0,26,3.250
1764974482.211578,0,0,27,3.375
1764974482.2154691,0,0,25,3.125
1764974482.2194545,0,0,25,3.125
1764974482.2234387,0,0,26,3.250
1764974482.2274613,0,0,27,3.375
1764974482.2314296,0,0,28,3.500
1764974482.2354283,0,0,25,3.125
1764974482.239439,0,0,25,3.125
1764974482.243443,0,0,25,3.125
1764974482.2474413,0,0,26,3.250
1764974482.2516494,0,0,27,3.375
1764974482.255465,0,0,25,3.125
1764974482.259459,0,0,26,3.250
1764974482.2634425,0,0,26,3.250
1764974482.2674398,0,0,27,3.375
1764974482.2714453,0,0,27,3.375
1764974482.2754452,0,0,25,3.125
1764974482.2794445,0,0,25,3.125
1764974482.28344,0,0,26,3.250
1764974482.2874367,0,0,26,3.250
1764974482.2914417,0,0,28,3.500
1764974482.2954402,0,0,25,3.125
1764974482.2994447,0,0,25,3.125
1764974482.3034427,0,0,25,3.125
1764974482.3074386,0,0,26,3.250
1764974482.311477,0,0,27,3.375
1764974482.3154404,0,0,25,3.125
1764974482.3194442,0,0,25,3.125
1764974482.3234413,0,0,26,3.250
1764974482.3274374,0,0,26,3.250
1764974482.3314307,0,0,27,3.375
1764974482.3354292,0,0,25,3.125
1764974482.3394356,0,0,26,3.250
1764974482.3434415,0,0,26,3.250
1764974482.3474371,0,0,26,3.250
1764974482.3514366,0,0,27,3.375
1764974482.3554406,0,0,25,3.125
1764974482.359444,0,0,26,3.250
1764974482.3635156,0,0,26,3.250
1764974482.3674703,0,0,26,3.250
1764974482.3714304,0,0,27,3.375
1764974482.3754277,0,0,25,3.125
1764974482.379436,0,0,25,3.125
1764974482.3834422,0,0,25,3.125
1764974482.3874407,0,0,26,3.250
1764974482.3914256,0,0,27,3.375
1764974482.3954282,0,0,26,3.250
1764974482.3994508,0,0,25,3.125
1764974482.4034421,0,0,26,3.250
1764974482.4074395,0,0,26,3.250
1764974482.411464,0,0,27,3.375
1764974482.4154265,0,0,25,3.125
1764974482.4194365,0,0,25,3.125
1764974482.4234383,0,0,26,3.250
1764974482.4274366,0,0,26,3.250
1764974482.4314399,0,0,27,3.375
1764974482.4354389,0,0,26,3.250
1764974482.4394424,0,0,25,3.125
1764974482.443444,0,0,26,3.250
1764974482.4474473,0,0,27,3.375
1764974482.4514272,0,0,26,3.250
1764974482.4554274,0,0,26,3.250
1764974482.4594357,0,0,25,3.125
1764974482.4634383,0,0,26,3.250
1764974482.4674354,0,0,27,3.375
1764974482.4714408,0,0,27,3.375
1764974482.4754355,0,0,26,3.250
1764974482.479453,0,0,26,3.250
1764974482.483437,0,0,26,3.250
1764974482.487436,0,0,26,3.250
1764974482.4914365,0,0,27,3.375
1764974482.4954405,0,0,26,3.250
1764974482.4994433,0,0,25,3.125
1764974482.5034366,0,0,26,3.250
1764974482.507433,0,0,27,3.375
1764974482.5114515,0,0,27,3.375
1764974482.5154564,0,0,26,3.250
1764974482.5194545,0,0,25,3.125
1764974482.523437,0,0,26,3.250
1764974482.5274358,0,0,26,3.250
1764974482.5314364,0,0,27,3.375
1764974482.5354388,0,0,26,3.250
1764974482.5394409,0,0,25,3.125
1764974482.543439,0,0,26,3.250
1764974482.5474343,0,0,26,3.250
1764974482.5514355,0,0,27,3.375
1764974482.5554397,0,0,26,3.250
1764974482.559443,0,0,25,3.125
1764974482.5635102,0,0,26,3.250
1764974482.5674489,0,0,26,3.250
1764974482.5714264,0,0,27,3.375
1764974482.5754275,0,0,26,3.250
1764974482.5794356,0,0,25,3.125
1764974482.5834386,0,0,26,3.250
1764974482.587434,0,0,26,3.250
1764974482.5914247,0,0,26,3.250
1764974482.5954275,0,0,26,3.250
1764974482.5994272,0,0,25,3.125
1764974482.603426,0,0,26,3.250
1764974482.6074228,0,0,26,3.250
1764974482.6114416,0,0,27,3.375
1764974482.6154733,0,0,26,3.250
1764974482.6194425,0,0,25,3.125
1764974482.623444,0,0,25,3.125
1764974482.6274319,0,0,26,3.250
1764974482.6314318,0,0,26,3.250
1764974482.6354377,0,0,27,3.375
1764974482.6394348,0,0,25,3.125
1764974482.6434243,0,0,26,3.250
1764974482.6474237,0,0,26,3.250
1764974482.651439,0,0,27,3.375
1764974482.655441,0,0,27,3.375
1764974482.6594396,0,0,25,3.125
1764974482.6634314,0,0,26,3.250
1764974482.66743,0,0,26,3.250
1764974482.6714325,0,0,27,3.375
1764974482.6754363,0,0,27,3.375
1764974482.6794386,0,0,25,3.125
1764974482.6834342,0,0,26,3.250
1764974482.6874335,0,0,26,3.250
1764974482.691433,0,0,27,3.375
1764974482.695434,0,0,27,3.375
1764974482.6994371,0,0,25,3.125
1764974482.7034342,0,0,26,3.250
1764974482.7074323,0,0,26,3.250
1764974482.7114334,0,0,27,3.375
1764974482.7154577,0,0,27,3.375
1764974482.7194428,0,0,25,3.125
1764974482.7234333,0,0,26,3.250
1764974482.7274277,0,0,26,3.250
1764974482.7314348,0,0,27,3.375
1764974482.7354398,0,0,27,3.375
1764974482.7394412,0,0,25,3.125
1764974482.743435,0,0,26,3.250
1764974482.7474327,0,0,26,3.250
1764974482.7514334,0,0,26,3.250
1764974482.7554379,0,0,27,3.375
1764974482.7594438,0,0,25,3.125
1764974482.763496,0,0,25,3.125
1764974482.7674372,0,0,26,3.250
1764974482.7714317,0,0,27,3.375
1764974482.7754295,0,0,27,3.375
1764974482.779433,0,0,25,3.125
1764974482.7834482,0,0,25,3.125
1764974482.7874336,0,0,26,3.250
1764974482.7917063,0,0,27,3.375
1764974482.7956655,0,0,27,3.375
1764974482.7994862,0,0,25,3.125
1764974482.8034372,0,0,26,3.250
1764974482.8074439,0,0,26,3.250
1764974482.8114421,0,0,27,3.375
1764974482.8154354,0,0,27,3.375
1764974482.819485,0,0,25,3.125
1764974482.8234317,0,0,26,3.250
1764974482.8274317,0,0,26,3.250
1764974482.8315237,0,0,27,3.375
1764974482.8354406,0,0,27,3.375
1764974482.8394406,0,0,25,3.125
1764974482.843436,0,0,26,3.250
1764974482.8474321,0,0,26,3.250
1764974482.851433,0,0,26,3.250
1764974482.8554363,0,0,28,3.500
1764974482.8594353,0,0,25,3.125
1764974482.8634224,0,0,26,3.250
1764974482.8674192,0,0,26,3.250
1764974482.8714488,0,0,26,3.250
1764974482.8754442,0,0,27,3.375
1764974482.8794348,0,0,25,3.125
1764974482.8834212,0,0,25,3.125
1764974482.8874178,0,0,26,3.250
1764974482.8914373,0,0,27,3.375
1764974482.8954399,0,0,28,3.500
1764974482.899435,0,0,25,3.125
1764974482.9034228,0,0,25,3.125
1764974482.90742,0,0,26,3.250
1764974482.911436,0,0,26,3.250
1764974482.9154356,0,0,27,3.375
1764974482.9194756,0,0,25,3.125
1764974482.9234338,0,0,25,3.125
1764974482.9274292,0,0,26,3.250
1764974482.9314353,0,0,26,3.250
1764974482.935436,0,0,28,3.500
1764974482.9394386,0,0,25,3.125
1764974482.9434319,0,0,26,3.250
1764974482.947426,0,0,26,3.250
1764974482.9514303,0,0,27,3.375
1764974482.9554367,0,0,27,3.375
1764974482.9594378,0,0,25,3.125
1764974482.9684293,0,0,26,3.250
1764974482.971443,0,0,26,3.250
1764974482.9754257,0,0,27,3.375
1764974482.979422,0,0,25,3.125
1764974482.983421,0,0,26,3.250
1764974482.9874184,0,0,26,3.250
1764974482.9914322,0,0,27,3.375
1764974482.9954343,0,0,27,3.375
1764974482.999434,0,0,25,3.125
1764974483.0034199,0,0,25,3.125
1764974483.007416,0,0,26,3.250
1764974483.0114415,0,0,26,3.250
1764974483.015435,0,0,27,3.375
1764974483.0194676,0,0,25,3.125
1764974483.0234308,0,0,25,3.125
1764974483.0274286,0,0,26,3.250
1764974483.0314295,0,0,26,3.250
1764974483.035434,0,0,28,3.500
1764974483.0394337,0,0,26,3.250
1764974483.0434299,0,0,25,3.125
1764974483.0474257,0,0,26,3.250
1764974483.0514286,0,0,27,3.375
1764974483.0554328,0,0,27,3.375
1764974483.0594344,0,0,25,3.125
1764974483.0634282,0,0,25,3.125
1764974483.0674255,0,0,26,3.250
1764974483.0714235,0,0,26,3.250
1764974483.0754316,0,0,27,3.375
1764974483.0794325,0,0,26,3.250
1764974483.0834258,0,0,25,3.125
1764974483.0874245,0,0,26,3.250
1764974483.0914283,0,0,26,3.250
1764974483.095431,0,0,27,3.375
1764974483.0994327,0,0,26,3.250
1764974483.1034274,0,0,25,3.125
1764974483.1074245,0,0,25,3.125
1764974483.1114278,0,0,27,3.375
1764974483.1154284,0,0,27,3.375
1764974483.1194303,0,0,26,3.250
1764974483.123442,0,0,25,3.125
1764974483.1274254,0,0,26,3.250
1764974483.1314127,0,0,26,3.250
1764974483.1354175,0,0,27,3.375
1764974483.1394188,0,0,26,3.250
1764974483.1434171,0,0,26,3.250
1764974483.1474104,0,0,25,3.125
1764974483.1514103,0,0,26,3.250
1764974483.155418,0,0,27,3.375
1764974483.1594577,0,0,26,3.250
1764974483.163431,0,0,25,3.125
1764974483.1674705,0,0,26,3.250
1764974483.1714268,0,0,26,3.250
1764974483.1754193,0,0,27,3.375
1764974483.179428,0,0,26,3.250
1764974483.1834297,0,0,25,3.125
1764974483.187426,0,0,26,3.250
1764974483.1914122,0,0,26,3.250
1764974483.1954124,0,0,27,3.375
1764974483.1994371,0,0,26,3.250
1764974483.2034307,0,0,25,3.125
1764974483.207429,0,0,26,3.250
1764974483.211431,0,0,27,3.375
1764974483.2154346,0,0,27,3.375
1764974483.219433,0,0,26,3.250
1764974483.2234657,0,0,25,3.125
1764974483.2274241,0,0,25,3.125
1764974483.231427,0,0,27,3.375
1764974483.2354276,0,0,27,3.375
1764974483.239435,0,0,26,3.250
1764974483.2434294,0,0,25,3.125
1764974483.247428,0,0,26,3.250
1764974483.2514284,0,0,27,3.375
1764974483.2554283,0,0,27,3.375
1764974483.259431,0,0,26,3.250
1764974483.2634275,0,0,25,3.125
1764974483.267425,0,0,26,3.250
1764974483.2714255,0,0,27,3.375
1764974483.2754283,0,0,26,3.250
1764974483.2794309,0,0,25,3.125
1764974483.2834282,0,0,26,3.250
1764974483.287424,0,0,27,3.375
1764974483.2914248,0,0,27,3.375
1764974483.295426,0,0,27,3.375
1764974483.2994328,0,0,25,3.125
1764974483.3034265,0,0,26,3.250
1764974483.3074226,0,0,26,3.250
1764974483.3114247,0,0,27,3.375
1764974483.3154273,0,0,26,3.250
1764974483.3194327,0,0,25,3.125
1764974483.323437,0,0,26,3.250
1764974483.3274224,0,0,27,3.375
1764974483.3314254,0,0,27,3.375
1764974483.3354263,0,0,27,3.375
1764974483.3394315,0,0,25,3.125
1764974483.3434253,0,0,26,3.250
1764974483.3474243,0,0,27,3.375
1764974483.3514245,0,0,27,3.375
1764974483.3554122,0,0,27,3.375
1764974483.3594208,0,0,25,3.125
1764974483.3634253,0,0,26,3.250
1764974483.3674781,0,0,26,3.250
1764974483.3714337,0,0,27,3.375
1764974483.3754296,0,0,27,3.375
1764974483.379435,0,0,25,3.125
1764974483.3834276,0,0,26,3.250
1764974483.3874254,0,0,26,3.250
1764974483.391409,0,0,27,3.375
1764974483.395412,0,0,27,3.375
1764974483.3994365,0,0,25,3.125
1764974483.4034464,0,0,26,3.250
1764974483.4074256,0,0,26,3.250
1764974483.4114156,0,0,26,3.250
1764974483.4154143,0,0,27,3.375
1764974483.4194252,0,0,25,3.125
1764974483.423427,0,0,26,3.250
1764974483.4274764,0,0,26,3.250
1764974483.431406,0,0,26,3.250
1764974483.4354084,0,0,27,3.375
1764974483.4394243,0,0,25,3.125
1764974483.4434278,0,0,26,3.250
1764974483.4474235,0,0,26,3.250
1764974483.4514232,0,0,26,3.250
1764974483.4554253,0,0,27,3.375
1764974483.4594388,0,0,25,3.125
1764974483.4634302,0,0,25,3.125
1764974483.4674256,0,0,26,3.250
1764974483.4714086,0,0,27,3.375
1764974483.475425,0,0,27,3.375
1764974483.479427,0,0,25,3.125
1764974483.4834266,0,0,26,3.250
1764974483.4874246,0,0,26,3.250
1764974483.4914258,0,0,26,3.250
1764974483.4954267,0,0,27,3.375
1764974483.4994297,0,0,25,3.125
1764974483.503422,0,0,26,3.250
1764974483.507423,0,0,26,3.250
1764974483.5114205,0,0,27,3.375
1764974483.5154243,0,0,27,3.375
1764974483.5194278,0,0,25,3.125
1764974483.5234246,0,0,26,3.250
1764974483.5274587,0,0,25,3.125
1764974483.5314224,0,0,26,3.250
1764974483.5354235,0,0,27,3.375
1764974483.5394223,0,0,25,3.125
1764974483.543422,0,0,25,3.125
1764974483.547424,0,0,26,3.250
1764974483.5514219,0,0,26,3.250
1764974483.5554252,0,0,27,3.375
1764974483.5594294,0,0,25,3.125
1764974483.563426,0,0,26,3.250
1764974483.5674953,0,0,26,3.250
1764974483.5714319,0,0,27,3.375
1764974483.5754108,0,0,27,3.375
1764974483.5794344,0,0,25,3.125
1764974483.583425,0,0,26,3.250
1764974483.5874238,0,0,26,3.250
1764974483.5914097,0,0,27,3.375
1764974483.5954223,0,0,27,3.375
1764974483.599433,0,0,25,3.125
1764974483.6034243,0,0,25,3.125
1764974483.6074207,0,0,26,3.250
1764974483.6114237,0,0,26,3.250
1764974483.6154234,0,0,27,3.375
1764974483.6194263,0,0,25,3.125
1764974483.6234207,0,0,25,3.125
1764974483.627459,0,0,25,3.125
1764974483.6314247,0,0,27,3.375
1764974483.635423,0,0,27,3.375
1764974483.6394207,0,0,25,3.125
1764974483.6434102,0,0,26,3.250
1764974483.6474104,0,0,26,3.250
1764974483.6514256,0,0,26,3.250
1764974483.6554208,0,0,27,3.375
1764974483.6594272,0,0,25,3.125
1764974483.6634219,0,0,26,3.250
1764974483.6674213,0,0,26,3.250
1764974483.6714168,0,0,27,3.375
1764974483.6754212,0,0,28,3.500
1764974483.6794238,0,0,25,3.125
1764974483.6834157,0,0,25,3.125
1764974483.6874185,0,0,26,3.250
1764974483.6914186,0,0,26,3.250
1764974483.6954195,0,0,27,3.375
1764974483.699425,0,0,25,3.125
1764974483.7034206,0,0,25,3.125
1764974483.7074208,0,0,26,3.250
1764974483.7114184,0,0,26,3.250
1764974483.7154245,0,0,27,3.375
1764974483.7194245,0,0,25,3.125
1764974483.7234218,0,0,25,3.125
1764974483.727419,0,0,26,3.250
1764974483.7314255,0,0,27,3.375
1764974483.7354233,0,0,27,3.375
1764974483.7394269,0,0,25,3.125
1764974483.743421,0,0,25,3.125
1764974483.747422,0,0,26,3.250
1764974483.7514184,0,0,26,3.250
1764974483.7554173,0,0,27,3.375
1764974483.7594266,0,0,26,3.250
1764974483.7634218,0,0,25,3.125
1764974483.7674956,0,0,26,3.250
1764974483.7714229,0,0,26,3.250
1764974483.77541,0,0,27,3.375
1764974483.7794209,0,0,26,3.250
1764974483.7834225,0,0,25,3.125
1764974483.7874172,0,0,26,3.250
1764974483.791693,0,0,26,3.250
1764974483.7956462,0,0,27,3.375
1764974483.799459,0,0,26,3.250
1764974483.803415,0,0,25,3.125
1764974483.807413,0,0,25,3.125
1764974483.811434,0,0,26,3.250
1764974483.8154216,0,0,27,3.375
1764974483.819424,0,0,25,3.125
1764974483.8234193,0,0,26,3.250
1764974483.8274198,0,0,26,3.250
1764974483.8314602,0,0,26,3.250
1764974483.8354213,0,0,27,3.375
1764974483.8394282,0,0,26,3.250
1764974483.8434222,0,0,25,3.125
1764974483.8474214,0,0,26,3.250
1764974483.8514104,0,0,27,3.375
1764974483.8554049,0,0,26,3.250
1764974483.8594558,0,0,27,3.375
1764974483.863422,0,0,25,3.125
1764974483.8674216,0,0,26,3.250
1764974483.8714037,0,0,27,3.375
1764974483.875408,0,0,27,3.375
1764974483.8794184,0,0,26,3.250
1764974483.8834212,0,0,26,3.250
1764974483.887418,0,0,26,3.250
1764974483.891408,0,0,26,3.250
1764974483.895404,0,0,26,3.250
1764974483.8994203,0,0,26,3.250
1764974483.9034317,0,0,25,3.125
1764974483.9074187,0,0,26,3.250
1764974483.9114184,0,0,26,3.250
1764974483.9154184,0,0,27,3.375
1764974483.9194212,0,0,26,3.250
1764974483.9234202,0,0,25,3.125
1764974483.9274175,0,0,25,3.125
1764974483.9314551,0,0,26,3.250
1764974483.9354196,0,0,27,3.375
1764974483.9394205,0,0,27,3.375
1764974483.943417,0,0,25,3.125
1764974483.9474168,0,0,26,3.250
1764974483.9514177,0,0,26,3.250
1764974483.955418,0,0,27,3.375
1764974483.9594195,0,0,26,3.250
1764974483.9634144,0,0,25,3.125
1764974483.9724598,0,0,27,3.375
1764974483.975433,0,0,26,3.250
1764974483.9794264,0,0,26,3.250
1764974483.9834194,0,0,25,3.125
1764974483.9874196,0,0,25,3.125
1764974483.9914005,0,0,26,3.250
1764974483.995402,0,0,27,3.375
1764974483.999416,0,0,27,3.375
1764974484.003418,0,0,25,3.125
1764974484.0074143,0,0,25,3.125
1764974484.0114172,0,0,26,3.250
1764974484.0154166,0,0,27,3.375
1764974484.0194178,0,0,27,3.375
1764974484.0234144,0,0,25,3.125
1764974484.0274148,0,0,26,3.250
1764974484.0314543,0,0,26,3.250
1764974484.035414,0,0,27,3.375
1764974484.0394127,0,0,27,3.375
1764974484.043414,0,0,25,3.125
1764974484.0474133,0,0,26,3.250
1764974484.0514176,0,0,26,3.250
1764974484.0554147,0,0,27,3.375
1764974484.0594225,0,0,27,3.375
1764974484.0634356,0,0,25,3.125
1764974484.0674222,0,0,26,3.250
1764974484.0714006,0,0,26,3.250
1764974484.0753994,0,0,26,3.250
1764974484.0794225,0,0,27,3.375
1764974484.083415,0,0,25,3.125
1764974484.0874126,0,0,26,3.250
1764974484.091403,0,0,26,3.250
1764974484.0954013,0,0,27,3.375
1764974484.0994146,0,0,27,3.375
1764974484.1034153,0,0,25,3.125
1764974484.1074152,0,0,25,3.125
1764974484.111414,0,0,25,3.125
1764974484.115413,0,0,27,3.375
1764974484.1194162,0,0,27,3.375
1764974484.1234176,0,0,25,3.125
1764974484.127423,0,0,26,3.250
1764974484.1314054,0,0,26,3.250
1764974484.1354353,0,0,27,3.375
1764974484.1394136,0,0,27,3.375
1764974484.1434147,0,0,25,3.125
1764974484.1474147,0,0,26,3.250
1764974484.1514096,0,0,26,3.250
1764974484.1554005,0,0,27,3.375
1764974484.1594229,0,0,27,3.375
1764974484.1634138,0,0,26,3.250
1764974484.1674106,0,0,26,3.250
1764974484.1714935,0,0,26,3.250
1764974484.1754282,0,0,26,3.250
1764974484.1794157,0,0,27,3.375
1764974484.1834016,0,0,25,3.125
1764974484.1873999,0,0,25,3.125
1764974484.191416,0,0,26,3.250
1764974484.1954143,0,0,26,3.250
1764974484.1994114,0,0,27,3.375
1764974484.2034023,0,0,25,3.125
1764974484.2074027,0,0,25,3.125
1764974484.2114182,0,0,26,3.250
1764974484.2154272,0,0,26,3.250
1764974484.2194192,0,0,27,3.375
1764974484.2234137,0,0,25,3.125
1764974484.2274146,0,0,25,3.125
1764974484.2314143,0,0,26,3.250
1764974484.2354562,0,0,26,3.250
1764974484.239415,0,0,27,3.375
1764974484.243424,0,0,25,3.125
1764974484.2474167,0,0,26,3.250
1764974484.2514048,0,0,26,3.250
1764974484.2554004,0,0,26,3.250
1764974484.259411,0,0,27,3.375
1764974484.2634113,0,0,26,3.250
1764974484.267412,0,0,26,3.250
1764974484.2714007,0,0,26,3.250
1764974484.2753992,0,0,26,3.250
1764974484.2794142,0,0,27,3.375
1764974484.28341,0,0,25,3.125
1764974484.2874124,0,0,26,3.250
1764974484.2914145,0,0,26,3.250
1764974484.295412,0,0,27,3.375
1764974484.29941,0,0,27,3.375
1764974484.303408,0,0,25,3.125
1764974484.30741,0,0,25,3.125
1764974484.3114107,0,0,26,3.250
1764974484.31541,0,0,26,3.250
1764974484.3194113,0,0,27,3.375
1764974484.3234093,0,0,25,3.125
1764974484.3274097,0,0,25,3.125
1764974484.331414,0,0,26,3.250
1764974484.3354208,0,0,26,3.250
1764974484.3394156,0,0,27,3.375
1764974484.3434088,0,0,25,3.125
1764974484.3474104,0,0,26,3.250
1764974484.3514078,0,0,26,3.250
1764974484.355412,0,0,26,3.250
1764974484.3594127,0,0,28,3.500
1764974484.3634079,0,0,25,3.125
1764974484.3674076,0,0,25,3.125
1764974484.371486,0,0,26,3.250
1764974484.3754132,0,0,26,3.250
1764974484.3794003,0,0,27,3.375
1764974484.3833935,0,0,26,3.250
1764974484.3873985,0,0,26,3.250
1764974484.3914135,0,0,26,3.250
1764974484.3954108,0,0,26,3.250
1764974484.3994107,0,0,28,3.500
1764974484.403405,0,0,25,3.125
1764974484.4074097,0,0,25,3.125
1764974484.411416,0,0,25,3.125
1764974484.415414,0,0,26,3.250
1764974484.4194145,0,0,27,3.375
1764974484.4234076,0,0,26,3.250
1764974484.427404,0,0,25,3.125
1764974484.4314122,0,0,26,3.250
1764974484.4354126,0,0,26,3.250
1764974484.4394498,0,0,28,3.500
1764974484.443406,0,0,25,3.125
1764974484.4474099,0,0,25,3.125
1764974484.451414,0,0,26,3.250
1764974484.4554133,0,0,26,3.250
1764974484.459413,0,0,27,3.375
1764974484.4634085,0,0,26,3.250
1764974484.467411,0,0,25,3.125
1764974484.4714072,0,0,26,3.250
1764974484.4754136,0,0,26,3.250
1764974484.4794126,0,0,27,3.375
1764974484.483406,0,0,26,3.250
1764974484.487409,0,0,25,3.125
1764974484.491415,0,0,26,3.250
1764974484.495413,0,0,27,3.375
1764974484.4994078,0,0,27,3.375
1764974484.5033927,0,0,26,3.250
1764974484.5073955,0,0,26,3.250
1764974484.5114088,0,0,26,3.250
1764974484.5154123,0,0,26,3.250
1764974484.5194118,0,0,27,3.375
1764974484.5234048,0,0,26,3.250
1764974484.5274096,0,0,25,3.125
1764974484.5314124,0,0,26,3.250
1764974484.535413,0,0,27,3.375
1764974484.539444,0,0,26,3.250
1764974484.543407,0,0,25,3.125
1764974484.5474086,0,0,26,3.250
1764974484.551408,0,0,26,3.250
1764974484.5554109,0,0,27,3.375
1764974484.559413,0,0,26,3.250
1764974484.563404,0,0,25,3.125
1764974484.5674062,0,0,26,3.250
1764974484.5714912,0,0,26,3.250
1764974484.575428,0,0,27,3.375
1764974484.5794086,0,0,25,3.125
1764974484.5833945,0,0,25,3.125
1764974484.5873938,0,0,26,3.250
1764974484.5914106,0,0,26,3.250
1764974484.5954118,0,0,27,3.375
1764974484.5994065,0,0,26,3.250
1764974484.6033947,0,0,24,3.000
1764974484.6073937,0,0,26,3.250
1764974484.6114125,0,0,26,3.250
1764974484.615414,0,0,27,3.375
1764974484.619411,0,0,26,3.250
1764974484.623403,0,0,25,3.125
1764974484.6274023,0,0,26,3.250
1764974484.6314087,0,0,26,3.250
1764974484.6354084,0,0,27,3.375
1764974484.6394389,0,0,27,3.375
1764974484.6433911,0,0,25,3.125
1764974484.6473944,0,0,26,3.250
1764974484.6513941,0,0,26,3.250
1764974484.6553957,0,0,27,3.375
1764974484.659424,0,0,27,3.375
1764974484.6634088,0,0,25,3.125
1764974484.6674042,0,0,26,3.250
1764974484.6713917,0,0,26,3.250
1764974484.6753945,0,0,27,3.375
1764974484.679399,0,0,27,3.375
1764974484.6833913,0,0,26,3.250
1764974484.6873925,0,0,26,3.250
1764974484.6913953,0,0,26,3.250
1764974484.695397,0,0,27,3.375
1764974484.6994061,0,0,26,3.250
1764974484.7034063,0,0,25,3.125
1764974484.7074013,0,0,25,3.125
1764974484.711407,0,0,26,3.250
1764974484.7154095,0,0,26,3.250
1764974484.7194157,0,0,27,3.375
1764974484.7234025,0,0,25,3.125
1764974484.7274022,0,0,26,3.250
1764974484.7314103,0,0,26,3.250
1764974484.7354107,0,0,27,3.375
1764974484.73941,0,0,27,3.375
1764974484.7434404,0,0,25,3.125
1764974484.7474003,0,0,26,3.250
1764974484.7514148,0,0,26,3.250
1764974484.7554123,0,0,27,3.375
1764974484.75941,0,0,27,3.375
1764974484.7633927,0,0,25,3.125
1764974484.7673967,0,0,25,3.125
1764974484.7714932,0,0,26,3.250
1764974484.7754238,0,0,26,3.250
1764974484.7794135,0,0,27,3.375
1764974484.7834048,0,0,25,3.125
1764974484.7874007,0,0,26,3.250
1764974484.791686,0,0,26,3.250
1764974484.7956328,0,0,27,3.375
1764974484.7994657,0,0,27,3.375
1764974484.8034024,0,0,25,3.125
1764974484.807403,0,0,25,3.125
1764974484.8114083,0,0,26,3.250
1764974484.815406,0,0,26,3.250
1764974484.8194084,0,0,27,3.375
1764974484.8234136,0,0,25,3.125
1764974484.8273997,0,0,26,3.250
1764974484.8314095,0,0,26,3.250
1764974484.83541,0,0,26,3.250
1764974484.8394063,0,0,27,3.375
1764974484.843437,0,0,25,3.125
1764974484.8473935,0,0,25,3.125
1764974484.8514159,0,0,26,3.250
1764974484.8554265,0,0,26,3.250
1764974484.859411,0,0,27,3.375
1764974484.8634002,0,0,25,3.125
1764974484.8673966,0,0,26,3.250
1764974484.8713996,0,0,26,3.250
1764974484.8754077,0,0,27,3.375
1764974484.8794076,0,0,27,3.375
1764974484.8834012,0,0,25,3.125
1764974484.8873994,0,0,25,3.125
1764974484.8914108,0,0,26,3.250
1764974484.8954065,0,0,27,3.375
1764974484.899405,0,0,27,3.375
1764974484.9034028,0,0,25,3.125
1764974484.9074016,0,0,25,3.125
1764974484.9114025,0,0,26,3.250
1764974484.9154074,0,0,26,3.250
1764974484.9194088,0,0,27,3.375
1764974484.9234023,0,0,25,3.125
1764974484.9274037,0,0,26,3.250
1764974484.931409,0,0,26,3.250
1764974484.9354105,0,0,26,3.250
1764974484.939406,0,0,27,3.375
1764974484.9434216,0,0,26,3.250
1764974484.9473908,0,0,26,3.250
1764974484.9514384,0,0,26,3.250
1764974484.9554114,0,0,26,3.250
1764974484.9594042,0,0,27,3.375
1764974484.9633937,0,0,25,3.125
1764974484.9673924,0,0,25,3.125
1764974484.9763923,0,0,27,3.375
1764974484.9794269,0,0,27,3.375
1764974484.9833968,0,0,25,3.125
1764974484.9873908,0,0,25,3.125
1764974484.991414,0,0,26,3.250
1764974484.9954104,0,0,26,3.250
1764974484.9994128,0,0,27,3.375
1764974485.0034087,0,0,25,3.125
1764974485.0074084,0,0,25,3.125
1764974485.0114043,0,0,25,3.125
1764974485.0153902,0,0,26,3.250
1764974485.019402,0,0,27,3.375
1764974485.0234094,0,0,25,3.125
1764974485.0274036,0,0,25,3.125
1764974485.0314033,0,0,26,3.250
1764974485.0354064,0,0,27,3.375
1764974485.0394106,0,0,27,3.375
1764974485.0434065,0,0,25,3.125
1764974485.0474436,0,0,26,3.250
1764974485.051407,0,0,25,3.125
1764974485.0554075,0,0,26,3.250
1764974485.0594082,0,0,27,3.375
1764974485.0634048,0,0,25,3.125
1764974485.0674016,0,0,25,3.125
1764974485.0714047,0,0,25,3.125
1764974485.0754037,0,0,27,3.375
1764974485.079399,0,0,27,3.375
1764974485.0833893,0,0,25,3.125
1764974485.0873837,0,0,26,3.250
1764974485.0914075,0,0,26,3.250
1764974485.0954106,0,0,26,3.250
1764974485.099412,0,0,27,3.375
1764974485.1034079,0,0,25,3.125
1764974485.1074026,0,0,25,3.125
1764974485.1114037,0,0,26,3.250
1764974485.1154025,0,0,26,3.250
1764974485.1194112,0,0,27,3.375
1764974485.1234052,0,0,26,3.250
1764974485.1274097,0,0,25,3.125
1764974485.1314025,0,0,25,3.125
1764974485.1354053,0,0,26,3.250
1764974485.1394036,0,0,27,3.375
1764974485.1433902,0,0,26,3.250
1764974485.1473863,0,0,25,3.125
1764974485.1514053,0,0,26,3.250
1764974485.1554012,0,0,26,3.250
1764974485.1594112,0,0,27,3.375
1764974485.163403,0,0,26,3.250
1764974485.1674109,0,0,25,3.125
1764974485.171409,0,0,26,3.250
1764974485.1754477,0,0,26,3.250
1764974485.1794188,0,0,28,3.500
1764974485.18342,0,0,26,3.250
1764974485.187408,0,0,25,3.125
1764974485.1914074,0,0,25,3.125
1764974485.1953998,0,0,27,3.375
1764974485.1994214,0,0,27,3.375
1764974485.2034044,0,0,26,3.250
1764974485.2074049,0,0,25,3.125
1764974485.2114015,0,0,26,3.250
1764974485.2154033,0,0,26,3.250
1764974485.219408,0,0,27,3.375
1764974485.2234068,0,0,26,3.250
1764974485.2274053,0,0,25,3.125
1764974485.2314043,0,0,26,3.250
1764974485.2354028,0,0,26,3.250
1764974485.239412,0,0,27,3.375
1764974485.2434042,0,0,26,3.250
1764974485.24744,0,0,25,3.125
1764974485.2514064,0,0,26,3.250
1764974485.2554026,0,0,26,3.250
1764974485.259406,0,0,27,3.375
1764974485.2634044,0,0,26,3.250
1764974485.2674043,0,0,25,3.125
1764974485.2714045,0,0,26,3.250
1764974485.2754006,0,0,26,3.250
1764974485.2794082,0,0,27,3.375
1764974485.2834036,0,0,26,3.250
1764974485.287405,0,0,25,3.125
1764974485.2914035,0,0,25,3.125
1764974485.2954004,0,0,26,3.250
1764974485.2994087,0,0,27,3.375
1764974485.3034048,0,0,26,3.250
1764974485.3074028,0,0,25,3.125
1764974485.311402,0,0,26,3.250
1764974485.315404,0,0,26,3.250
1764974485.319406,0,0,26,3.250
1764974485.3234038,0,0,26,3.250
1764974485.3274033,0,0,25,3.125
1764974485.3314033,0,0,26,3.250
1764974485.335399,0,0,26,3.250
1764974485.3394055,0,0,27,3.375
1764974485.3434029,0,0,27,3.375
1764974485.347403,0,0,25,3.125
1764974485.3514013,0,0,26,3.250
1764974485.355401,0,0,26,3.250
1764974485.3594048,0,0,27,3.375
1764974485.3634017,0,0,26,3.250
1764974485.3674011,0,0,25,3.125
1764974485.3714032,0,0,26,3.250
1764974485.3754392,0,0,26,3.250
1764974485.3794096,0,0,26,3.250
1764974485.3834019,0,0,27,3.375
1764974485.387404,0,0,25,3.125
1764974485.3914027,0,0,25,3.125
1764974485.395384,0,0,26,3.250
1764974485.3993995,0,0,27,3.375
1764974485.4034061,0,0,27,3.375
1764974485.4074037,0,0,25,3.125
1764974485.4114053,0,0,25,3.125
1764974485.415399,0,0,26,3.250
1764974485.419404,0,0,27,3.375
1764974485.4234009,0,0,27,3.375
1764974485.4273999,0,0,25,3.125
1764974485.4314013,0,0,26,3.250
1764974485.4354014,0,0,26,3.250
1764974485.4394019,0,0,27,3.375
1764974485.4434028,0,0,26,3.250
1764974485.447402,0,0,25,3.125
1764974485.451443,0,0,26,3.250
1764974485.4553974,0,0,26,3.250
1764974485.4594033,0,0,26,3.250
1764974485.4634001,0,0,27,3.375
1764974485.4673998,0,0,26,3.250
1764974485.4714015,0,0,26,3.250
1764974485.475399,0,0,26,3.250
1764974485.4794028,0,0,26,3.250
1764974485.4834018,0,0,27,3.375
1764974485.487401,0,0,25,3.125
1764974485.491404,0,0,25,3.125
1764974485.4953997,0,0,26,3.250
1764974485.4994025,0,0,27,3.375
1764974485.5034008,0,0,27,3.375
1764974485.5073986,0,0,24,3.000
1764974485.5113993,0,0,26,3.250
1764974485.515397,0,0,26,3.250
1764974485.5194001,0,0,27,3.375
1764974485.523404,0,0,27,3.375
1764974485.5273995,0,0,25,3.125
1764974485.531429,0,0,25,3.125
1764974485.5354025,0,0,26,3.250
1764974485.539398,0,0,26,3.250
1764974485.5433815,0,0,27,3.375
1764974485.547381,0,0,25,3.125
1764974485.5514169,0,0,26,3.250
1764974485.5553992,0,0,26,3.250
1764974485.5593932,0,0,26,3.250
1764974485.563381,0,0,27,3.375
1764974485.5673819,0,0,26,3.250
1764974485.5714023,0,0,26,3.250
1764974485.5754712,0,0,26,3.250
1764974485.5794098,0,0,26,3.250
1764974485.583408,0,0,26,3.250
1764974485.5874045,0,0,26,3.250
1764974485.591393,0,0,25,3.125
1764974485.5953825,0,0,26,3.250
1764974485.5993946,0,0,27,3.375
1764974485.603395,0,0,28,3.500
1764974485.6073966,0,0,25,3.125
1764974485.6113951,0,0,26,3.250
1764974485.6153822,0,0,26,3.250
1764974485.619409,0,0,26,3.250
1764974485.623397,0,0,27,3.375
1764974485.627401,0,0,25,3.125
1764974485.631401,0,0,26,3.250
1764974485.635401,0,0,26,3.250
1764974485.639392,0,0,26,3.250
1764974485.6433787,0,0,27,3.375
1764974485.6473813,0,0,25,3.125
1764974485.65144,0,0,25,3.125
1764974485.6554024,0,0,26,3.250
1764974485.6594014,0,0,26,3.250
1764974485.6633976,0,0,26,3.250
1764974485.6674023,0,0,25,3.125
1764974485.6714013,0,0,26,3.250
1764974485.6753967,0,0,26,3.250
1764974485.6793997,0,0,27,3.375
1764974485.6833963,0,0,25,3.125
1764974485.6873963,0,0,26,3.250
1764974485.691397,0,0,26,3.250
1764974485.6953967,0,0,26,3.250
1764974485.6994007,0,0,27,3.375
1764974485.7033978,0,0,25,3.125
1764974485.7073991,0,0,26,3.250
1764974485.7114003,0,0,26,3.250
1764974485.7154,0,0,27,3.375
1764974485.7194018,0,0,27,3.375
1764974485.7233784,0,0,26,3.250
1764974485.7273805,0,0,25,3.125
1764974485.7314045,0,0,26,3.250
1764974485.7353966,0,0,27,3.375
1764974485.7393975,0,0,27,3.375
1764974485.7433968,0,0,25,3.125
1764974485.747397,0,0,25,3.125
1764974485.7513993,0,0,26,3.250
1764974485.7554307,0,0,26,3.250
1764974485.7594028,0,0,27,3.375
1764974485.763394,0,0,26,3.250
1764974485.767394,0,0,25,3.125
1764974485.771401,0,0,26,3.250
1764974485.775468,0,0,26,3.250
1764974485.7794082,0,0,27,3.375
1764974485.7833788,0,0,25,3.125
1764974485.7873776,0,0,25,3.125
1764974485.7916827,0,0,26,3.250
1764974485.7956254,0,0,26,3.250
1764974485.7994332,0,0,27,3.375
1764974485.803396,0,0,26,3.250
1764974485.8073916,0,0,25,3.125
1764974485.811405,0,0,25,3.125
1764974485.815398,0,0,26,3.250
1764974485.8193944,0,0,27,3.375
1764974485.8233898,0,0,26,3.250
1764974485.8273911,0,0,26,3.250
1764974485.8313975,0,0,26,3.250
1764974485.8354037,0,0,27,3.375
1764974485.8394022,0,0,27,3.375
1764974485.8433928,0,0,26,3.250
1764974485.8473923,0,0,25,3.125
1764974485.8514109,0,0,26,3.250
1764974485.8554358,0,0,26,3.250
1764974485.859403,0,0,28,3.500
1764974485.8633902,0,0,26,3.250
1764974485.8673906,0,0,25,3.125
1764974485.8714,0,0,26,3.250
1764974485.8753958,0,0,27,3.375
1764974485.8793886,0,0,27,3.375
1764974485.8833792,0,0,26,3.250
1764974485.8873773,0,0,25,3.125
1764974485.8913841,0,0,25,3.125
1764974485.8953798,0,0,26,3.250
1764974485.8994155,0,0,27,3.375
1764974485.903394,0,0,26,3.250
1764974485.9073904,0,0,25,3.125
1764974485.9113948,0,0,26,3.250
1764974485.9153936,0,0,27,3.375
1764974485.9193969,0,0,27,3.375
1764974485.9233935,0,0,26,3.250
1764974485.9273925,0,0,25,3.125
1764974485.9314039,0,0,25,3.125
1764974485.9353962,0,0,26,3.250
1764974485.9394016,0,0,27,3.375
1764974485.9433944,0,0,26,3.250
1764974485.9473934,0,0,25,3.125
1764974485.9513946,0,0,26,3.250
1764974485.9554272,0,0,26,3.250
1764974485.9594018,0,0,27,3.375
1764974485.9633944,0,0,26,3.250
1764974485.9673915,0,0,25,3.125
1764974485.9713967,0,0,26,3.250
1764974485.980389,0,0,27,3.375
1764974485.9834137,0,0,26,3.250
1764974485.9873958,0,0,25,3.125
1764974485.9913979,0,0,26,3.250
1764974485.9953954,0,0,26,3.250
1764974485.9994102,0,0,27,3.375
1764974486.003396,0,0,26,3.250
1764974486.007391,0,0,25,3.125
1764974486.0113935,0,0,26,3.250
1764974486.0153933,0,0,26,3.250
1764974486.0194094,0,0,27,3.375
1764974486.023394,0,0,27,3.375
1764974486.0273933,0,0,25,3.125
1764974486.0313828,0,0,25,3.125
1764974486.0353742,0,0,27,3.375
1764974486.0393672,0,0,27,3.375
1764974486.0433948,0,0,26,3.250
1764974486.0473948,0,0,25,3.125
1764974486.051406,0,0,26,3.250
1764974486.0553958,0,0,26,3.250
1764974486.0594249,0,0,27,3.375
1764974486.063375,0,0,27,3.375
1764974486.067376,0,0,25,3.125
1764974486.0713928,0,0,26,3.250
1764974486.0753927,0,0,26,3.250
1764974486.0793889,0,0,27,3.375
1764974486.0833776,0,0,26,3.250
1764974486.0873685,0,0,25,3.125
1764974486.0913928,0,0,26,3.250
1764974486.0953932,0,0,26,3.250
1764974486.0993955,0,0,26,3.250
1764974486.1033933,0,0,27,3.375
1764974486.107394,0,0,25,3.125
1764974486.1113925,0,0,26,3.250
1764974486.115393,0,0,26,3.250
1764974486.119398,0,0,27,3.375
1764974486.123393,0,0,27,3.375
1764974486.1273913,0,0,25,3.125
1764974486.1313934,0,0,26,3.250
1764974486.1353898,0,0,26,3.250
1764974486.1393836,0,0,27,3.375
1764974486.1433735,0,0,27,3.375
1764974486.1473763,0,0,25,3.125
1764974486.151392,0,0,26,3.250
1764974486.1553938,0,0,27,3.375
1764974486.1594284,0,0,26,3.250
1764974486.1633964,0,0,27,3.375
1764974486.1673923,0,0,25,3.125
1764974486.171395,0,0,26,3.250
1764974486.1753912,0,0,27,3.375
1764974486.179466,0,0,27,3.375
1764974486.1834037,0,0,27,3.375
1764974486.187392,0,0,25,3.125
1764974486.1913903,0,0,26,3.250
1764974486.1953876,0,0,26,3.250
1764974486.199376,0,0,27,3.375
1764974486.2033935,0,0,27,3.375
1764974486.2073913,0,0,25,3.125
1764974486.2113957,0,0,26,3.250
1764974486.2153728,0,0,26,3.250
1764974486.219415,0,0,26,3.250
1764974486.223393,0,0,27,3.375
1764974486.2273943,0,0,25,3.125
1764974486.2313902,0,0,26,3.250
1764974486.2353857,0,0,26,3.250
1764974486.2393925,0,0,27,3.375
1764974486.2433898,0,0,27,3.375
1764974486.2473898,0,0,25,3.125
1764974486.2513897,0,0,26,3.250
1764974486.2553866,0,0,26,3.250
1764974486.2594407,0,0,26,3.250
1764974486.2633972,0,0,27,3.375
1764974486.267391,0,0,25,3.125
1764974486.2713823,0,0,25,3.125
1764974486.2753694,0,0,26,3.250
1764974486.279369,0,0,27,3.375
1764974486.283392,0,0,27,3.375
1764974486.2873905,0,0,25,3.125
1764974486.2913828,0,0,26,3.250
1764974486.2953691,0,0,26,3.250
1764974486.2993736,0,0,27,3.375
1764974486.3033922,0,0,27,3.375
1764974486.3073928,0,0,26,3.250
1764974486.3113909,0,0,26,3.250
1764974486.3153899,0,0,26,3.250
1764974486.3193924,0,0,27,3.375
1764974486.3233926,0,0,27,3.375
1764974486.3273907,0,0,26,3.250
1764974486.3313928,0,0,26,3.250
1764974486.335387,0,0,26,3.250
1764974486.3393877,0,0,27,3.375
1764974486.3433886,0,0,27,3.375
1764974486.347389,0,0,25,3.125
1764974486.3513896,0,0,26,3.250
1764974486.3553886,0,0,26,3.250
1764974486.3593924,0,0,27,3.375
1764974486.3634062,0,0,28,3.500
1764974486.367392,0,0,26,3.250
1764974486.3713906,0,0,26,3.250
1764974486.375387,0,0,26,3.250
1764974486.379466,0,0,27,3.375
1764974486.3834026,0,0,27,3.375
1764974486.3873892,0,0,25,3.125
1764974486.3913903,0,0,26,3.250
1764974486.3953865,0,0,26,3.250
1764974486.39939,0,0,26,3.250
1764974486.403389,0,0,28,3.500
1764974486.4073884,0,0,25,3.125
1764974486.4113872,0,0,26,3.250
1764974486.4153702,0,0,26,3.250
1764974486.4193661,0,0,26,3.250
1764974486.4233894,0,0,27,3.375
1764974486.4273863,0,0,26,3.250
1764974486.431392,0,0,25,3.125
1764974486.435386,0,0,25,3.125
1764974486.439393,0,0,27,3.375
1764974486.4433925,0,0,27,3.375
1764974486.4473877,0,0,25,3.125
1764974486.4513843,0,0,26,3.250
1764974486.4553683,0,0,26,3.250
1764974486.4593682,0,0,26,3.250
1764974486.4634225,0,0,28,3.500
1764974486.4673877,0,0,26,3.250
1764974486.471381,0,0,25,3.125
1764974486.4753735,0,0,26,3.250
1764974486.4793992,0,0,26,3.250
1764974486.483386,0,0,28,3.500
1764974486.4873884,0,0,26,3.250
1764974486.49139,0,0,25,3.125
1764974486.4953902,0,0,25,3.125
1764974486.4993906,0,0,26,3.250
1764974486.5033853,0,0,27,3.375
1764974486.5073898,0,0,25,3.125
1764974486.511392,0,0,25,3.125
1764974486.5153885,0,0,26,3.250
1764974486.519391,0,0,26,3.250
1764974486.5233858,0,0,27,3.375
1764974486.5273871,0,0,26,3.250
1764974486.531388,0,0,25,3.125
1764974486.5353868,0,0,26,3.250
1764974486.5393803,0,0,26,3.250
1764974486.5433664,0,0,27,3.375
1764974486.547367,0,0,26,3.250
1764974486.5513868,0,0,25,3.125
1764974486.5553885,0,0,26,3.250
1764974486.55939,0,0,27,3.375
1764974486.5633864,0,0,27,3.375
1764974486.5674038,0,0,26,3.250
1764974486.57139,0,0,25,3.125
1764974486.5753884,0,0,25,3.125
1764974486.579467,0,0,26,3.250
1764974486.5833964,0,0,27,3.375
1764974486.5873866,0,0,26,3.250
1764974486.5913894,0,0,25,3.125
1764974486.5953863,0,0,26,3.250
1764974486.599388,0,0,26,3.250
1764974486.6033845,0,0,27,3.375
1764974486.6073856,0,0,26,3.250
1764974486.6113915,0,0,25,3.125
1764974486.615385,0,0,26,3.250
1764974486.6194122,0,0,26,3.250
1764974486.6233864,0,0,27,3.375
1764974486.6273963,0,0,27,3.375
1764974486.6313872,0,0,25,3.125
1764974486.6353846,0,0,26,3.250
1764974486.6393754,0,0,26,3.250
1764974486.6433659,0,0,27,3.375
1764974486.647366,0,0,26,3.250
1764974486.6513884,0,0,26,3.250
1764974486.6553845,0,0,26,3.250
1764974486.6593895,0,0,27,3.375
1764974486.6633825,0,0,27,3.375
1764974486.6674173,0,0,27,3.375
1764974486.6713881,0,0,25,3.125
1764974486.6753848,0,0,26,3.250
1764974486.6793914,0,0,26,3.250
1764974486.6833797,0,0,27,3.375
1764974486.687381,0,0,27,3.375
1764974486.6913857,0,0,26,3.250
1764974486.695387,0,0,26,3.250
1764974486.6993883,0,0,27,3.375
1764974486.7033825,0,0,27,3.375
1764974486.707381,0,0,25,3.125
1764974486.7113874,0,0,26,3.250
1764974486.7153828,0,0,26,3.250
1764974486.7193904,0,0,27,3.375
1764974486.7233806,0,0,27,3.375
1764974486.72738,0,0,25,3.125
1764974486.731384,0,0,26,3.250
1764974486.7353814,0,0,26,3.250
1764974486.739388,0,0,27,3.375
1764974486.7433817,0,0,27,3.375
1764974486.7473798,0,0,25,3.125
1764974486.7513838,0,0,25,3.125
1764974486.7553835,0,0,26,3.250
1764974486.759381,0,0,27,3.375
1764974486.7633643,0,0,27,3.375
1764974486.7673619,0,0,25,3.125
1764974486.7713835,0,0,26,3.250
1764974486.775382,0,0,26,3.250
1764974486.7794588,0,0,27,3.375
1764974486.7833939,0,0,27,3.375
1764974486.7873821,0,0,25,3.125
1764974486.791648,0,0,26,3.250
1764974486.7956023,0,0,26,3.250
1764974486.799417,0,0,27,3.375
1764974486.803381,0,0,27,3.375
1764974486.8073769,0,0,25,3.125
1764974486.8113828,0,0,26,3.250
1764974486.815379,0,0,27,3.375
1764974486.8193843,0,0,27,3.375
1764974486.82338,0,0,27,3.375
1764974486.8273735,0,0,25,3.125
1764974486.8313787,0,0,26,3.250
1764974486.835378,0,0,26,3.250
1764974486.839382,0,0,26,3.250
1764974486.8433793,0,0,27,3.375
1764974486.8473763,0,0,25,3.125
1764974486.8517184,0,0,25,3.125
1764974486.8554797,0,0,26,3.250
1764974486.8596919,0,0,26,3.250
1764974486.8634624,0,0,27,3.375
1764974486.867385,0,0,25,3.125
1764974486.871433,0,0,25,3.125
1764974486.8753824,0,0,26,3.250
1764974486.8793836,0,0,26,3.250
1764974486.8833807,0,0,27,3.375
1764974486.8873801,0,0,25,3.125
1764974486.8913836,0,0,26,3.250
1764974486.8953788,0,0,26,3.250
1764974486.899405,0,0,26,3.250
1764974486.9033842,0,0,27,3.375
1764974486.9073796,0,0,25,3.125
1764974486.9113789,0,0,25,3.125
1764974486.9153636,0,0,26,3.250
1764974486.9193575,0,0,27,3.375
1764974486.9233637,0,0,28,3.500
1764974486.9273589,0,0,25,3.125
1764974486.9313824,0,0,25,3.125
1764974486.93538,0,0,26,3.250
1764974486.9393866,0,0,26,3.250
1764974486.9433806,0,0,27,3.375
1764974486.9473774,0,0,25,3.125
1764974486.9513817,0,0,26,3.250
1764974486.9553776,0,0,26,3.250
1764974486.959384,0,0,26,3.250
1764974486.9633784,0,0,27,3.375
1764974486.9673815,0,0,25,3.125
1764974486.9714124,0,0,26,3.250
1764974486.9753766,0,0,26,3.250
1764974486.9844396,0,0,28,3.500
1764974486.9873955,0,0,25,3.125
1764974486.9913812,0,0,26,3.250
1764974486.9953814,0,0,25,3.125
1764974486.9993887,0,0,26,3.250
1764974487.003383,0,0,28,3.500
1764974487.0073826,0,0,26,3.250
1764974487.0113814,0,0,26,3.250
1764974487.0153797,0,0,26,3.250
1764974487.0193846,0,0,26,3.250
1764974487.0234144,0,0,27,3.375
1764974487.027384,0,0,25,3.125
1764974487.0313835,0,0,25,3.125
1764974487.0353942,0,0,26,3.250
1764974487.039383,0,0,27,3.375
1764974487.043364,0,0,28,3.500
1764974487.0473626,0,0,25,3.125
1764974487.051378,0,0,25,3.125
1764974487.0553787,0,0,26,3.250
1764974487.059374,0,0,26,3.250
1764974487.0633657,0,0,27,3.375
1764974487.0673628,0,0,25,3.125
1764974487.0713785,0,0,26,3.250
1764974487.0753782,0,0,26,3.250
1764974487.079382,0,0,27,3.375
1764974487.0833774,0,0,27,3.375
1764974487.0873876,0,0,25,3.125
1764974487.0913842,0,0,25,3.125
1764974487.0953743,0,0,26,3.250
1764974487.0993757,0,0,26,3.250
1764974487.1033804,0,0,27,3.375
1764974487.1073797,0,0,26,3.250
1764974487.1113784,0,0,25,3.125
1764974487.1153753,0,0,26,3.250
1764974487.1193776,0,0,26,3.250
1764974487.1233795,0,0,27,3.375
1764974487.127378,0,0,25,3.125
1764974487.1313787,0,0,26,3.250
1764974487.1353743,0,0,26,3.250
1764974487.13937,0,0,27,3.375
1764974487.1433597,0,0,27,3.375
1764974487.1473618,0,0,26,3.250
1764974487.1513772,0,0,25,3.125
1764974487.1553733,0,0,26,3.250
1764974487.1593735,0,0,27,3.375
1764974487.163362,0,0,28,3.500
1764974487.1673622,0,0,26,3.250
1764974487.1713834,0,0,25,3.125
1764974487.175413,0,0,26,3.250
1764974487.179381,0,0,26,3.250
1764974487.1834552,0,0,27,3.375
1764974487.1873913,0,0,25,3.125
1764974487.191381,0,0,25,3.125
1764974487.1953735,0,0,26,3.250
1764974487.1993732,0,0,26,3.250
1764974487.2033753,0,0,27,3.375
1764974487.2073798,0,0,26,3.250
1764974487.2113795,0,0,26,3.250
1764974487.215374,0,0,26,3.250
1764974487.219395,0,0,26,3.250
1764974487.223378,0,0,27,3.375
1764974487.2273777,0,0,26,3.250
1764974487.2313766,0,0,25,3.125
1764974487.235374,0,0,25,3.125
1764974487.2393787,0,0,27,3.375
1764974487.2433722,0,0,28,3.500
1764974487.2473752,0,0,26,3.250
1764974487.2513764,0,0,25,3.125
1764974487.2553763,0,0,26,3.250
1764974487.2593775,0,0,26,3.250
1764974487.2633731,0,0,27,3.375
1764974487.267375,0,0,26,3.250
1764974487.2713788,0,0,25,3.125
1764974487.2754161,0,0,26,3.250
1764974487.279378,0,0,26,3.250
1764974487.2833726,0,0,27,3.375
1764974487.2873755,0,0,26,3.250
1764974487.291376,0,0,25,3.125
1764974487.2953732,0,0,26,3.250
1764974487.2993746,0,0,26,3.250
1764974487.3033724,0,0,27,3.375
1764974487.3073735,0,0,26,3.250
1764974487.3113768,0,0,25,3.125
1764974487.3153772,0,0,26,3.250
1764974487.3193762,0,0,26,3.250
1764974487.3233724,0,0,26,3.250
1764974487.327376,0,0,26,3.250
1764974487.331376,0,0,25,3.125
1764974487.335375,0,0,26,3.250
1764974487.3393764,0,0,26,3.250
1764974487.3433707,0,0,27,3.375
1764974487.3473713,0,0,26,3.250
1764974487.351378,0,0,25,3.125
1764974487.3553734,0,0,25,3.125
1764974487.3593848,0,0,26,3.250
1764974487.3633738,0,0,27,3.375
1764974487.3673728,0,0,26,3.250
1764974487.371376,0,0,26,3.250
1764974487.3754008,0,0,26,3.250
1764974487.379381,0,0,26,3.250
1764974487.383457,0,0,27,3.375
1764974487.3873842,0,0,27,3.375
1764974487.391392,0,0,25,3.125
1764974487.3953726,0,0,26,3.250
1764974487.3993754,0,0,26,3.250
1764974487.403372,0,0,27,3.375
1764974487.407371,0,0,26,3.250
1764974487.4113767,0,0,25,3.125
1764974487.4153705,0,0,26,3.250
1764974487.4193907,0,0,26,3.250
1764974487.4233747,0,0,27,3.375
1764974487.4273725,0,0,26,3.250
1764974487.4313645,0,0,25,3.125
1764974487.4353592,0,0,25,3.125
1764974487.439365,0,0,26,3.250
1764974487.4433732,0,0,27,3.375
1764974487.4473739,0,0,26,3.250
1764974487.4513793,0,0,25,3.125
1764974487.4553738,0,0,25,3.125
1764974487.4593694,0,0,26,3.250
1764974487.4633567,0,0,27,3.375
1764974487.4673536,0,0,27,3.375
1764974487.471384,0,0,25,3.125
1764974487.4753764,0,0,25,3.125
1764974487.4793768,0,0,26,3.250
1764974487.483356,0,0,27,3.375
1764974487.4873552,0,0,27,3.375
1764974487.491376,0,0,25,3.125
1764974487.495377,0,0,26,3.250
1764974487.4993725,0,0,26,3.250
1764974487.5033545,0,0,27,3.375
1764974487.5073524,0,0,27,3.375
1764974487.511372,0,0,25,3.125
1764974487.5153723,0,0,25,3.125
1764974487.519375,0,0,26,3.250
1764974487.5233705,0,0,27,3.375
1764974487.5273707,0,0,27,3.375
1764974487.531373,0,0,25,3.125
1764974487.5353713,0,0,26,3.250
1764974487.5393744,0,0,26,3.250
1764974487.543385,0,0,26,3.250
1764974487.5473697,0,0,27,3.375
1764974487.5513713,0,0,25,3.125
1764974487.5553718,0,0,26,3.250
1764974487.5593677,0,0,26,3.250
1764974487.563355,0,0,26,3.250
1764974487.567349,0,0,27,3.375
1764974487.5713694,0,0,25,3.125
1764974487.5753713,0,0,25,3.125
1764974487.57939,0,0,27,3.375
1764974487.5834498,0,0,26,3.250
1764974487.5873816,0,0,27,3.375
1764974487.5913768,0,0,25,3.125
1764974487.5953705,0,0,26,3.250
1764974487.5993721,0,0,26,3.250
1764974487.6033714,0,0,27,3.375
1764974487.607371,0,0,28,3.500
1764974487.611371,0,0,25,3.125
1764974487.615365,0,0,26,3.250
1764974487.6193898,0,0,26,3.250
1764974487.6233726,0,0,27,3.375
1764974487.6273675,0,0,27,3.375
1764974487.6313696,0,0,25,3.125
1764974487.635369,0,0,26,3.250
1764974487.6393692,0,0,26,3.250
1764974487.6433547,0,0,27,3.375
1764974487.647353,0,0,27,3.375
1764974487.651373,0,0,25,3.125
1764974487.6553707,0,0,26,3.250
1764974487.6593764,0,0,26,3.250
1764974487.6633723,0,0,27,3.375
1764974487.6673694,0,0,25,3.125
1764974487.6713707,0,0,25,3.125
1764974487.6753705,0,0,25,3.125
1764974487.6794145,0,0,26,3.250
1764974487.6833704,0,0,27,3.375
1764974487.6873727,0,0,25,3.125
1764974487.6913717,0,0,26,3.250
1764974487.6953692,0,0,26,3.250
1764974487.6993763,0,0,27,3.375
1764974487.703371,0,0,27,3.375
1764974487.7073712,0,0,25,3.125
1764974487.711368,0,0,25,3.125
1764974487.7153697,0,0,26,3.250
1764974487.719383,0,0,26,3.250
1764974487.723372,0,0,27,3.375
1764974487.72737,0,0,25,3.125
1764974487.7313707,0,0,26,3.250
1764974487.735366,0,0,26,3.250
1764974487.7393684,0,0,26,3.250
1764974487.7433708,0,0,27,3.375
1764974487.7473717,0,0,25,3.125
1764974487.7513745,0,0,26,3.250
1764974487.7553818,0,0,26,3.250
1764974487.759377,0,0,27,3.375
1764974487.7633696,0,0,28,3.500
1764974487.767369,0,0,26,3.250
1764974487.771373,0,0,25,3.125
1764974487.7753713,0,0,26,3.250
1764974487.779398,0,0,26,3.250
1764974487.7834425,0,0,27,3.375
1764974487.7873802,0,0,25,3.125
1764974487.791647,0,0,25,3.125
1764974487.7955978,0,0,26,3.250
1764974487.7993996,0,0,27,3.375
1764974487.8033566,0,0,27,3.375
1764974487.8073554,0,0,26,3.250
1764974487.8113756,0,0,26,3.250
1764974487.815369,0,0,26,3.250
1764974487.8193693,0,0,26,3.250
1764974487.8233707,0,0,27,3.375
1764974487.827366,0,0,26,3.250
1764974487.8313677,0,0,26,3.250
1764974487.835362,0,0,26,3.250
1764974487.8393657,0,0,26,3.250
1764974487.8433652,0,0,28,3.500
1764974487.8473644,0,0,26,3.250
1764974487.8513725,0,0,25,3.125
1764974487.855366,0,0,26,3.250
1764974487.8593717,0,0,27,3.375
1764974487.8634038,0,0,28,3.500
1764974487.8673813,0,0,25,3.125
1764974487.8713796,0,0,25,3.125
1764974487.8753643,0,0,26,3.250
1764974487.8793685,0,0,27,3.375
1764974487.883367,0,0,27,3.375
1764974487.8873703,0,0,26,3.250
1764974487.8913696,0,0,25,3.125
1764974487.8953602,0,0,25,3.125
1764974487.89938,0,0,26,3.250
1764974487.9033756,0,0,27,3.375
1764974487.9073682,0,0,26,3.250
1764974487.9113696,0,0,25,3.125
1764974487.9153697,0,0,26,3.250
1764974487.9193692,0,0,26,3.250
1764974487.9233658,0,0,27,3.375
1764974487.9273708,0,0,26,3.250
1764974487.931372,0,0,25,3.125
1764974487.9353697,0,0,26,3.250
1764974487.9393716,0,0,26,3.250
1764974487.943367,0,0,27,3.375
1764974487.9473643,0,0,26,3.250
1764974487.9513683,0,0,25,3.125
1764974487.9553657,0,0,25,3.125
1764974487.9593608,0,0,26,3.250
1764974487.9633482,0,0,27,3.375
1764974487.9673505,0,0,26,3.250
1764974487.9713762,0,0,25,3.125
1764974487.9753704,0,0,26,3.250
1764974487.9793694,0,0,26,3.250
1764974487.9883473,0,0,27,3.375
1764974487.9913926,0,0,25,3.125
1764974487.9953709,0,0,25,3.125
1764974487.9993641,0,0,26,3.250
1764974488.003349,0,0,27,3.375
1764974488.0073495,0,0,26,3.250
1764974488.011369,0,0,25,3.125
1764974488.0153673,0,0,26,3.250
1764974488.0193636,0,0,27,3.375
1764974488.023349,0,0,27,3.375
1764974488.0273478,0,0,26,3.250
1764974488.0313685,0,0,25,3.125
1764974488.0353687,0,0,25,3.125
1764974488.0393689,0,0,27,3.375
1764974488.0433645,0,0,27,3.375
1764974488.047364,0,0,26,3.250
1764974488.05137,0,0,25,3.125
1764974488.0553763,0,0,26,3.250
1764974488.0593684,0,0,26,3.250
1764974488.063365,0,0,27,3.375
1764974488.0673609,0,0,26,3.250
1764974488.0713546,0,0,25,3.125
1764974488.075349,0,0,26,3.250
1764974488.0793674,0,0,26,3.250
1764974488.0833628,0,0,27,3.375
1764974488.0873983,0,0,26,3.250
1764974488.0913675,0,0,25,3.125
1764974488.0953667,0,0,26,3.250
1764974488.09937,0,0,27,3.375
1764974488.1033626,0,0,27,3.375
1764974488.107362,0,0,27,3.375
1764974488.1113632,0,0,25,3.125
1764974488.1153634,0,0,26,3.250
1764974488.1193671,0,0,26,3.250
1764974488.1233628,0,0,27,3.375
1764974488.127358,0,0,27,3.375
1764974488.1313634,0,0,25,3.125
1764974488.135364,0,0,26,3.250
1764974488.1393602,0,0,26,3.250
1764974488.1433434,0,0,27,3.375
1764974488.1473448,0,0,27,3.375
1764974488.1513643,0,0,25,3.125
1764974488.1553657,0,0,26,3.250
1764974488.159366,0,0,26,3.250
1764974488.163365,0,0,27,3.375
1764974488.1673596,0,0,27,3.375
1764974488.171365,0,0,25,3.125
1764974488.1753633,0,0,26,3.250
1764974488.1793664,0,0,26,3.250
1764974488.1833608,0,0,27,3.375
1764974488.1874366,0,0,27,3.375
1764974488.1913786,0,0,25,3.125
1764974488.1953628,0,0,26,3.250
1764974488.1993608,0,0,26,3.250
1764974488.2033653,0,0,26,3.250
1764974488.207361,0,0,27,3.375
1764974488.2113612,0,0,25,3.125
1764974488.2153592,0,0,26,3.250
1764974488.2193727,0,0,26,3.250
1764974488.2233686,0,0,27,3.375
1764974488.2273638,0,0,27,3.375
1764974488.2313643,0,0,24,3.000
1764974488.235365,0,0,25,3.125
1764974488.2393677,0,0,26,3.250
1764974488.2433643,0,0,27,3.375
1764974488.2473605,0,0,27,3.375
1764974488.2513618,0,0,25,3.125
1764974488.2553594,0,0,26,3.250
1764974488.2593682,0,0,26,3.250
1764974488.2633631,0,0,26,3.250
1764974488.267362,0,0,27,3.375
1764974488.271363,0,0,25,3.125
1764974488.2753613,0,0,26,3.250
1764974488.2793608,0,0,26,3.250
1764974488.2833474,0,0,26,3.250
1764974488.2873476,0,0,27,3.375
1764974488.291392,0,0,25,3.125
1764974488.2953641,0,0,25,3.125
1764974488.2993603,0,0,26,3.250
1764974488.3033748,0,0,26,3.250
1764974488.3073823,0,0,27,3.375
1764974488.311369,0,0,25,3.125
1764974488.3153598,0,0,26,3.250
1764974488.319365,0,0,25,3.125
1764974488.3233628,0,0,26,3.250
1764974488.3273623,0,0,27,3.375
1764974488.3313634,0,0,25,3.125
1764974488.3353584,0,0,26,3.250
1764974488.3393776,0,0,26,3.250
1764974488.3433738,0,0,26,3.250
1764974488.3473654,0,0,27,3.375
1764974488.3513644,0,0,25,3.125
1764974488.3553603,0,0,26,3.250
1764974488.3593776,0,0,26,3.250
1764974488.3633623,0,0,26,3.250
1764974488.3673587,0,0,27,3.375
1764974488.3713593,0,0,26,3.250
1764974488.375356,0,0,26,3.250
1764974488.3793602,0,0,26,3.250
1764974488.3833601,0,0,26,3.250
1764974488.387436,0,0,27,3.375
1764974488.3914294,0,0,25,3.125
1764974488.3953588,0,0,25,3.125
1764974488.3993616,0,0,26,3.250
1764974488.4033625,0,0,26,3.250
1764974488.4073617,0,0,27,3.375
1764974488.4113624,0,0,25,3.125
1764974488.4153538,0,0,25,3.125
1764974488.419361,0,0,26,3.250
1764974488.423369,0,0,26,3.250
1764974488.4273632,0,0,28,3.500
1764974488.4313614,0,0,25,3.125
1764974488.4353614,0,0,26,3.250
1764974488.4393651,0,0,26,3.250
1764974488.4433467,0,0,27,3.375
1764974488.447343,0,0,27,3.375
1764974488.4513588,0,0,25,3.125
1764974488.4553413,0,0,25,3.125
1764974488.4593453,0,0,26,3.250
1764974488.4633448,0,0,27,3.375
1764974488.4673467,0,0,27,3.375
1764974488.4713624,0,0,25,3.125
1764974488.4753566,0,0,26,3.250
1764974488.479361,0,0,26,3.250
1764974488.4833574,0,0,27,3.375
1764974488.4873557,0,0,27,3.375
1764974488.4913943,0,0,26,3.250
1764974488.4953542,0,0,25,3.125
1764974488.4993606,0,0,25,3.125
1764974488.503355,0,0,27,3.375
1764974488.5073583,0,0,27,3.375
1764974488.511358,0,0,26,3.250
1764974488.5153596,0,0,25,3.125
1764974488.519362,0,0,27,3.375
1764974488.5233562,0,0,27,3.375
1764974488.527359,0,0,27,3.375
1764974488.5313616,0,0,25,3.125
1764974488.535357,0,0,26,3.250
1764974488.539359,0,0,26,3.250
1764974488.543354,0,0,26,3.250
1764974488.5473597,0,0,27,3.375
1764974488.5513563,0,0,26,3.250
1764974488.5553546,0,0,25,3.125
1764974488.5593581,0,0,26,3.250
1764974488.5633547,0,0,27,3.375
1764974488.5673559,0,0,26,3.250
1764974488.5713575,0,0,25,3.125
1764974488.5753555,0,0,26,3.250
1764974488.5793538,0,0,26,3.250
1764974488.583339,0,0,27,3.375
1764974488.5874324,0,0,26,3.250
1764974488.5914164,0,0,25,3.125
1764974488.595361,0,0,26,3.250
1764974488.5993474,0,0,26,3.250
1764974488.603338,0,0,27,3.375
1764974488.6073353,0,0,26,3.250
1764974488.6113572,0,0,25,3.125
1764974488.6153553,0,0,26,3.250
1764974488.6193602,0,0,27,3.375
1764974488.6233566,0,0,27,3.375
1764974488.6273558,0,0,26,3.250
1764974488.6313598,0,0,25,3.125
1764974488.63536,0,0,25,3.125
1764974488.6393557,0,0,26,3.250
1764974488.6433408,0,0,28,3.500
1764974488.6473374,0,0,26,3.250
1764974488.651363,0,0,25,3.125
1764974488.6553657,0,0,26,3.250
1764974488.6593568,0,0,26,3.250
1764974488.663339,0,0,27,3.375
1764974488.6673362,0,0,26,3.250
1764974488.6713572,0,0,25,3.125
1764974488.6753573,0,0,26,3.250
1764974488.6793542,0,0,27,3.375
1764974488.6833396,0,0,27,3.375
1764974488.6873372,0,0,26,3.250
1764974488.6913595,0,0,25,3.125
1764974488.6953893,0,0,25,3.125
1764974488.699363,0,0,26,3.250
1764974488.7033541,0,0,27,3.375
1764974488.7073512,0,0,27,3.375
1764974488.7113588,0,0,25,3.125
1764974488.7153602,0,0,26,3.250
1764974488.7193623,0,0,26,3.250
1764974488.7233572,0,0,27,3.375
1764974488.727351,0,0,27,3.375
1764974488.7313552,0,0,25,3.125
1764974488.735354,0,0,26,3.250
1764974488.7393575,0,0,26,3.250
1764974488.7433515,0,0,27,3.375
1764974488.7473538,0,0,27,3.375
1764974488.7513518,0,0,25,3.125
1764974488.7553537,0,0,26,3.250
1764974488.7593606,0,0,26,3.250
1764974488.7633574,0,0,26,3.250
1764974488.7673533,0,0,26,3.250
1764974488.7713542,0,0,25,3.125
1764974488.7753513,0,0,25,3.125
1764974488.7793589,0,0,26,3.250
1764974488.7833555,0,0,27,3.375
1764974488.7874298,0,0,27,3.375
1764974488.7916193,0,0,25,3.125
1764974488.7956195,0,0,25,3.125
1764974488.7993824,0,0,26,3.250
1764974488.8033507,0,0,26,3.250
1764974488.8073485,0,0,27,3.375
1764974488.811352,0,0,25,3.125
1764974488.815351,0,0,25,3.125
1764974488.819359,0,0,26,3.250
1764974488.823353,0,0,26,3.250
1764974488.8273494,0,0,27,3.375
1764974488.8313515,0,0,25,3.125
1764974488.83535,0,0,26,3.250
1764974488.839347,0,0,26,3.250
1764974488.8433442,0,0,26,3.250
1764974488.8473454,0,0,26,3.250
1764974488.8513625,0,0,25,3.125
1764974488.855362,0,0,26,3.250
1764974488.859371,0,0,26,3.250
1764974488.8633535,0,0,27,3.375
1764974488.8673494,0,0,26,3.250
1764974488.871353,0,0,25,3.125
1764974488.875349,0,0,26,3.250
1764974488.8793569,0,0,26,3.250
1764974488.883353,0,0,26,3.250
1764974488.887351,0,0,27,3.375
1764974488.8913543,0,0,26,3.250
1764974488.8953886,0,0,25,3.125
1764974488.8993576,0,0,26,3.250
1764974488.9033508,0,0,26,3.250
1764974488.907355,0,0,27,3.375
1764974488.9113498,0,0,25,3.125
1764974488.915349,0,0,26,3.250
1764974488.9193585,0,0,26,3.250
1764974488.9233546,0,0,26,3.250
1764974488.927353,0,0,26,3.250
1764974488.9313517,0,0,25,3.125
1764974488.9353497,0,0,26,3.250
1764974488.9393566,0,0,26,3.250
1764974488.9433515,0,0,26,3.250
1764974488.947355,0,0,27,3.375
1764974488.9513538,0,0,25,3.125
1764974488.9553502,0,0,26,3.250
1764974488.9593527,0,0,26,3.250
1764974488.9633532,0,0,27,3.375
1764974488.9673522,0,0,27,3.375
1764974488.9713495,0,0,25,3.125
1764974488.9753478,0,0,25,3.125
1764974488.979353,0,0,26,3.250
1764974488.983351,0,0,26,3.250
1764974488.9923987,0,0,26,3.250
1764974488.995373,0,0,26,3.250
1764974488.999395,0,0,26,3.250
1764974489.0033407,0,0,26,3.250
1764974489.0073378,0,0,27,3.375
1764974489.0113614,0,0,25,3.125
1764974489.015352,0,0,26,3.250
1764974489.0193446,0,0,26,3.250
1764974489.0233362,0,0,26,3.250
1764974489.0273354,0,0,27,3.375
1764974489.0313518,0,0,25,3.125
1764974489.0353503,0,0,26,3.250
1764974489.0393543,0,0,26,3.250
1764974489.0433517,0,0,27,3.375
1764974489.047352,0,0,27,3.375
1764974489.0513587,0,0,25,3.125
1764974489.0553584,0,0,25,3.125
1764974489.0593507,0,0,26,3.250
1764974489.0633347,0,0,26,3.250
1764974489.0673366,0,0,27,3.375
1764974489.0713558,0,0,25,3.125
1764974489.0753512,0,0,26,3.250
1764974489.0793488,0,0,26,3.250
1764974489.0833342,0,0,26,3.250
1764974489.0873349,0,0,27,3.375
1764974489.0913541,0,0,25,3.125
1764974489.095351,0,0,25,3.125
1764974489.0993538,0,0,26,3.250
1764974489.103347,0,0,27,3.375
1764974489.1073499,0,0,27,3.375
1764974489.1113493,0,0,25,3.125
1764974489.1153495,0,0,25,3.125
1764974489.1193523,0,0,26,3.250
1764974489.123349,0,0,26,3.250
1764974489.1273518,0,0,27,3.375
1764974489.131353,0,0,25,3.125
1764974489.1353512,0,0,26,3.250
1764974489.139346,0,0,26,3.250
1764974489.1433327,0,0,27,3.375
1764974489.1473322,0,0,27,3.375
1764974489.1513495,0,0,25,3.125
1764974489.155351,0,0,25,3.125
1764974489.1593518,0,0,26,3.250
1764974489.1633453,0,0,27,3.375
1764974489.1673448,0,0,28,3.500
1764974489.1713514,0,0,25,3.125
1764974489.1753485,0,0,25,3.125
1764974489.1793504,0,0,26,3.250
1764974489.1833463,0,0,26,3.250
1764974489.187346,0,0,27,3.375
1764974489.1914332,0,0,26,3.250
1764974489.1953619,0,0,25,3.125
1764974489.1993833,0,0,26,3.250
1764974489.2033331,0,0,26,3.250
1764974489.2073324,0,0,27,3.375
1764974489.211354,0,0,25,3.125
1764974489.2153506,0,0,25,3.125
1764974489.2193465,0,0,26,3.250
1764974489.2233486,0,0,27,3.375
1764974489.227347,0,0,27,3.375
1764974489.2313538,0,0,26,3.250
1764974489.2353506,0,0,25,3.125
1764974489.239346,0,0,26,3.250
1764974489.24333,0,0,27,3.375
1764974489.2473307,0,0,27,3.375
1764974489.2513542,0,0,25,3.125
1764974489.2553492,0,0,25,3.125
1764974489.259354,0,0,26,3.250
1764974489.263347,0,0,26,3.250
1764974489.2673852,0,0,27,3.375
1764974489.271366,0,0,26,3.250
1764974489.275352,0,0,25,3.125
1764974489.2793484,0,0,26,3.250
1764974489.2833319,0,0,26,3.250
1764974489.2873278,0,0,27,3.375
1764974489.2913456,0,0,26,3.250
1764974489.295349,0,0,25,3.125
1764974489.299346,0,0,26,3.250
1764974489.3033657,0,0,26,3.250
1764974489.3073273,0,0,27,3.375
1764974489.3113468,0,0,26,3.250
1764974489.3153496,0,0,25,3.125
1764974489.3193533,0,0,26,3.250
1764974489.3233507,0,0,27,3.375
1764974489.3273456,0,0,27,3.375
1764974489.331348,0,0,26,3.250
1764974489.3353512,0,0,25,3.125
1764974489.3393543,0,0,26,3.250
1764974489.3433497,0,0,26,3.250
1764974489.347347,0,0,27,3.375
1764974489.351347,0,0,26,3.250
1764974489.355349,0,0,25,3.125
1764974489.3593507,0,0,26,3.250
1764974489.363347,0,0,26,3.250
1764974489.367344,0,0,27,3.375
1764974489.3713481,0,0,26,3.250
1764974489.3753464,0,0,25,3.125
1764974489.379351,0,0,26,3.250
1764974489.383348,0,0,26,3.250
1764974489.3873496,0,0,27,3.375
1764974489.3914149,0,0,26,3.250
1764974489.3953447,0,0,25,3.125
1764974489.3993626,0,0,25,3.125
1764974489.4033701,0,0,26,3.250
1764974489.4073303,0,0,27,3.375
1764974489.411352,0,0,27,3.375
1764974489.4153466,0,0,25,3.125
1764974489.419346,0,0,26,3.250
1764974489.4233322,0,0,26,3.250
1764974489.4273298,0,0,27,3.375
1764974489.4313455,0,0,27,3.375
1764974489.4353442,0,0,25,3.125
1764974489.4393494,0,0,26,3.250
1764974489.4433708,0,0,27,3.375
1764974489.447353,0,0,26,3.250
1764974489.4513464,0,0,25,3.125
1764974489.4553428,0,0,25,3.125
1764974489.4593508,0,0,26,3.250
1764974489.4633462,0,0,26,3.250
1764974489.4673574,0,0,27,3.375
1764974489.471345,0,0,25,3.125
1764974489.475328,0,0,25,3.125
1764974489.4793725,0,0,26,3.250
1764974489.4833524,0,0,27,3.375
1764974489.4873466,0,0,27,3.375
1764974489.49135,0,0,25,3.125
1764974489.4953468,0,0,26,3.250
1764974489.4993482,0,0,26,3.250
1764974489.5033808,0,0,27,3.375
1764974489.5073488,0,0,27,3.375
1764974489.511344,0,0,25,3.125
1764974489.5153418,0,0,26,3.250
1764974489.5193484,0,0,26,3.250
1764974489.5233479,0,0,27,3.375
1764974489.5273466,0,0,27,3.375
1764974489.5313473,0,0,26,3.250
1764974489.5353427,0,0,26,3.250
1764974489.53936,0,0,27,3.375
1764974489.543345,0,0,27,3.375
1764974489.5473478,0,0,27,3.375
1764974489.551348,0,0,26,3.250
1764974489.5553443,0,0,26,3.250
1764974489.5593464,0,0,26,3.250
1764974489.563345,0,0,27,3.375
1764974489.567345,0,0,26,3.250
1764974489.571347,0,0,25,3.125
1764974489.5753422,0,0,26,3.250
1764974489.579347,0,0,26,3.250
1764974489.5833452,0,0,27,3.375
1764974489.5873473,0,0,27,3.375
1764974489.5914192,0,0,25,3.125
1764974489.5953536,0,0,25,3.125
1764974489.5993423,0,0,26,3.250
1764974489.6033306,0,0,27,3.375
1764974489.607368,0,0,27,3.375
1764974489.6113532,0,0,25,3.125
1764974489.6153455,0,0,26,3.250
1764974489.6193423,0,0,26,3.250
1764974489.623326,0,0,27,3.375
1764974489.627328,0,0,27,3.375
1764974489.6313465,0,0,25,3.125
1764974489.6353438,0,0,26,3.250
1764974489.6393356,0,0,26,3.250
1764974489.6433244,0,0,26,3.250
1764974489.647325,0,0,27,3.375
1764974489.651348,0,0,25,3.125
1764974489.6553488,0,0,26,3.250
1764974489.6593575,0,0,26,3.250
1764974489.6633441,0,0,27,3.375
1764974489.6673405,0,0,27,3.375
1764974489.6713452,0,0,25,3.125
1764974489.6753461,0,0,26,3.250
1764974489.6793377,0,0,26,3.250
1764974489.6833277,0,0,27,3.375
1764974489.6873264,0,0,27,3.375
1764974489.6913455,0,0,25,3.125
1764974489.695345,0,0,26,3.250
1764974489.6993494,0,0,26,3.250
1764974489.703342,0,0,27,3.375
1764974489.707379,0,0,27,3.375
1764974489.7113466,0,0,25,3.125
1764974489.7153435,0,0,26,3.250
1764974489.7193468,0,0,26,3.250
1764974489.7233484,0,0,26,3.250
1764974489.7273402,0,0,27,3.375
1764974489.7313478,0,0,25,3.125
1764974489.7353435,0,0,26,3.250
1764974489.7393498,0,0,26,3.250
1764974489.7433422,0,0,26,3.250
1764974489.7473404,0,0,27,3.375
1764974489.7513409,0,0,25,3.125
1764974489.7553465,0,0,26,3.250
1764974489.7593486,0,0,26,3.250
1764974489.763342,0,0,26,3.250
1764974489.767338,0,0,27,3.375
1764974489.771347,0,0,25,3.125
1764974489.7753417,0,0,26,3.250
1764974489.7793474,0,0,26,3.250
1764974489.7833412,0,0,26,3.250
1764974489.787342,0,0,27,3.375
1764974489.7916188,0,0,25,3.125
1764974489.795581,0,0,26,3.250
1764974489.7993827,0,0,26,3.250
1764974489.8033457,0,0,26,3.250
1764974489.8073394,0,0,27,3.375
1764974489.8113494,0,0,26,3.250
1764974489.8153424,0,0,26,3.250
1764974489.819351,0,0,26,3.250
1764974489.8233378,0,0,26,3.250
1764974489.8273382,0,0,27,3.375
1764974489.83134,0,0,26,3.250
1764974489.8353364,0,0,26,3.250
1764974489.8393455,0,0,26,3.250
1764974489.8433373,0,0,26,3.250
1764974489.8473349,0,0,28,3.500
1764974489.851343,0,0,25,3.125
1764974489.8553438,0,0,26,3.250
1764974489.8593469,0,0,26,3.250
1764974489.863343,0,0,26,3.250
1764974489.8673477,0,0,27,3.375
1764974489.8713424,0,0,26,3.250
1764974489.875339,0,0,25,3.125
1764974489.8793402,0,0,26,3.250
1764974489.8833265,0,0,27,3.375
1764974489.88732,0,0,27,3.375
1764974489.8913429,0,0,26,3.250
1764974489.8953376,0,0,25,3.125
1764974489.899345,0,0,25,3.125
1764974489.9033377,0,0,26,3.250
1764974489.9073336,0,0,27,3.375
1764974489.9113786,0,0,26,3.250
1764974489.9153402,0,0,25,3.125
1764974489.919346,0,0,26,3.250
1764974489.923342,0,0,26,3.250
1764974489.927337,0,0,27,3.375
1764974489.9313407,0,0,26,3.250
1764974489.9353387,0,0,25,3.125
1764974489.9393475,0,0,26,3.250
1764974489.943341,0,0,27,3.375
1764974489.9473422,0,0,27,3.375
1764974489.9513423,0,0,26,3.250
1764974489.955349,0,0,25,3.125
1764974489.9593458,0,0,26,3.250
1764974489.9633412,0,0,27,3.375
1764974489.9673393,0,0,27,3.375
1764974489.9713385,0,0,26,3.250
1764974489.9753368,0,0,25,3.125
1764974489.9793444,0,0,26,3.250
1764974489.9833398,0,0,26,3.250
1764974489.9873395,0,0,27,3.375
1764974489.9963067,0,0,26,3.250
1764974489.999365,0,0,26,3.250
1764974490.0033317,0,0,26,3.250
1764974490.007325,0,0,27,3.375
1764974490.011381,0,0,26,3.250
1764974490.0153394,0,0,26,3.250
1764974490.0193353,0,0,26,3.250
1764974490.0233235,0,0,26,3.250
1764974490.0273228,0,0,27,3.375
1764974490.0313363,0,0,26,3.250
1764974490.0353358,0,0,25,3.125
1764974490.03933,0,0,26,3.250
1764974490.0433214,0,0,26,3.250
1764974490.0473213,0,0,27,3.375
1764974490.051345,0,0,26,3.250
1764974490.0553365,0,0,25,3.125
1764974490.0593414,0,0,25,3.125
1764974490.063324,0,0,26,3.250
1764974490.0673203,0,0,27,3.375
1764974490.0713403,0,0,26,3.250
1764974490.0753386,0,0,25,3.125
1764974490.07933,0,0,26,3.250
1764974490.0833216,0,0,26,3.250
1764974490.0873194,0,0,27,3.375
1764974490.0913413,0,0,26,3.250
1764974490.095336,0,0,25,3.125
1764974490.0993423,0,0,26,3.250
1764974490.1033373,0,0,26,3.250
1764974490.1073353,0,0,27,3.375
1764974490.1113586,0,0,27,3.375
1764974490.1153188,0,0,26,3.250
1764974490.1193771,0,0,25,3.125
1764974490.123335,0,0,26,3.250
1764974490.127337,0,0,27,3.375
1764974490.1313405,0,0,26,3.250
1764974490.1353333,0,0,25,3.125
1764974490.1393301,0,0,26,3.250
1764974490.143316,0,0,26,3.250
1764974490.147323,0,0,27,3.375
1764974490.1513395,0,0,27,3.375
1764974490.1553361,0,0,25,3.125
1764974490.1593406,0,0,26,3.250
1764974490.1633368,0,0,26,3.250
1764974490.1673326,0,0,27,3.375
1764974490.17135,0,0,27,3.375
1764974490.1753356,0,0,25,3.125
1764974490.179339,0,0,25,3.125
1764974490.1833313,0,0,26,3.250
1764974490.1873372,0,0,27,3.375
1764974490.1913366,0,0,26,3.250
1764974490.195416,0,0,25,3.125
1764974490.199346,0,0,26,3.250
1764974490.2033193,0,0,26,3.250
1764974490.2073207,0,0,27,3.375
1764974490.2113416,0,0,27,3.375
1764974490.2153757,0,0,25,3.125
1764974490.219334,0,0,26,3.250
1764974490.2233393,0,0,26,3.250
1764974490.2273328,0,0,27,3.375
1764974490.2313392,0,0,27,3.375
1764974490.2353349,0,0,25,3.125
1764974490.2393398,0,0,26,3.250
1764974490.2433348,0,0,26,3.250
1764974490.2473302,0,0,26,3.250
1764974490.2513356,0,0,27,3.375
1764974490.2553332,0,0,25,3.125
1764974490.2593393,0,0,25,3.125
1764974490.2633312,0,0,26,3.250
1764974490.2673287,0,0,26,3.250
1764974490.2713394,0,0,27,3.375
1764974490.2753422,0,0,25,3.125
1764974490.279333,0,0,26,3.250
1764974490.283319,0,0,26,3.250
1764974490.2873154,0,0,26,3.250
1764974490.2913337,0,0,25,3.125
1764974490.2953365,0,0,26,3.250
1764974490.2993343,0,0,26,3.250
1764974490.303317,0,0,27,3.375
1764974490.3073144,0,0,27,3.375
1764974490.3113344,0,0,25,3.125
1764974490.3153727,0,0,26,3.250
1764974490.3193405,0,0,26,3.250
1764974490.3233333,0,0,26,3.250
1764974490.3273332,0,0,27,3.375
1764974490.3313358,0,0,25,3.125
1764974490.3353343,0,0,26,3.250
1764974490.3393366,0,0,26,3.250
1764974490.3433325,0,0,26,3.250
1764974490.3473327,0,0,27,3.375
1764974490.3513334,0,0,25,3.125
1764974490.355335,0,0,25,3.125
1764974490.3593395,0,0,26,3.250
1764974490.3633351,0,0,27,3.375
1764974490.3673317,0,0,27,3.375
1764974490.371333,0,0,25,3.125
1764974490.375337,0,0,26,3.250
1764974490.379341,0,0,26,3.250
1764974490.3833349,0,0,27,3.375
1764974490.3873312,0,0,28,3.500
1764974490.3913329,0,0,25,3.125
1764974490.3954196,0,0,26,3.250
1764974490.39935,0,0,26,3.250
1764974490.40332,0,0,26,3.250
1764974490.4073138,0,0,27,3.375
1764974490.4113336,0,0,25,3.125
1764974490.41537,0,0,25,3.125
1764974490.4193316,0,0,26,3.250
1764974490.4233177,0,0,27,3.375
1764974490.4273145,0,0,27,3.375
1764974490.4313335,0,0,25,3.125
1764974490.4353342,0,0,25,3.125
1764974490.439337,0,0,26,3.250
1764974490.443344,0,0,27,3.375
1764974490.4473336,0,0,27,3.375
1764974490.4513364,0,0,25,3.125
1764974490.4553304,0,0,26,3.250
1764974490.4593456,0,0,26,3.250
1764974490.4633331,0,0,26,3.250
1764974490.4673474,0,0,28,3.500
1764974490.4713414,0,0,25,3.125
1764974490.475324,0,0,26,3.250
1764974490.479337,0,0,25,3.125
1764974490.4833317,0,0,26,3.250
1764974490.4873292,0,0,27,3.375
1764974490.491326,0,0,25,3.125
1764974490.4953263,0,0,26,3.250
1764974490.4993606,0,0,25,3.125
1764974490.5033338,0,0,26,3.250
1764974490.5073326,0,0,27,3.375
1764974490.511335,0,0,26,3.250
1764974490.5153406,0,0,26,3.250
1764974490.519374,0,0,26,3.250
1764974490.523336,0,0,26,3.250
1764974490.527332,0,0,27,3.375
1764974490.5313447,0,0,25,3.125
1764974490.5353308,0,0,25,3.125
1764974490.539333,0,0,26,3.250
1764974490.5433302,0,0,26,3.250
1764974490.5473416,0,0,27,3.375
1764974490.5513327,0,0,25,3.125
1764974490.555326,0,0,25,3.125
1764974490.5593317,0,0,26,3.250
1764974490.5633297,0,0,26,3.250
1764974490.5673306,0,0,28,3.500
1764974490.5713334,0,0,25,3.125
1764974490.575327,0,0,25,3.125
1764974490.5793302,0,0,25,3.125
1764974490.5833313,0,0,26,3.250
1764974490.587331,0,0,27,3.375
1764974490.5913332,0,0,26,3.250
1764974490.5953994,0,0,25,3.125
1764974490.5993423,0,0,26,3.250
1764974490.6033149,0,0,26,3.250
1764974490.6073146,0,0,27,3.375
1764974490.6113334,0,0,26,3.250
1764974490.6153312,0,0,25,3.125
1764974490.6193633,0,0,26,3.250
1764974490.623311,0,0,26,3.250
1764974490.627313,0,0,28,3.500
1764974490.6313324,0,0,26,3.250
1764974490.6353295,0,0,25,3.125
1764974490.6393244,0,0,26,3.250
1764974490.6433113,0,0,26,3.250
1764974490.6473138,0,0,27,3.375
1764974490.65133,0,0,26,3.250
1764974490.6553304,0,0,25,3.125
1764974490.659336,0,0,26,3.250
1764974490.6633244,0,0,27,3.375
1764974490.6673272,0,0,27,3.375
1764974490.6713328,0,0,26,3.250
1764974490.6753294,0,0,25,3.125
1764974490.6793232,0,0,26,3.250
1764974490.6833098,0,0,26,3.250
1764974490.687314,0,0,27,3.375
1764974490.6913316,0,0,26,3.250
1764974490.6953344,0,0,25,3.125
1764974490.6993294,0,0,26,3.250
1764974490.7033243,0,0,26,3.250
1764974490.707325,0,0,27,3.375
1764974490.7113311,0,0,26,3.250
1764974490.7153287,0,0,25,3.125
1764974490.7193646,0,0,26,3.250
1764974490.723333,0,0,26,3.250
1764974490.7273283,0,0,27,3.375
1764974490.7313335,0,0,26,3.250
1764974490.7353306,0,0,25,3.125
1764974490.739336,0,0,26,3.250
1764974490.74333,0,0,26,3.250
1764974490.7473264,0,0,27,3.375
1764974490.7513304,0,0,26,3.250
1764974490.7553277,0,0,24,3.000
1764974490.759333,0,0,26,3.250
1764974490.763325,0,0,26,3.250
1764974490.7673254,0,0,27,3.375
1764974490.7713299,0,0,26,3.250
1764974490.7753253,0,0,25,3.125
1764974490.7793303,0,0,26,3.250
1764974490.7833254,0,0,27,3.375
1764974490.7873256,0,0,27,3.375
1764974490.7915926,0,0,27,3.375
1764974490.7955573,0,0,25,3.125
1764974490.7993782,0,0,25,3.125
1764974490.8033297,0,0,26,3.250
1764974490.8073235,0,0,27,3.375
1764974490.8113294,0,0,27,3.375
1764974490.8153267,0,0,25,3.125
1764974490.8193326,0,0,26,3.250
1764974490.8233664,0,0,26,3.250
1764974490.8273206,0,0,27,3.375
1764974490.8313234,0,0,27,3.375
1764974490.8353217,0,0,25,3.125
1764974490.839328,0,0,26,3.250
1764974490.843322,0,0,26,3.250
1764974490.8473194,0,0,27,3.375
1764974490.8513284,0,0,27,3.375
1764974490.855328,0,0,25,3.125
1764974490.8593295,0,0,26,3.250
1764974490.863327,0,0,26,3.250
1764974490.8673224,0,0,26,3.250
1764974490.8713238,0,0,27,3.375
1764974490.8753252,0,0,25,3.125
1764974490.8793314,0,0,26,3.250
1764974490.8833482,0,0,26,3.250
1764974490.8873444,0,0,27,3.375
1764974490.891331,0,0,27,3.375
1764974490.8953238,0,0,25,3.125
1764974490.8993325,0,0,26,3.250
1764974490.9033267,0,0,26,3.250
1764974490.9073226,0,0,27,3.375
1764974490.9113255,0,0,28,3.500
1764974490.9153214,0,0,25,3.125
1764974490.9193242,0,0,26,3.250
1764974490.923348,0,0,26,3.250
1764974490.927312,0,0,27,3.375
1764974490.9313278,0,0,27,3.375
1764974490.9353237,0,0,25,3.125
1764974490.9393303,0,0,25,3.125
1764974490.943326,0,0,26,3.250
1764974490.9473255,0,0,26,3.250
1764974490.9513254,0,0,28,3.500
1764974490.9553232,0,0,25,3.125
1764974490.9593308,0,0,26,3.250
1764974490.963325,0,0,26,3.250
1764974490.967326,0,0,26,3.250
1764974490.9713264,0,0,27,3.375
1764974490.975324,0,0,25,3.125
1764974490.9793289,0,0,26,3.250
1764974490.9833267,0,0,26,3.250
1764974490.9873228,0,0,27,3.375
1764974490.991322,0,0,27,3.375
1764974491.0003355,0,0,26,3.250
1764974491.0033453,0,0,26,3.250
1764974491.0073292,0,0,26,3.250
1764974491.011328,0,0,27,3.375
1764974491.015324,0,0,25,3.125
1764974491.019328,0,0,26,3.250
1764974491.023364,0,0,26,3.250
1764974491.027327,0,0,27,3.375
1764974491.0313282,0,0,27,3.375
1764974491.0353224,0,0,26,3.250
1764974491.039343,0,0,25,3.125
1764974491.043324,0,0,26,3.250
1764974491.0473263,0,0,26,3.250
1764974491.0513277,0,0,27,3.375
1764974491.0553296,0,0,25,3.125
1764974491.0593188,0,0,25,3.125
1764974491.0633051,0,0,26,3.250
1764974491.0673034,0,0,27,3.375
1764974491.071326,0,0,27,3.375
1764974491.0753202,0,0,25,3.125
1764974491.0793157,0,0,26,3.250
1764974491.0833073,0,0,26,3.250
1764974491.0873077,0,0,27,3.375
1764974491.091332,0,0,27,3.375
1764974491.095325,0,0,26,3.250
1764974491.0993245,0,0,25,3.125
1764974491.103322,0,0,26,3.250
1764974491.107324,0,0,26,3.250
1764974491.1113255,0,0,27,3.375
1764974491.1153247,0,0,26,3.250
1764974491.119327,0,0,26,3.250
1764974491.1233213,0,0,27,3.375
1764974491.127359,0,0,27,3.375
1764974491.1313136,0,0,25,3.125
1764974491.1353064,0,0,26,3.250
1764974491.1393464,0,0,26,3.250
1764974491.1433034,0,0,27,3.375
1764974491.1473043,0,0,27,3.375
1764974491.151325,0,0,25,3.125
1764974491.1553226,0,0,26,3.250
1764974491.1593266,0,0,25,3.125
1764974491.16332,0,0,26,3.250
1764974491.1673229,0,0,27,3.375
1764974491.1713245,0,0,25,3.125
1764974491.1753235,0,0,26,3.250
1764974491.1793237,0,0,26,3.250
1764974491.183318,0,0,26,3.250
1764974491.1873178,0,0,27,3.375
1764974491.1913257,0,0,26,3.250
1764974491.195323,0,0,25,3.125
1764974491.1994083,0,0,26,3.250
1764974491.2033334,0,0,26,3.250
1764974491.2073228,0,0,27,3.375
1764974491.2113273,0,0,25,3.125
1764974491.2153234,0,0,25,3.125
1764974491.2193265,0,0,25,3.125
1764974491.223328,0,0,26,3.250
1764974491.2273588,0,0,27,3.375
1764974491.2313254,0,0,25,3.125
1764974491.2353206,0,0,25,3.125
1764974491.2393415,0,0,26,3.250
1764974491.2433186,0,0,26,3.250
1764974491.2473185,0,0,27,3.375
1764974491.251321,0,0,26,3.250
1764974491.2553182,0,0,25,3.125
1764974491.259325,0,0,26,3.250
1764974491.2633185,0,0,27,3.375
1764974491.2673185,0,0,27,3.375
1764974491.27132,0,0,25,3.125
1764974491.2753196,0,0,26,3.250
1764974491.2793255,0,0,26,3.250
1764974491.2833164,0,0,26,3.250
1764974491.2873173,0,0,27,3.375
1764974491.291322,0,0,26,3.250
1764974491.2953207,0,0,25,3.125
1764974491.2993233,0,0,26,3.250
1764974491.3033211,0,0,26,3.250
1764974491.307316,0,0,27,3.375
1764974491.3113186,0,0,26,3.250
1764974491.315315,0,0,25,3.125
1764974491.3193135,0,0,26,3.250
1764974491.323303,0,0,26,3.250
1764974491.3273005,0,0,27,3.375
1764974491.3313239,0,0,26,3.250
1764974491.335322,0,0,25,3.125
1764974491.3393226,0,0,26,3.250
1764974491.3433206,0,0,26,3.250
1764974491.3473175,0,0,27,3.375
1764974491.3513215,0,0,26,3.250
1764974491.3553212,0,0,25,3.125
1764974491.359326,0,0,26,3.250
1764974491.3633232,0,0,26,3.250
1764974491.3673198,0,0,27,3.375
1764974491.371318,0,0,26,3.250
1764974491.3753173,0,0,25,3.125
1764974491.3793232,0,0,26,3.250
1764974491.383319,0,0,26,3.250
1764974491.3873165,0,0,27,3.375
1764974491.3913188,0,0,27,3.375
1764974491.395316,0,0,25,3.125
1764974491.3994071,0,0,25,3.125
1764974491.4033365,0,0,26,3.250
1764974491.407321,0,0,27,3.375
1764974491.4113243,0,0,26,3.250
1764974491.415317,0,0,25,3.125
1764974491.4193254,0,0,26,3.250
1764974491.423321,0,0,26,3.250
1764974491.4273198,0,0,27,3.375
1764974491.4313562,0,0,26,3.250
1764974491.435318,0,0,25,3.125
1764974491.4393299,0,0,26,3.250
1764974491.443322,0,0,26,3.250
1764974491.447319,0,0,27,3.375
1764974491.451317,0,0,26,3.250
1764974491.455316,0,0,25,3.125
1764974491.4593544,0,0,26,3.250
1764974491.4633167,0,0,26,3.250
1764974491.4673162,0,0,27,3.375
1764974491.4713175,0,0,27,3.375
1764974491.4753144,0,0,25,3.125
1764974491.4793398,0,0,26,3.250
1764974491.483318,0,0,26,3.250
1764974491.487318,0,0,26,3.250
1764974491.4913137,0,0,27,3.375
1764974491.4952996,0,0,25,3.125
1764974491.4994087,0,0,26,3.250
1764974491.50332,0,0,26,3.250
1764974491.5073173,0,0,27,3.375
1764974491.5113084,0,0,27,3.375
1764974491.5153,0,0,25,3.125
1764974491.5193193,0,0,26,3.250
1764974491.5233006,0,0,26,3.250
1764974491.5273008,0,0,26,3.250
1764974491.5313346,0,0,27,3.375
1764974491.5353162,0,0,25,3.125
1764974491.5393434,0,0,25,3.125
1764974491.5433168,0,0,26,3.250
1764974491.5473175,0,0,27,3.375
1764974491.5513203,0,0,27,3.375
1764974491.555313,0,0,25,3.125
1764974491.5593388,0,0,26,3.250
1764974491.563312,0,0,26,3.250
1764974491.5673172,0,0,27,3.375
1764974491.5713203,0,0,27,3.375
1764974491.5753164,0,0,25,3.125
1764974491.5793424,0,0,26,3.250
1764974491.5833147,0,0,26,3.250
1764974491.5873141,0,0,27,3.375
1764974491.5913186,0,0,27,3.375
1764974491.595316,0,0,25,3.125
1764974491.5994003,0,0,25,3.125
1764974491.6033292,0,0,26,3.250
1764974491.6073177,0,0,27,3.375
1764974491.6113253,0,0,27,3.375
1764974491.61532,0,0,25,3.125
1764974491.6193523,0,0,26,3.250
1764974491.6233156,0,0,26,3.250
1764974491.6273167,0,0,27,3.375
1764974491.6313565,0,0,27,3.375
1764974491.6353178,0,0,25,3.125
1764974491.6393435,0,0,26,3.250
1764974491.643297,0,0,26,3.250
1764974491.6472967,0,0,27,3.375
1764974491.6513178,0,0,27,3.375
1764974491.6553183,0,0,25,3.125
1764974491.659339,0,0,26,3.250
1764974491.6633165,0,0,26,3.250
1764974491.6673136,0,0,27,3.375
1764974491.6713164,0,0,27,3.375
1764974491.675317,0,0,25,3.125
1764974491.6793416,0,0,26,3.250
1764974491.6833136,0,0,26,3.250
1764974491.6873126,0,0,26,3.250
1764974491.6913204,0,0,27,3.375
1764974491.695315,0,0,25,3.125
1764974491.6993432,0,0,25,3.125
1764974491.70331,0,0,26,3.250
1764974491.7073085,0,0,26,3.250
1764974491.711314,0,0,28,3.500
1764974491.7153125,0,0,25,3.125
1764974491.7193413,0,0,26,3.250
1764974491.7233143,0,0,26,3.250
1764974491.7273126,0,0,26,3.250
1764974491.7313166,0,0,27,3.375
1764974491.7353516,0,0,25,3.125
1764974491.7393405,0,0,25,3.125
1764974491.7433155,0,0,25,3.125
1764974491.7473135,0,0,27,3.375
1764974491.7513182,0,0,27,3.375
1764974491.755309,0,0,25,3.125
1764974491.759341,0,0,26,3.250
1764974491.763316,0,0,26,3.250
1764974491.767314,0,0,27,3.375
1764974491.7713144,0,0,27,3.375
1764974491.7753305,0,0,25,3.125
1764974491.7793427,0,0,25,3.125
1764974491.783298,0,0,26,3.250
1764974491.7872941,0,0,26,3.250
1764974491.7915955,0,0,27,3.375
1764974491.7955444,0,0,25,3.125
1764974491.7994394,0,0,25,3.125
1764974491.8033242,0,0,26,3.250
1764974491.8073137,0,0,27,3.375
1764974491.8113182,0,0,27,3.375
1764974491.8153114,0,0,25,3.125
1764974491.8193457,0,0,26,3.250
1764974491.8233175,0,0,26,3.250
1764974491.8273108,0,0,27,3.375
1764974491.831316,0,0,27,3.375
1764974491.8353527,0,0,25,3.125
1764974491.8393521,0,0,26,3.250
1764974491.843315,0,0,26,3.250
1764974491.8473165,0,0,26,3.250
1764974491.851326,0,0,27,3.375
1764974491.8553262,0,0,26,3.250
1764974491.859356,0,0,25,3.125
1764974491.863318,0,0,26,3.250
1764974491.8673139,0,0,27,3.375
1764974491.8713143,0,0,28,3.500
1764974491.8753119,0,0,25,3.125
1764974491.879345,0,0,26,3.250
1764974491.8833134,0,0,26,3.250
1764974491.8873148,0,0,27,3.375
1764974491.8913155,0,0,27,3.375
1764974491.895312,0,0,26,3.250
1764974491.8993535,0,0,26,3.250
1764974491.9033165,0,0,26,3.250
1764974491.907312,0,0,26,3.250
1764974491.911312,0,0,28,3.500
1764974491.91531,0,0,25,3.125
1764974491.919343,0,0,26,3.250
1764974491.9233139,0,0,26,3.250
1764974491.9273133,0,0,27,3.375
1764974491.931314,0,0,26,3.250
1764974491.935313,0,0,26,3.250
1764974491.9393542,0,0,26,3.250
1764974491.9433107,0,0,26,3.250
1764974491.9473114,0,0,27,3.375
1764974491.951315,0,0,26,3.250
1764974491.955309,0,0,26,3.250
1764974491.959336,0,0,26,3.250
1764974491.9632945,0,0,26,3.250
1764974491.9672956,0,0,27,3.375
1764974491.9713125,0,0,26,3.250
1764974491.9753113,0,0,25,3.125
1764974491.9793317,0,0,25,3.125
1764974491.9833126,0,0,26,3.250
1764974491.9873137,0,0,27,3.375
1764974491.9913137,0,0,26,3.250
1764974491.99531,0,0,25,3.125
1764974492.0042794,0,0,27,3.375
1764974492.0073385,0,0,27,3.375
1764974492.0113184,0,0,26,3.250
1764974492.0153062,0,0,26,3.250
1764974492.0193305,0,0,26,3.250
1764974492.023313,0,0,26,3.250
1764974492.0273132,0,0,28,3.500
1764974492.0313087,0,0,26,3.250
1764974492.0353057,0,0,25,3.125
1764974492.0393584,0,0,26,3.250
1764974492.0433109,0,0,26,3.250
1764974492.0473118,0,0,27,3.375
1764974492.0513139,0,0,26,3.250
1764974492.0553088,0,0,25,3.125
1764974492.0593393,0,0,25,3.125
1764974492.0633097,0,0,26,3.250
1764974492.0673115,0,0,27,3.375
1764974492.0713124,0,0,26,3.250
1764974492.0753121,0,0,25,3.125
1764974492.0793438,0,0,25,3.125
1764974492.083311,0,0,26,3.250
1764974492.0873094,0,0,27,3.375
1764974492.091317,0,0,26,3.250
1764974492.0953147,0,0,25,3.125
1764974492.0993392,0,0,25,3.125
1764974492.1033084,0,0,26,3.250
1764974492.1073074,0,0,27,3.375
1764974492.1113112,0,0,26,3.250
1764974492.1153111,0,0,25,3.125
1764974492.1193259,0,0,25,3.125
1764974492.1232896,0,0,27,3.375
1764974492.1272898,0,0,27,3.375
1764974492.1313148,0,0,27,3.375
1764974492.1353104,0,0,26,3.250
1764974492.1393392,0,0,25,3.125
1764974492.1432927,0,0,26,3.250
1764974492.147291,0,0,27,3.375
1764974492.1512938,0,0,26,3.250
1764974492.1552916,0,0,25,3.125
1764974492.1593463,0,0,26,3.250
1764974492.1633093,0,0,26,3.250
1764974492.1673079,0,0,27,3.375
1764974492.1713116,0,0,27,3.375
1764974492.175313,0,0,25,3.125
1764974492.1793354,0,0,26,3.250
1764974492.183307,0,0,26,3.250
1764974492.1873064,0,0,26,3.250
1764974492.1913087,0,0,27,3.375
1764974492.1953099,0,0,25,3.125
1764974492.199339,0,0,26,3.250
1764974492.203388,0,0,26,3.250
1764974492.207322,0,0,27,3.375
1764974492.2113104,0,0,27,3.375
1764974492.2153044,0,0,25,3.125
1764974492.2193308,0,0,26,3.250
1764974492.2233148,0,0,26,3.250
1764974492.2273085,0,0,26,3.250
1764974492.2313075,0,0,27,3.375
1764974492.2353039,0,0,25,3.125
1764974492.2393274,0,0,26,3.250
1764974492.243348,0,0,26,3.250
1764974492.2473078,0,0,26,3.250
1764974492.2513118,0,0,27,3.375
1764974492.2553215,0,0,25,3.125
1764974492.2593408,0,0,26,3.250
1764974492.2633085,0,0,26,3.250
1764974492.2673073,0,0,27,3.375
1764974492.271308,0,0,27,3.375
1764974492.2753057,0,0,25,3.125
1764974492.2793489,0,0,26,3.250
1764974492.2833083,0,0,26,3.250
1764974492.2873065,0,0,26,3.250
1764974492.2913063,0,0,27,3.375
1764974492.2953045,0,0,25,3.125
1764974492.2993233,0,0,26,3.250
1764974492.3032904,0,0,26,3.250
1764974492.3072915,0,0,26,3.250
1764974492.3113315,0,0,27,3.375
1764974492.315308,0,0,25,3.125
1764974492.3193262,0,0,26,3.250
1764974492.3232894,0,0,26,3.250
1764974492.3272884,0,0,26,3.250
1764974492.3313062,0,0,27,3.375
1764974492.3353052,0,0,25,3.125
1764974492.339324,0,0,25,3.125
1764974492.3433235,0,0,26,3.250
1764974492.3472912,0,0,27,3.375
1764974492.3513174,0,0,27,3.375
1764974492.3553097,0,0,25,3.125
1764974492.359338,0,0,26,3.250
1764974492.3633096,0,0,26,3.250
1764974492.367312,0,0,27,3.375
1764974492.371319,0,0,27,3.375
1764974492.375302,0,0,24,3.000
1764974492.3793256,0,0,25,3.125
1764974492.3833058,0,0,26,3.250
1764974492.387306,0,0,26,3.250
1764974492.3913014,0,0,28,3.500
1764974492.3952985,0,0,25,3.125
1764974492.3993237,0,0,26,3.250
1764974492.403382,0,0,26,3.250
1764974492.4073198,0,0,27,3.375
1764974492.4113088,0,0,27,3.375
1764974492.4152985,0,0,25,3.125
1764974492.419323,0,0,25,3.125
1764974492.423307,0,0,26,3.250
1764974492.4273057,0,0,26,3.250
1764974492.4313035,0,0,28,3.500
1764974492.435299,0,0,25,3.125
1764974492.4393358,0,0,26,3.250
1764974492.4433427,0,0,26,3.250
1764974492.4473104,0,0,27,3.375
1764974492.4513113,0,0,27,3.375
1764974492.455305,0,0,25,3.125
1764974492.459342,0,0,26,3.250
1764974492.4633124,0,0,26,3.250
1764974492.4673102,0,0,26,3.250
1764974492.471307,0,0,27,3.375
1764974492.4753006,0,0,25,3.125
1764974492.47933,0,0,26,3.250
1764974492.4833028,0,0,26,3.250
1764974492.487307,0,0,26,3.250
1764974492.4913063,0,0,27,3.375
1764974492.495302,0,0,25,3.125
1764974492.4993403,0,0,26,3.250
1764974492.503304,0,0,26,3.250
1764974492.5073044,0,0,26,3.250
1764974492.5113056,0,0,27,3.375
1764974492.515305,0,0,25,3.125
1764974492.5193355,0,0,25,3.125
1764974492.523302,0,0,26,3.250
1764974492.5273018,0,0,27,3.375
1764974492.531306,0,0,27,3.375
1764974492.5353036,0,0,25,3.125
1764974492.5393255,0,0,25,3.125
1764974492.5432851,0,0,26,3.250
1764974492.5473206,0,0,27,3.375
1764974492.5513039,0,0,27,3.375
1764974492.5553048,0,0,25,3.125
1764974492.5593364,0,0,26,3.250
1764974492.5633001,0,0,26,3.250
1764974492.567298,0,0,26,3.250
1764974492.5713034,0,0,27,3.375
1764974492.575305,0,0,26,3.250
1764974492.5793283,0,0,25,3.125
1764974492.5833008,0,0,26,3.250
1764974492.5872998,0,0,26,3.250
1764974492.5913048,0,0,27,3.375
1764974492.5953016,0,0,25,3.125
1764974492.5993278,0,0,25,3.125
1764974492.603381,0,0,26,3.250
1764974492.607317,0,0,26,3.250
1764974492.6113062,0,0,27,3.375
1764974492.615301,0,0,25,3.125
1764974492.6193247,0,0,25,3.125
1764974492.6233034,0,0,26,3.250
1764974492.6272993,0,0,26,3.250
1764974492.6313102,0,0,27,3.375
1764974492.635297,0,0,26,3.250
1764974492.6393259,0,0,25,3.125
1764974492.6433,0,0,25,3.125
1764974492.6473396,0,0,26,3.250
1764974492.651306,0,0,27,3.375
1764974492.6553001,0,0,26,3.250
1764974492.6593313,0,0,26,3.250
1764974492.6633134,0,0,26,3.250
1764974492.6672935,0,0,26,3.250
1764974492.6713037,0,0,27,3.375
1764974492.675303,0,0,25,3.125
1764974492.6793253,0,0,26,3.250
1764974492.6833022,0,0,26,3.250
1764974492.6873014,0,0,27,3.375
1764974492.6913025,0,0,27,3.375
1764974492.6952987,0,0,26,3.250
1764974492.6993384,0,0,26,3.250
1764974492.7033036,0,0,27,3.375
1764974492.707296,0,0,27,3.375
1764974492.7112987,0,0,26,3.250
1764974492.7152953,0,0,25,3.125
1764974492.7193289,0,0,26,3.250
1764974492.7233007,0,0,26,3.250
1764974492.727303,0,0,27,3.375
1764974492.7312994,0,0,26,3.250
1764974492.7352915,0,0,25,3.125
1764974492.7393222,0,0,26,3.250
1764974492.743297,0,0,26,3.250
1764974492.747332,0,0,27,3.375
1764974492.751296,0,0,26,3.250
1764974492.755297,0,0,25,3.125
1764974492.7593317,0,0,26,3.250
1764974492.7632966,0,0,26,3.250
1764974492.7672975,0,0,27,3.375
1764974492.7712975,0,0,26,3.250
1764974492.7752962,0,0,25,3.125
1764974492.7793272,0,0,26,3.250
1764974492.7832994,0,0,26,3.250
1764974492.787297,0,0,27,3.375
1764974492.7915714,0,0,26,3.250
1764974492.7955203,0,0,26,3.250
1764974492.7993755,0,0,26,3.250
1764974492.803371,0,0,26,3.250
1764974492.8073094,0,0,27,3.375
1764974492.8113072,0,0,27,3.375
1764974492.8152978,0,0,25,3.125
1764974492.8193264,0,0,26,3.250
1764974492.8232906,0,0,26,3.250
1764974492.827295,0,0,27,3.375
1764974492.8314803,0,0,27,3.375
1764974492.8352993,0,0,25,3.125
1764974492.8393252,0,0,26,3.250
1764974492.8432994,0,0,26,3.250
1764974492.8472993,0,0,27,3.375
1764974492.851643,0,0,26,3.250
1764974492.8554397,0,0,25,3.125
1764974492.859581,0,0,26,3.250
1764974492.8636749,0,0,26,3.250
1764974492.8673646,0,0,27,3.375
1764974492.8713133,0,0,26,3.250
1764974492.8752985,0,0,25,3.125
1764974492.8793447,0,0,26,3.250
1764974492.883301,0,0,26,3.250
1764974492.8873017,0,0,26,3.250
1764974492.8913012,0,0,26,3.250
1764974492.8952963,0,0,25,3.125
1764974492.8993409,0,0,26,3.250
1764974492.903298,0,0,26,3.250
1764974492.9072957,0,0,27,3.375
1764974492.9113007,0,0,27,3.375
1764974492.9152994,0,0,24,3.000
1764974492.9193332,0,0,26,3.250
1764974492.9232981,0,0,26,3.250
1764974492.927299,0,0,27,3.375
1764974492.9313014,0,0,27,3.375
1764974492.9353004,0,0,25,3.125
1764974492.9393458,0,0,25,3.125
1764974492.9432964,0,0,26,3.250
1764974492.9472988,0,0,26,3.250
1764974492.9513404,0,0,27,3.375
1764974492.9553006,0,0,25,3.125
1764974492.9593296,0,0,26,3.250
1764974492.9632978,0,0,26,3.250
1764974492.9672968,0,0,27,3.375
1764974492.9713035,0,0,27,3.375
1764974492.9752998,0,0,25,3.125
1764974492.9793339,0,0,26,3.250
1764974492.9832969,0,0,26,3.250
1764974492.987295,0,0,26,3.250
1764974492.9912992,0,0,27,3.375
1764974492.9952974,0,0,25,3.125
1764974492.9993258,0,0,25,3.125
1764974493.008393,0,0,27,3.375
1764974493.0113616,0,0,27,3.375
1764974493.0153089,0,0,25,3.125
1764974493.0193257,0,0,25,3.125
1764974493.0232835,0,0,26,3.250
1764974493.0272775,0,0,27,3.375
1764974493.0313022,0,0,27,3.375
1764974493.0352993,0,0,25,3.125
1764974493.0393186,0,0,25,3.125
1764974493.0432794,0,0,26,3.250
1764974493.0472806,0,0,27,3.375
1764974493.0513391,0,0,27,3.375
1764974493.0553138,0,0,25,3.125
1764974493.059329,0,0,26,3.250
1764974493.0633016,0,0,26,3.250
1764974493.0672934,0,0,26,3.250
1764974493.0713067,0,0,28,3.500
1764974493.0752962,0,0,25,3.125
1764974493.0793262,0,0,26,3.250
1764974493.0832803,0,0,26,3.250
1764974493.087276,0,0,27,3.375
1764974493.091289,0,0,27,3.375
1764974493.0952802,0,0,25,3.125
1764974493.0993283,0,0,25,3.125
1764974493.1032999,0,0,26,3.250
1764974493.1072931,0,0,27,3.375
1764974493.111296,0,0,27,3.375
1764974493.1152964,0,0,25,3.125
1764974493.1193206,0,0,26,3.250
1764974493.1232975,0,0,26,3.250
1764974493.1272933,0,0,26,3.250
1764974493.1312938,0,0,28,3.500
1764974493.135293,0,0,26,3.250
1764974493.1393325,0,0,26,3.250
1764974493.1433105,0,0,25,3.125
1764974493.147298,0,0,26,3.250
1764974493.151297,0,0,27,3.375
1764974493.1553311,0,0,25,3.125
1764974493.1593332,0,0,26,3.250
1764974493.163281,0,0,26,3.250
1764974493.167279,0,0,27,3.375
1764974493.1712809,0,0,28,3.500
1764974493.1752765,0,0,25,3.125
1764974493.1793334,0,0,26,3.250
1764974493.1832986,0,0,26,3.250
1764974493.187295,0,0,26,3.250
1764974493.191296,0,0,28,3.500
1764974493.195291,0,0,25,3.125
1764974493.1993227,0,0,26,3.250
1764974493.2032945,0,0,26,3.250
1764974493.2073917,0,0,27,3.375
1764974493.2113142,0,0,27,3.375
1764974493.215293,0,0,25,3.125
1764974493.2193196,0,0,25,3.125
1764974493.2232969,0,0,26,3.250
1764974493.2273026,0,0,27,3.375
1764974493.2312992,0,0,27,3.375
1764974493.2352927,0,0,25,3.125
1764974493.2393198,0,0,26,3.250
1764974493.243295,0,0,26,3.250
1764974493.2472947,0,0,26,3.250
1764974493.2512958,0,0,28,3.500
1764974493.255332,0,0,26,3.250
1764974493.259331,0,0,25,3.125
1764974493.2632945,0,0,26,3.250
1764974493.267293,0,0,26,3.250
1764974493.271294,0,0,27,3.375
1764974493.2752912,0,0,25,3.125
1764974493.2793293,0,0,25,3.125
1764974493.2832878,0,0,26,3.250
1764974493.287293,0,0,26,3.250
1764974493.2912953,0,0,27,3.375
1764974493.2952893,0,0,26,3.250
1764974493.2993252,0,0,25,3.125
1764974493.3032906,0,0,26,3.250
1764974493.3072932,0,0,26,3.250
1764974493.3112922,0,0,28,3.500
1764974493.3152964,0,0,26,3.250
1764974493.3193195,0,0,25,3.125
1764974493.323288,0,0,26,3.250
1764974493.3272889,0,0,26,3.250
1764974493.3312964,0,0,27,3.375
1764974493.3352935,0,0,25,3.125
1764974493.3393185,0,0,26,3.250
1764974493.34329,0,0,26,3.250
1764974493.347293,0,0,26,3.250
1764974493.3512933,0,0,27,3.375
1764974493.3553014,0,0,26,3.250
1764974493.359322,0,0,25,3.125
1764974493.3632896,0,0,26,3.250
1764974493.3672888,0,0,26,3.250
1764974493.3712885,0,0,27,3.375
1764974493.3752759,0,0,26,3.250
1764974493.3793373,0,0,26,3.250
1764974493.3832898,0,0,26,3.250
1764974493.387287,0,0,27,3.375
1764974493.391297,0,0,27,3.375
1764974493.3953161,0,0,26,3.250
1764974493.3993144,0,0,25,3.125
1764974493.4032762,0,0,26,3.250
1764974493.407344,0,0,26,3.250
1764974493.4113138,0,0,27,3.375
1764974493.4152966,0,0,26,3.250
1764974493.4193265,0,0,26,3.250
1764974493.4232914,0,0,26,3.250
1764974493.4272916,0,0,27,3.375
1764974493.4312968,0,0,27,3.375
1764974493.4352934,0,0,26,3.250
1764974493.4393377,0,0,25,3.125
1764974493.4432943,0,0,26,3.250
1764974493.4472902,0,0,26,3.250
1764974493.4512944,0,0,27,3.375
1764974493.455289,0,0,26,3.250
1764974493.4593337,0,0,25,3.125
1764974493.463288,0,0,26,3.250
1764974493.4672883,0,0,26,3.250
1764974493.471287,0,0,27,3.375
1764974493.475292,0,0,25,3.125
1764974493.4793272,0,0,26,3.250
1764974493.4832907,0,0,26,3.250
1764974493.4872875,0,0,27,3.375
1764974493.4912953,0,0,27,3.375
1764974493.4952981,0,0,25,3.125
1764974493.4993215,0,0,26,3.250
1764974493.5032747,0,0,26,3.250
1764974493.5072703,0,0,26,3.250
1764974493.5112886,0,0,27,3.375
1764974493.5152926,0,0,25,3.125
1764974493.5193098,0,0,26,3.250
1764974493.5232756,0,0,26,3.250
1764974493.5272717,0,0,26,3.250
1764974493.5312948,0,0,27,3.375
1764974493.5352921,0,0,25,3.125
1764974493.5393205,0,0,26,3.250
1764974493.5432935,0,0,27,3.375
1764974493.5472896,0,0,27,3.375
1764974493.5512896,0,0,27,3.375
1764974493.5552883,0,0,25,3.125
1764974493.5593426,0,0,26,3.250
1764974493.5632758,0,0,26,3.250
1764974493.5672727,0,0,27,3.375
1764974493.5712895,0,0,27,3.375
1764974493.575288,0,0,25,3.125
1764974493.5793273,0,0,26,3.250
1764974493.5832896,0,0,26,3.250
1764974493.5872903,0,0,27,3.375
1764974493.591288,0,0,27,3.375
1764974493.595288,0,0,25,3.125
1764974493.5993195,0,0,25,3.125
1764974493.603292,0,0,26,3.250
1764974493.6073668,0,0,27,3.375
1764974493.6113086,0,0,27,3.375
1764974493.6152894,0,0,25,3.125
1764974493.6193178,0,0,26,3.250
1764974493.6232922,0,0,26,3.250
1764974493.627294,0,0,26,3.250
1764974493.63129,0,0,27,3.375
1764974493.6352882,0,0,25,3.125
1764974493.6393113,0,0,26,3.250
1764974493.6432922,0,0,26,3.250
1764974493.6472864,0,0,26,3.250
1764974493.6512918,0,0,26,3.250
1764974493.655286,0,0,25,3.125
1764974493.6593506,0,0,25,3.125
1764974493.6632884,0,0,26,3.250
1764974493.6672869,0,0,27,3.375
1764974493.671291,0,0,27,3.375
1764974493.6752915,0,0,25,3.125
1764974493.679321,0,0,25,3.125
1764974493.6832743,0,0,26,3.250
1764974493.6872718,0,0,26,3.250
1764974493.6912904,0,0,27,3.375
1764974493.6952856,0,0,25,3.125
1764974493.6993089,0,0,26,3.250
1764974493.7032702,0,0,26,3.250
1764974493.7072725,0,0,26,3.250
1764974493.7112925,0,0,27,3.375
1764974493.715288,0,0,25,3.125
1764974493.7193184,0,0,26,3.250
1764974493.7232878,0,0,26,3.250
1764974493.7272966,0,0,27,3.375
1764974493.731292,0,0,27,3.375
1764974493.7352893,0,0,25,3.125
1764974493.7393186,0,0,25,3.125
1764974493.7432873,0,0,26,3.250
1764974493.7472873,0,0,27,3.375
1764974493.7512903,0,0,27,3.375
1764974493.7552898,0,0,25,3.125
1764974493.7593136,0,0,26,3.250
1764974493.7632844,0,0,25,3.125
1764974493.7672873,0,0,26,3.250
1764974493.771287,0,0,27,3.375
1764974493.775288,0,0,25,3.125
1764974493.7793188,0,0,26,3.250
1764974493.7832856,0,0,25,3.125
1764974493.7872856,0,0,26,3.250
1764974493.7915604,0,0,27,3.375
1764974493.7955205,0,0,25,3.125
1764974493.7993612,0,0,26,3.250
1764974493.8032897,0,0,26,3.250
1764974493.8073478,0,0,27,3.375
1764974493.8113132,0,0,27,3.375
1764974493.8152914,0,0,25,3.125
1764974493.8193176,0,0,26,3.250
1764974493.8232844,0,0,26,3.250
1764974493.8272848,0,0,27,3.375
1764974493.8312914,0,0,27,3.375
1764974493.8352854,0,0,26,3.250
1764974493.8393404,0,0,26,3.250
1764974493.8432837,0,0,26,3.250
1764974493.8472848,0,0,26,3.250
1764974493.851287,0,0,28,3.500
1764974493.8552895,0,0,26,3.250
1764974493.8593252,0,0,25,3.125
1764974493.863327,0,0,25,3.125
1764974493.8672931,0,0,26,3.250
1764974493.8712986,0,0,27,3.375
1764974493.8752892,0,0,25,3.125
1764974493.879324,0,0,26,3.250
1764974493.8832862,0,0,26,3.250
1764974493.8872845,0,0,27,3.375
1764974493.8912835,0,0,27,3.375
1764974493.895284,0,0,26,3.250
1764974493.8993165,0,0,26,3.250
1764974493.9032867,0,0,26,3.250
1764974493.9072833,0,0,26,3.250
1764974493.9112875,0,0,27,3.375
1764974493.9152913,0,0,26,3.250
1764974493.9193227,0,0,26,3.250
1764974493.9232886,0,0,26,3.250
1764974493.927284,0,0,27,3.375
1764974493.931285,0,0,28,3.500
1764974493.935284,0,0,26,3.250
1764974493.9393137,0,0,25,3.125
1764974493.9432855,0,0,26,3.250
1764974493.9472802,0,0,26,3.250
1764974493.9512837,0,0,27,3.375
1764974493.9552813,0,0,26,3.250
1764974493.9593194,0,0,25,3.125
1764974493.9633253,0,0,26,3.250
1764974493.967286,0,0,26,3.250
1764974493.9712863,0,0,27,3.375
1764974493.975283,0,0,25,3.125
1764974493.9793239,0,0,25,3.125
1764974493.9832866,0,0,26,3.250
1764974493.9872863,0,0,26,3.250
1764974493.9912825,0,0,27,3.375
1764974493.995282,0,0,25,3.125
1764974493.9993126,0,0,25,3.125
1764974494.0032887,0,0,26,3.250
1764974494.0122497,0,0,28,3.500
1764974494.0153039,0,0,26,3.250
1764974494.0193267,0,0,25,3.125
1764974494.0232687,0,0,25,3.125
1764974494.0272691,0,0,27,3.375
1764974494.0312865,0,0,27,3.375
1764974494.0352836,0,0,26,3.250
1764974494.0393028,0,0,25,3.125
1764974494.0432673,0,0,25,3.125
1764974494.0472639,0,0,27,3.375
1764974494.051292,0,0,27,3.375
1764974494.05528,0,0,26,3.250
1764974494.0593102,0,0,25,3.125
1764974494.0632858,0,0,26,3.250
1764974494.0672832,0,0,26,3.250
1764974494.0712829,0,0,27,3.375
1764974494.0752816,0,0,25,3.125
1764974494.079316,0,0,25,3.125
1764974494.0832825,0,0,26,3.250
1764974494.08728,0,0,27,3.375
1764974494.091284,0,0,27,3.375
1764974494.0952783,0,0,26,3.250
1764974494.099312,0,0,25,3.125
1764974494.103279,0,0,26,3.250
1764974494.1072857,0,0,26,3.250
1764974494.1112823,0,0,27,3.375
1764974494.1152813,0,0,26,3.250
1764974494.1193087,0,0,25,3.125
1764974494.1232805,0,0,26,3.250
1764974494.1272805,0,0,26,3.250
1764974494.131281,0,0,27,3.375
1764974494.135281,0,0,26,3.250
1764974494.1392996,0,0,25,3.125
1764974494.143262,0,0,26,3.250
1764974494.1472645,0,0,26,3.250
1764974494.1512806,0,0,27,3.375
1764974494.155283,0,0,27,3.375
1764974494.1593068,0,0,25,3.125
1764974494.1632783,0,0,25,3.125
1764974494.1673157,0,0,26,3.250
1764974494.1712844,0,0,27,3.375
1764974494.1752818,0,0,27,3.375
1764974494.1793141,0,0,25,3.125
1764974494.1832776,0,0,26,3.250
1764974494.1872785,0,0,27,3.375
1764974494.1912696,0,0,27,3.375
1764974494.1952643,0,0,27,3.375
1764974494.1993058,0,0,25,3.125
1764974494.203264,0,0,26,3.250
1764974494.207262,0,0,26,3.250
1764974494.2113724,0,0,27,3.375
1764974494.2152958,0,0,26,3.250
1764974494.219309,0,0,25,3.125
1764974494.2232633,0,0,26,3.250
1764974494.227278,0,0,27,3.375
1764974494.2312827,0,0,27,3.375
1764974494.2352817,0,0,25,3.125
1764974494.2393012,0,0,26,3.250
1764974494.2432609,0,0,26,3.250
1764974494.2472582,0,0,27,3.375
1764974494.2512844,0,0,27,3.375
1764974494.2552814,0,0,25,3.125
1764974494.2593093,0,0,25,3.125
1764974494.2632766,0,0,27,3.375
1764974494.267317,0,0,27,3.375
1764974494.2712803,0,0,27,3.375
1764974494.2752836,0,0,25,3.125
1764974494.2793167,0,0,26,3.250
1764974494.2832806,0,0,26,3.250
1764974494.287278,0,0,27,3.375
1764974494.2912796,0,0,27,3.375
1764974494.295281,0,0,25,3.125
1764974494.2992985,0,0,26,3.250
1764974494.3032653,0,0,26,3.250
1764974494.3072634,0,0,27,3.375
1764974494.311289,0,0,27,3.375
1764974494.3152878,0,0,26,3.250
1764974494.3193111,0,0,26,3.250
1764974494.3232658,0,0,26,3.250
1764974494.3272617,0,0,26,3.250
1764974494.3312812,0,0,27,3.375
1764974494.3352807,0,0,25,3.125
1764974494.339299,0,0,26,3.250
1764974494.3432615,0,0,26,3.250
1764974494.3472602,0,0,26,3.250
1764974494.351282,0,0,27,3.375
1764974494.355275,0,0,25,3.125
1764974494.3593054,0,0,25,3.125
1764974494.3632798,0,0,26,3.250
1764974494.367311,0,0,27,3.375
1764974494.3712761,0,0,27,3.375
1764974494.3752766,0,0,25,3.125
1764974494.379315,0,0,25,3.125
1764974494.383279,0,0,26,3.250
1764974494.387278,0,0,27,3.375
1764974494.3912725,0,0,28,3.500
1764974494.395263,0,0,25,3.125
1764974494.3993075,0,0,26,3.250
1764974494.4032812,0,0,26,3.250
1764974494.4072793,0,0,27,3.375
1764974494.4113555,0,0,27,3.375
1764974494.4152918,0,0,25,3.125
1764974494.4193063,0,0,26,3.250
1764974494.4232633,0,0,26,3.250
1764974494.427265,0,0,27,3.375
1764974494.4312782,0,0,27,3.375
1764974494.4352756,0,0,25,3.125
1764974494.4392958,0,0,26,3.250
1764974494.443263,0,0,26,3.250
1764974494.4472585,0,0,26,3.250
1764974494.4512806,0,0,27,3.375
1764974494.4552767,0,0,25,3.125
1764974494.4593043,0,0,26,3.250
1764974494.4632754,0,0,26,3.250
1764974494.4672778,0,0,26,3.250
1764974494.471279,0,0,27,3.375
1764974494.4752746,0,0,25,3.125
1764974494.4793127,0,0,26,3.250
1764974494.4832835,0,0,26,3.250
1764974494.4872806,0,0,26,3.250
1764974494.4912806,0,0,27,3.375
1764974494.4952748,0,0,25,3.125
1764974494.4993072,0,0,26,3.250
1764974494.503278,0,0,25,3.125
1764974494.507279,0,0,27,3.375
1764974494.51128,0,0,27,3.375
1764974494.5152771,0,0,25,3.125
1764974494.5193183,0,0,25,3.125
1764974494.5232983,0,0,26,3.250
1764974494.5272837,0,0,26,3.250
1764974494.531282,0,0,27,3.375
1764974494.535279,0,0,25,3.125
1764974494.539312,0,0,25,3.125
1764974494.543278,0,0,26,3.250
1764974494.54728,0,0,27,3.375
1764974494.5512793,0,0,27,3.375
1764974494.5552757,0,0,25,3.125
1764974494.559298,0,0,25,3.125
1764974494.563276,0,0,25,3.125
1764974494.567276,0,0,27,3.375
1764974494.5713143,0,0,27,3.375
1764974494.5752754,0,0,25,3.125
1764974494.5793085,0,0,25,3.125
1764974494.5832567,0,0,26,3.250
1764974494.5872571,0,0,27,3.375
1764974494.5912755,0,0,27,3.375
1764974494.5952752,0,0,25,3.125
1764974494.5993042,0,0,26,3.250
1764974494.6032753,0,0,26,3.250
1764974494.6072726,0,0,27,3.375
1764974494.6113675,0,0,26,3.250
1764974494.6152885,0,0,26,3.250
1764974494.619306,0,0,25,3.125
1764974494.62326,0,0,26,3.250
1764974494.6272569,0,0,26,3.250
1764974494.6312807,0,0,27,3.375
1764974494.6352792,0,0,25,3.125
1764974494.6392982,0,0,25,3.125
1764974494.6432571,0,0,26,3.250
1764974494.647255,0,0,26,3.250
1764974494.6512816,0,0,27,3.375
1764974494.655279,0,0,26,3.250
1764974494.6593056,0,0,25,3.125
1764974494.6632726,0,0,26,3.250
1764974494.6672723,0,0,26,3.250
1764974494.6713126,0,0,27,3.375
1764974494.675276,0,0,25,3.125
1764974494.6793144,0,0,25,3.125
1764974494.6832736,0,0,26,3.250
1764974494.6872737,0,0,26,3.250
1764974494.6912763,0,0,27,3.375
1764974494.6952868,0,0,26,3.250
1764974494.699301,0,0,26,3.250
1764974494.7032595,0,0,26,3.250
1764974494.7072563,0,0,26,3.250
1764974494.711274,0,0,27,3.375
1764974494.715277,0,0,26,3.250
1764974494.7192976,0,0,25,3.125
1764974494.723261,0,0,26,3.250
1764974494.7272744,0,0,26,3.250
1764974494.7312822,0,0,27,3.375
1764974494.7352762,0,0,26,3.250
1764974494.739305,0,0,26,3.250
1764974494.743277,0,0,26,3.250
1764974494.7472746,0,0,26,3.250
1764974494.7512736,0,0,27,3.375
1764974494.7552688,0,0,26,3.250
1764974494.759307,0,0,26,3.250
1764974494.7632766,0,0,26,3.250
1764974494.7672715,0,0,26,3.250
1764974494.7712681,0,0,27,3.375
1764974494.7753096,0,0,26,3.250
1764974494.7793083,0,0,25,3.125
1764974494.7832735,0,0,26,3.250
1764974494.7872727,0,0,26,3.250
1764974494.791543,0,0,27,3.375
1764974494.7954924,0,0,26,3.250
1764974494.799347,0,0,26,3.250
1764974494.803275,0,0,26,3.250
1764974494.8072722,0,0,26,3.250
1764974494.8113608,0,0,27,3.375
1764974494.8152833,0,0,26,3.250
1764974494.8193016,0,0,25,3.125
1764974494.8232741,0,0,25,3.125
1764974494.8272846,0,0,26,3.250
1764974494.8312778,0,0,27,3.375
1764974494.8352847,0,0,26,3.250
1764974494.8392985,0,0,25,3.125
1764974494.8432572,0,0,26,3.250
1764974494.8472564,0,0,26,3.250
1764974494.851282,0,0,27,3.375
1764974494.8552723,0,0,26,3.250
1764974494.8593,0,0,25,3.125
1764974494.8632753,0,0,26,3.250
1764974494.8672736,0,0,26,3.250
1764974494.871275,0,0,27,3.375
1764974494.8753192,0,0,27,3.375
1764974494.8793142,0,0,25,3.125
1764974494.8832605,0,0,26,3.250
1764974494.8872573,0,0,26,3.250
1764974494.8912752,0,0,27,3.375
1764974494.8952708,0,0,27,3.375
1764974494.8993037,0,0,25,3.125
1764974494.903272,0,0,26,3.250
1764974494.907273,0,0,26,3.250
1764974494.9112768,0,0,27,3.375
1764974494.915272,0,0,26,3.250
1764974494.9192963,0,0,25,3.125
1764974494.9232697,0,0,26,3.250
1764974494.9272714,0,0,27,3.375
1764974494.931276,0,0,27,3.375
1764974494.9352727,0,0,27,3.375
1764974494.9392965,0,0,25,3.125
1764974494.9432697,0,0,26,3.250
1764974494.9472747,0,0,26,3.250
1764974494.9512734,0,0,27,3.375
1764974494.9552698,0,0,27,3.375
1764974494.959298,0,0,25,3.125
1764974494.9632711,0,0,26,3.250
1764974494.9672701,0,0,26,3.250
1764974494.9712718,0,0,27,3.375
1764974494.9753034,0,0,28,3.500
1764974494.9793055,0,0,26,3.250
1764974494.9832664,0,0,26,3.250
1764974494.9872675,0,0,27,3.375
1764974494.9912694,0,0,27,3.375
1764974494.995272,0,0,25,3.125
1764974494.9992983,0,0,25,3.125
1764974495.0032501,0,0,25,3.125
1764974495.0072508,0,0,27,3.375
1764974495.0162911,0,0,26,3.250
1764974495.0193367,0,0,25,3.125
1764974495.0232558,0,0,26,3.250
1764974495.0272532,0,0,26,3.250
1764974495.0312738,0,0,27,3.375
1764974495.0352714,0,0,25,3.125
1764974495.039295,0,0,26,3.250
1764974495.0432553,0,0,26,3.250
1764974495.0472522,0,0,27,3.375
1764974495.0512795,0,0,27,3.375
1764974495.055273,0,0,25,3.125
1764974495.059297,0,0,26,3.250
1764974495.0632718,0,0,26,3.250
1764974495.0672698,0,0,27,3.375
1764974495.071271,0,0,27,3.375
1764974495.0752707,0,0,25,3.125
1764974495.0793366,0,0,26,3.250
1764974495.0832603,0,0,26,3.250
1764974495.0872514,0,0,26,3.250
1764974495.091273,0,0,27,3.375
1764974495.0952692,0,0,25,3.125
1764974495.0992968,0,0,26,3.250
1764974495.1032703,0,0,26,3.250
1764974495.107269,0,0,27,3.375
1764974495.1112723,0,0,27,3.375
1764974495.1152964,0,0,25,3.125
1764974495.1193032,0,0,26,3.250
1764974495.1232545,0,0,26,3.250
1764974495.1272516,0,0,26,3.250
1764974495.131272,0,0,27,3.375
1764974495.1352699,0,0,25,3.125
1764974495.1392896,0,0,26,3.250
1764974495.1432557,0,0,26,3.250
1764974495.1472526,0,0,26,3.250
1764974495.1512713,0,0,27,3.375
1764974495.1552684,0,0,25,3.125
1764974495.1592987,0,0,25,3.125
1764974495.163272,0,0,25,3.125
1764974495.1672707,0,0,26,3.250
1764974495.1712673,0,0,27,3.375
1764974495.175266,0,0,25,3.125
1764974495.179322,0,0,25,3.125
1764974495.1832705,0,0,25,3.125
1764974495.187269,0,0,27,3.375
1764974495.1912663,0,0,27,3.375
1764974495.1952646,0,0,25,3.125
1764974495.199294,0,0,26,3.250
1764974495.2032661,0,0,26,3.250
1764974495.2072666,0,0,27,3.375
1764974495.211255,0,0,28,3.500
1764974495.2153246,0,0,25,3.125
1764974495.2193174,0,0,25,3.125
1764974495.2232542,0,0,25,3.125
1764974495.2272637,0,0,27,3.375
1764974495.2312698,0,0,27,3.375
1764974495.2352653,0,0,26,3.250
1764974495.2392848,0,0,25,3.125
1764974495.243252,0,0,26,3.250
1764974495.2472522,0,0,26,3.250
1764974495.251277,0,0,27,3.375
1764974495.2552688,0,0,25,3.125
1764974495.2592964,0,0,26,3.250
1764974495.263272,0,0,26,3.250
1764974495.26727,0,0,26,3.250
1764974495.2712722,0,0,27,3.375
1764974495.2752647,0,0,26,3.250
1764974495.2793317,0,0,25,3.125
1764974495.2832725,0,0,26,3.250
1764974495.2872696,0,0,26,3.250
1764974495.2912705,0,0,27,3.375
1764974495.2952647,0,0,26,3.250
1764974495.299296,0,0,25,3.125
1764974495.3032656,0,0,25,3.125
1764974495.3072662,0,0,26,3.250
1764974495.311268,0,0,27,3.375
1764974495.3152673,0,0,26,3.250
1764974495.319291,0,0,26,3.250
1764974495.3232667,0,0,26,3.250
1764974495.3272712,0,0,26,3.250
1764974495.3312743,0,0,27,3.375
1764974495.3352683,0,0,26,3.250
1764974495.3393064,0,0,25,3.125
1764974495.3432662,0,0,26,3.250
1764974495.3472693,0,0,26,3.250
1764974495.3512702,0,0,27,3.375
1764974495.3552666,0,0,25,3.125
1764974495.3592865,0,0,26,3.250
1764974495.3632782,0,0,26,3.250
1764974495.3672643,0,0,26,3.250
1764974495.3712702,0,0,27,3.375
1764974495.3752668,0,0,26,3.250
1764974495.3793497,0,0,25,3.125
1764974495.383266,0,0,25,3.125
1764974495.3872666,0,0,26,3.250
1764974495.3912668,0,0,27,3.375
1764974495.39525,0,0,26,3.250
1764974495.3992617,0,0,25,3.125
1764974495.4032626,0,0,25,3.125
1764974495.4072628,0,0,26,3.250
1764974495.4112659,0,0,27,3.375
1764974495.4153414,0,0,26,3.250
1764974495.4193177,0,0,25,3.125
1764974495.4232473,0,0,26,3.250
1764974495.4272473,0,0,26,3.250
1764974495.43127,0,0,27,3.375
1764974495.435266,0,0,26,3.250
1764974495.439285,0,0,25,3.125
1764974495.4432468,0,0,26,3.250
1764974495.4472463,0,0,26,3.250
1764974495.4512792,0,0,27,3.375
1764974495.4552667,0,0,26,3.250
1764974495.459295,0,0,25,3.125
1764974495.4632647,0,0,25,3.125
1764974495.4672747,0,0,27,3.375
1764974495.4712644,0,0,27,3.375
1764974495.4752665,0,0,26,3.250
1764974495.4792929,0,0,25,3.125
1764974495.4833026,0,0,26,3.250
1764974495.487251,0,0,26,3.250
1764974495.49127,0,0,27,3.375
1764974495.4952736,0,0,26,3.250
1764974495.49931,0,0,25,3.125
1764974495.5032692,0,0,25,3.125
1764974495.5072618,0,0,26,3.250
1764974495.5112643,0,0,27,3.375
1764974495.515263,0,0,26,3.250
1764974495.5192835,0,0,25,3.125
1764974495.5232472,0,0,25,3.125
1764974495.5272458,0,0,26,3.250
1764974495.531267,0,0,27,3.375
1764974495.5352635,0,0,27,3.375
1764974495.5392954,0,0,25,3.125
1764974495.5432665,0,0,26,3.250
1764974495.5472655,0,0,26,3.250
1764974495.5512643,0,0,27,3.375
1764974495.555263,0,0,27,3.375
1764974495.5592947,0,0,25,3.125
1764974495.5632658,0,0,26,3.250
1764974495.5672643,0,0,26,3.250
1764974495.5712638,0,0,27,3.375
1764974495.5752602,0,0,26,3.250
1764974495.5792966,0,0,26,3.250
1764974495.5833027,0,0,25,3.125
1764974495.5872653,0,0,26,3.250
1764974495.591267,0,0,27,3.375
1764974495.595273,0,0,27,3.375
1764974495.599286,0,0,25,3.125
1764974495.6032486,0,0,26,3.250
1764974495.6072474,0,0,26,3.250
1764974495.6112645,0,0,27,3.375
1764974495.6153407,0,0,27,3.375
1764974495.6193085,0,0,25,3.125
1764974495.62325,0,0,25,3.125
1764974495.6272485,0,0,27,3.375
1764974495.6312683,0,0,27,3.375
1764974495.6352594,0,0,27,3.375
1764974495.6392784,0,0,25,3.125
1764974495.6432455,0,0,25,3.125
1764974495.647247,0,0,26,3.250
1764974495.651266,0,0,27,3.375
1764974495.6552596,0,0,27,3.375
1764974495.6592898,0,0,24,3.000
1764974495.6632621,0,0,26,3.250
1764974495.667261,0,0,26,3.250
1764974495.671262,0,0,27,3.375
1764974495.6752627,0,0,27,3.375
1764974495.6792972,0,0,25,3.125
1764974495.683296,0,0,26,3.250
1764974495.6872628,0,0,26,3.250
1764974495.6912632,0,0,26,3.250
1764974495.6952622,0,0,27,3.375
1764974495.699288,0,0,25,3.125
1764974495.7032604,0,0,26,3.250
1764974495.7072642,0,0,26,3.250
1764974495.7112627,0,0,27,3.375
1764974495.7152615,0,0,27,3.375
1764974495.7192771,0,0,26,3.250
1764974495.723245,0,0,26,3.250
1764974495.7272465,0,0,26,3.250
1764974495.7312672,0,0,27,3.375
1764974495.7352626,0,0,25,3.125
1764974495.7392864,0,0,26,3.250
1764974495.7432609,0,0,26,3.250
1764974495.7472548,0,0,27,3.375
1764974495.7512605,0,0,27,3.375
1764974495.755261,0,0,25,3.125
1764974495.7592573,0,0,26,3.250
1764974495.7632565,0,0,26,3.250
1764974495.7672582,0,0,26,3.250
1764974495.771263,0,0,27,3.375
1764974495.7752607,0,0,25,3.125
1764974495.7792945,0,0,26,3.250
1764974495.7832596,0,0,26,3.250
1764974495.7872925,0,0,27,3.375
1764974495.791531,0,0,27,3.375
1764974495.7954862,0,0,25,3.125
1764974495.7993405,0,0,26,3.250
1764974495.8032646,0,0,26,3.250
1764974495.807262,0,0,27,3.375
1764974495.811267,0,0,28,3.500
1764974495.8153327,0,0,25,3.125
1764974495.8193095,0,0,26,3.250
1764974495.8232625,0,0,26,3.250
1764974495.8272688,0,0,26,3.250
1764974495.8312602,0,0,27,3.375
1764974495.8352623,0,0,25,3.125
1764974495.8392603,0,0,26,3.250
1764974495.8432696,0,0,26,3.250
1764974495.8472567,0,0,27,3.375
1764974495.851263,0,0,28,3.500
1764974495.8552632,0,0,25,3.125
1764974495.8592968,0,0,26,3.250
1764974495.8632596,0,0,26,3.250
1764974495.8672585,0,0,26,3.250
1764974495.8712602,0,0,27,3.375
1764974495.875258,0,0,25,3.125
1764974495.8792949,0,0,26,3.250
1764974495.8832626,0,0,26,3.250
1764974495.8872995,0,0,27,3.375
1764974495.891256,0,0,28,3.500
1764974495.895245,0,0,25,3.125
1764974495.8992586,0,0,25,3.125
1764974495.9032624,0,0,26,3.250
1764974495.9072592,0,0,26,3.250
1764974495.9112606,0,0,27,3.375
1764974495.915259,0,0,26,3.250
1764974495.9192963,0,0,25,3.125
1764974495.9232657,0,0,25,3.125
1764974495.927261,0,0,26,3.250
1764974495.9312634,0,0,27,3.375
1764974495.9352574,0,0,25,3.125
1764974495.939259,0,0,25,3.125
1764974495.943261,0,0,26,3.250
1764974495.9472604,0,0,27,3.375
1764974495.951259,0,0,27,3.375
1764974495.955263,0,0,26,3.250
1764974495.9592562,0,0,26,3.250
1764974495.9632595,0,0,26,3.250
1764974495.9672577,0,0,26,3.250
1764974495.9712574,0,0,27,3.375
1764974495.975255,0,0,26,3.250
1764974495.979256,0,0,25,3.125
1764974495.9832592,0,0,26,3.250
1764974495.9872925,0,0,26,3.250
1764974495.9912577,0,0,28,3.500
1764974495.995255,0,0,25,3.125
1764974495.9992597,0,0,25,3.125
1764974496.0032606,0,0,25,3.125
1764974496.007257,0,0,26,3.250
1764974496.0112572,0,0,27,3.375
1764974496.0202253,0,0,26,3.250
1764974496.0232809,0,0,26,3.250
1764974496.0272593,0,0,26,3.250
1764974496.031254,0,0,28,3.500
1764974496.03524,0,0,26,3.250
1764974496.0392556,0,0,25,3.125
1764974496.0432587,0,0,26,3.250
1764974496.047258,0,0,26,3.250
1764974496.0512538,0,0,27,3.375
1764974496.0552397,0,0,26,3.250
1764974496.0592525,0,0,25,3.125
1764974496.0632546,0,0,26,3.250
1764974496.0672593,0,0,26,3.250
1764974496.07126,0,0,27,3.375
1764974496.0752559,0,0,26,3.250
1764974496.0792582,0,0,26,3.250
1764974496.0832565,0,0,26,3.250
1764974496.087255,0,0,27,3.375
1764974496.0912588,0,0,27,3.375
1764974496.0952556,0,0,26,3.250
1764974496.099257,0,0,25,3.125
1764974496.103255,0,0,26,3.250
1764974496.1072571,0,0,26,3.250
1764974496.1112597,0,0,27,3.375
1764974496.115256,0,0,26,3.250
1764974496.1192496,0,0,25,3.125
1764974496.1232593,0,0,26,3.250
1764974496.1272464,0,0,26,3.250
1764974496.1312451,0,0,27,3.375
1764974496.135241,0,0,26,3.250
1764974496.1392524,0,0,25,3.125
1764974496.143256,0,0,26,3.250
1764974496.1472557,0,0,26,3.250
1764974496.1512601,0,0,27,3.375
1764974496.1552582,0,0,26,3.250
1764974496.1592584,0,0,25,3.125
1764974496.1632576,0,0,26,3.250
1764974496.1672533,0,0,26,3.250
1764974496.1712549,0,0,27,3.375
1764974496.1752567,0,0,26,3.250
1764974496.1792588,0,0,26,3.250
1764974496.183253,0,0,26,3.250
1764974496.1872523,0,0,26,3.250
1764974496.1912725,0,0,27,3.375
1764974496.1952565,0,0,27,3.375
1764974496.1992555,0,0,25,3.125
1764974496.2032506,0,0,26,3.250
1764974496.2072508,0,0,26,3.250
1764974496.2112532,0,0,27,3.375
1764974496.2152524,0,0,27,3.375
1764974496.2193732,0,0,25,3.125
1764974496.2232666,0,0,26,3.250
1764974496.2272568,0,0,26,3.250
1764974496.231245,0,0,27,3.375
1764974496.2352386,0,0,27,3.375
1764974496.2392528,0,0,25,3.125
1764974496.2432585,0,0,26,3.250
1764974496.247252,0,0,26,3.250
1764974496.2512474,0,0,27,3.375
1764974496.2552388,0,0,27,3.375
1764974496.2592533,0,0,25,3.125
1764974496.2632585,0,0,26,3.250
1764974496.2672548,0,0,26,3.250
1764974496.2712548,0,0,27,3.375
1764974496.2752614,0,0,27,3.375
1764974496.279254,0,0,25,3.125
1764974496.283245,0,0,26,3.250
1764974496.2872398,0,0,26,3.250
1764974496.2912726,0,0,27,3.375
1764974496.295242,0,0,26,3.250
1764974496.2992506,0,0,25,3.125
1764974496.3032558,0,0,26,3.250
1764974496.3072557,0,0,26,3.250
1764974496.311254,0,0,26,3.250
1764974496.3152504,0,0,26,3.250
1764974496.319256,0,0,25,3.125
1764974496.3232577,0,0,25,3.125
1764974496.3272533,0,0,26,3.250
1764974496.3312647,0,0,27,3.375
1764974496.3352506,0,0,27,3.375
1764974496.3392577,0,0,24,3.000
1764974496.3432539,0,0,26,3.250
1764974496.3472626,0,0,26,3.250
1764974496.351253,0,0,27,3.375
1764974496.355253,0,0,27,3.375
1764974496.3592527,0,0,25,3.125
1764974496.363264,0,0,26,3.250
1764974496.3672552,0,0,26,3.250
1764974496.3712628,0,0,27,3.375
1764974496.3752491,0,0,27,3.375
1764974496.3792565,0,0,25,3.125
1764974496.3832524,0,0,26,3.250
1764974496.3872662,0,0,26,3.250
1764974496.3912606,0,0,27,3.375
1764974496.3952417,0,0,27,3.375
1764974496.399245,0,0,25,3.125
1764974496.403269,0,0,26,3.250
1764974496.4072561,0,0,26,3.250
1764974496.4112573,0,0,26,3.250
1764974496.4152498,0,0,27,3.375
1764974496.4193902,0,0,25,3.125
1764974496.423271,0,0,26,3.250
1764974496.4272575,0,0,26,3.250
1764974496.4312513,0,0,27,3.375
1764974496.4352329,0,0,27,3.375
1764974496.4392455,0,0,25,3.125
1764974496.4432497,0,0,25,3.125
1764974496.4472506,0,0,26,3.250
1764974496.4512455,0,0,26,3.250
1764974496.4552348,0,0,27,3.375
1764974496.459258,0,0,26,3.250
1764974496.4632564,0,0,25,3.125
1764974496.467251,0,0,26,3.250
1764974496.4712534,0,0,27,3.375
1764974496.4752617,0,0,25,3.125
1764974496.4792523,0,0,26,3.250
1764974496.4832494,0,0,26,3.250
1764974496.487253,0,0,27,3.375
1764974496.4912658,0,0,27,3.375
1764974496.49529,0,0,25,3.125
1764974496.4992528,0,0,26,3.250
1764974496.5032525,0,0,26,3.250
1764974496.507263,0,0,26,3.250
1764974496.5112572,0,0,27,3.375
1764974496.5152533,0,0,25,3.125
1764974496.519251,0,0,26,3.250
1764974496.5232642,0,0,26,3.250
1764974496.5272517,0,0,27,3.375
1764974496.5312538,0,0,27,3.375
1764974496.5352533,0,0,26,3.250
1764974496.539268,0,0,26,3.250
1764974496.5432515,0,0,26,3.250
1764974496.5472488,0,0,26,3.250
1764974496.5512524,0,0,27,3.375
1764974496.5552645,0,0,25,3.125
1764974496.559254,0,0,26,3.250
1764974496.5632482,0,0,26,3.250
1764974496.5672486,0,0,26,3.250
1764974496.5712507,0,0,28,3.500
1764974496.5752518,0,0,25,3.125
1764974496.5792522,0,0,26,3.250
1764974496.5832522,0,0,26,3.250
1764974496.5872488,0,0,26,3.250
1764974496.59125,0,0,27,3.375
1764974496.5952644,0,0,25,3.125
1764974496.5992546,0,0,25,3.125
1764974496.603252,0,0,26,3.250
1764974496.6072512,0,0,26,3.250
1764974496.6112514,0,0,27,3.375
1764974496.6152492,0,0,25,3.125
1764974496.6194043,0,0,26,3.250
1764974496.6232984,0,0,26,3.250
1764974496.627236,0,0,27,3.375
1764974496.6312537,0,0,27,3.375
1764974496.6352522,0,0,25,3.125
1764974496.6392548,0,0,26,3.250
1764974496.643252,0,0,25,3.125
1764974496.6472483,0,0,26,3.250
1764974496.6512501,0,0,27,3.375
1764974496.655245,0,0,25,3.125
1764974496.6592546,0,0,26,3.250
1764974496.6632543,0,0,26,3.250
1764974496.6672475,0,0,27,3.375
1764974496.6712492,0,0,27,3.375
1764974496.675251,0,0,26,3.250
1764974496.67925,0,0,26,3.250
1764974496.6832323,0,0,26,3.250
1764974496.6872323,0,0,26,3.250
1764974496.691247,0,0,27,3.375
1764974496.6952813,0,0,26,3.250
1764974496.6992438,0,0,25,3.125
1764974496.7032342,0,0,26,3.250
1764974496.7072318,0,0,26,3.250
1764974496.711252,0,0,28,3.500
1764974496.7152474,0,0,26,3.250
1764974496.7192512,0,0,26,3.250
1764974496.7232487,0,0,26,3.250
1764974496.7272499,0,0,26,3.250
1764974496.7312539,0,0,27,3.375
1764974496.7352448,0,0,26,3.250
1764974496.7392418,0,0,26,3.250
1764974496.7432332,0,0,26,3.250
1764974496.747234,0,0,26,3.250
1764974496.7512548,0,0,27,3.375
1764974496.7552478,0,0,26,3.250
1764974496.7592504,0,0,25,3.125
1764974496.763252,0,0,26,3.250
1764974496.767251,0,0,26,3.250
1764974496.771254,0,0,27,3.375
1764974496.7752469,0,0,26,3.250
1764974496.7792494,0,0,25,3.125
1764974496.7832503,0,0,25,3.125
1764974496.7872498,0,0,27,3.375
1764974496.7915275,0,0,27,3.375
1764974496.795527,0,0,26,3.250
1764974496.7993166,0,0,25,3.125
1764974496.8032477,0,0,26,3.250
1764974496.807248,0,0,26,3.250
1764974496.8112504,0,0,27,3.375
1764974496.8152406,0,0,26,3.250
1764974496.819349,0,0,25,3.125
1764974496.823259,0,0,26,3.250
1764974496.8272483,0,0,26,3.250
1764974496.8312504,0,0,27,3.375
1764974496.8352451,0,0,26,3.250
1764974496.8392482,0,0,25,3.125
1764974496.8432436,0,0,26,3.250
1764974496.8472447,0,0,26,3.250
1764974496.851252,0,0,27,3.375
1764974496.8552723,0,0,26,3.250
1764974496.8592548,0,0,25,3.125
1764974496.8632488,0,0,26,3.250
1764974496.867248,0,0,26,3.250
1764974496.8712528,0,0,27,3.375
1764974496.8752456,0,0,26,3.250
1764974496.8792477,0,0,25,3.125
1764974496.8832555,0,0,25,3.125
1764974496.887247,0,0,26,3.250
1764974496.8912487,0,0,27,3.375
1764974496.8952448,0,0,26,3.250
1764974496.899313,0,0,25,3.125
1764974496.9032464,0,0,26,3.250
1764974496.9072433,0,0,27,3.375
1764974496.9112425,0,0,27,3.375
1764974496.9152296,0,0,26,3.250
1764974496.9192424,0,0,25,3.125
1764974496.9232454,0,0,25,3.125
1764974496.927245,0,0,26,3.250
1764974496.931249,0,0,27,3.375
1764974496.935245,0,0,26,3.250
1764974496.939248,0,0,25,3.125
1764974496.9432445,0,0,26,3.250
1764974496.947243,0,0,26,3.250
1764974496.9512467,0,0,27,3.375
1764974496.9552474,0,0,27,3.375
1764974496.959248,0,0,25,3.125
1764974496.9632437,0,0,26,3.250
1764974496.9672437,0,0,26,3.250
1764974496.9712453,0,0,27,3.375
1764974496.9752474,0,0,26,3.250
1764974496.9792502,0,0,25,3.125
1764974496.983247,0,0,26,3.250
1764974496.987244,0,0,27,3.375
1764974496.9912477,0,0,27,3.375
1764974496.9952476,0,0,27,3.375
1764974496.999319,0,0,25,3.125
1764974497.003247,0,0,26,3.250
1764974497.007246,0,0,26,3.250
1764974497.0112445,0,0,27,3.375
1764974497.0152435,0,0,27,3.375
1764974497.0242221,0,0,26,3.250
1764974497.0272665,0,0,26,3.250
1764974497.0312505,0,0,26,3.250
1764974497.035244,0,0,27,3.375
1764974497.0392525,0,0,25,3.125
1764974497.0432465,0,0,26,3.250
1764974497.0472434,0,0,26,3.250
1764974497.051244,0,0,26,3.250
1764974497.055241,0,0,27,3.375
1764974497.0592463,0,0,25,3.125
1764974497.063244,0,0,26,3.250
1764974497.0672443,0,0,26,3.250
1764974497.071244,0,0,27,3.375
1764974497.0752442,0,0,27,3.375
1764974497.0792677,0,0,25,3.125
1764974497.083251,0,0,26,3.250
1764974497.0872455,0,0,26,3.250
1764974497.0912402,0,0,27,3.375
1764974497.0952275,0,0,27,3.375
1764974497.099238,0,0,25,3.125
1764974497.1032453,0,0,26,3.250
1764974497.1072445,0,0,26,3.250
1764974497.111238,0,0,27,3.375
1764974497.1152248,0,0,27,3.375
1764974497.1192405,0,0,25,3.125
1764974497.1232476,0,0,26,3.250
1764974497.1272464,0,0,26,3.250
1764974497.131246,0,0,27,3.375
1764974497.1352427,0,0,27,3.375
1764974497.1392353,0,0,25,3.125
1764974497.1432312,0,0,26,3.250
1764974497.147226,0,0,26,3.250
1764974497.151247,0,0,27,3.375
1764974497.1552408,0,0,27,3.375
1764974497.1592457,0,0,25,3.125
1764974497.163227,0,0,26,3.250
1764974497.1672266,0,0,26,3.250
1764974497.171247,0,0,27,3.375
1764974497.1752412,0,0,28,3.500
1764974497.1792455,0,0,26,3.250
1764974497.1832387,0,0,26,3.250
1764974497.1872406,0,0,26,3.250
1764974497.1912434,0,0,27,3.375
1764974497.1952412,0,0,25,3.125
1764974497.199274,0,0,26,3.250
1764974497.2032418,0,0,26,3.250
1764974497.207245,0,0,26,3.250
1764974497.2112448,0,0,27,3.375
1764974497.215241,0,0,25,3.125
1764974497.2192411,0,0,26,3.250
1764974497.223325,0,0,26,3.250
1764974497.2272573,0,0,26,3.250
1764974497.231254,0,0,27,3.375
1764974497.2352448,0,0,25,3.125
1764974497.2392445,0,0,26,3.250
1764974497.2432413,0,0,26,3.250
1764974497.2472417,0,0,26,3.250
1764974497.251235,0,0,27,3.375
1764974497.2552273,0,0,25,3.125
1764974497.2592375,0,0,26,3.250
1764974497.2632403,0,0,26,3.250
1764974497.2672415,0,0,27,3.375
1764974497.2712445,0,0,28,3.500
1764974497.2752414,0,0,25,3.125
1764974497.2792745,0,0,26,3.250
1764974497.2832458,0,0,26,3.250
1764974497.2872407,0,0,26,3.250
1764974497.2912405,0,0,28,3.500
1764974497.2952259,0,0,25,3.125
1764974497.2992716,0,0,25,3.125
1764974497.3032408,0,0,26,3.250
1764974497.3072379,0,0,26,3.250
1764974497.3112347,0,0,27,3.375
1764974497.3152232,0,0,25,3.125
1764974497.3192308,0,0,26,3.250
1764974497.3232245,0,0,25,3.125
1764974497.3272228,0,0,27,3.375
1764974497.3312433,0,0,27,3.375
1764974497.3352442,0,0,25,3.125
1764974497.3392487,0,0,25,3.125
1764974497.343242,0,0,26,3.250
1764974497.3472376,0,0,27,3.375
1764974497.3512402,0,0,27,3.375
1764974497.3552382,0,0,26,3.250
1764974497.359244,0,0,25,3.125
1764974497.3632429,0,0,26,3.250
1764974497.36724,0,0,27,3.375
1764974497.3712416,0,0,27,3.375
1764974497.3752418,0,0,25,3.125
1764974497.3792417,0,0,25,3.125
1764974497.3832443,0,0,25,3.125
1764974497.387238,0,0,26,3.250
1764974497.391245,0,0,27,3.375
1764974497.3952405,0,0,26,3.250
1764974497.3992448,0,0,25,3.125
1764974497.403275,0,0,26,3.250
1764974497.407239,0,0,26,3.250
1764974497.4112415,0,0,27,3.375
1764974497.4152381,0,0,26,3.250
1764974497.4192421,0,0,25,3.125
1764974497.423324,0,0,25,3.125
1764974497.4272547,0,0,27,3.375
1764974497.4312427,0,0,27,3.375
1764974497.4352372,0,0,26,3.250
1764974497.4392452,0,0,25,3.125
1764974497.4432404,0,0,26,3.250
1764974497.447239,0,0,26,3.250
1764974497.4512386,0,0,27,3.375
1764974497.4552372,0,0,26,3.250
1764974497.4592414,0,0,25,3.125
1764974497.4632404,0,0,26,3.250
1764974497.4672382,0,0,26,3.250
1764974497.4712381,0,0,27,3.375
1764974497.4752362,0,0,26,3.250
1764974497.4792478,0,0,25,3.125
1764974497.4832478,0,0,26,3.250
1764974497.4872391,0,0,26,3.250
1764974497.4912355,0,0,27,3.375
1764974497.4952228,0,0,26,3.250
1764974497.499232,0,0,25,3.125
1764974497.5032785,0,0,25,3.125
1764974497.5072396,0,0,26,3.250
1764974497.5112338,0,0,27,3.375
1764974497.5152202,0,0,26,3.250
1764974497.5192325,0,0,25,3.125
1764974497.5232413,0,0,26,3.250
1764974497.5272384,0,0,26,3.250
1764974497.5312405,0,0,27,3.375
1764974497.5352368,0,0,26,3.250
1764974497.5392425,0,0,25,3.125
1764974497.543238,0,0,26,3.250
1764974497.5472362,0,0,26,3.250
1764974497.5512397,0,0,27,3.375
1764974497.5552356,0,0,27,3.375
1764974497.5592332,0,0,25,3.125
1764974497.5632176,0,0,25,3.125
1764974497.5672207,0,0,25,3.125
1764974497.5712435,0,0,27,3.375
1764974497.5752382,0,0,26,3.250
1764974497.579239,0,0,25,3.125
1764974497.5832338,0,0,26,3.250
1764974497.5872364,0,0,26,3.250
1764974497.5912385,0,0,27,3.375
1764974497.595237,0,0,27,3.375
1764974497.5992422,0,0,25,3.125
1764974497.6032646,0,0,26,3.250
1764974497.6072392,0,0,26,3.250
1764974497.6112387,0,0,27,3.375
1764974497.6152358,0,0,27,3.375
1764974497.6192405,0,0,25,3.125
1764974497.6233156,0,0,26,3.250
1764974497.6272485,0,0,26,3.250
1764974497.6312385,0,0,27,3.375
1764974497.6352236,0,0,27,3.375
1764974497.639239,0,0,25,3.125
1764974497.6432195,0,0,26,3.250
1764974497.6472282,0,0,25,3.125
1764974497.6512403,0,0,27,3.375
1764974497.655237,0,0,27,3.375
1764974497.6592417,0,0,25,3.125
1764974497.663234,0,0,26,3.250
1764974497.6672337,0,0,26,3.250
1764974497.6712391,0,0,27,3.375
1764974497.6752374,0,0,27,3.375
1764974497.679257,0,0,25,3.125
1764974497.683245,0,0,26,3.250
1764974497.6872346,0,0,26,3.250
1764974497.6912372,0,0,26,3.250
1764974497.6952384,0,0,27,3.375
1764974497.6992376,0,0,25,3.125
1764974497.703269,0,0,26,3.250
1764974497.7072346,0,0,26,3.250
1764974497.7112374,0,0,26,3.250
1764974497.7152371,0,0,27,3.375
1764974497.7192397,0,0,25,3.125
1764974497.7232366,0,0,26,3.250
1764974497.7272344,0,0,26,3.250
1764974497.7312355,0,0,26,3.250
1764974497.7352347,0,0,27,3.375
1764974497.7392397,0,0,25,3.125
1764974497.7432368,0,0,25,3.125
1764974497.7472324,0,0,26,3.250
1764974497.7512343,0,0,27,3.375
1764974497.755233,0,0,27,3.375
1764974497.7592392,0,0,25,3.125
1764974497.7632182,0,0,26,3.250
1764974497.7672153,0,0,26,3.250
1764974497.7712355,0,0,27,3.375
1764974497.7752366,0,0,27,3.375
1764974497.7792401,0,0,25,3.125
1764974497.7832336,0,0,26,3.250
1764974497.7872343,0,0,26,3.250
1764974497.7915013,0,0,26,3.250
1764974497.79546,0,0,27,3.375
1764974497.7992625,0,0,25,3.125
1764974497.8032377,0,0,26,3.250
1764974497.8072834,0,0,26,3.250
1764974497.8112364,0,0,26,3.250
1764974497.8152301,0,0,27,3.375
1764974497.8192327,0,0,25,3.125
1764974497.8233132,0,0,26,3.250
1764974497.8272448,0,0,25,3.125
1764974497.8312309,0,0,27,3.375
1764974497.8352149,0,0,27,3.375
1764974497.8392289,0,0,26,3.250
1764974497.8432362,0,0,26,3.250
1764974497.8472354,0,0,26,3.250
1764974497.8512332,0,0,26,3.250
1764974497.8552384,0,0,27,3.375
1764974497.8592381,0,0,25,3.125
1764974497.8632348,0,0,26,3.250
1764974497.8672345,0,0,26,3.250
1764974497.8712375,0,0,26,3.250
1764974497.8752303,0,0,27,3.375
1764974497.8792372,0,0,26,3.250
1764974497.8832357,0,0,26,3.250
1764974497.8872344,0,0,26,3.250
1764974497.891237,0,0,27,3.375
1764974497.8952327,0,0,27,3.375
1764974497.8992317,0,0,26,3.250
1764974497.9032345,0,0,26,3.250
1764974497.9072778,0,0,27,3.375
1764974497.9112394,0,0,28,3.500
1764974497.9152339,0,0,25,3.125
1764974497.9192421,0,0,25,3.125
1764974497.9232335,0,0,26,3.250
1764974497.927234,0,0,26,3.250
1764974497.9312382,0,0,27,3.375
1764974497.9352345,0,0,25,3.125
1764974497.9392347,0,0,26,3.250
1764974497.9432304,0,0,25,3.125
1764974497.9472337,0,0,26,3.250
1764974497.9512358,0,0,27,3.375
1764974497.9552345,0,0,25,3.125
1764974497.9592404,0,0,25,3.125
1764974497.963233,0,0,26,3.250
1764974497.9672363,0,0,26,3.250
1764974497.9712365,0,0,27,3.375
1764974497.9752352,0,0,26,3.250
1764974497.9792397,0,0,26,3.250
1764974497.9832318,0,0,26,3.250
1764974497.9872303,0,0,26,3.250
1764974497.9912348,0,0,27,3.375
1764974497.9952326,0,0,25,3.125
1764974497.9992363,0,0,26,3.250
1764974498.0032306,0,0,26,3.250
1764974498.0072613,0,0,26,3.250
1764974498.0112329,0,0,27,3.375
1764974498.0152361,0,0,25,3.125
1764974498.019235,0,0,26,3.250
1764974498.028253,0,0,27,3.375
1764974498.031267,0,0,27,3.375
1764974498.0352387,0,0,25,3.125
1764974498.0392368,0,0,26,3.250
1764974498.0432138,0,0,26,3.250
1764974498.0472133,0,0,26,3.250
1764974498.0512345,0,0,26,3.250
1764974498.0552297,0,0,25,3.125
1764974498.0592306,0,0,26,3.250
1764974498.063214,0,0,26,3.250
1764974498.067212,0,0,26,3.250
1764974498.0712283,0,0,27,3.375
1764974498.0752282,0,0,26,3.250
1764974498.0792317,0,0,25,3.125
1764974498.0832229,0,0,26,3.250
1764974498.087221,0,0,27,3.375
1764974498.0912251,0,0,27,3.375
1764974498.0952282,0,0,26,3.250
1764974498.099232,0,0,25,3.125
1764974498.1032147,0,0,26,3.250
1764974498.1072114,0,0,26,3.250
1764974498.111242,0,0,27,3.375
1764974498.1152349,0,0,25,3.125
1764974498.1192565,0,0,25,3.125
1764974498.123233,0,0,26,3.250
1764974498.1272228,0,0,26,3.250
1764974498.131214,0,0,27,3.375
1764974498.135213,0,0,26,3.250
1764974498.139222,0,0,25,3.125
1764974498.1432235,0,0,25,3.125
1764974498.147224,0,0,26,3.250
1764974498.1512253,0,0,27,3.375
1764974498.1552253,0,0,26,3.250
1764974498.1592305,0,0,25,3.125
1764974498.1632261,0,0,26,3.250
1764974498.1672244,0,0,26,3.250
1764974498.171223,0,0,27,3.375
1764974498.1752238,0,0,26,3.250
1764974498.179232,0,0,25,3.125
1764974498.1832237,0,0,25,3.125
1764974498.1872227,0,0,26,3.250
1764974498.1912227,0,0,27,3.375
1764974498.1952217,0,0,26,3.250
1764974498.1992252,0,0,25,3.125
1764974498.2032096,0,0,26,3.250
1764974498.2072098,0,0,26,3.250
1764974498.2112265,0,0,27,3.375
1764974498.215221,0,0,26,3.250
1764974498.219225,0,0,25,3.125
1764974498.2232232,0,0,26,3.250
1764974498.2273011,0,0,26,3.250
1764974498.2312596,0,0,27,3.375
1764974498.235227,0,0,27,3.375
1764974498.2392254,0,0,25,3.125
1764974498.2432227,0,0,26,3.250
1764974498.2472234,0,0,27,3.375
1764974498.251214,0,0,27,3.375
1764974498.255211,0,0,26,3.250
1764974498.259219,0,0,25,3.125
1764974498.2632205,0,0,26,3.250
1764974498.2672205,0,0,26,3.250
1764974498.2712119,0,0,27,3.375
1764974498.2752104,0,0,27,3.375
1764974498.2792203,0,0,25,3.125
1764974498.2832217,0,0,26,3.250
1764974498.2872279,0,0,26,3.250
1764974498.2912211,0,0,27,3.375
1764974498.2952158,0,0,26,3.250
1764974498.299218,0,0,25,3.125
1764974498.3032212,0,0,26,3.250
1764974498.3072207,0,0,26,3.250
1764974498.3112495,0,0,26,3.250
1764974498.3152118,0,0,27,3.375
1764974498.3192172,0,0,25,3.125
1764974498.3232205,0,0,26,3.250
1764974498.3272228,0,0,26,3.250
1764974498.3312256,0,0,26,3.250
1764974498.3352244,0,0,27,3.375
1764974498.3392277,0,0,26,3.250
1764974498.3432188,0,0,26,3.250
1764974498.3472176,0,0,26,3.250
1764974498.3512218,0,0,27,3.375
1764974498.3552237,0,0,27,3.375
1764974498.3592257,0,0,25,3.125
1764974498.3632076,0,0,26,3.250
1764974498.3672066,0,0,26,3.250
1764974498.371226,0,0,27,3.375
1764974498.3752286,0,0,27,3.375
1764974498.379229,0,0,25,3.125
1764974498.3832161,0,0,25,3.125
1764974498.3872163,0,0,26,3.250
1764974498.391211,0,0,26,3.250
1764974498.3952105,0,0,27,3.375
1764974498.399216,0,0,25,3.125
1764974498.4032195,0,0,25,3.125
1764974498.407218,0,0,26,3.250
1764974498.4112327,0,0,26,3.250
1764974498.415237,0,0,27,3.375
1764974498.4192293,0,0,25,3.125
1764974498.423218,0,0,25,3.125
1764974498.4272957,0,0,26,3.250
1764974498.4312277,0,0,26,3.250
1764974498.4352143,0,0,27,3.375
1764974498.4392207,0,0,25,3.125
1764974498.443221,0,0,26,3.250
1764974498.4472184,0,0,26,3.250
1764974498.451209,0,0,26,3.250
1764974498.455209,0,0,27,3.375
1764974498.4592195,0,0,25,3.125
1764974498.4632213,0,0,25,3.125
1764974498.4672136,0,0,26,3.250
1764974498.4712152,0,0,26,3.250
1764974498.475221,0,0,27,3.375
1764974498.4792275,0,0,25,3.125
1764974498.4832165,0,0,25,3.125
1764974498.4872136,0,0,26,3.250
1764974498.49122,0,0,26,3.250
1764974498.495219,0,0,27,3.375
1764974498.4992256,0,0,25,3.125
1764974498.5032177,0,0,26,3.250
1764974498.5072176,0,0,26,3.250
1764974498.5112188,0,0,26,3.250
1764974498.5152557,0,0,27,3.375
1764974498.5192237,0,0,25,3.125
1764974498.5232165,0,0,26,3.250
1764974498.5272193,0,0,26,3.250
1764974498.531221,0,0,26,3.250
1764974498.535218,0,0,27,3.375
1764974498.5392256,0,0,25,3.125
1764974498.5432196,0,0,26,3.250
1764974498.5472183,0,0,26,3.250
1764974498.551215,0,0,26,3.250
1764974498.5552194,0,0,27,3.375
1764974498.5592241,0,0,25,3.125
1764974498.563217,0,0,26,3.250
1764974498.5672169,0,0,26,3.250
1764974498.57122,0,0,26,3.250
1764974498.5752187,0,0,27,3.375
1764974498.5792162,0,0,25,3.125
1764974498.583215,0,0,25,3.125
1764974498.5872169,0,0,26,3.250
1764974498.5912206,0,0,27,3.375
1764974498.595217,0,0,28,3.500
1764974498.5992208,0,0,26,3.250
1764974498.6032147,0,0,26,3.250
1764974498.6072164,0,0,26,3.250
1764974498.6112187,0,0,26,3.250
1764974498.6152284,0,0,26,3.250
1764974498.6192207,0,0,25,3.125
1764974498.6232135,0,0,26,3.250
1764974498.6272953,0,0,26,3.250
1764974498.6312244,0,0,27,3.375
1764974498.635204,0,0,25,3.125
1764974498.6392157,0,0,25,3.125
1764974498.6432152,0,0,26,3.250
1764974498.6472147,0,0,26,3.250
1764974498.6512196,0,0,27,3.375
1764974498.655221,0,0,25,3.125
1764974498.659216,0,0,25,3.125
1764974498.663206,0,0,26,3.250
1764974498.6672082,0,0,26,3.250
1764974498.6712217,0,0,27,3.375
1764974498.6752226,0,0,26,3.250
1764974498.679223,0,0,26,3.250
1764974498.6832142,0,0,26,3.250
1764974498.6872208,0,0,27,3.375
1764974498.6912215,0,0,27,3.375
1764974498.6952217,0,0,26,3.250
1764974498.699221,0,0,26,3.250
1764974498.703216,0,0,26,3.250
1764974498.7072134,0,0,26,3.250
1764974498.711217,0,0,27,3.375
1764974498.7152548,0,0,25,3.125
1764974498.7192273,0,0,26,3.250
1764974498.723213,0,0,26,3.250
1764974498.7272131,0,0,27,3.375
1764974498.7312214,0,0,27,3.375
1764974498.7352226,0,0,26,3.250
1764974498.7392232,0,0,25,3.125
1764974498.74321,0,0,26,3.250
1764974498.7472093,0,0,26,3.250
1764974498.7512171,0,0,28,3.500
1764974498.755218,0,0,26,3.250
1764974498.7592201,0,0,25,3.125
1764974498.7632089,0,0,26,3.250
1764974498.7672129,0,0,27,3.375
1764974498.7712162,0,0,27,3.375
1764974498.7752187,0,0,25,3.125
1764974498.779216,0,0,25,3.125
1764974498.7832012,0,0,25,3.125
1764974498.7872021,0,0,26,3.250
1764974498.7914934,0,0,28,3.500
1764974498.7954483,0,0,26,3.250
1764974498.7992585,0,0,25,3.125
1764974498.8032198,0,0,26,3.250
1764974498.8072143,0,0,26,3.250
1764974498.811222,0,0,27,3.375
1764974498.8152335,0,0,26,3.250
1764974498.8192978,0,0,25,3.125
1764974498.8232207,0,0,26,3.250
1764974498.8272827,0,0,26,3.250
1764974498.831241,0,0,27,3.375
1764974498.835207,0,0,26,3.250
1764974498.8392153,0,0,25,3.125
1764974498.8432176,0,0,26,3.250
1764974498.8472273,0,0,26,3.250
1764974498.8516145,0,0,27,3.375
1764974498.855346,0,0,26,3.250
1764974498.8592422,0,0,25,3.125
1764974498.8632054,0,0,25,3.125
1764974498.867203,0,0,26,3.250
1764974498.8712227,0,0,27,3.375
1764974498.8752146,0,0,26,3.250
1764974498.8792195,0,0,25,3.125
1764974498.8832028,0,0,26,3.250
1764974498.887204,0,0,27,3.375
1764974498.891221,0,0,27,3.375
1764974498.895214,0,0,26,3.250
1764974498.8992164,0,0,25,3.125
1764974498.903216,0,0,25,3.125
1764974498.9072144,0,0,26,3.250
1764974498.911218,0,0,27,3.375
1764974498.9152148,0,0,26,3.250
1764974498.9192605,0,0,26,3.250
1764974498.9232135,0,0,26,3.250
1764974498.9272215,0,0,26,3.250
1764974498.9312372,0,0,27,3.375
1764974498.9352174,0,0,26,3.250
1764974498.9392164,0,0,25,3.125
1764974498.9432054,0,0,26,3.250
1764974498.9472032,0,0,26,3.250
1764974498.9512208,0,0,27,3.375
1764974498.9552145,0,0,26,3.250
1764974498.959219,0,0,26,3.250
1764974498.963202,0,0,26,3.250
1764974498.967201,0,0,27,3.375
1764974498.971222,0,0,26,3.250
1764974498.9752162,0,0,26,3.250
1764974498.9792178,0,0,25,3.125
1764974498.983212,0,0,25,3.125
1764974498.9872136,0,0,26,3.250
1764974498.9912121,0,0,27,3.375
1764974498.9952135,0,0,27,3.375
1764974498.99922,0,0,25,3.125
1764974499.0032108,0,0,26,3.250
1764974499.0072112,0,0,26,3.250
1764974499.0112128,0,0,27,3.375
1764974499.015218,0,0,26,3.250
1764974499.0192153,0,0,25,3.125
1764974499.0232234,0,0,26,3.250
1764974499.032327,0,0,27,3.375
1764974499.0352814,0,0,27,3.375
1764974499.0392327,0,0,25,3.125
1764974499.0432007,0,0,26,3.250
1764974499.047205,0,0,26,3.250
1764974499.0512226,0,0,26,3.250
1764974499.0552201,0,0,26,3.250
1764974499.0592177,0,0,25,3.125
1764974499.0632024,0,0,25,3.125
1764974499.0672,0,0,26,3.250
1764974499.0712228,0,0,27,3.375
1764974499.0752177,0,0,27,3.375
1764974499.0792253,0,0,25,3.125
1764974499.0832138,0,0,26,3.250
1764974499.0872152,0,0,26,3.250
1764974499.0912194,0,0,27,3.375
1764974499.0952213,0,0,27,3.375
1764974499.0992231,0,0,25,3.125
1764974499.1032147,0,0,26,3.250
1764974499.1072187,0,0,26,3.250
1764974499.1112268,0,0,27,3.375
1764974499.115218,0,0,27,3.375
1764974499.1192212,0,0,25,3.125
1764974499.123238,0,0,26,3.250
1764974499.1271985,0,0,26,3.250
1764974499.1312153,0,0,27,3.375
1764974499.1352167,0,0,28,3.500
1764974499.1392162,0,0,25,3.125
1764974499.143196,0,0,25,3.125
1764974499.147195,0,0,26,3.250
1764974499.1512172,0,0,26,3.250
1764974499.1552114,0,0,27,3.375
1764974499.1592228,0,0,25,3.125
1764974499.1632135,0,0,26,3.250
1764974499.1672115,0,0,26,3.250
1764974499.1712165,0,0,27,3.375
1764974499.1752176,0,0,27,3.375
1764974499.1792202,0,0,25,3.125
1764974499.1832159,0,0,26,3.250
1764974499.1872137,0,0,26,3.250
1764974499.1912165,0,0,26,3.250
1764974499.1952157,0,0,27,3.375
1764974499.1992233,0,0,25,3.125
1764974499.2032163,0,0,26,3.250
1764974499.207214,0,0,26,3.250
1764974499.2112138,0,0,26,3.250
1764974499.2152152,0,0,27,3.375
1764974499.2192154,0,0,25,3.125
1764974499.2232287,0,0,25,3.125
1764974499.2272174,0,0,26,3.250
1764974499.231308,0,0,27,3.375
1764974499.2352307,0,0,27,3.375
1764974499.2392228,0,0,25,3.125
1764974499.2432022,0,0,25,3.125
1764974499.2472017,0,0,26,3.250
1764974499.2512195,0,0,27,3.375
1764974499.2552156,0,0,27,3.375
1764974499.2592168,0,0,25,3.125
1764974499.2632017,0,0,26,3.250
1764974499.2671998,0,0,26,3.250
1764974499.271216,0,0,26,3.250
1764974499.2752123,0,0,27,3.375
1764974499.2792192,0,0,25,3.125
1764974499.283213,0,0,25,3.125
1764974499.2872138,0,0,26,3.250
1764974499.2912126,0,0,26,3.250
1764974499.295198,0,0,28,3.500
1764974499.2991939,0,0,25,3.125
1764974499.3032,0,0,26,3.250
1764974499.307196,0,0,26,3.250
1764974499.3112159,0,0,27,3.375
1764974499.3152106,0,0,27,3.375
1764974499.319221,0,0,25,3.125
1764974499.323199,0,0,26,3.250
1764974499.3272338,0,0,27,3.375
1764974499.3312185,0,0,27,3.375
1764974499.3352182,0,0,26,3.250
1764974499.339217,0,0,25,3.125
1764974499.343217,0,0,25,3.125
1764974499.3472147,0,0,26,3.250
1764974499.3512192,0,0,27,3.375
1764974499.3552136,0,0,26,3.250
1764974499.35922,0,0,25,3.125
1764974499.363212,0,0,26,3.250
1764974499.3672123,0,0,26,3.250
1764974499.3712149,0,0,28,3.500
1764974499.3752174,0,0,26,3.250
1764974499.3792176,0,0,26,3.250
1764974499.3832161,0,0,26,3.250
1764974499.3872151,0,0,26,3.250
1764974499.3912122,0,0,27,3.375
1764974499.3951983,0,0,26,3.250
1764974499.3991969,0,0,26,3.250
1764974499.4031954,0,0,26,3.250
1764974499.4071965,0,0,27,3.375
1764974499.4112203,0,0,28,3.500
1764974499.4152153,0,0,25,3.125
1764974499.4192169,0,0,26,3.250
1764974499.423213,0,0,25,3.125
1764974499.4272401,0,0,26,3.250
1764974499.4313111,0,0,27,3.375
1764974499.4352255,0,0,25,3.125
1764974499.4392176,0,0,25,3.125
1764974499.4431949,0,0,26,3.250
1764974499.447194,0,0,27,3.375
1764974499.4512155,0,0,27,3.375
1764974499.4552152,0,0,26,3.250
1764974499.459214,0,0,25,3.125
1764974499.463203,0,0,25,3.125
1764974499.4671917,0,0,26,3.250
1764974499.4712145,0,0,27,3.375
1764974499.4752138,0,0,26,3.250
1764974499.4792092,0,0,25,3.125
1764974499.4831934,0,0,26,3.250
1764974499.487228,0,0,27,3.375
1764974499.4912348,0,0,27,3.375
1764974499.495215,0,0,26,3.250
1764974499.499212,0,0,25,3.125
1764974499.503197,0,0,26,3.250
1764974499.5071929,0,0,27,3.375
1764974499.5112107,0,0,27,3.375
1764974499.5152116,0,0,26,3.250
1764974499.5192082,0,0,25,3.125
1764974499.5231965,0,0,26,3.250
1764974499.5271933,0,0,26,3.250
1764974499.5312142,0,0,27,3.375
1764974499.5352151,0,0,26,3.250
1764974499.5392148,0,0,26,3.250
1764974499.5432184,0,0,26,3.250
1764974499.5472062,0,0,26,3.250
1764974499.5512104,0,0,27,3.375
1764974499.5552073,0,0,26,3.250
1764974499.5592082,0,0,25,3.125
1764974499.5632057,0,0,25,3.125
1764974499.5672057,0,0,26,3.250
1764974499.5712047,0,0,27,3.375
1764974499.5752072,0,0,26,3.250
1764974499.5792112,0,0,25,3.125
1764974499.5832047,0,0,25,3.125
1764974499.5872033,0,0,26,3.250
1764974499.5912042,0,0,27,3.375
1764974499.5952044,0,0,26,3.250
1764974499.5992093,0,0,25,3.125
1764974499.6032054,0,0,25,3.125
1764974499.6072032,0,0,26,3.250
1764974499.6112044,0,0,27,3.375
1764974499.6152065,0,0,26,3.250
1764974499.619214,0,0,25,3.125
1764974499.623206,0,0,26,3.250
1764974499.6272063,0,0,26,3.250
1764974499.6312976,0,0,27,3.375
1764974499.6352215,0,0,26,3.250
1764974499.6392043,0,0,25,3.125
1764974499.6431944,0,0,26,3.250
1764974499.6471941,0,0,26,3.250
1764974499.6512175,0,0,27,3.375
1764974499.6552062,0,0,27,3.375
1764974499.659209,0,0,25,3.125
1764974499.6631963,0,0,26,3.250
1764974499.6671948,0,0,27,3.375
1764974499.6712136,0,0,27,3.375
1764974499.675209,0,0,27,3.375
1764974499.6792054,0,0,25,3.125
1764974499.6831934,0,0,26,3.250
1764974499.6871965,0,0,26,3.250
1764974499.6912103,0,0,27,3.375
1764974499.6952195,0,0,27,3.375
1764974499.6992102,0,0,25,3.125
1764974499.703203,0,0,26,3.250
1764974499.707214,0,0,26,3.250
1764974499.7112038,0,0,27,3.375
1764974499.715195,0,0,27,3.375
1764974499.719201,0,0,25,3.125
1764974499.7232041,0,0,26,3.250
1764974499.7272034,0,0,26,3.250
1764974499.7311947,0,0,27,3.375
1764974499.7352102,0,0,27,3.375
1764974499.7392058,0,0,26,3.250
1764974499.7432013,0,0,26,3.250
1764974499.7472022,0,0,26,3.250
1764974499.7512076,0,0,27,3.375
1764974499.755209,0,0,27,3.375
1764974499.7592053,0,0,25,3.125
1764974499.7632003,0,0,26,3.250
1764974499.767201,0,0,26,3.250
1764974499.7712052,0,0,26,3.250
1764974499.7752056,0,0,27,3.375
1764974499.7792108,0,0,25,3.125
1764974499.7832007,0,0,26,3.250
1764974499.7872005,0,0,26,3.250
1764974499.7914605,0,0,27,3.375
1764974499.7954352,0,0,27,3.375
1764974499.7992265,0,0,25,3.125
1764974499.803193,0,0,25,3.125
1764974499.8071911,0,0,26,3.250
1764974499.8111975,0,0,27,3.375
1764974499.8151937,0,0,27,3.375
1764974499.8192027,0,0,25,3.125
1764974499.8232007,0,0,25,3.125
1764974499.827199,0,0,26,3.250
1764974499.8313217,0,0,26,3.250
1764974499.8352227,0,0,27,3.375
1764974499.8392036,0,0,25,3.125
1764974499.8431911,0,0,26,3.250
1764974499.8471882,0,0,25,3.125
1764974499.851206,0,0,27,3.375
1764974499.8552065,0,0,27,3.375
1764974499.8592076,0,0,25,3.125
1764974499.8631914,0,0,25,3.125
1764974499.8671875,0,0,26,3.250
1764974499.8712091,0,0,27,3.375
1764974499.8752062,0,0,27,3.375
1764974499.8792057,0,0,25,3.125
1764974499.8832018,0,0,25,3.125
1764974499.8871982,0,0,26,3.250
1764974499.8911898,0,0,27,3.375
1764974499.8952076,0,0,27,3.375
1764974499.899209,0,0,25,3.125
1764974499.9032023,0,0,26,3.250
1764974499.9071975,0,0,26,3.250
1764974499.9112027,0,0,27,3.375
1764974499.9152014,0,0,27,3.375
1764974499.9192,0,0,25,3.125
1764974499.9231925,0,0,25,3.125
1764974499.9271915,0,0,26,3.250
1764974499.9312415,0,0,26,3.250
1764974499.9352021,0,0,27,3.375
1764974499.9392073,0,0,24,3.000
1764974499.9432023,0,0,25,3.125
1764974499.9472008,0,0,26,3.250
1764974499.9512024,0,0,27,3.375
1764974499.9552019,0,0,27,3.375
1764974499.9592044,0,0,25,3.125
1764974499.9632027,0,0,26,3.250
1764974499.9672003,0,0,26,3.250
1764974499.971202,0,0,26,3.250
1764974499.9752023,0,0,27,3.375
1764974499.9792054,0,0,25,3.125
1764974499.9832025,0,0,26,3.250
1764974499.987201,0,0,26,3.250
1764974499.991217,0,0,26,3.250
1764974499.995202,0,0,27,3.375
1764974499.9992023,0,0,25,3.125
1764974500.0031965,0,0,26,3.250
1764974500.007212,0,0,26,3.250
1764974500.011201,0,0,27,3.375
1764974500.015199,0,0,28,3.500
1764974500.0192018,0,0,26,3.250
1764974500.0232008,0,0,26,3.250
1764974500.0271971,0,0,26,3.250
1764974500.036194,0,0,26,3.250
1764974500.039226,0,0,25,3.125
1764974500.043191,0,0,26,3.250
1764974500.0471902,0,0,27,3.375
1764974500.051209,0,0,27,3.375
1764974500.0552065,0,0,26,3.250
1764974500.059208,0,0,25,3.125
1764974500.063188,0,0,26,3.250
1764974500.0671885,0,0,26,3.250
1764974500.0712128,0,0,27,3.375
1764974500.0752068,0,0,26,3.250
1764974500.079202,0,0,26,3.250
1764974500.0832024,0,0,26,3.250
1764974500.0872061,0,0,27,3.375
1764974500.0912077,0,0,27,3.375
1764974500.0952199,0,0,26,3.250
1764974500.0992105,0,0,26,3.250
1764974500.103186,0,0,26,3.250
1764974500.1071856,0,0,26,3.250
1764974500.1112106,0,0,27,3.375
1764974500.115208,0,0,26,3.250
1764974500.119199,0,0,25,3.125
1764974500.1231847,0,0,26,3.250
1764974500.1271875,0,0,27,3.375
1764974500.13121,0,0,27,3.375
1764974500.1352408,0,0,25,3.125
1764974500.1392064,0,0,26,3.250
1764974500.1431804,0,0,26,3.250
1764974500.1471815,0,0,27,3.375
1764974500.1512046,0,0,27,3.375
1764974500.1552026,0,0,26,3.250
1764974500.1592078,0,0,25,3.125
1764974500.1632028,0,0,26,3.250
1764974500.1672006,0,0,26,3.250
1764974500.1712015,0,0,27,3.375
1764974500.1751988,0,0,26,3.250
1764974500.1792102,0,0,25,3.125
1764974500.1831992,0,0,25,3.125
1764974500.1871982,0,0,26,3.250
1764974500.1912007,0,0,27,3.375
1764974500.195204,0,0,26,3.250
1764974500.1992085,0,0,25,3.125
1764974500.203201,0,0,26,3.250
1764974500.2071981,0,0,26,3.250
1764974500.211201,0,0,27,3.375
1764974500.215199,0,0,26,3.250
1764974500.2192078,0,0,25,3.125
1764974500.2232022,0,0,25,3.125
1764974500.227202,0,0,26,3.250
1764974500.2311974,0,0,27,3.375
1764974500.2353036,0,0,26,3.250
1764974500.2392523,0,0,25,3.125
1764974500.2431912,0,0,26,3.250
1764974500.2471824,0,0,26,3.250
1764974500.2512052,0,0,27,3.375
1764974500.2552016,0,0,26,3.250
1764974500.2592058,0,0,25,3.125
1764974500.2631838,0,0,25,3.125
1764974500.2671866,0,0,26,3.250
1764974500.2712064,0,0,27,3.375
1764974500.2752023,0,0,26,3.250
1764974500.2792058,0,0,25,3.125
1764974500.2831876,0,0,25,3.125
1764974500.2871857,0,0,26,3.250
1764974500.2912066,0,0,26,3.250
1764974500.2952056,0,0,26,3.250
1764974500.2992122,0,0,25,3.125
1764974500.3031855,0,0,26,3.250
1764974500.3071845,0,0,26,3.250
1764974500.311203,0,0,27,3.375
1764974500.3152013,0,0,26,3.250
1764974500.3192012,0,0,25,3.125
1764974500.323184,0,0,26,3.250
1764974500.3271852,0,0,27,3.375
1764974500.331201,0,0,27,3.375
1764974500.3351967,0,0,27,3.375
1764974500.3392146,0,0,25,3.125
1764974500.343195,0,0,26,3.250
1764974500.3471963,0,0,26,3.250
1764974500.351202,0,0,27,3.375
1764974500.3551967,0,0,26,3.250
1764974500.3591979,0,0,26,3.250
1764974500.3631947,0,0,26,3.250
1764974500.3671966,0,0,27,3.375
1764974500.3711965,0,0,27,3.375
1764974500.3751936,0,0,27,3.375
1764974500.3791995,0,0,25,3.125
1764974500.383192,0,0,26,3.250
1764974500.3871956,0,0,26,3.250
1764974500.3911848,0,0,27,3.375
1764974500.3951836,0,0,27,3.375
1764974500.3991914,0,0,25,3.125
1764974500.4031947,0,0,26,3.250
1764974500.4071932,0,0,26,3.250
1764974500.411197,0,0,27,3.375
1764974500.4151983,0,0,27,3.375
1764974500.419198,0,0,25,3.125
1764974500.4231904,0,0,25,3.125
1764974500.4271936,0,0,26,3.250
1764974500.4311993,0,0,27,3.375
1764974500.4352782,0,0,27,3.375
1764974500.4392135,0,0,25,3.125
1764974500.4431834,0,0,25,3.125
1764974500.4471862,0,0,26,3.250
1764974500.4512055,0,0,26,3.250
1764974500.4551957,0,0,27,3.375
1764974500.4591966,0,0,25,3.125
1764974500.463181,0,0,26,3.250
1764974500.46718,0,0,26,3.250
1764974500.4712021,0,0,27,3.375
1764974500.4751983,0,0,27,3.375
1764974500.4792004,0,0,25,3.125
1764974500.483189,0,0,25,3.125
1764974500.4871905,0,0,26,3.250
1764974500.4911964,0,0,27,3.375
1764974500.4951982,0,0,27,3.375
1764974500.4992042,0,0,26,3.250
1764974500.5031996,0,0,25,3.125
1764974500.5071907,0,0,26,3.250
1764974500.5111861,0,0,26,3.250
1764974500.5151844,0,0,27,3.375
1764974500.519194,0,0,25,3.125
1764974500.5231917,0,0,26,3.250
1764974500.5271919,0,0,26,3.250
1764974500.5311806,0,0,26,3.250
1764974500.5351834,0,0,27,3.375
1764974500.5391915,0,0,25,3.125
1764974500.543207,0,0,26,3.250
1764974500.5471919,0,0,26,3.250
1764974500.5511959,0,0,27,3.375
1764974500.5551944,0,0,27,3.375
1764974500.5591984,0,0,25,3.125
1764974500.5631933,0,0,26,3.250
1764974500.5671895,0,0,26,3.250
1764974500.5711915,0,0,27,3.375
1764974500.5751946,0,0,27,3.375
1764974500.5791984,0,0,25,3.125
1764974500.5831935,0,0,26,3.250
1764974500.5871887,0,0,26,3.250
1764974500.5911884,0,0,26,3.250
1764974500.5951915,0,0,27,3.375
1764974500.5991998,0,0,25,3.125
1764974500.6031902,0,0,26,3.250
1764974500.6071985,0,0,26,3.250
1764974500.6111896,0,0,27,3.375
1764974500.6151931,0,0,27,3.375
1764974500.619193,0,0,25,3.125
1764974500.6232023,0,0,26,3.250
1764974500.6271899,0,0,26,3.250
1764974500.6311939,0,0,27,3.375
1764974500.635274,0,0,27,3.375
1764974500.6392276,0,0,25,3.125
1764974500.6431968,0,0,26,3.250
1764974500.6471822,0,0,26,3.250
1764974500.6511958,0,0,27,3.375
1764974500.6552026,0,0,27,3.375
1764974500.6591945,0,0,25,3.125
1764974500.6631851,0,0,26,3.250
1764974500.6671793,0,0,26,3.250
1764974500.6712005,0,0,26,3.250
1764974500.675195,0,0,27,3.375
1764974500.6791987,0,0,25,3.125
1764974500.6831923,0,0,26,3.250
1764974500.687191,0,0,27,3.375
1764974500.6911922,0,0,27,3.375
1764974500.695192,0,0,27,3.375
1764974500.699194,0,0,25,3.125
1764974500.7031922,0,0,26,3.250
1764974500.7071831,0,0,26,3.250
1764974500.7111862,0,0,27,3.375
1764974500.7151785,0,0,28,3.500
1764974500.719186,0,0,25,3.125
1764974500.723192,0,0,26,3.250
1764974500.7271926,0,0,26,3.250
1764974500.7311802,0,0,27,3.375
1764974500.7351978,0,0,26,3.250
1764974500.7391944,0,0,26,3.250
1764974500.7432368,0,0,26,3.250
1764974500.7471929,0,0,27,3.375
1764974500.7511933,0,0,28,3.500
1764974500.7551937,0,0,26,3.250
1764974500.759207,0,0,26,3.250
1764974500.763188,0,0,25,3.125
1764974500.7671907,0,0,27,3.375
1764974500.77119,0,0,27,3.375
1764974500.7751918,0,0,25,3.125
1764974500.779194,0,0,26,3.250
1764974500.783185,0,0,25,3.125
1764974500.7871861,0,0,26,3.250
1764974500.7914789,0,0,27,3.375
1764974500.7954147,0,0,26,3.250
1764974500.7992136,0,0,25,3.125
1764974500.803186,0,0,26,3.250
1764974500.8071861,0,0,27,3.375
1764974500.8111825,0,0,27,3.375
1764974500.8151774,0,0,26,3.250
1764974500.8191786,0,0,25,3.125
1764974500.8231754,0,0,26,3.250
1764974500.8271747,0,0,27,3.375
1764974500.8311958,0,0,27,3.375
1764974500.835266,0,0,25,3.125
1764974500.8392038,0,0,25,3.125
1764974500.843179,0,0,26,3.250
1764974500.8471768,0,0,26,3.250
1764974500.851214,0,0,27,3.375
1764974500.855205,0,0,26,3.250
1764974500.8591974,0,0,25,3.125
1764974500.863188,0,0,26,3.250
1764974500.8671865,0,0,26,3.250
1764974500.8711867,0,0,27,3.375
1764974500.8751805,0,0,26,3.250
1764974500.8791947,0,0,25,3.125
1764974500.883178,0,0,26,3.250
1764974500.8871775,0,0,27,3.375
1764974500.8911934,0,0,27,3.375
1764974500.8952038,0,0,26,3.250
1764974500.8991919,0,0,25,3.125
1764974500.9031882,0,0,26,3.250
1764974500.9071865,0,0,26,3.250
1764974500.911202,0,0,27,3.375
1764974500.9151943,0,0,26,3.250
1764974500.9191973,0,0,25,3.125
1764974500.9231877,0,0,26,3.250
1764974500.9271839,0,0,26,3.250
1764974500.9311893,0,0,27,3.375
1764974500.935188,0,0,26,3.250
1764974500.9391942,0,0,25,3.125
1764974500.9431853,0,0,26,3.250
1764974500.9472306,0,0,27,3.375
1764974500.951192,0,0,27,3.375
1764974500.9551902,0,0,26,3.250
1764974500.9591963,0,0,25,3.125
1764974500.9631875,0,0,26,3.250
1764974500.9671907,0,0,27,3.375
1764974500.971188,0,0,27,3.375
1764974500.975189,0,0,26,3.250
1764974500.9791899,0,0,25,3.125
1764974500.9831882,0,0,25,3.125
1764974500.9871893,0,0,26,3.250
1764974500.9911892,0,0,27,3.375
1764974500.99519,0,0,26,3.250
1764974500.9991953,0,0,25,3.125
1764974501.0031893,0,0,26,3.250
1764974501.00719,0,0,26,3.250
1764974501.0111892,0,0,27,3.375
1764974501.0151882,0,0,26,3.250
1764974501.0191934,0,0,25,3.125
1764974501.023189,0,0,26,3.250
1764974501.0271873,0,0,26,3.250
1764974501.0311928,0,0,27,3.375
1764974501.0401707,0,0,25,3.125
1764974501.0432107,0,0,26,3.250
1764974501.047209,0,0,27,3.375
1764974501.051179,0,0,27,3.375
1764974501.0551748,0,0,27,3.375
1764974501.0591834,0,0,25,3.125
1764974501.0631897,0,0,25,3.125
1764974501.0671892,0,0,27,3.375
1764974501.0711768,0,0,27,3.375
1764974501.0751727,0,0,27,3.375
1764974501.0791821,0,0,25,3.125
1764974501.0831857,0,0,25,3.125
1764974501.0871856,0,0,26,3.250
1764974501.0911858,0,0,27,3.375
1764974501.095188,0,0,27,3.375
1764974501.099192,0,0,25,3.125
1764974501.103183,0,0,26,3.250
1764974501.107186,0,0,26,3.250
1764974501.1111903,0,0,26,3.250
1764974501.1151893,0,0,27,3.375
1764974501.1191928,0,0,25,3.125
1764974501.1231823,0,0,26,3.250
1764974501.1271846,0,0,26,3.250
1764974501.1311896,0,0,27,3.375
1764974501.1351898,0,0,27,3.375
1764974501.1391861,0,0,25,3.125
1764974501.1431723,0,0,26,3.250
1764974501.1472054,0,0,26,3.250
1764974501.151191,0,0,26,3.250
1764974501.155189,0,0,27,3.375
1764974501.159191,0,0,25,3.125
1764974501.1631837,0,0,26,3.250
1764974501.167183,0,0,26,3.250
1764974501.1711888,0,0,27,3.375
1764974501.1751883,0,0,27,3.375
1764974501.1791947,0,0,24,3.000
1764974501.183181,0,0,26,3.250
1764974501.18718,0,0,26,3.250
1764974501.191187,0,0,27,3.375
1764974501.1951892,0,0,27,3.375
1764974501.1991918,0,0,25,3.125
1764974501.2031817,0,0,26,3.250
1764974501.2071807,0,0,26,3.250
1764974501.211185,0,0,27,3.375
1764974501.2151897,0,0,27,3.375
1764974501.2191896,0,0,25,3.125
1764974501.223181,0,0,25,3.125
1764974501.2271802,0,0,27,3.375
1764974501.2311685,0,0,27,3.375
1764974501.2351844,0,0,27,3.375
1764974501.2392678,0,0,25,3.125
1764974501.2432022,0,0,26,3.250
1764974501.247182,0,0,26,3.250
1764974501.2511737,0,0,27,3.375
1764974501.2551737,0,0,27,3.375
1764974501.2591836,0,0,25,3.125
1764974501.2631843,0,0,26,3.250
1764974501.2671835,0,0,26,3.250
1764974501.2711709,0,0,26,3.250
1764974501.275171,0,0,27,3.375
1764974501.279184,0,0,25,3.125
1764974501.2831872,0,0,26,3.250
1764974501.2871828,0,0,26,3.250
1764974501.2911847,0,0,26,3.250
1764974501.2951858,0,0,28,3.500
1764974501.2991903,0,0,26,3.250
1764974501.3031838,0,0,25,3.125
1764974501.3071842,0,0,26,3.250
1764974501.3111844,0,0,27,3.375
1764974501.3151846,0,0,27,3.375
1764974501.319187,0,0,25,3.125
1764974501.3231752,0,0,26,3.250
1764974501.3271737,0,0,26,3.250
1764974501.3311872,0,0,27,3.375
1764974501.3351843,0,0,28,3.500
1764974501.3391871,0,0,25,3.125
1764974501.343172,0,0,26,3.250
1764974501.3471732,0,0,25,3.125
1764974501.3511896,0,0,27,3.375
1764974501.355186,0,0,28,3.500
1764974501.359188,0,0,25,3.125
1764974501.3631825,0,0,26,3.250
1764974501.3671825,0,0,26,3.250
1764974501.3711853,0,0,26,3.250
1764974501.375183,0,0,27,3.375
1764974501.3791852,0,0,25,3.125
1764974501.3831806,0,0,25,3.125
1764974501.3871918,0,0,26,3.250
1764974501.391198,0,0,27,3.375
1764974501.395185,0,0,28,3.500
1764974501.3991826,0,0,25,3.125
1764974501.4031818,0,0,25,3.125
1764974501.407181,0,0,26,3.250
1764974501.4111853,0,0,27,3.375
1764974501.4151828,0,0,27,3.375
1764974501.4191844,0,0,26,3.250
1764974501.4231694,0,0,26,3.250
1764974501.4271696,0,0,27,3.375
1764974501.431189,0,0,27,3.375
1764974501.4351854,0,0,25,3.125
1764974501.4392674,0,0,26,3.250
1764974501.4431949,0,0,26,3.250
1764974501.4471822,0,0,26,3.250
1764974501.4512086,0,0,27,3.375
1764974501.4551709,0,0,25,3.125
1764974501.4591756,0,0,25,3.125
1764974501.4631813,0,0,26,3.250
1764974501.467183,0,0,26,3.250
1764974501.4711714,0,0,28,3.500
1764974501.4751713,0,0,26,3.250
1764974501.479172,0,0,26,3.250
1764974501.4831696,0,0,26,3.250
1764974501.4871676,0,0,27,3.375
1764974501.4911904,0,0,27,3.375
1764974501.4951885,0,0,26,3.250
1764974501.4991868,0,0,26,3.250
1764974501.5031798,0,0,26,3.250
1764974501.5071785,0,0,26,3.250
1764974501.5111897,0,0,28,3.500
1764974501.5151868,0,0,25,3.125
1764974501.5191908,0,0,25,3.125
1764974501.523179,0,0,26,3.250
1764974501.5271764,0,0,27,3.375
1764974501.5311837,0,0,27,3.375
1764974501.5351834,0,0,26,3.250
1764974501.5391865,0,0,25,3.125
1764974501.5431774,0,0,26,3.250
1764974501.5471778,0,0,26,3.250
1764974501.5511925,0,0,27,3.375
1764974501.5551841,0,0,26,3.250
1764974501.5591838,0,0,25,3.125
1764974501.5631769,0,0,26,3.250
1764974501.567176,0,0,26,3.250
1764974501.571177,0,0,27,3.375
1764974501.575185,0,0,26,3.250
1764974501.5791821,0,0,25,3.125
1764974501.5831788,0,0,26,3.250
1764974501.587177,0,0,26,3.250
1764974501.59118,0,0,27,3.375
1764974501.5951838,0,0,26,3.250
1764974501.599184,0,0,25,3.125
1764974501.6031811,0,0,25,3.125
1764974501.6071754,0,0,26,3.250
1764974501.6111808,0,0,26,3.250
1764974501.6151843,0,0,26,3.250
1764974501.619181,0,0,25,3.125
1764974501.6231804,0,0,25,3.125
1764974501.6271756,0,0,27,3.375
1764974501.6311798,0,0,27,3.375
1764974501.6351807,0,0,26,3.250
1764974501.639267,0,0,25,3.125
1764974501.6431942,0,0,26,3.250
1764974501.647182,0,0,26,3.250
1764974501.651183,0,0,27,3.375
1764974501.655218,0,0,26,3.250
1764974501.6591873,0,0,25,3.125
1764974501.6631818,0,0,26,3.250
1764974501.667181,0,0,26,3.250
1764974501.6711671,0,0,27,3.375
1764974501.675167,0,0,26,3.250
1764974501.6791797,0,0,25,3.125
1764974501.6831806,0,0,26,3.250
1764974501.687177,0,0,26,3.250
1764974501.6911786,0,0,27,3.375
1764974501.6951778,0,0,26,3.250
1764974501.699182,0,0,25,3.125
1764974501.7031784,0,0,26,3.250
1764974501.7071764,0,0,26,3.250
1764974501.711177,0,0,27,3.375
1764974501.7151773,0,0,27,3.375
1764974501.7191832,0,0,25,3.125
1764974501.7231674,0,0,26,3.250
1764974501.7271645,0,0,26,3.250
1764974501.7311857,0,0,27,3.375
1764974501.735181,0,0,26,3.250
1764974501.7391863,0,0,25,3.125
1764974501.743177,0,0,26,3.250
1764974501.7471807,0,0,27,3.375
1764974501.7511828,0,0,27,3.375
1764974501.755192,0,0,27,3.375
1764974501.7591841,0,0,26,3.250
1764974501.7631779,0,0,26,3.250
1764974501.7671804,0,0,26,3.250
1764974501.77118,0,0,27,3.375
1764974501.7751784,0,0,27,3.375
1764974501.7791784,0,0,25,3.125
1764974501.7831736,0,0,26,3.250
1764974501.7871773,0,0,26,3.250
1764974501.7914305,0,0,27,3.375
1764974501.7954166,0,0,27,3.375
1764974501.7992,0,0,25,3.125
1764974501.803176,0,0,26,3.250
1764974501.8071778,0,0,26,3.250
1764974501.8111744,0,0,27,3.375
1764974501.81517,0,0,27,3.375
1764974501.8191671,0,0,25,3.125
1764974501.8231664,0,0,26,3.250
1764974501.8271666,0,0,26,3.250
1764974501.8311863,0,0,26,3.250
1764974501.8351793,0,0,27,3.375
1764974501.8392544,0,0,25,3.125
1764974501.8431933,0,0,26,3.250
1764974501.847177,0,0,26,3.250
1764974501.8511872,0,0,26,3.250
1764974501.8552277,0,0,27,3.375
1764974501.859188,0,0,25,3.125
1764974501.8631728,0,0,26,3.250
1764974501.8671722,0,0,26,3.250
1764974501.8711774,0,0,27,3.375
1764974501.8751771,0,0,27,3.375
1764974501.8791797,0,0,25,3.125
1764974501.8831716,0,0,26,3.250
1764974501.8871698,0,0,26,3.250
1764974501.891179,0,0,27,3.375
1764974501.8951762,0,0,27,3.375
1764974501.899176,0,0,26,3.250
1764974501.9031734,0,0,26,3.250
1764974501.9071746,0,0,26,3.250
1764974501.9111772,0,0,26,3.250
1764974501.9151788,0,0,28,3.500
1764974501.9191825,0,0,25,3.125
1764974501.9231772,0,0,25,3.125
1764974501.927174,0,0,26,3.250
1764974501.9311717,0,0,26,3.250
1764974501.9351778,0,0,27,3.375
1764974501.9391823,0,0,25,3.125
1764974501.9431748,0,0,26,3.250
1764974501.9471698,0,0,26,3.250
1764974501.9511752,0,0,27,3.375
1764974501.9551816,0,0,27,3.375
1764974501.9592185,0,0,25,3.125
1764974501.963177,0,0,25,3.125
1764974501.967176,0,0,25,3.125
1764974501.971178,0,0,26,3.250
1764974501.9751775,0,0,27,3.375
1764974501.9791822,0,0,25,3.125
1764974501.9831738,0,0,26,3.250
1764974501.9871757,0,0,25,3.125
1764974501.9911716,0,0,26,3.250
1764974501.995175,0,0,28,3.500
1764974501.9991806,0,0,25,3.125
1764974502.0031831,0,0,25,3.125
1764974502.007187,0,0,26,3.250
1764974502.0111637,0,0,26,3.250
1764974502.0151608,0,0,27,3.375
1764974502.0191681,0,0,25,3.125
1764974502.0231743,0,0,26,3.250
1764974502.0271719,0,0,26,3.250
1764974502.0311582,0,0,26,3.250
1764974502.0351582,0,0,27,3.375
1764974502.0441127,0,0,26,3.250
1764974502.0471938,0,0,26,3.250
1764974502.0511637,0,0,27,3.375
1764974502.05516,0,0,27,3.375
1764974502.0591729,0,0,25,3.125
1764974502.063176,0,0,25,3.125
1764974502.0671759,0,0,26,3.250
1764974502.0711641,0,0,26,3.250
1764974502.0751603,0,0,27,3.375
1764974502.0791693,0,0,25,3.125
1764974502.0831769,0,0,26,3.250
1764974502.0871727,0,0,26,3.250
1764974502.0911748,0,0,26,3.250
1764974502.095173,0,0,27,3.375
1764974502.0991783,0,0,26,3.250
1764974502.1031682,0,0,26,3.250
1764974502.107172,0,0,26,3.250
1764974502.1111803,0,0,27,3.375
1764974502.115181,0,0,27,3.375
1764974502.1191785,0,0,26,3.250
1764974502.123162,0,0,26,3.250
1764974502.1271615,0,0,26,3.250
1764974502.1311777,0,0,27,3.375
1764974502.135176,0,0,26,3.250
1764974502.1391764,0,0,25,3.125
1764974502.1431599,0,0,26,3.250
1764974502.1471615,0,0,26,3.250
1764974502.1511803,0,0,28,3.500
1764974502.1551785,0,0,25,3.125
1764974502.1591916,0,0,26,3.250
1764974502.1631703,0,0,26,3.250
1764974502.1671681,0,0,26,3.250
1764974502.1711738,0,0,27,3.375
1764974502.1751752,0,0,26,3.250
1764974502.1791797,0,0,26,3.250
1764974502.183167,0,0,25,3.125
1764974502.1871688,0,0,27,3.375
1764974502.1911733,0,0,27,3.375
1764974502.1951792,0,0,26,3.250
1764974502.1991804,0,0,25,3.125
1764974502.203168,0,0,25,3.125
1764974502.2071657,0,0,26,3.250
1764974502.2111762,0,0,27,3.375
1764974502.215173,0,0,25,3.125
1764974502.2191777,0,0,26,3.250
1764974502.2231662,0,0,26,3.250
1764974502.2271698,0,0,26,3.250
1764974502.2311757,0,0,27,3.375
1764974502.2351768,0,0,26,3.250
1764974502.2391813,0,0,25,3.125
1764974502.2432516,0,0,26,3.250
1764974502.2471814,0,0,26,3.250
1764974502.2511604,0,0,27,3.375
1764974502.2551618,0,0,26,3.250
1764974502.2592082,0,0,25,3.125
1764974502.2631752,0,0,26,3.250
1764974502.2671688,0,0,26,3.250
1764974502.2711585,0,0,27,3.375
1764974502.275161,0,0,26,3.250
1764974502.2791696,0,0,25,3.125
1764974502.2831726,0,0,26,3.250
1764974502.2871664,0,0,26,3.250
1764974502.2911696,0,0,27,3.375
1764974502.2951913,0,0,26,3.250
1764974502.299183,0,0,25,3.125
1764974502.303173,0,0,26,3.250
1764974502.3071709,0,0,26,3.250
1764974502.3111582,0,0,27,3.375
1764974502.3151565,0,0,26,3.250
1764974502.3191664,0,0,25,3.125
1764974502.3231726,0,0,26,3.250
1764974502.3271701,0,0,26,3.250
1764974502.331158,0,0,27,3.375
1764974502.335155,0,0,27,3.375
1764974502.3391666,0,0,25,3.125
1764974502.3431706,0,0,26,3.250
1764974502.3471708,0,0,27,3.375
1764974502.3511693,0,0,27,3.375
1764974502.355171,0,0,26,3.250
1764974502.3591752,0,0,25,3.125
1764974502.3631754,0,0,26,3.250
1764974502.3671577,0,0,26,3.250
1764974502.3711755,0,0,27,3.375
1764974502.37517,0,0,26,3.250
1764974502.3791723,0,0,25,3.125
1764974502.3831687,0,0,26,3.250
1764974502.387167,0,0,26,3.250
1764974502.3911567,0,0,27,3.375
1764974502.395156,0,0,26,3.250
1764974502.3991623,0,0,25,3.125
1764974502.4031687,0,0,26,3.250
1764974502.4071703,0,0,26,3.250
1764974502.4111722,0,0,27,3.375
1764974502.4151707,0,0,26,3.250
1764974502.4191728,0,0,25,3.125
1764974502.4231682,0,0,26,3.250
1764974502.4271696,0,0,26,3.250
1764974502.4311714,0,0,27,3.375
1764974502.4351704,0,0,27,3.375
1764974502.4391668,0,0,25,3.125
1764974502.443248,0,0,26,3.250
1764974502.4471815,0,0,27,3.375
1764974502.451161,0,0,27,3.375
1764974502.4551554,0,0,27,3.375
1764974502.4591675,0,0,25,3.125
1764974502.4632058,0,0,26,3.250
1764974502.4671707,0,0,26,3.250
1764974502.471159,0,0,26,3.250
1764974502.47516,0,0,27,3.375
1764974502.4791641,0,0,24,3.000
1764974502.4831667,0,0,25,3.125
1764974502.487169,0,0,26,3.250
1764974502.4911723,0,0,27,3.375
1764974502.4951723,0,0,27,3.375
1764974502.4991758,0,0,25,3.125
1764974502.503171,0,0,26,3.250
1764974502.5071666,0,0,26,3.250
1764974502.5111554,0,0,26,3.250
1764974502.5151558,0,0,27,3.375
1764974502.5191574,0,0,25,3.125
1764974502.5231528,0,0,25,3.125
1764974502.5271506,0,0,26,3.250
1764974502.5311582,0,0,27,3.375
1764974502.5351562,0,0,27,3.375
1764974502.5391684,0,0,26,3.250
1764974502.5431664,0,0,26,3.250
1764974502.5471654,0,0,26,3.250
1764974502.5511684,0,0,27,3.375
1764974502.5551693,0,0,27,3.375
1764974502.5591755,0,0,25,3.125
1764974502.5631652,0,0,26,3.250
1764974502.5671654,0,0,26,3.250
1764974502.571167,0,0,27,3.375
1764974502.5751722,0,0,27,3.375
1764974502.5791764,0,0,25,3.125
1764974502.5831647,0,0,26,3.250
1764974502.5871644,0,0,26,3.250
1764974502.591166,0,0,27,3.375
1764974502.5951707,0,0,27,3.375
1764974502.5991743,0,0,25,3.125
1764974502.6031673,0,0,25,3.125
1764974502.6071649,0,0,26,3.250
1764974502.6111698,0,0,27,3.375
1764974502.6151714,0,0,27,3.375
1764974502.6191747,0,0,25,3.125
1764974502.6231668,0,0,26,3.250
1764974502.6271663,0,0,26,3.250
1764974502.6311674,0,0,26,3.250
1764974502.6351697,0,0,26,3.250
1764974502.6391685,0,0,25,3.125
1764974502.6432538,0,0,26,3.250
1764974502.6471791,0,0,26,3.250
1764974502.6511722,0,0,26,3.250
1764974502.6551688,0,0,27,3.375
1764974502.6591742,0,0,25,3.125
1764974502.663167,0,0,25,3.125
1764974502.6672056,0,0,26,3.250
1764974502.6711543,0,0,27,3.375
1764974502.675152,0,0,27,3.375
1764974502.6791663,0,0,25,3.125
1764974502.683167,0,0,26,3.250
1764974502.6871614,0,0,26,3.250
1764974502.6911695,0,0,26,3.250
1764974502.6951623,0,0,27,3.375
1764974502.69917,0,0,25,3.125
1764974502.703161,0,0,26,3.250
1764974502.7071621,0,0,26,3.250
1764974502.7111638,0,0,27,3.375
1764974502.7151742,0,0,27,3.375
1764974502.7191694,0,0,25,3.125
1764974502.7231529,0,0,26,3.250
1764974502.7271526,0,0,26,3.250
1764974502.7311716,0,0,27,3.375
1764974502.7351668,0,0,28,3.500
1764974502.739169,0,0,25,3.125
1764974502.743151,0,0,26,3.250
1764974502.7471514,0,0,26,3.250
1764974502.7511718,0,0,27,3.375
1764974502.7551653,0,0,27,3.375
1764974502.75917,0,0,25,3.125
1764974502.763165,0,0,25,3.125
1764974502.7671795,0,0,26,3.250
1764974502.7711675,0,0,26,3.250
1764974502.7751648,0,0,27,3.375
1764974502.7791686,0,0,25,3.125
1764974502.7831624,0,0,26,3.250
1764974502.787164,0,0,25,3.125
1764974502.791431,0,0,28,3.500
1764974502.7954,0,0,26,3.250
1764974502.7991953,0,0,26,3.250
1764974502.803164,0,0,26,3.250
1764974502.8071635,0,0,26,3.250
1764974502.8111749,0,0,28,3.500
1764974502.815168,0,0,25,3.125
1764974502.8191652,0,0,26,3.250
1764974502.8231592,0,0,26,3.250
1764974502.827164,0,0,26,3.250
1764974502.8311691,0,0,28,3.500
1764974502.8352501,0,0,25,3.125
1764974502.8391716,0,0,26,3.250
1764974502.8432384,0,0,26,3.250
1764974502.8471718,0,0,26,3.250
1764974502.851156,0,0,27,3.375
1764974502.8551536,0,0,25,3.125
1764974502.8591611,0,0,26,3.250
1764974502.8631606,0,0,26,3.250
1764974502.867199,0,0,27,3.375
1764974502.8711512,0,0,27,3.375
1764974502.8751514,0,0,25,3.125
1764974502.879161,0,0,25,3.125
1764974502.8831604,0,0,25,3.125
1764974502.8871582,0,0,26,3.250
1764974502.891156,0,0,27,3.375
1764974502.8951538,0,0,26,3.250
1764974502.8991585,0,0,26,3.250
1764974502.9031653,0,0,26,3.250
1764974502.9071634,0,0,26,3.250
1764974502.91115,0,0,27,3.375
1764974502.9151542,0,0,26,3.250
1764974502.9191594,0,0,26,3.250
1764974502.9231591,0,0,25,3.125
1764974502.927159,0,0,26,3.250
1764974502.931151,0,0,27,3.375
1764974502.935151,0,0,26,3.250
1764974502.9391613,0,0,25,3.125
1764974502.9431655,0,0,26,3.250
1764974502.9471614,0,0,26,3.250
1764974502.951162,0,0,27,3.375
1764974502.955168,0,0,25,3.125
1764974502.9591722,0,0,25,3.125
1764974502.9631639,0,0,26,3.250
1764974502.9671593,0,0,26,3.250
1764974502.9711645,0,0,27,3.375
1764974502.9751673,0,0,26,3.250
1764974502.979171,0,0,25,3.125
1764974502.9831624,0,0,25,3.125
1764974502.9871616,0,0,26,3.250
1764974502.9911642,0,0,27,3.375
1764974502.995162,0,0,26,3.250
1764974502.9991689,0,0,25,3.125
1764974503.0031621,0,0,25,3.125
1764974503.0071604,0,0,27,3.375
1764974503.0111597,0,0,27,3.375
1764974503.0151622,0,0,26,3.250
1764974503.0191681,0,0,25,3.125
1764974503.0231593,0,0,26,3.250
1764974503.0271604,0,0,27,3.375
1764974503.0311594,0,0,27,3.375
1764974503.0351596,0,0,27,3.375
1764974503.0391634,0,0,25,3.125
1764974503.048157,0,0,27,3.375
1764974503.0512013,0,0,27,3.375
1764974503.0551672,0,0,27,3.375
1764974503.0591698,0,0,25,3.125
1764974503.0631537,0,0,25,3.125
1764974503.0671504,0,0,26,3.250
1764974503.0711691,0,0,27,3.375
1764974503.0751631,0,0,26,3.250
1764974503.079163,0,0,25,3.125
1764974503.083148,0,0,26,3.250
1764974503.08715,0,0,26,3.250
1764974503.0911746,0,0,27,3.375
1764974503.0951633,0,0,26,3.250
1764974503.099165,0,0,25,3.125
1764974503.1031823,0,0,25,3.125
1764974503.1071742,0,0,26,3.250
1764974503.1111526,0,0,26,3.250
1764974503.115148,0,0,26,3.250
1764974503.1191568,0,0,25,3.125
1764974503.1231585,0,0,25,3.125
1764974503.127161,0,0,26,3.250
1764974503.1311526,0,0,27,3.375
1764974503.1351507,0,0,26,3.250
1764974503.1391559,0,0,25,3.125
1764974503.1431608,0,0,25,3.125
1764974503.147159,0,0,26,3.250
1764974503.1511655,0,0,27,3.375
1764974503.1551645,0,0,27,3.375
1764974503.1591651,0,0,25,3.125
1764974503.1631565,0,0,25,3.125
1764974503.1671588,0,0,26,3.250
1764974503.1711798,0,0,27,3.375
1764974503.175166,0,0,27,3.375
1764974503.1791644,0,0,25,3.125
1764974503.1831553,0,0,25,3.125
1764974503.1871567,0,0,26,3.250
1764974503.1911612,0,0,27,3.375
1764974503.1951618,0,0,27,3.375
1764974503.1991594,0,0,26,3.250
1764974503.2031553,0,0,26,3.250
1764974503.2071555,0,0,26,3.250
1764974503.2111595,0,0,27,3.375
1764974503.2151613,0,0,27,3.375
1764974503.2191596,0,0,25,3.125
1764974503.2231553,0,0,26,3.250
1764974503.2271538,0,0,26,3.250
1764974503.2311628,0,0,26,3.250
1764974503.2351618,0,0,27,3.375
1764974503.2391717,0,0,25,3.125
1764974503.2431552,0,0,26,3.250
1764974503.2472246,0,0,26,3.250
1764974503.2511683,0,0,27,3.375
1764974503.2551503,0,0,27,3.375
1764974503.2591565,0,0,25,3.125
1764974503.2631588,0,0,26,3.250
1764974503.2671576,0,0,25,3.125
1764974503.2711816,0,0,26,3.250
1764974503.275147,0,0,27,3.375
1764974503.2791572,0,0,25,3.125
1764974503.2831607,0,0,25,3.125
1764974503.2871566,0,0,26,3.250
1764974503.2911623,0,0,27,3.375
1764974503.2951632,0,0,27,3.375
1764974503.2991664,0,0,25,3.125
1764974503.3031628,0,0,26,3.250
1764974503.3071668,0,0,26,3.250
1764974503.3111467,0,0,27,3.375
1764974503.315147,0,0,27,3.375
1764974503.319157,0,0,25,3.125
1764974503.3231604,0,0,26,3.250
1764974503.3271558,0,0,26,3.250
1764974503.3311486,0,0,26,3.250
1764974503.3351424,0,0,27,3.375
1764974503.3391545,0,0,26,3.250
1764974503.3431592,0,0,26,3.250
1764974503.3471575,0,0,26,3.250
1764974503.3511562,0,0,26,3.250
1764974503.3551602,0,0,27,3.375
1764974503.359165,0,0,25,3.125
1764974503.3631575,0,0,26,3.250
1764974503.3671563,0,0,26,3.250
1764974503.3711567,0,0,27,3.375
1764974503.3751564,0,0,27,3.375
1764974503.3791578,0,0,25,3.125
1764974503.3831463,0,0,26,3.250
1764974503.3871455,0,0,26,3.250
1764974503.3911607,0,0,26,3.250
1764974503.3951552,0,0,27,3.375
1764974503.3991523,0,0,25,3.125
1764974503.4031456,0,0,25,3.125
1764974503.407145,0,0,26,3.250
1764974503.4111612,0,0,26,3.250
1764974503.4151568,0,0,27,3.375
1764974503.419161,0,0,25,3.125
1764974503.4231577,0,0,26,3.250
1764974503.427155,0,0,26,3.250
1764974503.431159,0,0,26,3.250
1764974503.4351583,0,0,27,3.375
1764974503.4391537,0,0,25,3.125
1764974503.443156,0,0,25,3.125
1764974503.447237,0,0,26,3.250
1764974503.4511645,0,0,26,3.250
1764974503.455146,0,0,27,3.375
1764974503.459153,0,0,25,3.125
1764974503.463155,0,0,25,3.125
1764974503.4671588,0,0,25,3.125
1764974503.4711459,0,0,27,3.375
1764974503.475183,0,0,28,3.500
1764974503.4791512,0,0,26,3.250
1764974503.4831557,0,0,26,3.250
1764974503.4871573,0,0,26,3.250
1764974503.4911587,0,0,27,3.375
1764974503.4951594,0,0,27,3.375
1764974503.4991612,0,0,26,3.250
1764974503.503158,0,0,25,3.125
1764974503.5071647,0,0,27,3.375
1764974503.511143,0,0,27,3.375
1764974503.5151436,0,0,25,3.125
1764974503.5191476,0,0,26,3.250
1764974503.523155,0,0,26,3.250
1764974503.5271509,0,0,26,3.250
1764974503.5311434,0,0,27,3.375
1764974503.5351405,0,0,26,3.250
1764974503.5391514,0,0,25,3.125
1764974503.5431523,0,0,26,3.250
1764974503.5471501,0,0,27,3.375
1764974503.551151,0,0,28,3.500
1764974503.5551574,0,0,25,3.125
1764974503.5591586,0,0,25,3.125
1764974503.5631394,0,0,26,3.250
1764974503.567139,0,0,26,3.250
1764974503.571164,0,0,28,3.500
1764974503.5751696,0,0,26,3.250
1764974503.5791621,0,0,25,3.125
1764974503.5831509,0,0,26,3.250
1764974503.5871522,0,0,26,3.250
1764974503.5911517,0,0,28,3.500
1764974503.5951552,0,0,26,3.250
1764974503.5991554,0,0,25,3.125
1764974503.6031542,0,0,26,3.250
1764974503.607151,0,0,27,3.375
1764974503.6111543,0,0,27,3.375
1764974503.6151526,0,0,25,3.125
1764974503.6191595,0,0,25,3.125
1764974503.6231542,0,0,26,3.250
1764974503.62715,0,0,26,3.250
1764974503.631152,0,0,27,3.375
1764974503.6351588,0,0,26,3.250
1764974503.6391594,0,0,25,3.125
1764974503.6431453,0,0,26,3.250
1764974503.6472323,0,0,26,3.250
1764974503.651183,0,0,27,3.375
1764974503.6551585,0,0,26,3.250
1764974503.6591618,0,0,25,3.125
1764974503.6631565,0,0,26,3.250
1764974503.6671565,0,0,26,3.250
1764974503.6711414,0,0,27,3.375
1764974503.675181,0,0,26,3.250
1764974503.6791542,0,0,25,3.125
1764974503.6831691,0,0,26,3.250
1764974503.6871526,0,0,26,3.250
1764974503.6911538,0,0,27,3.375
1764974503.6951532,0,0,26,3.250
1764974503.6991603,0,0,25,3.125
1764974503.703152,0,0,26,3.250
1764974503.7071662,0,0,26,3.250
1764974503.7111406,0,0,27,3.375
1764974503.7151377,0,0,27,3.375
1764974503.719147,0,0,26,3.250
1764974503.723154,0,0,25,3.125
1764974503.7271516,0,0,26,3.250
1764974503.7311366,0,0,27,3.375
1764974503.7351365,0,0,26,3.250
1764974503.73916,0,0,25,3.125
1764974503.7431524,0,0,25,3.125
1764974503.7471516,0,0,26,3.250
1764974503.7511566,0,0,27,3.375
1764974503.7551506,0,0,26,3.250
1764974503.7591574,0,0,25,3.125
1764974503.7631445,0,0,26,3.250
1764974503.767139,0,0,26,3.250
1764974503.7711544,0,0,27,3.375
1764974503.7751524,0,0,26,3.250
1764974503.7791574,0,0,25,3.125
1764974503.7831488,0,0,26,3.250
1764974503.78715,0,0,26,3.250
1764974503.7914062,0,0,27,3.375
1764974503.7954063,0,0,27,3.375
1764974503.799178,0,0,25,3.125
1764974503.8031495,0,0,26,3.250
1764974503.8071408,0,0,26,3.250
1764974503.8111465,0,0,27,3.375
1764974503.815141,0,0,27,3.375
1764974503.8191574,0,0,25,3.125
1764974503.8231509,0,0,26,3.250
1764974503.8271546,0,0,26,3.250
1764974503.83116,0,0,27,3.375
1764974503.8351548,0,0,26,3.250
1764974503.839156,0,0,25,3.125
1764974503.8431516,0,0,25,3.125
1764974503.8472211,0,0,26,3.250
1764974503.8511605,0,0,27,3.375
1764974503.8551414,0,0,26,3.250
1764974503.859148,0,0,25,3.125
1764974503.8631485,0,0,26,3.250
1764974503.8671463,0,0,26,3.250
1764974503.8711367,0,0,27,3.375
1764974503.8751376,0,0,27,3.375
1764974503.8791897,0,0,25,3.125
1764974503.8831534,0,0,26,3.250
1764974503.8871465,0,0,26,3.250
1764974503.8911414,0,0,27,3.375
1764974503.8951387,0,0,27,3.375
1764974503.8991518,0,0,24,3.000
1764974503.903146,0,0,26,3.250
1764974503.9071534,0,0,26,3.250
1764974503.9111624,0,0,27,3.375
1764974503.9151533,0,0,27,3.375
1764974503.9191546,0,0,25,3.125
1764974503.923139,0,0,26,3.250
1764974503.9271357,0,0,26,3.250
1764974503.9311547,0,0,27,3.375
1764974503.9351554,0,0,27,3.375
1764974503.9391596,0,0,25,3.125
1764974503.9431393,0,0,26,3.250
1764974503.9471354,0,0,26,3.250
1764974503.9511523,0,0,26,3.250
1764974503.955155,0,0,27,3.375
1764974503.9591558,0,0,25,3.125
1764974503.9631474,0,0,26,3.250
1764974503.9671464,0,0,26,3.250
1764974503.971156,0,0,26,3.250
1764974503.9751518,0,0,27,3.375
1764974503.9791899,0,0,25,3.125
1764974503.9831495,0,0,26,3.250
1764974503.9871483,0,0,26,3.250
1764974503.9911509,0,0,27,3.375
1764974503.9951472,0,0,27,3.375
1764974503.9991562,0,0,25,3.125
1764974504.00315,0,0,26,3.250
1764974504.007149,0,0,26,3.250
1764974504.0111492,0,0,27,3.375
1764974504.0151474,0,0,27,3.375
1764974504.019154,0,0,25,3.125
1764974504.0231478,0,0,26,3.250
1764974504.0271463,0,0,26,3.250
1764974504.031146,0,0,26,3.250
1764974504.0351474,0,0,27,3.375
1764974504.0391552,0,0,25,3.125
1764974504.043145,0,0,25,3.125
1764974504.0521424,0,0,27,3.375
1764974504.0551703,0,0,27,3.375
1764974504.05916,0,0,25,3.125
1764974504.063136,0,0,26,3.250
1764974504.0671358,0,0,26,3.250
1764974504.0711555,0,0,26,3.250
1764974504.0751483,0,0,27,3.375
1764974504.0791905,0,0,25,3.125
1764974504.0831351,0,0,25,3.125
1764974504.0871341,0,0,26,3.250
1764974504.0911543,0,0,27,3.375
1764974504.0951483,0,0,27,3.375
1764974504.0991514,0,0,25,3.125
1764974504.1031458,0,0,26,3.250
1764974504.1071496,0,0,26,3.250
1764974504.1111548,0,0,27,3.375
1764974504.115156,0,0,27,3.375
1764974504.1191502,0,0,25,3.125
1764974504.1231375,0,0,25,3.125
1764974504.1271355,0,0,26,3.250
1764974504.1311533,0,0,26,3.250
1764974504.135151,0,0,27,3.375
1764974504.1391494,0,0,25,3.125
1764974504.1431334,0,0,25,3.125
1764974504.1471357,0,0,26,3.250
1764974504.1511548,0,0,26,3.250
1764974504.155152,0,0,27,3.375
1764974504.1591506,0,0,25,3.125
1764974504.1631432,0,0,26,3.250
1764974504.1671448,0,0,26,3.250
1764974504.1711524,0,0,26,3.250
1764974504.1751492,0,0,28,3.500
1764974504.1791494,0,0,25,3.125
1764974504.183142,0,0,25,3.125
1764974504.1871443,0,0,26,3.250
1764974504.1911473,0,0,27,3.375
1764974504.1951478,0,0,25,3.125
1764974504.199149,0,0,26,3.250
1764974504.203146,0,0,26,3.250
1764974504.2071412,0,0,27,3.375
1764974504.211148,0,0,27,3.375
1764974504.215147,0,0,25,3.125
1764974504.2191532,0,0,25,3.125
1764974504.223139,0,0,26,3.250
1764974504.22714,0,0,26,3.250
1764974504.2311444,0,0,28,3.500
1764974504.2351491,0,0,25,3.125
1764974504.2391527,0,0,25,3.125
1764974504.2431397,0,0,26,3.250
1764974504.2471387,0,0,27,3.375
1764974504.2512305,0,0,27,3.375
1764974504.2551637,0,0,26,3.250
1764974504.2591493,0,0,25,3.125
1764974504.263132,0,0,26,3.250
1764974504.267133,0,0,27,3.375
1764974504.2711484,0,0,28,3.500
1764974504.2751472,0,0,25,3.125
1764974504.279148,0,0,25,3.125
1764974504.2831714,0,0,25,3.125
1764974504.2871308,0,0,26,3.250
1764974504.2911513,0,0,27,3.375
1764974504.2951493,0,0,26,3.250
1764974504.299156,0,0,25,3.125
1764974504.303145,0,0,26,3.250
1764974504.307143,0,0,27,3.375
1764974504.311155,0,0,27,3.375
1764974504.3151565,0,0,26,3.250
1764974504.3191497,0,0,25,3.125
1764974504.3235614,0,0,26,3.250
1764974504.327205,0,0,26,3.250
1764974504.331153,0,0,27,3.375
1764974504.3351386,0,0,26,3.250
1764974504.3391461,0,0,26,3.250
1764974504.3431401,0,0,26,3.250
1764974504.3471394,0,0,26,3.250
1764974504.3511398,0,0,27,3.375
1764974504.3551385,0,0,26,3.250
1764974504.3591397,0,0,26,3.250
1764974504.3631434,0,0,26,3.250
1764974504.3671386,0,0,27,3.375
1764974504.3711421,0,0,27,3.375
1764974504.3751383,0,0,26,3.250
1764974504.3791463,0,0,25,3.125
1764974504.3832574,0,0,25,3.125
1764974504.3871944,0,0,26,3.250
1764974504.39118,0,0,27,3.375
1764974504.3951664,0,0,26,3.250
1764974504.399177,0,0,25,3.125
1764974504.4031725,0,0,26,3.250
1764974504.4071689,0,0,27,3.375
1764974504.4111912,0,0,27,3.375
1764974504.415184,0,0,26,3.250
1764974504.4191937,0,0,25,3.125
1764974504.4231875,0,0,26,3.250
1764974504.427187,0,0,26,3.250
1764974504.4311907,0,0,27,3.375
1764974504.435188,0,0,27,3.375
1764974504.4391842,0,0,25,3.125
1764974504.44317,0,0,26,3.250
1764974504.4471684,0,0,26,3.250
1764974504.4512856,0,0,27,3.375
1764974504.4552028,0,0,27,3.375
1764974504.4591885,0,0,25,3.125
1764974504.4631665,0,0,26,3.250
1764974504.4671707,0,0,26,3.250
1764974504.4711869,0,0,27,3.375
1764974504.475181,0,0,26,3.250
1764974504.4791787,0,0,25,3.125
1764974504.48325,0,0,26,3.250
1764974504.48713,0,0,26,3.250
1764974504.4911542,0,0,27,3.375
1764974504.4951367,0,0,26,3.250
1764974504.499212,0,0,25,3.125
1764974504.5031326,0,0,26,3.250
1764974504.5071466,0,0,26,3.250
1764974504.5111406,0,0,27,3.375
1764974504.515156,0,0,27,3.375
1764974504.5191445,0,0,25,3.125
1764974504.523123,0,0,26,3.250
1764974504.5271227,0,0,26,3.250
1764974504.5311499,0,0,27,3.375
1764974504.5351393,0,0,26,3.250
1764974504.5391352,0,0,25,3.125
1764974504.543123,0,0,26,3.250
1764974504.547134,0,0,26,3.250
1764974504.5511427,0,0,26,3.250
1764974504.5551383,0,0,27,3.375
1764974504.5591407,0,0,25,3.125
1764974504.5631313,0,0,25,3.125
1764974504.5671327,0,0,27,3.375
1764974504.5711384,0,0,27,3.375
1764974504.5751374,0,0,26,3.250
1764974504.5791426,0,0,25,3.125
1764974504.5831332,0,0,26,3.250
1764974504.587132,0,0,27,3.375
1764974504.591137,0,0,27,3.375
1764974504.5951393,0,0,27,3.375
1764974504.5991378,0,0,24,3.000
1764974504.6031206,0,0,26,3.250
1764974504.6071208,0,0,26,3.250
1764974504.6111379,0,0,27,3.375
1764974504.6151562,0,0,27,3.375
1764974504.6192691,0,0,25,3.125
1764974504.623145,0,0,25,3.125
1764974504.62713,0,0,26,3.250
1764974504.631134,0,0,27,3.375
1764974504.6351335,0,0,27,3.375
1764974504.6391292,0,0,25,3.125
1764974504.6431289,0,0,26,3.250
1764974504.6471264,0,0,26,3.250
1764974504.6512341,0,0,26,3.250
1764974504.6551447,0,0,27,3.375
1764974504.659139,0,0,25,3.125
1764974504.6631327,0,0,25,3.125
1764974504.667132,0,0,26,3.250
1764974504.6711254,0,0,27,3.375
1764974504.6751199,0,0,27,3.375
1764974504.6791296,0,0,25,3.125
1764974504.683131,0,0,26,3.250
1764974504.6871696,0,0,26,3.250
1764974504.6911252,0,0,26,3.250
1764974504.6951184,0,0,27,3.375
1764974504.6991298,0,0,25,3.125
1764974504.7031386,0,0,26,3.250
1764974504.7071292,0,0,26,3.250
1764974504.7111213,0,0,26,3.250
1764974504.7151163,0,0,27,3.375
1764974504.719123,0,0,25,3.125
1764974504.7231288,0,0,26,3.250
1764974504.7271295,0,0,26,3.250
1764974504.7311196,0,0,26,3.250
1764974504.7351148,0,0,27,3.375
1764974504.7391303,0,0,25,3.125
1764974504.7431352,0,0,25,3.125
1764974504.7471287,0,0,26,3.250
1764974504.7511373,0,0,26,3.250
1764974504.7551324,0,0,27,3.375
1764974504.759134,0,0,25,3.125
1764974504.7631266,0,0,25,3.125
1764974504.76713,0,0,26,3.250
1764974504.771134,0,0,26,3.250
1764974504.7751338,0,0,26,3.250
1764974504.7791343,0,0,25,3.125
1764974504.7831247,0,0,25,3.125
1764974504.7871683,0,0,26,3.250
1764974504.791382,0,0,26,3.250
1764974504.7953584,0,0,27,3.375
1764974504.7991512,0,0,25,3.125
1764974504.80313,0,0,26,3.250
1764974504.807127,0,0,26,3.250
1764974504.8111348,0,0,26,3.250
1764974504.8151314,0,0,27,3.375
1764974504.8191307,0,0,25,3.125
1764974504.8231256,0,0,26,3.250
1764974504.8271265,0,0,26,3.250
1764974504.8311357,0,0,26,3.250
1764974504.8351321,0,0,27,3.375
1764974504.8391352,0,0,25,3.125
1764974504.8431277,0,0,26,3.250
1764974504.847126,0,0,27,3.375
1764974504.8513646,0,0,27,3.375
1764974504.855194,0,0,25,3.125
1764974504.8600042,0,0,26,3.250
1764974504.863259,0,0,26,3.250
1764974504.8671372,0,0,27,3.375
1764974504.8711364,0,0,28,3.500
1764974504.8751302,0,0,25,3.125
1764974504.8791292,0,0,25,3.125
1764974504.883126,0,0,26,3.250
1764974504.887166,0,0,26,3.250
1764974504.8911328,0,0,27,3.375
1764974504.8951297,0,0,25,3.125
1764974504.8991334,0,0,26,3.250
1764974504.9031584,0,0,26,3.250
1764974504.9071345,0,0,27,3.375
1764974504.9111352,0,0,27,3.375
1764974504.915131,0,0,26,3.250
1764974504.9191337,0,0,26,3.250
1764974504.9231288,0,0,26,3.250
1764974504.927124,0,0,26,3.250
1764974504.9311168,0,0,27,3.375
1764974504.9351165,0,0,26,3.250
1764974504.939127,0,0,26,3.250
1764974504.943129,0,0,26,3.250
1764974504.9471264,0,0,26,3.250
1764974504.9511304,0,0,27,3.375
1764974504.9551258,0,0,25,3.125
1764974504.9591336,0,0,25,3.125
1764974504.9631248,0,0,25,3.125
1764974504.967125,0,0,27,3.375
1764974504.9711268,0,0,27,3.375
1764974504.9751263,0,0,26,3.250
1764974504.9791286,0,0,25,3.125
1764974504.9831254,0,0,26,3.250
1764974504.98716,0,0,27,3.375
1764974504.991133,0,0,27,3.375
1764974504.9951391,0,0,25,3.125
1764974504.999131,0,0,25,3.125
1764974505.0031252,0,0,26,3.250
1764974505.0071247,0,0,27,3.375
1764974505.011118,0,0,27,3.375
1764974505.0150983,0,0,26,3.250
1764974505.0191014,0,0,25,3.125
1764974505.0230951,0,0,26,3.250
1764974505.0270994,0,0,26,3.250
1764974505.031108,0,0,27,3.375
1764974505.0350986,0,0,26,3.250
1764974505.039104,0,0,25,3.125
1764974505.0430954,0,0,26,3.250
1764974505.0470946,0,0,27,3.375
1764974505.0559819,0,0,27,3.375
1764974505.0591457,0,0,25,3.125
1764974505.0630946,0,0,25,3.125
1764974505.0671487,0,0,27,3.375
1764974505.0711176,0,0,27,3.375
1764974505.075107,0,0,26,3.250
1764974505.0791087,0,0,25,3.125
1764974505.083091,0,0,26,3.250
1764974505.0871222,0,0,26,3.250
1764974505.0911152,0,0,27,3.375
1764974505.0951042,0,0,26,3.250
1764974505.099107,0,0,26,3.250
1764974505.103106,0,0,25,3.125
1764974505.107105,0,0,26,3.250
1764974505.1111064,0,0,27,3.375
1764974505.1151044,0,0,26,3.250
1764974505.1191535,0,0,25,3.125
1764974505.1231132,0,0,26,3.250
1764974505.1271062,0,0,26,3.250
1764974505.131103,0,0,27,3.375
1764974505.1350908,0,0,27,3.375
1764974505.1390944,0,0,25,3.125
1764974505.1431012,0,0,25,3.125
1764974505.147101,0,0,26,3.250
1764974505.151102,0,0,27,3.375
1764974505.1551006,0,0,26,3.250
1764974505.1591027,0,0,25,3.125
1764974505.1631045,0,0,25,3.125
1764974505.1671016,0,0,26,3.250
1764974505.1711025,0,0,27,3.375
1764974505.1750998,0,0,27,3.375
1764974505.179106,0,0,25,3.125
1764974505.1831045,0,0,25,3.125
1764974505.1871383,0,0,26,3.250
1764974505.1911058,0,0,26,3.250
1764974505.1951003,0,0,27,3.375
1764974505.199106,0,0,25,3.125
1764974505.203102,0,0,26,3.250
1764974505.207104,0,0,26,3.250
1764974505.2111056,0,0,27,3.375
1764974505.2151024,0,0,26,3.250
1764974505.219104,0,0,26,3.250
1764974505.2231,0,0,27,3.375
1764974505.2271004,0,0,27,3.375
1764974505.2311056,0,0,27,3.375
1764974505.2351012,0,0,25,3.125
1764974505.2391136,0,0,26,3.250
1764974505.2430835,0,0,26,3.250
1764974505.2470841,0,0,26,3.250
1764974505.251129,0,0,27,3.375
1764974505.2551801,0,0,25,3.125
1764974505.2591252,0,0,26,3.250
1764974505.2630894,0,0,26,3.250
1764974505.2670832,0,0,27,3.375
1764974505.2711098,0,0,27,3.375
1764974505.2751,0,0,25,3.125
1764974505.2791054,0,0,26,3.250
1764974505.2830865,0,0,26,3.250
1764974505.2871232,0,0,27,3.375
1764974505.291115,0,0,27,3.375
1764974505.2951005,0,0,25,3.125
1764974505.2991047,0,0,26,3.250
1764974505.303103,0,0,26,3.250
1764974505.3071015,0,0,26,3.250
1764974505.3111033,0,0,27,3.375
1764974505.3151033,0,0,25,3.125
1764974505.3191056,0,0,25,3.125
1764974505.3231,0,0,26,3.250
1764974505.3270998,0,0,26,3.250
1764974505.3311253,0,0,27,3.375
1764974505.3351152,0,0,25,3.125
1764974505.3391106,0,0,26,3.250
1764974505.3430839,0,0,26,3.250
1764974505.347084,0,0,27,3.375
1764974505.351109,0,0,28,3.500
1764974505.355103,0,0,24,3.000
1764974505.359104,0,0,25,3.125
1764974505.3630867,0,0,26,3.250
1764974505.3670835,0,0,27,3.375
1764974505.371108,0,0,28,3.500
1764974505.3750997,0,0,25,3.125
1764974505.3791065,0,0,25,3.125
1764974505.3830993,0,0,25,3.125
1764974505.3871336,0,0,27,3.375
1764974505.3911006,0,0,27,3.375
1764974505.3950958,0,0,25,3.125
1764974505.3990984,0,0,26,3.250
1764974505.4030972,0,0,26,3.250
1764974505.4070995,0,0,27,3.375
1764974505.4111032,0,0,27,3.375
1764974505.4151015,0,0,25,3.125
1764974505.4190993,0,0,26,3.250
1764974505.4230835,0,0,26,3.250
1764974505.427081,0,0,26,3.250
1764974505.4311075,0,0,27,3.375
1764974505.4350998,0,0,25,3.125
1764974505.4391038,0,0,26,3.250
1764974505.4430988,0,0,26,3.250
1764974505.447099,0,0,26,3.250
1764974505.4510994,0,0,27,3.375
1764974505.4551835,0,0,25,3.125
1764974505.459114,0,0,26,3.250
1764974505.4630854,0,0,26,3.250
1764974505.4670846,0,0,27,3.375
1764974505.4711056,0,0,27,3.375
1764974505.4750984,0,0,25,3.125
1764974505.4791036,0,0,25,3.125
1764974505.4830837,0,0,26,3.250
1764974505.487119,0,0,26,3.250
1764974505.4911098,0,0,27,3.375
1764974505.4950948,0,0,25,3.125
1764974505.4991765,0,0,26,3.250
1764974505.5030982,0,0,26,3.250
1764974505.5070984,0,0,27,3.375
1764974505.5111022,0,0,27,3.375
1764974505.5151043,0,0,25,3.125
1764974505.519094,0,0,26,3.250
1764974505.5230803,0,0,26,3.250
1764974505.5270813,0,0,27,3.375
1764974505.5311089,0,0,26,3.250
1764974505.5350976,0,0,26,3.250
1764974505.5390978,0,0,26,3.250
1764974505.54308,0,0,27,3.375
1764974505.547079,0,0,28,3.500
1764974505.551107,0,0,25,3.125
1764974505.5550995,0,0,26,3.250
1764974505.5590973,0,0,26,3.250
1764974505.563097,0,0,27,3.375
1764974505.5670972,0,0,27,3.375
1764974505.5710983,0,0,25,3.125
1764974505.575094,0,0,25,3.125
1764974505.5791006,0,0,26,3.250
1764974505.583101,0,0,26,3.250
1764974505.5871315,0,0,28,3.500
1764974505.5911105,0,0,25,3.125
1764974505.5950935,0,0,25,3.125
1764974505.599099,0,0,25,3.125
1764974505.603094,0,0,27,3.375
1764974505.607099,0,0,27,3.375
1764974505.6110997,0,0,25,3.125
1764974505.6150963,0,0,25,3.125
1764974505.619099,0,0,26,3.250
1764974505.6230955,0,0,27,3.375
1764974505.6270938,0,0,27,3.375
1764974505.6310976,0,0,25,3.125
1764974505.6350958,0,0,26,3.250
1764974505.6390998,0,0,26,3.250
1764974505.64308,0,0,27,3.375
1764974505.6470773,0,0,27,3.375
1764974505.6511045,0,0,26,3.250
1764974505.655172,0,0,25,3.125
1764974505.6591122,0,0,25,3.125
1764974505.6630826,0,0,26,3.250
1764974505.6670797,0,0,28,3.500
1764974505.6711073,0,0,26,3.250
1764974505.6750958,0,0,26,3.250
1764974505.6790953,0,0,26,3.250
1764974505.6830797,0,0,26,3.250
1764974505.687118,0,0,27,3.375
1764974505.6911106,0,0,26,3.250
1764974505.6950953,0,0,25,3.125
1764974505.6991003,0,0,26,3.250
1764974505.7030947,0,0,27,3.375
1764974505.7070963,0,0,27,3.375
1764974505.7110882,0,0,25,3.125
1764974505.7150805,0,0,26,3.250
1764974505.7190897,0,0,25,3.125
1764974505.7230933,0,0,26,3.250
1764974505.7270956,0,0,27,3.375
1764974505.7310977,0,0,26,3.250
1764974505.7350972,0,0,26,3.250
1764974505.739099,0,0,25,3.125
1764974505.7430997,0,0,26,3.250
1764974505.7470958,0,0,27,3.375
1764974505.7510943,0,0,26,3.250
1764974505.7550933,0,0,25,3.125
1764974505.7591014,0,0,26,3.250
1764974505.7630951,0,0,26,3.250
1764974505.7670958,0,0,26,3.250
1764974505.771096,0,0,26,3.250
1764974505.7750936,0,0,25,3.125
1764974505.7790983,0,0,25,3.125
1764974505.783096,0,0,26,3.250
1764974505.7871985,0,0,26,3.250
1764974505.7913632,0,0,26,3.250
1764974505.7953787,0,0,25,3.125
1764974505.7991793,0,0,26,3.250
1764974505.8031397,0,0,26,3.250
1764974505.8071377,0,0,27,3.375
1764974505.8111458,0,0,26,3.250
1764974505.8151393,0,0,26,3.250
1764974505.8191414,0,0,26,3.250
1764974505.8231332,0,0,27,3.375
1764974505.8271327,0,0,26,3.250
1764974505.8311403,0,0,26,3.250
1764974505.8351395,0,0,26,3.250
1764974505.839146,0,0,27,3.375
1764974505.8431404,0,0,27,3.375
1764974505.847137,0,0,27,3.375
1764974505.8511453,0,0,25,3.125
1764974505.8552291,0,0,26,3.250
1764974505.8591561,0,0,27,3.375
1764974505.863139,0,0,27,3.375
1764974505.8671372,0,0,27,3.375
1764974505.8711379,0,0,25,3.125
1764974505.8751302,0,0,25,3.125
1764974505.8791332,0,0,27,3.375
1764974505.8831341,0,0,27,3.375
1764974505.887226,0,0,26,3.250
1764974505.8911045,0,0,25,3.125
1764974505.895094,0,0,26,3.250
1764974505.899094,0,0,26,3.250
1764974505.9030936,0,0,27,3.375
1764974505.9070926,0,0,26,3.250
1764974505.9110987,0,0,25,3.125
1764974505.9150934,0,0,25,3.125
1764974505.9190998,0,0,26,3.250
1764974505.9230917,0,0,27,3.375
1764974505.9271033,0,0,28,3.500
