Timestamp,LO_plus,LO_minus,Raw_ADC,Voltage_mV
0.015591859817504883,1,1,19448,1215.500
0.01679515838623047,1,1,19448,1215.500
0.0179288387298584,1,1,32767,2047.938
0.02119588851928711,1,1,32767,2047.938
0.025179386138916016,1,1,32767,2047.938
0.02917313575744629,1,1,19852,1240.750
0.03317570686340332,1,1,19637,1227.312
0.03717398643493652,1,1,32767,2047.938
0.0411837100982666,1,1,32767,2047.938
0.045181989669799805,1,1,32767,2047.938
0.04918193817138672,1,1,20624,1289.000
0.05318331718444824,1,1,19829,1239.312
0.057181358337402344,1,1,32767,2047.938
0.061182260513305664,1,1,32767,2047.938
0.06518220901489258,1,1,32767,2047.938
0.0691835880279541,1,1,21309,1331.812
0.07318115234375,1,1,19931,1245.688
0.07718157768249512,1,1,32767,2047.938
0.08118438720703125,1,1,32767,2047.938
0.08518052101135254,1,1,32767,2047.938
0.08918142318725586,1,1,22113,1382.062
0.09318065643310547,1,1,20148,1259.250
0.09718751907348633,1,1,32767,2047.938
0.1011817455291748,1,1,32767,2047.938
0.1051785945892334,1,1,32767,2047.938
0.10918283462524414,1,1,22775,1423.438
0.11318826675415039,1,1,20284,1267.750
0.11718034744262695,1,1,32767,2047.938
0.12118077278137207,1,1,32767,2047.938
0.12518072128295898,1,1,32767,2047.938
0.129180908203125,1,1,23542,1471.375
0.1331806182861328,1,1,20483,1280.188
0.13717937469482422,1,1,32767,2047.938
0.14118194580078125,1,1,32767,2047.938
0.14517974853515625,1,1,32767,2047.938
0.1491832733154297,1,1,24262,1516.375
0.15317845344543457,1,1,20681,1292.562
0.1571822166442871,1,1,32767,2047.938
0.16118144989013672,1,1,32767,2047.938
0.16518020629882812,1,1,32767,2047.938
0.16917824745178223,1,1,24673,1542.062
0.17317914962768555,1,1,20564,1285.250
0.17717981338500977,1,1,32767,2047.938
0.18117976188659668,1,1,32767,2047.938
0.18517756462097168,1,1,32767,2047.938
0.1893773078918457,1,1,25141,1571.312
0.19321775436401367,1,1,20603,1287.688
0.19718551635742188,1,1,32767,2047.938
0.2011890411376953,1,1,32767,2047.938
0.20517444610595703,1,1,32767,2047.938
0.20917797088623047,1,1,25558,1597.375
0.2131800651550293,1,1,20470,1279.375
0.21718478202819824,1,1,32767,2047.938
0.2211768627166748,1,1,32767,2047.938
0.22517085075378418,1,1,32767,2047.938
0.22917962074279785,1,1,26173,1635.812
0.23317813873291016,1,1,20574,1285.875
0.23717856407165527,1,1,32767,2047.938
0.24120092391967773,1,1,32767,2047.938
0.24518084526062012,1,1,32767,2047.938
0.24917912483215332,1,1,26556,1659.750
0.2531759738922119,1,1,20488,1280.500
0.2571866512298584,1,1,32767,2047.938
0.2611818313598633,1,1,32767,2047.938
0.26517724990844727,1,1,32767,2047.938
0.2691786289215088,1,1,27065,1691.562
0.2731776237487793,1,1,20445,1277.812
0.2772233486175537,1,1,32390,2024.375
0.2811915874481201,1,1,32767,2047.938
0.28518033027648926,1,1,32767,2047.938
0.28917574882507324,1,1,27353,1709.562
0.29317235946655273,1,1,20336,1271.000
0.2971789836883545,1,1,31994,1999.625
0.301175594329834,1,1,32767,2047.938
0.30517125129699707,1,1,32767,2047.938
0.3091742992401123,1,1,27874,1742.125
0.3131752014160156,1,1,20372,1273.250
0.31717419624328613,1,1,31634,1977.125
0.32117390632629395,1,1,32767,2047.938
0.32517123222351074,1,1,32767,2047.938
0.32917046546936035,1,1,28330,1770.625
0.33317089080810547,1,1,20356,1272.250
0.3371701240539551,1,1,31140,1946.250
0.34117650985717773,1,1,32767,2047.938
0.34517669677734375,1,1,32767,2047.938
0.34917593002319336,1,1,28637,1789.812
0.35317516326904297,1,1,20137,1258.562
0.3571758270263672,1,1,30466,1904.125
0.361175537109375,1,1,32767,2047.938
0.3651754856109619,1,1,32767,2047.938
0.3691751956939697,1,1,28837,1802.312
0.3731682300567627,1,1,19906,1244.125
0.3771703243255615,1,1,29744,1859.000
0.3811798095703125,1,1,32767,2047.938
0.385176420211792,1,1,32767,2047.938
0.3891775608062744,1,1,29468,1841.750
0.3931748867034912,1,1,20022,1251.375
0.3971750736236572,1,1,29218,1826.125
0.40117502212524414,1,1,32767,2047.938
0.40517592430114746,1,1,32767,2047.938
0.4091777801513672,1,1,29596,1849.750
0.4131741523742676,1,1,19777,1236.062
0.4171741008758545,1,1,28629,1789.312
0.4211759567260742,1,1,32767,2047.938
0.42517590522766113,1,1,32767,2047.938
0.42917370796203613,1,1,30005,1875.312
0.4331691265106201,1,1,19751,1234.438
0.43716979026794434,1,1,28005,1750.312
0.4411778450012207,1,1,32767,2047.938
0.4451761245727539,1,1,32767,2047.938
0.4491744041442871,1,1,30289,1893.062
0.4531700611114502,1,1,19629,1226.812
0.4571683406829834,1,1,27395,1712.188
0.4611787796020508,1,1,32767,2047.938
0.4651777744293213,1,1,32767,2047.938
0.4691767692565918,1,1,30494,1905.875
0.4731736183166504,1,1,19386,1211.625
0.4771726131439209,1,1,26673,1667.062
0.48117494583129883,1,1,32767,2047.938
0.48517656326293945,1,1,32767,2047.938
0.48917603492736816,1,1,31017,1938.562
0.49318838119506836,1,1,19477,1217.312
0.4972083568572998,1,1,26050,1628.125
0.5012493133544922,1,1,32767,2047.938
0.5052433013916016,1,1,32767,2047.938
0.5092430114746094,1,1,31154,1947.125
0.5132384300231934,1,1,19256,1203.500
0.5172724723815918,1,1,25442,1590.125
0.5212409496307373,1,1,32767,2047.938
0.5252397060394287,1,1,32767,2047.938
0.5292425155639648,1,1,31512,1969.500
0.5332388877868652,1,1,19158,1197.375
0.5372514724731445,1,1,24832,1552.000
0.5412440299987793,1,1,32767,2047.938
0.5452418327331543,1,1,32767,2047.938
0.5492429733276367,1,1,31983,1998.938
0.5532402992248535,1,1,19278,1204.875
0.5572729110717773,1,1,24315,1519.688
0.5612423419952393,1,1,32767,2047.938
0.5652410984039307,1,1,32767,2047.938
0.5692436695098877,1,1,32219,2013.688
0.5732381343841553,1,1,19161,1197.562
0.5772712230682373,1,1,23556,1472.250
0.5812435150146484,1,1,32767,2047.938
0.5852410793304443,1,1,32767,2047.938
0.5892429351806641,1,1,32285,2017.812
0.5932390689849854,1,1,18822,1176.375
0.5972611904144287,1,1,22786,1424.125
0.601597785949707,1,1,32767,2047.938
0.6055343151092529,1,1,32767,2047.938
0.609337568283081,1,1,32565,2035.312
0.6133067607879639,1,1,18803,1175.188
0.6173610687255859,1,1,22179,1386.188
0.6212985515594482,1,1,32767,2047.938
0.6252961158752441,1,1,32767,2047.938
0.6293008327484131,1,1,32767,2047.938
0.6333065032958984,1,1,18851,1178.188
0.6373496055603027,1,1,21632,1352.000
0.6413064002990723,1,1,32767,2047.938
0.6453061103820801,1,1,32767,2047.938
0.6493103504180908,1,1,32767,2047.938
0.6533050537109375,1,1,18742,1171.375
0.6573197841644287,1,1,21138,1321.125
0.6613061428070068,1,1,32767,2047.938
0.6653318405151367,1,1,32767,2047.938
0.6693124771118164,1,1,32767,2047.938
0.6733012199401855,1,1,18756,1172.250
0.6773509979248047,1,1,20522,1282.625
0.6812946796417236,1,1,32767,2047.938
0.685295581817627,1,1,32767,2047.938
0.6892890930175781,1,1,32767,2047.938
0.6932954788208008,1,1,18702,1168.875
0.697343111038208,1,1,19870,1241.875
0.7012619972229004,1,1,32767,2047.938
0.70526123046875,1,1,32767,2047.938
0.7092576026916504,1,1,32767,2047.938
0.7132673263549805,1,1,19130,1195.625
0.717301607131958,1,1,32767,2047.938
0.7212545871734619,1,1,32767,2047.938
0.725257396697998,1,1,32767,2047.938
0.7292742729187012,1,1,18795,1174.688
0.7332639694213867,1,1,18874,1179.625
0.737307071685791,1,1,32767,2047.938
0.741262674331665,1,1,32767,2047.938
0.7452671527862549,1,1,32767,2047.938
0.7492918968200684,1,1,18809,1175.562
0.7532646656036377,1,1,18396,1149.750
0.7572803497314453,1,1,32767,2047.938
0.7612667083740234,1,1,32767,2047.938
0.7652714252471924,1,1,32767,2047.938
0.7692663669586182,1,1,18935,1183.438
0.7732560634613037,1,1,17921,1120.062
0.7773001194000244,1,1,32767,2047.938
0.7812654972076416,1,1,32767,2047.938
0.7852678298950195,1,1,32767,2047.938
0.7892687320709229,1,1,18984,1186.500
0.793264627456665,1,1,17358,1084.875
0.797307014465332,1,1,32767,2047.938
0.801304817199707,1,1,32767,2047.938
0.8053061962127686,1,1,32767,2047.938
0.8093078136444092,1,1,19113,1194.562
0.8133032321929932,1,1,17098,1068.625
0.8173511028289795,1,1,32369,2023.062
0.821300745010376,1,1,32767,2047.938
0.8253054618835449,1,1,32767,2047.938
0.8293070793151855,1,1,19114,1194.625
0.8333020210266113,1,1,16535,1033.438
0.8373186588287354,1,1,31657,1978.562
0.8412981033325195,1,1,32767,2047.938
0.8452913761138916,1,1,32767,2047.938
0.8492984771728516,1,1,19329,1208.062
0.8533012866973877,1,1,16215,1013.438
0.8573458194732666,1,1,31043,1940.188
0.8612985610961914,1,1,32767,2047.938
0.8653066158294678,1,1,32767,2047.938
0.8693084716796875,1,1,19504,1219.000
0.8732998371124268,1,1,15779,986.188
0.8773469924926758,1,1,30332,1895.750
0.8813014030456543,1,1,32767,2047.938
0.8853061199188232,1,1,32767,2047.938
0.8893074989318848,1,1,19577,1223.562
0.8932998180389404,1,1,15443,965.188
0.8973503112792969,1,1,29742,1858.875
0.901287317276001,1,1,32767,2047.938
0.9052674770355225,1,1,32767,2047.938
0.9092681407928467,1,1,19733,1233.312
0.9132616519927979,1,1,14984,936.500
0.9173033237457275,1,1,28941,1808.812
0.9212653636932373,1,1,32767,2047.938
0.9252653121948242,1,1,32767,2047.938
0.9292666912078857,1,1,20059,1253.688
0.933260440826416,1,1,14760,922.500
0.9372787475585938,1,1,28290,1768.125
0.9412527084350586,1,1,32767,2047.938
0.9452550411224365,1,1,32767,2047.938
0.9492490291595459,1,1,20219,1263.688
0.9532532691955566,1,1,14401,900.062
0.9572958946228027,1,1,27569,1723.062
0.9612641334533691,1,1,32767,2047.938
0.9652657508850098,1,1,32767,2047.938
0.9692654609680176,1,1,20433,1277.062
0.9732613563537598,1,1,14065,879.062
0.9773046970367432,1,1,26758,1672.375
0.9812641143798828,1,1,32767,2047.938
0.9852666854858398,1,1,32767,2047.938
0.9892661571502686,1,1,20621,1288.812
0.9932618141174316,1,1,13749,859.312
0.9973063468933105,1,1,26092,1630.750
1.001382827758789,1,1,32767,2047.938
1.0053091049194336,1,1,32767,2047.938
1.0165746212005615,1,1,25475,1592.188
1.0178797245025635,1,1,25475,1592.188
1.021296501159668,1,1,32767,2047.938
1.025291919708252,1,1,32767,2047.938
1.0292840003967285,1,1,21186,1324.125
1.0332911014556885,1,1,13293,830.812
1.0373096466064453,1,1,24757,1547.312
1.0413053035736084,1,1,32767,2047.938
1.045302152633667,1,1,32767,2047.938
1.0493080615997314,1,1,21608,1350.500
1.053299903869629,1,1,13215,825.938
1.0573477745056152,1,1,24147,1509.188
1.0612993240356445,1,1,32767,2047.938
1.0653023719787598,1,1,32767,2047.938
1.0693047046661377,1,1,21916,1369.750
1.073296308517456,1,1,13024,814.000
1.0773444175720215,1,1,23485,1467.812
1.0812995433807373,1,1,32767,2047.938
1.085301160812378,1,1,32767,2047.938
1.0893049240112305,1,1,22217,1388.562
1.0932962894439697,1,1,12841,802.562
1.0973460674285889,1,1,22830,1426.875
1.1013123989105225,1,1,32767,2047.938
1.1052641868591309,1,1,32767,2047.938
1.1092660427093506,1,1,22528,1408.000
1.1132605075836182,1,1,12621,788.812
1.1172986030578613,1,1,22055,1378.438
1.1212592124938965,1,1,32767,2047.938
1.1252644062042236,1,1,32767,2047.938
1.1292662620544434,1,1,22994,1437.125
1.1332581043243408,1,1,12628,789.250
1.137275218963623,1,1,21524,1345.250
1.1412568092346191,1,1,32767,2047.938
1.1452646255493164,1,1,32767,2047.938
1.1492652893066406,1,1,23369,1460.562
1.1532611846923828,1,1,12493,780.812
1.1573007106781006,1,1,20873,1304.562
1.1612579822540283,1,1,32767,2047.938
1.1652581691741943,1,1,32767,2047.938
1.1692686080932617,1,1,23759,1484.938
1.1732594966888428,1,1,12421,776.312
1.1773009300231934,1,1,20247,1265.438
1.1812565326690674,1,1,32767,2047.938
1.1852612495422363,1,1,32767,2047.938
1.1892626285552979,1,1,24144,1509.000
1.193256139755249,1,1,12374,773.375
1.1972997188568115,1,1,19717,1232.312
1.2012584209442139,1,1,32767,2047.938
1.2053298950195312,1,1,32767,2047.938
1.2093091011047363,1,1,24682,1542.625
1.21329665184021,1,1,12420,776.250
1.2173128128051758,1,1,19087,1192.938
1.22129225730896,1,1,32767,2047.938
1.2253119945526123,1,1,32767,2047.938
1.2292993068695068,1,1,24899,1556.188
1.2332944869995117,1,1,12287,767.938
1.23734450340271,1,1,18524,1157.750
1.2413060665130615,1,1,32767,2047.938
1.2452962398529053,1,1,32767,2047.938
1.2492990493774414,1,1,25490,1593.125
1.2533156871795654,1,1,12329,770.562
1.2573580741882324,1,1,17934,1120.875
1.2612931728363037,1,1,32767,2047.938
1.2652971744537354,1,1,32767,2047.938
1.2693016529083252,1,1,25915,1619.688
1.2732932567596436,1,1,12370,773.125
1.2773480415344238,1,1,17413,1088.312
1.2813129425048828,1,1,32767,2047.938
1.2852976322174072,1,1,32767,2047.938
1.2892999649047852,1,1,26412,1650.750
1.2932932376861572,1,1,12550,784.375
1.2973508834838867,1,1,17028,1064.250
1.3012957572937012,1,1,32767,2047.938
1.305377721786499,1,1,32767,2047.938
1.309262990951538,1,1,26829,1676.812
1.3132586479187012,1,1,12492,780.750
1.317272663116455,1,1,16356,1022.250
1.321272611618042,1,1,32767,2047.938
1.325261116027832,1,1,32767,2047.938
1.3292596340179443,1,1,27199,1699.938
1.3332548141479492,1,1,12548,784.250
1.3373098373413086,1,1,15958,997.375
1.341256856918335,1,1,32767,2047.938
1.3452575206756592,1,1,32767,2047.938
1.3492600917816162,1,1,27657,1728.562
1.3532545566558838,1,1,12628,789.250
1.3573002815246582,1,1,15395,962.188
1.3612568378448486,1,1,32767,2047.938
1.3652584552764893,1,1,32767,2047.938
1.369260311126709,1,1,28236,1764.750
1.3732569217681885,1,1,12857,803.562
1.377295970916748,1,1,15104,944.000
1.3812553882598877,1,1,32586,2036.625
1.385258674621582,1,1,32767,2047.938
1.3892607688903809,1,1,28754,1797.125
1.3932559490203857,1,1,13034,814.625
1.397270917892456,1,1,14656,916.000
1.4012563228607178,1,1,32002,2000.125
1.4052698612213135,1,1,32767,2047.938
1.409299612045288,1,1,29029,1814.312
1.413292646408081,1,1,13036,814.750
1.417342185974121,1,1,14156,884.750
1.421292781829834,1,1,31446,1965.375
1.4252963066101074,1,1,32767,2047.938
1.4292984008789062,1,1,29686,1855.375
1.4332926273345947,1,1,13408,838.000
1.4373400211334229,1,1,13886,867.875
1.4412949085235596,1,1,32767,2047.938
1.4452977180480957,1,1,30088,1880.500
1.449291706085205,1,1,13579,848.688
1.4532842636108398,1,1,13534,845.875
1.4573001861572266,1,1,30395,1899.688
1.4612963199615479,1,1,32767,2047.938
1.4652976989746094,1,1,30517,1907.312
1.4692966938018799,1,1,13699,856.188
1.4732911586761475,1,1,13128,820.500
1.4773406982421875,1,1,29842,1865.125
1.4812915325164795,1,1,32767,2047.938
1.4852981567382812,1,1,30972,1935.750
1.4892923831939697,1,1,13980,873.750
1.4932851791381836,1,1,12837,802.312
1.4973347187042236,1,1,29286,1830.375
1.5012953281402588,1,1,32767,2047.938
1.505295753479004,1,1,31460,1966.250
1.5094249248504639,1,1,14243,890.188
1.513258457183838,1,1,12490,780.625
1.5172996520996094,1,1,28685,1792.812
1.5212552547454834,1,1,32767,2047.938
1.5252556800842285,1,1,31986,1999.125
1.5292613506317139,1,1,14627,914.188
1.5332667827606201,1,1,12340,771.250
1.5372989177703857,1,1,28266,1766.625
1.5412445068359375,1,1,32767,2047.938
1.5452473163604736,1,1,32482,2030.125
1.5492584705352783,1,1,14961,935.062
1.5532543659210205,1,1,12058,753.625
1.55727219581604,1,1,27517,1719.812
1.5612447261810303,1,1,32767,2047.938
1.5652458667755127,1,1,32742,2046.375
1.5692517757415771,1,1,15185,949.062
1.5732531547546387,1,1,11837,739.812
1.5772960186004639,1,1,26999,1687.438
1.581240177154541,1,1,32767,2047.938
1.5852437019348145,1,1,32767,2047.938
1.5893056392669678,1,1,15411,963.188
1.5932810306549072,1,1,11481,717.562
1.5973024368286133,1,1,26385,1649.062
1.6015362739562988,1,1,32767,2047.938
1.6054701805114746,1,1,32767,2047.938
1.6113076210021973,1,1,16011,1000.688
1.6133089065551758,1,1,11502,718.875
1.6172559261322021,1,1,25916,1619.750
1.6212544441223145,1,1,32767,2047.938
1.6252546310424805,1,1,32767,2047.938
1.6292483806610107,1,1,16231,1014.438
1.6332430839538574,1,1,11293,705.812
1.6375620365142822,1,1,25437,1589.812
1.6412832736968994,1,1,32767,2047.938
1.6452453136444092,1,1,32767,2047.938
1.6492400169372559,1,1,16632,1039.500
1.6532399654388428,1,1,11056,691.000
1.657240867614746,1,1,24707,1544.188
1.6612646579742432,1,1,32767,2047.938
1.6652462482452393,1,1,32767,2047.938
1.6692368984222412,1,1,17058,1066.125
1.6732418537139893,1,1,11002,687.625
1.6772425174713135,1,1,24166,1510.375
1.6812589168548584,1,1,32767,2047.938
1.6852550506591797,1,1,32767,2047.938
1.68925142288208,1,1,17436,1089.750
1.6932430267333984,1,1,10825,676.562
1.6972520351409912,1,1,23607,1475.438
1.701258897781372,1,1,32767,2047.938
1.7052509784698486,1,1,32767,2047.938
1.709256887435913,1,1,17950,1121.875
1.7132964134216309,1,1,10830,676.875
1.717256784439087,1,1,23135,1445.938
1.7212567329406738,1,1,32767,2047.938
1.7252533435821533,1,1,32767,2047.938
1.7292585372924805,1,1,18146,1134.125
1.7332525253295898,1,1,10513,657.062
1.7372541427612305,1,1,22374,1398.375
1.7412569522857666,1,1,32767,2047.938
1.745253562927246,1,1,32767,2047.938
1.7492587566375732,1,1,18826,1176.625
1.75325345993042,1,1,10654,665.875
1.757253646850586,1,1,21938,1371.125
1.7612535953521729,1,1,32767,2047.938
1.7652537822723389,1,1,32767,2047.938
1.7692570686340332,1,1,19211,1200.688
1.7732517719268799,1,1,10564,660.250
1.777251958847046,1,1,21416,1338.500
1.7812535762786865,1,1,32767,2047.938
1.7852520942687988,1,1,32767,2047.938
1.789257526397705,1,1,19613,1225.812
1.7932684421539307,1,1,10459,653.688
1.797253131866455,1,1,20856,1303.500
1.8012518882751465,1,1,32767,2047.938
1.805253028869629,1,1,32767,2047.938
1.8092494010925293,1,1,20081,1255.062
1.8133106231689453,1,1,10449,653.062
1.8172776699066162,1,1,20285,1267.812
1.8212919235229492,1,1,32767,2047.938
1.825289011001587,1,1,32767,2047.938
1.8292958736419678,1,1,20615,1288.438
1.8332886695861816,1,1,10493,655.812
1.8372881412506104,1,1,19850,1240.625
1.8412885665893555,1,1,32767,2047.938
1.8452892303466797,1,1,32767,2047.938
1.8492920398712158,1,1,21068,1316.750
1.853287696838379,1,1,10470,654.375
1.8572890758514404,1,1,19298,1206.125
1.8612885475158691,1,1,32767,2047.938
1.8652853965759277,1,1,32767,2047.938
1.8692879676818848,1,1,21690,1355.625
1.8732879161834717,1,1,10642,665.125
1.877289056777954,1,1,18940,1183.750
1.881286382675171,1,1,32767,2047.938
1.8852853775024414,1,1,32767,2047.938
1.8892929553985596,1,1,22170,1385.625
1.893289566040039,1,1,10579,661.188
1.8972883224487305,1,1,18294,1143.375
1.9012861251831055,1,1,32767,2047.938
1.905287504196167,1,1,32767,2047.938
1.909294605255127,1,1,22716,1419.750
1.9132871627807617,1,1,10725,670.312
1.9173266887664795,1,1,17911,1119.438
1.9212894439697266,1,1,32767,2047.938
1.9252893924713135,1,1,32767,2047.938
1.9292919635772705,1,1,23169,1448.062
1.933286190032959,1,1,10718,669.875
1.9372859001159668,1,1,17325,1082.812
1.9412899017333984,1,1,32767,2047.938
1.9452872276306152,1,1,32767,2047.938
1.949282169342041,1,1,23680,1480.000
1.9532721042633057,1,1,10765,672.812
1.9572737216949463,1,1,16782,1048.875
1.9612836837768555,1,1,32767,2047.938
1.9652843475341797,1,1,32767,2047.938
1.9692881107330322,1,1,24351,1521.938
1.973290205001831,1,1,11059,691.188
1.9772875308990479,1,1,16503,1031.438
1.9812853336334229,1,1,32767,2047.938
1.985288143157959,1,1,32767,2047.938
1.9892849922180176,1,1,24919,1557.438
1.9932727813720703,1,1,11182,698.875
1.9972691535949707,1,1,16051,1003.188
2.001288652420044,1,1,32767,2047.938
2.005288600921631,1,1,32767,2047.938
2.0092897415161133,1,1,25359,1584.938
2.020034074783325,1,1,32767,2047.938
2.0212976932525635,1,1,32767,2047.938
2.0252597332000732,1,1,32767,2047.938
2.029261589050293,1,1,26018,1626.125
2.0332489013671875,1,1,11511,719.438
2.0372486114501953,1,1,15279,954.938
2.0412566661834717,1,1,32767,2047.938
2.0452487468719482,1,1,32767,2047.938
2.0492448806762695,1,1,26592,1662.000
2.0532383918762207,1,1,11738,733.625
2.0572376251220703,1,1,14945,934.062
2.0612707138061523,1,1,32662,2041.375
2.065253496170044,1,1,32767,2047.938
2.069255828857422,1,1,26984,1686.500
2.073249578475952,1,1,11749,734.312
2.077249765396118,1,1,14452,903.250
2.0812463760375977,1,1,32242,2015.125
2.085249900817871,1,1,32767,2047.938
2.089254379272461,1,1,27704,1731.500
2.093247890472412,1,1,12042,752.625
2.0972468852996826,1,1,14093,880.812
2.101250648498535,1,1,31754,1984.625
2.1052470207214355,1,1,32767,2047.938
2.1092519760131836,1,1,28187,1761.688
2.1132495403289795,1,1,12287,767.938
2.11724853515625,1,1,13924,870.250
2.1212472915649414,1,1,31566,1972.875
2.1252481937408447,1,1,32767,2047.938
2.12925124168396,1,1,28769,1798.062
2.133249044418335,1,1,12506,781.625
2.13724684715271,1,1,13498,843.625
2.1412479877471924,1,1,31028,1939.250
2.1452436447143555,1,1,32767,2047.938
2.149254560470581,1,1,29356,1834.750
2.1532461643218994,1,1,12736,796.000
2.15724515914917,1,1,13193,824.562
2.161245822906494,1,1,32767,2047.938
2.1652486324310303,1,1,29876,1867.250
2.1692512035369873,1,1,12840,802.500
2.173246145248413,1,1,12768,798.000
2.177246332168579,1,1,30287,1892.938
2.1812500953674316,1,1,32767,2047.938
2.185246706008911,1,1,30618,1913.625
2.189249277114868,1,1,13197,824.812
2.1932461261749268,1,1,12495,780.938
2.19724702835083,1,1,29856,1866.000
2.2012417316436768,1,1,32767,2047.938
2.20524263381958,1,1,31183,1948.938
2.2092442512512207,1,1,13428,839.250
2.2132480144500732,1,1,12275,767.188
2.2172460556030273,1,1,29576,1848.500
2.221346855163574,1,1,32767,2047.938
2.225287675857544,1,1,31632,1977.000
2.229290008544922,1,1,13438,839.875
2.2332849502563477,1,1,11788,736.750
2.237283706665039,1,1,29199,1824.938
2.2412829399108887,1,1,32767,2047.938
2.245281219482422,1,1,32136,2008.500
2.2492876052856445,1,1,13459,841.188
2.253284215927124,1,1,11307,706.688
2.2572827339172363,1,1,28743,1796.438
2.2612831592559814,1,1,32767,2047.938
2.26528000831604,1,1,32593,2037.062
2.269289255142212,1,1,13498,843.625
2.273282289505005,1,1,10710,669.375
2.277282238006592,1,1,28081,1755.062
2.2812862396240234,1,1,32767,2047.938
2.2852869033813477,1,1,32767,2047.938
2.28928804397583,1,1,13474,842.125
2.2932822704315186,1,1,10253,640.812
2.2972841262817383,1,1,27558,1722.375
2.3012821674346924,1,1,32767,2047.938
2.305280923843384,1,1,32767,2047.938
2.309291124343872,1,1,13700,856.250
2.31329345703125,1,1,9927,620.438
2.3172848224639893,1,1,27119,1694.938
2.3213486671447754,1,1,32767,2047.938
2.3252387046813965,1,1,32767,2047.938
2.329244375228882,1,1,14081,880.062
2.333247661590576,1,1,9701,606.312
2.3372628688812256,1,1,26654,1665.875
2.341336727142334,1,1,32767,2047.938
2.3452460765838623,1,1,32767,2047.938
2.3492486476898193,1,1,14240,890.000
2.3532464504241943,1,1,9302,581.375
2.3572421073913574,1,1,25982,1623.875
2.3612375259399414,1,1,32767,2047.938
2.3652334213256836,1,1,32767,2047.938
2.3692429065704346,1,1,14528,908.000
2.3732454776763916,1,1,9106,569.125
2.377246141433716,1,1,25633,1602.062
2.3812386989593506,1,1,32767,2047.938
2.3852338790893555,1,1,32767,2047.938
2.3892431259155273,1,1,14815,925.938
2.3932454586029053,1,1,8820,551.250
2.397245168685913,1,1,25102,1568.875
2.401244640350342,1,1,32767,2047.938
2.4052443504333496,1,1,32767,2047.938
2.4092488288879395,1,1,15213,950.812
2.413243293762207,1,1,8624,539.000
2.4172422885894775,1,1,24555,1534.688
2.4212512969970703,1,1,32767,2047.938
2.4255073070526123,1,1,32767,2047.938
2.4294333457946777,1,1,15542,971.375
2.4332847595214844,1,1,8392,524.500
2.4372713565826416,1,1,23808,1488.000
2.441287040710449,1,1,32767,2047.938
2.4452853202819824,1,1,32767,2047.938
2.449321746826172,1,1,15967,997.938
2.4533116817474365,1,1,8268,516.750
2.457296371459961,1,1,23098,1443.625
2.4613075256347656,1,1,32767,2047.938
2.4652981758117676,1,1,32767,2047.938
2.4693636894226074,1,1,16493,1030.812
2.473280668258667,1,1,8248,515.500
2.4772772789001465,1,1,22576,1411.000
2.4812750816345215,1,1,32767,2047.938
2.485295534133911,1,1,32767,2047.938
2.4892873764038086,1,1,17120,1070.000
2.493269920349121,1,1,8243,515.188
2.4972643852233887,1,1,22078,1379.875
2.5012786388397217,1,1,32767,2047.938
2.505277395248413,1,1,32767,2047.938
2.509265184402466,1,1,17673,1104.562
2.513266086578369,1,1,8129,508.062
2.5172674655914307,1,1,21424,1339.000
2.5212676525115967,1,1,32767,2047.938
2.5252556800842285,1,1,32767,2047.938
2.5292444229125977,1,1,18107,1131.688
2.5332443714141846,1,1,7998,499.875
2.537243604660034,1,1,20805,1300.312
2.5412347316741943,1,1,32767,2047.938
2.545229434967041,1,1,32767,2047.938
2.5492420196533203,1,1,18484,1155.250
2.553239583969116,1,1,7830,489.375
2.557241916656494,1,1,20242,1265.125
2.5612401962280273,1,1,32767,2047.938
2.5652406215667725,1,1,32767,2047.938
2.569244384765625,1,1,18943,1183.938
2.573241710662842,1,1,7643,477.688
2.5772416591644287,1,1,19476,1217.250
2.5812408924102783,1,1,32767,2047.938
2.5852413177490234,1,1,32767,2047.938
2.589247226715088,1,1,19489,1218.062
2.5932412147521973,1,1,7582,473.875
2.597238540649414,1,1,18768,1173.000
2.6014952659606934,1,1,32767,2047.938
2.6054258346557617,1,1,32767,2047.938
2.6092684268951416,1,1,20075,1254.688
2.6132442951202393,1,1,7581,473.812
2.617238759994507,1,1,18083,1130.188
2.621234655380249,1,1,32767,2047.938
2.625335216522217,1,1,32767,2047.938
2.6292619705200195,1,1,20607,1287.938
2.6332614421844482,1,1,7588,474.250
2.6372644901275635,1,1,17372,1085.750
2.6412758827209473,1,1,32767,2047.938
2.6452810764312744,1,1,32767,2047.938
2.6492807865142822,1,1,21201,1325.062
2.6532750129699707,1,1,7649,478.062
2.657276153564453,1,1,16602,1037.625
2.6612820625305176,1,1,32767,2047.938
2.6652820110321045,1,1,32767,2047.938
2.6692824363708496,1,1,21810,1363.125
2.6732778549194336,1,1,7765,485.312
2.677278757095337,1,1,15910,994.375
2.6812801361083984,1,1,32767,2047.938
2.685276508331299,1,1,32767,2047.938
2.6892826557159424,1,1,22486,1405.375
2.6932766437530518,1,1,7913,494.562
2.697275161743164,1,1,15334,958.375
2.701275587081909,1,1,32767,2047.938
2.705284357070923,1,1,32767,2047.938
2.709289312362671,1,1,23312,1457.000
2.7132811546325684,1,1,8107,506.688
2.717280387878418,1,1,14739,921.188
2.721283197402954,1,1,32767,2047.938
2.7253506183624268,1,1,32767,2047.938
2.7292487621307373,1,1,23883,1492.688
2.7332499027252197,1,1,8199,512.438
2.737243175506592,1,1,13882,867.625
2.7412400245666504,1,1,32767,2047.938
2.7452402114868164,1,1,32767,2047.938
2.749248504638672,1,1,24492,1530.750
2.7532413005828857,1,1,8350,521.875
2.7572386264801025,1,1,13171,823.188
2.761237621307373,1,1,32767,2047.938
2.7652411460876465,1,1,32767,2047.938
2.769242525100708,1,1,26147,1634.188
2.7732386589050293,1,1,14781,923.812
2.7772397994995117,1,1,18590,1161.875
2.7812390327453613,1,1,27294,1705.875
2.78523850440979,1,1,28595,1787.188
2.789240598678589,1,1,23309,1456.812
2.793238401412964,1,1,20629,1289.312
2.797240734100342,1,1,24411,1525.688
2.801238536834717,1,1,30124,1882.750
2.805236339569092,1,1,29152,1822.000
2.8092405796051025,1,1,22779,1423.688
2.813236713409424,1,1,19810,1238.125
2.8172378540039062,1,1,24444,1527.750
2.8212392330169678,1,1,31696,1981.000
2.8252370357513428,1,1,29581,1848.812
2.82932448387146,1,1,15679,979.938
2.8332653045654297,1,1,5812,363.250
2.83725905418396,1,1,11868,741.750
2.841278314590454,1,1,32767,2047.938
2.845280408859253,1,1,32767,2047.938
2.849271535873413,1,1,29800,1862.500
2.8532607555389404,1,1,10611,663.188
2.8572616577148438,1,1,12384,774.000
2.861276626586914,1,1,32767,2047.938
2.8652758598327637,1,1,29769,1860.562
2.869278907775879,1,1,10550,659.375
2.8732755184173584,1,1,11413,713.312
2.87727952003479,1,1,32767,2047.938
2.881272792816162,1,1,32767,2047.938
2.885272264480591,1,1,29887,1867.938
2.889274835586548,1,1,10561,660.062
2.893275499343872,1,1,10575,660.938
2.8972742557525635,1,1,32675,2042.188
2.901273488998413,1,1,32767,2047.938
2.905276298522949,1,1,30327,1895.438
2.9092798233032227,1,1,10711,669.438
2.9132742881774902,1,1,9767,610.438
2.9172728061676025,1,1,32101,2006.312
2.9212729930877686,1,1,32767,2047.938
2.925276517868042,1,1,30777,1923.562
2.9293429851531982,1,1,10912,682.000
2.9332404136657715,1,1,9095,568.438
2.9372379779815674,1,1,31481,1967.562
2.941235303878784,1,1,32767,2047.938
2.9452366828918457,1,1,31230,1951.875
2.9492347240448,1,1,11138,696.125
2.953225612640381,1,1,8569,535.562
2.9572250843048096,1,1,30918,1932.375
2.961235284805298,1,1,32767,2047.938
2.965238571166992,1,1,31916,1994.750
2.969240188598633,1,1,11544,721.500
2.973234176635742,1,1,11978,748.625
2.977234125137329,1,1,28370,1773.125
2.9812355041503906,1,1,32767,2047.938
2.9852397441864014,1,1,30847,1927.938
2.989232063293457,1,1,24210,1513.125
2.993222713470459,1,1,23199,1449.938
2.9972240924835205,1,1,26893,1680.812
3.0012378692626953,1,1,28429,1776.812
3.005235195159912,1,1,25355,1584.688
3.009242534637451,1,1,21595,1349.688
3.013237953186035,1,1,23373,1460.812
3.0226833820343018,1,1,32767,2047.938
3.0252573490142822,1,1,26522,1657.625
3.029243230819702,1,1,9238,577.375
3.0332634449005127,1,1,6282,392.625
3.037222146987915,1,1,27483,1717.688
3.0412402153015137,1,1,32767,2047.938
3.0452358722686768,1,1,32767,2047.938
3.049232006072998,1,1,13165,822.812
3.053222417831421,1,1,7619,476.188
3.0572216510772705,1,1,27827,1739.188
3.0612401962280273,1,1,32767,2047.938
3.0652360916137695,1,1,32767,2047.938
3.0692341327667236,1,1,13607,850.438
3.0732240676879883,1,1,7399,462.438
3.077220916748047,1,1,27070,1691.875
3.0812363624572754,1,1,32767,2047.938
3.085236072540283,1,1,32767,2047.938
3.0892333984375,1,1,13977,873.562
3.093222141265869,1,1,7225,451.562
3.0972230434417725,1,1,26299,1643.688
3.1012380123138428,1,1,32767,2047.938
3.105236530303955,1,1,32767,2047.938
3.1092302799224854,1,1,14343,896.438
3.113222599029541,1,1,7022,438.875
3.117222785949707,1,1,25503,1593.938
3.121237277984619,1,1,32767,2047.938
3.1252341270446777,1,1,32767,2047.938
3.1292312145233154,1,1,14669,916.812
3.133294105529785,1,1,6829,426.812
3.137256622314453,1,1,24790,1549.375
3.141275405883789,1,1,32767,2047.938
3.1452722549438477,1,1,32767,2047.938
3.14926815032959,1,1,15266,954.125
3.1532559394836426,1,1,6808,425.500
3.1572561264038086,1,1,24123,1507.688
3.161273956298828,1,1,32767,2047.938
3.165271282196045,1,1,32767,2047.938
3.1692686080932617,1,1,22787,1424.188
3.1732585430145264,1,1,16860,1053.750
3.1772561073303223,1,1,22142,1383.875
3.181272506713867,1,1,27483,1717.688
3.185267448425293,1,1,26702,1668.875
3.189268112182617,1,1,22422,1401.375
3.1932568550109863,1,1,22492,1405.750
3.1972546577453613,1,1,27158,1697.375
3.201265335083008,1,1,29783,1861.438
3.2052690982818604,1,1,26514,1657.125
3.2092604637145996,1,1,20752,1297.000
3.2132537364959717,1,1,21696,1356.000
3.217254161834717,1,1,32767,2047.938
3.2212741374969482,1,1,32767,2047.938
3.225269079208374,1,1,32767,2047.938
3.229264497756958,1,1,15787,986.688
3.2333180904388428,1,1,5945,371.562
3.237222194671631,1,1,18933,1183.312
3.241236448287964,1,1,32767,2047.938
3.245234727859497,1,1,32767,2047.938
3.249229669570923,1,1,16582,1036.375
3.2532196044921875,1,1,6261,391.312
3.2572200298309326,1,1,19155,1197.188
3.2612388134002686,1,1,32767,2047.938
3.2652323246002197,1,1,32767,2047.938
3.269228458404541,1,1,17651,1103.188
3.2732200622558594,1,1,6567,410.438
3.2772204875946045,1,1,18942,1183.875
3.281235456466675,1,1,32767,2047.938
3.2852320671081543,1,1,32767,2047.938
3.289227247238159,1,1,18583,1161.438
3.2932217121124268,1,1,6817,426.062
3.2972192764282227,1,1,18659,1166.188
3.3012309074401855,1,1,32767,2047.938
3.305232048034668,1,1,32767,2047.938
3.3092288970947266,1,1,19252,1203.250
3.313218832015991,1,1,6919,432.438
3.317218780517578,1,1,17883,1117.688
3.321234703063965,1,1,32767,2047.938
3.3252313137054443,1,1,32767,2047.938
3.3292291164398193,1,1,19843,1240.188
3.3332204818725586,1,1,10446,652.875
3.337297201156616,1,1,19029,1189.312
3.3412749767303467,1,1,28468,1779.250
3.3452694416046143,1,1,28839,1802.438
3.34926438331604,1,1,23486,1467.875
3.3532543182373047,1,1,21815,1363.438
3.3572561740875244,1,1,25558,1597.375
3.361271381378174,1,1,29613,1850.812
3.365267038345337,1,1,27997,1749.812
3.3692638874053955,1,1,22685,1417.812
3.373256206512451,1,1,21397,1337.312
3.3772542476654053,1,1,26415,1650.938
3.3812685012817383,1,1,32767,2047.938
3.385267496109009,1,1,32767,2047.938
3.3892641067504883,1,1,17556,1097.250
3.3932528495788574,1,1,6228,389.250
3.397250175476074,1,1,14658,916.125
3.401268243789673,1,1,32767,2047.938
3.4052717685699463,1,1,32767,2047.938
3.409263849258423,1,1,23038,1439.875
3.413252353668213,1,1,7974,498.375
3.4172534942626953,1,1,15267,954.188
3.421271800994873,1,1,32767,2047.938
3.42526912689209,1,1,32767,2047.938
3.429264545440674,1,1,23723,1482.688
3.433253526687622,1,1,8150,509.375
3.4373185634613037,1,1,14489,905.562
3.4412384033203125,1,1,32767,2047.938
3.4452316761016846,1,1,32767,2047.938
3.4492287635803223,1,1,24185,1511.562
3.453218698501587,1,1,8233,514.562
3.4572184085845947,1,1,13671,854.438
3.461228847503662,1,1,32767,2047.938
3.4652295112609863,1,1,32767,2047.938
3.469250202178955,1,1,24870,1554.375
3.4732279777526855,1,1,8421,526.312
3.477220296859741,1,1,13006,812.875
3.481234073638916,1,1,32767,2047.938
3.4852452278137207,1,1,32767,2047.938
3.4892284870147705,1,1,25620,1601.250
3.493220329284668,1,1,8657,541.062
3.497218608856201,1,1,12400,775.000
3.501232147216797,1,1,32767,2047.938
3.5052287578582764,1,1,32767,2047.938
3.5092315673828125,1,1,28682,1792.625
3.513219118118286,1,1,15010,938.125
3.5172176361083984,1,1,17144,1071.500
3.521228075027466,1,1,25222,1576.375
3.5252249240875244,1,1,27978,1748.625
3.529228687286377,1,1,24457,1528.562
3.5332305431365967,1,1,21816,1363.500
3.537228584289551,1,1,24651,1540.688
3.541271686553955,1,1,29969,1873.062
3.5452637672424316,1,1,28549,1784.312
3.5492610931396484,1,1,15410,963.125
3.5532610416412354,1,1,5671,354.438
3.557285785675049,1,1,32767,2047.938
3.561264991760254,1,1,32767,2047.938
3.5652616024017334,1,1,30227,1889.188
3.5692598819732666,1,1,10711,669.438
3.573262929916382,1,1,12011,750.688
3.5773093700408936,1,1,32767,2047.938
3.5812675952911377,1,1,32767,2047.938
3.5852627754211426,1,1,29990,1874.375
3.5892605781555176,1,1,10522,657.625
3.5932579040527344,1,1,10700,668.750
3.5973103046417236,1,1,32767,2047.938
3.6015145778656006,1,1,32767,2047.938
3.6054720878601074,1,1,30130,1883.125
3.6092920303344727,1,1,10560,660.000
3.6132609844207764,1,1,9832,614.500
3.617312431335449,1,1,32650,2040.625
3.621257781982422,1,1,32767,2047.938
3.625251054763794,1,1,30510,1906.875
3.6292502880096436,1,1,10732,670.750
3.6332509517669678,1,1,9210,575.625
3.637267589569092,1,1,32068,2004.250
3.6412343978881836,1,1,32767,2047.938
3.6452250480651855,1,1,31157,1947.312
3.6492197513580322,1,1,11077,692.312
3.653217077255249,1,1,10724,670.250
3.657214641571045,1,1,31297,1956.062
3.6612935066223145,1,1,32767,2047.938
3.6652729511260986,1,1,32767,2047.938
3.6694188117980957,1,1,24479,1529.938
3.673391103744507,1,1,23753,1484.562
3.6772871017456055,1,1,28189,1761.812
3.681227207183838,1,1,28805,1800.312
3.685218572616577,1,1,24462,1528.875
3.6892242431640625,1,1,20849,1303.062
3.6932244300842285,1,1,24884,1555.250
3.6972222328186035,1,1,32767,2047.938
3.701228141784668,1,1,32767,2047.938
3.7052249908447266,1,1,30976,1936.000
3.709223508834839,1,1,10765,672.812
3.7132227420806885,1,1,6368,398.000
3.7172200679779053,1,1,27170,1698.125
3.7212207317352295,1,1,32767,2047.938
3.725216865539551,1,1,31710,1981.875
3.7292118072509766,1,1,11283,705.188
3.7332136631011963,1,1,6676,417.250
3.737224817276001,1,1,27555,1722.188
3.7413582801818848,1,1,32767,2047.938
3.745267629623413,1,1,32767,2047.938
3.7497639656066895,1,1,12113,757.062
3.75341796875,1,1,6840,427.500
3.757242202758789,1,1,27492,1718.250
3.761228322982788,1,1,32767,2047.938
3.765216112136841,1,1,32767,2047.938
3.769404888153076,1,1,12701,793.812
3.7732479572296143,1,1,6788,424.250
3.7772250175476074,1,1,27015,1688.438
3.781223773956299,1,1,32767,2047.938
3.7852141857147217,1,1,32767,2047.938
3.789254665374756,1,1,13166,822.875
3.7932355403900146,1,1,6711,419.438
3.7972252368927,1,1,26531,1658.188
3.8012208938598633,1,1,32767,2047.938
3.805213689804077,1,1,32767,2047.938
3.809220552444458,1,1,13625,851.562
3.813222885131836,1,1,6570,410.625
3.8172218799591064,1,1,25940,1621.250
3.8212199211120605,1,1,32767,2047.938
3.8252134323120117,1,1,32767,2047.938
3.829213857650757,1,1,14030,876.875
3.8332154750823975,1,1,6443,402.688
3.8372154235839844,1,1,25361,1585.062
3.841233015060425,1,1,32767,2047.938
3.8452253341674805,1,1,32767,2047.938
3.849222183227539,1,1,14408,900.500
3.853214740753174,1,1,6309,394.312
3.8572139739990234,1,1,24690,1543.125
3.8612282276153564,1,1,32767,2047.938
3.865224838256836,1,1,32767,2047.938
3.86922287940979,1,1,14818,926.125
3.873213291168213,1,1,6203,387.688
3.8772103786468506,1,1,23983,1498.938
3.881227731704712,1,1,32767,2047.938
3.8852269649505615,1,1,32767,2047.938
3.8892202377319336,1,1,15193,949.562
3.8932101726531982,1,1,6138,383.625
3.8972113132476807,1,1,23374,1460.875
3.90124249458313,1,1,32767,2047.938
3.905229330062866,1,1,32767,2047.938
3.90921688079834,1,1,15614,975.875
3.91321063041687,1,1,6096,381.000
3.9172091484069824,1,1,22594,1412.125
3.921224355697632,1,1,32767,2047.938
3.9252231121063232,1,1,32767,2047.938
3.92921781539917,1,1,16117,1007.312
3.9332125186920166,1,1,6982,436.375
3.93721079826355,1,1,19839,1239.938
3.941326856613159,1,1,32732,2045.750
3.9452643394470215,1,1,32481,2030.062
3.949260711669922,1,1,26907,1681.688
3.9532694816589355,1,1,24632,1539.500
3.9572622776031494,1,1,26155,1634.688
3.961263418197632,1,1,27451,1715.688
3.9652607440948486,1,1,26010,1625.625
3.96926212310791,1,1,23442,1465.125
3.973263740539551,1,1,23496,1468.500
3.9772591590881348,1,1,25872,1617.000
3.981259346008301,1,1,27531,1720.688
3.985261917114258,1,1,26354,1647.125
3.989266872406006,1,1,23791,1486.938
3.9932591915130615,1,1,23658,1478.625
3.997258424758911,1,1,25896,1618.500
4.001262903213501,1,1,27631,1726.938
4.0052595138549805,1,1,26558,1659.875
4.009259462356567,1,1,23921,1495.062
4.013258695602417,1,1,23625,1476.562
4.017259836196899,1,1,25741,1608.812
5.264071941375732,1,1,25955,1622.188
5.265446662902832,1,1,25955,1622.188
5.26929497718811,1,1,22006,1375.375
5.273340940475464,1,1,22866,1429.125
5.2772674560546875,1,1,27201,1700.062
5.281256914138794,1,1,29033,1814.562
5.285259246826172,1,1,26243,1640.188
5.289267539978027,1,1,22228,1389.250
5.2932586669921875,1,1,22875,1429.688
5.2972588539123535,1,1,27118,1694.875
5.3012566566467285,1,1,29036,1814.750
5.305259704589844,1,1,26260,1641.250
5.309266090393066,1,1,22164,1385.250
5.3132829666137695,1,1,22720,1420.000
5.317265510559082,1,1,26923,1682.688
5.321244716644287,1,1,28980,1811.250
5.325249195098877,1,1,26261,1641.312
5.329301118850708,1,1,22007,1375.438
5.3332905769348145,1,1,22562,1410.125
5.337258338928223,1,1,27108,1694.250
5.3444905281066895,1,1,26271,1641.938
5.345803499221802,1,1,26271,1641.938
5.349263906478882,1,1,21735,1358.438
5.3532490730285645,1,1,22493,1405.812
5.35724663734436,1,1,27655,1728.438
5.3612730503082275,1,1,30134,1883.375
5.365251541137695,1,1,25849,1615.562
5.369260549545288,1,1,19244,1202.750
5.373328924179077,1,1,21501,1343.812
5.377269744873047,1,1,32767,2047.938
5.381256818771362,1,1,32767,2047.938
5.385245323181152,1,1,32767,2047.938
5.389246940612793,1,1,16126,1007.875
5.393275499343872,1,1,5808,363.000
5.39726448059082,1,1,18570,1160.625
5.401292324066162,1,1,32767,2047.938
5.405245542526245,1,1,32767,2047.938
5.40924334526062,1,1,16750,1046.875
5.413244247436523,1,1,6023,376.438
5.417243242263794,1,1,18699,1168.688
5.42126202583313,1,1,32767,2047.938
5.4252588748931885,1,1,32767,2047.938
5.429256916046143,1,1,17889,1118.062
5.433244705200195,1,1,6362,397.625
5.437243938446045,1,1,18455,1153.438
5.44126296043396,1,1,32767,2047.938
5.445258378982544,1,1,32767,2047.938
5.449253559112549,1,1,18658,1166.125
5.453240871429443,1,1,6565,410.312
5.457239866256714,1,1,17963,1122.688
5.461261987686157,1,1,32767,2047.938
5.46525764465332,1,1,32767,2047.938
5.469264268875122,1,1,19402,1212.625
5.473257064819336,1,1,6750,421.875
5.477257490158081,1,1,17412,1088.250
5.481259346008301,1,1,32767,2047.938
5.485253810882568,1,1,32767,2047.938
5.489264488220215,1,1,20128,1258.000
5.493258237838745,1,1,6935,433.438
5.497257232666016,1,1,16772,1048.250
5.50129508972168,1,1,32767,2047.938
5.505256652832031,1,1,32767,2047.938
5.50926399230957,1,1,20775,1298.438
5.513257265090942,1,1,7106,444.125
5.5172553062438965,1,1,16074,1004.625
5.521258592605591,1,1,32767,2047.938
5.525256633758545,1,1,32767,2047.938
5.529261827468872,1,1,21477,1342.312
5.533263921737671,1,1,7304,456.500
5.537255525588989,1,1,15342,958.875
5.5412609577178955,1,1,32767,2047.938
5.545259237289429,1,1,32767,2047.938
5.549269437789917,1,1,22195,1387.188
5.55325722694397,1,1,7521,470.062
5.557257890701294,1,1,14687,917.938
5.561257600784302,1,1,32767,2047.938
5.565269231796265,1,1,32767,2047.938
5.569262266159058,1,1,23020,1438.750
5.573259353637695,1,1,7784,486.500
5.577256917953491,1,1,14106,881.625
5.58126974105835,1,1,32767,2047.938
5.585256338119507,1,1,32767,2047.938
5.5892627239227295,1,1,23872,1492.000
5.593256235122681,1,1,8066,504.125
5.597254276275635,1,1,32767,2047.938
5.601508617401123,1,1,32767,2047.938
5.605416536331177,1,1,24647,1540.438
5.609249114990234,1,1,8319,519.938
5.613221168518066,1,1,13111,819.438
5.617217540740967,1,1,32767,2047.938
5.621220111846924,1,1,32767,2047.938
5.625216722488403,1,1,25466,1591.625
5.629223346710205,1,1,8581,536.312
5.6332173347473145,1,1,12549,784.312
5.637218952178955,1,1,32767,2047.938
5.641220331192017,1,1,32767,2047.938
5.64521861076355,1,1,26124,1632.750
5.649220943450928,1,1,8800,550.000
5.653218984603882,1,1,11911,744.438
5.657217264175415,1,1,32767,2047.938
5.661218643188477,1,1,32767,2047.938
5.665215492248535,1,1,26833,1677.062
5.66922402381897,1,1,9052,565.750
5.673218488693237,1,1,11403,712.688
5.677217483520508,1,1,32767,2047.938
5.681217432022095,1,1,32767,2047.938
5.685218095779419,1,1,27605,1725.312
5.689221143722534,1,1,9338,583.625
5.693215608596802,1,1,10939,683.688
5.697216749191284,1,1,32767,2047.938
5.701219320297241,1,1,32767,2047.938
5.705319166183472,1,1,28304,1769.000
5.709261178970337,1,1,9635,602.188
5.713254928588867,1,1,10501,656.312
5.717255115509033,1,1,32767,2047.938
5.721251487731934,1,1,32767,2047.938
5.725240707397461,1,1,28932,1808.250
5.72925329208374,1,1,9932,620.750
5.73325514793396,1,1,10120,632.500
5.73725438117981,1,1,32767,2047.938
5.741256475448608,1,1,32767,2047.938
5.745253324508667,1,1,29478,1842.375
5.74925971031189,1,1,10208,638.000
5.753252029418945,1,1,9732,608.250
5.757251262664795,1,1,32238,2014.875
5.761253118515015,1,1,32767,2047.938
5.765251874923706,1,1,30251,1890.688
5.769255638122559,1,1,10616,663.500
5.773251056671143,1,1,9498,593.625
5.777252912521362,1,1,31708,1981.750
5.781254291534424,1,1,32767,2047.938
5.785251617431641,1,1,30810,1925.625
5.789257049560547,1,1,10947,684.188
5.79325270652771,1,1,9316,582.250
5.797250747680664,1,1,31122,1945.125
5.801253318786621,1,1,32767,2047.938
5.80531644821167,1,1,31467,1966.688
5.809214115142822,1,1,11358,709.875
5.813201427459717,1,1,9153,572.062
5.817203044891357,1,1,30510,1906.875
5.821218013763428,1,1,32767,2047.938
5.825215578079224,1,1,31990,1999.375
5.829220771789551,1,1,11716,732.250
5.833218097686768,1,1,8997,562.312
5.837215185165405,1,1,29912,1869.500
5.841217041015625,1,1,32767,2047.938
5.845216989517212,1,1,32520,2032.500
5.849219083786011,1,1,12093,755.812
5.85321569442749,1,1,8779,548.688
5.857215166091919,1,1,29261,1828.812
5.8612165451049805,1,1,32767,2047.938
5.865216970443726,1,1,32767,2047.938
5.8692193031311035,1,1,12518,782.375
5.8732147216796875,1,1,8574,535.875
5.877214193344116,1,1,28557,1784.812
5.8812174797058105,1,1,32767,2047.938
5.885214805603027,1,1,32767,2047.938
5.889216899871826,1,1,12899,806.188
5.8932130336761475,1,1,8465,529.062
5.897213459014893,1,1,27993,1749.562
5.901214599609375,1,1,32767,2047.938
5.905223846435547,1,1,32767,2047.938
5.909262418746948,1,1,13366,835.375
5.913252830505371,1,1,8284,517.750
5.917253017425537,1,1,27280,1705.000
5.921251535415649,1,1,32767,2047.938
5.925251722335815,1,1,32767,2047.938
5.929255723953247,1,1,13785,861.562
5.933253049850464,1,1,8166,510.375
5.937250852584839,1,1,26679,1667.438
5.941251993179321,1,1,32767,2047.938
5.94525146484375,1,1,32767,2047.938
5.949246644973755,1,1,14159,884.938
5.953237771987915,1,1,7986,499.125
5.957236051559448,1,1,25989,1624.312
5.961254358291626,1,1,32767,2047.938
5.96524977684021,1,1,32767,2047.938
5.96924614906311,1,1,14698,918.625
5.973236322402954,1,1,7990,499.375
5.977236270904541,1,1,25391,1586.938
5.98125147819519,1,1,32767,2047.938
5.985253572463989,1,1,32767,2047.938
5.989264249801636,1,1,15173,948.312
5.993252754211426,1,1,7921,495.062
5.9972498416900635,1,1,24682,1542.625
6.001249551773071,1,1,32767,2047.938
6.005251884460449,1,1,32767,2047.938
6.009293794631958,1,1,15621,976.312
6.013252019882202,1,1,7830,489.375
6.017251253128052,1,1,23983,1498.938
6.021252870559692,1,1,32767,2047.938
6.025250196456909,1,1,32767,2047.938
6.029256105422974,1,1,16169,1010.562
6.033249616622925,1,1,7789,486.812
6.037252187728882,1,1,23329,1458.062
6.041252136230469,1,1,32767,2047.938
6.04524827003479,1,1,32767,2047.938
6.049244403839111,1,1,16630,1039.375
6.053234577178955,1,1,7751,484.438
6.057235479354858,1,1,22724,1420.250
6.061250925064087,1,1,32767,2047.938
6.065246820449829,1,1,32767,2047.938
6.069255113601685,1,1,17182,1073.875
6.0732505321502686,1,1,7696,481.000
6.077246427536011,1,1,21922,1370.125
6.081248998641968,1,1,32767,2047.938
6.085248708724976,1,1,32767,2047.938
6.089253902435303,1,1,17792,1112.000
6.093249559402466,1,1,7735,483.438
6.097249746322632,1,1,21282,1330.125
6.1012489795684814,1,1,32767,2047.938
6.105247259140015,1,1,32767,2047.938
6.109253644943237,1,1,18370,1148.125
6.113248825073242,1,1,7771,485.688
6.117249011993408,1,1,20595,1287.188
6.121250867843628,1,1,32767,2047.938
6.125247240066528,1,1,32767,2047.938
6.1292524337768555,1,1,18994,1187.125
6.133247375488281,1,1,7874,492.125
6.137247800827026,1,1,20043,1252.688
6.141251087188721,1,1,32767,2047.938
6.1452476978302,1,1,32767,2047.938
6.149254322052002,1,1,19580,1223.750
6.1532464027404785,1,1,7932,495.750
6.157248020172119,1,1,19377,1211.062
6.161249160766602,1,1,32767,2047.938
6.165246963500977,1,1,32767,2047.938
6.169250249862671,1,1,20068,1254.250
6.173249006271362,1,1,7961,497.562
6.177248239517212,1,1,18703,1168.938
6.1812474727630615,1,1,32767,2047.938
6.18524694442749,1,1,32767,2047.938
6.189252138137817,1,1,20860,1303.750
6.193246364593506,1,1,8143,508.938
6.197247266769409,1,1,18197,1137.312
6.201249122619629,1,1,32767,2047.938
6.205248117446899,1,1,32767,2047.938
6.2092649936676025,1,1,21424,1339.000
6.213247537612915,1,1,8206,512.875
6.217247724533081,1,1,17509,1094.312
6.2212488651275635,1,1,32767,2047.938
6.225245237350464,1,1,32767,2047.938
6.229252099990845,1,1,22048,1378.000
6.233245849609375,1,1,8331,520.688
6.237247943878174,1,1,16922,1057.625
6.241244077682495,1,1,32767,2047.938
6.245245933532715,1,1,32767,2047.938
6.249251365661621,1,1,22622,1413.875
6.253245830535889,1,1,8438,527.375
6.257246494293213,1,1,16347,1021.688
6.267870903015137,1,1,23315,1457.188
6.269191026687622,1,1,23315,1457.188
6.273266315460205,1,1,15766,985.375
6.277251482009888,1,1,32767,2047.938
6.281250715255737,1,1,32767,2047.938
6.285246133804321,1,1,23974,1498.375
6.289241075515747,1,1,8767,547.938
6.2932329177856445,1,1,15215,950.938
6.297230958938599,1,1,32767,2047.938
6.3012535572052,1,1,32767,2047.938
6.305266857147217,1,1,24598,1537.375
6.309337377548218,1,1,8922,557.625
6.313200235366821,1,1,14610,913.125
6.317197799682617,1,1,32767,2047.938
6.321388006210327,1,1,32767,2047.938
6.325227499008179,1,1,25292,1580.750
6.329211235046387,1,1,9108,569.250
6.33343505859375,1,1,14018,876.125
6.337267637252808,1,1,32767,2047.938
6.3412110805511475,1,1,32767,2047.938
6.345196485519409,1,1,25902,1618.875
6.349361419677734,1,1,9300,581.250
6.353248357772827,1,1,13567,847.938
6.357212781906128,1,1,32767,2047.938
6.361205816268921,1,1,32767,2047.938
6.365194082260132,1,1,26551,1659.438
6.3692097663879395,1,1,9509,594.312
6.373220205307007,1,1,13041,815.062
6.377208709716797,1,1,32767,2047.938
6.381200790405273,1,1,32767,2047.938
6.3851964473724365,1,1,27230,1701.875
6.389208793640137,1,1,9757,609.812
6.393207550048828,1,1,12616,788.500
6.397210121154785,1,1,32767,2047.938
6.401200532913208,1,1,32767,2047.938
6.405192613601685,1,1,27931,1745.688
6.409207820892334,1,1,10032,627.000
6.413245677947998,1,1,12250,765.625
6.41720986366272,1,1,32767,2047.938
6.4212095737457275,1,1,32767,2047.938
6.425206661224365,1,1,28623,1788.938
6.429211616516113,1,1,10285,642.812
6.433205604553223,1,1,11660,728.750
6.437206745147705,1,1,32602,2037.625
6.441208362579346,1,1,32767,2047.938
6.445207834243774,1,1,29104,1819.000
6.449202299118042,1,1,10486,655.375
6.453195095062256,1,1,11251,703.188
6.457194805145264,1,1,32146,2009.125
6.461210489273071,1,1,32767,2047.938
6.465208053588867,1,1,29861,1866.312
6.4692041873931885,1,1,10844,677.750
6.473194122314453,1,1,11025,689.062
6.47719407081604,1,1,31711,1981.938
6.4812116622924805,1,1,32767,2047.938
6.485208034515381,1,1,30507,1906.688
6.489215135574341,1,1,11172,698.250
6.493206024169922,1,1,10740,671.250
6.497203826904297,1,1,31233,1952.062
6.501208305358887,1,1,32767,2047.938
6.505207061767578,1,1,31106,1944.125
6.5092127323150635,1,1,11501,718.812
6.513279676437378,1,1,10379,648.688
6.517245054244995,1,1,30634,1914.625
6.521246433258057,1,1,32767,2047.938
6.525243282318115,1,1,31681,1980.062
6.529252052307129,1,1,11858,741.125
6.5332417488098145,1,1,10035,627.188
6.537243366241455,1,1,29958,1872.375
6.541244029998779,1,1,32767,2047.938
6.545243263244629,1,1,32137,2008.562
6.549251317977905,1,1,12143,758.938
6.553244352340698,1,1,9702,606.375
6.55724310874939,1,1,29337,1833.562
6.561249494552612,1,1,32767,2047.938
6.565244913101196,1,1,32612,2038.250
6.569245100021362,1,1,12494,780.875
6.573243618011475,1,1,9545,596.562
6.577241897583008,1,1,28885,1805.312
6.581242799758911,1,1,32767,2047.938
6.58524227142334,1,1,32767,2047.938
6.589247941970825,1,1,12949,809.312
6.593245983123779,1,1,9290,580.625
6.5972418785095215,1,1,28213,1763.312
6.601499080657959,1,1,32767,2047.938
6.605472564697266,1,1,32767,2047.938
6.609281539916992,1,1,13293,830.812
6.6133410930633545,1,1,9048,565.500
6.617208003997803,1,1,27586,1724.125
6.621210813522339,1,1,32767,2047.938
6.6252055168151855,1,1,32767,2047.938
6.629206657409668,1,1,13706,856.625
6.633204460144043,1,1,8853,553.312
6.637204170227051,1,1,26959,1684.938
6.641206502914429,1,1,32767,2047.938
6.645205497741699,1,1,32767,2047.938
6.649209499359131,1,1,14140,883.750
6.653204917907715,1,1,8573,535.812
6.6572065353393555,1,1,26192,1637.000
6.661206245422363,1,1,32767,2047.938
6.665204763412476,1,1,32767,2047.938
6.669211387634277,1,1,14608,913.000
6.6732048988342285,1,1,8565,535.312
6.677204370498657,1,1,25779,1611.188
6.68120551109314,1,1,32767,2047.938
6.685202360153198,1,1,32767,2047.938
6.6892077922821045,1,1,15053,940.812
6.693202972412109,1,1,8339,521.188
6.697203159332275,1,1,25012,1563.250
6.701206684112549,1,1,32767,2047.938
6.705204010009766,1,1,32767,2047.938
6.70920467376709,1,1,15486,967.875
6.713205099105835,1,1,8185,511.562
6.717303514480591,1,1,24397,1524.812
6.721247911453247,1,1,32767,2047.938
6.72524356842041,1,1,32767,2047.938
6.729245185852051,1,1,15979,998.688
6.733240365982056,1,1,8085,505.312
6.7372400760650635,1,1,23903,1493.938
6.741235256195068,1,1,32767,2047.938
6.7452263832092285,1,1,32767,2047.938
6.749240875244141,1,1,16494,1030.875
6.753241062164307,1,1,7879,492.438
6.757240533828735,1,1,23104,1444.000
6.761241912841797,1,1,32767,2047.938
6.765251636505127,1,1,32767,2047.938
6.769247770309448,1,1,17039,1064.938
6.773241996765137,1,1,7845,490.312
6.777239799499512,1,1,22528,1408.000
6.781252384185791,1,1,32767,2047.938
6.785240173339844,1,1,32767,2047.938
6.789247035980225,1,1,17452,1090.750
6.793241024017334,1,1,7717,482.312
6.797252178192139,1,1,21743,1358.938
6.8012425899505615,1,1,32767,2047.938
6.80523943901062,1,1,32767,2047.938
6.809244871139526,1,1,18009,1125.562
6.813251256942749,1,1,7726,482.875
6.817233085632324,1,1,21192,1324.500
6.821218967437744,1,1,32767,2047.938
6.825204610824585,1,1,32767,2047.938
6.829206228256226,1,1,18590,1161.875
6.833201169967651,1,1,7741,483.812
6.837212324142456,1,1,20533,1283.312
6.841203451156616,1,1,32767,2047.938
6.845201015472412,1,1,32767,2047.938
6.849205255508423,1,1,19103,1193.938
6.85321044921875,1,1,7705,481.562
6.85720157623291,1,1,19741,1233.812
6.861202001571655,1,1,32767,2047.938
6.865200757980347,1,1,32767,2047.938
6.86921763420105,1,1,19675,1229.688
6.873202085494995,1,1,7742,483.875
6.8772008419036865,1,1,19139,1196.188
6.881201505661011,1,1,32767,2047.938
6.885211706161499,1,1,32767,2047.938
6.889204502105713,1,1,20270,1266.875
6.893200874328613,1,1,7766,485.375
6.897199630737305,1,1,18432,1152.000
6.901214122772217,1,1,32767,2047.938
6.905201196670532,1,1,32767,2047.938
6.909215688705444,1,1,20835,1302.188
6.913201332092285,1,1,7835,489.688
6.917255163192749,1,1,17805,1112.812
6.921251535415649,1,1,32767,2047.938
6.925242900848389,1,1,21511,1344.438
6.929243803024292,1,1,7944,496.500
6.933252334594727,1,1,17139,1071.188
6.937238454818726,1,1,32767,2047.938
6.941240072250366,1,1,32767,2047.938
6.945236444473267,1,1,22084,1380.250
6.949247360229492,1,1,8042,502.625
6.953224420547485,1,1,16508,1031.750
6.957224607467651,1,1,32767,2047.938
6.961239814758301,1,1,32767,2047.938
6.9652509689331055,1,1,22807,1425.438
6.969243764877319,1,1,8204,512.750
6.973238229751587,1,1,15916,994.750
6.97723650932312,1,1,32767,2047.938
6.98125433921814,1,1,32767,2047.938
6.985237121582031,1,1,23473,1467.062
6.9892418384552,1,1,8352,522.000
6.993240594863892,1,1,15259,953.688
6.997249126434326,1,1,32767,2047.938
7.001237392425537,1,1,32767,2047.938
7.005235910415649,1,1,24094,1505.875
7.00923228263855,1,1,8495,530.938
7.0132341384887695,1,1,14600,912.500
7.017234563827515,1,1,32767,2047.938
7.02120304107666,1,1,32767,2047.938
7.025200128555298,1,1,24725,1545.312
7.029204845428467,1,1,8653,540.812
7.033198833465576,1,1,13968,873.000
7.037196397781372,1,1,32767,2047.938
7.041199207305908,1,1,32767,2047.938
7.045198678970337,1,1,25336,1583.500
7.049200534820557,1,1,8831,551.938
7.053198337554932,1,1,13405,837.812
7.057197332382202,1,1,32767,2047.938
7.0611982345581055,1,1,32767,2047.938
7.06519627571106,1,1,26113,1632.062
7.069193124771118,1,1,9088,568.000
7.073187351226807,1,1,12903,806.438
7.077186346054077,1,1,32767,2047.938
7.08120059967041,1,1,32767,2047.938
7.085197687149048,1,1,26708,1669.250
7.089201927185059,1,1,9287,580.438
7.093197345733643,1,1,12352,772.000
7.097195625305176,1,1,32767,2047.938
7.101199150085449,1,1,32767,2047.938
7.1051976680755615,1,1,27289,1705.562
7.109203338623047,1,1,9478,592.375
7.1131978034973145,1,1,11803,737.688
7.117196083068848,1,1,32767,2047.938
7.12123703956604,1,1,32767,2047.938
7.125233173370361,1,1,28077,1754.812
7.129241466522217,1,1,9764,610.250
7.133234977722168,1,1,11378,711.125
7.13723349571228,1,1,32767,2047.938
7.141237020492554,1,1,32767,2047.938
7.145236492156982,1,1,28931,1808.188
7.149240732192993,1,1,10094,630.875
7.15323281288147,1,1,10899,681.188
7.157233953475952,1,1,32767,2047.938
7.161236524581909,1,1,32767,2047.938
7.165232419967651,1,1,29489,1843.062
7.169240236282349,1,1,10350,646.875
7.173233509063721,1,1,10445,652.812
7.177235126495361,1,1,32279,2017.438
7.1812334060668945,1,1,32767,2047.938
7.185234785079956,1,1,30029,1876.812
7.189239263534546,1,1,10624,664.000
7.193234443664551,1,1,10077,629.812
7.197232723236084,1,1,31754,1984.625
7.201236724853516,1,1,32767,2047.938
7.205234050750732,1,1,30616,1913.500
7.209233045578003,1,1,10935,683.438
7.213236570358276,1,1,9757,609.812
7.217234373092651,1,1,31258,1953.625
7.221235036849976,1,1,32767,2047.938
7.225232839584351,1,1,31292,1955.750
7.229238033294678,1,1,11313,707.062
7.233237028121948,1,1,9444,590.250
7.2372355461120605,1,1,30732,1920.750
7.241234302520752,1,1,32767,2047.938
7.245233058929443,1,1,31844,1990.250
7.249238967895508,1,1,11627,726.688
7.253233194351196,1,1,8997,562.312
7.257231950759888,1,1,30077,1879.812
7.261235237121582,1,1,32767,2047.938
7.271779775619507,1,1,8632,539.500
7.273269891738892,1,1,8632,539.500
7.277243137359619,1,1,29498,1843.625
7.281235218048096,1,1,32767,2047.938
7.285237073898315,1,1,32767,2047.938
7.289239406585693,1,1,12335,770.938
7.293231010437012,1,1,8382,523.875
7.2972331047058105,1,1,28871,1804.438
7.301233291625977,1,1,32767,2047.938
7.305248498916626,1,1,32767,2047.938
7.309232234954834,1,1,12721,795.062
7.313220500946045,1,1,8164,510.250
7.317218780517578,1,1,28187,1761.688
7.321309566497803,1,1,32767,2047.938
7.325207948684692,1,1,32767,2047.938
7.32919979095459,1,1,13113,819.562
7.334418296813965,1,1,7991,499.438
7.337242126464844,1,1,27558,1722.375
7.3412041664123535,1,1,32767,2047.938
7.345184564590454,1,1,32767,2047.938
7.349216938018799,1,1,13579,848.688
7.353275537490845,1,1,7845,490.312
7.3572096824646,1,1,26916,1682.250
7.361191987991333,1,1,32767,2047.938
7.365183115005493,1,1,32767,2047.938
7.369182586669922,1,1,13915,869.688
7.373185157775879,1,1,7677,479.812
7.377182483673096,1,1,26261,1641.312
7.381291389465332,1,1,32767,2047.938
7.3852033615112305,1,1,32767,2047.938
7.389189720153809,1,1,14439,902.438
7.393181800842285,1,1,7574,473.375
7.397181272506714,1,1,25553,1597.062
7.401201009750366,1,1,32767,2047.938
7.405194520950317,1,1,32767,2047.938
7.409187316894531,1,1,14904,931.500
7.4131810665130615,1,1,7534,470.875
7.417181730270386,1,1,24914,1557.125
7.421234846115112,1,1,32767,2047.938
7.4251978397369385,1,1,32767,2047.938
7.42919921875,1,1,15430,964.375
7.433192014694214,1,1,7485,467.812
7.437192678451538,1,1,24225,1514.062
7.4411962032318115,1,1,32767,2047.938
7.445193529129028,1,1,32767,2047.938
7.449188232421875,1,1,15867,991.688
7.453179836273193,1,1,7381,461.312
7.4571802616119385,1,1,23497,1468.562
7.46119499206543,1,1,32767,2047.938
7.465191125869751,1,1,32767,2047.938
7.469189882278442,1,1,16342,1021.375
7.473181486129761,1,1,7325,457.812
7.4771811962127686,1,1,22881,1430.062
7.481194972991943,1,1,32767,2047.938
7.485191822052002,1,1,32767,2047.938
7.489198684692383,1,1,16922,1057.625
7.493193626403809,1,1,7258,453.625
7.497191429138184,1,1,22116,1382.250
7.501192092895508,1,1,32767,2047.938
7.505192041397095,1,1,32767,2047.938
7.509197950363159,1,1,17350,1084.375
7.5131916999816895,1,1,7173,448.312
7.517191648483276,1,1,21404,1337.750
7.521267652511597,1,1,32767,2047.938
7.525231599807739,1,1,32767,2047.938
7.529237270355225,1,1,17895,1118.438
7.533228635787964,1,1,7145,446.562
7.537225961685181,1,1,20662,1291.375
7.54123330116272,1,1,32767,2047.938
7.54523229598999,1,1,32767,2047.938
7.549235582351685,1,1,18495,1155.938
7.553228139877319,1,1,7208,450.500
7.557227611541748,1,1,20070,1254.375
7.561232328414917,1,1,32767,2047.938
7.565228700637817,1,1,32767,2047.938
7.569230794906616,1,1,19090,1193.125
7.573227643966675,1,1,7265,454.062
7.577230215072632,1,1,19347,1209.188
7.581231594085693,1,1,32767,2047.938
7.585228443145752,1,1,19723,1232.688
7.5892274379730225,1,1,7361,460.062
7.593235492706299,1,1,18655,1165.938
7.59723162651062,1,1,32767,2047.938
7.601477861404419,1,1,32767,2047.938
7.605435848236084,1,1,20249,1265.562
7.609262228012085,1,1,7415,463.438
7.613230228424072,1,1,17916,1119.750
7.617228031158447,1,1,32767,2047.938
7.6212310791015625,1,1,32767,2047.938
7.62519383430481,1,1,20789,1299.312
7.629194259643555,1,1,7491,468.188
7.633191108703613,1,1,17201,1075.062
7.637190818786621,1,1,32767,2047.938
7.6411919593811035,1,1,32767,2047.938
7.645190954208374,1,1,21481,1342.562
7.649195909500122,1,1,7624,476.500
7.653188943862915,1,1,16429,1026.812
7.657189607620239,1,1,32767,2047.938
7.66119122505188,1,1,32767,2047.938
7.665198564529419,1,1,22102,1381.375
7.669193267822266,1,1,7784,486.500
7.673189401626587,1,1,15900,993.750
7.677190542221069,1,1,32767,2047.938
7.6811909675598145,1,1,32767,2047.938
7.6851887702941895,1,1,22771,1423.188
7.689192056655884,1,1,7933,495.812
7.693188190460205,1,1,15149,946.812
7.6971869468688965,1,1,32767,2047.938
7.701192378997803,1,1,32767,2047.938
7.705190420150757,1,1,23499,1468.688
7.709191560745239,1,1,8129,508.062
7.71319055557251,1,1,14594,912.125
7.717188596725464,1,1,32767,2047.938
7.72119140625,1,1,32767,2047.938
7.725282907485962,1,1,24139,1508.688
7.729238033294678,1,1,8268,516.750
7.733226776123047,1,1,13829,864.312
7.737225770950317,1,1,32767,2047.938
7.7412261962890625,1,1,32767,2047.938
7.745227575302124,1,1,24815,1550.938
7.749228477478027,1,1,8431,526.938
7.753227710723877,1,1,13131,820.688
7.757226943969727,1,1,32767,2047.938
7.761220693588257,1,1,32767,2047.938
7.765212774276733,1,1,25511,1594.438
7.769228458404541,1,1,8632,539.500
7.773228406906128,1,1,12401,775.062
7.777227401733398,1,1,32767,2047.938
7.781228065490723,1,1,32767,2047.938
7.785227298736572,1,1,26172,1635.750
7.789234161376953,1,1,8844,552.750
7.793229341506958,1,1,11775,735.938
7.797227382659912,1,1,32767,2047.938
7.801227807998657,1,1,32767,2047.938
7.805227518081665,1,1,26998,1687.375
7.809232234954834,1,1,9126,570.375
7.813225746154785,1,1,11199,699.938
7.817225456237793,1,1,32767,2047.938
7.821227550506592,1,1,32767,2047.938
7.825291395187378,1,1,29817,1863.562
7.82919979095459,1,1,13378,836.125
7.833193778991699,1,1,14696,918.500
7.83718729019165,1,1,23572,1473.250
7.841188192367554,1,1,27406,1712.875
7.845188140869141,1,1,25166,1572.875
7.849193811416626,1,1,22723,1420.188
7.853189945220947,1,1,24447,1527.938
7.857187032699585,1,1,28366,1772.875
7.861189126968384,1,1,28462,1778.875
7.8651885986328125,1,1,24748,1546.750
7.869192838668823,1,1,22030,1376.875
7.873186826705933,1,1,23882,1492.625
7.877187252044678,1,1,28035,1752.188
7.881190299987793,1,1,28448,1778.000
7.885186672210693,1,1,24953,1559.562
7.8891825675964355,1,1,22163,1385.188
7.893173456192017,1,1,23827,1489.188
7.897173881530762,1,1,27962,1747.625
7.901193380355835,1,1,28556,1784.750
7.905189275741577,1,1,25226,1576.625
7.909191608428955,1,1,22318,1394.875
7.913187503814697,1,1,23754,1484.625
7.917186498641968,1,1,27736,1733.500
7.921187877655029,1,1,28474,1779.625
7.925185441970825,1,1,25461,1591.312
7.929258346557617,1,1,22548,1409.250
7.93323016166687,1,1,23719,1482.438
7.937227249145508,1,1,27504,1719.000
7.941227197647095,1,1,28489,1780.562
7.945226430892944,1,1,25688,1605.500
7.9492223262786865,1,1,22666,1416.625
7.953208923339844,1,1,23627,1476.688
7.957209825515747,1,1,27357,1709.812
7.961229562759399,1,1,28457,1778.562
7.9652259349823,1,1,25759,1609.938
7.969230890274048,1,1,22718,1419.875
7.9732255935668945,1,1,23633,1477.062
7.977225065231323,1,1,27311,1706.938
7.981224536895752,1,1,28451,1778.188
7.9852235317230225,1,1,25775,1610.938
7.9892308712005615,1,1,22609,1413.062
7.993232250213623,1,1,23366,1460.375
7.9972240924835205,1,1,27014,1688.375
8.001226663589478,1,1,28285,1767.812
8.005223274230957,1,1,25740,1608.750
8.009231328964233,1,1,22558,1409.875
8.013224601745605,1,1,23231,1451.938
8.017224311828613,1,1,26811,1675.688
8.021223545074463,1,1,28259,1766.188
8.02522587776184,1,1,25913,1619.562
8.029228448867798,1,1,22678,1417.375
8.033225059509277,1,1,23254,1453.375
8.037222385406494,1,1,26855,1678.438
8.041225671768188,1,1,28401,1775.062
8.04522442817688,1,1,26141,1633.812
8.049217939376831,1,1,22921,1432.562
8.053208589553833,1,1,23323,1457.688
8.057209491729736,1,1,26690,1668.125
8.06122875213623,1,1,28285,1767.812
8.065224409103394,1,1,26125,1632.812
8.069226264953613,1,1,22796,1424.750
8.07322359085083,1,1,23055,1440.938
8.077223539352417,1,1,26359,1647.438
8.081223726272583,1,1,28149,1759.312
8.08522367477417,1,1,26231,1639.438
8.08922004699707,1,1,22935,1433.438
8.093209028244019,1,1,23104,1444.000
8.097206115722656,1,1,26373,1648.312
8.101220846176147,1,1,28185,1761.562
8.105223417282104,1,1,26279,1642.438
8.109228372573853,1,1,22895,1430.938
8.113224506378174,1,1,22933,1433.312
8.117223739624023,1,1,26150,1634.375
8.121224164962769,1,1,28154,1759.625
8.125221967697144,1,1,26346,1646.625
8.129236936569214,1,1,22913,1432.062
8.133225917816162,1,1,22872,1429.500
8.13722562789917,1,1,26092,1630.750
8.14122486114502,1,1,28147,1759.188
8.14522123336792,1,1,26223,1638.938
8.149226665496826,1,1,22593,1412.062
8.153222799301147,1,1,22778,1423.625
8.157222032546997,1,1,26534,1658.375
8.161220073699951,1,1,28812,1800.750
8.165223121643066,1,1,25551,1596.938
8.169228792190552,1,1,15179,948.688
8.173221588134766,1,1,11292,705.750
8.177220106124878,1,1,29234,1827.125
8.181222200393677,1,1,32767,2047.938
8.18522334098816,1,1,32767,2047.938
8.189229249954224,1,1,16383,1023.938
8.193222045898438,1,1,6507,406.688
8.197225570678711,1,1,22022,1376.375
8.201219320297241,1,1,32767,2047.938
8.205219268798828,1,1,32767,2047.938
8.209223985671997,1,1,16434,1027.125
8.213221311569214,1,1,6424,401.500
8.217222452163696,1,1,21274,1329.625
8.22122311592102,1,1,32767,2047.938
8.22522258758545,1,1,32767,2047.938
8.229227066040039,1,1,17118,1069.875
8.23325228691101,1,1,20636,1289.750
8.237220287322998,1,1,20636,1289.750
8.241222858428955,1,1,32767,2047.938
8.245221376419067,1,1,17747,1109.188
8.249225378036499,1,1,6697,418.562
8.253222942352295,1,1,20043,1252.688
8.257221460342407,1,1,32767,2047.938
8.261226415634155,1,1,32767,2047.938
8.26521921157837,1,1,18495,1155.938
8.275843858718872,1,1,19441,1215.062
8.27724003791809,1,1,32767,2047.938
8.28122591972351,1,1,32767,2047.938
8.28522276878357,1,1,19107,1194.188
8.289225339889526,1,1,6980,436.250
8.29365873336792,1,1,18684,1167.750
8.297234773635864,1,1,32767,2047.938
8.301218032836914,1,1,32767,2047.938
8.305206775665283,1,1,19710,1231.875
8.309220790863037,1,1,7111,444.438
8.31330418586731,1,1,18022,1126.375
8.317232370376587,1,1,32767,2047.938
8.321330308914185,1,1,32767,2047.938
8.325369596481323,1,1,20459,1278.688
8.329234838485718,1,1,7296,456.000
8.333297967910767,1,1,17385,1086.562
8.337185621261597,1,1,32767,2047.938
8.341177940368652,1,1,32767,2047.938
8.345171451568604,1,1,21099,1318.688
8.3491849899292,1,1,7446,465.375
8.35318374633789,1,1,16716,1044.750
8.35718297958374,1,1,32767,2047.938
8.36117696762085,1,1,32767,2047.938
8.365169048309326,1,1,21834,1364.625
8.36917495727539,1,1,7627,476.688
8.373464584350586,1,1,16045,1002.812
8.377202033996582,1,1,32767,2047.938
8.381183862686157,1,1,32767,2047.938
8.385170221328735,1,1,22513,1407.062
8.389168977737427,1,1,7804,487.750
8.393203735351562,1,1,15399,962.438
8.397186994552612,1,1,32767,2047.938
8.401174306869507,1,1,32767,2047.938
8.405169248580933,1,1,23136,1446.000
8.40917158126831,1,1,7965,497.812
8.41316843032837,1,1,14717,919.812
8.417166948318481,1,1,32767,2047.938
8.42118501663208,1,1,32767,2047.938
8.425180673599243,1,1,23911,1494.438
8.42917799949646,1,1,8194,512.125
8.43316650390625,1,1,14114,882.125
8.437167644500732,1,1,32767,2047.938
8.441187858581543,1,1,32767,2047.938
8.44518232345581,1,1,24573,1535.812
8.44917893409729,1,1,8396,524.750
8.45316767692566,1,1,13461,841.312
8.457167863845825,1,1,32767,2047.938
8.461185455322266,1,1,32767,2047.938
8.465182542800903,1,1,25259,1578.688
8.469187259674072,1,1,8627,539.188
8.473182916641235,1,1,12903,806.438
8.477181673049927,1,1,32767,2047.938
8.481182336807251,1,1,32767,2047.938
8.485181093215942,1,1,26048,1628.000
8.489176988601685,1,1,8909,556.812
8.493170738220215,1,1,12418,776.125
8.49716830253601,1,1,32767,2047.938
8.501183032989502,1,1,32767,2047.938
8.505181789398193,1,1,26886,1680.375
8.5091872215271,1,1,9225,576.562
8.51318097114563,1,1,11989,749.312
8.517180442810059,1,1,32767,2047.938
8.521183729171753,1,1,32767,2047.938
8.52518081665039,1,1,27480,1717.500
8.52918291091919,1,1,9458,591.125
8.533179998397827,1,1,11508,719.250
8.537285089492798,1,1,32767,2047.938
8.541223049163818,1,1,32767,2047.938
8.545219898223877,1,1,28247,1765.438
8.549224615097046,1,1,9774,610.875
8.553219556808472,1,1,11117,694.812
8.557217359542847,1,1,32767,2047.938
8.561224460601807,1,1,32767,2047.938
8.565217018127441,1,1,28933,1808.312
8.569222450256348,1,1,10082,630.125
8.57321834564209,1,1,10777,673.562
8.577219247817993,1,1,32767,2047.938
8.581220865249634,1,1,32767,2047.938
8.585216045379639,1,1,29588,1849.250
8.589222431182861,1,1,10402,650.125
8.59321665763855,1,1,10407,650.438
8.59721851348877,1,1,32284,2017.750
8.601482152938843,1,1,32767,2047.938
8.605433225631714,1,1,30194,1887.125
8.609251737594604,1,1,10722,670.125
8.613216400146484,1,1,10137,633.562
8.617215633392334,1,1,31845,1990.312
8.621216058731079,1,1,32767,2047.938
8.6252121925354,1,1,30769,1923.062
8.629215002059937,1,1,11024,689.000
8.633210897445679,1,1,9692,605.750
8.63730263710022,1,1,31200,1950.000
8.641185283660889,1,1,32767,2047.938
8.645178318023682,1,1,31398,1962.375
8.649181604385376,1,1,11382,711.375
8.653175830841064,1,1,9378,586.125
8.657175302505493,1,1,30684,1917.750
8.66132116317749,1,1,32767,2047.938
8.665201663970947,1,1,31968,1998.000
8.66918396949768,1,1,11712,732.000
8.673179388046265,1,1,8949,559.312
8.677177906036377,1,1,30117,1882.312
8.681179523468018,1,1,32767,2047.938
8.685176849365234,1,1,32438,2027.375
8.68917989730835,1,1,11976,748.500
8.69317626953125,1,1,8450,528.125
8.697178602218628,1,1,29537,1846.062
8.701185941696167,1,1,32767,2047.938
8.705178260803223,1,1,32767,2047.938
8.709182500839233,1,1,12293,768.312
8.713176727294922,1,1,8020,501.250
8.717177867889404,1,1,28968,1810.500
8.721181392669678,1,1,32767,2047.938
8.725178718566895,1,1,32767,2047.938
8.72917914390564,1,1,12609,788.062
8.733178853988647,1,1,7594,474.625
8.73717999458313,1,1,28382,1773.875
8.741217851638794,1,1,32767,2047.938
8.745216608047485,1,1,32767,2047.938
8.74922490119934,1,1,12906,806.625
8.753216743469238,1,1,7145,446.562
8.757216691970825,1,1,27716,1732.250
8.761216878890991,1,1,32767,2047.938
8.765215158462524,1,1,32767,2047.938
8.76921558380127,1,1,13180,823.750
8.77321481704712,1,1,6818,426.125
8.777216911315918,1,1,27146,1696.625
8.781209945678711,1,1,32767,2047.938
8.785198211669922,1,1,32767,2047.938
8.789217472076416,1,1,13512,844.500
8.793218851089478,1,1,6588,411.750
8.797213077545166,1,1,26420,1651.250
8.801214933395386,1,1,32767,2047.938
8.805212497711182,1,1,32767,2047.938
8.809218645095825,1,1,19354,1209.625
8.813211917877197,1,1,13718,857.375
8.817212104797363,1,1,19502,1218.875
8.821213483810425,1,1,25509,1594.312
8.82521390914917,1,1,26219,1638.688
8.829221248626709,1,1,23872,1492.000
8.833213567733765,1,1,23865,1491.562
8.83721375465393,1,1,26569,1660.562
8.841217756271362,1,1,28095,1755.938
8.845214605331421,1,1,26263,1641.438
8.84921646118164,1,1,23150,1446.875
8.853210210800171,1,1,23221,1451.312
8.85721230506897,1,1,26204,1637.750
8.861215114593506,1,1,28166,1760.375
8.865209817886353,1,1,26590,1661.875
8.869216442108154,1,1,23417,1463.562
8.873212575912476,1,1,23276,1454.750
8.877211809158325,1,1,26131,1633.188
8.881213426589966,1,1,28119,1757.438
8.885211706161499,1,1,26637,1664.812
8.889217376708984,1,1,23132,1445.750
8.89321231842041,1,1,25878,1617.375
8.897211790084839,1,1,27983,1748.938
8.901212692260742,1,1,26636,1664.750
8.905210018157959,1,1,23474,1467.125
8.909216403961182,1,1,23142,1446.375
8.913211822509766,1,1,25878,1617.375
8.917211294174194,1,1,28118,1757.375
8.921210765838623,1,1,26914,1682.125
8.92521357536316,1,1,23708,1481.750
8.929214477539062,1,1,23183,1448.938
8.933210372924805,1,1,25828,1614.250
8.937211751937866,1,1,28140,1758.750
8.941214084625244,1,1,26956,1684.750
8.945209741592407,1,1,23751,1484.438
8.949209451675415,1,1,23184,1449.000
8.953199625015259,1,1,25774,1610.875
8.957196474075317,1,1,28079,1754.938
8.961216688156128,1,1,26947,1684.188
8.965213060379028,1,1,23713,1482.062
8.969215393066406,1,1,23014,1438.375
8.97321081161499,1,1,25513,1594.562
8.97721242904663,1,1,27987,1749.188
8.981212854385376,1,1,27074,1692.125
8.985210657119751,1,1,23884,1492.750
8.989218473434448,1,1,23018,1438.625
8.993217706680298,1,1,25362,1585.125
8.99721360206604,1,1,27878,1742.375
9.001212120056152,1,1,27030,1689.375
9.00520944595337,1,1,23856,1491.000
9.009216785430908,1,1,22887,1430.438
9.01321268081665,1,1,25222,1576.375
9.017210960388184,1,1,27841,1740.062
9.021212339401245,1,1,27068,1691.750
9.025210857391357,1,1,23886,1492.875
9.029218435287476,1,1,22872,1429.500
9.033209800720215,1,1,25132,1570.750
9.037209510803223,1,1,27813,1738.312
9.041229009628296,1,1,27155,1697.188
9.045212030410767,1,1,24042,1502.625
9.04921293258667,1,1,23002,1437.625
9.053207635879517,1,1,25218,1576.125
9.057209968566895,1,1,27901,1743.812
9.061211109161377,1,1,27156,1697.250
9.065207719802856,1,1,23917,1494.812
9.069214344024658,1,1,22740,1421.250
9.073209285736084,1,1,24937,1558.562
9.077210426330566,1,1,27741,1733.812
9.081210374832153,1,1,27138,1696.125
9.085208892822266,1,1,24030,1501.875
9.089206218719482,1,1,22891,1430.688
9.093194246292114,1,1,25105,1569.062
9.09719467163086,1,1,27992,1749.500
9.101207733154297,1,1,27409,1713.062
9.10521149635315,1,1,23832,1489.500
9.109205722808838,1,1,21168,1323.000
9.113195657730103,1,1,28641,1790.062
9.11719274520874,1,1,32767,2047.938
9.12121057510376,1,1,32767,2047.938
9.125209331512451,1,1,21112,1319.500
9.129211187362671,1,1,7072,442.000
9.13320779800415,1,1,12055,753.438
9.13720965385437,1,1,32767,2047.938
9.14124321937561,1,1,32767,2047.938
9.145209789276123,1,1,22566,1410.375
9.149215459823608,1,1,7545,471.562
9.153210878372192,1,1,12329,770.562
9.157208919525146,1,1,32767,2047.938
9.16120982170105,1,1,32767,2047.938
9.1652090549469,1,1,24089,1505.562
9.169212818145752,1,1,8063,503.938
9.173208951950073,1,1,12240,765.000
9.17720627784729,1,1,32767,2047.938
9.181208610534668,1,1,32767,2047.938
9.185209035873413,1,1,25291,1580.688
9.189212560653687,1,1,8492,530.750
9.19320797920227,1,1,11939,746.188
9.197208404541016,1,1,32767,2047.938
9.201207160949707,1,1,32767,2047.938
9.205206632614136,1,1,26180,1636.250
9.209208965301514,1,1,8829,551.812
9.213208675384521,1,1,11576,723.500
9.217207193374634,1,1,32767,2047.938
9.221205711364746,1,1,32767,2047.938
9.22521185874939,1,1,27059,1691.188
9.22921347618103,1,1,9177,573.562
9.233208179473877,1,1,11304,706.500
9.23720669746399,1,1,32767,2047.938
9.24124002456665,1,1,32767,2047.938
9.245208263397217,1,1,27944,1746.500
9.24921202659607,1,1,9533,595.812
9.253207683563232,1,1,10948,684.250
9.257209539413452,1,1,32767,2047.938
9.261211156845093,1,1,32767,2047.938
9.265205383300781,1,1,28641,1790.062
9.269211292266846,1,1,9835,614.688
9.279725074768066,1,1,32767,2047.938
9.281225681304932,1,1,32767,2047.938
9.285209894180298,1,1,29295,1830.938
9.289227962493896,1,1,10137,633.562
9.293211936950684,1,1,10115,632.188
9.297211408615112,1,1,32571,2035.688
9.301210403442383,1,1,32767,2047.938
9.305662155151367,1,1,29924,1870.250
9.309214353561401,1,1,10449,653.062
9.313195943832397,1,1,9746,609.125
9.31719183921814,1,1,32138,2008.625
9.321208477020264,1,1,32767,2047.938
9.325206995010376,1,1,30514,1907.125
9.329203844070435,1,1,10746,671.625
9.333322286605835,1,1,9302,581.375
9.337411880493164,1,1,31603,1975.188
9.341255903244019,1,1,32767,2047.938
9.345309495925903,1,1,31076,1942.250
9.34917688369751,1,1,11048,690.500
9.353171348571777,1,1,8912,557.000
9.35716962814331,1,1,31038,1939.875
9.361174583435059,1,1,32767,2047.938
9.365178108215332,1,1,31630,1976.875
9.369171380996704,1,1,11368,710.500
9.373165369033813,1,1,8498,531.125
9.377165794372559,1,1,30388,1899.250
9.381170272827148,1,1,32767,2047.938
9.385168552398682,1,1,32185,2011.562
9.389167308807373,1,1,11705,731.562
9.39322280883789,1,1,8104,506.500
9.397173404693604,1,1,29775,1860.938
9.401169776916504,1,1,32767,2047.938
9.40516710281372,1,1,32707,2044.188
9.409170866012573,1,1,12027,751.688
9.413174629211426,1,1,7705,481.562
9.417168140411377,1,1,29271,1829.438
9.421176433563232,1,1,32767,2047.938
9.425168514251709,1,1,32767,2047.938
9.4291672706604,1,1,12310,769.375
9.433165788650513,1,1,7278,454.875
9.437164783477783,1,1,28718,1794.875
9.441169261932373,1,1,32767,2047.938
9.445245027542114,1,1,32767,2047.938
9.449209213256836,1,1,12589,786.812
9.45319128036499,1,1,6935,433.438
9.457188129425049,1,1,28147,1759.188
9.461212396621704,1,1,32767,2047.938
9.465205907821655,1,1,32767,2047.938
9.469211101531982,1,1,12895,805.938
9.473207950592041,1,1,6693,418.312
9.477205276489258,1,1,27480,1717.500
9.481206178665161,1,1,32767,2047.938
9.48520278930664,1,1,32767,2047.938
9.489206790924072,1,1,13254,828.375
9.493206024169922,1,1,6508,406.750
9.497201919555664,1,1,26697,1668.562
9.501208543777466,1,1,32767,2047.938
9.505204677581787,1,1,30727,1920.438
9.509211778640747,1,1,20503,1281.438
9.513204574584961,1,1,19846,1240.375
9.517203330993652,1,1,24717,1544.812
9.521207809448242,1,1,27674,1729.625
9.525205850601196,1,1,26261,1641.312
9.529206991195679,1,1,23268,1454.250
9.533202409744263,1,1,26426,1651.625
9.537203311920166,1,1,28033,1752.062
9.541204690933228,1,1,26241,1640.062
9.545273542404175,1,1,23234,1452.125
9.549171686172485,1,1,23391,1461.938
9.553165912628174,1,1,26376,1648.500
9.55716609954834,1,1,28112,1757.000
9.561168670654297,1,1,26357,1647.312
9.565165281295776,1,1,23209,1450.562
9.569164514541626,1,1,23211,1450.688
9.57316517829895,1,1,26157,1634.812
9.577167749404907,1,1,28083,1755.188
9.581169366836548,1,1,26509,1656.812
9.585165023803711,1,1,23334,1458.375
9.589169263839722,1,1,23235,1452.188
9.593166828155518,1,1,26100,1631.250
9.597164630889893,1,1,28104,1756.500
9.60142183303833,1,1,26630,1664.375
9.60536527633667,1,1,23409,1463.062
9.609195709228516,1,1,23107,1444.188
9.613164186477661,1,1,25860,1616.250
9.617161989212036,1,1,27928,1745.500
9.621165752410889,1,1,26528,1658.000
9.625162839889526,1,1,23389,1461.812
9.629164695739746,1,1,23131,1445.688
9.633161783218384,1,1,25866,1616.625
9.637160301208496,1,1,28016,1751.000
9.641164064407349,1,1,26700,1668.750
9.645161867141724,1,1,23491,1468.188
9.649184703826904,1,1,23015,1438.438
9.653200387954712,1,1,25637,1602.312
9.65719747543335,1,1,27860,1741.250
9.661553382873535,1,1,26659,1666.188
9.665326595306396,1,1,23501,1468.812
9.669429540634155,1,1,22990,1436.875
9.673354625701904,1,1,25611,1600.688
9.677223682403564,1,1,28018,1751.125
9.681209564208984,1,1,26914,1682.125
9.68520188331604,1,1,23657,1478.562
9.689196825027466,1,1,22958,1434.875
9.693187475204468,1,1,25464,1591.500
9.697189807891846,1,1,27920,1745.000
9.70120644569397,1,1,26890,1680.625
9.70520544052124,1,1,23661,1478.812
9.709208011627197,1,1,22899,1431.188
9.71320366859436,1,1,25334,1583.375
9.717201709747314,1,1,27842,1740.125
9.721205234527588,1,1,26925,1682.812
9.725202798843384,1,1,23787,1486.688
9.729203462600708,1,1,23012,1438.250
9.73320198059082,1,1,25407,1587.938
9.737201452255249,1,1,27956,1747.250
9.741202116012573,1,1,27041,1690.062
9.74520230293274,1,1,23823,1488.938
9.7493155002594,1,1,22893,1430.812
9.753169536590576,1,1,25213,1575.812
9.75716495513916,1,1,27869,1741.812
9.761164426803589,1,1,27125,1695.312
9.765164375305176,1,1,23970,1498.125
9.769164323806763,1,1,22931,1433.188
9.773166179656982,1,1,25177,1573.562
9.777164459228516,1,1,27845,1740.312
9.781165361404419,1,1,27124,1695.250
9.785165309906006,1,1,23975,1498.438
9.789166688919067,1,1,22854,1428.375
9.793160676956177,1,1,24980,1561.250
9.797163724899292,1,1,27707,1731.688
9.801158666610718,1,1,26963,1685.188
9.805150508880615,1,1,23235,1452.188
9.809162378311157,1,1,21795,1362.188
9.81316351890564,1,1,29945,1871.562
9.817163705825806,1,1,32767,2047.938
9.821164846420288,1,1,32767,2047.938
9.825167894363403,1,1,21076,1317.250
9.82916522026062,1,1,7040,440.000
9.83316421508789,1,1,11793,737.062
9.837163209915161,1,1,32767,2047.938
9.841163396835327,1,1,32767,2047.938
9.845161437988281,1,1,22022,1376.375
9.849219560623169,1,1,7375,460.938
9.853201866149902,1,1,12213,763.312
9.857202053070068,1,1,32767,2047.938
9.861201047897339,1,1,32767,2047.938
9.865198135375977,1,1,23844,1490.250
9.869198322296143,1,1,7999,499.938
9.873201847076416,1,1,12419,776.188
9.877201318740845,1,1,32767,2047.938
9.881201028823853,1,1,32767,2047.938
9.88519811630249,1,1,25061,1566.312
9.889201164245605,1,1,8426,526.625
9.89319920539856,1,1,12183,761.438
9.897197723388672,1,1,32767,2047.938
9.90120005607605,1,1,32767,2047.938
9.905200481414795,1,1,25961,1622.562
9.909203052520752,1,1,8745,546.562
9.91320013999939,1,1,11788,736.750
9.917198896408081,1,1,32767,2047.938
9.921202421188354,1,1,32767,2047.938
9.925201416015625,1,1,26857,1678.562
9.929200887680054,1,1,9075,567.188
9.933198690414429,1,1,11296,706.000
9.937198877334595,1,1,32767,2047.938
9.941200017929077,1,1,32767,2047.938
9.945197820663452,1,1,27508,1719.250
9.949222803115845,1,1,9335,583.438
9.953189611434937,1,1,10842,677.625
9.9571852684021,1,1,32767,2047.938
9.961201429367065,1,1,32767,2047.938
9.96519684791565,1,1,28287,1767.938
9.969196081161499,1,1,9669,604.312
9.973186016082764,1,1,10567,660.438
9.977182865142822,1,1,32767,2047.938
9.981204509735107,1,1,32767,2047.938
9.98520302772522,1,1,28981,1811.312
9.989205121994019,1,1,9994,624.625
9.993202686309814,1,1,10228,639.250
9.997201204299927,1,1,32694,2043.375
10.001199722290039,1,1,32767,2047.938
10.00519585609436,1,1,29716,1857.250
10.009196996688843,1,1,10352,647.000
10.013198614120483,1,1,9902,618.875
10.017197370529175,1,1,32262,2016.375
10.021196842193604,1,1,32767,2047.938
10.025196313858032,1,1,30292,1893.250
10.02919602394104,1,1,10634,664.625
10.033200025558472,1,1,9368,585.500
10.037197351455688,1,1,31717,1982.312
10.041196823120117,1,1,32767,2047.938
10.045196533203125,1,1,30921,1932.562
10.049202919006348,1,1,10956,684.750
10.053232908248901,1,1,9007,562.938
10.057197093963623,1,1,31316,1957.250
10.061200857162476,1,1,32767,2047.938
10.065196514129639,1,1,31526,1970.375
10.069199800491333,1,1,11289,705.562
10.073196411132812,1,1,8571,535.688
10.07719612121582,1,1,30641,1915.062
10.081198453903198,1,1,32767,2047.938
10.085195779800415,1,1,31998,1999.875
10.089195728302002,1,1,11576,723.500
10.093194961547852,1,1,8204,512.750
10.097196817398071,1,1,29976,1873.500
10.101197719573975,1,1,32767,2047.938
10.105193138122559,1,1,32577,2036.062
10.109197616577148,1,1,11956,747.250
10.113197803497314,1,1,7922,495.125
10.117194890975952,1,1,29301,1831.312
10.12119436264038,1,1,32767,2047.938
10.125195264816284,1,1,32767,2047.938
10.12918758392334,1,1,12306,769.125
10.133179664611816,1,1,7693,480.812
10.137179136276245,1,1,28662,1791.375
10.141196489334106,1,1,32767,2047.938
10.145195960998535,1,1,32767,2047.938
10.149201393127441,1,1,12716,794.750
10.15320873260498,1,1,7468,466.750
10.157195091247559,1,1,28052,1753.250
10.1611967086792,1,1,32767,2047.938
10.165194272994995,1,1,32767,2047.938
10.169193506240845,1,1,13056,816.000
10.173191785812378,1,1,7151,446.938
10.177196979522705,1,1,32767,2047.938
10.181195259094238,1,1,32767,2047.938
10.185193061828613,1,1,13369,835.562
10.189196586608887,1,1,6839,427.438
10.19319462776184,1,1,26833,1677.062
10.19719386100769,1,1,32767,2047.938
10.201196193695068,1,1,32767,2047.938
10.205190896987915,1,1,13748,859.250
10.20919418334961,1,1,6612,413.250
10.213193655014038,1,1,26135,1633.438
10.2171950340271,1,1,32767,2047.938
10.22119665145874,1,1,32767,2047.938
10.225193738937378,1,1,14126,882.875
10.229195833206177,1,1,8815,550.938
10.233192920684814,1,1,21352,1334.500
10.237195253372192,1,1,30469,1904.312
10.241194486618042,1,1,29868,1866.750
10.245192527770996,1,1,25016,1563.500
10.249194383621216,1,1,23692,1480.750
10.25320553779602,1,1,26599,1662.438
10.257194519042969,1,1,28378,1773.625
10.261195182800293,1,1,26185,1636.562
10.265191793441772,1,1,22632,1414.500
10.2691969871521,1,1,23045,1440.312
10.273193836212158,1,1,26762,1672.625
10.296300649642944,1,1,26520,1657.500
10.297590732574463,1,1,28732,1795.750
10.301204919815063,1,1,26819,1676.188
10.305201292037964,1,1,23189,1449.312
10.309208869934082,1,1,23086,1442.875
10.31318473815918,1,1,26279,1642.438
10.317183256149292,1,1,28433,1777.062
10.321200609207153,1,1,26740,1671.250
10.325196266174316,1,1,23218,1451.125
10.329189538955688,1,1,22921,1432.562
10.333331823348999,1,1,25926,1620.375
10.337371826171875,1,1,28224,1764.000
10.341212511062622,1,1,26774,1673.375
10.345184803009033,1,1,23373,1460.812
10.349196672439575,1,1,23009,1438.062
10.353264331817627,1,1,25944,1621.500
10.357316017150879,1,1,28280,1767.500
10.361165285110474,1,1,26901,1681.312
10.36515760421753,1,1,23521,1470.062
10.369159698486328,1,1,23056,1441.000
10.373164176940918,1,1,25827,1614.188
10.377156496047974,1,1,28184,1761.500
10.381154775619507,1,1,26864,1679.000
10.38515567779541,1,1,23417,1463.562
10.389157772064209,1,1,22848,1428.000
10.3931565284729,1,1,25658,1603.625
10.397154808044434,1,1,28301,1768.812
10.401145458221436,1,1,27167,1697.938
10.405147552490234,1,1,23695,1480.938
10.409157276153564,1,1,22894,1430.875
10.413170099258423,1,1,25502,1593.875
10.417161464691162,1,1,28092,1755.750
10.421152591705322,1,1,27027,1689.188
10.425156831741333,1,1,23597,1474.812
10.429158687591553,1,1,22751,1421.938
10.4331533908844,1,1,25371,1585.688
10.437154531478882,1,1,28143,1758.938
10.441154479980469,1,1,27197,1699.812
10.445157289505005,1,1,23786,1486.625
10.449148654937744,1,1,22767,1422.938
10.453144788742065,1,1,25154,1572.125
10.457219123840332,1,1,27880,1742.500
10.461200475692749,1,1,27081,1692.562
10.46519422531128,1,1,23796,1487.250
10.46919870376587,1,1,22775,1423.438
10.473191022872925,1,1,25205,1575.312
10.47719144821167,1,1,28070,1754.375
10.481187582015991,1,1,27335,1708.438
10.485193014144897,1,1,23976,1498.500
10.489192962646484,1,1,22791,1424.438
10.493195295333862,1,1,25093,1568.312
10.497193813323975,1,1,27965,1747.812
10.501193523406982,1,1,27311,1706.938
10.505191802978516,1,1,24051,1503.188
10.509193181991577,1,1,22836,1427.250
10.513191223144531,1,1,25128,1570.500
10.517192602157593,1,1,28136,1758.500
10.521187543869019,1,1,27593,1724.562
10.52518892288208,1,1,24269,1516.812
10.52919054031372,1,1,22801,1425.062
10.53319001197815,1,1,24894,1555.875
10.53719186782837,1,1,27963,1747.688
10.541187763214111,1,1,27585,1724.062
10.545190811157227,1,1,24330,1520.625
10.549191951751709,1,1,22799,1424.938
10.553194522857666,1,1,24844,1552.750
10.557257890701294,1,1,27902,1743.875
10.561153173446655,1,1,27560,1722.500
10.565152168273926,1,1,24315,1519.688
10.569154024124146,1,1,22658,1416.125
10.573150634765625,1,1,24638,1539.875
10.577150821685791,1,1,27805,1737.812
10.581148624420166,1,1,27523,1720.188
10.58514952659607,1,1,24113,1507.062
10.589154481887817,1,1,22440,1402.500
10.593153238296509,1,1,24751,1546.938
10.597150802612305,1,1,28289,1768.062
10.601413488388062,1,1,27726,1732.875
10.605371952056885,1,1,22419,1401.188
10.609178066253662,1,1,18204,1137.750
10.613142728805542,1,1,25019,1563.688
10.617141485214233,1,1,32767,2047.938
10.621156215667725,1,1,32767,2047.938
10.625151872634888,1,1,25518,1594.875
10.629151582717896,1,1,8408,525.500
10.633147478103638,1,1,9794,612.125
10.63714861869812,1,1,32767,2047.938
10.641143083572388,1,1,32767,2047.938
10.645142555236816,1,1,26085,1630.312
10.649149656295776,1,1,8658,541.125
10.653150081634521,1,1,9829,614.312
10.65715217590332,1,1,32767,2047.938
10.661189556121826,1,1,32767,2047.938
10.665190696716309,1,1,27512,1719.500
10.66919469833374,1,1,9210,575.625
10.673188924789429,1,1,9768,610.500
10.677189350128174,1,1,32767,2047.938
10.681187868118286,1,1,32767,2047.938
10.685189485549927,1,1,28496,1781.000
10.689192295074463,1,1,9653,603.312
10.693187952041626,1,1,9661,603.812
10.697190761566162,1,1,32725,2045.312
10.701173305511475,1,1,32767,2047.938
10.705174922943115,1,1,29364,1835.250
10.709192276000977,1,1,10072,629.500
10.713189840316772,1,1,9348,584.250
10.71718716621399,1,1,32240,2015.000
10.721179008483887,1,1,32767,2047.938
10.72518801689148,1,1,29997,1874.812
10.729189157485962,1,1,10400,650.000
10.733186721801758,1,1,9056,566.000
10.737184286117554,1,1,31758,1984.875
10.741184949874878,1,1,32767,2047.938
10.74518871307373,1,1,30683,1917.688
10.74919056892395,1,1,10766,672.875
10.753190755844116,1,1,8728,545.500
10.7571861743927,1,1,31249,1953.062
10.76118540763855,1,1,32767,2047.938
10.765187978744507,1,1,31256,1953.500
10.769188642501831,1,1,11088,693.000
10.773186445236206,1,1,8394,524.625
10.777186870574951,1,1,30657,1916.062
10.781184673309326,1,1,32767,2047.938
10.785189628601074,1,1,31908,1994.250
10.789191961288452,1,1,11487,717.938
10.79318618774414,1,1,8160,510.000
10.797184705734253,1,1,30069,1879.312
10.801185369491577,1,1,32767,2047.938
10.805187225341797,1,1,32413,2025.812
10.80918836593628,1,1,11824,739.000
10.813184976577759,1,1,7901,493.812
10.817187070846558,1,1,32767,2047.938
10.821205139160156,1,1,32767,2047.938
10.825191736221313,1,1,12220,763.750
10.829188108444214,1,1,7718,482.375
10.8331880569458,1,1,28622,1788.875
10.837186336517334,1,1,32767,2047.938
10.841182708740234,1,1,32767,2047.938
10.845185995101929,1,1,12644,790.250
10.84918761253357,1,1,7621,476.312
10.853185415267944,1,1,28155,1759.688
10.857184886932373,1,1,32767,2047.938
10.861199855804443,1,1,32767,2047.938
10.865150213241577,1,1,13087,817.938
10.869150400161743,1,1,7345,459.062
10.873151063919067,1,1,27433,1714.562
10.877149820327759,1,1,32767,2047.938
10.881144762039185,1,1,32767,2047.938
10.88514757156372,1,1,13400,837.500
10.889150381088257,1,1,7075,442.188
10.893147706985474,1,1,26666,1666.625
10.897145509719849,1,1,32767,2047.938
10.901151180267334,1,1,32767,2047.938
10.905149459838867,1,1,13861,866.312
10.90915060043335,1,1,6965,435.312
10.913147926330566,1,1,26065,1629.062
10.9171462059021,1,1,32767,2047.938
10.92114806175232,1,1,32767,2047.938
10.925147294998169,1,1,14274,892.125
10.929148197174072,1,1,6817,426.062
10.933147430419922,1,1,25331,1583.188
10.937148332595825,1,1,32767,2047.938
10.941149473190308,1,1,32767,2047.938
10.945149421691895,1,1,14729,920.562
10.94914197921753,1,1,6717,419.812
10.953136682510376,1,1,24644,1540.250
10.95713496208191,1,1,32767,2047.938
10.961159467697144,1,1,32767,2047.938
10.965192556381226,1,1,15148,946.750
10.9691903591156,1,1,6605,412.812
10.973185062408447,1,1,23898,1493.625
10.977184534072876,1,1,32767,2047.938
10.9811851978302,1,1,32767,2047.938
10.985183000564575,1,1,15580,973.750
10.989187002182007,1,1,6521,407.562
10.993188381195068,1,1,23209,1450.562
10.997187614440918,1,1,32767,2047.938
11.001182079315186,1,1,32767,2047.938
11.005186080932617,1,1,16088,1005.500
11.00918984413147,1,1,6477,404.812
11.013183116912842,1,1,22453,1403.312
11.017186403274536,1,1,32767,2047.938
11.02118182182312,1,1,32767,2047.938
11.025183916091919,1,1,16528,1033.000
11.029185056686401,1,1,6435,402.188
11.033185720443726,1,1,21731,1358.188
11.037184238433838,1,1,32767,2047.938
11.04117751121521,1,1,32767,2047.938
11.045186519622803,1,1,17010,1063.125
11.049188375473022,1,1,6432,402.000
11.053169250488281,1,1,21015,1313.438
11.057168245315552,1,1,32767,2047.938
11.061180353164673,1,1,32767,2047.938
11.065188646316528,1,1,17517,1094.812
11.069153308868408,1,1,6470,404.375
11.07314682006836,1,1,20343,1271.438
11.077146768569946,1,1,32767,2047.938
11.081140995025635,1,1,32767,2047.938
11.085145473480225,1,1,17980,1123.750
11.089147806167603,1,1,6513,407.062
11.093146800994873,1,1,19463,1216.438
11.097145080566406,1,1,32767,2047.938
11.101143836975098,1,1,32767,2047.938
11.105148315429688,1,1,22337,1396.062
11.109148979187012,1,1,11640,727.500
11.113145112991333,1,1,15753,984.562
11.11714482307434,1,1,23645,1477.812
11.121142864227295,1,1,26512,1657.000
11.125146865844727,1,1,24716,1544.750
11.129145622253418,1,1,23857,1491.062
11.133145809173584,1,1,25826,1614.125
11.137146472930908,1,1,28019,1751.188
11.141143798828125,1,1,27009,1688.062
11.145146369934082,1,1,23907,1494.188
11.149141073226929,1,1,23074,1442.125
11.15313458442688,1,1,25419,1588.688
11.15713357925415,1,1,28006,1750.375
11.161147356033325,1,1,27163,1697.688
11.165161848068237,1,1,23979,1498.688
11.169184684753418,1,1,22993,1437.062
11.173171997070312,1,1,25241,1577.562
11.177171468734741,1,1,27887,1742.938
11.181183338165283,1,1,27214,1700.875
11.185182332992554,1,1,24154,1509.625
11.189186573028564,1,1,23064,1441.500
11.193182468414307,1,1,25174,1573.375
11.19718337059021,1,1,27832,1739.500
11.201170206069946,1,1,27201,1700.062
11.205169916152954,1,1,24146,1509.125
11.209181070327759,1,1,23001,1437.562
11.213183879852295,1,1,25083,1567.688
11.217182159423828,1,1,27841,1740.062
11.221181869506836,1,1,27305,1706.562
11.225188732147217,1,1,24278,1517.375
11.22918438911438,1,1,23025,1439.062
11.233181715011597,1,1,24997,1562.312
11.237181663513184,1,1,27751,1734.438
11.241182565689087,1,1,27298,1706.125
11.245180368423462,1,1,24316,1519.750
11.249181032180786,1,1,22940,1433.750
11.253180503845215,1,1,24845,1552.812
11.257181882858276,1,1,27661,1728.812
11.26117730140686,1,1,27333,1708.312
11.265197277069092,1,1,24431,1526.938
11.269150733947754,1,1,22998,1437.375
11.273145914077759,1,1,24809,1550.562
11.277143478393555,1,1,27667,1729.188
11.281139373779297,1,1,27405,1712.812
11.285143375396729,1,1,24392,1524.500
11.289145708084106,1,1,22919,1432.438
11.298667430877686,1,1,32767,2047.938
11.301185846328735,1,1,32767,2047.938
11.305151224136353,1,1,17974,1123.375
11.30915355682373,1,1,6268,391.750
11.313144207000732,1,1,11562,722.625
11.317142486572266,1,1,32767,2047.938
11.321139574050903,1,1,32767,2047.938
11.325143814086914,1,1,27257,1703.562
11.329145431518555,1,1,9195,574.688
11.333144664764404,1,1,12068,754.250
11.337141513824463,1,1,32767,2047.938
11.34113883972168,1,1,32767,2047.938
11.345143795013428,1,1,27678,1729.875
11.34914517402649,1,1,9348,584.250
11.353141784667969,1,1,11195,699.688
11.3571457862854,1,1,32767,2047.938
11.361141443252563,1,1,32767,2047.938
11.365144491195679,1,1,28115,1757.188
11.36918020248413,1,1,9520,595.000
11.373142957687378,1,1,10520,657.500
11.377143859863281,1,1,32767,2047.938
11.381141424179077,1,1,32767,2047.938
11.385141849517822,1,1,28616,1788.500
11.389145135879517,1,1,9732,608.250
11.393143892288208,1,1,9920,620.000
11.3971426486969,1,1,32767,2047.938
11.401138067245483,1,1,32767,2047.938
11.405142545700073,1,1,29184,1824.000
11.409144401550293,1,1,9991,624.438
11.413142204284668,1,1,9438,589.875
11.41714096069336,1,1,32767,2047.938
11.421138048171997,1,1,32767,2047.938
11.425143003463745,1,1,29882,1867.625
11.429141998291016,1,1,10337,646.062
11.433138370513916,1,1,9060,566.250
11.437141180038452,1,1,32252,2015.750
11.441141605377197,1,1,32767,2047.938
11.445143461227417,1,1,30571,1910.688
11.449132919311523,1,1,10702,668.875
11.453129053115845,1,1,8713,544.562
11.457129955291748,1,1,31691,1980.688
11.461140632629395,1,1,31146,1946.625
11.465139627456665,1,1,11018,688.625
11.469179391860962,1,1,8322,520.125
11.473183870315552,1,1,31119,1944.938
11.477180242538452,1,1,32767,2047.938
11.48117995262146,1,1,31609,1975.562
11.4851815700531,1,1,11274,704.625
11.489170551300049,1,1,7895,493.438
11.493167638778687,1,1,30587,1911.688
11.497170209884644,1,1,32767,2047.938
11.501172304153442,1,1,32064,2004.000
11.505165576934814,1,1,11539,721.188
11.509180784225464,1,1,7509,469.312
11.513179779052734,1,1,29941,1871.312
11.517175912857056,1,1,32767,2047.938
11.521181344985962,1,1,32605,2037.812
11.525180101394653,1,1,11886,742.875
11.529177904129028,1,1,7238,452.375
11.533176183700562,1,1,29337,1833.562
11.537179946899414,1,1,32767,2047.938
11.541179656982422,1,1,32767,2047.938
11.545178890228271,1,1,12241,765.062
11.54918384552002,1,1,6994,437.125
11.553180456161499,1,1,28701,1793.812
11.557178974151611,1,1,32767,2047.938
11.561174631118774,1,1,32767,2047.938
11.565175294876099,1,1,12596,787.250
11.569201231002808,1,1,6783,423.938
11.573141098022461,1,1,28058,1753.625
11.577141761779785,1,1,32767,2047.938
11.58113694190979,1,1,32767,2047.938
11.585139751434326,1,1,12940,808.750
11.58914041519165,1,1,6585,411.562
11.593140602111816,1,1,27413,1713.312
11.59713888168335,1,1,32767,2047.938
11.601397037506104,1,1,32767,2047.938
11.605365514755249,1,1,13371,835.688
11.609177589416504,1,1,9048,565.500
11.613141298294067,1,1,18537,1158.562
11.617137670516968,1,1,26512,1657.000
11.62113904953003,1,1,27571,1723.188
11.625140905380249,1,1,24929,1558.062
11.629142045974731,1,1,24552,1534.500
11.633137702941895,1,1,26885,1680.312
11.63713812828064,1,1,28244,1765.250
11.641140222549438,1,1,26517,1657.312
11.645139932632446,1,1,23617,1476.062
11.64914345741272,1,1,23761,1485.062
11.653138875961304,1,1,26595,1662.188
11.657140016555786,1,1,28232,1764.500
11.661128044128418,1,1,26603,1662.688
11.665141105651855,1,1,23659,1478.688
11.669220924377441,1,1,23710,1481.875
11.673189640045166,1,1,26544,1659.000
11.677188396453857,1,1,28381,1773.812
11.681177139282227,1,1,26884,1680.250
11.68517541885376,1,1,23864,1491.500
11.689176559448242,1,1,23725,1482.812
11.693175554275513,1,1,26433,1652.062
11.697176694869995,1,1,28337,1771.062
11.701161623001099,1,1,26929,1683.062
11.705165147781372,1,1,23857,1491.062
11.709167242050171,1,1,23547,1471.688
11.713165760040283,1,1,26133,1633.312
11.717165231704712,1,1,28099,1756.188
11.72117829322815,1,1,26842,1677.625
11.725178480148315,1,1,23855,1490.938
11.729182958602905,1,1,23524,1470.250
11.733180522918701,1,1,26057,1628.562
11.737250804901123,1,1,28120,1757.500
11.741175413131714,1,1,26870,1679.375
11.745453357696533,1,1,23753,1484.562
11.749279975891113,1,1,23263,1453.938
11.753184080123901,1,1,25773,1610.812
11.757167339324951,1,1,28019,1751.188
11.761195421218872,1,1,26990,1686.875
11.765235185623169,1,1,23890,1493.125
11.769192695617676,1,1,23223,1451.438
11.773291110992432,1,1,25624,1601.500
11.777141809463501,1,1,27878,1742.375
11.781147003173828,1,1,26848,1678.000
11.78514575958252,1,1,23840,1490.000
11.789141178131104,1,1,23262,1453.875
11.793138027191162,1,1,25679,1604.938
11.797137260437012,1,1,27988,1749.250
11.801140308380127,1,1,27087,1692.938
11.805140018463135,1,1,24067,1504.188
11.809136867523193,1,1,23378,1461.125
11.813127994537354,1,1,25763,1610.188
11.81712794303894,1,1,28154,1759.625
11.821139812469482,1,1,27145,1696.562
11.825138807296753,1,1,23951,1496.938
11.829141855239868,1,1,22975,1435.938
11.833139419555664,1,1,32767,2047.938
11.837135076522827,1,1,32767,2047.938
11.841135740280151,1,1,32767,2047.938
11.845137596130371,1,1,18045,1127.812
11.849140167236328,1,1,6177,386.062
11.853136777877808,1,1,15260,953.750
11.857135772705078,1,1,32767,2047.938
11.861134767532349,1,1,32767,2047.938
11.86513876914978,1,1,18841,1177.562
11.869141340255737,1,1,6448,403.000
11.873207330703735,1,1,15592,974.500
11.87717866897583,1,1,32767,2047.938
11.88117265701294,1,1,32767,2047.938
11.885175704956055,1,1,20226,1264.125
11.889177560806274,1,1,6883,430.188
11.893174648284912,1,1,15369,960.562
11.897173166275024,1,1,32767,2047.938
11.901169776916504,1,1,32767,2047.938
11.905174732208252,1,1,21274,1329.625
11.909178256988525,1,1,7213,450.812
11.913174867630005,1,1,14840,927.500
11.917173385620117,1,1,32767,2047.938
11.92117166519165,1,1,32767,2047.938
11.925174474716187,1,1,22310,1394.375
11.929174900054932,1,1,7549,471.812
11.933173179626465,1,1,14316,894.750
11.937175512313843,1,1,32767,2047.938
11.941172361373901,1,1,32767,2047.938
11.945175647735596,1,1,23271,1454.438
11.949171304702759,1,1,7876,492.250
11.953162670135498,1,1,13960,872.500
11.957161664962769,1,1,32767,2047.938
11.96117091178894,1,1,32767,2047.938
11.96517300605774,1,1,24145,1509.062
11.969179391860962,1,1,8161,510.062
11.973185062408447,1,1,13452,840.750
11.977137804031372,1,1,32767,2047.938
11.981133460998535,1,1,32767,2047.938
11.985131978988647,1,1,24828,1551.750
11.989134073257446,1,1,8373,523.312
11.99313497543335,1,1,12833,802.062
11.99713683128357,1,1,32767,2047.938
12.001129388809204,1,1,32767,2047.938
12.005133867263794,1,1,25618,1601.125
12.009135961532593,1,1,8623,538.938
12.013133764266968,1,1,12229,764.312
12.017131805419922,1,1,32767,2047.938
12.021132230758667,1,1,32767,2047.938
12.025137186050415,1,1,26321,1645.062
12.029139041900635,1,1,8848,553.000
12.033135414123535,1,1,11641,727.562
12.037133932113647,1,1,32767,2047.938
12.04113507270813,1,1,32767,2047.938
12.045134544372559,1,1,26979,1686.188
12.0491304397583,1,1,9061,566.312
12.05312204360962,1,1,11004,687.750
12.057121992111206,1,1,32767,2047.938
12.061140060424805,1,1,32767,2047.938
12.065134763717651,1,1,27686,1730.375
12.06913685798645,1,1,9324,582.750
12.07312273979187,1,1,10435,652.188
12.07720947265625,1,1,32767,2047.938
12.081176996231079,1,1,32767,2047.938
12.085172653198242,1,1,28316,1769.750
12.089177131652832,1,1,10605,662.812
12.093172073364258,1,1,28159,1759.938
12.097171306610107,1,1,32767,2047.938
12.101169347763062,1,1,29068,1816.750
12.105170488357544,1,1,23723,1482.688
12.109171628952026,1,1,24434,1527.125
12.113170623779297,1,1,28542,1783.875
12.117170095443726,1,1,28450,1778.125
12.121170282363892,1,1,24137,1508.562
12.125170946121216,1,1,21490,1343.125
12.129172563552856,1,1,24196,1512.250
12.133169174194336,1,1,29028,1814.250
12.13716983795166,1,1,28910,1806.875
12.141172409057617,1,1,24473,1529.562
12.14517068862915,1,1,21495,1343.438
12.149169206619263,1,1,23902,1493.875
12.153173446655273,1,1,28693,1793.312
12.157171487808228,1,1,28789,1799.312
12.16117000579834,1,1,24459,1528.688
12.165174722671509,1,1,21347,1334.188
12.16916561126709,1,1,23790,1486.875
12.173157930374146,1,1,28678,1792.375
12.177226543426514,1,1,28824,1801.500
12.181140899658203,1,1,24547,1534.188
12.185134172439575,1,1,21364,1335.250
12.189138174057007,1,1,23908,1494.250
12.193133354187012,1,1,30718,1919.875
12.197132110595703,1,1,30950,1934.375
12.20111894607544,1,1,19337,1208.562
12.205122470855713,1,1,6834,427.125
12.209123611450195,1,1,7496,468.500
12.213121175765991,1,1,31439,1964.938
12.217121362686157,1,1,32767,2047.938
12.221129894256592,1,1,32767,2047.938
12.225132942199707,1,1,12863,803.938
12.229135990142822,1,1,8452,528.250
12.233129978179932,1,1,30711,1919.438
12.237131118774414,1,1,32767,2047.938
12.241132497787476,1,1,32767,2047.938
12.245128870010376,1,1,12759,797.438
12.24913215637207,1,1,7743,483.938
12.253130197525024,1,1,29407,1837.938
12.25713038444519,1,1,32767,2047.938
12.261126279830933,1,1,32767,2047.938
12.265135765075684,1,1,12902,806.375
12.269134759902954,1,1,7351,459.438
12.273134469985962,1,1,28321,1770.062
12.277146339416504,1,1,32767,2047.938
12.28117060661316,1,1,32767,2047.938
12.285171031951904,1,1,13284,830.250
12.289174795150757,1,1,7237,452.312
12.29316782951355,1,1,27489,1718.062
12.304172277450562,1,1,13714,857.125
12.305491209030151,1,1,13714,857.125
12.30920672416687,1,1,7188,449.250
12.31316328048706,1,1,26789,1674.312
12.317159175872803,1,1,32767,2047.938
12.321192502975464,1,1,32767,2047.938
12.325226545333862,1,1,14162,885.125
12.32917594909668,1,1,7044,440.250
12.333157062530518,1,1,26111,1631.938
12.337156057357788,1,1,32767,2047.938
12.341173887252808,1,1,32767,2047.938
12.347158670425415,1,1,14500,906.250
12.349218130111694,1,1,6835,427.188
12.353159666061401,1,1,25321,1582.562
12.35715627670288,1,1,32767,2047.938
12.361210584640503,1,1,32767,2047.938
12.365236520767212,1,1,14893,930.812
12.369175910949707,1,1,6652,415.750
12.373156547546387,1,1,24406,1525.375
12.377152442932129,1,1,32767,2047.938
12.381151676177979,1,1,32767,2047.938
12.385132789611816,1,1,15266,954.125
12.389122247695923,1,1,6555,409.688
12.393116474151611,1,1,23686,1480.375
12.397116661071777,1,1,32767,2047.938
12.401134014129639,1,1,32767,2047.938
12.405129671096802,1,1,15748,984.250
12.409126043319702,1,1,6523,407.688
12.413119792938232,1,1,23004,1437.750
12.417117595672607,1,1,32767,2047.938
12.421134948730469,1,1,32767,2047.938
12.425130605697632,1,1,16276,1017.250
12.429136037826538,1,1,6504,406.500
12.433128356933594,1,1,22202,1387.625
12.437128067016602,1,1,32767,2047.938
12.441132545471191,1,1,32767,2047.938
12.445127964019775,1,1,16739,1046.188
12.44912052154541,1,1,6480,405.000
12.453114748001099,1,1,21496,1343.500
12.457117080688477,1,1,32767,2047.938
12.461129903793335,1,1,32767,2047.938
12.465126752853394,1,1,17158,1072.375
12.469127655029297,1,1,6456,403.500
12.473128080368042,1,1,20806,1300.375
12.477124452590942,1,1,32767,2047.938
12.481149196624756,1,1,32767,2047.938
12.485164403915405,1,1,17693,1105.812
12.489160537719727,1,1,6527,407.938
12.493158102035522,1,1,18055,1128.438
12.497180461883545,1,1,32767,2047.938
12.501167058944702,1,1,32767,2047.938
12.50516390800476,1,1,30195,1887.188
12.509167671203613,1,1,24684,1542.750
12.513167381286621,1,1,24985,1561.562
12.51716661453247,1,1,27061,1691.312
12.521166563034058,1,1,26341,1646.312
12.525163888931274,1,1,23384,1461.500
12.5291588306427,1,1,22867,1429.188
12.533151626586914,1,1,25559,1597.438
12.537149429321289,1,1,28097,1756.062
12.541171073913574,1,1,26889,1680.562
12.54516315460205,1,1,23376,1461.000
12.549168825149536,1,1,22598,1412.375
12.553163290023804,1,1,25824,1614.000
12.55716347694397,1,1,28833,1802.062
12.561164855957031,1,1,26440,1652.500
12.565163612365723,1,1,20703,1293.938
12.5691659450531,1,1,18101,1131.312
12.573161840438843,1,1,28755,1797.188
12.577160358428955,1,1,32767,2047.938
12.581164121627808,1,1,32767,2047.938
12.585164546966553,1,1,19424,1214.000
12.589162111282349,1,1,6609,413.062
12.593161344528198,1,1,14393,899.562
12.597163915634155,1,1,32767,2047.938
12.603989601135254,1,1,20330,1270.625
12.605376482009888,1,1,20330,1270.625
12.609188795089722,1,1,6908,431.750
12.613155841827393,1,1,14676,917.250
12.617152690887451,1,1,32767,2047.938
12.621157169342041,1,1,32767,2047.938
12.62515139579773,1,1,21664,1354.000
12.629149198532104,1,1,7323,457.688
12.633151531219482,1,1,14412,900.750
12.637149810791016,1,1,32767,2047.938
12.641168117523193,1,1,32767,2047.938
12.645161867141724,1,1,22650,1415.625
12.649166584014893,1,1,7629,476.812
12.653162479400635,1,1,13934,870.875
12.65716004371643,1,1,32767,2047.938
12.661343097686768,1,1,32767,2047.938
12.66515588760376,1,1,23440,1465.000
12.669148921966553,1,1,7878,492.375
12.673150062561035,1,1,13437,839.812
12.677149057388306,1,1,32767,2047.938
12.681232690811157,1,1,32767,2047.938
12.685114860534668,1,1,24312,1519.500
12.689114332199097,1,1,8161,510.062
12.693114280700684,1,1,12871,804.438
12.697113513946533,1,1,32767,2047.938
12.70111346244812,1,1,32767,2047.938
12.705114364624023,1,1,25061,1566.312
12.709112405776978,1,1,8416,526.000
12.713112115859985,1,1,12290,768.125
12.717110872268677,1,1,32767,2047.938
12.721131801605225,1,1,32767,2047.938
12.725128889083862,1,1,8735,545.938
12.729130744934082,1,1,11901,743.812
12.733124732971191,1,1,32767,2047.938
12.737125873565674,1,1,32767,2047.938
12.741126775741577,1,1,26723,1670.188
12.745123624801636,1,1,9011,563.188
12.749126195907593,1,1,11292,705.750
12.75312614440918,1,1,32767,2047.938
12.757123708724976,1,1,32767,2047.938
12.761125087738037,1,1,27415,1713.438
12.76512336730957,1,1,9252,578.250
12.769126176834106,1,1,10787,674.188
12.773125648498535,1,1,32767,2047.938
12.777125597000122,1,1,32767,2047.938
12.781186580657959,1,1,28075,1754.688
12.785164594650269,1,1,9508,594.250
12.789163827896118,1,1,10221,638.812
12.793164253234863,1,1,32767,2047.938
12.79716157913208,1,1,32767,2047.938
12.80116319656372,1,1,28630,1789.375
12.805161714553833,1,1,9740,608.750
12.809161186218262,1,1,9656,603.500
12.813159704208374,1,1,32767,2047.938
12.817162990570068,1,1,32767,2047.938
12.821162939071655,1,1,29243,1827.688
12.825161218643188,1,1,10014,625.875
12.82916522026062,1,1,9191,574.438
12.833166599273682,1,1,32565,2035.312
12.837161779403687,1,1,32767,2047.938
12.841158628463745,1,1,29853,1865.812
12.845147609710693,1,1,10308,644.250
12.849160432815552,1,1,8753,547.062
12.853161811828613,1,1,32000,2000.000
12.857158422470093,1,1,32767,2047.938
12.861161708831787,1,1,30019,1876.188
12.865163087844849,1,1,19783,1236.438
12.869160413742065,1,1,19832,1239.500
12.873160123825073,1,1,25127,1570.438
12.877161979675293,1,1,27422,1713.875
12.881165027618408,1,1,25002,1562.625
12.885175228118896,1,1,22260,1391.250
12.889162063598633,1,1,23809,1488.062
12.893158912658691,1,1,27903,1743.938
12.897161960601807,1,1,28379,1773.688
12.901161432266235,1,1,24841,1552.562
12.905160188674927,1,1,21796,1362.250
12.909159183502197,1,1,23536,1471.000
12.913163185119629,1,1,27901,1743.812
12.917161226272583,1,1,28610,1788.125
12.921159982681274,1,1,25125,1570.312
12.925158739089966,1,1,21838,1364.875
12.929162979125977,1,1,23323,1457.688
12.933159589767456,1,1,27669,1729.312
12.937158107757568,1,1,28607,1787.938
12.941163778305054,1,1,25248,1578.000
12.945160627365112,1,1,21929,1370.562
12.949153661727905,1,1,23494,1468.375
12.953144788742065,1,1,28051,1753.188
12.957146167755127,1,1,28839,1802.438
12.961160898208618,1,1,20573,1285.812
12.965158700942993,1,1,7553,472.062
12.96916151046753,1,1,7099,443.688
12.973154783248901,1,1,30399,1899.938
12.97715973854065,1,1,32767,2047.938
12.981159448623657,1,1,32767,2047.938
12.985190153121948,1,1,14003,875.188
12.989158153533936,1,1,7871,491.938
12.993156433105469,1,1,28885,1805.312
12.99717092514038,1,1,32767,2047.938
13.001163005828857,1,1,32767,2047.938
13.005158424377441,1,1,13776,861.000
13.009160041809082,1,1,7283,455.188
13.013158559799194,1,1,27514,1719.625
13.017158031463623,1,1,32767,2047.938
13.021159172058105,1,1,32767,2047.938
13.025158643722534,1,1,14040,877.500
13.029159545898438,1,1,6989,436.812
13.03315782546997,1,1,26434,1652.125
13.037158966064453,1,1,32767,2047.938
13.041161298751831,1,1,32767,2047.938
13.045156002044678,1,1,14336,896.000
13.049160718917847,1,1,6816,426.000
13.053160429000854,1,1,25687,1605.438
13.057156562805176,1,1,32767,2047.938
13.061159133911133,1,1,32767,2047.938
13.065159797668457,1,1,14707,919.188
13.069159030914307,1,1,6676,417.250
13.073156833648682,1,1,24850,1553.125
13.07715630531311,1,1,32767,2047.938
13.081156730651855,1,1,32767,2047.938
13.085229873657227,1,1,15149,946.812
13.08912706375122,1,1,6601,412.562
13.093120098114014,1,1,24038,1502.375
13.097119331359863,1,1,32767,2047.938
13.1011221408844,1,1,32767,2047.938
13.10512089729309,1,1,15640,977.500
13.109125137329102,1,1,6601,412.562
13.113118648529053,1,1,23334,1458.375
13.117117881774902,1,1,32767,2047.938
13.12112045288086,1,1,32767,2047.938
13.125120162963867,1,1,16122,1007.625
13.129119873046875,1,1,6587,411.688
13.133118867874146,1,1,22560,1410.000
13.137120723724365,1,1,32767,2047.938
13.141120195388794,1,1,32767,2047.938
13.145115375518799,1,1,16569,1035.562
13.14911937713623,1,1,6536,408.500
13.153120756149292,1,1,21805,1362.812
13.15711760520935,1,1,32767,2047.938
13.161118030548096,1,1,32767,2047.938
13.165117979049683,1,1,16940,1058.750
13.16912031173706,1,1,6475,404.688
13.173118829727173,1,1,21126,1320.375
13.177117586135864,1,1,32767,2047.938
13.181118965148926,1,1,32767,2047.938
13.185118675231934,1,1,17424,1089.000
13.18919563293457,1,1,6508,406.750
13.193149328231812,1,1,20382,1273.875
13.197141885757446,1,1,32767,2047.938
13.201153755187988,1,1,32767,2047.938
13.205152750015259,1,1,28250,1765.625
13.20915699005127,1,1,23479,1467.438
13.21315622329712,1,1,24603,1537.688
13.217153310775757,1,1,27061,1691.312
13.221157550811768,1,1,26418,1651.125
13.225155115127563,1,1,23460,1466.250
13.2291579246521,1,1,22835,1427.188
13.233155012130737,1,1,25317,1582.312
13.237155199050903,1,1,27757,1734.812
13.241158485412598,1,1,26764,1672.750
13.245156049728394,1,1,23526,1470.375
13.249146223068237,1,1,22749,1421.812
13.253140687942505,1,1,25205,1575.312
13.257141590118408,1,1,27779,1736.188
13.26115608215332,1,1,26878,1679.875
13.265155553817749,1,1,23682,1480.125
13.269161462783813,1,1,22857,1428.562
13.27315902709961,1,1,25249,1578.062
13.277156352996826,1,1,27773,1735.812
13.281155109405518,1,1,26849,1678.062
13.285152912139893,1,1,23514,1469.625
13.289193868637085,1,1,22645,1415.312
13.293155431747437,1,1,25863,1616.438
13.297209024429321,1,1,29104,1819.000
13.308164596557617,1,1,4566,285.375
13.309447526931763,1,1,17432,1089.500
13.313151359558105,1,1,17432,1089.500
13.317144632339478,1,1,32767,2047.938
13.321160316467285,1,1,32767,2047.938
13.325222492218018,1,1,23716,1482.250
13.32916522026062,1,1,8185,511.562
13.333261013031006,1,1,16840,1052.500
13.337291479110718,1,1,32767,2047.938
13.341172456741333,1,1,32767,2047.938
13.345143795013428,1,1,23438,1464.875
13.349158763885498,1,1,8012,500.750
13.353153944015503,1,1,15290,955.625
13.357154130935669,1,1,32767,2047.938
13.36115026473999,1,1,23686,1480.375
13.365219831466675,1,1,8057,503.562
13.369187593460083,1,1,14291,893.188
13.37315583229065,1,1,32767,2047.938
13.3771493434906,1,1,32767,2047.938
13.381152153015137,1,1,24260,1516.250
13.38516116142273,1,1,8226,514.125
13.389243125915527,1,1,13544,846.500
13.393117904663086,1,1,32767,2047.938
13.397114753723145,1,1,32767,2047.938
13.401118755340576,1,1,25018,1563.625
13.405116319656372,1,1,8468,529.250
13.409114599227905,1,1,12890,805.625
13.413104772567749,1,1,32767,2047.938
13.417103052139282,1,1,32767,2047.938
13.421123266220093,1,1,25755,1609.688
13.42511773109436,1,1,8718,544.875
13.429124355316162,1,1,12308,769.250
13.433116436004639,1,1,32767,2047.938
13.437116861343384,1,1,32767,2047.938
13.44111680984497,1,1,26473,1654.562
13.445116758346558,1,1,8974,560.875
13.449110507965088,1,1,11850,740.625
13.453104734420776,1,1,32767,2047.938
13.457105159759521,1,1,32767,2047.938
13.461118936538696,1,1,27230,1701.875
13.465113639831543,1,1,9243,577.688
13.469118356704712,1,1,11278,704.875
13.4731125831604,1,1,32767,2047.938
13.477113723754883,1,1,32767,2047.938
13.481115341186523,1,1,27852,1740.750
13.485114097595215,1,1,9475,592.188
13.489108085632324,1,1,10694,668.375
13.493197202682495,1,1,32767,2047.938
13.497361898422241,1,1,32767,2047.938
13.501162767410278,1,1,28418,1776.125
13.505155801773071,1,1,9709,606.812
13.509157419204712,1,1,10128,633.000
13.51315426826477,1,1,32767,2047.938
13.517154216766357,1,1,32767,2047.938
13.521158456802368,1,1,29013,1813.312
13.525153398513794,1,1,9967,622.938
13.529154062271118,1,1,9631,601.938
13.53315281867981,1,1,32767,2047.938
13.537153720855713,1,1,32767,2047.938
13.541152477264404,1,1,29643,1852.688
13.54515266418457,1,1,10254,640.875
13.549155235290527,1,1,9174,573.375
13.553154468536377,1,1,32402,2025.125
13.557153463363647,1,1,32767,2047.938
13.561152458190918,1,1,30218,1888.625
13.56515097618103,1,1,10537,658.562
13.569153547286987,1,1,8780,548.750
13.573148250579834,1,1,31918,1994.875
13.577149629592896,1,1,32767,2047.938
13.581153631210327,1,1,31874,1992.125
13.585149049758911,1,1,20743,1296.438
13.589154720306396,1,1,20605,1287.812
13.59316873550415,1,1,27597,1724.812
13.597113847732544,1,1,30324,1895.250
13.603559970855713,1,1,19364,1210.250
13.605207681655884,1,1,6881,430.062
13.60912036895752,1,1,7907,494.188
13.613105058670044,1,1,31822,1988.875
13.617101669311523,1,1,32767,2047.938
13.621110200881958,1,1,32767,2047.938
13.625105142593384,1,1,12334,770.875
13.629100322723389,1,1,8657,541.062
13.63310194015503,1,1,31111,1944.438
13.637101411819458,1,1,32767,2047.938
13.641116857528687,1,1,32767,2047.938
13.645114660263062,1,1,12312,769.500
13.649120569229126,1,1,7984,499.000
13.653114080429077,1,1,29976,1873.500
13.65711498260498,1,1,32767,2047.938
13.66111707687378,1,1,32767,2047.938
13.665115118026733,1,1,12500,781.250
13.669116258621216,1,1,7578,473.625
13.673113107681274,1,1,29046,1815.375
13.67711353302002,1,1,32767,2047.938
13.681114912033081,1,1,32767,2047.938
13.68511414527893,1,1,12787,799.188
13.68911600112915,1,1,7330,458.125
13.693156242370605,1,1,28320,1770.000
13.697116374969482,1,1,32767,2047.938
13.70111346244812,1,1,32767,2047.938
13.7051100730896,1,1,13127,820.438
13.709112882614136,1,1,7102,443.875
13.713114261627197,1,1,27529,1720.562
13.717114925384521,1,1,32767,2047.938
13.721112966537476,1,1,32767,2047.938
13.725114345550537,1,1,13517,844.812
13.729114770889282,1,1,6982,436.375
13.733112573623657,1,1,26876,1679.750
13.737112283706665,1,1,32767,2047.938
13.74111270904541,1,1,32767,2047.938
13.745114088058472,1,1,13971,873.188
13.749114274978638,1,1,6867,429.188
13.753113508224487,1,1,26131,1633.188
13.757113695144653,1,1,32767,2047.938
13.761117696762085,1,1,32767,2047.938
13.765114545822144,1,1,14443,902.688
13.769113063812256,1,1,6802,425.125
13.773111820220947,1,1,25452,1590.750
13.777113437652588,1,1,32767,2047.938
13.781113386154175,1,1,32767,2047.938
13.785113096237183,1,1,14854,928.375
13.789113759994507,1,1,6715,419.688
13.793111801147461,1,1,24752,1547.000
13.797215938568115,1,1,32767,2047.938
13.801154613494873,1,1,32767,2047.938
13.80515170097351,1,1,15273,954.562
13.809152126312256,1,1,6593,412.062
13.813149690628052,1,1,23909,1494.312
13.817150354385376,1,1,32767,2047.938
13.821151971817017,1,1,32767,2047.938
13.825149536132812,1,1,15651,978.188
13.829151391983032,1,1,6523,407.688
13.83315110206604,1,1,23222,1451.375
13.837149620056152,1,1,32767,2047.938
13.841152906417847,1,1,32767,2047.938
13.845149278640747,1,1,16138,1008.625
13.849149703979492,1,1,6508,406.750
13.853148937225342,1,1,22493,1405.812
13.857149839401245,1,1,32767,2047.938
13.861143827438354,1,1,32767,2047.938
13.865137338638306,1,1,16715,1044.688
13.86914587020874,1,1,6557,409.812
13.873152494430542,1,1,21767,1360.438
13.877148628234863,1,1,32767,2047.938
13.88114881515503,1,1,32767,2047.938
13.8851478099823,1,1,17170,1073.125
13.889148473739624,1,1,6565,410.312
13.893148183822632,1,1,20993,1312.062
13.897209167480469,1,1,32767,2047.938
13.901115894317627,1,1,32767,2047.938
13.90511155128479,1,1,17629,1101.812
13.909117460250854,1,1,6595,412.188
13.913112163543701,1,1,20189,1261.812
13.917110919952393,1,1,32767,2047.938
13.921112775802612,1,1,32767,2047.938
13.925109386444092,1,1,18237,1139.812
13.929111957550049,1,1,6713,419.562
13.93311095237732,1,1,19571,1223.188
13.937110185623169,1,1,32767,2047.938
13.941110610961914,1,1,32767,2047.938
13.94511103630066,1,1,18906,1181.625
13.949104309082031,1,1,6852,428.250
13.953097581863403,1,1,18854,1178.375
13.957096099853516,1,1,32767,2047.938
13.961111307144165,1,1,32767,2047.938
13.965108394622803,1,1,19537,1221.062
13.969112634658813,1,1,6985,436.562
13.973107099533081,1,1,18074,1129.625
13.977106809616089,1,1,32767,2047.938
13.981108665466309,1,1,32767,2047.938
13.985108375549316,1,1,20159,1259.938
13.989106178283691,1,1,17446,1090.375
13.9931058883667,1,1,32767,2047.938
13.99721884727478,1,1,32767,2047.938
14.00116515159607,1,1,20908,1306.750
14.00515103340149,1,1,7325,457.812
14.009154319763184,1,1,16715,1044.688
14.013147592544556,1,1,32767,2047.938
14.017149925231934,1,1,32767,2047.938
14.021150350570679,1,1,21488,1343.000
14.025146722793579,1,1,7473,467.062
14.02914834022522,1,1,16049,1003.062
14.033148288726807,1,1,32767,2047.938
14.037147760391235,1,1,32767,2047.938
14.041147708892822,1,1,22121,1382.562
14.045146226882935,1,1,7632,477.000
14.049148559570312,1,1,15354,959.625
14.053146123886108,1,1,32767,2047.938
14.057147026062012,1,1,32767,2047.938
14.061148166656494,1,1,22736,1421.000
14.065147876739502,1,1,7791,486.938
14.069152593612671,1,1,14646,915.375
14.073147296905518,1,1,32767,2047.938
14.077151775360107,1,1,32767,2047.938
14.08114743232727,1,1,23320,1457.500
14.08514404296875,1,1,7941,496.312
14.089148044586182,1,1,13942,871.375
14.093146324157715,1,1,32767,2047.938
14.097159624099731,1,1,32767,2047.938
14.101114988327026,1,1,23938,1496.125
14.105109930038452,1,1,10577,661.062
14.10911226272583,1,1,18014,1125.875
14.113108396530151,1,1,27975,1748.438
14.11710786819458,1,1,30109,1881.812
14.121108770370483,1,1,26292,1643.250
14.125106573104858,1,1,23596,1474.750
14.129104375839233,1,1,25016,1563.500
14.133095026016235,1,1,28043,1752.688
14.137093305587769,1,1,27691,1730.688
14.141111850738525,1,1,24157,1509.812
14.145109415054321,1,1,22476,1404.750
14.149109601974487,1,1,24950,1559.375
14.15310788154602,1,1,28614,1788.375
14.157106399536133,1,1,27924,1745.250
14.161105871200562,1,1,22964,1435.250
14.16510534286499,1,1,21130,1320.625
14.169107675552368,1,1,27932,1745.750
14.173105239868164,1,1,32767,2047.938
14.177104949951172,1,1,32767,2047.938
14.181106567382812,1,1,24731,1545.688
14.185105562210083,1,1,8226,514.125
14.189106941223145,1,1,9099,568.688
14.19310450553894,1,1,32767,2047.938
14.197110176086426,1,1,32767,2047.938
13.794960021972656,1,1,26069,1629.312
14.205363750457764,1,1,21436,1339.750
14.20915699005127,1,1,32767,2047.938
14.213141679763794,1,1,32767,2047.938
14.2171471118927,1,1,25404,1587.750
14.221130609512329,1,1,21991,1374.438
14.225130319595337,1,1,25796,1612.250
14.22912883758545,1,1,28943,1808.938
14.233152389526367,1,1,27113,1694.562
14.237144231796265,1,1,23061,1441.312
14.24114179611206,1,1,22700,1418.750
14.245146989822388,1,1,25891,1618.188
14.249151945114136,1,1,28430,1776.875
14.253140926361084,1,1,26799,1674.938
14.257141351699829,1,1,23019,1438.688
14.261139869689941,1,1,22619,1413.688
14.26514458656311,1,1,25811,1613.188
14.269139289855957,1,1,28538,1783.625
14.273139476776123,1,1,26641,1665.062
14.277140378952026,1,1,21647,1352.938
14.281152963638306,1,1,21674,1354.625
14.285145998001099,1,1,32233,2014.562
14.289140462875366,1,1,32767,2047.938
14.293133974075317,1,1,32767,2047.938
14.29715371131897,1,1,17703,1106.438
14.301097631454468,1,1,6168,385.500
14.310620546340942,1,1,32767,2047.938
14.313140630722046,1,1,32767,2047.938
14.317100048065186,1,1,18972,1185.750
14.321094274520874,1,1,6599,412.438
14.325106143951416,1,1,15826,989.125
14.329112529754639,1,1,32767,2047.938
14.333106279373169,1,1,32767,2047.938
14.337103366851807,1,1,20457,1278.562
14.341103076934814,1,1,7048,440.500
14.345116376876831,1,1,15808,988.000
14.349104166030884,1,1,32767,2047.938
14.353103876113892,1,1,32767,2047.938
14.357102632522583,1,1,21278,1329.875
14.361109972000122,1,1,7284,455.250
14.365106105804443,1,1,15231,951.938
14.369102239608765,1,1,32767,2047.938
14.373101234436035,1,1,32767,2047.938
14.377110958099365,1,1,24072,1504.500
14.381101846694946,1,1,13561,847.562
14.385105848312378,1,1,18288,1143.000
14.389101266860962,1,1,26474,1654.625
14.393113136291504,1,1,27243,1702.688
14.39710259437561,1,1,23427,1464.188
14.401118993759155,1,1,22276,1392.250
14.40510630607605,1,1,25315,1582.188
14.409111499786377,1,1,28768,1798.000
14.41310167312622,1,1,27537,1721.062
14.41710090637207,1,1,23354,1459.625
14.421101570129395,1,1,22090,1380.625
14.425115585327148,1,1,25116,1569.750
14.42910099029541,1,1,28731,1795.688
14.433101654052734,1,1,27405,1712.812
14.437100410461426,1,1,21592,1349.500
14.441104650497437,1,1,20317,1269.812
14.445105075836182,1,1,28722,1795.125
14.44911003112793,1,1,32767,2047.938
14.453099012374878,1,1,23042,1440.125
14.45710015296936,1,1,7710,481.875
14.461100578308105,1,1,10583,661.438
14.465114831924438,1,1,32767,2047.938
14.46909785270691,1,1,32767,2047.938
14.47309947013855,1,1,24537,1533.562
14.477091073989868,1,1,8234,514.625
14.481101274490356,1,1,11127,695.438
14.485100984573364,1,1,32767,2047.938
14.489100694656372,1,1,32767,2047.938
14.493103742599487,1,1,26060,1628.750
14.497111797332764,1,1,8764,547.750
14.501133441925049,1,1,11098,693.625
14.505156755447388,1,1,32767,2047.938
14.509138584136963,1,1,32767,2047.938
14.513138055801392,1,1,26989,1686.812
14.517137289047241,1,1,9085,567.812
14.521149158477783,1,1,10712,669.500
14.525143384933472,1,1,32767,2047.938
14.52913784980774,1,1,32767,2047.938
14.53313660621643,1,1,27781,1736.312
14.53715205192566,1,1,9391,586.938
14.541141033172607,1,1,10315,644.688
14.545135736465454,1,1,32767,2047.938
14.549124956130981,1,1,32767,2047.938
14.5531485080719,1,1,28456,1778.500
14.557140111923218,1,1,9682,605.125
14.561139583587646,1,1,9841,615.062
14.565142154693604,1,1,32767,2047.938
14.569149494171143,1,1,32767,2047.938
14.573136329650879,1,1,29060,1816.250
14.577136754989624,1,1,9964,622.750
14.581135988235474,1,1,9426,589.125
14.585150241851807,1,1,32620,2038.750
14.589134693145752,1,1,32767,2047.938
14.59315013885498,1,1,29744,1859.000
14.597142457962036,1,1,10307,644.188
14.601222515106201,1,1,9123,570.188
14.605104923248291,1,1,32110,2006.875
14.609114646911621,1,1,32767,2047.938
14.613104820251465,1,1,30398,1899.875
14.617099046707153,1,1,10646,665.375
14.621099472045898,1,1,8797,549.812
14.625111818313599,1,1,31618,1976.125
14.629099369049072,1,1,32767,2047.938
14.633098602294922,1,1,30949,1934.312
14.637098550796509,1,1,10939,683.688
14.641108989715576,1,1,8471,529.438
14.645103454589844,1,1,31222,1951.375
14.64909815788269,1,1,32767,2047.938
14.653098344802856,1,1,31580,1973.750
14.65710735321045,1,1,11290,705.625
14.661098957061768,1,1,8118,507.375
14.6651029586792,1,1,30689,1918.062
14.66909909248352,1,1,32767,2047.938
14.673109292984009,1,1,32043,2002.688
14.677101612091064,1,1,11564,722.750
14.681100845336914,1,1,7773,485.812
14.685096025466919,1,1,30083,1880.188
14.68909740447998,1,1,32767,2047.938
14.693097591400146,1,1,32556,2034.750
14.69710659980774,1,1,11890,743.125
14.701097249984741,1,1,7507,469.188
14.705184698104858,1,1,29533,1845.812
14.709142446517944,1,1,32767,2047.938
14.713137149810791,1,1,32767,2047.938
14.717139720916748,1,1,12188,761.750
14.721150398254395,1,1,7230,451.875
14.725142240524292,1,1,28957,1809.812
14.729136228561401,1,1,32767,2047.938
14.733133792877197,1,1,32767,2047.938
14.737146854400635,1,1,12529,783.062
14.741136074066162,1,1,6988,436.750
14.745140790939331,1,1,28340,1771.250
14.749133110046387,1,1,32767,2047.938
14.753145694732666,1,1,32767,2047.938
14.757138013839722,1,1,12870,804.375
14.76113486289978,1,1,6801,425.062
14.765139102935791,1,1,27653,1728.312
14.769148111343384,1,1,32767,2047.938
14.773135900497437,1,1,32767,2047.938
14.777134418487549,1,1,13291,830.688
14.781134843826294,1,1,6664,416.500
14.78515100479126,1,1,25869,1616.812
14.789135456085205,1,1,32767,2047.938
14.79312539100647,1,1,27458,1716.125
14.797120094299316,1,1,9983,623.938
14.801133871078491,1,1,6359,397.438
14.805208444595337,1,1,28183,1761.438
14.809109449386597,1,1,32767,2047.938
14.813100576400757,1,1,32767,2047.938
14.817097663879395,1,1,15336,958.500
14.821099758148193,1,1,7338,458.625
14.825103044509888,1,1,26997,1687.312
14.829086065292358,1,1,32767,2047.938
14.833094358444214,1,1,32767,2047.938
14.837095975875854,1,1,15176,948.500
14.841106176376343,1,1,6843,427.688
14.845098972320557,1,1,25496,1593.500
14.849095344543457,1,1,32767,2047.938
14.853094816207886,1,1,32767,2047.938
14.857104063034058,1,1,15369,960.562
14.861096858978271,1,1,6648,415.500
14.86510157585144,1,1,24466,1529.125
14.869093894958496,1,1,32767,2047.938
14.873105764389038,1,1,32767,2047.938
14.877095699310303,1,1,15670,979.375
14.88109540939331,1,1,6555,409.688
14.885115623474121,1,1,23601,1475.062
14.889122486114502,1,1,32767,2047.938
14.893097639083862,1,1,32767,2047.938
14.897085189819336,1,1,16119,1007.438
14.901085376739502,1,1,6543,408.938
14.905106782913208,1,1,22861,1428.812
14.909223794937134,1,1,32767,2047.938
14.913162469863892,1,1,32767,2047.938
14.917201042175293,1,1,16559,1034.938
14.921389818191528,1,1,6529,408.062
14.925180912017822,1,1,22142,1383.875
14.929136037826538,1,1,32767,2047.938
14.933289051055908,1,1,32767,2047.938
14.937178134918213,1,1,17013,1063.312
14.941142559051514,1,1,6529,408.062
14.945139408111572,1,1,21389,1336.812
14.949119329452515,1,1,32767,2047.938
14.953130960464478,1,1,32767,2047.938
14.957133054733276,1,1,17584,1099.000
14.961146116256714,1,1,12049,753.062
14.965134620666504,1,1,22459,1403.688
14.969130754470825,1,1,30270,1891.875
14.973134517669678,1,1,28430,1776.875
14.977138042449951,1,1,23297,1456.062
14.981183767318726,1,1,22649,1415.562
14.985142230987549,1,1,26043,1627.688
14.989130735397339,1,1,28590,1786.875
14.993143320083618,1,1,26834,1677.125
14.997150182723999,1,1,23037,1439.812
15.00113558769226,1,1,22844,1427.750
15.005131721496582,1,1,26144,1634.000
15.009232521057129,1,1,28734,1795.875
15.013098001480103,1,1,26735,1670.938
15.017110109329224,1,1,21138,1321.125
15.021096467971802,1,1,21681,1355.062
15.02510666847229,1,1,30680,1917.500
15.029096126556396,1,1,32767,2047.938
15.033179998397827,1,1,32767,2047.938
15.037164449691772,1,1,17118,1069.875
15.041125535964966,1,1,6063,378.938
15.045109748840332,1,1,15952,997.000
15.049097776412964,1,1,32767,2047.938
15.053097248077393,1,1,32767,2047.938
15.057105779647827,1,1,19594,1224.625
15.061095714569092,1,1,16544,1034.000
15.065099954605103,1,1,32767,2047.938
15.069093227386475,1,1,32767,2047.938
15.073103666305542,1,1,20703,1293.938
15.077094554901123,1,1,7151,446.938
15.081131219863892,1,1,16168,1010.500
15.085106372833252,1,1,32767,2047.938
15.089093685150146,1,1,32767,2047.938
15.093111753463745,1,1,21446,1340.375
15.097105503082275,1,1,7358,459.875
15.101094007492065,1,1,15504,969.000
15.105098009109497,1,1,32767,2047.938
15.109128713607788,1,1,32767,2047.938
15.113106727600098,1,1,22129,1383.062
15.11709475517273,1,1,7554,472.125
15.121093034744263,1,1,14971,935.688
15.12509799003601,1,1,32767,2047.938
15.1291024684906,1,1,32767,2047.938
15.133094549179077,1,1,22823,1426.438
15.137094020843506,1,1,7754,484.625
15.141092300415039,1,1,14291,893.188
15.145105123519897,1,1,32767,2047.938
15.149093389511108,1,1,32767,2047.938
15.15309476852417,1,1,25695,1605.938
15.157090902328491,1,1,21180,1323.750
15.161103248596191,1,1,24900,1556.250
15.16509747505188,1,1,29813,1863.312
15.169091939926147,1,1,28040,1752.500
15.173091173171997,1,1,22167,1385.438
15.177099466323853,1,1,20915,1307.188
15.181090354919434,1,1,25638,1602.375
15.185095310211182,1,1,30621,1913.812
15.189090728759766,1,1,28177,1761.062
15.19327449798584,1,1,14892,930.750
15.197810649871826,1,1,5523,345.188
15.201193571090698,1,1,14362,897.625
15.205095767974854,1,1,32767,2047.938
15.20912766456604,1,1,32767,2047.938
15.213151454925537,1,1,27387,1711.688
15.21709656715393,1,1,9316,582.250
15.221081733703613,1,1,13143,821.438
15.225082635879517,1,1,32767,2047.938
15.22908067703247,1,1,32767,2047.938
15.2330961227417,1,1,27063,1691.438
15.23708200454712,1,1,9159,572.438
15.24108338356018,1,1,11944,746.500
15.245081424713135,1,1,32767,2047.938
15.249091386795044,1,1,32767,2047.938
15.253093481063843,1,1,27392,1712.000
15.257101058959961,1,1,9273,579.562
15.261128664016724,1,1,11245,702.812
15.265180826187134,1,1,32767,2047.938
15.26910400390625,1,1,32767,2047.938
15.2730872631073,1,1,27840,1740.000
15.277082204818726,1,1,9444,590.250
15.281078100204468,1,1,10606,662.875
15.2850821018219,1,1,32767,2047.938
15.28907823562622,1,1,32767,2047.938
15.293077945709229,1,1,28429,1776.812
15.297078609466553,1,1,9689,605.562
15.301080703735352,1,1,10064,629.000
15.305091381072998,1,1,32767,2047.938
15.314706087112427,1,1,28958,1809.875
15.31710934638977,1,1,9921,620.062
15.321108102798462,1,1,9634,602.125
15.325094938278198,1,1,32767,2047.938
15.329079866409302,1,1,32767,2047.938
15.333081722259521,1,1,29588,1849.250
15.337090492248535,1,1,10215,638.438
15.341081857681274,1,1,9154,572.125
15.345081567764282,1,1,32586,2036.625
15.349077939987183,1,1,32767,2047.938
15.3531014919281,1,1,31583,1973.938
15.357091665267944,1,1,15694,980.875
15.361090183258057,1,1,17706,1106.625
15.365087985992432,1,1,27768,1735.500
15.369088411331177,1,1,29414,1838.375
15.373087406158447,1,1,23196,1449.750
15.37709093093872,1,1,19201,1200.062
15.381092309951782,1,1,23935,1495.938
15.385097980499268,1,1,31743,1983.938
15.389078140258789,1,1,30841,1927.562
15.393087387084961,1,1,20660,1291.250
15.397087335586548,1,1,9722,607.625
15.401101112365723,1,1,15020,938.750
15.40508770942688,1,1,32767,2047.938
15.409078359603882,1,1,32767,2047.938
15.413086175918579,1,1,32020,2001.250
15.41710090637207,1,1,11533,720.812
15.421091794967651,1,1,7631,476.938
15.425087928771973,1,1,30085,1880.312
15.429080247879028,1,1,32767,2047.938
15.433097124099731,1,1,31960,1997.500
15.437089443206787,1,1,11503,718.938
15.441091775894165,1,1,7331,458.188
15.44508695602417,1,1,29568,1848.000
15.449087858200073,1,1,32767,2047.938
15.45308518409729,1,1,32611,2038.188
15.457090139389038,1,1,11929,745.562
15.461090564727783,1,1,7201,450.062
15.465082883834839,1,1,29089,1818.062
15.469077348709106,1,1,32767,2047.938
15.473098039627075,1,1,32767,2047.938
15.47709059715271,1,1,12359,772.438
15.48108983039856,1,1,7064,441.500
15.485085010528564,1,1,28524,1782.750
15.489086389541626,1,1,32767,2047.938
15.49308180809021,1,1,32767,2047.938
15.497077465057373,1,1,12762,797.625
15.501076459884644,1,1,6945,434.062
15.505088567733765,1,1,27934,1745.875
15.50907826423645,1,1,32767,2047.938
15.513142108917236,1,1,32767,2047.938
15.517133474349976,1,1,13146,821.625
15.521128177642822,1,1,6784,424.000
15.525118827819824,1,1,27236,1702.250
15.52912425994873,1,1,32767,2047.938
15.533124923706055,1,1,32767,2047.938
15.537130117416382,1,1,13541,846.312
15.541126251220703,1,1,6664,416.500
15.545133590698242,1,1,26553,1659.562
15.549113512039185,1,1,32767,2047.938
15.553125381469727,1,1,32767,2047.938
15.557126760482788,1,1,13924,870.250
15.561136484146118,1,1,6589,411.812
15.565125942230225,1,1,25876,1617.250
15.569111824035645,1,1,32767,2047.938
15.57312297821045,1,1,32767,2047.938
15.577138900756836,1,1,14381,898.812
15.581127643585205,1,1,6553,409.562
15.585125207901001,1,1,25103,1568.938
15.589110612869263,1,1,32767,2047.938
15.593165874481201,1,1,32767,2047.938
15.597136735916138,1,1,14911,931.938
15.60113000869751,1,1,6582,411.375
15.605124473571777,1,1,24418,1526.125
15.609122514724731,1,1,32767,2047.938
15.613100051879883,1,1,32767,2047.938
15.61710262298584,1,1,15333,958.312
15.621090173721313,1,1,6545,409.062
15.625086069107056,1,1,23682,1480.125
15.629074811935425,1,1,32767,2047.938
15.633096933364868,1,1,32767,2047.938
15.637088775634766,1,1,15841,990.062
15.641088247299194,1,1,6558,409.875
15.645086288452148,1,1,22997,1437.312
15.649085998535156,1,1,32767,2047.938
15.65308427810669,1,1,32767,2047.938
15.657087326049805,1,1,19397,1212.312
15.661087989807129,1,1,13187,824.188
15.665092468261719,1,1,21039,1314.938
15.669076204299927,1,1,27983,1748.938
15.673080921173096,1,1,21885,1367.812
15.677085876464844,1,1,22229,1389.312
15.681096315383911,1,1,27471,1716.938
15.685082912445068,1,1,30448,1903.000
15.68907356262207,1,1,27113,1694.562
15.693080425262451,1,1,21413,1338.312
15.69709587097168,1,1,21762,1360.125
15.70108699798584,1,1,27210,1700.625
15.705084085464478,1,1,30538,1908.625
15.709073543548584,1,1,27292,1705.750
15.713135242462158,1,1,21448,1340.500
15.717126846313477,1,1,21608,1350.500
15.721122980117798,1,1,27005,1687.812
15.725120544433594,1,1,30444,1902.750
15.72912049293518,1,1,27129,1695.562
15.73311734199524,1,1,20879,1304.938
15.73712420463562,1,1,21260,1328.750
15.741124153137207,1,1,29150,1821.875
15.745129108428955,1,1,32767,2047.938
15.749109029769897,1,1,26831,1676.938
15.753120183944702,1,1,17033,1064.562
15.757124662399292,1,1,18225,1139.062
15.761124849319458,1,1,31397,1962.312
15.76511836051941,1,1,32767,2047.938
15.769107341766357,1,1,32767,2047.938
15.773119449615479,1,1,17883,1117.688
15.777122259140015,1,1,6332,395.750
15.781120777130127,1,1,16260,1016.250
15.785118341445923,1,1,32767,2047.938
15.789109706878662,1,1,32767,2047.938
15.793110370635986,1,1,19226,1201.625
15.797105312347412,1,1,6763,422.688
15.80110764503479,1,1,16722,1045.125
15.805109024047852,1,1,32767,2047.938
15.809108257293701,1,1,32767,2047.938
15.813099145889282,1,1,20345,1271.562
15.817087888717651,1,1,7084,442.750
15.821085453033447,1,1,16434,1027.125
15.825092554092407,1,1,32767,2047.938
15.82907223701477,1,1,32767,2047.938
15.833083152770996,1,1,21032,1314.500
15.8370840549469,1,1,7269,454.312
15.841094017028809,1,1,15907,994.188
15.845081806182861,1,1,32767,2047.938
15.849071979522705,1,1,32767,2047.938
15.853098392486572,1,1,21765,1360.312
15.85708475112915,1,1,7470,466.875
15.861082315444946,1,1,15261,953.812
15.865084171295166,1,1,32767,2047.938
15.869081497192383,1,1,32767,2047.938
15.873085737228394,1,1,21700,1356.250
15.877079963684082,1,1,18339,1146.188
15.881081342697144,1,1,24609,1538.062
15.885086059570312,1,1,31003,1937.688
15.889081001281738,1,1,28480,1780.000
15.893078565597534,1,1,21573,1348.312
15.897079229354858,1,1,20444,1277.750
15.901082992553711,1,1,25786,1611.625
15.905084133148193,1,1,30970,1935.625
15.909085273742676,1,1,28614,1788.375
15.913182497024536,1,1,22230,1389.375
15.917118310928345,1,1,20673,1292.062
15.921107769012451,1,1,25333,1583.312
15.925121784210205,1,1,30479,1904.938
15.929119110107422,1,1,28551,1784.438
15.933113813400269,1,1,22295,1393.438
15.937211036682129,1,1,20596,1287.250
15.941132307052612,1,1,25395,1587.188
15.945120334625244,1,1,30992,1937.000
15.949223279953003,1,1,28543,1783.938
15.953279495239258,1,1,16448,1028.000
15.957143306732178,1,1,6452,403.250
15.961122989654541,1,1,16256,1016.000
15.965135335922241,1,1,32767,2047.938
15.969117403030396,1,1,32767,2047.938
15.973119735717773,1,1,27409,1713.062
15.977193117141724,1,1,9334,583.375
15.981125831604004,1,1,12685,792.812
15.985122442245483,1,1,32767,2047.938
15.98911452293396,1,1,32767,2047.938
15.993115901947021,1,1,27097,1693.562
15.997130870819092,1,1,9206,575.375
16.00112009048462,1,1,11672,729.500
16.005118370056152,1,1,32767,2047.938
16.009116649627686,1,1,32767,2047.938
16.013113021850586,1,1,27452,1715.750
16.017088651657104,1,1,9319,582.438
16.02108645439148,1,1,11048,690.500
16.02507996559143,1,1,32767,2047.938
16.029069662094116,1,1,32767,2047.938
16.033082485198975,1,1,27986,1749.125
16.03708291053772,1,1,9525,595.312
16.041093111038208,1,1,10478,654.875
16.04508066177368,1,1,32767,2047.938
16.049070835113525,1,1,32767,2047.938
16.053079843521118,1,1,28480,1780.000
16.05708932876587,1,1,9728,608.000
16.06108260154724,1,1,9947,621.688
16.065086603164673,1,1,32767,2047.938
16.069080114364624,1,1,32767,2047.938
16.07309317588806,1,1,29094,1818.375
16.07707953453064,1,1,10003,625.188
16.081080436706543,1,1,9537,596.062
16.08508563041687,1,1,32767,2047.938
16.089090824127197,1,1,32767,2047.938
16.093090295791626,1,1,29757,1859.812
16.097084522247314,1,1,10321,645.062
16.10108232498169,1,1,9182,573.875
16.105093002319336,1,1,32467,2029.188
16.10907793045044,1,1,32767,2047.938
16.113150358200073,1,1,30334,1895.875
16.117124795913696,1,1,10612,663.250
16.121119737625122,1,1,8798,549.875
16.125123739242554,1,1,31950,1996.875
16.129128456115723,1,1,32767,2047.938
16.133115768432617,1,1,30824,1926.500
16.137115478515625,1,1,10871,679.438
16.141116857528687,1,1,8454,528.375
16.145132064819336,1,1,31459,1966.188
16.149117469787598,1,1,32767,2047.938
16.153117895126343,1,1,31450,1965.625
16.157119750976562,1,1,11221,701.312
16.16112995147705,1,1,8144,509.000
16.165125131607056,1,1,30933,1933.312
16.169116973876953,1,1,32767,2047.938
16.173118591308594,1,1,32264,2016.500
16.17712688446045,1,1,20052,1253.250
16.181118726730347,1,1,19749,1234.312
16.185123682022095,1,1,25867,1616.688
16.189116716384888,1,1,27921,1745.062
16.193297863006592,1,1,24954,1559.625
16.19747304916382,1,1,21860,1366.250
16.201386213302612,1,1,23567,1472.938
16.205141305923462,1,1,27942,1746.375
16.20912194252014,1,1,28714,1794.625
16.213104248046875,1,1,25220,1576.250
16.217090606689453,1,1,21852,1365.750
16.221070051193237,1,1,23368,1460.500
16.22507095336914,1,1,27654,1728.375
16.229069232940674,1,1,28560,1785.000
16.233079195022583,1,1,25283,1580.188
16.237080097198486,1,1,21923,1370.188
16.241090059280396,1,1,23302,1456.375
16.245083332061768,1,1,27524,1720.250
16.249078273773193,1,1,28612,1788.250
16.253077745437622,1,1,25457,1591.062
16.257107496261597,1,1,21927,1370.438
16.26107382774353,1,1,23188,1449.250
16.265068292617798,1,1,27503,1718.938
16.26906704902649,1,1,28794,1799.625
16.273093223571777,1,1,22391,1399.438
16.277100324630737,1,1,8698,543.625
16.28109312057495,1,1,7109,444.312
16.285076141357422,1,1,32767,2047.938
16.28907871246338,1,1,32767,2047.938
16.293068885803223,1,1,14617,913.562
16.297068119049072,1,1,7369,460.562
16.301067352294922,1,1,27495,1718.438
16.305089473724365,1,1,32767,2047.938
16.309078454971313,1,1,32767,2047.938
16.318636655807495,1,1,6824,426.500
16.321113109588623,1,1,26250,1640.625
16.325093269348145,1,1,32767,2047.938
16.32908868789673,1,1,32767,2047.938
16.333077430725098,1,1,14514,907.125
16.337075233459473,1,1,6599,412.438
16.341076135635376,1,1,25371,1585.688
16.345091581344604,1,1,32767,2047.938
16.34907555580139,1,1,32767,2047.938
16.353074312210083,1,1,14764,922.750
16.35706877708435,1,1,6442,402.625
16.36107563972473,1,1,24594,1537.125
16.365081071853638,1,1,32767,2047.938
16.369073390960693,1,1,32767,2047.938
16.373076915740967,1,1,15203,950.188
16.377084970474243,1,1,6417,401.062
16.38107657432556,1,1,23875,1492.188
16.38508105278015,1,1,32767,2047.938
16.389075994491577,1,1,32767,2047.938
16.393085956573486,1,1,24016,1501.000
16.397075653076172,1,1,21906,1369.125
16.401075839996338,1,1,26129,1633.062
16.405077934265137,1,1,28698,1793.625
16.409085750579834,1,1,26115,1632.188
16.4130756855011,1,1,21793,1362.062
16.41707444190979,1,1,22512,1407.000
16.421178579330444,1,1,27124,1695.250
16.42512059211731,1,1,29360,1835.000
16.42911458015442,1,1,26176,1636.000
16.433119773864746,1,1,21148,1321.750
16.4371120929718,1,1,22081,1380.062
16.44111180305481,1,1,32767,2047.938
16.445117235183716,1,1,32767,2047.938
16.449122428894043,1,1,32767,2047.938
16.453109741210938,1,1,15353,959.562
16.457109928131104,1,1,5664,354.000
16.461111068725586,1,1,18744,1171.500
16.465129613876343,1,1,32767,2047.938
16.46911096572876,1,1,32767,2047.938
16.47310447692871,1,1,16480,1030.000
16.4770987033844,1,1,6050,378.125
16.4811110496521,1,1,19305,1206.562
16.48511838912964,1,1,32767,2047.938
16.489123344421387,1,1,32767,2047.938
16.493115186691284,1,1,17564,1097.750
16.497111320495605,1,1,6360,397.500
16.501112461090088,1,1,19103,1193.938
16.505128383636475,1,1,32767,2047.938
16.50911235809326,1,1,32767,2047.938
16.51310968399048,1,1,18262,1141.375
16.51709794998169,1,1,6533,408.312
16.52115035057068,1,1,18641,1165.062
16.52507972717285,1,1,32767,2047.938
16.529087781906128,1,1,32767,2047.938
16.533077478408813,1,1,18930,1183.125
16.537075757980347,1,1,6694,418.375
16.54107666015625,1,1,18066,1129.125
16.54508066177368,1,1,32767,2047.938
16.549065351486206,1,1,32767,2047.938
16.553072690963745,1,1,19510,1219.375
16.557074308395386,1,1,6837,427.312
16.56108546257019,1,1,17411,1088.188
16.56507897377014,1,1,32767,2047.938
16.56907367706299,1,1,32767,2047.938
16.573076486587524,1,1,20193,1262.062
16.5770845413208,1,1,7017,438.562
16.58107352256775,1,1,14039,877.438
16.5850772857666,1,1,32445,2027.812
16.589072942733765,1,1,32767,2047.938
16.593101263046265,1,1,28864,1804.000
16.59709143638611,1,1,24596,1537.250
16.601078748703003,1,1,25349,1584.312
16.605079650878906,1,1,27604,1725.250
16.609085083007812,1,1,26800,1675.000
16.613073348999023,1,1,23688,1480.500
16.617071628570557,1,1,22820,1426.250
16.621134757995605,1,1,25724,1607.750
16.62511372566223,1,1,28861,1803.812
16.629111528396606,1,1,26921,1682.562
16.63312792778015,1,1,22035,1377.188
16.637109994888306,1,1,21608,1350.500
16.641109466552734,1,1,31054,1940.875
16.64511489868164,1,1,32767,2047.938
16.649120092391968,1,1,32767,2047.938
16.65311074256897,1,1,21191,1324.438
16.65710949897766,1,1,7104,444.000
16.66110897064209,1,1,12278,767.375
16.66512680053711,1,1,32767,2047.938
16.669108629226685,1,1,32767,2047.938
16.67310929298401,1,1,21936,1371.000
16.677106618881226,1,1,7352,459.500
16.681124210357666,1,1,12610,788.125
16.685115098953247,1,1,32767,2047.938
16.689112186431885,1,1,32767,2047.938
16.693109273910522,1,1,23266,1454.125
16.69711923599243,1,1,7778,486.125
16.701108694076538,1,1,12480,780.000
16.705113887786865,1,1,32767,2047.938
16.70910882949829,1,1,32767,2047.938
16.713119983673096,1,1,27042,1690.125
16.71710777282715,1,1,20169,1260.562
16.721171140670776,1,1,23124,1445.250
16.7250759601593,1,1,27455,1715.938
16.72907304763794,1,1,27228,1701.750
16.733072757720947,1,1,23943,1496.438
16.73708152770996,1,1,22493,1405.812
16.741072416305542,1,1,24500,1531.250
16.74508237838745,1,1,27406,1712.875
16.749072790145874,1,1,26808,1675.500
16.753075122833252,1,1,23758,1484.875
16.757070302963257,1,1,22473,1404.562
16.761080265045166,1,1,24513,1532.062
16.765075206756592,1,1,27402,1712.625
16.76906991004944,1,1,26984,1686.500
16.77306890487671,1,1,24120,1507.500
16.777078866958618,1,1,22600,1412.500
16.781070470809937,1,1,24267,1516.688
16.785075187683105,1,1,27151,1696.938
16.789069652557373,1,1,27071,1691.938
16.79307723045349,1,1,24412,1525.750
16.797060251235962,1,1,22736,1421.000
16.80106234550476,1,1,24200,1512.500
16.805071115493774,1,1,27061,1691.312
16.80907917022705,1,1,26906,1681.625
16.813072681427002,1,1,23435,1464.688
16.81706953048706,1,1,20659,1291.188
16.821070432662964,1,1,26584,1661.500
16.825154304504395,1,1,32767,2047.938
16.829111576080322,1,1,32767,2047.938
16.833118200302124,1,1,27311,1706.938
16.837108612060547,1,1,9010,563.125
16.84110927581787,1,1,7781,486.312
16.84511375427246,1,1,31549,1971.812
16.849119663238525,1,1,32767,2047.938
16.85310697555542,1,1,27813,1738.312
16.85711121559143,1,1,9255,578.438
16.8611102104187,1,1,8005,500.312
16.865113258361816,1,1,31809,1988.062
16.869096279144287,1,1,32767,2047.938
16.873107194900513,1,1,29076,1817.250
16.8771071434021,1,1,9831,614.438
16.881117820739746,1,1,8049,503.062
16.88511371612549,1,1,31779,1986.188
16.889106035232544,1,1,32767,2047.938
16.89310646057129,1,1,10245,640.312
16.897115230560303,1,1,7849,490.562
16.90112543106079,1,1,31456,1966.000
16.90510845184326,1,1,32767,2047.938
16.90909457206726,1,1,30556,1909.750
16.91312050819397,1,1,10588,661.750
16.91719341278076,1,1,7574,473.375
16.921120166778564,1,1,30939,1933.688
16.925121545791626,1,1,32767,2047.938
16.929271459579468,1,1,31148,1946.750
16.933177709579468,1,1,10926,682.875
16.93707251548767,1,1,7320,457.500
16.941060781478882,1,1,30314,1894.625
16.94507098197937,1,1,32767,2047.938
16.949124097824097,1,1,31725,1982.812
16.953081130981445,1,1,11277,704.812
16.957072019577026,1,1,7146,446.625
16.961069345474243,1,1,29870,1866.875
16.965083360671997,1,1,32767,2047.938
16.96907377243042,1,1,32294,2018.375
16.9730703830719,1,1,11635,727.188
16.977067708969116,1,1,6901,431.312
16.98106598854065,1,1,29241,1827.562
16.985071897506714,1,1,32767,2047.938
16.989068746566772,1,1,32767,2047.938
16.993069410324097,1,1,12241,765.062
16.99705743789673,1,1,10489,655.562
17.001060962677002,1,1,19941,1246.312
17.005064249038696,1,1,26056,1628.500
17.009058237075806,1,1,25852,1615.750
17.0130672454834,1,1,23505,1469.062
17.01707887649536,1,1,24339,1521.188
17.021069049835205,1,1,27564,1722.750
17.02514910697937,1,1,28227,1764.188
17.02911114692688,1,1,25488,1593.000
17.03310990333557,1,1,22583,1411.438
17.037108421325684,1,1,23684,1480.250
17.041120767593384,1,1,27412,1713.250
17.04510498046875,1,1,28435,1777.188
17.049094200134277,1,1,23187,1449.188
17.053104162216187,1,1,10430,651.875
17.057116270065308,1,1,10515,657.188
17.061108350753784,1,1,32597,2037.312
17.065112113952637,1,1,32767,2047.938
17.06910538673401,1,1,32767,2047.938
17.073118448257446,1,1,14443,902.688
17.077104091644287,1,1,6763,422.688
17.081106424331665,1,1,26494,1655.875
17.0851092338562,1,1,32767,2047.938
17.08911681175232,1,1,32767,2047.938
17.093106985092163,1,1,14148,884.250
17.097118616104126,1,1,6414,400.875
17.10110831260681,1,1,25520,1595.000
17.105123043060303,1,1,32767,2047.938
17.109105348587036,1,1,32767,2047.938
17.113106966018677,1,1,14549,909.312
17.117106199264526,1,1,6361,397.562
17.121115684509277,1,1,24885,1555.312
17.12518310546875,1,1,32767,2047.938
17.129080772399902,1,1,32767,2047.938
17.133069038391113,1,1,14971,935.688
17.137067794799805,1,1,6338,396.125
17.141067028045654,1,1,24291,1518.188
17.145078897476196,1,1,32767,2047.938
17.149066925048828,1,1,32767,2047.938
17.153069734573364,1,1,15367,960.438
17.15706515312195,1,1,6289,393.062
17.16107749938965,1,1,23567,1472.938
17.165071964263916,1,1,32767,2047.938
17.169066190719604,1,1,32767,2047.938
17.173067808151245,1,1,15804,987.750
17.177075386047363,1,1,6285,392.812
17.181066274642944,1,1,22810,1425.625
17.185070514678955,1,1,32767,2047.938
17.189066886901855,1,1,32767,2047.938
17.19325017929077,1,1,16277,1017.312
17.19779920578003,1,1,6325,395.312
17.2011559009552,1,1,22109,1381.812
17.20507025718689,1,1,32767,2047.938
17.20906925201416,1,1,32767,2047.938
17.213073015213013,1,1,16754,1047.125
17.217060327529907,1,1,6375,398.438
17.22105574607849,1,1,21352,1334.500
17.225067615509033,1,1,32767,2047.938
17.229096174240112,1,1,32767,2047.938
17.233067750930786,1,1,17242,1077.625
17.237065315246582,1,1,6441,402.562
17.241077661514282,1,1,20588,1286.750
17.245070219039917,1,1,32767,2047.938
17.24906611442566,1,1,32767,2047.938
17.253063678741455,1,1,17808,1113.000
17.257065773010254,1,1,6545,409.062
17.261064052581787,1,1,19891,1243.188
17.265079259872437,1,1,32767,2047.938
17.2690646648407,1,1,32767,2047.938
17.2730655670166,1,1,18332,1145.750
17.27706480026245,1,1,6645,415.312
17.281075954437256,1,1,19251,1203.188
17.28506898880005,1,1,32767,2047.938
17.289064645767212,1,1,32767,2047.938
17.293059587478638,1,1,18850,1178.125
17.29706358909607,1,1,9480,592.500
17.30105423927307,1,1,21256,1328.500
17.305065870285034,1,1,32767,2047.938
17.309064626693726,1,1,29491,1843.188
17.313080072402954,1,1,19466,1216.625
17.32257604598999,1,1,32767,2047.938
17.32509970664978,1,1,32767,2047.938
17.32910919189453,1,1,28137,1758.562
17.333070516586304,1,1,18606,1162.875
17.337075233459473,1,1,19293,1205.812
17.34106469154358,1,1,28300,1768.750
17.345067977905273,1,1,32767,2047.938
17.349063396453857,1,1,28469,1779.312
17.353073596954346,1,1,18631,1164.438
17.357062816619873,1,1,19016,1188.500
17.36106300354004,1,1,27824,1739.000
17.365067958831787,1,1,32767,2047.938
17.36907386779785,1,1,28772,1798.250
17.37305784225464,1,1,19709,1231.812
17.377052307128906,1,1,19532,1220.750
17.381051540374756,1,1,26956,1684.750
17.38507628440857,1,1,32519,2032.438
17.389064073562622,1,1,28529,1783.062
17.393067359924316,1,1,20140,1258.750
17.397062301635742,1,1,19684,1230.250
17.40107226371765,1,1,30893,1930.812
17.40506911277771,1,1,32767,2047.938
17.409063577651978,1,1,32767,2047.938
17.413063287734985,1,1,21167,1322.938
17.417072057724,1,1,7140,446.250
17.42106342315674,1,1,12747,796.688
17.425066709518433,1,1,32767,2047.938
17.42913317680359,1,1,32767,2047.938
17.43310308456421,1,1,21805,1362.812
17.43709945678711,1,1,7352,459.500
17.44111180305481,1,1,12875,804.688
17.445106029510498,1,1,32767,2047.938
17.449100732803345,1,1,32767,2047.938
17.453100442886353,1,1,23246,1452.875
17.457109928131104,1,1,7812,488.250
17.461099863052368,1,1,12822,801.375
17.4651038646698,1,1,32767,2047.938
17.469095468521118,1,1,32767,2047.938
17.473109245300293,1,1,24241,1515.062
17.4770987033844,1,1,8137,508.562
17.481098651885986,1,1,12344,771.500
17.485104084014893,1,1,32767,2047.938
17.489111185073853,1,1,32767,2047.938
17.49309730529785,1,1,25143,1571.438
17.497098445892334,1,1,8438,527.375
17.501100063323975,1,1,11885,742.812
17.505115032196045,1,1,32767,2047.938
17.50909733772278,1,1,25962,1622.625
17.513107299804688,1,1,11763,735.188
17.517101526260376,1,1,15965,997.812
17.521104097366333,1,1,26118,1632.375
17.525097131729126,1,1,28023,1751.438
17.529098749160767,1,1,23315,1457.188
17.53307819366455,1,1,21311,1331.938
17.537063598632812,1,1,25327,1582.938
17.541051626205444,1,1,30573,1910.812
17.545052528381348,1,1,29105,1819.062
17.549050092697144,1,1,23294,1455.875
17.553070783615112,1,1,20826,1301.625
17.557061433792114,1,1,24552,1534.500
17.561063051223755,1,1,29842,1865.125
17.565062761306763,1,1,29011,1813.188
17.569072246551514,1,1,23723,1482.688
17.57306456565857,1,1,21079,1317.438
17.57706117630005,1,1,24442,1527.625
17.581060886383057,1,1,29704,1856.500
17.585074186325073,1,1,28977,1811.062
17.58906102180481,1,1,23492,1468.250
17.593060731887817,1,1,20659,1291.188
17.597076892852783,1,1,26764,1672.750
17.601074695587158,1,1,32767,2047.938
17.605066537857056,1,1,32767,2047.938
17.609060764312744,1,1,27882,1742.625
17.613060235977173,1,1,9304,581.500
17.617069959640503,1,1,7952,497.000
17.621059894561768,1,1,31423,1963.938
17.62506604194641,1,1,32767,2047.938
17.629062175750732,1,1,28667,1791.688
17.63314652442932,1,1,9680,605.000
17.637099266052246,1,1,8152,509.500
17.64111042022705,1,1,31604,1975.250
17.645102739334106,1,1,32767,2047.938
17.649098873138428,1,1,29860,1866.250
17.653098583221436,1,1,10265,641.562
17.657105445861816,1,1,8172,510.750
17.66109609603882,1,1,31421,1963.812
17.665102243423462,1,1,32767,2047.938
17.669097661972046,1,1,30693,1918.312
17.673110008239746,1,1,10714,669.625
17.677095413208008,1,1,8006,500.375
17.68109655380249,1,1,30986,1936.625
17.68510150909424,1,1,32767,2047.938
17.689107656478882,1,1,31405,1962.812
17.693098068237305,1,1,11125,695.312
17.69709300994873,1,1,7807,487.938
17.701096296310425,1,1,30477,1904.812
17.70511221885681,1,1,32767,2047.938
17.70909571647644,1,1,31849,1990.562
17.713093757629395,1,1,12264,766.500
17.717097997665405,1,1,12269,766.812
17.721108198165894,1,1,25421,1588.812
17.725101470947266,1,1,29699,1856.188
17.729095697402954,1,1,21755,1359.688
17.733157873153687,1,1,14052,878.250
17.737067699432373,1,1,22034,1377.125
17.74105954170227,1,1,32767,2047.938
17.745075464248657,1,1,32767,2047.938
17.749058961868286,1,1,22424,1401.500
17.75305724143982,1,1,10372,648.250
17.757057905197144,1,1,19535,1220.938
17.761067867279053,1,1,32767,2047.938
17.76506280899048,1,1,32767,2047.938
17.7690691947937,1,1,25645,1602.812
17.77305769920349,1,1,16101,1006.312
17.77705717086792,1,1,21203,1325.188
17.781057119369507,1,1,32439,2027.438
17.785072326660156,1,1,32767,2047.938
17.789058685302734,1,1,24720,1545.000
17.79305100440979,1,1,17312,1082.000
17.797046661376953,1,1,21714,1357.125
17.801058053970337,1,1,31164,1947.750
17.805058479309082,1,1,32555,2034.688
17.809057474136353,1,1,25203,1575.188
17.813059091567993,1,1,18194,1137.125
17.817065238952637,1,1,21600,1350.000
17.821057319641113,1,1,31015,1938.438
17.825061798095703,1,1,32612,2038.250
17.829055547714233,1,1,24751,1546.938
17.83306574821472,1,1,16819,1051.188
17.837141752243042,1,1,20998,1312.375
17.841110706329346,1,1,31509,1969.312
17.845101594924927,1,1,32767,2047.938
17.849092960357666,1,1,25152,1572.000
17.853091716766357,1,1,15734,983.375
17.857105016708374,1,1,20019,1251.188
17.861093282699585,1,1,31692,1980.750
17.865100145339966,1,1,32767,2047.938
17.869094610214233,1,1,26523,1657.688
17.873106002807617,1,1,9704,606.500
17.87709379196167,1,1,5669,354.312
17.881096363067627,1,1,25898,1618.625
17.885093212127686,1,1,32767,2047.938
17.889095067977905,1,1,32767,2047.938
17.893099308013916,1,1,16091,1005.688
17.897111654281616,1,1,7248,453.000
17.901097297668457,1,1,25328,1583.000
17.90511727333069,1,1,32767,2047.938
17.909104824066162,1,1,32767,2047.938
17.913107872009277,1,1,16042,1002.625
17.917183876037598,1,1,6871,429.438
17.921106576919556,1,1,24075,1504.688
17.925102710723877,1,1,32767,2047.938
17.929096698760986,1,1,32767,2047.938
17.933094263076782,1,1,16211,1013.188
17.93718719482422,1,1,6667,416.688
17.941064596176147,1,1,23084,1442.750
17.94507145881653,1,1,32767,2047.938
17.949843883514404,1,1,32767,2047.938
17.953102588653564,1,1,21632,1352.000
17.95705485343933,1,1,20279,1267.438
17.96105980873108,1,1,28342,1771.375
17.965072870254517,1,1,32316,2019.750
17.96906542778015,1,1,26628,1664.250
17.973057985305786,1,1,18655,1165.938
17.977116107940674,1,1,20369,1273.062
17.981066942214966,1,1,28249,1765.562
17.985066890716553,1,1,31852,1990.750
17.989046096801758,1,1,27405,1712.812
17.993054389953613,1,1,20986,1311.625
17.997072219848633,1,1,21176,1323.500
18.00107216835022,1,1,26473,1654.562
18.005051612854004,1,1,29880,1867.500
18.00904631614685,1,1,27178,1698.625
18.01305842399597,1,1,21865,1366.562
18.01707124710083,1,1,21735,1358.438
18.021056175231934,1,1,26414,1650.875
18.025059938430786,1,1,29758,1859.875
18.02904438972473,1,1,27065,1691.562
18.033060789108276,1,1,21143,1321.438
18.037097454071045,1,1,21176,1323.500
18.04105567932129,1,1,27977,1748.562
18.045053958892822,1,1,32767,2047.938
18.049044132232666,1,1,27176,1698.500
18.053056955337524,1,1,11118,694.875
18.057052612304688,1,1,4942,308.875
18.06105375289917,1,1,20201,1262.562
18.06505799293518,1,1,32767,2047.938
18.069051504135132,1,1,32767,2047.938
18.07305669784546,1,1,21293,1330.812
18.077054738998413,1,1,7777,486.062
18.08105206489563,1,1,19367,1210.438
18.085057258605957,1,1,32767,2047.938
18.089052200317383,1,1,32767,2047.938
18.093056678771973,1,1,20774,1298.375
18.097058057785034,1,1,7376,461.000
18.101053953170776,1,1,17812,1113.250
18.105057954788208,1,1,32767,2047.938
18.109052419662476,1,1,32767,2047.938
18.113052368164062,1,1,21015,1313.438
18.117052793502808,1,1,7347,459.188
18.121050357818604,1,1,32767,2047.938
18.125057220458984,1,1,32767,2047.938
18.129051446914673,1,1,21538,1346.125
18.133051872253418,1,1,7452,465.750
18.13712477684021,1,1,16115,1007.188
18.14109468460083,1,1,32767,2047.938
18.145094394683838,1,1,32767,2047.938
18.149101495742798,1,1,22036,1377.250
18.153093576431274,1,1,7569,473.062
18.15708827972412,1,1,15409,963.062
18.161088228225708,1,1,32767,2047.938
18.165096044540405,1,1,32767,2047.938
18.16908860206604,1,1,22677,1417.312
18.173091173171997,1,1,11421,713.812
18.177085638046265,1,1,21566,1347.875
18.18108868598938,1,1,31515,1969.688
18.18509316444397,1,1,30843,1927.688
18.189087390899658,1,1,24305,1519.062
18.19321346282959,1,1,21787,1361.688
18.197415113449097,1,1,25193,1574.562
18.201189756393433,1,1,29454,1840.875
18.205104112625122,1,1,28049,1753.062
18.209088563919067,1,1,22806,1425.375
18.213090658187866,1,1,21421,1338.812
18.217087984085083,1,1,25609,1600.562
18.221083402633667,1,1,30821,1926.312
18.225090980529785,1,1,28491,1780.688
18.22908854484558,1,1,15646,977.875
18.233086347579956,1,1,5981,373.812
18.237083911895752,1,1,15689,980.562
18.24119210243225,1,1,32767,2047.938
18.245062351226807,1,1,32767,2047.938
18.249051809310913,1,1,26670,1666.875
18.25304865837097,1,1,9060,566.250
18.25719451904297,1,1,13141,821.312
18.261054515838623,1,1,32767,2047.938
18.265055656433105,1,1,32767,2047.938
18.26905083656311,1,1,26444,1652.750
18.27305006980896,1,1,8965,560.312
18.277048110961914,1,1,12180,761.250
18.28105115890503,1,1,32767,2047.938
18.285058736801147,1,1,32767,2047.938
18.28905153274536,1,1,26963,1685.188
18.293045043945312,1,1,9134,570.875
18.297040224075317,1,1,11584,724.000
18.301037549972534,1,1,32767,2047.938
18.305054426193237,1,1,32767,2047.938
18.309051513671875,1,1,27479,1717.438
18.313052654266357,1,1,9308,581.750
18.317046642303467,1,1,10931,683.188
18.326553344726562,1,1,32767,2047.938
18.329083919525146,1,1,29324,1832.750
18.333064317703247,1,1,19935,1245.938
18.337050676345825,1,1,21755,1359.688
18.341084003448486,1,1,28004,1750.250
18.34505558013916,1,1,28314,1769.625
18.349050521850586,1,1,23425,1464.062
18.3530490398407,1,1,20934,1308.375
18.357051134109497,1,1,24413,1525.812
18.36105227470398,1,1,29537,1846.062
18.36505150794983,1,1,28965,1810.312
18.36903953552246,1,1,24030,1501.875
18.373055934906006,1,1,21255,1328.438
18.37705159187317,1,1,23964,1497.750
18.38105058670044,1,1,28563,1785.188
18.385053634643555,1,1,28559,1784.938
18.38904881477356,1,1,24416,1526.000
18.393044233322144,1,1,21638,1352.375
18.397037744522095,1,1,24060,1503.750
18.401037216186523,1,1,28897,1806.062
18.405052185058594,1,1,28708,1794.250
18.409048318862915,1,1,21221,1326.312
18.413052082061768,1,1,9918,619.875
18.417046785354614,1,1,15035,939.688
18.42104721069336,1,1,32767,2047.938
18.425052404403687,1,1,32767,2047.938
18.429048538208008,1,1,31277,1954.812
18.43304705619812,1,1,11079,692.438
18.437045097351074,1,1,8263,516.438
18.441057443618774,1,1,31144,1946.500
18.4450900554657,1,1,32767,2047.938
18.449086904525757,1,1,31153,1947.062
18.453088521957397,1,1,11008,688.000
18.457082986831665,1,1,7855,490.938
18.461084365844727,1,1,30722,1920.125
18.465089797973633,1,1,32767,2047.938
18.46908688545227,1,1,31700,1981.250
18.473084688186646,1,1,11319,707.438
18.47707986831665,1,1,7565,472.812
18.48108410835266,1,1,30261,1891.312
18.4850914478302,1,1,32767,2047.938
18.489084243774414,1,1,32224,2014.000
18.49308180809021,1,1,11642,727.625
18.497082471847534,1,1,7339,458.688
18.501085996627808,1,1,29762,1860.125
18.505088567733765,1,1,32767,2047.938
18.5090811252594,1,1,32719,2044.938
18.51308250427246,1,1,11968,748.000
18.51708674430847,1,1,7108,444.250
18.521086931228638,1,1,29158,1822.375
18.525081396102905,1,1,32767,2047.938
18.529070615768433,1,1,32767,2047.938
18.53309202194214,1,1,12318,769.875
18.537088632583618,1,1,6943,433.938
18.54108953475952,1,1,28619,1788.688
18.54508399963379,1,1,32767,2047.938
18.549041271209717,1,1,32767,2047.938
18.553045988082886,1,1,12686,792.875
18.557044506072998,1,1,6741,421.312
18.56104588508606,1,1,27953,1747.062
18.565048694610596,1,1,32767,2047.938
18.569047212600708,1,1,32767,2047.938
18.573047399520874,1,1,21690,1355.625
18.577035665512085,1,1,20625,1289.062
18.581035375595093,1,1,26294,1643.375
18.585046529769897,1,1,28207,1762.938
18.589046239852905,1,1,24794,1549.625
18.593047380447388,1,1,21117,1319.812
18.59704852104187,1,1,23153,1447.062
18.601045846939087,1,1,28308,1769.250
18.605051279067993,1,1,29113,1819.562
18.60904335975647,1,1,24762,1547.625
18.613046646118164,1,1,20424,1276.500
18.617044925689697,1,1,23165,1447.812
18.621044874191284,1,1,31077,1942.312
18.62505006790161,1,1,31765,1985.312
18.62904691696167,1,1,23351,1459.438
18.63304567337036,1,1,15636,977.250
18.637043476104736,1,1,20922,1307.625
18.641045093536377,1,1,31379,1961.188
18.645084381103516,1,1,32767,2047.938
18.649086713790894,1,1,24931,1558.188
18.653082609176636,1,1,17046,1065.375
18.657081604003906,1,1,20353,1272.062
18.66108250617981,1,1,32767,2047.938
18.66508650779724,1,1,32767,2047.938
18.6690833568573,1,1,32767,2047.938
18.673079252243042,1,1,14101,881.312
18.677079677581787,1,1,5561,347.562
18.68108081817627,1,1,21976,1373.500
18.68508553504944,1,1,32767,2047.938
18.689082622528076,1,1,32767,2047.938
18.69308066368103,1,1,14512,907.000
18.697080612182617,1,1,5731,358.188
18.701082229614258,1,1,22147,1384.188
18.705084562301636,1,1,32767,2047.938
18.70907998085022,1,1,32767,2047.938
18.713080406188965,1,1,15406,962.875
18.717081308364868,1,1,5967,372.938
18.721083402633667,1,1,21982,1373.875
18.725085496902466,1,1,32767,2047.938
18.729080200195312,1,1,16070,1004.375
18.733080625534058,1,1,6096,381.000
18.73707890510559,1,1,21554,1347.125
18.741079568862915,1,1,32767,2047.938
18.74516534805298,1,1,32767,2047.938
18.749046325683594,1,1,16604,1037.750
18.753041744232178,1,1,6171,385.688
18.757043600082397,1,1,20882,1305.125
18.761043310165405,1,1,32767,2047.938
18.765047550201416,1,1,32767,2047.938
18.76904273033142,1,1,17091,1068.188
18.77304434776306,1,1,6255,390.938
18.77704405784607,1,1,17847,1115.438
18.78104305267334,1,1,32767,2047.938
18.78504729270935,1,1,32767,2047.938
18.789044618606567,1,1,27826,1739.125
18.79303741455078,1,1,24254,1515.875
18.79703402519226,1,1,25166,1572.875
18.801032543182373,1,1,27056,1691.000
18.805044174194336,1,1,26300,1643.750
18.809041500091553,1,1,23753,1484.562
18.813042640686035,1,1,23339,1458.688
18.8170428276062,1,1,25581,1598.812
18.82104253768921,1,1,27607,1725.438
18.825044870376587,1,1,26489,1655.562
18.829044580459595,1,1,23597,1474.812
18.833043098449707,1,1,23209,1450.562
18.83704447746277,1,1,26022,1626.375
18.841045141220093,1,1,31236,1952.250
18.84504270553589,1,1,30449,1903.062
18.849115133285522,1,1,12664,791.500
18.853087425231934,1,1,4887,305.438
18.857080936431885,1,1,17969,1123.062
18.86107850074768,1,1,32767,2047.938
18.865086317062378,1,1,32767,2047.938
18.869081497192383,1,1,21466,1341.625
18.873077630996704,1,1,7473,467.062
18.877078533172607,1,1,17934,1120.875
18.881078243255615,1,1,32767,2047.938
18.885085582733154,1,1,32767,2047.938
18.889079809188843,1,1,21466,1341.625
18.89307689666748,1,1,7401,462.562
18.89708375930786,1,1,16626,1039.125
18.901103496551514,1,1,32767,2047.938
18.905083179473877,1,1,32767,2047.938
18.909066200256348,1,1,21705,1356.562
18.913081884384155,1,1,7438,464.875
18.917171955108643,1,1,15671,979.438
18.921093940734863,1,1,32767,2047.938
18.925089836120605,1,1,32767,2047.938
18.929240226745605,1,1,22157,1384.812
18.933489322662354,1,1,7559,472.438
18.937137842178345,1,1,14992,937.000
18.94108772277832,1,1,32767,2047.938
18.9451003074646,1,1,32767,2047.938
18.94914937019348,1,1,22867,1429.188
18.95306086540222,1,1,7764,485.250
18.957053899765015,1,1,14334,895.875
18.961042642593384,1,1,32767,2047.938
18.96504545211792,1,1,32767,2047.938
18.969046115875244,1,1,23583,1473.938
18.97304081916809,1,1,7979,498.688
18.977272510528564,1,1,13642,852.625
18.98106622695923,1,1,32767,2047.938
18.985036373138428,1,1,32767,2047.938
18.98903203010559,1,1,24198,1512.375
18.993046045303345,1,1,8166,510.375
18.99704337120056,1,1,12322,770.125
19.001034021377563,1,1,32767,2047.938
19.00503420829773,1,1,32767,2047.938
19.00904393196106,1,1,30617,1913.562
19.013044357299805,1,1,24449,1528.062
19.017045259475708,1,1,25570,1598.125
19.021042346954346,1,1,29035,1814.688
19.0250506401062,1,1,27377,1711.062
19.02903127670288,1,1,23336,1458.500
19.03304409980774,1,1,21985,1374.062
19.03704023361206,1,1,24448,1528.000
19.041038990020752,1,1,27800,1737.500
19.04503846168518,1,1,27498,1718.625
19.04910683631897,1,1,24349,1521.812
19.053080558776855,1,1,22717,1419.812
19.057079792022705,1,1,24573,1535.812
19.061078310012817,1,1,27667,1729.188
19.06507921218872,1,1,27387,1711.688
19.069073915481567,1,1,22296,1393.500
19.073075771331787,1,1,18427,1151.688
19.077080726623535,1,1,25400,1587.500
19.08107566833496,1,1,32767,2047.938
19.0850727558136,1,1,32767,2047.938
19.08906602859497,1,1,26161,1635.062
19.093076944351196,1,1,8620,538.750
19.097079038619995,1,1,8838,552.375
19.101075649261475,1,1,32725,2045.312
19.105077743530273,1,1,32767,2047.938
19.109074354171753,1,1,26792,1674.500
19.113072633743286,1,1,8894,555.875
19.117077589035034,1,1,9039,564.938
19.121074199676514,1,1,32767,2047.938
19.125080108642578,1,1,32767,2047.938
19.12907123565674,1,1,28227,1764.188
19.133073329925537,1,1,9499,593.688
19.13707685470581,1,1,9072,567.000
19.141077041625977,1,1,32664,2041.500
19.145076751708984,1,1,32767,2047.938
19.149139881134033,1,1,29146,1821.625
19.153040885925293,1,1,9928,620.500
19.15703845024109,1,1,8856,553.500
19.1610369682312,1,1,32292,2018.250
19.165038108825684,1,1,32767,2047.938
19.169028759002686,1,1,29902,1868.875
19.17303705215454,1,1,10616,663.500
19.177038431167603,1,1,12333,770.812
19.18103837966919,1,1,24670,1541.875
19.185039281845093,1,1,29580,1848.750
19.189034461975098,1,1,26281,1642.562
19.19316792488098,1,1,22665,1416.562
19.197362422943115,1,1,24369,1523.062
19.201093673706055,1,1,28721,1795.062
19.20503854751587,1,1,28764,1797.750
19.209027767181396,1,1,24660,1541.250
19.213030576705933,1,1,21519,1344.938
19.217026948928833,1,1,23781,1486.312
19.22102665901184,1,1,28764,1797.750
19.22502851486206,1,1,29245,1827.812
19.22902774810791,1,1,24453,1528.312
19.233042001724243,1,1,20766,1297.875
19.23703908920288,1,1,24075,1504.688
19.241039276123047,1,1,31028,1939.250
19.245042085647583,1,1,30863,1928.938
19.24903631210327,1,1,19274,1204.625
19.25303816795349,1,1,6890,430.625
19.25704526901245,1,1,7619,476.188
19.261040210723877,1,1,31430,1964.375
19.26503562927246,1,1,32767,2047.938
19.269033193588257,1,1,32767,2047.938
19.273029088974,1,1,13186,824.125
19.277029037475586,1,1,8564,535.250
19.281025648117065,1,1,30496,1906.000
19.28503704071045,1,1,32767,2047.938
19.289034128189087,1,1,32767,2047.938
19.29303002357483,1,1,13035,814.688
19.29702639579773,1,1,7837,489.812
19.301026582717896,1,1,29137,1821.062
19.305037260055542,1,1,32767,2047.938
19.309035301208496,1,1,32767,2047.938
19.313039302825928,1,1,13116,819.750
19.31703758239746,1,1,7384,461.500
19.32103729248047,1,1,28218,1763.625
19.33051609992981,1,1,13291,830.688
19.33308434486389,1,1,13291,830.688
19.337043285369873,1,1,7028,439.250
19.341039896011353,1,1,27347,1709.188
19.345043182373047,1,1,32767,2047.938
19.34903359413147,1,1,14076,879.750
19.353036642074585,1,1,14066,879.125
19.357038974761963,1,1,26242,1640.125
19.36103582382202,1,1,31653,1978.312
19.36503577232361,1,1,27707,1731.688
19.369033575057983,1,1,21858,1366.125
19.37303614616394,1,1,22862,1428.875
19.37703537940979,1,1,28174,1760.875
19.38103437423706,1,1,29861,1866.312
19.38503861427307,1,1,25985,1624.062
19.389034748077393,1,1,21254,1328.375
19.393035173416138,1,1,22594,1412.125
19.397037029266357,1,1,27880,1742.500
19.401034832000732,1,1,29792,1862.000
19.405033826828003,1,1,26059,1628.688
19.409024238586426,1,1,21126,1320.375
19.41304039955139,1,1,22458,1403.625
19.417037963867188,1,1,28199,1762.438
19.42103672027588,1,1,30175,1885.938
19.425034284591675,1,1,25227,1576.688
19.429033517837524,1,1,14347,896.688
19.433037281036377,1,1,10821,676.312
19.437036275863647,1,1,29401,1837.562
19.441035509109497,1,1,32767,2047.938
19.445035696029663,1,1,32767,2047.938
19.44903254508972,1,1,16119,1007.438
19.453062057495117,1,1,6641,415.062
19.457074642181396,1,1,22646,1415.375
19.461073398590088,1,1,32767,2047.938
19.46507477760315,1,1,32767,2047.938
19.46906852722168,1,1,16322,1020.125
19.47306728363037,1,1,6659,416.188
19.47707438468933,1,1,21951,1371.938
19.48107147216797,1,1,32767,2047.938
19.485071659088135,1,1,32767,2047.938
19.489067792892456,1,1,16941,1058.812
19.493075132369995,1,1,6835,427.188
19.497073650360107,1,1,21512,1344.500
19.5010724067688,1,1,32767,2047.938
19.50507426261902,1,1,32767,2047.938
19.509071826934814,1,1,17659,1103.688
19.51306915283203,1,1,7013,438.312
19.51707124710083,1,1,20921,1307.562
19.52107048034668,1,1,32767,2047.938
19.525076389312744,1,1,32767,2047.938
19.529069423675537,1,1,18261,1141.312
19.533063888549805,1,1,7172,448.250
19.537067413330078,1,1,20285,1267.812
19.541072607040405,1,1,32767,2047.938
19.545068502426147,1,1,32767,2047.938
19.549068450927734,1,1,18911,1181.938
19.553046226501465,1,1,7344,459.000
19.557034969329834,1,1,19655,1228.438
19.561033487319946,1,1,32767,2047.938
19.565034866333008,1,1,32767,2047.938
19.569031715393066,1,1,19505,1219.062
19.573034286499023,1,1,7490,468.125
19.57703447341919,1,1,19071,1191.938
19.58103370666504,1,1,32767,2047.938
19.585031509399414,1,1,32767,2047.938
19.589033126831055,1,1,20159,1259.938
19.59303307533264,1,1,7661,478.812
19.59721040725708,1,1,18507,1156.688
19.601038932800293,1,1,32767,2047.938
19.605034351348877,1,1,32767,2047.938
19.609031200408936,1,1,20734,1295.875
19.613034963607788,1,1,7805,487.812
19.6170334815979,1,1,17988,1124.250
19.621031522750854,1,1,32767,2047.938
19.62503218650818,1,1,32767,2047.938
19.62902855873108,1,1,21322,1332.625
19.63303017616272,1,1,7926,495.375
19.637033224105835,1,1,17359,1084.938
19.64103078842163,1,1,32767,2047.938
19.645034074783325,1,1,32767,2047.938
19.649027585983276,1,1,21940,1371.250
19.653117179870605,1,1,8064,504.000
19.657071113586426,1,1,16708,1044.250
19.661070585250854,1,1,32767,2047.938
19.665072441101074,1,1,32767,2047.938
19.669064044952393,1,1,22580,1411.250
19.67306613922119,1,1,8247,515.438
19.677069664001465,1,1,16294,1018.375
19.681067943572998,1,1,32767,2047.938
19.685070276260376,1,1,32767,2047.938
19.689066171646118,1,1,23284,1455.250
19.69306778907776,1,1,8430,526.875
19.697067975997925,1,1,15666,979.125
19.70106601715088,1,1,32767,2047.938
19.705069541931152,1,1,32767,2047.938
19.709064960479736,1,1,23882,1492.625
19.71306538581848,1,1,8578,536.125
19.717068195343018,1,1,15086,942.875
19.721065998077393,1,1,32767,2047.938
19.725069522857666,1,1,32767,2047.938
19.729066371917725,1,1,24395,1524.688
19.733060121536255,1,1,8712,544.500
19.737067937850952,1,1,14567,910.438
19.74106764793396,1,1,32767,2047.938
19.74506950378418,1,1,32767,2047.938
19.74906277656555,1,1,25066,1566.625
19.75305414199829,1,1,8908,556.750
19.757046222686768,1,1,14090,880.625
19.761030197143555,1,1,32767,2047.938
19.765032529830933,1,1,32767,2047.938
19.76902174949646,1,1,25770,1610.625
19.77302861213684,1,1,9121,570.062
19.77702808380127,1,1,13539,846.188
19.78103017807007,1,1,32767,2047.938
19.785032033920288,1,1,32767,2047.938
19.78902554512024,1,1,26291,1643.188
19.793023109436035,1,1,9285,580.312
19.79702353477478,1,1,13094,818.375
19.801019430160522,1,1,32767,2047.938
19.805026054382324,1,1,32767,2047.938
19.80902647972107,1,1,26962,1685.125
19.81303358078003,1,1,9500,593.750
19.81702709197998,1,1,12503,781.438
19.821029901504517,1,1,32767,2047.938
19.82503080368042,1,1,32767,2047.938
19.82902455329895,1,1,27537,1721.062
19.833025693893433,1,1,9720,607.500
19.837029457092285,1,1,12127,757.938
19.84102773666382,1,1,32767,2047.938
19.8450288772583,1,1,32767,2047.938
19.84902596473694,1,1,28162,1760.125
19.853060483932495,1,1,9952,622.000
19.857070207595825,1,1,11693,730.812
19.86106777191162,1,1,32767,2047.938
19.865068674087524,1,1,32767,2047.938
19.869062423706055,1,1,28823,1801.438
19.873061656951904,1,1,10206,637.875
19.87706756591797,1,1,11218,701.125
19.88106608390808,1,1,32696,2043.500
19.88506507873535,1,1,32767,2047.938
19.88908624649048,1,1,29505,1844.062
19.893081426620483,1,1,10499,656.188
19.89706563949585,1,1,10940,683.750
19.901064157485962,1,1,32322,2020.125
19.905066967010498,1,1,32767,2047.938
19.909168243408203,1,1,30089,1880.562
19.91308069229126,1,1,10770,673.125
19.917948246002197,1,1,10496,656.000
19.921392679214478,1,1,31788,1986.750
19.925222635269165,1,1,32767,2047.938
19.92911458015442,1,1,30626,1914.125
19.93307852745056,1,1,11056,691.000
19.937079191207886,1,1,10169,635.562
19.941076278686523,1,1,31288,1955.500
19.945082426071167,1,1,32767,2047.938
19.94912075996399,1,1,11292,705.750
19.953147649765015,1,1,9836,614.750
19.95707416534424,1,1,30794,1924.625
19.961070775985718,1,1,32767,2047.938
19.965067386627197,1,1,31754,1984.625
19.969085931777954,1,1,11706,731.625
19.973078966140747,1,1,9555,597.188
19.977071523666382,1,1,30219,1888.688
19.981069087982178,1,1,32767,2047.938
19.985074520111084,1,1,32112,2007.000
19.989067792892456,1,1,11935,745.938
19.99307155609131,1,1,9225,576.562
19.9970703125,1,1,29614,1850.875
20.001067876815796,1,1,32767,2047.938
20.005069732666016,1,1,32655,2040.938
20.009066343307495,1,1,12301,768.812
20.013076782226562,1,1,8930,558.125
20.017085790634155,1,1,28996,1812.250
20.02107286453247,1,1,32767,2047.938
20.025078773498535,1,1,32767,2047.938
20.029070138931274,1,1,12671,791.938
20.033085584640503,1,1,8771,548.188
20.037072896957397,1,1,28533,1783.312
20.041072130203247,1,1,32767,2047.938
20.04507088661194,1,1,32767,2047.938
20.04906988143921,1,1,13127,820.438
20.05307412147522,1,1,8633,539.562
20.05704951286316,1,1,28037,1752.312
20.06103229522705,1,1,32767,2047.938
20.06503915786743,1,1,32767,2047.938
20.0690336227417,1,1,13501,843.812
20.073035955429077,1,1,8409,525.562
20.07703423500061,1,1,27363,1710.188
20.08104395866394,1,1,32767,2047.938
20.08503818511963,1,1,32767,2047.938
20.08903169631958,1,1,13872,867.000
20.093037366867065,1,1,8251,515.688
20.097045183181763,1,1,26782,1673.875
20.101037740707397,1,1,32767,2047.938
20.10503649711609,1,1,32767,2047.938
20.10903024673462,1,1,14312,894.500
20.11304521560669,1,1,8107,506.688
20.117032289505005,1,1,26101,1631.312
20.12103033065796,1,1,32767,2047.938
20.12502956390381,1,1,32767,2047.938
20.129029750823975,1,1,14639,914.938
20.133037090301514,1,1,7898,493.625
20.13703155517578,1,1,25341,1583.812
20.141032218933105,1,1,32767,2047.938
20.14504837989807,1,1,32767,2047.938
20.14903163909912,1,1,15000,937.500
20.153034687042236,1,1,7764,485.250
20.157119512557983,1,1,24680,1542.500
20.161072254180908,1,1,32767,2047.938
20.165072917938232,1,1,32767,2047.938
20.16908049583435,1,1,15534,970.875
20.17307138442993,1,1,7832,489.500
20.177069664001465,1,1,24273,1517.062
20.181071996688843,1,1,32767,2047.938
20.18508768081665,1,1,32767,2047.938
20.189070463180542,1,1,16059,1003.688
20.193185329437256,1,1,7835,489.688
20.197404146194458,1,1,23573,1473.312
20.201163053512573,1,1,32767,2047.938
20.205081939697266,1,1,32767,2047.938
20.209068298339844,1,1,16525,1032.812
20.213070392608643,1,1,7901,493.812
20.21707797050476,1,1,23035,1439.688
20.221065521240234,1,1,32767,2047.938
20.22506618499756,1,1,32767,2047.938
20.22906470298767,1,1,17061,1066.312
20.233084201812744,1,1,7961,497.562
20.23707127571106,1,1,22461,1403.812
20.241066455841064,1,1,32767,2047.938
20.245073318481445,1,1,32767,2047.938
20.249082565307617,1,1,17636,1102.250
20.253073930740356,1,1,8065,504.062
20.25719428062439,1,1,21912,1369.500
20.26103401184082,1,1,32767,2047.938
20.265033721923828,1,1,32767,2047.938
20.26902723312378,1,1,18283,1142.688
20.273040056228638,1,1,8168,510.500
20.277027130126953,1,1,21121,1320.062
20.281026601791382,1,1,32767,2047.938
20.285030841827393,1,1,32767,2047.938
20.28904128074646,1,1,18957,1184.812
20.293025016784668,1,1,8389,524.312
20.297019958496094,1,1,20516,1282.250
20.30101776123047,1,1,32767,2047.938
20.305044412612915,1,1,32767,2047.938
20.309030294418335,1,1,19738,1233.625
20.313035011291504,1,1,8590,536.875
20.317028284072876,1,1,19775,1235.938
20.3210391998291,1,1,32767,2047.938
20.325036764144897,1,1,32767,2047.938
20.346126794815063,1,1,32767,2047.938
20.349082231521606,1,1,21132,1320.750
20.353073120117188,1,1,8993,562.062
20.357065200805664,1,1,18478,1154.875
20.36103057861328,1,1,32767,2047.938
20.365034341812134,1,1,32767,2047.938
20.369040489196777,1,1,21896,1368.500
20.37303352355957,1,1,9263,578.938
20.377028465270996,1,1,17834,1114.625
20.38102889060974,1,1,32767,2047.938
20.385045289993286,1,1,32767,2047.938
20.389029026031494,1,1,22584,1411.500
20.39303159713745,1,1,9496,593.500
20.3970308303833,1,1,17211,1075.688
20.401039838790894,1,1,32767,2047.938
20.405033588409424,1,1,32767,2047.938
20.40902829170227,1,1,23057,1441.062
20.413031816482544,1,1,9692,605.750
20.4170401096344,1,1,16678,1042.375
20.421027421951294,1,1,32767,2047.938
20.425032138824463,1,1,32767,2047.938
20.429027557373047,1,1,23642,1477.625
20.433033227920532,1,1,10020,626.250
20.437026977539062,1,1,16384,1024.000
20.441027879714966,1,1,32767,2047.938
20.445021867752075,1,1,32767,2047.938
20.44902467727661,1,1,24312,1519.500
20.453036308288574,1,1,10400,650.000
20.457096099853516,1,1,16063,1003.938
20.461074352264404,1,1,32767,2047.938
20.465073585510254,1,1,32767,2047.938
20.46906590461731,1,1,25063,1566.438
20.473082065582275,1,1,10766,672.875
20.47706890106201,1,1,15791,986.938
20.48106575012207,1,1,32767,2047.938
20.48507022857666,1,1,32767,2047.938
20.489078760147095,1,1,25801,1612.562
20.493069410324097,1,1,11191,699.438
20.497065782546997,1,1,15620,976.250
20.501065015792847,1,1,32767,2047.938
20.505083084106445,1,1,32767,2047.938
20.509066104888916,1,1,26398,1649.875
20.513068437576294,1,1,11437,714.812
20.51706624031067,1,1,15243,952.688
20.521076679229736,1,1,32767,2047.938
20.525073289871216,1,1,32767,2047.938
20.529064655303955,1,1,27110,1694.375
20.533067226409912,1,1,11940,746.250
20.53707528114319,1,1,15175,948.438
20.54106640815735,1,1,32767,2047.938
20.545061826705933,1,1,32767,2047.938
20.549051761627197,1,1,27791,1736.938
20.553078651428223,1,1,12362,772.625
20.557067394256592,1,1,15043,940.188
20.561142921447754,1,1,32767,2047.938
20.565036296844482,1,1,28466,1779.125
20.56902837753296,1,1,12652,790.750
20.573028326034546,1,1,14633,914.562
20.577038764953613,1,1,32388,2024.250
20.581026554107666,1,1,32767,2047.938
20.58503746986389,1,1,28916,1807.250
20.589025497436523,1,1,12857,803.562
20.59303307533264,1,1,14353,897.062
20.597026824951172,1,1,31965,1997.812
20.601043462753296,1,1,32767,2047.938
20.60502862930298,1,1,29253,1828.312
20.6090247631073,1,1,12937,808.562
20.613032579421997,1,1,13836,864.750
20.61703658103943,1,1,31352,1959.500
20.621023178100586,1,1,32767,2047.938
20.62502646446228,1,1,29873,1867.062
20.629024267196655,1,1,13344,834.000
20.633044004440308,1,1,13676,854.750
20.6370267868042,1,1,30902,1931.375
20.641025066375732,1,1,32767,2047.938
20.6450297832489,1,1,30199,1887.438
20.64903950691223,1,1,13389,836.812
20.65303111076355,1,1,13169,823.062
20.657025575637817,1,1,30228,1889.250
20.661089420318604,1,1,32767,2047.938
20.66506576538086,1,1,30536,1908.500
20.669063091278076,1,1,13547,846.688
20.67308211326599,1,1,12819,801.188
20.677064180374146,1,1,29652,1853.250
20.681062936782837,1,1,32767,2047.938
20.685067653656006,1,1,31045,1940.312
20.689074516296387,1,1,13887,867.938
20.693065881729126,1,1,12558,784.875
20.697062492370605,1,1,29048,1815.500
20.701064348220825,1,1,32767,2047.938
20.70508122444153,1,1,31438,1964.875
20.709062337875366,1,1,14061,878.812
20.71306610107422,1,1,12156,759.750
20.71706199645996,1,1,28465,1779.062
20.721073627471924,1,1,32767,2047.938
20.725069046020508,1,1,31789,1986.812
20.72906255722046,1,1,14261,891.312
20.733065366744995,1,1,11897,743.562
20.73707628250122,1,1,27965,1747.812
20.74106240272522,1,1,32767,2047.938
20.745069980621338,1,1,32335,2020.938
20.749063968658447,1,1,14727,920.438
20.753077030181885,1,1,11817,738.562
20.757063150405884,1,1,27537,1721.062
20.761074542999268,1,1,32767,2047.938
20.765029668807983,1,1,32767,2047.938
20.76902437210083,1,1,15060,941.250
20.773024797439575,1,1,11655,728.438
20.777037858963013,1,1,27065,1691.562
20.781025409698486,1,1,32767,2047.938
20.785027503967285,1,1,32767,2047.938
20.789022207260132,1,1,15397,962.312
20.793028593063354,1,1,11505,719.062
20.797012329101562,1,1,26566,1660.375
20.80100965499878,1,1,32767,2047.938
20.80502462387085,1,1,32767,2047.938
20.809033393859863,1,1,15680,980.000
20.813029050827026,1,1,11200,700.000
20.817021131515503,1,1,25931,1620.688
20.82102131843567,1,1,32767,2047.938
20.82503867149353,1,1,32767,2047.938
20.829020977020264,1,1,16197,1012.312
20.833024501800537,1,1,11260,703.750
20.837020874023438,1,1,25650,1603.125
20.841021060943604,1,1,32767,2047.938
20.84501838684082,1,1,32767,2047.938
20.849019527435303,1,1,16490,1030.625
20.853020429611206,1,1,10962,685.125
20.857022047042847,1,1,25010,1563.125
20.8610200881958,1,1,32767,2047.938
20.86510467529297,1,1,32767,2047.938
20.869067192077637,1,1,16787,1049.188
20.873077869415283,1,1,10778,673.625
20.87706232070923,1,1,24457,1528.562
20.881056785583496,1,1,32767,2047.938
20.885066747665405,1,1,32767,2047.938
20.88907217979431,1,1,17210,1075.625
20.89306378364563,1,1,10650,665.625
20.897075653076172,1,1,23864,1491.500
20.901071548461914,1,1,32767,2047.938
20.905077695846558,1,1,32767,2047.938
20.909048318862915,1,1,17597,1099.812
20.913065671920776,1,1,10575,660.938
20.917061805725098,1,1,23393,1462.062
20.921071767807007,1,1,32767,2047.938
20.92506766319275,1,1,32767,2047.938
20.929118633270264,1,1,17988,1124.250
20.93306279182434,1,1,10485,655.312
20.937076568603516,1,1,22881,1430.062
20.941059589385986,1,1,32767,2047.938
20.945062398910522,1,1,32767,2047.938
20.94905734062195,1,1,18566,1160.375
20.95307421684265,1,1,10529,658.062
20.957056283950806,1,1,22441,1402.562
20.96105647087097,1,1,32767,2047.938
20.96515703201294,1,1,32767,2047.938
20.969026565551758,1,1,19005,1187.812
20.973029851913452,1,1,10509,656.812
20.97702431678772,1,1,21973,1373.312
20.98295569419861,1,1,32767,2047.938
20.985079526901245,1,1,32767,2047.938
20.989017486572266,1,1,19333,1208.312
20.993021488189697,1,1,10312,644.500
20.99701452255249,1,1,21306,1331.625
21.00101661682129,1,1,32767,2047.938
21.00530433654785,1,1,32767,2047.938
21.009039878845215,1,1,19876,1242.250
21.013007402420044,1,1,10432,652.000
21.017014265060425,1,1,20939,1308.688
21.021007776260376,1,1,32767,2047.938
21.025010108947754,1,1,32767,2047.938
21.02900505065918,1,1,20397,1274.812
21.033003568649292,1,1,10439,652.438
21.037007331848145,1,1,20418,1276.125
21.041003942489624,1,1,32767,2047.938
21.04500412940979,1,1,32767,2047.938
21.049004793167114,1,1,20801,1300.062
21.053008556365967,1,1,10378,648.625
21.057016372680664,1,1,19891,1243.188
21.061005353927612,1,1,32767,2047.938
21.065086841583252,1,1,32767,2047.938
21.069046020507812,1,1,21369,1335.562
21.073053121566772,1,1,10496,656.000
21.0770525932312,1,1,19431,1214.438
21.081066608428955,1,1,32767,2047.938
21.0850567817688,1,1,32767,2047.938
21.089049339294434,1,1,21729,1358.062
21.09304714202881,1,1,10364,647.750
21.097049474716187,1,1,18789,1174.312
21.101067304611206,1,1,32767,2047.938
21.10507583618164,1,1,32767,2047.938
21.109053134918213,1,1,22214,1388.375
21.113049030303955,1,1,10502,656.375
21.11705207824707,1,1,18386,1149.125
21.121066093444824,1,1,32767,2047.938
21.125053644180298,1,1,32767,2047.938
21.12904930114746,1,1,22787,1424.188
21.13305139541626,1,1,10622,663.875
21.137064218521118,1,1,18043,1127.688
21.141051530838013,1,1,32767,2047.938
21.14505648612976,1,1,32767,2047.938
21.149049520492554,1,1,23308,1456.750
21.153064250946045,1,1,10682,667.625
21.157055616378784,1,1,17528,1095.500
21.161051511764526,1,1,32767,2047.938
21.165048122406006,1,1,32767,2047.938
21.16910171508789,1,1,10692,668.250
21.173017501831055,1,1,10692,668.250
21.177027940750122,1,1,17028,1064.250
21.181013584136963,1,1,32767,2047.938
21.18501877784729,1,1,24379,1523.688
21.189011573791504,1,1,10912,682.000
21.19412088394165,1,1,16625,1039.062
21.197269201278687,1,1,32767,2047.938
21.20108962059021,1,1,32767,2047.938
21.20502543449402,1,1,24788,1549.250
21.20901322364807,1,1,11025,689.062
21.213014841079712,1,1,16255,1015.938
21.217024564743042,1,1,32767,2047.938
21.221011877059937,1,1,32767,2047.938
21.225016593933105,1,1,25380,1586.250
21.229010820388794,1,1,11134,695.875
21.233023166656494,1,1,15772,985.750
21.237013816833496,1,1,32767,2047.938
21.241012573242188,1,1,32767,2047.938
21.245017051696777,1,1,25953,1622.062
21.249024391174316,1,1,11355,709.688
21.253012657165527,1,1,15451,965.688
21.25730538368225,1,1,32767,2047.938
21.26112174987793,1,1,32767,2047.938
21.265039920806885,1,1,26492,1655.750
21.26908302307129,1,1,11565,722.812
21.273056030273438,1,1,15084,942.750
21.277053594589233,1,1,32767,2047.938
21.281051874160767,1,1,32767,2047.938
21.285048723220825,1,1,27014,1688.375
21.289036989212036,1,1,11750,734.375
21.29304337501526,1,1,14694,918.375
21.297051429748535,1,1,32661,2041.312
21.30104112625122,1,1,32767,2047.938
21.305052757263184,1,1,27515,1719.688
21.30905032157898,1,1,11907,744.188
21.31306791305542,1,1,14287,892.938
21.317047834396362,1,1,32163,2010.188
21.321049451828003,1,1,32767,2047.938
21.32505440711975,1,1,27955,1747.188
21.32906174659729,1,1,12088,755.500
21.333049774169922,1,1,13988,874.250
21.337048530578613,1,1,31827,1989.188
21.34104895591736,1,1,32767,2047.938
21.35175108909607,1,1,12327,770.438
21.353063106536865,1,1,13620,851.250
21.357061624526978,1,1,31258,1953.625
21.361069679260254,1,1,32767,2047.938
21.36505699157715,1,1,28981,1811.312
21.369049549102783,1,1,12519,782.438
21.37302541732788,1,1,13297,831.062
21.377010583877563,1,1,30850,1928.125
21.38101029396057,1,1,32767,2047.938
21.385032176971436,1,1,29565,1847.812
21.389012575149536,1,1,12820,801.250
21.3930082321167,1,1,12986,811.625
21.39700937271118,1,1,30353,1897.062
21.40102219581604,1,1,32767,2047.938
21.405014753341675,1,1,30178,1886.125
21.409010410308838,1,1,13259,828.688
21.413009643554688,1,1,12864,804.000
21.41702175140381,1,1,29975,1873.438
21.421011924743652,1,1,32767,2047.938
21.4250168800354,1,1,30487,1905.438
21.429009675979614,1,1,13271,829.438
21.43302059173584,1,1,12436,777.250
21.43700933456421,1,1,29438,1839.875
21.44101095199585,1,1,32767,2047.938
21.445014715194702,1,1,31138,1946.125
21.449021816253662,1,1,13755,859.688
21.45300579071045,1,1,12286,767.875
21.456998825073242,1,1,28930,1808.125
21.460999727249146,1,1,32767,2047.938
21.465028047561646,1,1,31509,1969.312
21.46901297569275,1,1,13991,874.438
21.47311019897461,1,1,12035,752.188
21.477056980133057,1,1,28483,1780.188
21.481067657470703,1,1,32767,2047.938
21.485052347183228,1,1,32045,2002.812
21.489051580429077,1,1,14269,891.812
21.493050575256348,1,1,11741,733.812
21.497129440307617,1,1,27893,1743.312
21.50106191635132,1,1,32767,2047.938
21.50506830215454,1,1,32534,2033.375
21.509037256240845,1,1,14718,919.875
21.513046503067017,1,1,11654,728.375
21.51716446876526,1,1,27465,1716.562
21.52115559577942,1,1,32767,2047.938
