Timestamp,LO_plus,LO_minus,Raw_ADC,Voltage_mV
0.010996818542480469,1,1,15342,958.875
0.012202978134155273,1,1,15342,958.875
0.01333761215209961,1,1,15379,961.188
0.017196178436279297,1,1,15420,963.750
0.021184444427490234,1,1,15461,966.312
0.025177478790283203,1,1,15501,968.812
0.029173612594604492,1,1,15538,971.125
0.03317666053771973,1,1,15574,973.375
0.03717470169067383,1,1,15613,975.812
0.04117536544799805,1,1,18636,1164.750
0.045174360275268555,1,1,27148,1696.750
0.049173831939697266,1,1,26997,1687.312
0.05318021774291992,1,1,19543,1221.438
0.05718088150024414,1,1,16945,1059.062
0.06118178367614746,1,1,24224,1514.000
0.0651848316192627,1,1,32767,2047.938
0.06918096542358398,1,1,32767,2047.938
0.0731809139251709,1,1,24467,1529.188
0.07717323303222656,1,1,18842,1177.625
0.08117365837097168,1,1,28689,1793.062
0.08518075942993164,1,1,32767,2047.938
0.08917975425720215,1,1,32767,2047.938
0.09318065643310547,1,1,29440,1840.000
0.09718060493469238,1,1,21402,1337.625
0.10117983818054199,1,1,32344,2021.500
0.10518264770507812,1,1,32767,2047.938
0.10918045043945312,1,1,32767,2047.938
0.11318135261535645,1,1,32767,2047.938
0.11717915534973145,1,1,25761,1610.062
0.12118029594421387,1,1,32767,2047.938
0.12518525123596191,1,1,32767,2047.938
0.1291794776916504,1,1,32767,2047.938
0.13318133354187012,1,1,32767,2047.938
0.13717889785766602,1,1,30540,1908.750
0.14117980003356934,1,1,32767,2047.938
0.14517807960510254,1,1,32767,2047.938
0.1491715908050537,1,1,32767,2047.938
0.15317773818969727,1,1,32767,2047.938
0.1571807861328125,1,1,32767,2047.938
0.1611795425415039,1,1,32767,2047.938
0.16518306732177734,1,1,32767,2047.938
0.16917991638183594,1,1,32767,2047.938
0.17318129539489746,1,1,32767,2047.938
0.17717695236206055,1,1,32767,2047.938
0.18118071556091309,1,1,32767,2047.938
0.1851823329925537,1,1,32767,2047.938
0.1891794204711914,1,1,32767,2047.938
0.19318056106567383,1,1,32767,2047.938
0.19717764854431152,1,1,32767,2047.938
0.20117878913879395,1,1,32767,2047.938
0.20518279075622559,1,1,32767,2047.938
0.2091808319091797,1,1,32767,2047.938
0.2131791114807129,1,1,32767,2047.938
0.21729636192321777,1,1,32767,2047.938
0.221207857131958,1,1,32767,2047.938
0.22518634796142578,1,1,32767,2047.938
0.2291710376739502,1,1,32767,2047.938
0.2331993579864502,1,1,32767,2047.938
0.2371830940246582,1,1,32767,2047.938
0.24118399620056152,1,1,32767,2047.938
0.24518418312072754,1,1,32767,2047.938
0.24917173385620117,1,1,32767,2047.938
0.25322699546813965,1,1,32767,2047.938
0.2571828365325928,1,1,32767,2047.938
0.26117610931396484,1,1,32767,2047.938
0.26517748832702637,1,1,32767,2047.938
0.26917481422424316,1,1,32767,2047.938
0.27318692207336426,1,1,32767,2047.938
0.277179479598999,1,1,32767,2047.938
0.2811775207519531,1,1,32767,2047.938
0.28517675399780273,1,1,32767,2047.938
0.28917527198791504,1,1,32767,2047.938
0.29317688941955566,1,1,32767,2047.938
0.2971787452697754,1,1,32767,2047.938
0.3011775016784668,1,1,32767,2047.938
0.3051736354827881,1,1,32767,2047.938
0.30916929244995117,1,1,32767,2047.938
0.3131752014160156,1,1,32767,2047.938
0.31717824935913086,1,1,32767,2047.938
0.32117772102355957,1,1,32767,2047.938
0.3251819610595703,1,1,32767,2047.938
0.32918429374694824,1,1,32767,2047.938
0.3331773281097412,1,1,32767,2047.938
0.33716726303100586,1,1,32767,2047.938
0.3411705493927002,1,1,32767,2047.938
0.34517693519592285,1,1,32767,2047.938
0.34917688369750977,1,1,32767,2047.938
0.3531789779663086,1,1,32767,2047.938
0.3571741580963135,1,1,32767,2047.938
0.3611772060394287,1,1,32767,2047.938
0.36518120765686035,1,1,32767,2047.938
0.3691737651824951,1,1,32767,2047.938
0.37317943572998047,1,1,32767,2047.938
0.37717461585998535,1,1,32767,2047.938
0.3811764717102051,1,1,32767,2047.938
0.385174036026001,1,1,32767,2047.938
0.38916873931884766,1,1,32767,2047.938
0.3931739330291748,1,1,32767,2047.938
0.39717650413513184,1,1,32767,2047.938
0.40117502212524414,1,1,32767,2047.938
0.4051806926727295,1,1,32767,2047.938
0.4091763496398926,1,1,32767,2047.938
0.4131765365600586,1,1,32767,2047.938
0.417172908782959,1,1,32767,2047.938
0.4211757183074951,1,1,32767,2047.938
0.42517900466918945,1,1,32767,2047.938
0.42917513847351074,1,1,32767,2047.938
0.43317508697509766,1,1,32767,2047.938
0.43717503547668457,1,1,32767,2047.938
0.4411764144897461,1,1,32767,2047.938
0.44517993927001953,1,1,32767,2047.938
0.44917726516723633,1,1,32767,2047.938
0.45317554473876953,1,1,32767,2047.938
0.45717597007751465,1,1,32767,2047.938
0.4611778259277344,1,1,32767,2047.938
0.4651784896850586,1,1,32767,2047.938
0.4691741466522217,1,1,32767,2047.938
0.4731748104095459,1,1,32767,2047.938
0.4771738052368164,1,1,32767,2047.938
0.48128223419189453,1,1,32767,2047.938
0.48525238037109375,1,1,32767,2047.938
0.489260196685791,1,1,32767,2047.938
0.49324536323547363,1,1,32767,2047.938
0.497239351272583,1,1,32767,2047.938
0.5012421607971191,1,1,32767,2047.938
0.5052459239959717,1,1,32767,2047.938
0.509239673614502,1,1,32767,2047.938
0.5132403373718262,1,1,32767,2047.938
0.5172402858734131,1,1,32767,2047.938
0.5212438106536865,1,1,32767,2047.938
0.5252466201782227,1,1,32767,2047.938
0.5292384624481201,1,1,32767,2047.938
0.53324294090271,1,1,32767,2047.938
0.537238359451294,1,1,32767,2047.938
0.5412411689758301,1,1,32767,2047.938
0.5452449321746826,1,1,32767,2047.938
0.5492396354675293,1,1,32767,2047.938
0.5532386302947998,1,1,32767,2047.938
0.5572388172149658,1,1,32767,2047.938
0.5612404346466064,1,1,32767,2047.938
0.5652446746826172,1,1,32767,2047.938
0.5692398548126221,1,1,32767,2047.938
0.573239803314209,1,1,32767,2047.938
0.5772402286529541,1,1,32767,2047.938
0.5812926292419434,1,1,32767,2047.938
0.5853047370910645,1,1,32767,2047.938
0.5892932415008545,1,1,32767,2047.938
0.5933008193969727,1,1,32767,2047.938
0.5973043441772461,1,1,32767,2047.938
0.6013052463531494,1,1,32767,2047.938
0.6053097248077393,1,1,32767,2047.938
0.609304666519165,1,1,32767,2047.938
0.6133055686950684,1,1,32767,2047.938
0.6173007488250732,1,1,32767,2047.938
0.6213035583496094,1,1,32767,2047.938
0.6253128051757812,1,1,32767,2047.938
0.6293015480041504,1,1,32767,2047.938
0.6333048343658447,1,1,32767,2047.938
0.6373050212860107,1,1,32767,2047.938
0.6413042545318604,1,1,32767,2047.938
0.6453092098236084,1,1,32767,2047.938
0.6493039131164551,1,1,32767,2047.938
0.653308629989624,1,1,32767,2047.938
0.6573035717010498,1,1,32767,2047.938
0.6613080501556396,1,1,32767,2047.938
0.6653079986572266,1,1,32767,2047.938
0.6693015098571777,1,1,32767,2047.938
0.6733133792877197,1,1,32767,2047.938
0.6773021221160889,1,1,32767,2047.938
0.6813020706176758,1,1,32767,2047.938
0.6853516101837158,1,1,32767,2047.938
0.689307689666748,1,1,32767,2047.938
0.6933050155639648,1,1,32767,2047.938
0.6973011493682861,1,1,32767,2047.938
0.701301097869873,1,1,32767,2047.938
0.7053067684173584,1,1,32767,2047.938
0.7093009948730469,1,1,32767,2047.938
0.7133004665374756,1,1,32767,2047.938
0.7172989845275879,1,1,32767,2047.938
0.7213003635406494,1,1,32767,2047.938
0.7253072261810303,1,1,32767,2047.938
0.7293012142181396,1,1,32767,2047.938
0.7333154678344727,1,1,32767,2047.938
0.7373032569885254,1,1,32767,2047.938
0.7413196563720703,1,1,32767,2047.938
0.7453081607818604,1,1,32767,2047.938
0.7492995262145996,1,1,32767,2047.938
0.7533164024353027,1,1,32767,2047.938
0.757300853729248,1,1,32767,2047.938
0.7613005638122559,1,1,32767,2047.938
0.7653038501739502,1,1,32767,2047.938
0.7693014144897461,1,1,32767,2047.938
0.7733075618743896,1,1,32767,2047.938
0.7776713371276855,1,1,32767,2047.938
0.7814805507659912,1,1,32767,2047.938
0.785430908203125,1,1,32767,2047.938
0.7892770767211914,1,1,32767,2047.938
0.7932777404785156,1,1,32767,2047.938
0.7972674369812012,1,1,32767,2047.938
0.8012633323669434,1,1,32767,2047.938
0.8052659034729004,1,1,32767,2047.938
0.8092615604400635,1,1,32767,2047.938
0.8132667541503906,1,1,32767,2047.938
0.8172628879547119,1,1,32767,2047.938
0.8212640285491943,1,1,32767,2047.938
0.825268030166626,1,1,32767,2047.938
0.8292629718780518,1,1,32767,2047.938
0.8332629203796387,1,1,32767,2047.938
0.8374173641204834,1,1,32767,2047.938
0.8412623405456543,1,1,32767,2047.938
0.845259428024292,1,1,32767,2047.938
0.8492534160614014,1,1,32767,2047.938
0.8532555103302002,1,1,32767,2047.938
0.8572525978088379,1,1,32767,2047.938
0.8612532615661621,1,1,32767,2047.938
0.8652546405792236,1,1,32767,2047.938
0.8692522048950195,1,1,32767,2047.938
0.873260498046875,1,1,32767,2047.938
0.8772683143615723,1,1,32767,2047.938
0.8812658786773682,1,1,32767,2047.938
0.8852713108062744,1,1,32767,2047.938
0.8893568515777588,1,1,32767,2047.938
0.8933115005493164,1,1,32767,2047.938
0.8973028659820557,1,1,32767,2047.938
0.9013028144836426,1,1,32767,2047.938
0.9053075313568115,1,1,32767,2047.938
0.9093010425567627,1,1,32767,2047.938
0.9133002758026123,1,1,32767,2047.938
0.9173018932342529,1,1,32767,2047.938
0.9213011264801025,1,1,32767,2047.938
0.9253106117248535,1,1,32767,2047.938
0.929302453994751,1,1,32767,2047.938
0.9333112239837646,1,1,32767,2047.938
0.9373023509979248,1,1,32767,2047.938
0.9413020610809326,1,1,32767,2047.938
0.9452965259552002,1,1,32767,2047.938
0.949286937713623,1,1,32767,2047.938
0.9533164501190186,1,1,32767,2047.938
0.957305908203125,1,1,32767,2047.938
0.9613020420074463,1,1,32767,2047.938
0.9653077125549316,1,1,32767,2047.938
0.969304084777832,1,1,32767,2047.938
0.9733092784881592,1,1,32767,2047.938
0.9772961139678955,1,1,32767,2047.938
0.9812884330749512,1,1,32767,2047.938
0.9853038787841797,1,1,32767,2047.938
0.9893667697906494,1,1,32767,2047.938
0.9932699203491211,1,1,32767,2047.938
0.9972882270812988,1,1,32767,2047.938
1.0012633800506592,1,1,32767,2047.938
1.022386074066162,1,1,32767,2047.938
1.025284767150879,1,1,32767,2047.938
1.0292530059814453,1,1,32767,2047.938
1.0332608222961426,1,1,32767,2047.938
1.0372657775878906,1,1,30314,1894.625
1.0412640571594238,1,1,31974,1998.375
1.0452697277069092,1,1,32767,2047.938
1.0492637157440186,1,1,32767,2047.938
1.0532684326171875,1,1,32767,2047.938
1.057264804840088,1,1,29028,1814.250
1.0612616539001465,1,1,30477,1904.812
1.065265417098999,1,1,32767,2047.938
1.0692622661590576,1,1,32767,2047.938
1.07326078414917,1,1,32767,2047.938
1.077263593673706,1,1,27814,1738.375
1.0812628269195557,1,1,28945,1809.062
1.085261344909668,1,1,32767,2047.938
1.089284896850586,1,1,32767,2047.938
1.093257188796997,1,1,32767,2047.938
1.097261667251587,1,1,26698,1668.625
1.1012613773345947,1,1,27440,1715.000
1.1052639484405518,1,1,32767,2047.938
1.1092636585235596,1,1,32767,2047.938
1.1132769584655762,1,1,32767,2047.938
1.1172614097595215,1,1,25632,1602.000
1.1212632656097412,1,1,25900,1618.750
1.1252658367156982,1,1,32767,2047.938
1.1292624473571777,1,1,32767,2047.938
1.1332662105560303,1,1,32767,2047.938
1.1372628211975098,1,1,24749,1546.812
1.1412627696990967,1,1,24462,1528.875
1.1452629566192627,1,1,32600,2037.500
1.1492607593536377,1,1,32767,2047.938
1.153261661529541,1,1,32767,2047.938
1.1572625637054443,1,1,23771,1485.688
1.1612613201141357,1,1,22954,1434.625
1.165266752243042,1,1,31858,1991.125
1.1692612171173096,1,1,32767,2047.938
1.1732654571533203,1,1,32767,2047.938
1.177274227142334,1,1,23129,1445.562
1.1812593936920166,1,1,21752,1359.500
1.1852638721466064,1,1,31203,1950.188
1.1892597675323486,1,1,32767,2047.938
1.1933586597442627,1,1,32767,2047.938
1.1973011493682861,1,1,22489,1405.562
1.2013113498687744,1,1,20514,1282.125
1.2053041458129883,1,1,30448,1903.000
1.2093007564544678,1,1,32767,2047.938
1.2133128643035889,1,1,32767,2047.938
1.217311143875122,1,1,21708,1356.750
1.221297264099121,1,1,19065,1191.562
1.2253036499023438,1,1,29523,1845.188
1.2292962074279785,1,1,32767,2047.938
1.2333261966705322,1,1,32767,2047.938
1.2372989654541016,1,1,21143,1321.438
1.241297960281372,1,1,17903,1118.938
1.2453017234802246,1,1,28660,1791.250
1.249309778213501,1,1,32767,2047.938
1.2533059120178223,1,1,32767,2047.938
1.2573025226593018,1,1,20528,1283.000
1.2613000869750977,1,1,16684,1042.750
1.2653141021728516,1,1,27704,1731.500
1.269296646118164,1,1,32767,2047.938
1.2733023166656494,1,1,32767,2047.938
1.2772974967956543,1,1,20088,1255.500
1.281308650970459,1,1,15587,974.188
1.28529953956604,1,1,26697,1668.562
1.2892987728118896,1,1,32767,2047.938
1.2933387756347656,1,1,32767,2047.938
1.2972664833068848,1,1,19626,1226.625
1.3012566566467285,1,1,14560,910.000
1.3052704334259033,1,1,25747,1609.188
1.309255599975586,1,1,32767,2047.938
1.3132851123809814,1,1,32767,2047.938
1.3172588348388672,1,1,19422,1213.875
1.32126784324646,1,1,13704,856.500
1.3252606391906738,1,1,24794,1549.625
1.3292574882507324,1,1,32767,2047.938
1.3332860469818115,1,1,32767,2047.938
1.3372471332550049,1,1,19234,1202.125
1.3412480354309082,1,1,12923,807.688
1.3452556133270264,1,1,23838,1489.875
1.3492553234100342,1,1,32767,2047.938
1.3532967567443848,1,1,32767,2047.938
1.3572595119476318,1,1,18969,1185.562
1.3612561225891113,1,1,12024,751.500
1.3652582168579102,1,1,22789,1424.312
1.3692550659179688,1,1,32767,2047.938
1.3732836246490479,1,1,18955,1184.688
1.3772590160369873,1,1,11433,714.562
1.3812570571899414,1,1,21898,1368.625
1.3852579593658447,1,1,32767,2047.938
1.3892531394958496,1,1,32767,2047.938
1.3932826519012451,1,1,18831,1176.938
1.397298812866211,1,1,10640,665.000
1.4013092517852783,1,1,20792,1299.500
1.4052960872650146,1,1,32767,2047.938
1.4092893600463867,1,1,32767,2047.938
1.4133167266845703,1,1,19017,1188.562
1.4172937870025635,1,1,10248,640.500
1.421293020248413,1,1,19891,1243.188
1.4252893924713135,1,1,32767,2047.938
1.4292798042297363,1,1,32767,2047.938
1.43330717086792,1,1,18922,1182.625
1.4372944831848145,1,1,9604,600.250
1.441293716430664,1,1,18943,1183.938
1.4452953338623047,1,1,32509,2031.812
1.4492874145507812,1,1,32767,2047.938
1.4533131122589111,1,1,19153,1197.062
1.4572923183441162,1,1,9235,577.188
1.4612910747528076,1,1,17975,1123.438
1.4652938842773438,1,1,32158,2009.875
1.4692902565002441,1,1,32767,2047.938
1.4733119010925293,1,1,19166,1197.875
1.4772953987121582,1,1,8712,544.500
1.4812898635864258,1,1,16985,1061.562
1.485292911529541,1,1,31799,1987.438
1.489288091659546,1,1,32767,2047.938
1.4933130741119385,1,1,19411,1213.188
1.49729585647583,1,1,8395,524.688
1.5012612342834473,1,1,16142,1008.875
1.5052518844604492,1,1,31442,1965.125
1.5092427730560303,1,1,32767,2047.938
1.513279676437378,1,1,19743,1233.938
1.517256736755371,1,1,8250,515.625
1.52125883102417,1,1,15349,959.312
1.525254487991333,1,1,31075,1942.188
1.5292448997497559,1,1,32767,2047.938
1.5332765579223633,1,1,19979,1248.688
1.5372555255889893,1,1,7965,497.812
1.541255235671997,1,1,14530,908.125
1.545255184173584,1,1,30680,1917.500
1.5492494106292725,1,1,32767,2047.938
1.553269624710083,1,1,20291,1268.188
1.5572562217712402,1,1,7746,484.125
1.561253547668457,1,1,13682,855.125
1.5652542114257812,1,1,30196,1887.250
1.5692498683929443,1,1,32767,2047.938
1.5732817649841309,1,1,20506,1281.625
1.577253818511963,1,1,7479,467.438
1.5812530517578125,1,1,12908,806.750
1.587998390197754,1,1,29776,1861.000
1.5893466472625732,1,1,32767,2047.938
1.5932765007019043,1,1,21029,1314.312
1.5972857475280762,1,1,7543,471.438
1.601243257522583,1,1,12281,767.562
1.605250358581543,1,1,29291,1830.688
1.609243631362915,1,1,32767,2047.938
1.6132619380950928,1,1,21301,1331.312
1.6172478199005127,1,1,7315,457.188
1.6212430000305176,1,1,11475,717.188
1.6253204345703125,1,1,28740,1796.250
1.629251480102539,1,1,32767,2047.938
1.6332461833953857,1,1,21711,1356.938
1.6372442245483398,1,1,7247,452.938
1.6412408351898193,1,1,10809,675.562
1.645270586013794,1,1,28214,1763.375
1.6492464542388916,1,1,32767,2047.938
1.6532468795776367,1,1,22251,1390.688
1.657243251800537,1,1,7341,458.812
1.6612398624420166,1,1,10241,640.062
1.6652429103851318,1,1,27655,1728.438
1.6692426204681396,1,1,32767,2047.938
1.6732447147369385,1,1,22542,1408.875
1.6772420406341553,1,1,7194,449.625
1.681239128112793,1,1,9493,593.312
1.6852593421936035,1,1,27000,1687.500
1.6892547607421875,1,1,32767,2047.938
1.6932594776153564,1,1,23136,1446.000
1.697328805923462,1,1,7463,466.438
1.7012956142425537,1,1,9168,573.000
1.7052924633026123,1,1,26605,1662.812
1.7092905044555664,1,1,32767,2047.938
1.7132961750030518,1,1,23710,1481.875
1.7172856330871582,1,1,7706,481.625
1.721285343170166,1,1,8774,548.375
1.7252976894378662,1,1,26089,1630.562
1.7292895317077637,1,1,32767,2047.938
1.7332944869995117,1,1,24203,1512.688
1.7372856140136719,1,1,7785,486.562
1.7412872314453125,1,1,8199,512.438
1.745293140411377,1,1,25359,1584.938
1.7492876052856445,1,1,32767,2047.938
1.7532944679260254,1,1,24742,1546.375
1.7572829723358154,1,1,8104,506.500
1.7612872123718262,1,1,7945,496.562
1.7652983665466309,1,1,24927,1557.938
1.7692887783050537,1,1,32767,2047.938
1.7732946872711182,1,1,25187,1574.188
1.7776758670806885,1,1,8201,512.562
1.7814807891845703,1,1,7390,461.875
1.78531813621521,1,1,24221,1513.812
1.7892930507659912,1,1,32767,2047.938
1.7932918071746826,1,1,25729,1608.062
1.7972867488861084,1,1,8488,530.500
1.8012800216674805,1,1,7069,441.812
1.8052616119384766,1,1,23660,1478.750
1.809250831604004,1,1,32767,2047.938
1.8132553100585938,1,1,26387,1649.188
1.8172483444213867,1,1,8934,558.375
1.821249008178711,1,1,6883,430.188
1.8252551555633545,1,1,23201,1450.062
1.829251766204834,1,1,32767,2047.938
1.8332555294036865,1,1,26954,1684.625
1.837242603302002,1,1,9262,578.875
1.8412384986877441,1,1,6584,411.500
1.84525465965271,1,1,22520,1407.500
1.8492498397827148,1,1,32767,2047.938
1.853254795074463,1,1,27338,1708.625
1.857248067855835,1,1,9548,596.750
1.8612501621246338,1,1,6282,392.625
1.865253210067749,1,1,21856,1366.000
1.869248867034912,1,1,32767,2047.938
1.8732538223266602,1,1,27826,1739.125
1.877246379852295,1,1,9951,621.938
1.8812482357025146,1,1,6108,381.750
1.8852567672729492,1,1,21317,1332.312
1.889249324798584,1,1,32767,2047.938
1.8932523727416992,1,1,28412,1775.750
1.8972444534301758,1,1,10386,649.125
1.901341438293457,1,1,5869,366.812
1.9052956104278564,1,1,20674,1292.125
1.9092869758605957,1,1,32767,2047.938
1.9132936000823975,1,1,28852,1803.250
1.9172837734222412,1,1,10805,675.312
1.9212849140167236,1,1,5771,360.688
1.925295114517212,1,1,20167,1260.438
1.9292869567871094,1,1,32767,2047.938
1.9332895278930664,1,1,29390,1836.875
1.937286138534546,1,1,11315,707.188
1.9412837028503418,1,1,5629,351.812
1.945289134979248,1,1,19500,1218.750
1.949272871017456,1,1,32767,2047.938
1.9532794952392578,1,1,29787,1861.688
1.9572854042053223,1,1,11795,737.188
1.9612841606140137,1,1,5645,352.812
1.965294361114502,1,1,19153,1197.062
1.9692869186401367,1,1,32767,2047.938
1.9732906818389893,1,1,30275,1892.188
1.977285385131836,1,1,12194,762.125
1.9812862873077393,1,1,5381,336.312
1.985283374786377,1,1,18400,1150.000
1.9892733097076416,1,1,32767,2047.938
1.993281364440918,1,1,30829,1926.812
1.9972822666168213,1,1,12843,802.688
2.001347541809082,1,1,5429,339.312
2.005258321762085,1,1,17848,1115.500
2.009251117706299,1,1,32767,2047.938
2.013253688812256,1,1,31181,1948.812
2.017246961593628,1,1,13289,830.562
2.026818037033081,1,1,32767,2047.938
2.029273509979248,1,1,32767,2047.938
2.033266305923462,1,1,31754,1984.625
2.0372519493103027,1,1,13961,872.562
2.0412509441375732,1,1,5442,340.125
2.045257091522217,1,1,16860,1053.750
2.0492496490478516,1,1,32167,2010.438
2.053253173828125,1,1,14508,906.750
2.057246446609497,1,1,5371,335.688
2.0612523555755615,1,1,16208,1013.000
2.0652542114257812,1,1,32762,2047.625
2.069247245788574,1,1,32509,2031.812
2.073251247406006,1,1,15127,945.438
2.077247142791748,1,1,5556,347.250
2.081249237060547,1,1,15887,992.938
2.0852484703063965,1,1,32717,2044.812
2.0892367362976074,1,1,32767,2047.938
2.093249559402466,1,1,15838,989.875
2.0972487926483154,1,1,5616,351.000
2.101247549057007,1,1,15236,952.250
2.105290174484253,1,1,32249,2015.562
2.10925030708313,1,1,32767,2047.938
2.1132543087005615,1,1,16363,1022.688
2.1172375679016113,1,1,5714,357.125
2.1212477684020996,1,1,14774,923.375
2.125251293182373,1,1,31962,1997.625
2.129248857498169,1,1,32767,2047.938
2.1332523822784424,1,1,17045,1065.312
2.1372475624084473,1,1,5870,366.875
2.141249179840088,1,1,14313,894.562
2.145253896713257,1,1,31769,1985.562
2.1492483615875244,1,1,32767,2047.938
2.153254985809326,1,1,17746,1109.125
2.157249927520752,1,1,6100,381.250
2.1612486839294434,1,1,13962,872.625
2.1652541160583496,1,1,31500,1968.750
2.169247627258301,1,1,32767,2047.938
2.173250436782837,1,1,18309,1144.312
2.17724609375,1,1,6099,381.188
2.181251287460327,1,1,13297,831.062
2.1852526664733887,1,1,31060,1941.250
2.189244031906128,1,1,32767,2047.938
2.1932506561279297,1,1,18881,1180.062
2.197246551513672,1,1,6275,392.188
2.201246976852417,1,1,13009,813.062
2.205284833908081,1,1,30952,1934.500
2.2092885971069336,1,1,32767,2047.938
2.213289499282837,1,1,19660,1228.750
2.2172868251800537,1,1,6528,408.000
2.221290111541748,1,1,12614,788.375
2.225289821624756,1,1,30618,1913.625
2.2292847633361816,1,1,32767,2047.938
2.233288526535034,1,1,20417,1276.062
2.2372889518737793,1,1,6836,427.250
2.241285800933838,1,1,12229,764.312
2.245290756225586,1,1,30176,1886.000
2.2492835521698,1,1,32767,2047.938
2.2532894611358643,1,1,20950,1309.375
2.257282257080078,1,1,7016,438.500
2.261284351348877,1,1,11830,739.375
2.2652881145477295,1,1,29874,1867.125
2.269284725189209,1,1,32767,2047.938
2.273292303085327,1,1,21672,1354.500
2.2772860527038574,1,1,7245,452.812
2.2812843322753906,1,1,11407,712.938
2.2852931022644043,1,1,29442,1840.125
2.2892837524414062,1,1,32767,2047.938
2.293290376663208,1,1,22361,1397.562
2.297287940979004,1,1,7497,468.562
2.3013086318969727,1,1,11007,687.938
2.3052937984466553,1,1,29037,1814.812
2.309237241744995,1,1,32767,2047.938
2.3132479190826416,1,1,23070,1441.875
2.3172528743743896,1,1,7871,491.938
2.3212473392486572,1,1,10751,671.938
2.3253324031829834,1,1,28678,1792.375
2.3292460441589355,1,1,32767,2047.938
2.3332433700561523,1,1,23827,1489.188
2.337238311767578,1,1,8231,514.438
2.341243028640747,1,1,10474,654.625
2.3453001976013184,1,1,28317,1769.812
2.3494675159454346,1,1,32767,2047.938
2.353304624557495,1,1,24422,1526.375
2.3572402000427246,1,1,8445,527.812
2.361236810684204,1,1,10047,627.938
2.365246534347534,1,1,27801,1737.562
2.3692448139190674,1,1,32767,2047.938
2.373307704925537,1,1,25098,1568.625
2.377249002456665,1,1,8895,555.938
2.3812365531921387,1,1,9893,618.312
2.385235071182251,1,1,27413,1713.312
2.389234781265259,1,1,32767,2047.938
2.3932695388793945,1,1,25760,1610.000
2.397261619567871,1,1,9213,575.812
2.4012491703033447,1,1,9597,599.812
2.4052391052246094,1,1,27010,1688.125
2.409269332885742,1,1,32767,2047.938
2.4132421016693115,1,1,26547,1659.188
2.417246103286743,1,1,9659,603.688
2.42124605178833,1,1,9372,585.750
2.4252402782440186,1,1,26481,1655.062
2.4292333126068115,1,1,32767,2047.938
2.433242082595825,1,1,27168,1698.000
2.4372477531433105,1,1,10099,631.188
2.4412481784820557,1,1,9193,574.562
2.445251941680908,1,1,26067,1629.188
2.449244976043701,1,1,32767,2047.938
2.4532501697540283,1,1,27752,1734.500
2.4572601318359375,1,1,10414,650.875
2.461254119873047,1,1,8880,555.000
2.4652421474456787,1,1,25404,1587.750
2.4692330360412598,1,1,32767,2047.938
2.473238229751587,1,1,28268,1766.750
2.4772467613220215,1,1,10791,674.438
2.4812426567077637,1,1,8696,543.500
2.485250473022461,1,1,25056,1566.000
2.4892451763153076,1,1,32767,2047.938
2.493251323699951,1,1,29065,1816.562
2.4972455501556396,1,1,11333,708.312
2.50124454498291,1,1,8498,531.125
2.5052478313446045,1,1,24428,1526.750
2.5093185901641846,1,1,32767,2047.938
2.5132882595062256,1,1,29722,1857.625
2.517286539077759,1,1,11930,745.625
2.521286725997925,1,1,8516,532.250
2.52529239654541,1,1,24011,1500.688
2.529280662536621,1,1,32767,2047.938
2.533287763595581,1,1,30137,1883.562
2.5372815132141113,1,1,12215,763.438
2.54128360748291,1,1,8291,518.188
2.5452866554260254,1,1,23474,1467.125
2.5492823123931885,1,1,32767,2047.938
2.5532853603363037,1,1,30720,1920.000
2.5572807788848877,1,1,12790,799.375
2.5612800121307373,1,1,8266,516.625
2.56528639793396,1,1,23002,1437.625
2.569279670715332,1,1,32767,2047.938
2.5732831954956055,1,1,31404,1962.750
2.5772829055786133,1,1,13385,836.562
2.5812816619873047,1,1,8261,516.312
2.5852768421173096,1,1,22612,1413.250
2.5892655849456787,1,1,32767,2047.938
2.593275785446167,1,1,31993,1999.562
2.597283124923706,1,1,13878,867.375
2.6012794971466064,1,1,8069,504.312
2.6052849292755127,1,1,21931,1370.688
2.6092796325683594,1,1,32767,2047.938
2.613323450088501,1,1,32465,2029.062
2.617281198501587,1,1,14419,901.188
2.6212821006774902,1,1,8127,507.938
2.625276565551758,1,1,21548,1346.750
2.6292669773101807,1,1,32767,2047.938
2.633272409439087,1,1,32767,2047.938
2.637282609939575,1,1,14974,935.875
2.641277551651001,1,1,8039,502.438
2.6452853679656982,1,1,20961,1310.062
2.6492795944213867,1,1,32767,2047.938
2.6532859802246094,1,1,32767,2047.938
2.6572675704956055,1,1,15476,967.250
2.661276340484619,1,1,8045,502.812
2.66528058052063,1,1,20464,1279.000
2.669281005859375,1,1,32767,2047.938
2.6732850074768066,1,1,32767,2047.938
2.677279233932495,1,1,16112,1007.000
2.681278705596924,1,1,8021,501.312
2.6852850914001465,1,1,19822,1238.875
2.6892786026000977,1,1,32767,2047.938
2.693282127380371,1,1,32767,2047.938
2.697282314300537,1,1,16536,1033.500
2.7012829780578613,1,1,7991,499.438
2.705284357070923,1,1,19392,1212.000
2.7092771530151367,1,1,32767,2047.938
2.7132937908172607,1,1,32767,2047.938
2.717280864715576,1,1,17213,1075.812
2.7212774753570557,1,1,18863,1178.938
2.725285768508911,1,1,32767,2047.938
2.7292773723602295,1,1,32767,2047.938
2.7332818508148193,1,1,17857,1116.062
2.7372777462005615,1,1,8129,508.062
2.741278648376465,1,1,18249,1140.562
2.7452809810638428,1,1,32767,2047.938
2.749277353286743,1,1,32767,2047.938
2.7532854080200195,1,1,18328,1145.500
2.757276773452759,1,1,8121,507.562
2.7612791061401367,1,1,17816,1113.500
2.765285015106201,1,1,32767,2047.938
2.769277572631836,1,1,32767,2047.938
2.7732791900634766,1,1,19181,1198.812
2.7776262760162354,1,1,8411,525.688
2.7814600467681885,1,1,17357,1084.812
2.785301923751831,1,1,32767,2047.938
2.789266586303711,1,1,32767,2047.938
2.7932708263397217,1,1,19652,1228.250
2.797273635864258,1,1,8388,524.250
2.8012630939483643,1,1,16792,1049.500
2.8052661418914795,1,1,32767,2047.938
2.8092615604400635,1,1,32767,2047.938
2.8132784366607666,1,1,20372,1273.250
2.817239761352539,1,1,8546,534.125
2.821239471435547,1,1,16283,1017.688
2.825244188308716,1,1,32767,2047.938
2.8292384147644043,1,1,32767,2047.938
2.8332395553588867,1,1,20917,1307.312
2.837226629257202,1,1,8609,538.062
2.8412253856658936,1,1,15752,984.500
2.845237970352173,1,1,32767,2047.938
2.8492379188537598,1,1,32767,2047.938
2.8532423973083496,1,1,21581,1348.812
2.8572375774383545,1,1,8810,550.625
2.861234426498413,1,1,15356,959.750
2.8652422428131104,1,1,32767,2047.938
2.8692383766174316,1,1,32767,2047.938
2.873242139816284,1,1,22297,1393.562
2.8772363662719727,1,1,9083,567.688
2.8812344074249268,1,1,14968,935.500
2.8852458000183105,1,1,32767,2047.938
2.889238119125366,1,1,32767,2047.938
2.893239736557007,1,1,22867,1429.188
2.897233486175537,1,1,9162,572.625
2.9012365341186523,1,1,14440,902.500
2.905237913131714,1,1,32482,2030.125
2.9092376232147217,1,1,32767,2047.938
2.9132416248321533,1,1,23531,1470.688
2.9173150062561035,1,1,9405,587.812
2.9212732315063477,1,1,13991,874.438
2.9252805709838867,1,1,32031,2001.938
2.9292759895324707,1,1,32767,2047.938
2.9332797527313232,1,1,24165,1510.312
2.9372708797454834,1,1,9642,602.625
2.9412710666656494,1,1,13639,852.438
2.9452779293060303,1,1,31658,1978.625
2.9492733478546143,1,1,32767,2047.938
2.953277349472046,1,1,24771,1548.188
2.9572701454162598,1,1,9844,615.250
2.961270570755005,1,1,13153,822.062
2.9652786254882812,1,1,31107,1944.188
2.9692623615264893,1,1,32767,2047.938
2.9732654094696045,1,1,25443,1590.188
2.977268695831299,1,1,10149,634.312
2.9812724590301514,1,1,12875,804.688
2.985278844833374,1,1,30806,1925.375
2.989271879196167,1,1,32767,2047.938
2.993274211883545,1,1,26069,1629.312
2.9972734451293945,1,1,10370,648.125
3.001269578933716,1,1,12465,779.062
3.005279779434204,1,1,30285,1892.812
3.009270429611206,1,1,32767,2047.938
3.013277769088745,1,1,26799,1674.938
3.017284631729126,1,1,10795,674.688
3.0212411880493164,1,1,12223,763.938
3.0306875705718994,1,1,32767,2047.938
3.0332841873168945,1,1,27318,1707.375
3.0372397899627686,1,1,11001,687.562
3.041234254837036,1,1,11876,742.250
3.045243501663208,1,1,29393,1837.062
3.0492351055145264,1,1,32767,2047.938
3.0532357692718506,1,1,27921,1745.062
3.057230234146118,1,1,11286,705.375
3.061234951019287,1,1,11480,717.500
3.0652401447296143,1,1,28806,1800.375
3.069234848022461,1,1,32767,2047.938
3.0732367038726807,1,1,28588,1786.750
3.077230215072632,1,1,11673,729.562
3.081235408782959,1,1,11225,701.562
3.085235357284546,1,1,28303,1768.938
3.0892229080200195,1,1,32767,2047.938
3.093231678009033,1,1,29293,1830.812
3.0972323417663574,1,1,12138,758.625
3.101228713989258,1,1,11066,691.625
3.1052370071411133,1,1,27830,1739.375
3.1092324256896973,1,1,32767,2047.938
3.1132357120513916,1,1,29809,1863.062
3.11722993850708,1,1,12470,779.375
3.121232271194458,1,1,10838,677.375
3.1252381801605225,1,1,27344,1709.000
3.129232168197632,1,1,32767,2047.938
3.1332342624664307,1,1,30391,1899.438
3.1372199058532715,1,1,12827,801.688
3.1412222385406494,1,1,10553,659.562
3.145233631134033,1,1,26738,1671.125
3.1492323875427246,1,1,32767,2047.938
3.1532340049743652,1,1,30969,1935.562
3.157229423522949,1,1,13255,828.438
3.1612300872802734,1,1,10338,646.125
3.1652398109436035,1,1,26195,1637.188
3.169231653213501,1,1,32767,2047.938
3.1732325553894043,1,1,31489,1968.062
3.1772265434265137,1,1,13591,849.438
3.181229591369629,1,1,10073,629.562
3.1852364540100098,1,1,25597,1599.812
3.1892316341400146,1,1,32767,2047.938
3.193232536315918,1,1,32104,2006.500
3.197227954864502,1,1,14162,885.125
3.201230049133301,1,1,10111,631.938
3.2052371501922607,1,1,25224,1576.500
3.20923113822937,1,1,32767,2047.938
3.2132349014282227,1,1,32542,2033.875
3.217229127883911,1,1,14492,905.750
3.221278429031372,1,1,9814,613.375
3.2252726554870605,1,1,24542,1533.875
3.2292582988739014,1,1,32767,2047.938
3.2332611083984375,1,1,32767,2047.938
3.2372708320617676,1,1,15173,948.312
3.2412688732147217,1,1,9876,617.250
3.2452709674835205,1,1,24065,1504.062
3.249268054962158,1,1,32767,2047.938
3.253274440765381,1,1,32767,2047.938
3.2572662830352783,1,1,15557,972.312
3.261265516281128,1,1,9665,604.062
3.2652769088745117,1,1,23487,1467.938
3.26926851272583,1,1,32767,2047.938
3.2732701301574707,1,1,32767,2047.938
3.277264356613159,1,1,16015,1000.938
3.2812654972076416,1,1,9471,591.938
3.285275936126709,1,1,22788,1424.250
3.2892839908599854,1,1,32767,2047.938
3.293273687362671,1,1,32767,2047.938
3.2972569465637207,1,1,16472,1029.500
3.301255702972412,1,1,9396,587.250
3.3052713871002197,1,1,22213,1388.312
3.309267282485962,1,1,32767,2047.938
3.31327748298645,1,1,32767,2047.938
3.3173327445983887,1,1,17006,1062.875
3.3212690353393555,1,1,9393,587.062
3.325239419937134,1,1,21719,1357.438
3.3318233489990234,1,1,32767,2047.938
3.3332881927490234,1,1,32767,2047.938
3.337228775024414,1,1,17484,1092.750
3.34122371673584,1,1,9216,576.000
3.3452389240264893,1,1,21085,1317.812
3.3492369651794434,1,1,32767,2047.938
3.353377342224121,1,1,32767,2047.938
3.3572468757629395,1,1,18046,1127.875
3.3612265586853027,1,1,9194,574.625
3.365226984024048,1,1,20491,1280.688
3.3692221641540527,1,1,32767,2047.938
3.3732357025146484,1,1,32767,2047.938
3.3772354125976562,1,1,18703,1168.938
3.3812272548675537,1,1,9332,583.250
3.385222911834717,1,1,19992,1249.500
3.389221429824829,1,1,32767,2047.938
3.393231153488159,1,1,32767,2047.938
3.3972346782684326,1,1,19298,1206.125
3.4012317657470703,1,1,19383,1211.438
3.405231237411499,1,1,32767,2047.938
3.4092209339141846,1,1,32767,2047.938
3.4132308959960938,1,1,19839,1239.938
3.417238235473633,1,1,9449,590.562
3.421276330947876,1,1,19011,1188.188
3.4252426624298096,1,1,32767,2047.938
3.4292359352111816,1,1,32767,2047.938
3.4332385063171387,1,1,20389,1274.312
3.4372384548187256,1,1,9467,591.688
3.4412381649017334,1,1,18309,1144.312
3.445244073867798,1,1,32767,2047.938
3.449235677719116,1,1,32767,2047.938
3.4532394409179688,1,1,20914,1307.125
3.45723557472229,1,1,9520,595.000
3.4612362384796143,1,1,17823,1113.938
3.4652395248413086,1,1,32767,2047.938
3.469235420227051,1,1,32767,2047.938
3.473238945007324,1,1,21544,1346.500
3.4772369861602783,1,1,9628,601.750
3.481235980987549,1,1,17322,1082.625
3.4852426052093506,1,1,32767,2047.938
3.4892356395721436,1,1,32767,2047.938
3.4932384490966797,1,1,22198,1387.375
3.4972331523895264,1,1,9841,615.062
3.5012357234954834,1,1,16871,1054.438
3.505230188369751,1,1,32767,2047.938
3.5092220306396484,1,1,32767,2047.938
3.513225793838501,1,1,22691,1418.188
3.5172300338745117,1,1,9843,615.188
3.5212278366088867,1,1,16270,1016.875
3.525304079055786,1,1,32767,2047.938
3.5292773246765137,1,1,32767,2047.938
3.5332767963409424,1,1,23425,1464.062
3.537276029586792,1,1,10127,632.938
3.541271924972534,1,1,15873,992.062
3.5452778339385986,1,1,32767,2047.938
3.5492749214172363,1,1,32767,2047.938
3.5532748699188232,1,1,24022,1501.375
3.557274580001831,1,1,10192,637.000
3.561274290084839,1,1,15330,958.125
3.5652804374694824,1,1,32767,2047.938
3.5692718029022217,1,1,32767,2047.938
3.5732767581939697,1,1,24591,1536.938
3.5772721767425537,1,1,10445,652.812
3.581273078918457,1,1,15077,942.312
3.585266590118408,1,1,32767,2047.938
3.58925724029541,1,1,32767,2047.938
3.5932605266571045,1,1,25398,1587.375
3.5972740650177,1,1,10710,669.375
3.601269483566284,1,1,14501,906.312
3.605273962020874,1,1,32462,2028.875
3.609269618988037,1,1,32767,2047.938
3.6132729053497314,1,1,25849,1615.562
3.617272138595581,1,1,10875,679.688
3.6212692260742188,1,1,14136,883.500
3.625277519226074,1,1,32150,2009.375
3.629235029220581,1,1,32767,2047.938
3.63323712348938,1,1,26514,1657.125
3.6372334957122803,1,1,11003,687.688
3.641233444213867,1,1,13611,850.688
3.6452252864837646,1,1,31603,1975.188
3.649219036102295,1,1,32767,2047.938
3.6532273292541504,1,1,27181,1698.812
3.6572327613830566,1,1,11325,707.812
3.6612298488616943,1,1,13275,829.688
3.6652345657348633,1,1,31053,1940.812
3.669229030609131,1,1,32767,2047.938
3.673233985900879,1,1,27539,1721.188
3.6772327423095703,1,1,11472,717.000
3.681229591369629,1,1,12933,808.312
3.685230255126953,1,1,30724,1920.250
3.6892271041870117,1,1,32767,2047.938
3.6932315826416016,1,1,28433,1777.062
3.6972270011901855,1,1,11893,743.312
3.701230525970459,1,1,12616,788.500
3.705232858657837,1,1,30147,1884.188
3.709228277206421,1,1,32767,2047.938
3.7132296562194824,1,1,28955,1809.688
3.7172257900238037,1,1,12216,763.500
3.7212276458740234,1,1,12337,771.062
3.725261926651001,1,1,29713,1857.062
3.7292709350585938,1,1,32767,2047.938
3.733271360397339,1,1,29619,1851.188
3.7372684478759766,1,1,12573,785.812
3.741266965866089,1,1,12068,754.250
3.7452709674835205,1,1,29200,1825.000
3.749267578125,1,1,32767,2047.938
3.753272533416748,1,1,30229,1889.312
3.757268190383911,1,1,12883,805.188
3.761268138885498,1,1,11699,731.188
3.7652692794799805,1,1,28502,1781.375
3.7692673206329346,1,1,32767,2047.938
3.77327299118042,1,1,30608,1913.000
3.7775986194610596,1,1,13162,822.625
3.7814838886260986,1,1,11402,712.625
3.7852964401245117,1,1,27931,1745.688
3.7892582416534424,1,1,32767,2047.938
3.7932615280151367,1,1,31191,1949.438
3.7972569465637207,1,1,13483,842.688
3.8012537956237793,1,1,11129,695.562
3.80526065826416,1,1,27443,1715.188
3.809253454208374,1,1,32767,2047.938
3.8132665157318115,1,1,31871,1991.938
3.817272663116455,1,1,14003,875.188
3.8212690353393555,1,1,10955,684.688
3.825371742248535,1,1,26837,1677.312
3.8292336463928223,1,1,32767,2047.938
3.8332362174987793,1,1,32399,2024.938
3.8372271060943604,1,1,14435,902.188
3.841245412826538,1,1,10826,676.625
3.8453433513641357,1,1,26287,1642.938
3.8492836952209473,1,1,32767,2047.938
3.853239059448242,1,1,32767,2047.938
3.8572182655334473,1,1,14745,921.562
3.861220121383667,1,1,10541,658.812
3.865215539932251,1,1,25707,1606.688
3.869215250015259,1,1,32767,2047.938
3.873220205307007,1,1,32767,2047.938
3.8772263526916504,1,1,15158,947.375
3.8812246322631836,1,1,10323,645.188
3.885221481323242,1,1,25089,1568.062
3.8892152309417725,1,1,32767,2047.938
3.893216133117676,1,1,32767,2047.938
3.8972158432006836,1,1,15699,981.188
3.901214361190796,1,1,10215,638.438
3.9052295684814453,1,1,24433,1527.062
3.909229040145874,1,1,32767,2047.938
3.9132282733917236,1,1,32767,2047.938
3.9172255992889404,1,1,16155,1009.688
3.9212260246276855,1,1,10094,630.875
3.9252257347106934,1,1,23843,1490.188
3.9292666912078857,1,1,32767,2047.938
3.93323016166687,1,1,32767,2047.938
3.937225580215454,1,1,16607,1037.938
3.94122576713562,1,1,9995,624.688
3.9452290534973145,1,1,23272,1454.500
3.9492244720458984,1,1,32767,2047.938
3.9532289505004883,1,1,32767,2047.938
3.957228660583496,1,1,17157,1072.312
3.961225986480713,1,1,9991,624.438
3.9652278423309326,1,1,22826,1426.625
3.9692254066467285,1,1,32767,2047.938
3.973228693008423,1,1,32767,2047.938
3.977226495742798,1,1,17879,1117.438
3.98122501373291,1,1,10005,625.312
3.9852278232574463,1,1,22205,1387.812
3.9892256259918213,1,1,32767,2047.938
3.993224620819092,1,1,32767,2047.938
3.9972240924835205,1,1,18144,1134.000
4.00122332572937,1,1,9763,610.188
4.005228519439697,1,1,21556,1347.250
4.00922417640686,1,1,32767,2047.938
4.01323127746582,1,1,32767,2047.938
4.017224550247192,1,1,18746,1171.625
4.021224021911621,1,1,9837,614.812
4.0252463817596436,1,1,21029,1314.312
4.034819602966309,1,1,19290,1205.625
4.037271976470947,1,1,19290,1205.625
4.041234016418457,1,1,9902,618.875
4.04523491859436,1,1,20550,1284.375
4.049229860305786,1,1,32767,2047.938
4.0532331466674805,1,1,32767,2047.938
4.057226657867432,1,1,19729,1233.062
4.061230182647705,1,1,9677,604.812
4.0652265548706055,1,1,19715,1232.188
4.069215297698975,1,1,32767,2047.938
4.073221206665039,1,1,32767,2047.938
4.0772294998168945,1,1,9818,613.625
4.081226825714111,1,1,19293,1205.812
4.0852227210998535,1,1,32767,2047.938
4.089215278625488,1,1,32767,2047.938
4.09322190284729,1,1,21036,1314.750
4.097229957580566,1,1,9947,621.688
4.101228475570679,1,1,18787,1174.188
4.105232238769531,1,1,32767,2047.938
4.109227418899536,1,1,32767,2047.938
4.1132307052612305,1,1,21528,1345.500
4.117227792739868,1,1,9962,622.625
4.121223449707031,1,1,18225,1139.062
4.1252288818359375,1,1,32767,2047.938
4.129225254058838,1,1,32767,2047.938
4.133264541625977,1,1,22274,1392.125
4.137226819992065,1,1,10250,640.625
4.14122462272644,1,1,17787,1111.688
4.145228862762451,1,1,32767,2047.938
4.149223566055298,1,1,32767,2047.938
4.153228521347046,1,1,22611,1413.188
4.157214879989624,1,1,10044,627.750
4.161211252212524,1,1,16989,1061.812
4.165229320526123,1,1,32767,2047.938
4.169226884841919,1,1,32767,2047.938
4.17322850227356,1,1,23205,1450.312
4.177226305007935,1,1,10203,637.688
4.181224346160889,1,1,16574,1035.875
4.185239553451538,1,1,32767,2047.938
4.189226150512695,1,1,32767,2047.938
4.193228244781494,1,1,23778,1486.125
4.197227239608765,1,1,10282,642.625
4.201225519180298,1,1,15986,999.125
4.205225706100464,1,1,32767,2047.938
4.209224462509155,1,1,32767,2047.938
4.2132275104522705,1,1,24350,1521.875
4.217222213745117,1,1,10463,653.938
4.221225738525391,1,1,15559,972.438
4.225229740142822,1,1,32767,2047.938
4.2292234897613525,1,1,32767,2047.938
4.23322606086731,1,1,25129,1570.562
4.237303733825684,1,1,10752,672.000
4.241251707077026,1,1,15190,949.375
4.245265245437622,1,1,32767,2047.938
4.249262571334839,1,1,32767,2047.938
4.253265142440796,1,1,25704,1606.500
4.2572643756866455,1,1,10917,682.312
4.261263370513916,1,1,14747,921.688
4.265268802642822,1,1,32767,2047.938
4.269263982772827,1,1,32767,2047.938
4.273267030715942,1,1,26291,1643.188
4.277719020843506,1,1,11135,695.938
4.281269550323486,1,1,14340,896.250
4.285257816314697,1,1,32444,2027.750
4.28924822807312,1,1,32767,2047.938
4.293455123901367,1,1,27028,1689.250
4.297579050064087,1,1,11432,714.500
4.301354646682739,1,1,13945,871.562
4.3052756786346436,1,1,31902,1993.875
4.309248924255371,1,1,32767,2047.938
4.313324451446533,1,1,27538,1721.125
4.317316770553589,1,1,11685,730.312
4.3212730884552,1,1,13622,851.375
4.325251340866089,1,1,31479,1967.438
4.329246759414673,1,1,32767,2047.938
4.333252906799316,1,1,28236,1764.750
4.337356328964233,1,1,11985,749.062
4.341221332550049,1,1,13191,824.438
4.34521222114563,1,1,30882,1930.125
4.349210262298584,1,1,32767,2047.938
4.353216886520386,1,1,28833,1802.062
4.357220411300659,1,1,12246,765.375
4.361220598220825,1,1,12800,800.000
4.365218639373779,1,1,30310,1894.375
4.3692100048065186,1,1,32767,2047.938
4.373212814331055,1,1,29287,1830.438
4.3772101402282715,1,1,12424,776.500
4.381210088729858,1,1,12394,774.625
4.3852174282073975,1,1,29743,1858.938
4.38921856880188,1,1,32767,2047.938
4.3932225704193115,1,1,29919,1869.938
4.397220849990845,1,1,12862,803.875
4.401219367980957,1,1,12228,764.250
4.405224800109863,1,1,29308,1831.750
4.409219026565552,1,1,32767,2047.938
4.413227796554565,1,1,30565,1910.312
4.417219877243042,1,1,13132,820.750
4.42122220993042,1,1,11798,737.375
4.425227880477905,1,1,28632,1789.500
4.4292192459106445,1,1,32767,2047.938
4.433223009109497,1,1,31063,1941.438
4.437222242355347,1,1,13481,842.562
4.441262722015381,1,1,11547,721.688
4.445263385772705,1,1,28024,1751.500
4.44925594329834,1,1,32767,2047.938
4.453261852264404,1,1,31544,1971.500
4.457258224487305,1,1,13828,864.250
4.461258888244629,1,1,11343,708.938
4.465261936187744,1,1,27577,1723.562
4.469257831573486,1,1,32767,2047.938
4.473260879516602,1,1,32254,2015.875
4.477262496948242,1,1,14316,894.750
4.481259107589722,1,1,11149,696.812
4.485260725021362,1,1,27002,1687.625
4.489255905151367,1,1,32767,2047.938
4.493261337280273,1,1,32767,2047.938
4.49725604057312,1,1,14835,927.188
4.501258611679077,1,1,11039,689.938
4.505262136459351,1,1,26425,1651.562
4.509256362915039,1,1,32767,2047.938
4.513260364532471,1,1,32767,2047.938
4.517258405685425,1,1,15122,945.125
4.521256923675537,1,1,10756,672.250
4.525278091430664,1,1,25817,1613.562
4.529263496398926,1,1,32767,2047.938
4.533263444900513,1,1,32767,2047.938
4.53726053237915,1,1,15486,967.875
4.541347026824951,1,1,10561,660.062
4.5452210903167725,1,1,25207,1575.438
4.54920768737793,1,1,32767,2047.938
4.553212881088257,1,1,32767,2047.938
4.557222127914429,1,1,16020,1001.250
4.561220169067383,1,1,10425,651.562
4.565220832824707,1,1,24605,1537.812
4.569220304489136,1,1,32767,2047.938
4.573221921920776,1,1,32767,2047.938
4.577223062515259,1,1,16514,1032.125
4.5812201499938965,1,1,10300,643.750
4.5852155685424805,1,1,23911,1494.438
4.5892064571380615,1,1,32767,2047.938
4.593214750289917,1,1,32767,2047.938
4.597222328186035,1,1,16796,1049.750
4.60122013092041,1,1,10034,627.125
4.60521936416626,1,1,23237,1452.312
4.609218597412109,1,1,32767,2047.938
4.613226413726807,1,1,32767,2047.938
4.617219924926758,1,1,17412,1088.250
4.621220350265503,1,1,10153,634.562
4.625224590301514,1,1,22897,1431.062
4.6292197704315186,1,1,32767,2047.938
4.633224248886108,1,1,32767,2047.938
4.637218952178955,1,1,17912,1119.500
4.641278505325317,1,1,9987,624.188
4.6452648639678955,1,1,22232,1389.500
4.6492602825164795,1,1,32767,2047.938
4.653263092041016,1,1,32767,2047.938
4.657258033752441,1,1,18438,1152.375
4.6612584590911865,1,1,9912,619.500
4.665253400802612,1,1,21537,1346.062
4.669244766235352,1,1,32767,2047.938
4.6732497215271,1,1,32767,2047.938
4.67725682258606,1,1,18909,1181.812
4.681256055831909,1,1,9944,621.500
4.685254812240601,1,1,21037,1314.812
4.689254283905029,1,1,32767,2047.938
4.693258285522461,1,1,32767,2047.938
4.697257041931152,1,1,19433,1214.562
4.701254367828369,1,1,9840,615.000
4.705259799957275,1,1,20381,1273.812
4.709254741668701,1,1,32767,2047.938
4.713258266448975,1,1,32767,2047.938
4.717254877090454,1,1,20088,1255.500
4.72125506401062,1,1,10041,627.562
4.725254535675049,1,1,19985,1249.062
4.729256629943848,1,1,32767,2047.938
4.733262300491333,1,1,32767,2047.938
4.737257242202759,1,1,20617,1288.562
4.7412543296813965,1,1,9994,624.625
4.745336532592773,1,1,32767,2047.938
4.749216794967651,1,1,32767,2047.938
4.753222227096558,1,1,21353,1334.562
4.757215261459351,1,1,10167,635.438
4.761214971542358,1,1,18781,1173.812
4.765214204788208,1,1,32767,2047.938
4.7692155838012695,1,1,32767,2047.938
4.773219585418701,1,1,21789,1361.812
4.777580976486206,1,1,10190,636.875
4.781413555145264,1,1,18310,1144.375
4.785245180130005,1,1,32767,2047.938
4.78921103477478,1,1,32767,2047.938
4.79321026802063,1,1,22395,1399.688
4.797209739685059,1,1,10240,640.000
4.801205158233643,1,1,17723,1107.688
4.8052077293396,1,1,32767,2047.938
4.809205055236816,1,1,32767,2047.938
4.813214302062988,1,1,23058,1441.125
4.817214727401733,1,1,10364,647.750
4.821216344833374,1,1,17192,1074.500
4.82521915435791,1,1,32767,2047.938
4.829211711883545,1,1,32767,2047.938
4.83321738243103,1,1,23614,1475.875
4.837341070175171,1,1,10562,660.125
4.84121298789978,1,1,16862,1053.875
4.8452630043029785,1,1,32767,2047.938
4.849217176437378,1,1,32767,2047.938
4.8532164096832275,1,1,24222,1513.875
4.857205152511597,1,1,10647,665.438
4.861205816268921,1,1,16311,1019.438
4.865204572677612,1,1,32767,2047.938
4.869204044342041,1,1,32767,2047.938
4.873210191726685,1,1,24796,1549.750
4.877216577529907,1,1,10789,674.312
4.881216049194336,1,1,15820,988.750
4.8852198123931885,1,1,32767,2047.938
4.889214992523193,1,1,32767,2047.938
4.893216609954834,1,1,25360,1585.000
4.897214889526367,1,1,10948,684.250
4.901214122772217,1,1,15347,959.188
4.905218839645386,1,1,32767,2047.938
4.909214496612549,1,1,32767,2047.938
4.913217544555664,1,1,26025,1626.562
4.917214870452881,1,1,11193,699.562
4.921213865280151,1,1,14933,933.312
4.925213098526001,1,1,32767,2047.938
4.929213285446167,1,1,32767,2047.938
4.9332191944122314,1,1,26651,1665.688
4.9372172355651855,1,1,11503,718.938
4.941211462020874,1,1,14574,910.875
4.945284843444824,1,1,32534,2033.375
4.949254512786865,1,1,32767,2047.938
4.95325779914856,1,1,27282,1705.125
4.9572529792785645,1,1,11749,734.312
4.961251497268677,1,1,14190,886.875
4.965252876281738,1,1,32040,2002.500
4.969250202178955,1,1,32767,2047.938
4.973255395889282,1,1,27796,1737.250
4.977251291275024,1,1,11895,743.438
4.981252193450928,1,1,13699,856.188
4.985258102416992,1,1,31453,1965.812
4.989255428314209,1,1,32767,2047.938
4.993255376815796,1,1,28308,1769.250
4.997253179550171,1,1,12087,755.438
5.001249313354492,1,1,13249,828.062
5.005252361297607,1,1,30873,1929.562
5.0092504024505615,1,1,32767,2047.938
5.013251543045044,1,1,28883,1805.188
5.017253637313843,1,1,12383,773.938
5.021246433258057,1,1,12994,812.125
5.0252525806427,1,1,30512,1907.000
5.029242038726807,1,1,32767,2047.938
5.039967060089111,1,1,12595,787.188
5.041297435760498,1,1,12595,787.188
5.04527735710144,1,1,29861,1866.312
5.049358129501343,1,1,32767,2047.938
5.053224802017212,1,1,30118,1882.375
5.057215213775635,1,1,12965,810.312
5.061217308044434,1,1,12275,767.188
5.065215349197388,1,1,29336,1833.500
5.069212436676025,1,1,32767,2047.938
5.073217391967773,1,1,30721,1920.062
5.077216148376465,1,1,13383,836.438
5.08121395111084,1,1,12025,751.562
5.085207223892212,1,1,28773,1798.312
5.089200735092163,1,1,32767,2047.938
5.093207120895386,1,1,31352,1959.500
5.097215414047241,1,1,13771,860.688
5.101213216781616,1,1,11766,735.375
5.105208873748779,1,1,28208,1763.000
5.109200477600098,1,1,32767,2047.938
5.113207817077637,1,1,31828,1989.250
5.117214202880859,1,1,14034,877.125
5.121212959289551,1,1,11388,711.750
5.125216722488403,1,1,27467,1716.688
5.129213809967041,1,1,32767,2047.938
5.133219242095947,1,1,32238,2014.875
5.137213230133057,1,1,14354,897.125
5.141212701797485,1,1,11165,697.812
5.145216464996338,1,1,26968,1685.500
5.149275302886963,1,1,32767,2047.938
5.1532604694366455,1,1,32767,2047.938
5.157254457473755,1,1,14916,932.250
5.161251068115234,1,1,11121,695.062
5.16525411605835,1,1,26489,1655.562
5.169252395629883,1,1,32767,2047.938
5.173256874084473,1,1,32767,2047.938
5.177236557006836,1,1,15205,950.312
5.181235313415527,1,1,10851,678.188
5.18523645401001,1,1,25897,1618.562
5.189234733581543,1,1,32767,2047.938
5.193243026733398,1,1,32767,2047.938
5.197252511978149,1,1,15702,981.375
5.201251745223999,1,1,10681,667.562
5.2052528858184814,1,1,25269,1579.312
5.2092530727386475,1,1,32767,2047.938
5.213253974914551,1,1,32767,2047.938
5.2172510623931885,1,1,16221,1013.812
5.221250057220459,1,1,10610,663.125
5.22525691986084,1,1,24699,1543.688
5.229250192642212,1,1,32767,2047.938
5.23325514793396,1,1,32767,2047.938
5.237237215042114,1,1,16694,1043.375
5.241235733032227,1,1,10492,655.750
5.2452552318573,1,1,24078,1504.875
5.249248266220093,1,1,32767,2047.938
5.25333571434021,1,1,32767,2047.938
5.257217168807983,1,1,17224,1076.500
5.261213779449463,1,1,10569,660.562
5.265218257904053,1,1,23665,1479.062
5.269209623336792,1,1,32767,2047.938
5.273215293884277,1,1,32767,2047.938
5.277214527130127,1,1,17594,1099.625
5.281230449676514,1,1,10207,637.938
5.2852089405059814,1,1,22833,1427.062
5.289198875427246,1,1,32767,2047.938
5.2932069301605225,1,1,32767,2047.938
5.29721212387085,1,1,18271,1141.938
5.301241397857666,1,1,10391,649.438
5.305254220962524,1,1,22391,1399.438
5.309203624725342,1,1,32767,2047.938
5.313207387924194,1,1,32767,2047.938
5.317416667938232,1,1,18618,1163.625
5.321339130401611,1,1,10221,638.812
5.325227737426758,1,1,21822,1363.875
5.329200983047485,1,1,32767,2047.938
5.333204507827759,1,1,32767,2047.938
5.337197303771973,1,1,19205,1200.312
5.341198921203613,1,1,10097,631.062
5.345197439193726,1,1,21121,1320.062
5.349196434020996,1,1,32767,2047.938
5.353243827819824,1,1,32767,2047.938
5.357208967208862,1,1,19620,1226.250
5.3612189292907715,1,1,9951,621.938
5.365208148956299,1,1,20407,1275.438
5.369196176528931,1,1,32767,2047.938
5.373204469680786,1,1,32767,2047.938
5.377209424972534,1,1,20253,1265.812
5.3812079429626465,1,1,10111,631.938
5.385228157043457,1,1,20003,1250.188
5.389250040054321,1,1,32767,2047.938
5.393209934234619,1,1,32767,2047.938
5.3971991539001465,1,1,20933,1308.312
5.40119743347168,1,1,10263,641.438
5.405215263366699,1,1,19491,1218.188
5.409199237823486,1,1,32767,2047.938
5.413200855255127,1,1,32767,2047.938
5.417196035385132,1,1,10163,635.188
5.4211955070495605,1,1,18878,1179.875
5.425195932388306,1,1,32767,2047.938
5.42919659614563,1,1,32767,2047.938
5.43320107460022,1,1,22007,1375.438
5.4372100830078125,1,1,10267,641.688
5.441209554672241,1,1,18319,1144.938
5.445203542709351,1,1,32767,2047.938
5.449196100234985,1,1,32767,2047.938
5.45320725440979,1,1,22521,1407.562
5.4572508335113525,1,1,10264,641.500
5.461248874664307,1,1,17705,1106.562
5.465249061584473,1,1,32767,2047.938
5.469242334365845,1,1,32767,2047.938
5.473251581192017,1,1,23158,1447.375
5.477246522903442,1,1,10485,655.312
5.481244087219238,1,1,17352,1084.500
5.485249280929565,1,1,32767,2047.938
5.489244222640991,1,1,32767,2047.938
5.493250131607056,1,1,23763,1485.188
5.497244596481323,1,1,10527,657.938
5.501245498657227,1,1,16720,1045.000
5.505249977111816,1,1,32767,2047.938
5.509244918823242,1,1,32767,2047.938
5.513250827789307,1,1,24280,1517.500
5.517247915267944,1,1,10642,665.125
5.521244049072266,1,1,16234,1014.625
5.5252602100372314,1,1,32767,2047.938
5.529248952865601,1,1,32767,2047.938
5.533249378204346,1,1,24947,1559.188
5.537249803543091,1,1,10889,680.562
5.541246175765991,1,1,15842,990.125
5.54525089263916,1,1,32767,2047.938
5.549245595932007,1,1,32767,2047.938
5.553247451782227,1,1,25640,1602.500
5.557342767715454,1,1,11196,699.750
5.561209201812744,1,1,15408,963.000
5.565204381942749,1,1,32767,2047.938
5.569207191467285,1,1,32767,2047.938
5.573210954666138,1,1,26238,1639.875
5.57720422744751,1,1,11390,711.875
5.58120584487915,1,1,15059,941.188
5.585201740264893,1,1,32767,2047.938
5.58919358253479,1,1,32767,2047.938
5.593201398849487,1,1,26822,1676.375
5.597210168838501,1,1,11464,716.500
5.601205110549927,1,1,14431,901.938
5.605210065841675,1,1,32494,2030.875
5.60920786857605,1,1,32767,2047.938
5.613214015960693,1,1,27318,1707.375
5.617205858230591,1,1,11700,731.250
5.6212077140808105,1,1,14037,877.312
5.625211477279663,1,1,31941,1996.312
5.629206895828247,1,1,32767,2047.938
5.633209228515625,1,1,27963,1747.688
5.637211322784424,1,1,11980,748.750
5.641207456588745,1,1,13710,856.875
5.645209074020386,1,1,31505,1969.062
5.649206638336182,1,1,32767,2047.938
5.653210639953613,1,1,28562,1785.125
5.657236337661743,1,1,12316,769.750
5.661247491836548,1,1,13438,839.875
5.665250539779663,1,1,31110,1944.375
5.669245481491089,1,1,32767,2047.938
5.673249244689941,1,1,29162,1822.625
5.677246332168579,1,1,12471,779.438
5.6812450885772705,1,1,12908,806.750
5.685237169265747,1,1,30472,1904.500
5.689228773117065,1,1,32767,2047.938
5.693238258361816,1,1,29932,1870.750
5.697242259979248,1,1,12926,807.875
5.701240301132202,1,1,12748,796.750
5.705244779586792,1,1,30117,1882.312
5.709244251251221,1,1,32767,2047.938
5.713243722915649,1,1,30587,1911.688
5.717243194580078,1,1,13423,838.938
5.721241474151611,1,1,12581,786.312
5.725243806838989,1,1,29505,1844.062
5.7292399406433105,1,1,32767,2047.938
5.733244180679321,1,1,30884,1930.250
5.737241268157959,1,1,13417,838.562
5.741241216659546,1,1,12067,754.188
5.745246887207031,1,1,28890,1805.625
5.749240875244141,1,1,32767,2047.938
5.753241777420044,1,1,31455,1965.938
5.757313966751099,1,1,13843,865.188
5.761206150054932,1,1,11818,738.625
5.765204668045044,1,1,28286,1767.875
5.76920223236084,1,1,32767,2047.938
5.773201942443848,1,1,31957,1997.312
5.777559041976929,1,1,14180,886.250
5.7814085483551025,1,1,11569,723.062
5.785231590270996,1,1,27720,1732.500
5.7891974449157715,1,1,32767,2047.938
5.793282985687256,1,1,32630,2039.375
5.797196388244629,1,1,14626,914.125
5.80119252204895,1,1,11354,709.625
5.80519962310791,1,1,27168,1698.000
5.8091912269592285,1,1,32767,2047.938
5.8132004737854,1,1,32767,2047.938
5.8172080516815186,1,1,15064,941.500
5.821216106414795,1,1,11192,699.500
5.825209140777588,1,1,26621,1663.812
5.829204797744751,1,1,32767,2047.938
5.833208322525024,1,1,32767,2047.938
5.837204694747925,1,1,15532,970.750
5.841192007064819,1,1,11047,690.438
5.845203638076782,1,1,26008,1625.500
5.8492021560668945,1,1,32767,2047.938
5.8532140254974365,1,1,32767,2047.938
5.857236385345459,1,1,15811,988.188
5.861205816268921,1,1,10730,670.625
5.865208387374878,1,1,25302,1581.375
5.869213342666626,1,1,32767,2047.938
5.873202323913574,1,1,32767,2047.938
5.87719988822937,1,1,16192,1012.000
5.881199836730957,1,1,10509,656.812
5.885215997695923,1,1,24631,1539.438
5.889200925827026,1,1,32767,2047.938
5.893205881118774,1,1,32767,2047.938
5.897201299667358,1,1,16790,1049.375
5.901212692260742,1,1,10431,651.938
5.905206203460693,1,1,23997,1499.812
5.9092020988464355,1,1,32767,2047.938
5.913204193115234,1,1,32767,2047.938
5.9172139167785645,1,1,17180,1073.750
5.921201705932617,1,1,10293,643.312
5.925206422805786,1,1,23455,1465.938
5.929199695587158,1,1,32767,2047.938
5.933210611343384,1,1,32767,2047.938
5.9371984004974365,1,1,17678,1104.875
5.9412009716033936,1,1,10244,640.250
5.945204973220825,1,1,22894,1430.875
5.949199438095093,1,1,32767,2047.938
5.953203201293945,1,1,32767,2047.938
5.957196474075317,1,1,18228,1139.250
5.96124005317688,1,1,10246,640.375
5.965248346328735,1,1,22363,1397.688
5.969237804412842,1,1,32767,2047.938
5.973241090774536,1,1,32767,2047.938
5.977241516113281,1,1,18763,1172.688
5.981239557266235,1,1,10222,638.875
5.98524284362793,1,1,21777,1361.062
5.989236831665039,1,1,32767,2047.938
5.993243217468262,1,1,32767,2047.938
5.997237920761108,1,1,19202,1200.125
6.001239061355591,1,1,10073,629.562
6.005244970321655,1,1,21103,1318.938
6.009236574172974,1,1,32767,2047.938
6.013238430023193,1,1,32767,2047.938
6.017239332199097,1,1,19793,1237.062
6.021240711212158,1,1,10085,630.312
6.025274038314819,1,1,20516,1282.250
6.02925181388855,1,1,32767,2047.938
6.0332441329956055,1,1,32767,2047.938
6.054993629455566,1,1,20947,1309.188
6.057376384735107,1,1,20947,1309.188
6.0613625049591064,1,1,10197,637.312
6.065220594406128,1,1,19461,1216.312
6.069204330444336,1,1,32767,2047.938
6.073211193084717,1,1,32767,2047.938
6.077202320098877,1,1,21385,1336.562
6.081202268600464,1,1,10152,634.500
6.085188627243042,1,1,18899,1181.188
6.089189052581787,1,1,32767,2047.938
6.0931947231292725,1,1,22243,1390.188
6.097204208374023,1,1,10452,653.250
6.101201772689819,1,1,18392,1149.500
6.1052069664001465,1,1,32767,2047.938
6.109200716018677,1,1,32767,2047.938
6.1132049560546875,1,1,22596,1412.250
6.117201566696167,1,1,10309,644.312
6.121201992034912,1,1,17760,1110.000
6.125206708908081,1,1,32767,2047.938
6.129200220108032,1,1,32767,2047.938
6.133204698562622,1,1,23212,1450.750
6.137202501296997,1,1,10446,652.875
6.1411988735198975,1,1,17284,1080.250
6.145196437835693,1,1,32767,2047.938
6.149187088012695,1,1,32767,2047.938
6.153193950653076,1,1,23881,1492.562
6.157201766967773,1,1,10711,669.438
6.161231756210327,1,1,16896,1056.000
6.165251970291138,1,1,32767,2047.938
6.169239044189453,1,1,32767,2047.938
6.1732447147369385,1,1,24521,1532.562
6.177240610122681,1,1,10846,677.875
6.181238651275635,1,1,16350,1021.875
6.185245037078857,1,1,32767,2047.938
6.189237594604492,1,1,32767,2047.938
6.193241596221924,1,1,25121,1570.062
6.197225093841553,1,1,10935,683.438
6.2012224197387695,1,1,15733,983.312
6.205242156982422,1,1,32767,2047.938
6.209237575531006,1,1,32767,2047.938
6.2132415771484375,1,1,25765,1610.312
6.217242002487183,1,1,11273,704.562
6.221239328384399,1,1,15489,968.062
6.225244045257568,1,1,32767,2047.938
6.229238510131836,1,1,32767,2047.938
6.233242750167847,1,1,26296,1643.500
6.237240552902222,1,1,11297,706.062
6.241240501403809,1,1,14881,930.062
6.24524450302124,1,1,32767,2047.938
6.249238967895508,1,1,32767,2047.938
6.25324010848999,1,1,26817,1676.062
6.257227420806885,1,1,11564,722.750
6.261290550231934,1,1,14555,909.688
6.265206336975098,1,1,32608,2038.000
6.269200801849365,1,1,32767,2047.938
6.273203134536743,1,1,27449,1715.562
6.277200698852539,1,1,11685,730.312
6.281521320343018,1,1,13950,871.875
6.285200595855713,1,1,31920,1995.000
6.2891845703125,1,1,32767,2047.938
6.293191194534302,1,1,28040,1752.500
6.2972002029418945,1,1,12051,753.188
6.301199674606323,1,1,13804,862.750
6.305387496948242,1,1,31675,1979.688
6.309238433837891,1,1,32767,2047.938
6.313203573226929,1,1,28745,1796.562
6.317186594009399,1,1,12403,775.188
6.321185350418091,1,1,13503,843.938
6.325365304946899,1,1,31183,1948.938
6.329387187957764,1,1,32767,2047.938
6.333241701126099,1,1,29330,1833.125
6.3372039794921875,1,1,12608,788.000
6.341196060180664,1,1,13024,814.000
6.3452112674713135,1,1,30548,1909.250
6.349197149276733,1,1,32767,2047.938
6.353203296661377,1,1,29842,1865.125
6.357184171676636,1,1,12883,805.188
6.361183404922485,1,1,12680,792.500
6.36528754234314,1,1,29945,1871.562
6.369213342666626,1,1,32767,2047.938
6.373187303543091,1,1,30340,1896.250
6.3771820068359375,1,1,13137,821.062
6.381192445755005,1,1,12332,770.750
6.385183811187744,1,1,29409,1838.062
6.389179468154907,1,1,32767,2047.938
6.393184423446655,1,1,30899,1931.188
6.397186279296875,1,1,13455,840.938
6.401180982589722,1,1,12011,750.688
6.405179262161255,1,1,28801,1800.062
6.409180402755737,1,1,32767,2047.938
6.41318941116333,1,1,31493,1968.312
6.417194128036499,1,1,13864,866.500
6.421196222305298,1,1,11851,740.688
6.425197601318359,1,1,28353,1772.062
6.429189443588257,1,1,32767,2047.938
6.433197975158691,1,1,32056,2003.500
6.4371936321258545,1,1,14153,884.562
6.441193103790283,1,1,11422,713.875
6.445192813873291,1,1,27619,1726.188
6.449190139770508,1,1,32767,2047.938
6.453192472457886,1,1,32639,2039.938
6.457195997238159,1,1,14658,916.125
6.461190700531006,1,1,11365,710.312
6.4652979373931885,1,1,27183,1698.938
6.469218730926514,1,1,32767,2047.938
6.473223924636841,1,1,32767,2047.938
6.477233648300171,1,1,15040,940.000
6.481232166290283,1,1,11183,698.938
6.485241174697876,1,1,26630,1664.375
6.489230155944824,1,1,32767,2047.938
6.493235349655151,1,1,32767,2047.938
6.497234106063843,1,1,15524,970.250
6.501230716705322,1,1,10990,686.875
6.505234003067017,1,1,25983,1623.938
6.5092291831970215,1,1,32767,2047.938
6.513232707977295,1,1,32767,2047.938
6.517230987548828,1,1,15805,987.812
6.521230459213257,1,1,10699,668.688
6.525240898132324,1,1,25288,1580.500
6.5292322635650635,1,1,32767,2047.938
6.533232927322388,1,1,32767,2047.938
6.537233829498291,1,1,16344,1021.500
6.541231393814087,1,1,10617,663.562
6.545234680175781,1,1,24717,1544.812
6.549232244491577,1,1,32767,2047.938
6.5532331466674805,1,1,32767,2047.938
6.5572309494018555,1,1,16714,1044.625
6.561228275299072,1,1,10480,655.000
6.565302133560181,1,1,24196,1512.250
6.569192409515381,1,1,32767,2047.938
6.573195934295654,1,1,32767,2047.938
6.577195644378662,1,1,17204,1075.250
6.581186056137085,1,1,10320,645.000
6.585187911987305,1,1,23466,1466.625
6.589177846908569,1,1,32767,2047.938
6.593186378479004,1,1,32767,2047.938
6.597189426422119,1,1,17656,1103.500
6.6011903285980225,1,1,10210,638.125
6.605193138122559,1,1,22884,1430.250
6.609188795089722,1,1,32767,2047.938
6.613193035125732,1,1,32767,2047.938
6.617191314697266,1,1,18329,1145.562
6.621191501617432,1,1,10352,647.000
6.625185489654541,1,1,22515,1407.188
6.629176139831543,1,1,32767,2047.938
6.633182525634766,1,1,32767,2047.938
6.637191295623779,1,1,18791,1174.438
6.641190528869629,1,1,10131,633.188
6.645192861557007,1,1,21706,1356.625
6.649188280105591,1,1,32767,2047.938
6.653193950653076,1,1,32767,2047.938
6.657191753387451,1,1,19406,1212.875
6.6611878871917725,1,1,10274,642.125
6.665194272994995,1,1,21271,1329.438
6.669271945953369,1,1,32767,2047.938
6.673234939575195,1,1,32767,2047.938
6.677232265472412,1,1,19798,1237.375
6.681227684020996,1,1,10113,632.062
6.6852288246154785,1,1,20586,1286.625
6.689226150512695,1,1,32767,2047.938
6.693233251571655,1,1,32767,2047.938
6.697229623794556,1,1,20430,1276.875
6.701225996017456,1,1,10151,634.438
6.705223083496094,1,1,19947,1246.688
6.709213972091675,1,1,32767,2047.938
6.71321964263916,1,1,32767,2047.938
6.717229604721069,1,1,21046,1315.375
6.72122597694397,1,1,10326,645.375
6.7252326011657715,1,1,19554,1222.125
6.729227304458618,1,1,32767,2047.938
6.733230352401733,1,1,32767,2047.938
6.737229108810425,1,1,21613,1350.812
6.741231679916382,1,1,10311,644.438
6.745237112045288,1,1,18968,1185.500
6.749230146408081,1,1,32767,2047.938
6.753231525421143,1,1,22055,1378.438
6.757225751876831,1,1,10302,643.875
6.761226415634155,1,1,18403,1150.188
6.765231132507324,1,1,32767,2047.938
6.769261121749878,1,1,32767,2047.938
6.773229122161865,1,1,22749,1421.812
6.777592658996582,1,1,10530,658.125
6.781387567520142,1,1,17980,1123.750
6.785260915756226,1,1,32767,2047.938
6.789223670959473,1,1,32767,2047.938
6.793228387832642,1,1,23311,1456.938
6.797228574752808,1,1,10517,657.312
6.801227807998657,1,1,17316,1082.250
6.805227756500244,1,1,32767,2047.938
6.809223175048828,1,1,32767,2047.938
6.813227891921997,1,1,23850,1490.625
6.817227602005005,1,1,10587,661.688
6.821238994598389,1,1,16759,1047.438
6.825231313705444,1,1,32767,2047.938
6.829225778579712,1,1,32767,2047.938
6.833229064941406,1,1,24504,1531.500
6.83722448348999,1,1,10837,677.312
6.841213941574097,1,1,16448,1028.000
6.845228672027588,1,1,32767,2047.938
6.849227666854858,1,1,32767,2047.938
6.853246212005615,1,1,25165,1572.812
6.857228755950928,1,1,11003,687.688
6.861229181289673,1,1,15863,991.438
6.865232944488525,1,1,32767,2047.938
6.869333028793335,1,1,32767,2047.938
6.873194456100464,1,1,25698,1606.125
6.8771891593933105,1,1,11205,700.312
6.881188869476318,1,1,15490,968.125
6.8851916790008545,1,1,32767,2047.938
6.889187335968018,1,1,32767,2047.938
6.893188238143921,1,1,26243,1640.188
6.897191047668457,1,1,11293,705.812
6.901186466217041,1,1,14936,933.500
6.905193567276001,1,1,32767,2047.938
6.9091877937316895,1,1,32767,2047.938
6.91318941116333,1,1,26927,1682.938
6.917185544967651,1,1,11622,726.375
6.921187400817871,1,1,14572,910.750
6.925190687179565,1,1,32541,2033.812
6.92918586730957,1,1,32767,2047.938
6.933193206787109,1,1,27374,1710.875
6.937191009521484,1,1,11867,741.688
6.941187381744385,1,1,14309,894.312
6.945189714431763,1,1,32216,2013.500
6.9491846561431885,1,1,32767,2047.938
6.953191041946411,1,1,27984,1749.000
6.957190752029419,1,1,12028,751.750
6.961187839508057,1,1,13828,864.250
6.965191841125488,1,1,31587,1974.188
6.969187259674072,1,1,32767,2047.938
6.973271369934082,1,1,28507,1781.688
6.97722601890564,1,1,12298,768.625
6.981222152709961,1,1,13442,840.125
6.9852283000946045,1,1,31070,1941.875
6.989224433898926,1,1,32767,2047.938
6.993228435516357,1,1,29348,1834.250
6.997225761413574,1,1,12824,801.500
7.001220941543579,1,1,13240,827.500
7.005228281021118,1,1,30583,1911.438
7.009223461151123,1,1,32767,2047.938
7.0132246017456055,1,1,29825,1864.062
7.01722526550293,1,1,12983,811.438
7.021222829818726,1,1,12840,802.500
7.025226593017578,1,1,30024,1876.500
7.029226064682007,1,1,32767,2047.938
7.0332350730896,1,1,30438,1902.375
7.0372231006622314,1,1,13389,836.812
7.041222333908081,1,1,12614,788.375
7.04522705078125,1,1,29531,1845.688
7.049222230911255,1,1,32767,2047.938
7.05991530418396,1,1,12335,770.938
7.061236381530762,1,1,12335,770.938
7.065249919891357,1,1,28990,1811.875
7.069226026535034,1,1,32767,2047.938
7.073229789733887,1,1,31655,1978.438
7.077189683914185,1,1,14116,882.250
7.081186294555664,1,1,12042,752.625
7.085183620452881,1,1,28343,1771.438
7.08917236328125,1,1,32767,2047.938
7.093178987503052,1,1,32019,2001.188
7.097187757492065,1,1,14413,900.812
7.101184368133545,1,1,11836,739.750
7.105186700820923,1,1,27815,1738.438
7.10918402671814,1,1,32767,2047.938
7.113190650939941,1,1,32467,2029.188
7.117185354232788,1,1,14599,912.438
7.121183156967163,1,1,11479,717.438
7.125192165374756,1,1,27266,1704.125
7.129183292388916,1,1,32767,2047.938
7.133184432983398,1,1,32767,2047.938
7.1371848583221436,1,1,15111,944.438
7.141184091567993,1,1,11323,707.688
7.1451873779296875,1,1,26625,1664.062
7.149182081222534,1,1,32767,2047.938
7.153185844421387,1,1,32767,2047.938
7.157183647155762,1,1,15447,965.438
7.1611833572387695,1,1,11012,688.250
7.165186643600464,1,1,25935,1620.938
7.1691834926605225,1,1,32767,2047.938
7.173183441162109,1,1,32767,2047.938
7.1772260665893555,1,1,15921,995.062
7.181224822998047,1,1,10905,681.562
7.185218095779419,1,1,25444,1590.250
7.189208745956421,1,1,32767,2047.938
7.19321608543396,1,1,32767,2047.938
7.197223901748657,1,1,16316,1019.750
7.2012224197387695,1,1,10712,669.500
7.205224514007568,1,1,24839,1552.438
7.2092204093933105,1,1,32767,2047.938
7.213223457336426,1,1,32767,2047.938
7.217211723327637,1,1,16768,1048.000
7.221205949783325,1,1,10522,657.625
7.225226640701294,1,1,24248,1515.500
7.229221343994141,1,1,32767,2047.938
7.233225107192993,1,1,32767,2047.938
7.237221002578735,1,1,17228,1076.750
7.2412192821502686,1,1,10405,650.312
7.245225429534912,1,1,23710,1481.875
7.249219655990601,1,1,32767,2047.938
7.25322151184082,1,1,32767,2047.938
7.257206678390503,1,1,17679,1104.938
7.261205673217773,1,1,10344,646.500
7.265223979949951,1,1,23204,1450.250
7.269221544265747,1,1,32767,2047.938
7.2732250690460205,1,1,32767,2047.938
7.2772557735443115,1,1,17927,1120.438
7.2812206745147705,1,1,9961,622.562
7.285226345062256,1,1,22469,1404.312
7.289244890213013,1,1,32767,2047.938
7.293227434158325,1,1,32767,2047.938
7.297207355499268,1,1,18430,1151.875
7.301206350326538,1,1,9879,617.438
7.305377721786499,1,1,22053,1378.312
7.309474229812622,1,1,32767,2047.938
7.313354253768921,1,1,32767,2047.938
7.317227125167847,1,1,18800,1175.000
7.321213245391846,1,1,9600,600.000
7.32530403137207,1,1,21526,1345.375
7.329273223876953,1,1,32767,2047.938
7.333231210708618,1,1,32767,2047.938
7.337212800979614,1,1,19261,1203.812
7.341206789016724,1,1,9230,576.875
7.345211982727051,1,1,20861,1303.812
7.349225997924805,1,1,32767,2047.938
7.353212833404541,1,1,32767,2047.938
7.3572070598602295,1,1,19416,1213.500
7.361209869384766,1,1,8785,549.062
7.3652260303497314,1,1,20238,1264.875
7.369219064712524,1,1,32767,2047.938
7.373218774795532,1,1,32767,2047.938
7.377208471298218,1,1,19716,1232.250
7.381170988082886,1,1,8617,538.562
7.385173559188843,1,1,19853,1240.812
7.389171600341797,1,1,32767,2047.938
7.393179893493652,1,1,32767,2047.938
7.397185564041138,1,1,20110,1256.875
7.401183366775513,1,1,8456,528.500
7.40518593788147,1,1,19220,1201.250
7.4091832637786865,1,1,32767,2047.938
7.4131834506988525,1,1,32767,2047.938
7.417184114456177,1,1,20626,1289.125
7.421184301376343,1,1,8476,529.750
7.425188779830933,1,1,32767,2047.938
7.429182767868042,1,1,32767,2047.938
7.43318772315979,1,1,21131,1320.688
7.4371843338012695,1,1,8429,526.812
7.441186189651489,1,1,17976,1123.500
7.4451892375946045,1,1,32767,2047.938
7.44918155670166,1,1,32767,2047.938
7.453182220458984,1,1,21704,1356.500
7.4571850299835205,1,1,8508,531.750
7.461180925369263,1,1,17408,1088.000
7.465185642242432,1,1,32767,2047.938
7.469182252883911,1,1,32767,2047.938
7.473183870315552,1,1,22327,1395.438
7.477236747741699,1,1,8640,540.000
7.4812235832214355,1,1,16859,1053.688
7.485226392745972,1,1,32767,2047.938
7.489219427108765,1,1,32767,2047.938
7.4932215213775635,1,1,23094,1443.375
7.4972240924835205,1,1,8843,552.688
7.501220703125,1,1,16349,1021.812
7.50522518157959,1,1,32767,2047.938
7.509220838546753,1,1,32767,2047.938
7.513221979141235,1,1,23793,1487.062
7.517220973968506,1,1,8965,560.312
7.5212180614471436,1,1,15758,984.875
7.525222539901733,1,1,32767,2047.938
7.529237508773804,1,1,32767,2047.938
7.533228158950806,1,1,24480,1530.000
7.537229776382446,1,1,9069,566.812
7.54122519493103,1,1,15112,944.500
7.545228958129883,1,1,32767,2047.938
7.54922342300415,1,1,32767,2047.938
7.553225755691528,1,1,24951,1559.438
7.557225942611694,1,1,9068,566.750
7.56122350692749,1,1,14421,901.312
7.565227270126343,1,1,32767,2047.938
7.569219589233398,1,1,32767,2047.938
7.573221445083618,1,1,25565,1597.812
7.577221155166626,1,1,9138,571.125
7.581186294555664,1,1,13662,853.875
7.585178375244141,1,1,32767,2047.938
7.589167356491089,1,1,32767,2047.938
7.59317684173584,1,1,26248,1640.500
7.597185373306274,1,1,9296,581.000
7.6011834144592285,1,1,13065,816.562
7.605187654495239,1,1,32767,2047.938
7.609182357788086,1,1,32767,2047.938
7.613183498382568,1,1,26845,1677.812
7.617182493209839,1,1,9436,589.750
7.621182441711426,1,1,12452,778.250
7.625186204910278,1,1,32767,2047.938
7.6291821002960205,1,1,32767,2047.938
7.633185625076294,1,1,27644,1727.750
7.637182712554932,1,1,9687,605.438
7.641183614730835,1,1,11836,739.750
7.645186901092529,1,1,32767,2047.938
7.649182558059692,1,1,32767,2047.938
7.653184652328491,1,1,28280,1767.500
7.65718412399292,1,1,9915,619.688
7.661182880401611,1,1,11336,708.500
7.665177345275879,1,1,32767,2047.938
7.66916823387146,1,1,32767,2047.938
7.673172473907471,1,1,29119,1819.938
7.677182674407959,1,1,10234,639.625
7.681263446807861,1,1,10837,677.312
7.685230255126953,1,1,32430,2026.875
7.6892194747924805,1,1,32767,2047.938
7.693220615386963,1,1,29754,1859.625
7.6972198486328125,1,1,10499,656.188
7.701221466064453,1,1,10316,644.750
7.705224990844727,1,1,31896,1993.500
7.709219932556152,1,1,32767,2047.938
7.713220834732056,1,1,30450,1903.125
7.71722149848938,1,1,10832,677.000
7.721217393875122,1,1,9839,614.938
7.725209951400757,1,1,31300,1956.250
7.729202508926392,1,1,32767,2047.938
7.733207941055298,1,1,31101,1943.812
7.737216949462891,1,1,11182,698.875
7.741225719451904,1,1,9476,592.250
7.74522066116333,1,1,30764,1922.750
7.7492148876190186,1,1,32767,2047.938
7.7532219886779785,1,1,31692,1980.750
7.757229566574097,1,1,11518,719.875
7.761216163635254,1,1,9028,564.250
7.765223026275635,1,1,30046,1877.875
7.76921534538269,1,1,32767,2047.938
7.773221015930176,1,1,32250,2015.625
7.777541875839233,1,1,11869,741.812
7.781526327133179,1,1,8714,544.625
7.785215854644775,1,1,29463,1841.438
7.789188623428345,1,1,32767,2047.938
7.7931718826293945,1,1,32767,2047.938
7.797173500061035,1,1,12325,770.312
7.8011698722839355,1,1,8460,528.750
7.805177211761475,1,1,28871,1804.438
7.809167146682739,1,1,32767,2047.938
7.813176870346069,1,1,32767,2047.938
7.817184686660767,1,1,12724,795.250
7.82119083404541,1,1,8117,507.312
7.825186014175415,1,1,28170,1760.625
7.829179048538208,1,1,32767,2047.938
7.833184480667114,1,1,32767,2047.938
7.837184429168701,1,1,13026,814.125
7.841173410415649,1,1,7696,481.000
7.845185279846191,1,1,27423,1713.938
7.849179029464722,1,1,32767,2047.938
7.853192567825317,1,1,32767,2047.938
7.857168674468994,1,1,13365,835.312
7.861166477203369,1,1,7322,457.625
7.865163326263428,1,1,26703,1668.938
7.869175672531128,1,1,32767,2047.938
7.873172044754028,1,1,32767,2047.938
7.87717604637146,1,1,13809,863.062
7.881176471710205,1,1,7040,440.000
7.885218143463135,1,1,25991,1624.438
7.889216423034668,1,1,32767,2047.938
7.893231630325317,1,1,32767,2047.938
7.897216558456421,1,1,14269,891.812
7.901216745376587,1,1,6821,426.312
7.905220985412598,1,1,25319,1582.438
7.909228801727295,1,1,32767,2047.938
7.913216829299927,1,1,32767,2047.938
7.917215347290039,1,1,14715,919.688
7.92121434211731,1,1,6620,413.750
7.9252331256866455,1,1,24557,1534.812
7.929216146469116,1,1,32767,2047.938
7.933215379714966,1,1,32767,2047.938
7.937218189239502,1,1,15156,947.250
7.941226482391357,1,1,10908,681.750
7.945220947265625,1,1,25414,1588.375
7.949213027954102,1,1,32767,2047.938
7.953218221664429,1,1,30474,1904.625
7.957228660583496,1,1,23100,1443.750
7.961215257644653,1,1,22706,1419.125
7.965217351913452,1,1,27559,1722.438
7.969213008880615,1,1,29567,1847.938
7.973230838775635,1,1,24336,1521.000
7.97721791267395,1,1,10559,659.938
7.9812140464782715,1,1,8646,540.375
7.985257148742676,1,1,28316,1769.750
7.989225387573242,1,1,32767,2047.938
7.993217945098877,1,1,32767,2047.938
7.9972169399261475,1,1,17590,1099.375
8.001211404800415,1,1,6865,429.062
8.005231857299805,1,1,21526,1345.375
8.00921368598938,1,1,32767,2047.938
8.013217210769653,1,1,32767,2047.938
8.017216920852661,1,1,17521,1095.062
8.021212816238403,1,1,6704,419.000
8.025214910507202,1,1,20432,1277.000
8.02924108505249,1,1,32767,2047.938
8.033220767974854,1,1,32767,2047.938
8.037220478057861,1,1,18053,1128.312
8.041214942932129,1,1,6779,423.688
8.045217514038086,1,1,19697,1231.062
8.04921269416809,1,1,32767,2047.938
8.053215265274048,1,1,32767,2047.938
8.063938856124878,1,1,19023,1188.938
8.06548547744751,1,1,32767,2047.938
8.069228887557983,1,1,32767,2047.938
8.073217630386353,1,1,32767,2047.938
8.077216148376465,1,1,19430,1214.375
8.081212520599365,1,1,7041,440.062
8.085307836532593,1,1,32767,2047.938
8.089164733886719,1,1,32767,2047.938
8.093168497085571,1,1,19971,1248.188
8.097178220748901,1,1,7125,445.312
8.101175785064697,1,1,17443,1090.188
8.105180740356445,1,1,32767,2047.938
8.109174489974976,1,1,32767,2047.938
8.113178491592407,1,1,20767,1297.938
8.117173671722412,1,1,7291,455.688
8.121175050735474,1,1,16743,1046.438
8.125176429748535,1,1,32767,2047.938
8.129175901412964,1,1,32767,2047.938
8.133178234100342,1,1,21399,1337.438
8.137178659439087,1,1,7417,463.562
8.14117431640625,1,1,16006,1000.375
8.145180940628052,1,1,32767,2047.938
8.149175643920898,1,1,32767,2047.938
8.153178453445435,1,1,22077,1379.812
8.157175064086914,1,1,7570,473.125
8.161173582077026,1,1,15127,945.438
8.16517686843872,1,1,32767,2047.938
8.169172048568726,1,1,32767,2047.938
8.173175811767578,1,1,22847,1427.938
8.177176713943481,1,1,12183,761.438
8.18117618560791,1,1,21313,1332.062
8.185232877731323,1,1,31210,1950.625
8.189215660095215,1,1,28850,1803.125
8.193220138549805,1,1,20250,1265.625
8.197212934494019,1,1,19369,1210.562
8.201215744018555,1,1,26917,1682.312
8.205219984054565,1,1,32767,2047.938
8.2092125415802,1,1,28399,1774.938
8.21321702003479,1,1,13120,820.000
8.217216730117798,1,1,4998,312.375
8.22121524810791,1,1,13940,871.250
8.225208044052124,1,1,32767,2047.938
8.229196071624756,1,1,32767,2047.938
8.233204364776611,1,1,26819,1676.188
8.237200498580933,1,1,9179,573.688
8.241197109222412,1,1,13710,856.875
8.245213031768799,1,1,32767,2047.938
8.24921178817749,1,1,32767,2047.938
8.253213882446289,1,1,26825,1676.562
8.25721526145935,1,1,9136,571.000
8.261209726333618,1,1,12481,780.062
8.265206336975098,1,1,32767,2047.938
8.269193887710571,1,1,32767,2047.938
8.273205757141113,1,1,27267,1704.188
8.27721357345581,1,1,9276,579.750
8.28121280670166,1,1,11600,725.000
8.285213470458984,1,1,32767,2047.938
8.289289236068726,1,1,32767,2047.938
8.29318118095398,1,1,27904,1744.000
8.297176122665405,1,1,9520,595.000
8.301173686981201,1,1,11019,688.688
8.305177450180054,1,1,32767,2047.938
8.309170961380005,1,1,32767,2047.938
8.313174962997437,1,1,28518,1782.375
8.317169189453125,1,1,9774,610.875
8.32117223739624,1,1,10451,653.188
8.325177192687988,1,1,32767,2047.938
8.329179286956787,1,1,32767,2047.938
8.333176136016846,1,1,29185,1824.062
8.337164402008057,1,1,10067,629.188
8.341159582138062,1,1,9873,617.062
8.345173597335815,1,1,32767,2047.938
8.349170446395874,1,1,32767,2047.938
8.353173971176147,1,1,29857,1866.062
8.35716962814331,1,1,10383,648.938
8.361169815063477,1,1,9367,585.438
8.365174770355225,1,1,32466,2029.125
8.369168996810913,1,1,32767,2047.938
8.373175382614136,1,1,30814,1925.875
8.377163887023926,1,1,20358,1272.375
8.38115668296814,1,1,21893,1368.312
8.385169267654419,1,1,29194,1824.625
8.389232158660889,1,1,29200,1825.000
8.393216133117676,1,1,21884,1367.750
8.397209167480469,1,1,17889,1118.062
8.40120792388916,1,1,25134,1570.875
8.405211687088013,1,1,32767,2047.938
8.409206628799438,1,1,32767,2047.938
8.413208723068237,1,1,30111,1881.938
8.41720962524414,1,1,10357,647.312
8.421210289001465,1,1,6834,427.125
8.425387620925903,1,1,28457,1778.562
8.429212808609009,1,1,32767,2047.938
8.433216333389282,1,1,30944,1934.000
8.437196969985962,1,1,10877,679.812
8.441192865371704,1,1,7126,445.375
8.445432901382446,1,1,28776,1798.500
8.44943118095398,1,1,32767,2047.938
8.453291654586792,1,1,32228,2014.250
8.457210779190063,1,1,11670,729.375
8.46119737625122,1,1,7248,453.000
8.46524453163147,1,1,28559,1784.938
8.469284534454346,1,1,32767,2047.938
8.473218202590942,1,1,32767,2047.938
8.47719669342041,1,1,12235,764.688
8.481196165084839,1,1,7146,446.625
8.48519492149353,1,1,28008,1750.500
8.489227533340454,1,1,32767,2047.938
8.493172883987427,1,1,32767,2047.938
8.49716329574585,1,1,12692,793.250
8.501158237457275,1,1,6983,436.438
8.505171298980713,1,1,27324,1707.750
8.509166955947876,1,1,32767,2047.938
8.513169288635254,1,1,32767,2047.938
8.517156600952148,1,1,13175,823.438
8.521159410476685,1,1,6828,426.750
8.525158882141113,1,1,24853,1553.312
8.52917218208313,1,1,32767,2047.938
8.533167839050293,1,1,30327,1895.438
8.537172317504883,1,1,20241,1265.062
8.541167736053467,1,1,22059,1378.688
8.545170068740845,1,1,31875,1992.188
8.549165964126587,1,1,32767,2047.938
8.55316686630249,1,1,23042,1440.125
8.557169914245605,1,1,11134,695.875
8.561172008514404,1,1,17874,1117.125
8.565174579620361,1,1,32767,2047.938
8.569169044494629,1,1,32767,2047.938
8.573172807693481,1,1,32767,2047.938
8.577173471450806,1,1,13294,830.875
8.58116888999939,1,1,5905,369.062
8.585166931152344,1,1,23520,1470.000
8.58915400505066,1,1,32767,2047.938
8.593271255493164,1,1,32767,2047.938
8.597211837768555,1,1,14896,931.000
8.601208925247192,1,1,6403,400.188
8.605210542678833,1,1,23611,1475.688
8.609206199645996,1,1,32767,2047.938
8.613210678100586,1,1,32767,2047.938
8.617210626602173,1,1,15668,979.250
8.621206283569336,1,1,6500,406.250
8.625211715698242,1,1,22942,1433.875
8.629206418991089,1,1,32767,2047.938
8.633212566375732,1,1,32767,2047.938
8.637207269668579,1,1,16290,1018.125
8.641205549240112,1,1,6524,407.750
8.645210981369019,1,1,22178,1386.125
8.64920711517334,1,1,32767,2047.938
8.653209924697876,1,1,32767,2047.938
8.657211780548096,1,1,17819,1113.688
8.661206245422363,1,1,11844,740.250
8.665213346481323,1,1,22042,1377.625
8.669204950332642,1,1,29365,1835.312
8.673211574554443,1,1,26875,1679.688
8.677205562591553,1,1,21019,1313.688
8.68120551109314,1,1,22077,1379.812
8.685210466384888,1,1,28037,1752.312
8.689204692840576,1,1,30715,1919.688
8.693211317062378,1,1,26594,1662.125
8.69717288017273,1,1,20801,1300.062
8.70116662979126,1,1,21664,1354.000
8.705164194107056,1,1,27260,1703.750
8.709154844284058,1,1,30188,1886.750
8.71316146850586,1,1,26633,1664.562
8.717167854309082,1,1,21015,1313.438
8.721166849136353,1,1,21665,1354.062
8.725171327590942,1,1,27399,1712.438
8.729166507720947,1,1,30737,1921.062
8.73317003250122,1,1,25952,1622.000
8.737170219421387,1,1,11772,735.750
8.741166591644287,1,1,5639,352.438
8.7451651096344,1,1,21764,1360.250
8.749154567718506,1,1,32767,2047.938
8.753164768218994,1,1,32767,2047.938
8.75716757774353,1,1,21477,1342.312
8.761165142059326,1,1,18554,1159.625
8.765168190002441,1,1,32767,2047.938
8.769164323806763,1,1,32767,2047.938
8.773167371749878,1,1,21220,1326.250
8.777529239654541,1,1,7470,466.875
8.781360149383545,1,1,17231,1076.938
8.785198211669922,1,1,32767,2047.938
8.789157390594482,1,1,32767,2047.938
8.793159008026123,1,1,21653,1353.312
8.797161102294922,1,1,10616,663.500
8.801156997680664,1,1,22729,1420.562
8.805153608322144,1,1,32767,2047.938
8.809154272079468,1,1,32272,2017.000
8.813162565231323,1,1,23492,1468.250
8.817170858383179,1,1,21363,1335.188
8.821167707443237,1,1,26299,1643.688
8.825170755386353,1,1,30795,1924.688
8.829162120819092,1,1,27812,1738.250
8.833168268203735,1,1,21656,1353.500
8.837290287017822,1,1,21079,1317.438
8.841161727905273,1,1,25841,1615.062
8.845165491104126,1,1,30017,1876.062
8.84916353225708,1,1,27872,1742.000
8.853163242340088,1,1,22517,1407.312
8.85715389251709,1,1,21604,1350.250
8.861149787902832,1,1,25684,1605.250
8.865149736404419,1,1,29572,1848.250
8.869151592254639,1,1,27771,1735.688
8.873158931732178,1,1,23141,1446.312
8.877163171768188,1,1,22021,1376.312
8.881161451339722,1,1,25201,1575.062
8.88516354560852,1,1,28783,1798.938
8.889164924621582,1,1,27606,1725.375
8.89316439628601,1,1,23417,1463.562
8.897203922271729,1,1,22062,1378.875
8.901200771331787,1,1,24948,1559.250
8.90520453453064,1,1,28571,1785.688
8.909200429916382,1,1,27671,1729.438
8.913204669952393,1,1,23659,1478.688
8.917203187942505,1,1,22145,1384.062
8.9212007522583,1,1,24862,1553.875
8.925201416015625,1,1,28454,1778.375
8.929200172424316,1,1,27690,1730.625
8.933201789855957,1,1,23830,1489.375
8.937206268310547,1,1,22218,1388.625
8.94120168685913,1,1,24795,1549.688
8.945205688476562,1,1,28473,1779.562
8.94920039176941,1,1,27870,1741.875
8.953205585479736,1,1,24073,1504.562
8.957200765609741,1,1,22301,1393.812
8.96119999885559,1,1,24708,1544.250
8.965205430984497,1,1,28353,1772.062
8.969200134277344,1,1,27867,1741.688
8.973204135894775,1,1,24238,1514.875
8.97720193862915,1,1,22379,1398.688
8.981199741363525,1,1,24570,1535.625
8.985205173492432,1,1,28157,1759.812
8.989198684692383,1,1,27798,1737.375
8.993202686309814,1,1,24277,1517.312
8.997239112854004,1,1,22307,1394.188
9.001201152801514,1,1,24419,1526.188
9.005205392837524,1,1,28039,1752.438
9.009199857711792,1,1,27852,1740.750
9.01320195198059,1,1,24383,1523.938
9.017203330993652,1,1,22271,1391.938
9.02119755744934,1,1,24344,1521.500
9.025201559066772,1,1,28076,1754.750
9.029215812683105,1,1,28025,1751.562
9.03320860862732,1,1,24589,1536.812
9.037203311920166,1,1,22238,1389.875
9.041203737258911,1,1,24124,1507.750
9.045206069946289,1,1,27873,1742.062
9.049200534820557,1,1,27988,1749.250
9.053199529647827,1,1,24673,1542.062
9.057206392288208,1,1,22223,1388.938
9.067974328994751,1,1,27907,1744.188
9.069293975830078,1,1,27907,1744.188
9.073225498199463,1,1,24712,1544.500
9.077202558517456,1,1,22204,1387.750
9.081200361251831,1,1,23858,1491.125
9.085201740264893,1,1,27591,1724.438
9.089182138442993,1,1,27988,1749.250
9.093194961547852,1,1,24898,1556.125
9.097286939620972,1,1,22289,1393.062
9.101168394088745,1,1,23829,1489.312
9.105169296264648,1,1,27542,1721.375
9.10916256904602,1,1,28024,1751.500
9.11316466331482,1,1,24996,1562.250
9.117160081863403,1,1,22263,1391.438
9.12116265296936,1,1,23696,1481.000
9.125166654586792,1,1,27376,1711.000
9.129160404205322,1,1,27986,1749.125
9.133163928985596,1,1,25106,1569.125
9.137161493301392,1,1,22339,1396.188
9.141162633895874,1,1,23617,1476.062
9.145163297653198,1,1,27276,1704.750
9.149163007736206,1,1,28139,1758.688
9.153164148330688,1,1,25457,1591.062
9.157161951065063,1,1,22616,1413.500
9.161160469055176,1,1,23771,1485.688
9.165167331695557,1,1,27343,1708.938
9.169161558151245,1,1,28231,1764.438
9.173164367675781,1,1,25543,1596.438
9.17716360092163,1,1,22521,1407.562
9.181160926818848,1,1,23471,1466.938
9.1851646900177,1,1,26934,1683.375
9.189160346984863,1,1,28012,1750.750
9.193165302276611,1,1,25567,1597.938
9.197160720825195,1,1,22540,1408.750
9.201201915740967,1,1,23343,1458.938
9.205205202102661,1,1,26783,1673.938
9.209198951721191,1,1,28069,1754.312
9.21320629119873,1,1,25787,1611.688
9.217203855514526,1,1,22694,1418.375
9.221198320388794,1,1,23334,1458.375
9.225204229354858,1,1,26700,1668.750
9.22919774055481,1,1,28054,1753.375
9.233202457427979,1,1,25852,1615.750
9.237201452255249,1,1,22760,1422.500
9.241198062896729,1,1,23340,1458.750
9.245203733444214,1,1,26621,1663.812
9.249199867248535,1,1,28034,1752.125
9.25320053100586,1,1,25846,1615.375
9.257189512252808,1,1,22683,1417.688
9.261184215545654,1,1,23250,1453.125
9.265183210372925,1,1,26566,1660.375
9.269182682037354,1,1,28157,1759.812
9.273191690444946,1,1,26083,1630.188
9.277201414108276,1,1,22809,1425.562
9.281196355819702,1,1,23130,1445.625
9.285201787948608,1,1,26361,1647.562
9.289222717285156,1,1,28155,1759.688
9.293217897415161,1,1,26266,1641.625
9.297186136245728,1,1,22930,1433.125
9.301233530044556,1,1,23111,1444.438
9.305286884307861,1,1,26274,1642.125
9.309208869934082,1,1,28116,1757.250
9.313199281692505,1,1,26301,1643.812
9.317304372787476,1,1,22991,1436.938
9.321349859237671,1,1,23082,1442.625
9.325217723846436,1,1,26199,1637.438
9.329182386398315,1,1,28273,1767.062
9.333183765411377,1,1,26669,1666.812
9.337198495864868,1,1,23371,1460.688
9.341185808181763,1,1,23256,1453.500
9.3451828956604,1,1,26119,1632.438
9.349253416061401,1,1,28134,1758.375
9.353209495544434,1,1,26517,1657.312
9.357197523117065,1,1,23132,1445.750
9.361195802688599,1,1,22940,1433.750
9.365220069885254,1,1,25853,1615.812
9.369189739227295,1,1,28033,1752.062
9.37318229675293,1,1,26554,1659.625
9.377182722091675,1,1,23160,1447.500
9.381181001663208,1,1,22885,1430.312
9.38519549369812,1,1,25786,1611.625
9.389190673828125,1,1,28082,1755.125
9.39319920539856,1,1,26605,1662.812
9.397180318832397,1,1,23199,1449.938
9.401262521743774,1,1,22803,1425.188
9.405152082443237,1,1,25587,1599.188
9.409146547317505,1,1,28009,1750.562
9.413154602050781,1,1,26736,1671.000
9.417157411575317,1,1,23398,1462.375
9.421157121658325,1,1,22849,1428.062
9.425159454345703,1,1,27930,1745.625
9.429155588150024,1,1,26754,1672.125
9.433162212371826,1,1,23435,1464.688
9.437155723571777,1,1,22785,1424.062
9.441157102584839,1,1,25365,1585.312
9.445158958435059,1,1,27903,1743.938
9.449155330657959,1,1,26840,1677.500
9.453161239624023,1,1,23516,1469.750
9.457163095474243,1,1,22778,1423.625
9.461156606674194,1,1,25322,1582.625
9.465161323547363,1,1,27986,1749.125
9.469154357910156,1,1,26950,1684.375
9.473158836364746,1,1,23601,1475.062
9.477159023284912,1,1,22709,1419.312
9.481154918670654,1,1,25140,1571.250
9.485158681869507,1,1,27911,1744.438
9.48915696144104,1,1,27086,1692.875
9.493159532546997,1,1,23831,1489.438
9.497156143188477,1,1,22854,1428.375
9.501150608062744,1,1,25149,1571.812
9.505245923995972,1,1,27880,1742.500
9.509194374084473,1,1,27076,1692.250
9.513198375701904,1,1,23860,1491.250
9.517194986343384,1,1,22801,1425.062
9.521193504333496,1,1,25080,1567.500
9.525196075439453,1,1,27922,1745.125
9.52920937538147,1,1,27194,1699.625
9.533206701278687,1,1,23876,1492.250
9.537199258804321,1,1,22575,1410.938
9.541198253631592,1,1,24790,1549.375
9.545202493667603,1,1,27810,1738.125
9.549195766448975,1,1,27284,1705.250
9.55320119857788,1,1,24111,1506.938
9.55719780921936,1,1,22738,1421.125
9.561196327209473,1,1,24781,1548.812
9.565193891525269,1,1,27750,1734.375
9.569196939468384,1,1,27316,1707.250
9.573196649551392,1,1,24202,1512.625
9.577200412750244,1,1,22764,1422.750
9.581191778182983,1,1,24780,1548.750
9.585190773010254,1,1,27792,1737.000
9.589178085327148,1,1,27419,1713.688
9.593189001083374,1,1,24328,1520.500
9.597196578979492,1,1,22803,1425.188
9.601195096969604,1,1,24805,1550.312
9.605273008346558,1,1,27907,1744.188
9.609161376953125,1,1,27468,1716.750
9.613162755966187,1,1,24188,1511.750
9.617157459259033,1,1,22545,1409.062
9.621160745620728,1,1,24656,1541.000
9.625162363052368,1,1,28025,1751.562
9.629152297973633,1,1,27659,1728.688
9.633160591125488,1,1,24296,1518.500
9.637154817581177,1,1,22468,1404.250
9.641157150268555,1,1,24501,1531.312
9.645159721374512,1,1,27911,1744.438
9.649156093597412,1,1,27620,1726.250
9.653159141540527,1,1,24254,1515.875
9.657156467437744,1,1,22304,1394.000
9.661154985427856,1,1,24315,1519.688
9.665162086486816,1,1,27914,1744.625
9.669153928756714,1,1,27842,1740.125
9.673157215118408,1,1,24611,1538.188
9.677152395248413,1,1,22544,1409.000
9.681154012680054,1,1,24376,1523.500
9.685157299041748,1,1,27949,1746.812
9.689155101776123,1,1,27758,1734.875
9.693153381347656,1,1,24000,1500.000
9.697152137756348,1,1,21635,1352.188
9.701155424118042,1,1,24360,1522.500
9.705159664154053,1,1,29444,1840.250
9.70919394493103,1,1,28708,1794.250
9.713197946548462,1,1,21468,1341.750
9.717196941375732,1,1,17116,1069.750
9.721191167831421,1,1,24958,1559.875
9.725199937820435,1,1,32767,2047.938
9.729192972183228,1,1,32767,2047.938
9.733194828033447,1,1,26239,1639.938
9.737196445465088,1,1,8774,548.375
9.741190910339355,1,1,6687,417.938
9.745189428329468,1,1,29628,1851.750
9.749176502227783,1,1,32767,2047.938
9.753183603286743,1,1,31705,1981.562
9.757191181182861,1,1,11278,704.875
9.761190414428711,1,1,7569,473.062
9.765187978744507,1,1,30036,1877.250
9.769174575805664,1,1,32767,2047.938
9.773183822631836,1,1,32541,2033.812
9.777513265609741,1,1,11814,738.375
9.781407117843628,1,1,7360,460.000
9.785223007202148,1,1,29381,1836.312
9.78918194770813,1,1,32767,2047.938
9.793180227279663,1,1,32767,2047.938
9.797263622283936,1,1,12191,761.938
9.801180601119995,1,1,7085,442.812
9.805177927017212,1,1,28707,1794.188
9.809255838394165,1,1,32767,2047.938
9.81315016746521,1,1,32767,2047.938
9.817159175872803,1,1,12559,784.938
9.821152687072754,1,1,6849,428.062
9.825160264968872,1,1,28042,1752.625
9.829153299331665,1,1,32767,2047.938
9.833158731460571,1,1,32767,2047.938
9.8371422290802,1,1,12969,810.562
9.841158628463745,1,1,6641,415.062
9.845232009887695,1,1,27368,1710.500
9.849892854690552,1,1,32767,2047.938
9.853195190429688,1,1,32767,2047.938
9.857146978378296,1,1,13345,834.062
9.861142873764038,1,1,6463,403.938
9.865154027938843,1,1,26650,1665.625
9.86915111541748,1,1,32767,2047.938
9.873157501220703,1,1,32767,2047.938
9.877140760421753,1,1,13787,861.688
9.881139993667603,1,1,6308,394.250
9.885152101516724,1,1,25892,1618.250
9.889151811599731,1,1,32767,2047.938
9.89315414428711,1,1,32767,2047.938
9.89715576171875,1,1,14197,887.312
9.901150941848755,1,1,6174,385.875
9.905155420303345,1,1,25155,1572.188
9.909191608428955,1,1,32767,2047.938
9.913157939910889,1,1,32767,2047.938
9.917155981063843,1,1,14565,910.312
9.921152114868164,1,1,6057,378.562
9.925157308578491,1,1,24392,1524.500
9.929150581359863,1,1,32767,2047.938
9.933153629302979,1,1,32767,2047.938
9.93715238571167,1,1,15092,943.250
9.941148281097412,1,1,9920,620.000
9.945155382156372,1,1,19849,1240.562
9.949147939682007,1,1,26966,1685.375
9.953153133392334,1,1,26124,1632.750
9.957149267196655,1,1,23056,1441.000
9.961148262023926,1,1,24073,1504.562
9.965155124664307,1,1,27510,1719.375
9.969146966934204,1,1,28524,1782.750
9.973152160644531,1,1,25926,1620.375
9.97714900970459,1,1,22870,1429.375
9.981151103973389,1,1,23788,1486.750
9.985151767730713,1,1,27105,1694.062
9.989146947860718,1,1,28399,1774.938
9.99315071105957,1,1,26130,1633.125
9.997148752212524,1,1,23133,1445.812
10.001146793365479,1,1,23842,1490.125
10.00515365600586,1,1,26749,1671.812
10.009148836135864,1,1,27941,1746.312
10.013225793838501,1,1,25996,1624.750
10.017194986343384,1,1,23320,1457.500
10.021189451217651,1,1,23853,1490.812
10.025189876556396,1,1,26575,1660.938
10.02921175956726,1,1,27958,1747.375
10.033199548721313,1,1,26242,1640.125
10.037191152572632,1,1,23497,1468.562
10.04118824005127,1,1,23727,1482.938
10.045194625854492,1,1,26266,1641.625
10.049187660217285,1,1,27788,1736.750
10.053190469741821,1,1,26255,1640.938
10.057190656661987,1,1,23586,1474.125
10.06118631362915,1,1,23757,1484.812
10.072021245956421,1,1,26418,1651.125
10.07332968711853,1,1,23645,1477.812
10.077195167541504,1,1,23645,1477.812
10.081191062927246,1,1,23634,1477.125
10.085183143615723,1,1,26100,1631.250
10.089171886444092,1,1,26498,1656.125
10.093290328979492,1,1,23694,1480.875
10.097205877304077,1,1,23558,1472.375
10.10119080543518,1,1,25953,1622.062
10.105196475982666,1,1,27822,1738.875
10.109188795089722,1,1,26518,1657.375
10.113276243209839,1,1,23777,1486.062
10.117151975631714,1,1,23607,1475.438
10.121149778366089,1,1,25950,1621.875
10.12515377998352,1,1,27876,1742.250
10.129148006439209,1,1,26598,1662.375
10.133154392242432,1,1,23794,1487.125
10.13715147972107,1,1,23525,1470.312
10.14115023612976,1,1,25828,1614.250
10.14515471458435,1,1,27872,1742.000
10.149148225784302,1,1,26720,1670.000
10.153152227401733,1,1,23927,1495.438
10.157150506973267,1,1,23536,1471.000
10.161148071289062,1,1,25755,1609.688
10.165148973464966,1,1,27829,1739.312
10.169147729873657,1,1,26694,1668.375
10.173151016235352,1,1,23854,1490.875
10.177152633666992,1,1,23326,1457.875
10.181148290634155,1,1,25536,1596.000
10.185152769088745,1,1,27771,1735.688
10.189149141311646,1,1,26806,1675.375
10.19315218925476,1,1,24023,1501.438
10.197148323059082,1,1,23416,1463.500
10.201147556304932,1,1,25469,1591.812
10.205151557922363,1,1,27695,1730.938
10.209145784378052,1,1,26854,1678.375
10.213152885437012,1,1,24233,1514.562
10.217193126678467,1,1,23501,1468.812
10.22118592262268,1,1,25370,1585.625
10.225183725357056,1,1,27546,1721.625
10.22916841506958,1,1,26777,1673.562
10.233180046081543,1,1,24185,1511.562
10.23719072341919,1,1,23393,1462.062
10.241189002990723,1,1,25297,1581.062
10.245193481445312,1,1,27598,1724.875
10.249188423156738,1,1,26960,1685.000
10.253193140029907,1,1,24366,1522.875
10.257188320159912,1,1,23376,1461.000
10.261184930801392,1,1,25114,1569.625
10.265191555023193,1,1,27431,1714.438
10.269188404083252,1,1,26892,1680.750
10.273205518722534,1,1,24396,1524.750
10.277171850204468,1,1,23360,1460.000
10.281170129776001,1,1,25015,1563.438
10.28518795967102,1,1,27303,1706.438
10.28926706314087,1,1,26827,1676.688
10.293214082717896,1,1,24434,1527.125
10.297708988189697,1,1,23362,1460.125
10.301406860351562,1,1,24970,1560.625
10.305242776870728,1,1,27307,1706.688
10.309171676635742,1,1,26907,1681.688
10.313213586807251,1,1,24505,1531.562
10.317140102386475,1,1,23337,1458.562
10.321224689483643,1,1,24954,1559.625
10.325192928314209,1,1,27418,1713.625
10.329140901565552,1,1,27116,1694.750
10.333134651184082,1,1,24657,1541.062
10.337395191192627,1,1,23243,1452.688
10.34114933013916,1,1,24705,1544.062
10.345138549804688,1,1,27249,1703.062
10.349128723144531,1,1,27122,1695.125
10.353134393692017,1,1,24722,1545.125
10.357129096984863,1,1,23194,1449.625
10.361130237579346,1,1,24551,1534.438
10.365142822265625,1,1,27119,1694.938
10.369143009185791,1,1,27167,1697.938
10.373148202896118,1,1,24901,1556.312
10.377140283584595,1,1,23314,1457.125
10.381131649017334,1,1,24578,1536.125
10.38514494895935,1,1,27037,1689.812
10.389141082763672,1,1,27043,1690.188
10.39314317703247,1,1,24761,1547.562
10.397140502929688,1,1,23115,1444.688
10.401140213012695,1,1,24417,1526.062
10.405144453048706,1,1,27018,1688.625
10.409138202667236,1,1,27182,1698.875
10.413143634796143,1,1,24939,1558.688
10.417186737060547,1,1,23200,1450.000
10.421179056167603,1,1,24391,1524.438
10.42518663406372,1,1,27007,1687.938
10.429179430007935,1,1,27284,1705.250
10.433180809020996,1,1,25137,1571.062
10.437177658081055,1,1,23291,1455.688
10.441180944442749,1,1,24399,1524.938
10.445182800292969,1,1,26994,1687.125
10.449175119400024,1,1,27317,1707.312
10.453180313110352,1,1,25143,1571.438
10.457172870635986,1,1,23135,1445.938
10.461163997650146,1,1,24120,1507.500
10.465175151824951,1,1,26770,1673.125
10.469176292419434,1,1,27271,1704.438
10.47318410873413,1,1,25261,1578.812
10.477179765701294,1,1,23306,1456.625
10.48117709159851,1,1,24272,1517.000
10.48518180847168,1,1,26859,1678.688
10.48917818069458,1,1,27371,1710.688
10.49318242073059,1,1,25346,1584.125
10.497183561325073,1,1,23216,1451.000
10.501176118850708,1,1,24016,1501.000
10.505183696746826,1,1,26538,1658.625
10.509174823760986,1,1,27159,1697.438
10.513181209564209,1,1,25282,1580.125
10.517213582992554,1,1,23247,1452.938
10.521178483963013,1,1,24152,1509.500
10.52518081665039,1,1,26738,1671.125
10.52918004989624,1,1,27447,1715.438
10.533183574676514,1,1,25549,1596.812
10.537180662155151,1,1,23336,1458.500
10.54117465019226,1,1,24058,1503.625
10.545179605484009,1,1,26638,1664.875
10.54917573928833,1,1,27525,1720.312
10.553181648254395,1,1,25712,1607.000
10.557177305221558,1,1,23373,1460.812
10.561179399490356,1,1,23934,1495.875
10.565178632736206,1,1,26437,1652.312
10.569176197052002,1,1,27423,1713.938
10.573180675506592,1,1,25724,1607.750
10.57717776298523,1,1,23372,1460.750
10.581174373626709,1,1,23850,1490.625
10.585172176361084,1,1,26324,1645.250
10.589159488677979,1,1,27369,1710.562
10.593169212341309,1,1,25785,1611.562
10.597176551818848,1,1,23431,1464.438
10.601173877716064,1,1,23831,1489.438
10.605180501937866,1,1,26266,1641.625
10.609174251556396,1,1,27414,1713.375
10.613179922103882,1,1,25838,1614.875
10.617210388183594,1,1,23419,1463.688
10.62117624282837,1,1,23774,1485.875
10.625175952911377,1,1,26260,1641.250
10.629159927368164,1,1,27522,1720.125
10.633169174194336,1,1,25987,1624.188
10.63718032836914,1,1,23471,1466.938
10.64117693901062,1,1,23686,1480.375
10.645179986953735,1,1,26098,1631.125
10.649173259735107,1,1,27439,1714.938
10.653180837631226,1,1,25946,1621.625
10.657176733016968,1,1,23392,1462.000
10.661175727844238,1,1,23572,1473.250
10.665173053741455,1,1,26021,1626.312
10.669172286987305,1,1,27499,1718.688
10.673178911209106,1,1,26110,1631.875
10.677175045013428,1,1,23616,1476.000
10.681174755096436,1,1,23684,1480.250
10.685180187225342,1,1,25954,1622.125
10.689179420471191,1,1,27479,1717.438
10.693177461624146,1,1,26208,1638.000
10.697176218032837,1,1,23671,1479.438
10.701174259185791,1,1,23608,1475.500
10.70517373085022,1,1,25804,1612.750
10.709174633026123,1,1,27428,1714.250
10.713175058364868,1,1,26271,1641.938
10.717174291610718,1,1,23775,1485.938
10.721175193786621,1,1,23655,1478.438
10.725176572799683,1,1,25828,1614.250
10.729172468185425,1,1,27484,1717.750
10.733174800872803,1,1,26299,1643.688
10.737179279327393,1,1,23733,1483.312
10.741174459457397,1,1,23493,1468.312
10.745174884796143,1,1,25603,1600.188
10.749173879623413,1,1,27355,1709.688
10.753183603286743,1,1,23692,1480.750
10.757174491882324,1,1,23379,1461.188
10.761175632476807,1,1,25539,1596.188
10.765178442001343,1,1,27469,1716.812
10.769173622131348,1,1,26524,1657.750
10.77317762374878,1,1,23933,1495.812
10.77753472328186,1,1,23424,1464.000
10.781357288360596,1,1,25390,1586.875
10.785220384597778,1,1,27375,1710.938
10.789177656173706,1,1,26476,1654.750
10.793177604675293,1,1,23853,1490.812
10.797186136245728,1,1,23303,1456.438
10.801177740097046,1,1,25280,1580.000
10.805179834365845,1,1,27309,1706.812
10.809174537658691,1,1,26473,1654.562
10.81317687034607,1,1,23896,1493.500
10.817180156707764,1,1,23260,1453.750
10.821267127990723,1,1,25246,1577.875
10.825141429901123,1,1,27381,1711.312
10.829137563705444,1,1,26585,1661.562
10.833138465881348,1,1,23964,1497.750
10.837137222290039,1,1,23200,1450.000
10.841136932373047,1,1,25069,1566.812
10.845139503479004,1,1,27311,1706.938
10.8491370677948,1,1,26687,1667.938
10.853139877319336,1,1,24087,1505.438
10.857139825820923,1,1,23210,1450.625
10.861138105392456,1,1,25006,1562.875
10.865138530731201,1,1,27259,1703.688
10.869135618209839,1,1,26666,1666.625
10.873136281967163,1,1,24131,1508.188
10.877135992050171,1,1,23208,1450.500
10.881136178970337,1,1,24967,1560.438
10.885138511657715,1,1,27288,1705.500
10.889134407043457,1,1,26783,1673.938
10.893137693405151,1,1,24268,1516.750
10.8971426486969,1,1,23273,1454.562
10.901138067245483,1,1,24975,1560.938
10.905134916305542,1,1,27344,1709.000
10.909133672714233,1,1,26929,1683.062
10.913139581680298,1,1,24404,1525.250
10.917136430740356,1,1,23279,1454.938
10.921190977096558,1,1,24927,1557.938
10.92517375946045,1,1,27305,1706.562
10.929170846939087,1,1,26909,1681.812
10.933176755905151,1,1,24457,1528.562
10.937178373336792,1,1,23304,1456.500
10.941171646118164,1,1,24912,1557.000
10.945170640945435,1,1,27336,1708.500
10.949172973632812,1,1,26971,1685.688
10.95317554473877,1,1,24500,1531.250
10.957172393798828,1,1,23228,1451.750
10.96117091178894,1,1,24776,1548.500
10.965175151824951,1,1,27283,1705.188
10.969170331954956,1,1,27088,1693.000
10.973174810409546,1,1,24647,1540.438
10.977173328399658,1,1,23208,1450.500
10.98116946220398,1,1,24615,1538.438
10.985172033309937,1,1,27160,1697.500
10.98917007446289,1,1,27099,1693.688
10.993171453475952,1,1,24724,1545.250
10.997172355651855,1,1,23200,1450.000
11.001174926757812,1,1,24573,1535.812
11.005176067352295,1,1,27174,1698.375
11.009169816970825,1,1,27188,1699.250
11.013170719146729,1,1,24838,1552.375
11.017172574996948,1,1,23187,1449.188
11.021169424057007,1,1,24452,1528.250
11.025183916091919,1,1,27053,1690.812
11.029170751571655,1,1,27198,1699.875
11.033179521560669,1,1,24935,1558.438
11.03717303276062,1,1,23200,1450.000
11.04117226600647,1,1,24398,1524.875
11.04517412185669,1,1,26942,1683.875
11.049170732498169,1,1,27052,1690.750
11.053173303604126,1,1,24816,1551.000
11.057173013687134,1,1,23106,1444.125
11.061169624328613,1,1,24346,1521.625
11.065170764923096,1,1,27003,1687.688
11.087321043014526,1,1,27200,1700.000
11.089207172393799,1,1,27200,1700.000
11.093181848526001,1,1,25079,1567.438
11.097175121307373,1,1,23214,1450.875
11.101174354553223,1,1,24279,1517.438
11.105173587799072,1,1,26866,1679.125
11.109172344207764,1,1,27251,1703.188
11.11317491531372,1,1,25163,1572.688
11.117170333862305,1,1,23199,1449.938
11.121169567108154,1,1,24181,1511.312
11.12519097328186,1,1,26833,1677.062
11.129133701324463,1,1,27407,1712.938
11.133132934570312,1,1,25423,1588.938
11.13713526725769,1,1,23294,1455.875
11.141132116317749,1,1,24097,1506.062
11.145132064819336,1,1,26710,1669.375
11.14913034439087,1,1,27360,1710.000
11.153136968612671,1,1,25388,1586.750
11.157135009765625,1,1,23192,1449.500
11.161131858825684,1,1,23924,1495.250
11.165135145187378,1,1,26519,1657.438
11.169131517410278,1,1,27317,1707.312
11.173134088516235,1,1,25492,1593.250
11.177132844924927,1,1,23293,1455.812
11.181131601333618,1,1,23955,1497.188
11.185131549835205,1,1,26509,1656.812
11.189130544662476,1,1,27350,1709.375
11.19313383102417,1,1,25520,1595.000
11.197132349014282,1,1,23200,1450.000
11.201131582260132,1,1,23785,1486.562
11.205134630203247,1,1,26304,1644.000
11.209130764007568,1,1,27276,1704.750
11.21313190460205,1,1,25603,1600.188
11.217130661010742,1,1,23311,1456.938
11.221131563186646,1,1,23854,1490.875
11.225129842758179,1,1,26379,1648.688
11.22920036315918,1,1,27408,1713.000
11.233175277709961,1,1,25706,1606.625
11.237169981002808,1,1,23305,1456.562
11.241170406341553,1,1,23760,1485.000
11.245172500610352,1,1,26245,1640.312
11.24916672706604,1,1,27341,1708.812
11.253169298171997,1,1,25805,1612.812
11.257173776626587,1,1,23539,1471.188
11.261167764663696,1,1,23933,1495.812
11.265166997909546,1,1,26327,1645.438
11.269166469573975,1,1,27482,1717.625
11.273172378540039,1,1,25878,1617.375
11.27716875076294,1,1,23361,1460.062
11.281169176101685,1,1,23730,1483.125
11.285161256790161,1,1,26314,1644.625
11.289175033569336,1,1,27558,1722.375
11.293231725692749,1,1,25836,1614.750
11.297160863876343,1,1,23202,1450.125
11.30115294456482,1,1,23823,1488.938
11.305155515670776,1,1,26729,1670.562
11.309260368347168,1,1,27915,1744.688
11.313190937042236,1,1,24052,1503.250
11.317250728607178,1,1,10119,632.438
11.32141923904419,1,1,4731,295.688
11.325228691101074,1,1,23395,1462.188
11.32915711402893,1,1,32767,2047.938
11.333131074905396,1,1,32767,2047.938
11.337136507034302,1,1,18782,1173.875
11.341125726699829,1,1,7059,441.188
11.345119953155518,1,1,21700,1356.250
11.349119901657104,1,1,32767,2047.938
11.35312533378601,1,1,32767,2047.938
11.357131242752075,1,1,18890,1180.625
11.3611319065094,1,1,6991,436.938
11.36512804031372,1,1,20103,1256.438
11.369117498397827,1,1,32767,2047.938
11.373126745223999,1,1,32767,2047.938
11.377131938934326,1,1,19328,1208.000
11.38112473487854,1,1,7093,443.312
11.385212898254395,1,1,19071,1191.938
11.389128923416138,1,1,32767,2047.938
11.39312219619751,1,1,32767,2047.938
11.397117853164673,1,1,19828,1239.250
11.40111756324768,1,1,7195,449.688
11.405116081237793,1,1,18237,1139.812
11.409131288528442,1,1,32767,2047.938
11.413122415542603,1,1,32767,2047.938
11.41711974143982,1,1,20452,1278.250
11.42111611366272,1,1,17558,1097.375
11.42513132095337,1,1,32767,2047.938
11.429165601730347,1,1,32767,2047.938
11.433135032653809,1,1,21098,1318.625
11.437117576599121,1,1,7463,466.438
11.441119194030762,1,1,16766,1047.875
11.445130586624146,1,1,32767,2047.938
11.449129819869995,1,1,32767,2047.938
11.453129768371582,1,1,21831,1364.438
11.457130908966064,1,1,7669,479.312
11.461130380630493,1,1,16139,1008.688
11.465132713317871,1,1,32767,2047.938
11.469129085540771,1,1,32767,2047.938
11.47313404083252,1,1,22595,1412.188
11.477121829986572,1,1,7905,494.062
11.481116533279419,1,1,15521,970.062
11.485127925872803,1,1,32767,2047.938
11.489128828048706,1,1,32767,2047.938
11.493129968643188,1,1,23303,1456.438
11.497127294540405,1,1,8134,508.375
11.50112795829773,1,1,14818,926.125
11.505127906799316,1,1,32767,2047.938
11.50912618637085,1,1,32767,2047.938
11.513135194778442,1,1,24075,1504.688
11.517130374908447,1,1,8397,524.812
11.521129608154297,1,1,14317,894.812
11.525131702423096,1,1,32767,2047.938
11.529127597808838,1,1,32767,2047.938
11.533179998397827,1,1,24732,1545.750
11.537171840667725,1,1,8600,537.500
11.541166305541992,1,1,13807,862.938
11.545164346694946,1,1,32767,2047.938
11.549165487289429,1,1,32767,2047.938
11.553169012069702,1,1,25570,1598.125
11.55716347694397,1,1,8868,554.250
11.56116509437561,1,1,13265,829.062
11.565170049667358,1,1,32767,2047.938
11.56916880607605,1,1,32767,2047.938
11.573168992996216,1,1,26150,1634.375
11.577168703079224,1,1,9048,565.500
11.581164360046387,1,1,12671,791.938
11.585158109664917,1,1,32767,2047.938
11.589148998260498,1,1,32767,2047.938
11.593162298202515,1,1,26829,1676.812
11.597164154052734,1,1,9275,579.688
11.601164817810059,1,1,12093,755.812
11.605170726776123,1,1,32767,2047.938
11.609164476394653,1,1,32767,2047.938
11.613167762756348,1,1,27556,1722.250
11.617168188095093,1,1,9528,595.500
11.62116527557373,1,1,11533,720.812
11.62516736984253,1,1,32767,2047.938
11.629165649414062,1,1,32767,2047.938
11.63320779800415,1,1,28309,1769.312
11.637165307998657,1,1,9797,612.312
11.641165494918823,1,1,11055,690.938
11.645169019699097,1,1,32767,2047.938
11.649162769317627,1,1,32767,2047.938
11.653165102005005,1,1,29088,1818.000
11.657166004180908,1,1,10109,631.812
11.66116213798523,1,1,10621,663.812
11.665160179138184,1,1,32767,2047.938
11.669161796569824,1,1,32767,2047.938
11.673167943954468,1,1,29644,1852.750
11.677162408828735,1,1,10340,646.250
11.681161403656006,1,1,9952,622.000
11.685166835784912,1,1,32391,2024.438
11.689162254333496,1,1,32767,2047.938
11.693170070648193,1,1,30227,1889.188
11.697164058685303,1,1,10598,662.375
11.701161861419678,1,1,9348,584.250
11.705162525177002,1,1,31863,1991.438
11.709162473678589,1,1,32767,2047.938
11.71316409111023,1,1,30891,1930.688
11.717162609100342,1,1,10934,683.375
11.721162796020508,1,1,8819,551.188
11.725165128707886,1,1,31213,1950.812
11.729161500930786,1,1,32767,2047.938
11.73316502571106,1,1,31573,1973.312
11.737168788909912,1,1,11328,708.000
11.741161584854126,1,1,8567,535.438
11.745162963867188,1,1,30673,1917.062
11.74916124343872,1,1,32767,2047.938
11.753167867660522,1,1,32249,2015.562
11.757166624069214,1,1,11750,734.375
11.76116156578064,1,1,8340,521.250
11.765166521072388,1,1,30116,1882.250
11.769164323806763,1,1,32767,2047.938
11.773167133331299,1,1,32767,2047.938
11.777505874633789,1,1,12113,757.062
11.78134536743164,1,1,7963,497.688
11.78520941734314,1,1,29394,1837.125
11.789159536361694,1,1,32767,2047.938
11.79316234588623,1,1,32767,2047.938
11.797160863876343,1,1,12439,777.438
11.801166296005249,1,1,7546,471.625
11.80516266822815,1,1,28610,1788.125
11.809158563613892,1,1,32767,2047.938
11.813160181045532,1,1,32767,2047.938
11.81716251373291,1,1,12767,797.938
11.821166038513184,1,1,7185,449.062
11.82515287399292,1,1,27863,1741.438
11.8291494846344,1,1,32767,2047.938
11.833171129226685,1,1,32767,2047.938
11.837141036987305,1,1,13126,820.375
11.841125249862671,1,1,6943,433.938
11.845128297805786,1,1,27095,1693.438
11.84912109375,1,1,32767,2047.938
11.853122234344482,1,1,32767,2047.938
11.85712218284607,1,1,13594,849.625
11.861121654510498,1,1,6827,426.688
11.865121603012085,1,1,26383,1648.938
11.869117498397827,1,1,32767,2047.938
11.873119115829468,1,1,32767,2047.938
11.877124309539795,1,1,14045,877.812
11.88112735748291,1,1,6694,418.375
11.885128259658813,1,1,25591,1599.438
11.889121294021606,1,1,32767,2047.938
11.893126487731934,1,1,32767,2047.938
11.897127151489258,1,1,14536,908.500
11.901124238967896,1,1,6624,414.000
11.90512228012085,1,1,24893,1555.812
11.9091215133667,1,1,32767,2047.938
11.913126945495605,1,1,32767,2047.938
11.917121171951294,1,1,14995,937.188
11.921122550964355,1,1,6519,407.438
11.925126314163208,1,1,24116,1507.250
11.92912220954895,1,1,32767,2047.938
11.933125972747803,1,1,32767,2047.938
11.937169551849365,1,1,15522,970.125
11.941161394119263,1,1,6487,405.438
11.945160865783691,1,1,23368,1460.500
11.949162006378174,1,1,32767,2047.938
11.953163623809814,1,1,32767,2047.938
11.957159519195557,1,1,15975,998.438
11.961159229278564,1,1,6450,403.125
11.965162992477417,1,1,22580,1411.250
11.969159603118896,1,1,32767,2047.938
11.973160982131958,1,1,32767,2047.938
11.977163314819336,1,1,16549,1034.312
11.981160163879395,1,1,6447,402.938
11.98516297340393,1,1,21693,1355.812
11.989158153533936,1,1,32767,2047.938
11.993162155151367,1,1,32767,2047.938
11.9971604347229,1,1,17138,1071.125
12.00115966796875,1,1,6490,405.625
12.005163431167603,1,1,20865,1304.062
12.009156465530396,1,1,32767,2047.938
12.013164043426514,1,1,32767,2047.938
12.01716136932373,1,1,17698,1106.125
12.021158933639526,1,1,6565,410.312
12.025156497955322,1,1,20136,1258.500
12.029157876968384,1,1,32767,2047.938
12.033169746398926,1,1,32767,2047.938
12.03719711303711,1,1,18257,1141.062
12.04115915298462,1,1,6643,415.188
12.04516315460205,1,1,19311,1206.938
12.049159288406372,1,1,32767,2047.938
12.053160667419434,1,1,32767,2047.938
12.057161092758179,1,1,18854,1178.375
12.061158895492554,1,1,6744,421.500
12.065159559249878,1,1,18529,1158.062
12.06915807723999,1,1,32767,2047.938
12.073160409927368,1,1,32767,2047.938
12.077160596847534,1,1,6864,429.000
12.08115816116333,1,1,17842,1115.125
12.091954946517944,1,1,32767,2047.938
12.093270778656006,1,1,19997,1249.812
12.097180604934692,1,1,6995,437.188
12.101160526275635,1,1,17039,1064.938
12.1051607131958,1,1,32767,2047.938
12.109158515930176,1,1,32767,2047.938
12.113161563873291,1,1,20690,1293.125
12.117157697677612,1,1,7170,448.125
12.121155738830566,1,1,16251,1015.688
12.125160217285156,1,1,32767,2047.938
12.129157781600952,1,1,32767,2047.938
12.133161783218384,1,1,21407,1337.938
12.137175559997559,1,1,7370,460.625
12.14112663269043,1,1,15628,976.750
12.14512038230896,1,1,32767,2047.938
12.149118423461914,1,1,32767,2047.938
12.153119802474976,1,1,22066,1379.125
12.15711784362793,1,1,7551,471.938
12.161118268966675,1,1,14794,924.625
12.165121078491211,1,1,32767,2047.938
12.169116973876953,1,1,32767,2047.938
12.173118114471436,1,1,22812,1425.750
12.177120208740234,1,1,7768,485.500
12.181118726730347,1,1,14031,876.938
12.185119152069092,1,1,32767,2047.938
12.189119815826416,1,1,32767,2047.938
12.193120002746582,1,1,23550,1471.875
12.197113752365112,1,1,7990,499.375
12.201118230819702,1,1,13335,833.438
12.205121278762817,1,1,32767,2047.938
12.20911717414856,1,1,32767,2047.938
12.213119268417358,1,1,24361,1522.562
12.217117309570312,1,1,8242,515.125
12.221118211746216,1,1,12777,798.562
12.225117683410645,1,1,32767,2047.938
12.229116678237915,1,1,32767,2047.938
12.233121871948242,1,1,25254,1578.375
12.237120151519775,1,1,8523,532.688
12.241161823272705,1,1,12047,752.938
12.24516224861145,1,1,32767,2047.938
12.249154329299927,1,1,32767,2047.938
12.253157138824463,1,1,26040,1627.500
12.257161140441895,1,1,8779,548.688
12.261158227920532,1,1,11389,711.812
12.26515507698059,1,1,32767,2047.938
12.269158840179443,1,1,32767,2047.938
12.27316164970398,1,1,26845,1677.812
12.277156591415405,1,1,9053,565.812
12.281606912612915,1,1,10821,676.312
12.285160541534424,1,1,32767,2047.938
12.289143085479736,1,1,32767,2047.938
12.293147802352905,1,1,27580,1723.750
12.297141790390015,1,1,9340,583.750
12.301141500473022,1,1,10289,643.062
12.30514121055603,1,1,32767,2047.938
12.309560298919678,1,1,32767,2047.938
12.313209772109985,1,1,28371,1773.188
12.317145824432373,1,1,9668,604.250
12.321143865585327,1,1,9765,610.312
12.32515835762024,1,1,32767,2047.938
12.329176187515259,1,1,32767,2047.938
12.333390474319458,1,1,28993,1812.062
12.337284088134766,1,1,9941,621.312
12.34127426147461,1,1,9313,582.062
12.345113754272461,1,1,32767,2047.938
12.349109172821045,1,1,32767,2047.938
12.353115320205688,1,1,29721,1857.562
12.357115745544434,1,1,10283,642.688
12.361127376556396,1,1,8895,555.938
12.365117073059082,1,1,32454,2028.375
12.369105339050293,1,1,32767,2047.938
12.373131275177002,1,1,30306,1894.125
12.377174139022827,1,1,10576,661.000
12.381122589111328,1,1,8447,527.938
12.385120391845703,1,1,31889,1993.062
12.38912558555603,1,1,32767,2047.938
12.39312195777893,1,1,30970,1935.625
12.397118330001831,1,1,10930,683.125
12.40112018585205,1,1,8091,505.688
12.405117988586426,1,1,31292,1955.750
12.409114837646484,1,1,32767,2047.938
12.413115739822388,1,1,31545,1971.562
12.41711688041687,1,1,11258,703.625
12.421114206314087,1,1,7757,484.812
12.425117254257202,1,1,30630,1914.375
12.429116249084473,1,1,32767,2047.938
12.433123588562012,1,1,32076,2004.750
12.437116146087646,1,1,11584,724.000
12.44119644165039,1,1,7510,469.375
12.445159912109375,1,1,30029,1876.812
12.449154138565063,1,1,32767,2047.938
12.453159809112549,1,1,32645,2040.312
12.457156419754028,1,1,11957,747.312
12.461153745651245,1,1,7278,454.875
12.465151309967041,1,1,29343,1833.938
12.469153642654419,1,1,32767,2047.938
12.47315526008606,1,1,32767,2047.938
12.477152347564697,1,1,12320,770.000
12.4811532497406,1,1,7110,444.375
12.485156059265137,1,1,28733,1795.812
12.48915433883667,1,1,32767,2047.938
12.493159532546997,1,1,32767,2047.938
12.49714183807373,1,1,12742,796.375
12.501137971878052,1,1,6938,433.625
12.505153894424438,1,1,28051,1753.188
12.509152173995972,1,1,32767,2047.938
12.513158321380615,1,1,32767,2047.938
12.517152070999146,1,1,13135,820.938
12.52115511894226,1,1,6753,422.062
12.52515721321106,1,1,27272,1704.500
12.529150009155273,1,1,32767,2047.938
12.533159255981445,1,1,32767,2047.938
12.537156343460083,1,1,13571,848.188
12.541223287582397,1,1,6641,415.062
12.545109987258911,1,1,26553,1659.562
12.54910159111023,1,1,32767,2047.938
12.553120851516724,1,1,32767,2047.938
12.557119846343994,1,1,14048,878.000
12.561115503311157,1,1,6531,408.188
12.565118551254272,1,1,25719,1607.438
12.569112539291382,1,1,32767,2047.938
12.57311749458313,1,1,32767,2047.938
12.57711672782898,1,1,14501,906.312
12.581113338470459,1,1,6459,403.688
12.58510422706604,1,1,24924,1557.750
12.589100122451782,1,1,32767,2047.938
12.593111276626587,1,1,32767,2047.938
12.59711480140686,1,1,14989,936.812
12.601114511489868,1,1,6418,401.125
12.6051185131073,1,1,24134,1508.375
12.609112739562988,1,1,32767,2047.938
12.613116979598999,1,1,32767,2047.938
12.6171133518219,1,1,15502,968.875
12.62111234664917,1,1,6401,400.062
12.62511396408081,1,1,23317,1457.312
12.629112482070923,1,1,32767,2047.938
12.633117437362671,1,1,32767,2047.938
12.637112379074097,1,1,16005,1000.312
12.641111135482788,1,1,6393,399.562
12.645219802856445,1,1,22453,1403.312
12.64915132522583,1,1,32767,2047.938
12.653156995773315,1,1,32767,2047.938
12.657156229019165,1,1,16577,1036.062
12.661150455474854,1,1,6437,402.312
12.66514778137207,1,1,21625,1351.562
12.669148206710815,1,1,32767,2047.938
12.673156976699829,1,1,32767,2047.938
12.677149534225464,1,1,17125,1070.312
12.681148290634155,1,1,6503,406.438
12.685154676437378,1,1,20878,1304.875
12.689150333404541,1,1,32767,2047.938
12.693153858184814,1,1,32767,2047.938
12.697150230407715,1,1,17703,1106.438
12.70114779472351,1,1,6605,412.812
12.705139875411987,1,1,20186,1261.625
12.709134340286255,1,1,32767,2047.938
12.713139057159424,1,1,32767,2047.938
12.717152833938599,1,1,18295,1143.438
12.721152305603027,1,1,6710,419.375
12.725155353546143,1,1,19411,1213.188
12.729149580001831,1,1,32767,2047.938
12.73315167427063,1,1,32767,2047.938
12.737160205841064,1,1,18914,1182.125
12.741150379180908,1,1,18627,1164.188
12.745213508605957,1,1,32767,2047.938
12.749114274978638,1,1,32767,2047.938
12.753113746643066,1,1,19657,1228.562
12.757110357284546,1,1,7002,437.625
12.761110067367554,1,1,17877,1117.312
12.76511549949646,1,1,32767,2047.938
12.769110918045044,1,1,32767,2047.938
12.773112535476685,1,1,20290,1268.125
12.777462244033813,1,1,7136,446.000
12.78126335144043,1,1,16908,1056.750
12.785146474838257,1,1,32767,2047.938
12.789111852645874,1,1,32767,2047.938
12.793112993240356,1,1,20965,1310.312
12.797110080718994,1,1,7306,456.625
12.801110029220581,1,1,16132,1008.250
12.8051118850708,1,1,32767,2047.938
12.809109210968018,1,1,32767,2047.938
12.813110589981079,1,1,21708,1356.750
12.817113161087036,1,1,7507,469.188
12.821113586425781,1,1,15434,964.625
12.825104236602783,1,1,32767,2047.938
12.829099178314209,1,1,32767,2047.938
12.833108901977539,1,1,22438,1402.375
12.837119102478027,1,1,7712,482.000
12.841118335723877,1,1,14784,924.000
12.845191478729248,1,1,32767,2047.938
12.849149942398071,1,1,32767,2047.938
12.853147506713867,1,1,23188,1449.250
12.857147455215454,1,1,7928,495.500
12.861146450042725,1,1,14033,877.062
12.865151405334473,1,1,32767,2047.938
12.869147539138794,1,1,32767,2047.938
12.873148679733276,1,1,23930,1495.625
12.877148151397705,1,1,8151,509.438
12.881150007247925,1,1,13376,836.000
12.88515329360962,1,1,32767,2047.938
12.889147996902466,1,1,32767,2047.938
12.893147945404053,1,1,24775,1548.438
12.897153377532959,1,1,8413,525.812
12.901148796081543,1,1,12751,796.938
12.905148029327393,1,1,32767,2047.938
12.909145593643188,1,1,32767,2047.938
12.913151502609253,1,1,25580,1598.750
12.917149543762207,1,1,8670,541.875
12.921148777008057,1,1,12142,758.875
12.925151824951172,1,1,32767,2047.938
12.92914628982544,1,1,32767,2047.938
12.933151245117188,1,1,26411,1650.688
12.937153100967407,1,1,8944,559.000
12.94114875793457,1,1,11522,720.125
12.945146083831787,1,1,32767,2047.938
12.949228286743164,1,1,32767,2047.938
12.953114986419678,1,1,27166,1697.875
12.95710825920105,1,1,9208,575.500
12.96111011505127,1,1,10916,682.250
12.965114116668701,1,1,32767,2047.938
12.969109773635864,1,1,32767,2047.938
12.97311019897461,1,1,27849,1740.562
12.977107763290405,1,1,9479,592.438
12.981110095977783,1,1,10357,647.312
12.985107421875,1,1,32767,2047.938
12.989108085632324,1,1,32767,2047.938
12.993112087249756,1,1,28580,1786.250
12.997108697891235,1,1,9790,611.875
13.001107215881348,1,1,9872,617.000
13.005110502243042,1,1,32767,2047.938
13.009108543395996,1,1,32767,2047.938
13.013110637664795,1,1,29304,1831.500
13.01711368560791,1,1,10116,632.250
13.021106481552124,1,1,9400,587.500
13.025110006332397,1,1,32767,2047.938
13.029107570648193,1,1,32767,2047.938
13.03311824798584,1,1,30040,1877.500
13.037109851837158,1,1,10471,654.438
13.041112422943115,1,1,9016,563.500
13.045111894607544,1,1,32320,2020.000
13.049169301986694,1,1,32767,2047.938
13.053151607513428,1,1,30635,1914.688
13.057152271270752,1,1,10778,673.625
13.06114411354065,1,1,8551,534.438
13.065163612365723,1,1,31676,1979.750
13.06914472579956,1,1,32767,2047.938
13.073147773742676,1,1,31212,1950.750
13.077146768569946,1,1,11096,693.500
13.081161975860596,1,1,8194,512.125
13.0851411819458,1,1,31063,1941.438
13.095950841903687,1,1,11437,714.812
13.0972740650177,1,1,11437,714.812
13.101160049438477,1,1,7873,492.062
13.105172872543335,1,1,30414,1900.875
13.10914397239685,1,1,32767,2047.938
13.11314868927002,1,1,32377,2023.562
13.117144584655762,1,1,11807,737.938
13.121157169342041,1,1,7650,478.125
13.12515139579773,1,1,29801,1862.562
13.129146099090576,1,1,32767,2047.938
13.1331467628479,1,1,32767,2047.938
13.137158155441284,1,1,12187,761.688
13.141144037246704,1,1,7432,464.500
13.145153045654297,1,1,29156,1822.250
13.149143934249878,1,1,32767,2047.938
13.15329360961914,1,1,32767,2047.938
13.157108306884766,1,1,12592,787.000
13.161106586456299,1,1,7158,447.375
13.16511082649231,1,1,28339,1771.188
13.169113636016846,1,1,32767,2047.938
13.173107862472534,1,1,32767,2047.938
13.17710566520691,1,1,13050,815.625
13.181106567382812,1,1,6907,431.688
13.185121774673462,1,1,27484,1717.750
13.189105749130249,1,1,32767,2047.938
13.193107843399048,1,1,32767,2047.938
13.19710397720337,1,1,13570,848.125
13.201117515563965,1,1,6736,421.000
13.205110788345337,1,1,26633,1664.562
13.209106922149658,1,1,32767,2047.938
13.213107585906982,1,1,32767,2047.938
13.217104434967041,1,1,14059,878.688
13.221106052398682,1,1,6620,413.750
13.22510576248169,1,1,25842,1615.125
13.229104995727539,1,1,32767,2047.938
13.233108520507812,1,1,32767,2047.938
13.237105131149292,1,1,14583,911.438
13.241104125976562,1,1,6532,408.250
13.245108366012573,1,1,24982,1561.375
13.249103784561157,1,1,32767,2047.938
13.253163814544678,1,1,32767,2047.938
13.257147789001465,1,1,15089,943.062
13.261145114898682,1,1,6457,403.562
13.265150308609009,1,1,24083,1505.188
13.269140720367432,1,1,32767,2047.938
13.27314829826355,1,1,32767,2047.938
13.27714228630066,1,1,15592,974.500
13.281140804290771,1,1,6445,402.812
13.285146951675415,1,1,23278,1454.875
13.289174795150757,1,1,32767,2047.938
13.293165683746338,1,1,32767,2047.938
13.2971351146698,1,1,16098,1006.125
13.301129341125488,1,1,6458,403.625
13.305147409439087,1,1,22459,1403.688
13.309216022491455,1,1,32767,2047.938
13.313189506530762,1,1,32767,2047.938
13.317135334014893,1,1,16753,1047.062
13.321309566497803,1,1,6512,407.000
13.325293064117432,1,1,21559,1347.438
13.329162120819092,1,1,32767,2047.938
13.33315634727478,1,1,32767,2047.938
13.33715033531189,1,1,17256,1078.500
13.341132640838623,1,1,6563,410.188
13.345131158828735,1,1,20751,1296.938
13.349127531051636,1,1,32767,2047.938
13.353136777877808,1,1,32767,2047.938
13.35710859298706,1,1,17959,1122.438
13.361106395721436,1,1,6672,417.000
13.365102291107178,1,1,19828,1239.250
13.369088172912598,1,1,32767,2047.938
13.373097896575928,1,1,32767,2047.938
13.377105236053467,1,1,18597,1162.312
13.381107807159424,1,1,6826,426.625
13.385179996490479,1,1,19226,1201.625
13.389103889465332,1,1,32767,2047.938
13.393093585968018,1,1,32767,2047.938
13.397090435028076,1,1,19005,1187.812
13.401103019714355,1,1,7001,437.562
13.40509581565857,1,1,20240,1265.000
13.40908932685852,1,1,32767,2047.938
13.41309642791748,1,1,21136,1321.000
13.417105674743652,1,1,7642,477.625
13.421102523803711,1,1,19640,1227.500
13.425099849700928,1,1,32767,2047.938
13.429089546203613,1,1,32767,2047.938
13.433099269866943,1,1,21583,1348.938
13.437109231948853,1,1,7669,479.312
13.441105365753174,1,1,18454,1153.375
13.445108890533447,1,1,32767,2047.938
13.449103355407715,1,1,32767,2047.938
13.45310926437378,1,1,21967,1372.938
13.457147359848022,1,1,7692,480.750
13.46114206314087,1,1,17327,1082.938
13.465146780014038,1,1,32767,2047.938
13.469141006469727,1,1,32767,2047.938
13.47314739227295,1,1,22524,1407.750
13.477140665054321,1,1,7802,487.625
13.481139183044434,1,1,16299,1018.688
13.485145092010498,1,1,32767,2047.938
13.489140748977661,1,1,32767,2047.938
13.493141174316406,1,1,23095,1443.438
13.497143268585205,1,1,7957,497.312
13.50114130973816,1,1,15526,970.375
13.505145788192749,1,1,32767,2047.938
13.509140729904175,1,1,32767,2047.938
13.513144969940186,1,1,23785,1486.562
13.517134189605713,1,1,8160,510.000
13.521124839782715,1,1,14730,920.625
13.525138139724731,1,1,32767,2047.938
13.5291428565979,1,1,32767,2047.938
13.533148527145386,1,1,24409,1525.562
13.537145137786865,1,1,8392,524.500
13.541142225265503,1,1,14217,888.562
13.545145750045776,1,1,32767,2047.938
13.549139499664307,1,1,32767,2047.938
13.553141832351685,1,1,25122,1570.125
13.557178735733032,1,1,8660,541.250
13.5611412525177,1,1,13711,856.938
13.56514573097229,1,1,32767,2047.938
13.5691397190094,1,1,32767,2047.938
13.573144674301147,1,1,25696,1606.000
13.577142238616943,1,1,8884,555.250
13.581138134002686,1,1,13104,819.000
13.585135459899902,1,1,32767,2047.938
13.589124202728271,1,1,32767,2047.938
13.593135118484497,1,1,26384,1649.000
13.597143650054932,1,1,9172,573.250
13.601139307022095,1,1,12606,787.875
13.605145692825317,1,1,32767,2047.938
13.609138011932373,1,1,32767,2047.938
13.613141536712646,1,1,27019,1688.688
13.617141485214233,1,1,9455,590.938
13.621139526367188,1,1,12160,760.000
13.625144243240356,1,1,32767,2047.938
13.629137992858887,1,1,32767,2047.938
13.633142709732056,1,1,27855,1740.938
13.637139081954956,1,1,9858,616.125
13.641140222549438,1,1,11946,746.625
13.645145416259766,1,1,32767,2047.938
13.649138927459717,1,1,32767,2047.938
13.653144121170044,1,1,28584,1786.500
13.657129526138306,1,1,10227,639.188
13.661117553710938,1,1,11560,722.500
13.665104627609253,1,1,32558,2034.875
13.669100522994995,1,1,32767,2047.938
13.67310357093811,1,1,29258,1828.625
13.677103281021118,1,1,10620,663.750
13.681100845336914,1,1,11244,702.750
13.68510389328003,1,1,31809,1988.062
13.689101457595825,1,1,32767,2047.938
13.69310188293457,1,1,30009,1875.562
13.697099924087524,1,1,11093,693.312
13.70110034942627,1,1,11019,688.688
13.705105781555176,1,1,30995,1937.188
13.709100008010864,1,1,32767,2047.938
13.713103532791138,1,1,30619,1913.688
13.717101573944092,1,1,11539,721.188
13.7211012840271,1,1,10739,671.188
13.725103378295898,1,1,30063,1878.938
13.729097366333008,1,1,32767,2047.938
13.733102083206177,1,1,31392,1962.000
13.737101554870605,1,1,12150,759.375
13.741098880767822,1,1,10610,663.125
13.74510669708252,1,1,29207,1825.438
13.749099254608154,1,1,32767,2047.938
13.753101110458374,1,1,31992,1999.500
13.757106065750122,1,1,12738,796.125
13.761139154434204,1,1,10579,661.188
13.765142679214478,1,1,28586,1786.625
13.769134759902954,1,1,32767,2047.938
13.773139238357544,1,1,32642,2040.125
13.777477979660034,1,1,13376,836.000
13.781308889389038,1,1,10382,648.875
13.78517460823059,1,1,27682,1730.125
13.789135456085205,1,1,32767,2047.938
13.79313611984253,1,1,32767,2047.938
13.7971351146698,1,1,13925,870.312
13.80113959312439,1,1,10276,642.250
13.805140733718872,1,1,26997,1687.312
13.809134483337402,1,1,32767,2047.938
13.813135147094727,1,1,32767,2047.938
13.817138433456421,1,1,14611,913.188
13.821139812469482,1,1,10217,638.562
13.825140953063965,1,1,26278,1642.375
13.829134702682495,1,1,32767,2047.938
13.833141088485718,1,1,32767,2047.938
13.837124109268188,1,1,15362,960.125
13.841123342514038,1,1,10397,649.812
13.845125675201416,1,1,25734,1608.375
13.849122285842896,1,1,32767,2047.938
13.85313105583191,1,1,32767,2047.938
13.857139825820923,1,1,15811,988.188
13.861104011535645,1,1,10204,637.750
13.865103483200073,1,1,25031,1564.438
13.86909794807434,1,1,32767,2047.938
13.873100519180298,1,1,32767,2047.938
13.877098083496094,1,1,16467,1029.188
13.881098508834839,1,1,10210,638.125
13.885103464126587,1,1,24428,1526.750
13.889095783233643,1,1,32767,2047.938
13.893100023269653,1,1,32767,2047.938
13.897101402282715,1,1,16934,1058.375
13.901099681854248,1,1,10059,628.688
13.905093669891357,1,1,23655,1478.438
13.909083127975464,1,1,32767,2047.938
13.913091659545898,1,1,32767,2047.938
13.917097091674805,1,1,17339,1083.688
13.921097755432129,1,1,9964,622.750
13.925100803375244,1,1,23114,1444.625
13.929096221923828,1,1,32767,2047.938
13.933098793029785,1,1,32767,2047.938
13.937099695205688,1,1,18160,1135.000
13.941094875335693,1,1,10196,637.250
13.945099592208862,1,1,22746,1421.625
13.949094772338867,1,1,32767,2047.938
13.95309829711914,1,1,32767,2047.938
13.957099914550781,1,1,18581,1161.312
13.961180925369263,1,1,10004,625.250
13.965142488479614,1,1,22034,1377.125
13.969133615493774,1,1,32767,2047.938
13.973138332366943,1,1,32767,2047.938
13.97713565826416,1,1,18960,1185.000
13.981133460998535,1,1,9842,615.125
13.985137939453125,1,1,21454,1340.875
13.989132404327393,1,1,32767,2047.938
13.993136405944824,1,1,32767,2047.938
13.997132062911987,1,1,19558,1222.375
14.001131057739258,1,1,9841,615.062
14.005138158798218,1,1,20953,1309.562
14.009133577346802,1,1,32767,2047.938
14.013136148452759,1,1,32767,2047.938
14.017135620117188,1,1,19995,1249.688
14.021132946014404,1,1,9691,605.688
14.025135278701782,1,1,20366,1272.875
14.029130220413208,1,1,32767,2047.938
14.0331392288208,1,1,32767,2047.938
14.037136554718018,1,1,20432,1277.000
14.04113221168518,1,1,9559,597.438
14.04513669013977,1,1,19763,1235.188
14.04913330078125,1,1,32767,2047.938
14.053132057189941,1,1,32767,2047.938
14.057135581970215,1,1,20938,1308.625
14.061197757720947,1,1,9455,590.938
14.065101623535156,1,1,19302,1206.375
14.069093942642212,1,1,32767,2047.938
14.073100090026855,1,1,21323,1332.688
14.077097654342651,1,1,9214,575.875
14.081092834472656,1,1,18603,1162.688
14.085090160369873,1,1,32767,2047.938
14.089082956314087,1,1,32767,2047.938
14.09861969947815,1,1,9234,577.125
14.101134061813354,1,1,18220,1138.750
14.105109214782715,1,1,32767,2047.938
14.109095335006714,1,1,32767,2047.938
14.11310076713562,1,1,22375,1398.438
14.117098808288574,1,1,9142,571.375
14.121092319488525,1,1,17518,1094.875
14.125099182128906,1,1,32767,2047.938
14.129093885421753,1,1,32767,2047.938
14.133097887039185,1,1,22730,1420.625
14.13709568977356,1,1,9052,565.750
14.141093492507935,1,1,16940,1058.750
14.145099639892578,1,1,32767,2047.938
14.14909315109253,1,1,32767,2047.938
14.153095483779907,1,1,23293,1455.812
14.15709400177002,1,1,9089,568.062
14.161096096038818,1,1,16358,1022.375
14.165133714675903,1,1,32767,2047.938
14.169100522994995,1,1,32767,2047.938
14.173095464706421,1,1,23874,1492.125
14.177106142044067,1,1,9189,574.312
14.181094884872437,1,1,15865,991.562
14.185099363327026,1,1,32767,2047.938
14.189093112945557,1,1,32767,2047.938
14.19310474395752,1,1,24515,1532.188
14.197093963623047,1,1,9333,583.312
14.201095342636108,1,1,15350,959.375
14.205098152160645,1,1,32767,2047.938
14.209103107452393,1,1,32767,2047.938
14.213095903396606,1,1,25031,1564.438
14.217096090316772,1,1,9395,587.188
14.221094131469727,1,1,14678,917.375
14.225107431411743,1,1,32767,2047.938
14.229092359542847,1,1,32767,2047.938
14.2330961227417,1,1,25780,1611.250
14.237092733383179,1,1,9616,601.000
14.241090774536133,1,1,14171,885.688
14.245089769363403,1,1,32767,2047.938
14.249091863632202,1,1,32767,2047.938
14.253096103668213,1,1,26416,1651.000
14.257094621658325,1,1,9785,611.562
14.261091709136963,1,1,13622,851.375
14.265127420425415,1,1,32767,2047.938
14.269133806228638,1,1,32767,2047.938
14.27313494682312,1,1,26938,1683.625
14.277132511138916,1,1,9942,621.375
14.281131029129028,1,1,13168,823.000
14.28514051437378,1,1,32767,2047.938
14.289117336273193,1,1,32767,2047.938
14.293118953704834,1,1,27718,1732.375
14.297119140625,1,1,10225,639.062
14.301210403442383,1,1,12754,797.125
14.305134296417236,1,1,32767,2047.938
14.309166669845581,1,1,32767,2047.938
14.314247608184814,1,1,28397,1774.812
14.317182064056396,1,1,10485,655.312
14.321154832839966,1,1,12380,773.750
14.325132846832275,1,1,32767,2047.938
14.329116344451904,1,1,32767,2047.938
14.333124160766602,1,1,29022,1813.875
14.337120294570923,1,1,10739,671.188
14.341116428375244,1,1,11948,746.750
14.345117092132568,1,1,32234,2014.625
14.349115133285522,1,1,32767,2047.938
14.353116273880005,1,1,29634,1852.125
14.357119083404541,1,1,11007,687.938
14.361124515533447,1,1,11512,719.500
14.365240812301636,1,1,31665,1979.062
14.369123697280884,1,1,32767,2047.938
14.373122215270996,1,1,30273,1892.062
14.377122640609741,1,1,11315,707.188
14.381138563156128,1,1,11201,700.062
14.385125637054443,1,1,31178,1948.625
14.389116048812866,1,1,32767,2047.938
14.393122673034668,1,1,30986,1936.625
14.397114515304565,1,1,11689,730.562
14.401112794876099,1,1,10930,683.125
14.405123949050903,1,1,30690,1918.125
14.409123182296753,1,1,32767,2047.938
14.41312861442566,1,1,31589,1974.312
14.417118310928345,1,1,12031,751.938
14.421115159988403,1,1,10591,661.938
14.425127983093262,1,1,30108,1881.750
14.429123163223267,1,1,32767,2047.938
14.433129787445068,1,1,32156,2009.750
14.437127590179443,1,1,12366,772.875
14.44112491607666,1,1,10164,635.250
14.445127010345459,1,1,29420,1838.750
14.449125289916992,1,1,32767,2047.938
14.453126430511475,1,1,32736,2046.000
14.457130193710327,1,1,12778,798.625
14.461124897003174,1,1,10005,625.312
14.46520709991455,1,1,28962,1810.125
14.469082117080688,1,1,32767,2047.938
14.473088026046753,1,1,32767,2047.938
14.47709584236145,1,1,13100,818.750
14.481085538864136,1,1,9630,601.875
14.48508882522583,1,1,28164,1760.250
14.489084005355835,1,1,32767,2047.938
14.493089437484741,1,1,32767,2047.938
14.497087478637695,1,1,13449,840.562
14.50108814239502,1,1,9326,582.875
14.505088329315186,1,1,27459,1716.188
14.509083271026611,1,1,32767,2047.938
14.51308560371399,1,1,32767,2047.938
14.51708698272705,1,1,13853,865.812
14.521088361740112,1,1,9092,568.250
14.525089502334595,1,1,26857,1678.562
14.529083013534546,1,1,32767,2047.938
14.533090829849243,1,1,32767,2047.938
14.537097215652466,1,1,14395,899.688
14.541088581085205,1,1,8897,556.062
14.54508090019226,1,1,26261,1641.312
14.54908299446106,1,1,32767,2047.938
14.55309247970581,1,1,32767,2047.938
14.557088375091553,1,1,14838,927.375
14.561086177825928,1,1,8706,544.125
14.565088272094727,1,1,25589,1599.312
14.569129943847656,1,1,32767,2047.938
14.573130369186401,1,1,32767,2047.938
14.577133178710938,1,1,15237,952.312
14.581124782562256,1,1,8427,526.688
14.585120916366577,1,1,24746,1546.625
14.589109182357788,1,1,32767,2047.938
14.593119144439697,1,1,32767,2047.938
14.597126960754395,1,1,15703,981.438
14.601123571395874,1,1,8349,521.812
14.605125904083252,1,1,24245,1515.312
14.609118461608887,1,1,32767,2047.938
14.613126993179321,1,1,32767,2047.938
14.617122650146484,1,1,16198,1012.375
14.621122121810913,1,1,8185,511.562
14.62512469291687,1,1,23518,1469.875
14.629120588302612,1,1,32767,2047.938
14.633118629455566,1,1,32767,2047.938
14.637120723724365,1,1,16800,1050.000
14.641124248504639,1,1,8107,506.688
14.645125150680542,1,1,22864,1429.000
14.649116516113281,1,1,32767,2047.938
14.653122901916504,1,1,32767,2047.938
14.657126426696777,1,1,17269,1079.312
14.661122798919678,1,1,8036,502.250
14.665122032165527,1,1,22213,1388.312
14.669133186340332,1,1,32767,2047.938
14.67308759689331,1,1,32767,2047.938
14.67708444595337,1,1,17806,1112.875
14.681084156036377,1,1,8040,502.500
14.685085773468018,1,1,21670,1354.375
14.689080953598022,1,1,32767,2047.938
14.693086385726929,1,1,32767,2047.938
14.697087526321411,1,1,18589,1161.812
14.70108437538147,1,1,8155,509.688
14.705087661743164,1,1,20972,1310.750
14.70907998085022,1,1,32767,2047.938
14.713081359863281,1,1,32767,2047.938
14.717084407806396,1,1,19134,1195.875
14.721084117889404,1,1,8184,511.500
14.725087881088257,1,1,20257,1266.062
14.729080438613892,1,1,32767,2047.938
14.733086585998535,1,1,19767,1235.438
14.737085819244385,1,1,8264,516.500
14.741085052490234,1,1,19526,1220.375
14.7450852394104,1,1,32767,2047.938
14.749079942703247,1,1,32767,2047.938
14.753084421157837,1,1,20473,1279.562
14.757083892822266,1,1,8417,526.062
14.761082649230957,1,1,18973,1185.812
14.765084505081177,1,1,32767,2047.938
14.769090414047241,1,1,32767,2047.938
14.7731294631958,1,1,21167,1322.938
14.777467250823975,1,1,8526,532.875
14.781317949295044,1,1,18294,1143.375
14.785149812698364,1,1,32767,2047.938
14.789119243621826,1,1,32767,2047.938
14.793127298355103,1,1,21696,1356.000
14.797125339508057,1,1,8588,536.750
14.801118612289429,1,1,17644,1102.750
14.805124998092651,1,1,32767,2047.938
14.809117794036865,1,1,32767,2047.938
14.813122272491455,1,1,22306,1394.125
14.817121028900146,1,1,8646,540.375
14.821120262145996,1,1,16907,1056.688
14.825122117996216,1,1,32767,2047.938
14.829117774963379,1,1,32767,2047.938
14.833119869232178,1,1,22983,1436.438
14.837110996246338,1,1,8801,550.062
14.841110944747925,1,1,16439,1027.438
14.845118045806885,1,1,32767,2047.938
14.849113702774048,1,1,32767,2047.938
14.853124856948853,1,1,23872,1492.000
14.857125997543335,1,1,9016,563.500
14.861120700836182,1,1,15825,989.062
14.865114212036133,1,1,32767,2047.938
14.869107723236084,1,1,32767,2047.938
14.873220443725586,1,1,24323,1520.188
14.877094030380249,1,1,8994,562.125
14.8810875415802,1,1,15066,941.625
14.885085105895996,1,1,32767,2047.938
14.889075994491577,1,1,32767,2047.938
14.893084287643433,1,1,25051,1565.688
14.897087097167969,1,1,9118,569.875
14.901082038879395,1,1,14369,898.062
14.905081272125244,1,1,32767,2047.938
14.909076690673828,1,1,32767,2047.938
14.913081884384155,1,1,25826,1614.125
14.917080640792847,1,1,9362,585.125
14.921079158782959,1,1,13839,864.938
14.925082445144653,1,1,32767,2047.938
14.929078102111816,1,1,32767,2047.938
14.93308138847351,1,1,26520,1657.500
14.937084913253784,1,1,9633,602.062
14.94108271598816,1,1,13335,833.438
14.945075511932373,1,1,32767,2047.938
14.949069738388062,1,1,32767,2047.938
14.953078746795654,1,1,27351,1709.438
14.957081079483032,1,1,9983,623.938
14.961090087890625,1,1,12943,808.938
14.965083122253418,1,1,32767,2047.938
14.969077587127686,1,1,32767,2047.938
14.97330904006958,1,1,28047,1752.938
14.977161169052124,1,1,10256,641.000
14.981121063232422,1,1,12549,784.312
14.985122919082642,1,1,32767,2047.938
14.989108324050903,1,1,32767,2047.938
14.99311375617981,1,1,28816,1801.000
14.99710750579834,1,1,10596,662.250
15.001117706298828,1,1,12146,759.125
15.00511646270752,1,1,32583,2036.438
15.009114265441895,1,1,32767,2047.938
15.013122797012329,1,1,29325,1832.812
15.01712155342102,1,1,10845,677.812
15.02110767364502,1,1,11677,729.812
15.025119543075562,1,1,31925,1995.312
15.029117584228516,1,1,32767,2047.938
15.033119916915894,1,1,30079,1879.938
15.037128925323486,1,1,11221,701.312
15.041117668151855,1,1,11435,714.688
15.045121431350708,1,1,31555,1972.188
15.049115180969238,1,1,32767,2047.938
15.053121089935303,1,1,30870,1929.375
15.057120323181152,1,1,11589,724.312
15.061119318008423,1,1,11033,689.562
15.065120220184326,1,1,30983,1936.438
15.069113969802856,1,1,32767,2047.938
15.07311487197876,1,1,31408,1963.000
15.07718563079834,1,1,11856,741.000
15.08108377456665,1,1,10549,659.312
15.085079193115234,1,1,30344,1896.500
15.089069366455078,1,1,32767,2047.938
15.093078136444092,1,1,31977,1998.562
15.10256314277649,1,1,10095,630.938
15.105117559432983,1,1,29733,1858.312
15.109083890914917,1,1,32767,2047.938
15.113080978393555,1,1,32456,2028.500
15.11708116531372,1,1,12406,775.375
15.121081829071045,1,1,9565,597.812
15.125081062316895,1,1,29087,1817.938
15.129077434539795,1,1,32767,2047.938
15.133082151412964,1,1,32767,2047.938
15.13708209991455,1,1,12714,794.625
15.141080617904663,1,1,9113,569.562
15.145080804824829,1,1,28509,1781.812
15.149075508117676,1,1,32767,2047.938
15.153077363967896,1,1,32767,2047.938
15.157078266143799,1,1,13057,816.062
15.161078691482544,1,1,8693,543.312
15.16508173942566,1,1,27960,1747.500
15.169073581695557,1,1,32767,2047.938
15.173081159591675,1,1,32767,2047.938
15.177097082138062,1,1,13469,841.812
15.181081533432007,1,1,8325,520.312
15.18508005142212,1,1,27356,1709.750
15.189075231552124,1,1,32767,2047.938
15.193080425262451,1,1,32767,2047.938
15.197075843811035,1,1,13780,861.250
15.201079845428467,1,1,7882,492.625
15.205079317092896,1,1,26556,1659.750
15.209083795547485,1,1,32767,2047.938
15.213077306747437,1,1,32767,2047.938
15.217081308364868,1,1,14154,884.625
15.221098899841309,1,1,7517,469.812
15.225473403930664,1,1,25927,1620.438
15.229137182235718,1,1,32767,2047.938
15.233086109161377,1,1,32767,2047.938
15.237077474594116,1,1,14580,911.250
15.241075277328491,1,1,7191,449.438
15.245090007781982,1,1,25151,1571.938
15.249077558517456,1,1,32767,2047.938
15.253076076507568,1,1,32767,2047.938
15.257073163986206,1,1,15064,941.500
15.261075735092163,1,1,6990,436.875
15.265098810195923,1,1,24375,1523.438
15.269080400466919,1,1,32767,2047.938
15.273080110549927,1,1,32767,2047.938
15.27715253829956,1,1,15543,971.438
15.281120777130127,1,1,6906,431.625
15.285120725631714,1,1,23771,1485.688
15.289124011993408,1,1,32767,2047.938
15.293131828308105,1,1,32767,2047.938
15.297112464904785,1,1,16131,1008.188
15.301100254058838,1,1,6913,432.062
15.305116176605225,1,1,22922,1432.625
15.309128284454346,1,1,32767,2047.938
15.313196182250977,1,1,32767,2047.938
15.317116498947144,1,1,16794,1049.625
15.321131944656372,1,1,7009,438.062
15.325348377227783,1,1,22251,1390.688
15.32922911643982,1,1,32767,2047.938
15.333132982254028,1,1,32767,2047.938
15.337116718292236,1,1,17350,1084.375
15.341181755065918,1,1,6970,435.625
15.345156192779541,1,1,21603,1350.188
15.349116325378418,1,1,32767,2047.938
15.353115797042847,1,1,32767,2047.938
15.35711121559143,1,1,17845,1115.312
15.361139297485352,1,1,6805,425.312
15.365123748779297,1,1,20797,1299.812
15.369116306304932,1,1,32767,2047.938
15.37311601638794,1,1,32767,2047.938
15.377122163772583,1,1,18160,1135.000
15.38120985031128,1,1,20252,1265.750
15.385097980499268,1,1,20252,1265.750
15.389078617095947,1,1,32767,2047.938
15.393081903457642,1,1,18703,1168.938
15.39706802368164,1,1,6692,418.250
15.4010751247406,1,1,19812,1238.250
15.405078887939453,1,1,32767,2047.938
15.409077644348145,1,1,32767,2047.938
15.413077592849731,1,1,19787,1236.688
15.417076587677002,1,1,6948,434.250
15.421073913574219,1,1,19344,1209.000
15.425079584121704,1,1,32767,2047.938
15.429074764251709,1,1,32767,2047.938
15.433077812194824,1,1,21267,1329.188
15.437070846557617,1,1,7366,460.375
15.441070318222046,1,1,18772,1173.250
15.445078372955322,1,1,32767,2047.938
15.449073553085327,1,1,32767,2047.938
15.453080177307129,1,1,22639,1414.938
15.457074165344238,1,1,7733,483.312
15.46107292175293,1,1,17776,1111.000
15.465078830718994,1,1,32767,2047.938
15.469074249267578,1,1,32767,2047.938
15.473079919815063,1,1,22921,1432.562
15.477076292037964,1,1,7740,483.750
15.481138706207275,1,1,16539,1033.688
15.485122442245483,1,1,32767,2047.938
15.48911428451538,1,1,32767,2047.938
15.49311375617981,1,1,23530,1470.625
15.49711275100708,1,1,7884,492.750
15.501113891601562,1,1,15616,976.000
15.505109548568726,1,1,32767,2047.938
15.50909948348999,1,1,32767,2047.938
15.513107776641846,1,1,24159,1509.938
15.517113208770752,1,1,8054,503.375
15.521111011505127,1,1,14839,927.438
15.525118350982666,1,1,32767,2047.938
15.529109239578247,1,1,32767,2047.938
15.533112049102783,1,1,24763,1547.688
15.537132501602173,1,1,8228,514.250
15.541112661361694,1,1,14112,882.000
15.545119762420654,1,1,32767,2047.938
15.54911208152771,1,1,32767,2047.938
15.55311632156372,1,1,25475,1592.188
15.557110071182251,1,1,8457,528.562
15.561110258102417,1,1,13582,848.875
15.565112113952637,1,1,32767,2047.938
15.569111108779907,1,1,32767,2047.938
15.573111772537231,1,1,26689,1668.062
15.577110052108765,1,1,8905,556.562
15.581112623214722,1,1,13090,818.125
15.58507490158081,1,1,32767,2047.938
15.589065551757812,1,1,32767,2047.938
15.593065738677979,1,1,27131,1695.688
15.597073078155518,1,1,9052,565.750
15.601071119308472,1,1,12279,767.438
15.605077743530273,1,1,32767,2047.938
15.609072208404541,1,1,32767,2047.938
15.613073110580444,1,1,27708,1731.750
15.617072820663452,1,1,9258,578.625
15.621071577072144,1,1,11491,718.188
15.625075817108154,1,1,32767,2047.938
15.629072904586792,1,1,32767,2047.938
15.633074045181274,1,1,28267,1766.688
15.637069463729858,1,1,9491,593.188
15.641069173812866,1,1,10871,679.438
15.645076751708984,1,1,32767,2047.938
15.649072170257568,1,1,32767,2047.938
15.653077363967896,1,1,28767,1797.938
15.657071828842163,1,1,9711,606.938
15.661069869995117,1,1,10280,642.500
15.66507625579834,1,1,32767,2047.938
15.669072389602661,1,1,32767,2047.938
15.673076152801514,1,1,29414,1838.375
15.67707109451294,1,1,10007,625.438
15.681070327758789,1,1,9740,608.750
15.68515658378601,1,1,32767,2047.938
15.68911075592041,1,1,32767,2047.938
15.693115711212158,1,1,29890,1868.125
15.697107076644897,1,1,10246,640.375
15.70110559463501,1,1,9330,583.125
15.705113649368286,1,1,32536,2033.500
15.709108829498291,1,1,32767,2047.938
15.713111162185669,1,1,30513,1907.062
15.717109203338623,1,1,10565,660.312
15.72110629081726,1,1,8829,551.812
15.725112438201904,1,1,32005,2000.312
15.729107856750488,1,1,32767,2047.938
15.733113527297974,1,1,31105,1944.062
15.737195253372192,1,1,10883,680.188
15.741108179092407,1,1,8338,521.125
15.745106935501099,1,1,31336,1958.500
15.749093294143677,1,1,32767,2047.938
15.753100395202637,1,1,31647,1977.938
15.75710678100586,1,1,11197,699.812
15.761103630065918,1,1,7833,489.562
15.765113592147827,1,1,30618,1913.625
15.769104480743408,1,1,32767,2047.938
15.773110151290894,1,1,32026,2001.625
15.777482509613037,1,1,11406,712.875
15.781368970870972,1,1,7219,451.188
15.785162925720215,1,1,29973,1873.312
15.789068937301636,1,1,32767,2047.938
15.793061971664429,1,1,32568,2035.500
15.797059774398804,1,1,11738,733.625
15.801056146621704,1,1,6762,422.625
15.805065393447876,1,1,29284,1830.250
15.809056758880615,1,1,32767,2047.938
15.813061714172363,1,1,32767,2047.938
15.817068815231323,1,1,12226,764.125
15.82106637954712,1,1,6605,412.812
15.825072526931763,1,1,28659,1791.188
15.829066514968872,1,1,32767,2047.938
15.833069562911987,1,1,32767,2047.938
15.837083101272583,1,1,12647,790.438
15.841089010238647,1,1,6586,411.625
15.845118522644043,1,1,27903,1743.938
15.849443435668945,1,1,32767,2047.938
15.853134155273438,1,1,32767,2047.938
15.85706615447998,1,1,13113,819.562
15.861056327819824,1,1,6216,388.500
15.865063667297363,1,1,26566,1660.375
15.869056940078735,1,1,32767,2047.938
15.873058557510376,1,1,32767,2047.938
15.877057790756226,1,1,16349,1021.812
15.88105297088623,1,1,5951,371.938
15.885058403015137,1,1,20059,1253.688
15.889071702957153,1,1,32767,2047.938
15.893062114715576,1,1,32767,2047.938
15.897064685821533,1,1,15629,976.812
15.901063442230225,1,1,5799,362.438
15.905069828033447,1,1,20619,1288.688
15.909067392349243,1,1,32767,2047.938
15.913069009780884,1,1,32767,2047.938
15.917062282562256,1,1,15532,970.750
15.921061754226685,1,1,5722,357.625
15.925068378448486,1,1,19454,1215.875
15.929064512252808,1,1,32767,2047.938
15.933064699172974,1,1,32767,2047.938
15.937062740325928,1,1,15680,980.000
15.941063165664673,1,1,5752,359.500
15.945068836212158,1,1,18666,1166.625
15.949061632156372,1,1,32767,2047.938
15.953066110610962,1,1,32767,2047.938
15.957059860229492,1,1,16182,1011.375
15.961063146591187,1,1,5853,365.812
15.965070247650146,1,1,15813,988.312
15.969065189361572,1,1,32767,2047.938
15.973065376281738,1,1,32767,2047.938
15.977062702178955,1,1,17424,1089.000
15.981064558029175,1,1,6266,391.625
15.985061645507812,1,1,16314,1019.625
15.98915433883667,1,1,32767,2047.938
15.993100643157959,1,1,32767,2047.938
15.997103691101074,1,1,18926,1182.875
16.001097440719604,1,1,6719,419.938
16.005111694335938,1,1,16054,1003.375
16.009101629257202,1,1,32767,2047.938
16.013104677200317,1,1,32767,2047.938
16.017098903656006,1,1,6873,429.562
16.02109956741333,1,1,11853,740.812
16.025105476379395,1,1,32767,2047.938
16.029098749160767,1,1,32767,2047.938
16.0331027507782,1,1,21268,1329.250
16.03711700439453,1,1,7437,464.812
16.041101455688477,1,1,14103,881.438
16.045108556747437,1,1,32767,2047.938
16.049100875854492,1,1,32767,2047.938
16.053107738494873,1,1,21768,1360.500
16.05709719657898,1,1,7591,474.438
16.061097860336304,1,1,12766,797.875
16.06510639190674,1,1,32767,2047.938
16.06910276412964,1,1,32767,2047.938
16.07310390472412,1,1,21122,1320.125
16.07709765434265,1,1,7422,463.875
16.081099271774292,1,1,13625,851.562
16.08510160446167,1,1,32767,2047.938
16.08909273147583,1,1,32767,2047.938
16.093064308166504,1,1,18368,1148.000
16.097063302993774,1,1,6662,416.375
16.11873722076416,1,1,6694,418.375
16.121089696884155,1,1,15840,990.000
16.125081777572632,1,1,32767,2047.938
16.129065990447998,1,1,32767,2047.938
16.133068323135376,1,1,18970,1185.625
16.13706636428833,1,1,6865,429.062
16.141067504882812,1,1,15004,937.750
16.145071268081665,1,1,32767,2047.938
16.14906406402588,1,1,32767,2047.938
16.153069019317627,1,1,19482,1217.625
16.15706729888916,1,1,7030,439.375
16.16106605529785,1,1,14249,890.562
16.16506791114807,1,1,32767,2047.938
16.169064044952393,1,1,32767,2047.938
16.173073768615723,1,1,19916,1244.750
16.177080631256104,1,1,7174,448.375
16.18107318878174,1,1,13853,865.812
16.18507170677185,1,1,32767,2047.938
16.18910241127014,1,1,32767,2047.938
16.19306993484497,1,1,20423,1276.438
16.19706654548645,1,1,7338,458.625
16.20106601715088,1,1,13307,831.688
16.205068111419678,1,1,32767,2047.938
16.209062814712524,1,1,32767,2047.938
16.21306872367859,1,1,20939,1308.688
16.21706533432007,1,1,7504,469.000
16.221064805984497,1,1,12709,794.312
16.22507357597351,1,1,32767,2047.938
16.229052782058716,1,1,32767,2047.938
16.233057975769043,1,1,21822,1363.875
16.23706555366516,1,1,7785,486.562
16.241065502166748,1,1,11788,736.750
16.245067358016968,1,1,32767,2047.938
16.24906325340271,1,1,32767,2047.938
16.25306749343872,1,1,23778,1486.125
16.2570641040802,1,1,8429,526.812
16.261063814163208,1,1,11818,738.625
16.26506781578064,1,1,32767,2047.938
16.26906681060791,1,1,32767,2047.938
16.27306842803955,1,1,24875,1554.688
16.277064323425293,1,1,8796,549.750
16.281081199645996,1,1,11543,721.438
16.285081148147583,1,1,32767,2047.938
16.289164304733276,1,1,32767,2047.938
16.29311180114746,1,1,26075,1629.688
16.297088146209717,1,1,9196,574.750
16.301152229309082,1,1,11128,695.500
16.30512285232544,1,1,32767,2047.938
16.309104442596436,1,1,32767,2047.938
16.314322471618652,1,1,27120,1695.000
16.3171489238739,1,1,9561,597.562
16.321101903915405,1,1,10756,672.250
16.32510280609131,1,1,32767,2047.938
16.329087495803833,1,1,32767,2047.938
16.33310866355896,1,1,28153,1759.562
16.337096452713013,1,1,9950,621.875
16.341089725494385,1,1,10421,651.312
16.345101594924927,1,1,32767,2047.938
16.34909462928772,1,1,32767,2047.938
16.353105783462524,1,1,29397,1837.312
16.357088804244995,1,1,10558,659.875
16.361177682876587,1,1,10324,645.250
16.365108251571655,1,1,32589,2036.812
16.36908721923828,1,1,32767,2047.938
16.373093128204346,1,1,30405,1900.312
16.37709879875183,1,1,11049,690.562
16.381123065948486,1,1,10071,629.438
16.385106086730957,1,1,32210,2013.125
16.38919234275818,1,1,32767,2047.938
16.393060445785522,1,1,31158,1947.375
16.397062063217163,1,1,11432,714.500
16.40106177330017,1,1,9669,604.312
16.40505862236023,1,1,31811,1988.188
16.409050226211548,1,1,32767,2047.938
16.41305637359619,1,1,31602,1975.125
16.41706395149231,1,1,11639,727.438
16.421061992645264,1,1,9112,569.500
16.425065994262695,1,1,31273,1954.562
16.429056882858276,1,1,32767,2047.938
16.433061599731445,1,1,32198,2012.375
16.437061309814453,1,1,11962,747.625
16.441060781478882,1,1,8598,537.375
16.445059299468994,1,1,30561,1910.062
16.449055910110474,1,1,32767,2047.938
16.453064441680908,1,1,32701,2043.812
16.457061052322388,1,1,12278,767.375
16.46105647087097,1,1,8427,526.688
16.46506357192993,1,1,30104,1881.500
16.469057321548462,1,1,32767,2047.938
16.473062992095947,1,1,32767,2047.938
16.477058172225952,1,1,12723,795.188
16.481060028076172,1,1,8134,508.375
16.4850594997406,1,1,29487,1842.938
16.489150285720825,1,1,32767,2047.938
16.493102073669434,1,1,32767,2047.938
16.497098207473755,1,1,12826,801.625
16.50109624862671,1,1,7571,473.188
16.5051007270813,1,1,29072,1817.000
16.509089708328247,1,1,32767,2047.938
16.513095378875732,1,1,32767,2047.938
16.517099142074585,1,1,12773,798.312
16.52109384536743,1,1,6774,423.375
16.52509617805481,1,1,28397,1774.812
16.529091358184814,1,1,32767,2047.938
16.533100128173828,1,1,32767,2047.938
16.53710126876831,1,1,14527,907.938
16.541094064712524,1,1,5724,357.750
16.545093297958374,1,1,22411,1400.688
16.549084424972534,1,1,32767,2047.938
16.553097009658813,1,1,32767,2047.938
16.557098150253296,1,1,13864,866.500
16.561095476150513,1,1,5425,339.062
16.565097332000732,1,1,19945,1246.562
16.569090127944946,1,1,32767,2047.938
16.573096752166748,1,1,30508,1906.750
16.577094793319702,1,1,10868,679.250
16.581095457077026,1,1,4578,286.125
16.585087299346924,1,1,4025,251.562
16.589086055755615,1,1,27668,1729.250
16.593064546585083,1,1,32767,2047.938
16.597058534622192,1,1,32767,2047.938
16.601056814193726,1,1,32767,2047.938
16.605061054229736,1,1,32767,2047.938
16.60905361175537,1,1,32767,2047.938
16.613057136535645,1,1,32767,2047.938
16.617053508758545,1,1,15110,944.375
16.621057748794556,1,1,32767,2047.938
16.625059843063354,1,1,32767,2047.938
16.629053831100464,1,1,32767,2047.938
16.633055448532104,1,1,18985,1186.562
16.637053728103638,1,1,6580,411.250
16.641054391860962,1,1,23008,1438.000
16.64505648612976,1,1,32767,2047.938
16.649052143096924,1,1,32767,2047.938
16.65305781364441,1,1,15859,991.188
16.657055377960205,1,1,5365,335.312
16.661052942276,1,1,13345,834.062
16.66505765914917,1,1,32767,2047.938
16.66905450820923,1,1,32767,2047.938
16.67305827140808,1,1,13957,872.312
16.677057027816772,1,1,4930,308.125
16.681052923202515,1,1,7298,456.125
16.685056924819946,1,1,32056,2003.500
16.689132690429688,1,1,32767,2047.938
16.69310164451599,1,1,12926,807.875
16.69709348678589,1,1,4833,302.062
16.701090812683105,1,1,3830,239.375
16.70509648323059,1,1,21265,1329.062
16.7090904712677,1,1,29215,1825.938
16.713097095489502,1,1,11222,701.375
16.717092514038086,1,1,4648,290.500
16.7210910320282,1,1,2951,184.438
16.725095987319946,1,1,12037,752.312
16.729088306427002,1,1,21310,1331.875
16.733092069625854,1,1,9112,569.500
16.737093448638916,1,1,4446,277.875
16.74108600616455,1,1,3267,204.188
16.745096445083618,1,1,14137,883.562
16.74908995628357,1,1,28544,1784.000
16.753096103668213,1,1,12776,798.500
16.75709104537964,1,1,5899,368.688
16.761091947555542,1,1,4177,261.062
16.765094757080078,1,1,21649,1353.062
16.769089460372925,1,1,32767,2047.938
16.773091793060303,1,1,18645,1165.312
16.777482271194458,1,1,7841,490.062
16.78127145767212,1,1,4773,298.312
16.785123586654663,1,1,21041,1315.062
16.789206743240356,0,1,32767,2047.938
16.793059587478638,0,1,32767,2047.938
16.797058582305908,1,1,25848,1615.500
16.801055669784546,1,1,9948,621.750
16.805057764053345,1,1,13879,867.438
16.80905246734619,0,1,32767,2047.938
16.813053607940674,0,1,32767,2047.938
16.817054748535156,1,1,24554,1534.625
16.821057319641113,1,1,9480,592.500
16.82505989074707,1,1,12222,763.875
16.829052686691284,0,1,32767,2047.938
16.83305811882019,0,1,32767,2047.938
16.83720350265503,1,1,23353,1459.562
16.84105396270752,1,1,9081,567.562
16.845050811767578,1,1,11200,700.000
16.849044799804688,0,1,32767,2047.938
16.853047132492065,0,1,32767,2047.938
16.857044219970703,1,1,22867,1429.188
16.86104393005371,1,1,8915,557.188
16.865046739578247,1,1,10297,643.562
16.86904525756836,0,1,32767,2047.938
16.873051643371582,0,1,32767,2047.938
16.87705111503601,1,1,23067,1441.688
16.88105821609497,1,1,8961,560.062
16.885055541992188,1,1,9636,602.250
16.889151334762573,0,1,32767,2047.938
16.893097639083862,0,1,32767,2047.938
16.897094011306763,1,1,23524,1470.250
16.90109086036682,1,1,9090,568.125
16.905110120773315,0,1,9138,571.125
16.9090895652771,0,0,32767,2047.938
16.91309380531311,0,1,32767,2047.938
16.917081594467163,1,1,31699,1981.188
16.921100616455078,1,1,12359,772.438
16.925095081329346,0,1,19132,1195.750
16.929089307785034,0,0,32767,2047.938
16.93309235572815,0,1,32767,2047.938
16.937105417251587,1,1,32767,2047.938
16.941091537475586,1,1,32767,2047.938
16.94509506225586,0,1,32767,2047.938
16.949087381362915,0,0,32767,2047.938
16.953107118606567,0,1,32767,2047.938
16.957093954086304,1,1,32767,2047.938
16.96109175682068,1,1,32767,2047.938
16.965094566345215,0,1,32767,2047.938
16.969101190567017,0,0,32767,2047.938
16.973097801208496,0,0,32767,2047.938
16.977092504501343,1,1,32767,2047.938
16.98109269142151,1,1,32767,2047.938
16.985109567642212,0,1,32767,2047.938
16.98909044265747,0,0,32767,2047.938
16.993062019348145,0,0,32767,2047.938
16.997053861618042,1,1,32767,2047.938
17.001065254211426,1,1,32767,2047.938
17.005053281784058,0,1,32767,2047.938
17.0090491771698,0,0,32767,2047.938
17.013052463531494,0,0,32767,2047.938
17.017061233520508,1,1,32767,2047.938
17.021052598953247,1,1,32767,2047.938
17.025047779083252,0,0,32767,2047.938
17.029041528701782,0,0,32767,2047.938
17.033060312271118,0,0,32767,2047.938
17.037065744400024,1,1,32767,2047.938
17.04105305671692,1,1,32767,2047.938
17.04505467414856,0,0,32767,2047.938
17.049060583114624,0,0,32767,2047.938
17.05305528640747,0,0,32767,2047.938
17.05705213546753,1,1,32767,2047.938
17.061049699783325,1,1,32767,2047.938
17.065068244934082,0,0,32767,2047.938
17.069050550460815,0,0,32767,2047.938
17.073054313659668,0,0,32767,2047.938
17.077054977416992,1,1,32767,2047.938
17.081063985824585,1,1,32767,2047.938
17.08504891395569,0,0,32767,2047.938
17.089105367660522,0,0,32767,2047.938
17.093087911605835,0,0,32767,2047.938
17.09709119796753,1,1,32767,2047.938
17.101090669631958,1,1,32767,2047.938
17.10510563850403,0,0,32767,2047.938
17.109088897705078,0,0,32767,2047.938
17.11309242248535,0,0,32767,2047.938
17.12378215789795,1,1,32767,2047.938
17.125087022781372,1,1,32767,2047.938
17.12912106513977,1,1,32767,2047.938
17.13309955596924,1,1,32767,2047.938
17.137091398239136,1,1,32767,2047.938
17.141089916229248,1,1,32767,2047.938
17.14510440826416,1,1,32767,2047.938
17.149086236953735,1,1,32767,2047.938
17.153090476989746,1,1,32767,2047.938
17.157087326049805,1,1,32767,2047.938
17.161097764968872,1,1,32767,2047.938
17.16508936882019,1,1,32767,2047.938
17.169084310531616,1,1,32767,2047.938
17.17308783531189,1,1,32767,2047.938
17.17709732055664,1,1,32767,2047.938
17.181089878082275,1,1,32767,2047.938
17.185089111328125,1,1,32767,2047.938
17.189092874526978,1,1,32767,2047.938
17.193053007125854,1,1,32767,2047.938
17.197052240371704,1,1,32767,2047.938
17.201061010360718,1,1,32767,2047.938
17.205052852630615,1,1,32767,2047.938
17.20904541015625,1,1,32767,2047.938
17.213050365447998,1,1,32767,2047.938
17.21705937385559,1,1,32767,2047.938
17.22105050086975,1,1,32767,2047.938
17.225049018859863,1,1,32767,2047.938
17.229045152664185,1,1,32767,2047.938
17.23306107521057,1,1,32767,2047.938
17.237048149108887,1,1,32767,2047.938
17.24104881286621,1,1,32767,2047.938
17.245049953460693,1,1,32767,2047.938
17.249046087265015,1,1,32767,2047.938
17.253050804138184,1,1,32767,2047.938
17.257059574127197,1,1,32767,2047.938
17.26104998588562,1,1,32767,2047.938
17.26505136489868,1,1,32767,2047.938
17.269046783447266,1,1,32767,2047.938
17.273061275482178,1,1,32767,2047.938
17.277049779891968,1,1,32767,2047.938
17.28104829788208,1,1,32767,2047.938
17.2850501537323,1,1,32767,2047.938
17.289130210876465,1,1,32767,2047.938
17.293100595474243,1,1,32767,2047.938
17.29711127281189,1,1,32767,2047.938
17.301079034805298,1,1,32767,2047.938
17.305076837539673,1,1,32767,2047.938
17.30907416343689,1,1,32767,2047.938
17.313092947006226,1,1,32767,2047.938
17.3171284198761,1,1,32767,2047.938
17.321125030517578,1,1,32767,2047.938
17.325087785720825,1,1,32767,2047.938
17.329086780548096,1,1,32767,2047.938
17.333086729049683,1,1,32767,2047.938
17.337088108062744,1,1,32767,2047.938
17.34310817718506,1,1,32767,2047.938
17.345364809036255,1,1,32767,2047.938
17.34913992881775,1,1,32767,2047.938
17.35310387611389,1,1,32767,2047.938
17.357075929641724,1,1,32767,2047.938
17.36109161376953,1,1,32767,2047.938
17.365084171295166,1,1,32767,2047.938
17.36907410621643,1,1,32767,2047.938
17.373084783554077,1,1,32767,2047.938
17.377086639404297,1,1,32767,2047.938
17.381131887435913,1,1,32767,2047.938
17.38513159751892,1,1,32767,2047.938
17.38918662071228,1,1,32767,2047.938
17.39305067062378,1,1,32767,2047.938
17.397050619125366,1,1,32767,2047.938
17.40105676651001,1,1,32767,2047.938
17.40505051612854,1,1,32767,2047.938
17.409042835235596,1,1,32767,2047.938
17.413047552108765,1,1,32767,2047.938
17.417047023773193,1,1,32767,2047.938
17.421045780181885,1,1,32767,2047.938
17.425047874450684,1,1,32767,2047.938
17.429039478302002,1,1,32767,2047.938
17.433061122894287,1,1,32767,2047.938
17.437053442001343,1,1,32767,2047.938
17.441049575805664,1,1,32767,2047.938
17.445050477981567,1,1,32767,2047.938
17.449054718017578,1,1,32767,2047.938
17.453048944473267,1,1,32767,2047.938
17.457048892974854,1,1,32767,2047.938
17.461047649383545,1,1,32767,2047.938
17.465059280395508,1,1,32767,2047.938
17.469045639038086,1,1,32767,2047.938
17.47304654121399,1,1,32767,2047.938
17.477047204971313,1,1,32767,2047.938
17.481056213378906,1,1,32767,2047.938
17.485048294067383,1,1,32767,2047.938
17.48914647102356,1,1,32767,2047.938
17.4930899143219,1,1,32767,2047.938
17.49708652496338,1,1,32767,2047.938
17.50108575820923,1,1,32767,2047.938
17.505091428756714,1,1,32767,2047.938
17.5090811252594,1,1,32767,2047.938
17.513100147247314,1,1,32767,2047.938
17.517085313796997,1,1,32767,2047.938
17.521085500717163,1,1,32767,2047.938
17.52508568763733,1,1,32767,2047.938
17.529091358184814,1,1,32767,2047.938
17.533087015151978,1,1,32767,2047.938
17.537089347839355,1,1,32767,2047.938
17.541086196899414,1,1,32767,2047.938
17.545100927352905,1,1,32767,2047.938
17.549081563949585,1,1,32767,2047.938
17.553085327148438,1,1,32767,2047.938
17.557087659835815,1,1,32767,2047.938
17.561095714569092,1,1,32767,2047.938
17.565085649490356,1,1,32767,2047.938
17.569079399108887,1,1,32767,2047.938
17.573081016540527,1,1,32767,2047.938
17.577096462249756,1,1,32767,2047.938
17.581082344055176,1,1,32767,2047.938
17.585082292556763,1,1,32767,2047.938
17.589075326919556,1,1,32767,2047.938
17.59304904937744,1,1,32767,2047.938
17.597049713134766,1,1,32767,2047.938
17.60105848312378,1,1,32767,2047.938
17.605042934417725,1,1,32767,2047.938
17.60904049873352,1,1,32767,2047.938
17.6130473613739,1,1,32767,2047.938
17.617055654525757,1,1,32767,2047.938
17.62104368209839,1,1,32767,2047.938
17.62504744529724,1,1,32767,2047.938
17.629042387008667,1,1,32767,2047.938
17.633056163787842,1,1,32767,2047.938
17.63704204559326,1,1,32767,2047.938
17.641044855117798,1,1,32767,2047.938
17.64504599571228,1,1,32767,2047.938
17.64905023574829,1,1,32767,2047.938
17.653048038482666,1,1,32767,2047.938
17.65704584121704,1,1,32767,2047.938
17.6610426902771,1,1,32767,2047.938
17.66505479812622,1,1,32767,2047.938
17.669042348861694,1,1,32767,2047.938
17.67304491996765,1,1,32767,2047.938
17.677042245864868,1,1,32767,2047.938
17.681052207946777,1,1,32767,2047.938
17.685043334960938,1,1,32767,2047.938
17.68912625312805,1,1,32767,2047.938
17.693087339401245,1,1,32767,2047.938
17.697082042694092,1,1,32767,2047.938
17.70107865333557,1,1,32767,2047.938
17.70509362220764,1,1,32767,2047.938
17.709078788757324,1,1,32767,2047.938
17.713080406188965,1,1,32767,2047.938
17.717082262039185,1,1,32767,2047.938
17.721091508865356,1,1,32767,2047.938
17.725082635879517,1,1,32767,2047.938
17.7290780544281,1,1,32767,2047.938
17.733078002929688,1,1,32767,2047.938
17.73709225654602,1,1,32767,2047.938
17.74108076095581,1,1,32767,2047.938
17.745084047317505,1,1,32767,2047.938
17.74907684326172,1,1,32767,2047.938
17.75309181213379,1,1,32767,2047.938
17.757084846496582,1,1,32767,2047.938
17.761088609695435,1,1,32767,2047.938
17.765085220336914,1,1,32767,2047.938
17.769076824188232,1,1,32767,2047.938
17.773080587387085,1,1,32767,2047.938
17.777427673339844,1,1,32767,2047.938
17.78127384185791,1,1,32767,2047.938
17.785109758377075,1,1,32767,2047.938
17.789194345474243,1,1,32767,2047.938
17.793050289154053,1,1,32767,2047.938
17.797049522399902,1,1,32767,2047.938
17.80105495452881,1,1,32767,2047.938
17.805044651031494,1,1,32767,2047.938
17.809037923812866,1,1,32767,2047.938
17.81304168701172,1,1,32767,2047.938
17.81705403327942,1,1,32767,2047.938
17.821043252944946,1,1,32767,2047.938
17.825045108795166,1,1,32767,2047.938
17.82904028892517,1,1,32767,2047.938
17.833054780960083,1,1,32767,2047.938
17.837035179138184,1,1,32767,2047.938
17.841038465499878,1,1,32767,2047.938
17.845041751861572,1,1,32767,2047.938
17.849048852920532,1,1,32767,2047.938
17.853046894073486,1,1,32767,2047.938
17.857043504714966,1,1,32767,2047.938
17.861043453216553,1,1,32767,2047.938
17.865056037902832,1,1,32767,2047.938
17.86903953552246,1,1,32767,2047.938
17.873047828674316,1,1,32767,2047.938
17.877042531967163,1,1,32767,2047.938
17.881052255630493,1,1,32767,2047.938
17.885045528411865,1,1,32767,2047.938
17.889129400253296,1,1,32767,2047.938
17.89308738708496,1,1,32767,2047.938
17.897082328796387,1,1,32767,2047.938
17.901079654693604,1,1,32767,2047.938
17.90508222579956,1,1,32767,2047.938
17.909074306488037,1,1,32767,2047.938
17.91308045387268,1,1,32767,2047.938
17.917081117630005,1,1,32767,2047.938
17.921079874038696,1,1,32767,2047.938
17.925079822540283,1,1,32767,2047.938
17.929075717926025,1,1,32767,2047.938
17.933082342147827,1,1,32767,2047.938
17.937068700790405,1,1,32767,2047.938
17.941073656082153,1,1,32767,2047.938
17.945077657699585,1,1,32767,2047.938
17.9490749835968,1,1,32767,2047.938
17.95307469367981,1,1,32767,2047.938
17.95707654953003,1,1,32767,2047.938
17.96107840538025,1,1,32767,2047.938
17.965080738067627,1,1,32767,2047.938
17.969072341918945,1,1,32767,2047.938
17.973076581954956,1,1,32767,2047.938
17.977078437805176,1,1,32767,2047.938
17.98107600212097,1,1,32767,2047.938
17.985079526901245,1,1,32767,2047.938
17.98907494544983,1,1,32767,2047.938
17.993040800094604,1,1,32767,2047.938
17.997040033340454,1,1,32767,2047.938
18.00103998184204,1,1,32767,2047.938
18.005039930343628,1,1,32767,2047.938
18.009034395217896,1,1,32767,2047.938
18.01304054260254,1,1,32767,2047.938
18.017041444778442,1,1,32757,2047.312
18.021040439605713,1,1,32739,2046.188
18.025038957595825,1,1,32718,2044.875
18.029035806655884,1,1,32697,2043.562
18.033037424087524,1,1,32678,2042.375
18.037042140960693,1,1,32659,2041.188
18.041040897369385,1,1,32640,2040.000
18.045041799545288,1,1,32620,2038.750
18.049034118652344,1,1,32599,2037.438
18.05304217338562,1,1,32581,2036.312
18.057037353515625,1,1,32563,2035.188
18.06103825569153,1,1,32545,2034.062
18.065038681030273,1,1,32526,2032.875
18.069027185440063,1,1,32507,2031.688
18.073037147521973,1,1,32488,2030.500
18.077044248580933,1,1,32471,2029.438
18.081039905548096,1,1,32454,2028.375
18.085037231445312,1,1,32436,2027.250
18.089114665985107,1,1,32416,2026.000
18.093076944351196,1,1,32399,2024.938
18.097077131271362,1,1,32383,2023.938
18.10107684135437,1,1,32366,2022.875
18.105082273483276,1,1,32347,2021.688
18.10907244682312,1,1,32329,2020.562
18.113074779510498,1,1,32311,2019.438
18.117075443267822,1,1,32295,2018.438
18.127931356430054,1,1,32245,2015.312
18.129242181777954,1,1,32245,2015.312
18.13310217857361,1,1,32224,2014.000
18.137078285217285,1,1,32209,2013.062
18.14107632637024,1,1,32196,2012.250
18.145078897476196,0,0,32178,2011.125
18.14907217025757,0,0,32161,2010.062
18.153074979782104,0,0,32144,2009.000
18.157074213027954,1,1,32129,2008.062
18.16107439994812,1,1,32114,2007.125
18.165076971054077,0,0,32096,2006.000
18.169071197509766,0,0,30992,1937.000
18.17307734489441,0,0,29118,1819.875
18.177074432373047,1,1,27468,1716.750
18.18107509613037,1,1,13802,862.625
18.185075759887695,0,0,23281,1455.062
18.18907928466797,0,0,29582,1848.875
18.193039894104004,0,0,31457,1966.062
18.197038412094116,1,1,32024,2001.500
18.201035261154175,1,1,31967,1997.938
18.20503830909729,1,1,12360,772.500
18.20903468132019,1,1,-2460,-153.750
18.213035345077515,1,1,-1695,-105.938
18.217037439346313,1,1,-1695,-105.938
18.221035957336426,1,1,-1682,-105.125
18.225038766860962,1,1,-1646,-102.875
18.22903347015381,1,1,-1654,-103.375
18.233032941818237,1,1,-1695,-105.938
18.23703646659851,1,1,-1769,-110.562
18.241036891937256,1,1,-1897,-118.562
18.245036602020264,1,1,-2091,-130.688
18.249032020568848,1,1,-3067,-191.688
18.253035306930542,1,1,-4291,-268.188
18.257038116455078,1,1,-4627,-289.188
18.261034965515137,1,1,-4717,-294.812
18.265038013458252,1,1,-4718,-294.875
18.269033432006836,1,1,-4673,-292.062
18.273035049438477,1,1,-4599,-287.438
18.27703619003296,1,1,-4501,-281.312
18.281035900115967,1,1,-4386,-274.125
18.285040855407715,1,1,-4254,-265.875
18.289140462875366,1,1,-4111,-256.938
18.293086767196655,1,1,-3943,-246.438
18.297062158584595,1,1,-3764,-235.250
18.301061153411865,1,1,-3581,-223.812
18.305071592330933,1,1,-3393,-212.062
18.309150218963623,1,1,-3200,-200.000
18.313085079193115,1,1,-3006,-187.875
18.317063093185425,1,1,-2807,-175.438
18.321134328842163,1,1,-2607,-162.938
18.325260162353516,1,1,-2408,-150.500
18.329116582870483,1,1,-2212,-138.250
18.333080530166626,1,1,-2017,-126.062
18.337074756622314,1,1,-1823,-113.938
18.341074228286743,1,1,-1631,-101.938
18.345072269439697,1,1,-1443,-90.188
18.349079608917236,1,1,-1259,-78.688
18.35307765007019,1,1,-1076,-67.250
18.357061624526978,1,1,-895,-55.938
18.361063957214355,1,1,-716,-44.750
18.365063428878784,1,1,-541,-33.812
18.369058847427368,1,1,-370,-23.125
18.37306523323059,1,1,-201,-12.562
18.377063035964966,1,1,-33,-2.062
18.381062269210815,1,1,133,8.312
18.38508677482605,1,1,295,18.438
18.3891761302948,1,1,454,28.375
18.39304757118225,1,1,611,38.188
18.397037744522095,1,1,767,47.938
18.401047706604004,1,1,921,57.562
18.405093669891357,1,1,1072,67.000
18.409050703048706,1,1,1220,76.250
18.41303849220276,1,1,1366,85.375
18.4170343875885,1,1,1655,103.438
18.421054363250732,1,1,1796,112.250
18.425050258636475,1,1,1934,120.875
18.429030895233154,1,1,2070,129.375
18.433039665222168,1,1,2205,137.812
18.437033891677856,1,1,2340,146.250
18.44104290008545,1,1,2471,154.438
18.44503164291382,1,1,2601,162.562
18.44903254508972,1,1,2727,170.438
18.45304226875305,1,1,2854,178.375
18.457041025161743,1,1,2980,186.250
18.461036205291748,1,1,3103,193.938
18.46503472328186,1,1,3225,201.562
18.46903157234192,1,1,3343,208.938
18.473034620285034,1,1,3462,216.375
18.47703456878662,1,1,3581,223.812
18.481033086776733,1,1,3697,231.062
18.485035181045532,1,1,3809,238.062
18.489147424697876,1,1,3921,245.062
18.493075370788574,1,1,4033,252.062
18.49707269668579,1,1,4144,259.000
18.50107431411743,1,1,4254,265.875
18.505075216293335,1,1,4360,272.500
18.509069204330444,1,1,4465,279.062
18.5130672454834,1,1,4570,285.625
18.517070770263672,1,1,4676,292.250
18.521069049835205,1,1,4779,298.688
18.525073051452637,1,1,4879,304.938
18.529067039489746,1,1,4978,311.125
18.533069372177124,1,1,5078,317.375
18.53707265853882,1,1,5177,323.562
18.541077613830566,1,1,5274,329.625
18.545073747634888,1,1,5368,335.500
18.54906916618347,1,1,5463,341.438
18.553072214126587,1,1,5557,347.312
18.55707025527954,1,1,5651,353.188
18.56107211112976,1,1,5743,358.938
18.565072536468506,1,1,5833,364.562
18.569067001342773,1,1,5922,370.125
18.57307195663452,1,1,6011,375.688
18.577069520950317,1,1,6100,381.250
18.581068515777588,1,1,6188,386.750
18.585067987442017,1,1,6274,392.125
18.58914852142334,1,1,6357,397.312
18.593035221099854,1,1,6442,402.625
18.59703540802002,1,1,6527,407.938
18.601032495498657,1,1,6611,413.188
18.605034589767456,1,1,6692,418.250
18.609029054641724,1,1,6772,423.250
18.613032817840576,1,1,6853,428.312
18.617032766342163,1,1,6934,433.375
18.621030807495117,1,1,7013,438.312
18.625025033950806,1,1,7091,443.188
18.629019260406494,1,1,7168,448.000
18.63303279876709,1,1,7245,452.812
18.637036323547363,1,1,7322,457.625
18.641029596328735,1,1,7398,462.375
18.645034313201904,1,1,7472,467.000
18.649028062820435,1,1,7545,471.562
18.653032302856445,1,1,7619,476.188
18.65703296661377,1,1,7693,480.812
18.661032915115356,1,1,7766,485.375
18.66503381729126,1,1,7837,489.812
18.669028282165527,1,1,7907,494.188
18.673030376434326,1,1,7977,498.562
18.67703080177307,1,1,8048,503.000
18.68103003501892,1,1,8119,507.438
18.68503189086914,1,1,8186,511.625
18.689122676849365,1,1,8254,515.875
18.69307851791382,1,1,8321,520.062
18.697070837020874,1,1,8389,524.312
18.70106816291809,1,1,8457,528.562
18.705072164535522,1,1,8522,532.625
18.709064245224,1,1,8587,536.688
18.713067293167114,1,1,8651,540.688
18.71706795692444,1,1,8717,544.812
18.721068382263184,1,1,8782,548.875
18.725069284439087,1,1,8845,552.812
18.72906494140625,1,1,8906,556.625
18.73306918144226,1,1,8969,560.562
18.737071752548218,1,1,9032,564.500
18.74106764793396,1,1,9096,568.500
18.745071172714233,1,1,9156,572.250
18.74906635284424,1,1,9215,575.938
18.75306248664856,1,1,9275,579.688
18.757066011428833,1,1,9336,583.500
18.761067628860474,1,1,9397,587.312
18.765070915222168,1,1,9456,591.000
18.769062995910645,1,1,9512,594.500
18.773067235946655,1,1,9571,598.188
18.777426958084106,1,1,9630,601.875
18.78125262260437,1,1,9688,605.500
18.785101413726807,1,1,9745,609.062
18.78918218612671,1,1,9801,612.562
18.793031930923462,1,1,9857,616.062
18.797035694122314,1,1,9914,619.625
18.801029682159424,1,1,9971,623.188
18.805029153823853,1,1,10026,626.625
18.80902910232544,1,1,10079,629.938
18.813031673431396,1,1,10134,633.375
18.817030668258667,1,1,10188,636.750
18.82103133201599,1,1,10243,640.188
18.82503342628479,1,1,10296,643.500
18.8290274143219,1,1,10348,646.750
18.833029747009277,1,1,10401,650.062
18.837021350860596,1,1,10455,653.438
18.841025352478027,1,1,10508,656.750
18.845030307769775,1,1,10560,660.000
18.849026918411255,1,1,10610,663.125
18.853031396865845,1,1,10660,666.250
18.857030630111694,1,1,10713,669.562
18.86103081703186,1,1,10765,672.812
18.865033388137817,1,1,10815,675.938
18.869027853012085,1,1,10864,679.000
18.87302851676941,1,1,10913,682.062
18.87702989578247,1,1,10963,685.188
18.881030559539795,1,1,11014,688.375
18.885029077529907,1,1,11062,691.375
18.889126539230347,1,1,11110,694.375
18.89307427406311,1,1,11158,697.375
18.8970685005188,1,1,11207,700.438
18.901069402694702,1,1,11256,703.500
18.905069828033447,1,1,11304,706.500
18.909064292907715,1,1,11349,709.312
18.91306710243225,1,1,11396,712.250
18.917065382003784,1,1,11443,715.188
18.921066522598267,1,1,11492,718.250
18.92506766319275,1,1,11537,721.062
18.929061889648438,1,1,11582,723.875
18.933069705963135,1,1,11627,726.688
18.937065601348877,1,1,11674,729.625
18.9410662651062,1,1,11721,732.562
18.945064783096313,1,1,11765,735.312
18.94905424118042,1,1,11809,738.062
18.953062772750854,1,1,11853,740.812
18.957056283950806,1,1,11898,743.625
18.961070775985718,1,1,11944,746.500
18.965062618255615,1,1,11987,749.188
18.969061851501465,1,1,12030,751.875
18.973067045211792,1,1,12073,754.562
18.97707748413086,1,1,12117,757.312
18.981063842773438,1,1,12161,760.062
18.985069036483765,1,1,12204,762.750
18.989063024520874,1,1,12246,765.375
18.993030548095703,1,1,12287,767.938
18.997026920318604,1,1,12330,770.625
19.0010347366333,1,1,12374,773.375
19.005027055740356,1,1,12415,775.938
19.009024620056152,1,1,12455,778.438
19.013023376464844,1,1,12496,781.000
19.017034769058228,1,1,12580,786.250
19.02102565765381,1,1,12621,788.812
19.025028228759766,1,1,12660,791.250
19.029022216796875,1,1,12700,793.750
19.033031463623047,1,1,12741,796.312
19.037026405334473,1,1,12782,798.875
19.041038751602173,1,1,12823,801.438
19.04502844810486,1,1,12861,803.812
19.0490243434906,1,1,12899,806.188
19.05302381515503,1,1,12939,808.688
19.057031393051147,1,1,12979,811.188
19.061026096343994,1,1,13018,813.625
19.065031051635742,1,1,13056,816.000
19.069024324417114,1,1,13094,818.375
19.073033094406128,1,1,13132,820.750
19.077025175094604,1,1,13172,823.250
19.081027507781982,1,1,13210,825.625
19.085022449493408,1,1,13247,827.938
19.08909773826599,1,1,13284,830.250
19.09306287765503,1,1,13322,832.625
19.097076892852783,1,1,13360,835.000
19.101062536239624,1,1,13397,837.312
19.10506248474121,1,1,13433,839.562
19.109052181243896,1,1,13469,841.812
19.113068103790283,1,1,13507,844.188
19.11705994606018,1,1,13544,846.500
19.121063709259033,1,1,13581,848.812
19.1318039894104,1,1,13651,853.188
19.133122205734253,1,1,13687,855.438
19.137078046798706,1,1,13724,857.750
19.14106321334839,1,1,13759,859.938
19.145068168640137,0,0,13794,862.125
19.14906072616577,0,0,13828,864.250
19.153072595596313,1,1,13863,866.438
19.157061100006104,1,1,13899,868.688
19.161065340042114,1,1,14153,884.562
19.165064811706543,0,0,32174,2010.875
19.169067859649658,0,0,32767,2047.938
19.17306661605835,1,1,32767,2047.938
19.177063941955566,1,1,32767,2047.938
19.181060791015625,1,1,32767,2047.938
19.185070991516113,0,0,32767,2047.938
19.189064979553223,0,0,32767,2047.938
19.193044185638428,1,1,32767,2047.938
19.197023630142212,1,1,32767,2047.938
19.201024532318115,1,1,32767,2047.938
19.205026149749756,0,0,32767,2047.938
19.209028005599976,0,0,32767,2047.938
19.21302890777588,1,1,32767,2047.938
19.217026233673096,1,1,32767,2047.938
19.22102165222168,1,1,32767,2047.938
19.2250337600708,0,0,32767,2047.938
19.22902011871338,0,0,32767,2047.938
19.23302388191223,1,1,32767,2047.938
19.237021446228027,1,1,32767,2047.938
19.24103021621704,1,1,32767,2047.938
19.245025873184204,0,0,32767,2047.938
19.24902081489563,0,0,32767,2047.938
19.253023862838745,1,1,32767,2047.938
19.25703263282776,1,1,32767,2047.938
19.26102328300476,1,1,32767,2047.938
19.26502513885498,0,0,32767,2047.938
19.26901865005493,0,0,32767,2047.938
19.27303171157837,1,1,32767,2047.938
19.277022123336792,1,1,32767,2047.938
19.281022310256958,1,1,32767,2047.938
19.285022497177124,0,0,32767,2047.938
19.2891104221344,0,0,32767,2047.938
19.293083429336548,1,1,32767,2047.938
19.297062873840332,1,1,32767,2047.938
19.301048755645752,1,1,32767,2047.938
19.305055379867554,0,0,32767,2047.938
19.309106826782227,0,0,32767,2047.938
19.313097953796387,1,1,32767,2047.938
19.31705355644226,1,1,32767,2047.938
19.321181058883667,1,1,32767,2047.938
19.325193405151367,0,0,32767,2047.938
19.329063177108765,0,0,32767,2047.938
19.333056211471558,1,1,32767,2047.938
19.337053298950195,1,1,32767,2047.938
19.341116428375244,1,1,32767,2047.938
19.34506869316101,0,0,32767,2047.938
19.34905219078064,0,0,32767,2047.938
19.353058099746704,1,1,32767,2047.938
19.357061624526978,1,1,32767,2047.938
19.36107039451599,1,1,32767,2047.938
19.365059852600098,1,1,32767,2047.938
19.369049072265625,1,1,32767,2047.938
19.373060941696167,1,1,32767,2047.938
19.377060413360596,1,1,32767,2047.938
19.381058931350708,1,1,32767,2047.938
19.38505792617798,1,1,32767,2047.938
19.389163494110107,1,1,32767,2047.938
19.393037796020508,1,1,32767,2047.938
19.397027492523193,1,1,32767,2047.938
19.401020288467407,1,1,32767,2047.938
19.40502381324768,1,1,32767,2047.938
19.409023761749268,1,1,32767,2047.938
19.413024425506592,1,1,32767,2047.938
19.41702628135681,1,1,32767,2047.938
19.42102313041687,1,1,32767,2047.938
19.425025463104248,1,1,32767,2047.938
19.42901849746704,1,1,32767,2047.938
19.433021783828735,1,1,32767,2047.938
19.437021255493164,1,1,32767,2047.938
19.441020965576172,1,1,32767,2047.938
19.445021629333496,1,1,32767,2047.938
19.449018478393555,1,1,32767,2047.938
19.45302391052246,1,1,32767,2047.938
19.457026958465576,1,1,32767,2047.938
19.461023569107056,1,1,32767,2047.938
19.46501898765564,1,1,32767,2047.938
19.46901035308838,1,1,32767,2047.938
19.473020315170288,1,1,32767,2047.938
19.477023124694824,1,1,32767,2047.938
19.48102045059204,1,1,32767,2047.938
19.48502230644226,1,1,32767,2047.938
19.48910665512085,1,1,32767,2047.938
19.493062257766724,1,1,32767,2047.938
19.497063398361206,1,1,32767,2047.938
19.501060009002686,1,1,32767,2047.938
19.50505805015564,1,1,32767,2047.938
19.509052991867065,1,1,32767,2047.938
19.51305866241455,1,1,32767,2047.938
19.5170578956604,1,1,32767,2047.938
19.521056652069092,1,1,32767,2047.938
19.52505922317505,1,1,32767,2047.938
19.529056310653687,1,1,32767,2047.938
19.53306269645691,1,1,32767,2047.938
19.53705859184265,1,1,32767,2047.938
19.541065216064453,1,1,32767,2047.938
19.545060634613037,1,1,32767,2047.938
19.549052953720093,1,1,32767,2047.938
19.55305552482605,1,1,32767,2047.938
19.557059049606323,1,1,32767,2047.938
19.56105637550354,1,1,32767,2047.938
19.5650577545166,1,1,32767,2047.938
19.56905460357666,1,1,32767,2047.938
19.573057413101196,1,1,32767,2047.938
19.577061891555786,1,1,32767,2047.938
19.581056833267212,1,1,32767,2047.938
19.58505368232727,1,1,32767,2047.938
19.589101791381836,1,1,32767,2047.938
19.59302043914795,1,1,32767,2047.938
19.597023010253906,1,1,32767,2047.938
19.601019620895386,1,1,32767,2047.938
19.605021238327026,1,1,32767,2047.938
19.609016180038452,1,1,32767,2047.938
19.613019466400146,1,1,32767,2047.938
19.617019414901733,1,1,32767,2047.938
19.62101936340332,1,1,32767,2047.938
19.625020742416382,1,1,32767,2047.938
19.629014253616333,1,1,32767,2047.938
19.633018493652344,1,1,32767,2047.938
19.637017488479614,1,1,32767,2047.938
19.6410174369812,1,1,32767,2047.938
19.645015478134155,1,1,32767,2047.938
19.6490159034729,1,1,32767,2047.938
19.653019905090332,1,1,32767,2047.938
19.657020330429077,1,1,32767,2047.938
19.66101861000061,1,1,32767,2047.938
19.66501522064209,1,1,32767,2047.938
19.669008016586304,1,1,32767,2047.938
19.673019886016846,1,1,32767,2047.938
19.677021741867065,1,1,32767,2047.938
19.681018590927124,1,1,32767,2047.938
19.685020446777344,1,1,32767,2047.938
19.689096450805664,1,1,32767,2047.938
19.693060398101807,1,1,32767,2047.938
19.697059869766235,1,1,32767,2047.938
19.701056241989136,1,1,32767,2047.938
19.705055475234985,1,1,32767,2047.938
19.709049701690674,1,1,32767,2047.938
19.713054180145264,1,1,32767,2047.938
19.717053174972534,1,1,32767,2047.938
19.721055507659912,1,1,32767,2047.938
19.7250554561615,1,1,32767,2047.938
19.729051113128662,1,1,32767,2047.938
19.73306155204773,1,1,32767,2047.938
19.7370548248291,1,1,32767,2047.938
19.74105405807495,1,1,32767,2047.938
19.745059728622437,1,1,32767,2047.938
19.7490496635437,1,1,32767,2047.938
19.753052473068237,1,1,32767,2047.938
19.757052421569824,1,1,32767,2047.938
19.76105546951294,1,1,32767,2047.938
19.765055894851685,1,1,32767,2047.938
19.769049644470215,1,1,32767,2047.938
19.773056268692017,1,1,32767,2047.938
19.777403354644775,1,1,32767,2047.938
19.781249523162842,1,1,32767,2047.938
19.785086393356323,1,1,32767,2047.938
19.78916645050049,1,1,32767,2047.938
19.79302167892456,1,1,32767,2047.938
19.797021627426147,1,1,32767,2047.938
19.801016807556152,1,1,32767,2047.938
19.805017232894897,1,1,32767,2047.938
19.809017181396484,1,1,32767,2047.938
19.813016176223755,1,1,32767,2047.938
19.817020654678345,1,1,32767,2047.938
19.821016788482666,1,1,32767,2047.938
19.82502031326294,1,1,32767,2047.938
19.829015254974365,1,1,32767,2047.938
19.83301544189453,1,1,32767,2047.938
19.83701229095459,1,1,32767,2047.938
19.8410222530365,1,1,32767,2047.938
19.84502100944519,1,1,32767,2047.938
19.849013328552246,1,1,32767,2047.938
19.853016138076782,1,1,32767,2047.938
19.85701870918274,1,1,32767,2047.938
19.861016988754272,1,1,32767,2047.938
19.86501455307007,1,1,32767,2047.938
19.869011640548706,1,1,32767,2047.938
19.873015880584717,1,1,32767,2047.938
19.87701725959778,1,1,32767,2047.938
19.88101577758789,1,1,32767,2047.938
19.885016918182373,1,1,32767,2047.938
19.88911485671997,1,1,32767,2047.938
19.893059253692627,1,1,32767,2047.938
19.897058963775635,1,1,32767,2047.938
19.901053190231323,1,1,32767,2047.938
19.905054569244385,1,1,32767,2047.938
19.909048557281494,1,1,32767,2047.938
19.91305422782898,1,1,32767,2047.938
19.917049407958984,1,1,32767,2047.938
19.9210524559021,1,1,32767,2047.938
19.92505383491516,1,1,32767,2047.938
19.92904806137085,1,1,32767,2047.938
19.933056116104126,1,1,32767,2047.938
19.93705654144287,1,1,32767,2047.938
19.941052675247192,1,1,32767,2047.938
19.945056438446045,1,1,32767,2047.938
19.949050664901733,1,1,32767,2047.938
19.95305061340332,1,1,32767,2047.938
19.95705008506775,1,1,32767,2047.938
19.961052656173706,1,1,32767,2047.938
19.965052604675293,1,1,32767,2047.938
19.96904730796814,1,1,32767,2047.938
19.97305417060852,1,1,32767,2047.938
19.977044343948364,1,1,32767,2047.938
19.9810471534729,1,1,32767,2047.938
19.98504328727722,1,1,32767,2047.938
19.98904252052307,1,1,32767,2047.938
19.993032693862915,1,1,32767,2047.938
19.997133493423462,1,1,32767,2047.938
20.00101637840271,1,1,32767,2047.938
20.005014181137085,1,1,32767,2047.938
20.009069681167603,1,1,32767,2047.938
20.013015508651733,1,1,32767,2047.938
20.017003536224365,1,1,32767,2047.938
20.02100419998169,1,1,32767,2047.938
20.02501106262207,1,1,32767,2047.938
20.02901005744934,1,1,32767,2047.938
20.03301167488098,1,1,32767,2047.938
20.037002086639404,1,1,32767,2047.938
20.041005849838257,1,1,32767,2047.938
20.04501438140869,1,1,32767,2047.938
20.049010515213013,1,1,32767,2047.938
20.053014516830444,1,1,32767,2047.938
20.05701994895935,1,1,32767,2047.938
20.0610134601593,1,1,32767,2047.938
20.065016984939575,1,1,32767,2047.938
20.069008827209473,1,1,32767,2047.938
20.073010683059692,1,1,32767,2047.938
20.07701325416565,1,1,32767,2047.938
20.08101463317871,1,1,32767,2047.938
20.08501124382019,1,1,32767,2047.938
20.08910322189331,1,1,32767,2047.938
20.0930438041687,1,1,32767,2047.938
20.097053289413452,1,1,32767,2047.938
20.10105013847351,1,1,32767,2047.938
20.105052709579468,1,1,32767,2047.938
20.10904550552368,1,1,32767,2047.938
20.11304521560669,1,1,32767,2047.938
20.117047786712646,1,1,32767,2047.938
20.121049880981445,1,1,32767,2047.938
20.125051498413086,1,1,32767,2047.938
20.13589310646057,1,1,32767,2047.938
20.13720464706421,1,1,32767,2047.938
20.14106297492981,1,1,32767,2047.938
20.145055294036865,1,1,32767,2047.938
20.149036645889282,1,1,32767,2047.938
20.15304684638977,1,1,32767,2047.938
20.157052040100098,1,1,32767,2047.938
20.161051273345947,1,1,32767,2047.938
20.165050745010376,1,1,32767,2047.938
20.169047832489014,0,1,32767,2047.938
20.173051357269287,1,1,32767,2047.938
20.17705202102661,0,1,32767,2047.938
20.18104910850525,0,1,32767,2047.938
20.18505334854126,0,1,32767,2047.938
20.189051628112793,0,1,32767,2047.938
20.193026304244995,1,1,29956,1872.250
20.197014570236206,0,1,3774,235.875
20.20101308822632,0,1,-2967,-185.438
20.205013513565063,0,1,4058,253.625
20.20900797843933,0,1,-2664,-166.500
20.213013410568237,1,1,-1667,-104.188
20.217010259628296,0,1,-1695,-105.938
20.221011877059937,0,1,-1750,-109.375
20.22500777244568,0,1,-2099,-131.188
20.228999376296997,0,1,-3052,-190.750
20.23300862312317,1,1,-4306,-269.125
20.23701310157776,1,1,-4642,-290.125
20.24100685119629,1,1,-4705,-294.062
20.24501323699951,0,1,11446,715.375
20.2490074634552,1,1,30406,1900.375
20.253013372421265,1,1,32767,2047.938
20.257012844085693,1,1,32767,2047.938
20.26101064682007,1,1,32767,2047.938
20.265013217926025,0,1,32767,2047.938
20.269007921218872,0,1,32767,2047.938
20.27301049232483,1,1,32767,2047.938
20.2770094871521,1,1,19946,1246.625
20.28101110458374,1,1,31871,1991.938
20.285011529922485,0,0,32767,2047.938
20.289095640182495,0,0,32767,2047.938
20.293113708496094,1,1,32767,2047.938
20.297054290771484,1,1,32767,2047.938
20.30103850364685,1,1,32767,2047.938
20.305038452148438,0,0,32767,2047.938
20.309037446975708,1,0,32767,2047.938
20.31303882598877,1,1,32767,2047.938
20.31703805923462,1,1,32767,2047.938
20.32113552093506,1,1,30797,1924.812
20.325063467025757,1,0,5428,339.250
20.32907462120056,1,0,-1480,-92.500
20.333296298980713,1,1,21124,1320.250
20.337093114852905,1,1,26969,1685.562
20.3410427570343,1,0,5074,317.125
20.34504795074463,0,0,-3232,-202.000
20.349045515060425,1,0,-4697,-293.562
20.353049278259277,1,1,1678,104.875
20.357036113739014,1,1,5234,327.125
20.361108541488647,0,0,-2590,-161.875
20.36505651473999,0,0,-4383,-273.938
20.369038105010986,1,0,-4530,-283.125
20.373045682907104,1,1,-4453,-278.312
20.377050161361694,1,1,-4329,-270.562
20.381070137023926,0,0,-4186,-261.625
20.385050296783447,0,0,-4017,-251.062
20.38910937309265,1,0,-3827,-239.188
20.39301109313965,1,1,-3631,-226.938
20.39701247215271,1,1,-3428,-214.250
20.40100932121277,0,0,-3219,-201.188
20.405006408691406,0,0,-3007,-187.938
20.409000635147095,1,0,-2791,-174.438
20.413029193878174,1,1,-2574,-160.875
20.41701650619507,1,1,-2357,-147.312
20.42100977897644,0,0,-2143,-133.938
20.42500901222229,0,0,-1931,-120.688
20.429006338119507,1,1,-1721,-107.562
20.433008432388306,1,1,-1514,-94.625
20.437009572982788,1,1,-1310,-81.875
20.441009044647217,0,0,-1109,-69.312
20.445010900497437,0,0,-912,-57.000
20.44900608062744,1,1,-718,-44.875
20.45301055908203,1,1,-527,-32.938
20.457011938095093,1,1,-338,-21.125
20.461010932922363,0,0,-155,-9.688
20.465009689331055,0,0,26,1.625
20.469002962112427,1,1,205,12.812
20.473004817962646,1,1,380,23.750
20.477007627487183,1,1,554,34.625
20.48100757598877,0,0,1714,107.125
20.48500418663025,0,0,25299,1581.188
20.48908758163452,1,1,32767,2047.938
20.493046283721924,1,1,32767,2047.938
20.497047185897827,1,1,32767,2047.938
20.501044988632202,0,0,32767,2047.938
20.505048990249634,0,0,32767,2047.938
20.509040594100952,1,1,32767,2047.938
20.51304316520691,1,1,32767,2047.938
20.517043828964233,1,1,32767,2047.938
20.521045207977295,0,0,32767,2047.938
20.525046586990356,0,0,32767,2047.938
20.52903652191162,1,1,32767,2047.938
20.533048152923584,1,1,32767,2047.938
20.537049055099487,1,1,32767,2047.938
20.54105281829834,0,0,32767,2047.938
20.545045137405396,0,0,32767,2047.938
20.549039840698242,1,1,32767,2047.938
20.55304455757141,1,1,32767,2047.938
20.55704355239868,1,1,32767,2047.938
20.561043977737427,0,0,32767,2047.938
20.56504487991333,0,0,32767,2047.938
20.569041967391968,1,1,32767,2047.938
20.573046445846558,1,1,32767,2047.938
20.577053546905518,1,1,32767,2047.938
20.581043004989624,0,0,32767,2047.938
20.58504009246826,0,0,32767,2047.938
20.589091300964355,1,1,32767,2047.938
20.593002796173096,1,1,32767,2047.938
20.59700846672058,1,1,32767,2047.938
20.60100769996643,0,0,32767,2047.938
20.605008602142334,0,0,32767,2047.938
20.609000205993652,1,1,32767,2047.938
20.61300802230835,1,1,32767,2047.938
20.617008924484253,1,1,32767,2047.938
20.621004104614258,0,0,32767,2047.938
20.6250057220459,0,0,32767,2047.938
20.6290020942688,1,1,32767,2047.938
20.633001565933228,1,1,32767,2047.938
20.63700532913208,1,1,32767,2047.938
20.641003131866455,0,0,32767,2047.938
20.64500641822815,0,0,32767,2047.938
20.649001598358154,1,1,32767,2047.938
20.65300440788269,1,1,32767,2047.938
20.657002925872803,1,1,32767,2047.938
20.661004543304443,0,0,32767,2047.938
20.665002822875977,0,0,32767,2047.938
20.669002056121826,1,1,32767,2047.938
20.673001289367676,1,1,32767,2047.938
20.67700457572937,1,1,32767,2047.938
20.68100595474243,0,0,32767,2047.938
20.685006380081177,0,0,32767,2047.938
20.689085245132446,1,1,32767,2047.938
20.693047046661377,1,1,32767,2047.938
20.69704508781433,1,1,32767,2047.938
20.701043605804443,0,0,32767,2047.938
20.70503807067871,0,0,32767,2047.938
20.709028959274292,1,1,32767,2047.938
20.713043451309204,1,1,32767,2047.938
20.717047929763794,1,1,32767,2047.938
20.721043348312378,0,0,32767,2047.938
20.72504234313965,0,0,32767,2047.938
20.7290358543396,1,1,32767,2047.938
20.733043432235718,1,1,32767,2047.938
20.73704218864441,1,1,32767,2047.938
20.741039752960205,0,0,32767,2047.938
20.745043754577637,0,0,32767,2047.938
20.749037742614746,1,1,32767,2047.938
20.75304102897644,1,1,32767,2047.938
20.75704002380371,1,1,32767,2047.938
20.761037349700928,0,0,32767,2047.938
20.765042304992676,0,0,32767,2047.938
20.76903748512268,1,1,32767,2047.938
20.773041486740112,1,1,32767,2047.938
20.77738070487976,1,1,32767,2047.938
20.78123140335083,0,0,32767,2047.938
20.785068035125732,0,0,32767,2047.938
20.78912115097046,1,1,32767,2047.938
20.79301357269287,1,1,32767,2047.938
20.797007083892822,1,1,32767,2047.938
20.801002979278564,0,0,32767,2047.938
20.805004835128784,0,0,32767,2047.938
20.80900287628174,1,1,32767,2047.938
20.8130042552948,1,1,32767,2047.938
20.817004442214966,1,1,32767,2047.938
20.82100534439087,0,0,32767,2047.938
20.82500696182251,0,0,32767,2047.938
20.828999519348145,1,1,32767,2047.938
20.83300280570984,1,1,32767,2047.938
20.8371524810791,1,1,32767,2047.938
20.84099841117859,0,0,32767,2047.938
20.84500026702881,0,0,32767,2047.938
20.84899353981018,1,1,32767,2047.938
20.852993965148926,1,1,32767,2047.938
20.856996536254883,1,1,32767,2047.938
20.860995292663574,0,0,32767,2047.938
20.86499524116516,0,0,32767,2047.938
20.86899185180664,1,1,32767,2047.938
20.87299871444702,1,1,32767,2047.938
20.877007007598877,1,1,32767,2047.938
20.881004095077515,0,0,32767,2047.938
20.88500428199768,0,0,32767,2047.938
20.889098167419434,1,1,32767,2047.938
20.893043994903564,1,1,32767,2047.938
20.89704394340515,1,1,32767,2047.938
20.901041269302368,0,0,32767,2047.938
20.905041933059692,0,0,32767,2047.938
20.9090359210968,1,1,32767,2047.938
20.913039445877075,1,1,32767,2047.938
20.917039394378662,1,1,32767,2047.938
20.921041250228882,0,0,32767,2047.938
20.925041675567627,0,0,32767,2047.938
20.929033279418945,1,1,32767,2047.938
20.933040857315063,1,1,32767,2047.938
20.93704342842102,1,1,32767,2047.938
20.941039085388184,0,0,32767,2047.938
20.94503951072693,0,0,32767,2047.938
20.949035167694092,1,1,32767,2047.938
20.953041553497314,1,1,32767,2047.938
20.957038640975952,1,1,32767,2047.938
20.96103572845459,0,0,32767,2047.938
20.96504306793213,1,1,32767,2047.938
20.96903371810913,1,1,32767,2047.938
20.973039150238037,1,1,22785,1424.062
20.9770450592041,1,1,-650,-40.625
20.981040954589844,1,1,-1790,-111.875
20.985042333602905,1,1,-1650,-103.125
20.989036798477173,1,1,-1695,-105.938
20.993008136749268,1,1,-1765,-110.312
20.996989250183105,1,1,-1897,-118.562
21.00099492073059,1,1,-2126,-132.875
21.004997491836548,1,1,-3217,-201.062
21.008996725082397,1,1,-4372,-273.250
21.01300048828125,1,1,-4658,-291.125
21.017001628875732,1,1,-4724,-295.250
21.020999431610107,1,1,-4706,-294.125
21.024998426437378,1,1,-4645,-290.312
21.02898931503296,1,1,-4555,-284.688
21.03299570083618,1,1,-4439,-277.438
21.03700351715088,1,1,-4303,-268.938
21.041009664535522,1,1,-4154,-259.625
21.045003652572632,1,1,-3977,-248.562
21.048996686935425,1,1,-3785,-236.562
21.053003787994385,1,1,-3586,-224.125
21.05700373649597,1,1,-3379,-211.188
21.061001539230347,1,1,-3170,-198.125
21.065001487731934,1,1,-2956,-184.750
21.068997144699097,1,1,-2740,-171.250
21.073002099990845,1,1,-2522,-157.625
21.07700204849243,1,1,-2304,-144.000
21.081002712249756,1,1,-2089,-130.562
21.08499836921692,1,1,-1876,-117.250
21.089076280593872,1,1,-1667,-104.188
21.093037128448486,1,1,-1459,-91.188
21.097039222717285,1,1,-1254,-78.375
21.101035833358765,1,1,-1054,-65.875
21.105039358139038,1,1,-858,-53.625
21.109032154083252,1,1,-664,-41.500
21.11303997039795,1,1,-472,-29.500
21.117038011550903,1,1,-284,-17.750
21.121034145355225,1,1,-99,-6.188
21.125038146972656,1,1,82,5.125
21.129031658172607,1,1,260,16.250
21.152270555496216,1,1,1276,79.750
21.153602361679077,1,1,1276,79.750
21.15705680847168,1,1,1437,89.812
21.161043882369995,1,1,1595,99.688
21.165045499801636,1,1,1749,109.312
21.16904067993164,1,1,1901,118.812
21.17304539680481,1,1,2052,128.250
21.17704153060913,1,1,2202,137.625
21.181044816970825,1,1,2349,146.812
21.185036182403564,1,1,2491,155.688
21.189181804656982,1,1,2632,164.500
21.19299840927124,1,1,2772,173.250
21.19700574874878,1,1,2912,182.000
21.201000452041626,1,1,3047,190.438
21.20500373840332,1,1,3180,198.750
21.209001064300537,1,1,3311,206.938
21.2130069732666,1,1,3442,215.125
21.217002630233765,1,1,3571,223.188
21.221002340316772,1,1,3698,231.125
21.225006103515625,1,1,3823,238.938
21.228999853134155,1,1,3944,246.500
21.23300290107727,1,1,4066,254.125
21.237002849578857,1,1,4186,261.625
21.24100375175476,1,1,4304,269.000
21.245002508163452,1,1,4421,276.312
21.249001264572144,1,1,4534,283.375
21.2530038356781,1,1,4648,290.500
21.25700068473816,1,1,4761,297.562
21.261001586914062,1,1,4873,304.562
21.265004634857178,1,1,4980,311.250
21.268997192382812,1,1,5087,317.938
21.273005723953247,1,1,5194,324.625
21.277000427246094,1,1,5300,331.250
21.280999422073364,1,1,5404,337.750
21.285004377365112,1,1,5505,344.062
21.289095401763916,1,1,5605,350.312
21.293052196502686,1,1,5706,356.625
21.297069549560547,1,1,5806,362.875
21.301045179367065,1,1,5904,369.000
21.305034637451172,1,1,5999,374.938
21.309022903442383,1,1,6093,380.812
21.313034057617188,1,1,6188,386.750
21.3170382976532,1,1,6283,392.688
21.32103657722473,1,1,6375,398.438
21.32503318786621,1,1,6465,404.062
21.329023599624634,1,1,6554,409.625
21.333059549331665,1,1,6643,415.188
21.337030172348022,1,1,6732,420.750
21.34103226661682,1,1,6820,426.250
21.345036029815674,1,1,6905,431.562
21.35208296775818,1,1,6989,436.812
21.353567838668823,1,1,7074,442.125
21.357078075408936,1,1,7158,447.375
21.361029148101807,1,1,7241,452.562
21.365037441253662,1,1,7322,457.625
21.369153261184692,1,1,7402,462.625
21.373090028762817,1,1,7482,467.625
21.377032041549683,1,1,7562,472.625
21.381023406982422,1,1,7641,477.562
21.385034799575806,1,1,7718,482.375
21.389108896255493,1,1,7793,487.062
21.393019914627075,1,1,7870,491.875
21.396997690200806,1,1,7947,496.688
21.400989770889282,1,1,8021,501.312
21.405003309249878,1,1,8095,505.938
21.408997774124146,1,1,8167,510.438
21.41300344467163,1,1,8240,515.000
21.416986227035522,1,1,8312,519.500
21.420985221862793,1,1,8384,524.000
21.42499828338623,1,1,8454,528.375
21.428999423980713,1,1,8523,532.688
21.433003425598145,1,1,8662,541.375
21.437002658843994,1,1,8731,545.688
21.440998077392578,1,1,8797,549.812
21.445002555847168,1,1,8863,553.938
21.448999404907227,1,1,8930,558.125
21.453001499176025,1,1,8997,562.312
21.457000017166138,1,1,9063,566.438
21.460998058319092,1,1,9127,570.438
21.465001821517944,1,1,9190,574.375
21.46899652481079,1,1,9253,578.312
21.472999811172485,1,1,9318,582.375
21.476999521255493,1,1,9381,586.312
21.480996131896973,1,1,9443,590.188
21.48500084877014,1,1,9503,593.938
21.489091157913208,1,1,9565,597.812
21.4930419921875,1,1,9626,601.625
21.497036933898926,1,1,9688,605.500
21.501035690307617,1,1,9746,609.125
21.50503158569336,1,1,9804,612.750
21.50902009010315,1,1,9863,616.438
21.51302933692932,1,1,9922,620.125
21.51703691482544,1,1,9982,623.875
21.521037817001343,1,1,10039,627.438
21.525038957595825,1,1,10095,630.938
21.529032468795776,1,1,10150,634.375
21.533036947250366,1,1,10208,638.000
21.5370352268219,1,1,10265,641.562
21.541037797927856,1,1,10320,645.000
21.545039653778076,1,1,10374,648.375
21.549034118652344,1,1,10429,651.812
21.55303978919983,1,1,10484,655.250
21.557037830352783,1,1,10539,658.688
21.561033725738525,1,1,10592,662.000
21.565037965774536,1,1,10644,665.250
21.56903338432312,1,1,10697,668.562
21.573036670684814,1,1,10751,671.938
21.57703423500061,1,1,10804,675.250
21.5810329914093,1,1,10855,678.438
21.585029125213623,1,1,10906,681.625
21.589057445526123,1,1,10957,684.812
21.593026638031006,1,1,11008,688.000
21.597036361694336,1,1,11060,691.250
21.601036310195923,1,1,11109,694.312
21.60504388809204,1,1,11158,697.375
21.609034538269043,1,1,11207,700.438
21.613038063049316,1,1,11258,703.625
21.617033004760742,1,1,11308,706.750
21.62103271484375,1,1,11356,709.750
21.625037908554077,1,1,11404,712.750
21.629030466079712,1,1,11451,715.688
21.633037090301514,1,1,11500,718.750
21.637035131454468,1,1,11549,721.812
21.641031503677368,1,1,11595,724.688
21.645037174224854,1,1,11641,727.562
21.649030923843384,1,1,11688,730.500
21.65303325653076,1,1,11735,733.438
21.65703558921814,1,1,11783,736.438
21.661033630371094,1,1,11828,739.250
21.665035486221313,1,1,11872,742.000
21.66903066635132,1,1,11917,744.812
21.67303967475891,1,1,11963,747.688
21.677034378051758,1,1,12010,750.625
21.68103051185608,1,1,12053,753.312
21.68503189086914,1,1,12096,756.000
21.689067363739014,1,1,12140,758.750
21.69303870201111,1,1,12185,761.562
21.697033405303955,1,1,12230,764.375
21.70103144645691,1,1,12273,767.062
21.70504069328308,1,1,12315,769.688
21.709033012390137,1,1,12357,772.312
21.713035345077515,1,1,12401,775.062
21.717034339904785,1,1,12445,777.812
21.721034049987793,1,1,12487,780.438
21.725035905838013,1,1,12528,783.000
21.729031085968018,1,1,12569,785.562
21.73303461074829,1,1,12611,788.188
21.737037658691406,1,1,12654,790.875
21.741032123565674,1,1,12695,793.438
21.745028972625732,1,1,12735,795.938
21.749017000198364,1,1,12774,798.375
21.75303816795349,1,1,12817,801.062
21.757034301757812,1,1,12858,803.625
21.761029958724976,1,1,12898,806.125
21.765034914016724,1,1,12936,808.500
21.7690269947052,1,1,12975,810.938
21.773032665252686,1,1,13015,813.438
21.777371168136597,1,1,13056,816.000
21.78121781349182,1,1,13095,818.438
21.785062313079834,1,1,13133,820.812
21.78911280632019,1,1,13171,823.188
21.792996406555176,1,1,13210,825.625
21.79699206352234,1,1,13250,828.125
21.800991773605347,1,1,13288,830.500
21.80499291419983,1,1,13325,832.812
21.808992624282837,1,1,13362,835.125
21.81299376487732,1,1,13400,837.500
21.81699013710022,1,1,13438,839.875
21.82098937034607,1,1,13476,842.250
21.824997425079346,1,1,13512,844.500
21.828990697860718,1,1,13548,846.750
21.832992553710938,1,1,13586,849.125
21.83703064918518,1,1,13624,851.500
21.84105372428894,1,1,13660,853.750
21.845067024230957,1,1,13695,855.938
21.848992824554443,1,1,13731,858.188
21.852989196777344,1,1,13767,860.438
21.856992721557617,1,1,13804,862.750
21.86099410057068,1,1,13839,864.938
21.864991903305054,1,1,13874,867.125
21.868979692459106,1,1,13909,869.312
21.87300133705139,1,1,13943,871.438
21.877002477645874,1,1,13980,873.750
21.880996704101562,1,1,14015,875.938
21.884999752044678,1,1,14048,878.000
21.8890278339386,1,1,14082,880.125
21.892996788024902,1,1,14117,882.312
21.896995544433594,1,1,14152,884.500
21.90099263191223,1,1,14187,886.688
21.904993057250977,1,1,14220,888.750
21.90898871421814,1,1,14252,890.750
21.913000106811523,1,1,14286,892.875
21.916996479034424,1,1,14321,895.062
21.92099165916443,1,1,14354,897.125
21.924995183944702,1,1,14387,899.188
21.928991317749023,1,1,14418,901.125
21.932995796203613,1,1,14451,903.188
21.936992406845093,1,1,14485,905.312
21.940991401672363,1,1,14518,907.375
21.94499635696411,1,1,14550,909.375
21.948989868164062,1,1,14581,911.312
21.952992916107178,1,1,14613,913.312
21.956990242004395,1,1,14646,915.375
21.960992336273193,1,1,14679,917.438
21.964997053146362,1,1,14709,919.312
21.968989849090576,1,1,14740,921.250
21.972992658615112,1,1,14771,923.188
21.976988792419434,1,1,14804,925.250
21.980990171432495,1,1,14836,927.250
21.984994411468506,1,1,14866,929.125
21.989084720611572,1,1,14895,930.938
21.993032693862915,1,1,14927,932.938
21.99703335762024,1,1,14959,934.938
22.00102972984314,1,1,14990,936.875
22.005034685134888,1,1,15019,938.688
22.009026288986206,1,1,15048,940.500
22.01302981376648,1,1,15079,942.438
22.01701807975769,1,1,15110,944.375
22.02102518081665,1,1,15140,946.250
22.025028944015503,1,1,15169,948.062
22.02902841567993,1,1,15197,949.812
22.033035039901733,1,1,15258,953.625
22.037027835845947,1,1,15288,955.500
22.041032552719116,1,1,15316,957.250
22.045035362243652,1,1,15343,958.938
22.049027681350708,1,1,15373,960.812
22.053032159805298,1,1,15403,962.688
22.057027101516724,1,1,15432,964.500
22.061025619506836,1,1,15460,966.250
22.0650315284729,1,1,15487,967.938
22.069026708602905,1,1,15516,969.750
22.07303023338318,1,1,15545,971.562
22.07702922821045,1,1,15574,973.375
22.081027507781982,1,1,15601,975.062
22.085021495819092,1,1,15627,976.688
22.089048862457275,1,1,15655,978.438
22.093024015426636,1,1,15684,980.250
22.097030639648438,1,1,15712,982.000
22.10102891921997,1,1,15739,983.688
22.10503125190735,1,1,15766,985.375
22.10902452468872,1,1,15793,987.062
22.113030910491943,1,1,15821,988.812
22.117028951644897,1,1,15849,990.562
22.121028423309326,1,1,15875,992.188
22.12503480911255,1,1,15900,993.750
22.129026174545288,1,1,15927,995.438
22.133028268814087,1,1,15954,997.125
22.13702940940857,1,1,15982,998.875
22.14102816581726,1,1,16008,1000.500
22.145031690597534,1,1,16032,1002.000
22.155787706375122,1,1,16087,1005.438
22.157105684280396,1,1,16113,1007.062
22.16104245185852,1,1,16138,1008.625
22.16504144668579,1,1,16163,1010.188
22.16902756690979,1,1,16188,1011.750
22.173032999038696,1,1,16215,1013.438
22.177030324935913,1,1,16241,1015.062
22.181026935577393,1,1,16266,1016.625
22.185030221939087,1,1,16290,1018.125
22.18917441368103,1,1,16315,1019.688
22.192994356155396,1,1,16341,1021.312
22.196993827819824,1,1,16367,1022.938
22.200989961624146,1,1,16392,1024.500
22.204993724822998,1,1,16415,1025.938
22.20898747444153,1,1,16439,1027.438
22.212989807128906,1,1,16465,1029.062
22.21698760986328,1,1,16490,1030.625
22.220988512039185,1,1,16515,1032.188
22.22498345375061,1,1,16538,1033.625
22.22897219657898,1,1,16562,1035.125
22.23298215866089,1,1,16587,1036.688
22.236990690231323,1,1,16612,1038.250
22.240988731384277,1,1,16635,1039.688
22.244993448257446,1,1,16658,1041.125
22.248989582061768,1,1,16681,1042.562
22.25299310684204,1,1,16706,1044.125
22.256988048553467,1,1,16731,1045.688
22.260987520217896,1,1,16754,1047.125
22.264991283416748,1,1,16775,1048.438
22.26898765563965,1,1,16799,1049.938
22.272989511489868,1,1,16823,1051.438
22.276991367340088,1,1,16847,1052.938
22.280989408493042,1,1,16870,1054.375
22.284993410110474,1,1,16892,1055.750
22.2890682220459,1,1,16914,1057.125
22.293033838272095,1,1,16938,1058.625
22.297025680541992,1,1,16962,1060.125
22.301025390625,1,1,16983,1061.438
22.305034399032593,1,1,17005,1062.812
22.3090238571167,1,1,17028,1064.250
22.313026428222656,1,1,17051,1065.688
22.317028760910034,1,1,17074,1067.125
22.321024894714355,1,1,17096,1068.500
22.325031042099,1,1,17117,1069.812
22.329024076461792,1,1,17139,1071.188
22.33302617073059,1,1,17161,1072.562
22.337013483047485,1,1,17184,1074.000
22.341022729873657,1,1,17205,1075.312
22.34502339363098,1,1,17226,1076.625
22.349024534225464,1,1,17247,1077.938
22.35302472114563,1,1,17270,1079.375
22.35701036453247,1,1,17293,1080.812
22.361021280288696,1,1,17313,1082.062
22.365026712417603,1,1,17333,1083.312
22.36902403831482,1,1,17354,1084.625
22.373032569885254,1,1,17376,1086.000
22.37703013420105,1,1,17399,1087.438
22.381027221679688,1,1,17419,1088.688
22.385032415390015,1,1,17439,1089.938
22.389060974121094,1,1,17459,1091.188
22.39303159713745,1,1,17480,1092.500
22.397022485733032,1,1,17503,1093.938
22.401010513305664,1,1,17523,1095.188
22.405025959014893,1,1,17542,1096.375
22.409024000167847,1,1,17562,1097.625
22.413031816482544,1,1,17583,1098.938
22.417026042938232,1,1,17604,1100.250
22.421021938323975,1,1,17624,1101.500
22.42503023147583,1,1,17643,1102.688
22.42902398109436,1,1,17663,1103.938
22.43302607536316,1,1,17683,1105.188
22.437031984329224,1,1,17705,1106.562
22.441025257110596,1,1,17723,1107.688
22.44502830505371,1,1,17742,1108.875
22.4490225315094,1,1,17762,1110.125
22.45302438735962,1,1,17782,1111.375
22.457027196884155,1,1,17803,1112.688
22.46102523803711,1,1,17821,1113.812
22.465025901794434,1,1,17840,1115.000
22.469021558761597,1,1,17858,1116.125
22.4730281829834,1,1,17879,1117.438
22.477025747299194,1,1,17899,1118.688
22.48102307319641,1,1,17918,1119.875
22.485028982162476,1,1,17936,1121.000
22.489058017730713,1,1,17954,1122.125
22.493030309677124,1,1,17973,1123.312
22.497023820877075,1,1,17994,1124.625
22.50102186203003,1,1,18012,1125.750
22.50502872467041,1,1,18030,1126.875
22.509021997451782,1,1,18047,1127.938
22.513025522232056,1,1,18066,1129.125
22.517024517059326,1,1,18086,1130.375
22.521026372909546,1,1,18104,1131.500
22.5250186920166,1,1,18122,1132.625
22.52900767326355,1,1,18139,1133.688
22.533012866973877,1,1,18157,1134.812
22.537027835845947,1,1,18177,1136.062
22.54102611541748,1,1,18195,1137.188
22.545032739639282,1,1,18212,1138.250
22.549020528793335,1,1,18228,1139.250
22.553028345108032,1,1,18247,1140.438
22.557025909423828,1,1,18266,1141.625
22.561022520065308,1,1,18283,1142.688
22.56502652168274,1,1,18300,1143.750
22.569021940231323,1,1,18316,1144.750
22.573025941848755,1,1,18335,1145.938
22.5770206451416,1,1,18354,1147.125
22.581020832061768,1,1,18371,1148.188
22.585018396377563,1,1,18388,1149.250
22.5890474319458,1,1,18403,1150.188
22.593015432357788,1,1,18421,1151.312
22.597028493881226,1,1,18439,1152.438
22.60102367401123,1,1,18457,1153.562
22.605026721954346,1,1,18472,1154.500
22.609020471572876,1,1,18488,1155.500
22.613025426864624,1,1,18506,1156.625
22.617022275924683,1,1,18524,1157.750
22.62102222442627,1,1,18541,1158.812
22.62502694129944,1,1,18556,1159.750
22.629022121429443,1,1,18571,1160.688
22.6330246925354,1,1,18589,1161.812
22.637022495269775,1,1,18623,1163.938
22.641021251678467,1,1,18638,1164.875
22.6450297832489,1,1,18653,1165.812
22.649019956588745,1,1,18670,1166.875
22.65302324295044,1,1,18687,1167.938
22.657023668289185,1,1,18704,1169.000
22.661021947860718,1,1,18718,1169.875
22.665024280548096,1,1,18733,1170.812
22.669018983840942,1,1,18750,1171.875
22.673051118850708,1,1,18767,1172.938
22.6770122051239,1,1,18783,1173.938
22.68100619316101,1,1,18797,1174.812
22.685020685195923,1,1,18812,1175.750
22.689088106155396,1,1,18828,1176.750
22.69299030303955,1,1,18844,1177.750
22.696974754333496,1,1,18860,1178.750
22.700970888137817,1,1,18875,1179.688
22.70498514175415,1,1,18889,1180.562
22.70898127555847,1,1,18905,1181.562
22.712987184524536,1,1,18921,1182.562
22.716983795166016,1,1,18937,1183.562
22.720982789993286,1,1,18951,1184.438
22.724985361099243,1,1,18964,1185.250
22.728978395462036,1,1,18979,1186.188
22.732986211776733,1,1,18995,1187.188
22.736982345581055,1,1,19012,1188.250
22.740979433059692,1,1,19025,1189.062
22.74498677253723,1,1,19038,1189.875
22.7489812374115,1,1,19053,1190.812
22.752984046936035,1,1,19070,1191.875
22.75698232650757,1,1,19085,1192.812
22.760977745056152,1,1,19098,1193.625
22.76498508453369,1,1,19111,1194.438
22.768981218338013,1,1,19126,1195.375
22.7729811668396,1,1,19142,1196.375
22.77730941772461,1,1,19157,1197.312
22.781147241592407,1,1,19169,1198.062
22.785004138946533,1,1,19183,1198.938
22.78908634185791,1,1,19197,1199.812
22.79308843612671,1,1,19212,1200.750
22.797033309936523,1,1,19227,1201.688
22.801013469696045,1,1,19240,1202.500
22.805007219314575,1,1,19252,1203.250
22.809005975723267,1,1,19266,1204.125
22.813013076782227,1,1,19281,1205.062
22.8170223236084,1,1,19296,1206.000
22.821019411087036,1,1,19309,1206.812
22.825023651123047,1,1,19321,1207.562
22.829018115997314,1,1,19335,1208.438
22.833024501800537,1,1,19350,1209.375
22.83700942993164,1,1,19365,1210.312
22.84101128578186,1,1,19377,1211.062
22.84501838684082,1,1,19389,1211.812
22.849016904830933,1,1,19403,1212.688
22.85301923751831,1,1,19417,1213.562
22.857016563415527,1,1,19432,1214.500
22.861015558242798,1,1,19443,1215.188
22.865025520324707,1,1,19456,1216.000
22.869014739990234,1,1,19469,1216.812
22.87301993370056,1,1,19482,1217.625
22.87701725959778,1,1,19496,1218.500
22.881016969680786,1,1,19508,1219.250
22.885023593902588,1,1,19521,1220.062
22.8890860080719,1,1,19533,1220.812
22.89305806159973,1,1,19546,1221.625
22.89698839187622,1,1,19560,1222.500
22.90096879005432,1,1,19573,1223.312
22.904983043670654,1,1,19584,1224.000
22.908979177474976,1,1,19596,1224.750
22.912981748580933,1,1,19610,1225.625
22.91697096824646,1,1,19624,1226.500
22.920969247817993,1,1,19636,1227.250
22.924978733062744,1,1,19647,1227.938
22.928978204727173,1,1,19659,1228.688
22.93298077583313,1,1,19672,1229.500
22.936976194381714,1,1,19686,1230.375
22.940975427627563,1,1,19697,1231.062
22.94498038291931,1,1,19708,1231.750
22.948976039886475,1,1,19720,1232.500
22.952983140945435,1,1,19734,1233.375
22.957155227661133,1,1,19746,1234.125
22.961108207702637,1,1,19758,1234.875
22.96499752998352,1,1,19769,1235.562
22.96896505355835,1,1,19781,1236.312
22.972973823547363,1,1,19793,1237.062
22.97698211669922,1,1,19806,1237.875
22.980978965759277,1,1,19818,1238.625
22.984973669052124,1,1,19828,1239.250
22.989076614379883,1,1,19840,1240.000
22.993019104003906,1,1,19852,1240.750
22.997018337249756,1,1,19865,1241.562
23.00101590156555,1,1,19876,1242.250
23.005019664764404,1,1,19887,1242.938
23.009014129638672,1,1,19898,1243.625
23.01301860809326,1,1,19911,1244.438
23.017017126083374,1,1,19923,1245.188
23.021016597747803,1,1,19934,1245.875
23.02501654624939,1,1,19944,1246.500
23.029022216796875,1,1,19955,1247.188
23.03306794166565,1,1,19967,1247.938
23.037019729614258,1,1,19980,1248.750
23.041009426116943,1,1,19990,1249.375
23.045039892196655,1,1,20000,1250.000
23.049018383026123,1,1,20011,1250.688
23.053016185760498,1,1,20023,1251.438
23.05701231956482,1,1,20036,1252.250
23.061012506484985,1,1,20046,1252.875
23.06501054763794,1,1,20056,1253.500
23.069011211395264,1,1,20066,1254.125
23.073014497756958,1,1,20078,1254.875
23.077014684677124,1,1,20091,1255.688
23.08101224899292,1,1,20101,1256.312
23.085009574890137,1,1,20111,1256.938
23.089080333709717,1,1,20121,1257.562
23.093002557754517,1,1,20132,1258.250
23.096985340118408,1,1,20144,1259.000
23.100979804992676,1,1,20154,1259.625
23.10497522354126,1,1,20164,1260.250
23.10896396636963,1,1,20173,1260.812
23.112974882125854,1,1,20185,1261.562
23.116979598999023,1,1,20197,1262.312
23.120975732803345,1,1,20207,1262.938
23.124972581863403,1,1,20216,1263.500
23.12896490097046,1,1,20226,1264.125
23.13298463821411,1,1,20237,1264.812
23.13697600364685,1,1,20249,1265.562
23.140976905822754,1,1,20258,1266.125
23.144983768463135,1,1,20267,1266.688
23.14897584915161,1,1,20277,1267.312
23.158539295196533,1,1,20310,1269.375
23.16101622581482,1,1,20310,1269.375
23.164994955062866,1,1,20318,1269.875
23.16897749900818,1,1,20328,1270.500
23.17298126220703,1,1,20339,1271.188
23.176973819732666,1,1,20350,1271.875
23.180974006652832,1,1,20359,1272.438
23.184980630874634,1,1,20368,1273.000
23.189008712768555,1,1,20377,1273.562
23.192980527877808,1,1,20388,1274.250
23.196979522705078,1,1,20399,1274.938
23.200976610183716,1,1,20408,1275.500
23.20498013496399,1,1,20417,1276.062
23.208972454071045,1,1,20426,1276.625
23.212979316711426,1,1,20436,1277.250
23.21697759628296,1,1,20448,1278.000
23.22097420692444,1,1,20457,1278.562
23.224976301193237,1,1,20466,1279.125
23.228974103927612,1,1,20474,1279.625
23.232978582382202,1,1,20484,1280.250
23.236977577209473,1,1,20495,1280.938
23.240970373153687,1,1,20504,1281.500
23.24497890472412,1,1,20513,1282.062
23.248976469039917,1,1,20531,1283.188
23.252976655960083,1,1,20542,1283.875
23.2569739818573,1,1,20551,1284.438
23.26097321510315,1,1,20559,1284.938
23.26497173309326,1,1,20567,1285.438
23.26896023750305,1,1,20577,1286.062
23.27296280860901,1,1,20588,1286.750
23.276974201202393,1,1,20596,1287.250
23.280975103378296,1,1,20604,1287.750
23.284976720809937,1,1,20612,1288.250
23.28908944129944,1,1,20622,1288.875
23.293065309524536,1,1,20632,1289.500
23.29699730873108,1,1,20642,1290.125
23.3010094165802,1,1,20650,1290.625
23.305013179779053,1,1,20657,1291.062
23.3090558052063,1,1,20666,1291.625
23.313048839569092,1,1,20677,1292.312
23.317007541656494,1,1,20685,1292.812
23.32100772857666,1,1,20694,1293.375
23.325013160705566,1,1,20701,1293.812
23.329007625579834,1,1,20710,1294.375
23.333016395568848,1,1,20720,1295.000
23.33699917793274,1,1,20729,1295.562
23.34100651741028,1,1,20737,1296.062
23.34501338005066,1,1,20744,1296.500
23.34901237487793,1,1,20753,1297.062
23.353017568588257,1,1,20762,1297.625
23.357015132904053,1,1,20772,1298.250
23.36307454109192,1,1,20779,1298.688
23.365033626556396,1,1,20786,1299.125
23.369001626968384,1,1,20795,1299.688
23.373008966445923,1,1,20805,1300.312
23.377010583877563,1,1,20813,1300.812
23.381025314331055,1,1,20821,1301.312
23.385017156600952,1,1,20828,1301.750
23.389070749282837,1,1,20836,1302.250
23.392971992492676,1,1,20846,1302.875
23.396963357925415,1,1,20854,1303.375
23.400958776474,1,1,20862,1303.875
23.404960870742798,1,1,20869,1304.312
23.408960580825806,1,1,20877,1304.812
23.412973880767822,1,1,20886,1305.375
23.416958570480347,1,1,20894,1305.875
23.42095947265625,1,1,20902,1306.375
23.42496132850647,1,1,20909,1306.812
23.429031133651733,1,1,20917,1307.312
23.432989835739136,1,1,20926,1307.875
23.436975240707397,1,1,20934,1308.375
23.440958976745605,1,1,20941,1308.812
23.444973707199097,1,1,20948,1309.250
23.448967218399048,1,1,20956,1309.750
23.45298480987549,1,1,20965,1310.312
23.45696520805359,1,1,20973,1310.812
23.46095848083496,1,1,20980,1311.250
23.46496868133545,1,1,20987,1311.688
23.468969345092773,1,1,20995,1312.188
23.472970724105835,1,1,21003,1312.688
23.47696042060852,1,1,21011,1313.188
23.480956315994263,1,1,21018,1313.625
23.484976053237915,1,1,21026,1314.125
23.4890079498291,1,1,21033,1314.562
23.49297070503235,1,1,21041,1315.062
23.49696636199951,1,1,21049,1315.562
23.500964879989624,1,1,21056,1316.000
23.504969835281372,1,1,21062,1316.375
23.508968353271484,1,1,21070,1316.875
23.512966871261597,1,1,21078,1317.375
23.51696228981018,1,1,21086,1317.875
23.52096652984619,1,1,21093,1318.312
23.524970531463623,1,1,21099,1318.688
23.528969526290894,1,1,21107,1319.188
23.53297257423401,1,1,21115,1319.688
23.53696894645691,1,1,21122,1320.125
23.54097008705139,1,1,21129,1320.562
23.544976472854614,1,1,21136,1321.000
23.548959970474243,1,1,21143,1321.438
23.552965879440308,1,1,21150,1321.875
23.55697250366211,1,1,21157,1322.312
23.56096601486206,1,1,21164,1322.750
23.564974308013916,1,1,21171,1323.188
23.568968772888184,1,1,21178,1323.625
23.572972297668457,1,1,21185,1324.062
23.576967239379883,1,1,21192,1324.500
23.580967664718628,1,1,21199,1324.938
23.584967136383057,1,1,21205,1325.312
23.58906078338623,1,1,21212,1325.750
23.59300470352173,1,1,21220,1326.250
23.597007751464844,1,1,21226,1326.625
23.601003646850586,1,1,21234,1327.125
23.605010986328125,1,1,21240,1327.500
23.609004974365234,1,1,21246,1327.875
23.613009691238403,1,1,21254,1328.375
23.617002248764038,1,1,21261,1328.812
23.62100386619568,1,1,21267,1329.188
23.625012636184692,1,1,21273,1329.562
23.629006385803223,1,1,21279,1329.938
23.633008241653442,1,1,21287,1330.438
23.637007236480713,1,1,21294,1330.875
23.641003131866455,1,1,21300,1331.250
23.645008087158203,1,1,21306,1331.625
23.64900231361389,1,1,21312,1332.000
23.653009176254272,1,1,21319,1332.438
23.65700125694275,1,1,21326,1332.875
23.661001443862915,1,1,21332,1333.250
23.665009260177612,1,1,21338,1333.625
23.669002532958984,1,1,21344,1334.000
23.67300510406494,1,1,21351,1334.438
23.677005290985107,1,1,21358,1334.875
23.681002616882324,1,1,21364,1335.250
23.685009241104126,1,1,21370,1335.625
23.689059257507324,1,1,21376,1336.000
23.692969799041748,1,1,21382,1336.375
23.69696354866028,1,1,21389,1336.812
23.700963973999023,1,1,21395,1337.188
23.70497226715088,1,1,21401,1337.562
23.70896601676941,1,1,21407,1337.938
23.71296715736389,1,1,21414,1338.375
23.716962337493896,1,1,21420,1338.750
23.72096562385559,1,1,21426,1339.125
23.724966287612915,1,1,21432,1339.500
23.728965997695923,1,1,21437,1339.812
23.7329683303833,1,1,21444,1340.250
23.736961841583252,1,1,21450,1340.625
23.740960836410522,1,1,21456,1341.000
23.744971990585327,1,1,21461,1341.312
23.748965740203857,1,1,21467,1341.688
23.75296926498413,1,1,21473,1342.062
23.756965398788452,1,1,21480,1342.500
23.760962963104248,1,1,21485,1342.812
23.76496911048889,1,1,21491,1343.188
23.76896381378174,1,1,21497,1343.562
23.77296733856201,1,1,21503,1343.938
23.777341604232788,1,1,21509,1344.312
23.781123876571655,1,1,21515,1344.688
23.7850022315979,1,1,21519,1344.938
23.78907585144043,1,1,21525,1345.312
23.79300856590271,1,1,21531,1345.688
23.797003746032715,1,1,21538,1346.125
23.80100154876709,1,1,21543,1346.438
23.805004119873047,1,1,21548,1346.750
23.809000492095947,1,1,21553,1347.062
23.81300950050354,1,1,21559,1347.438
23.816999673843384,1,1,21565,1347.812
23.821003437042236,1,1,21571,1348.188
23.82500195503235,1,1,21576,1348.500
23.82899260520935,1,1,21581,1348.812
23.833024501800537,1,1,21587,1349.188
23.837005138397217,1,1,21594,1349.625
23.841010570526123,1,1,21598,1349.875
23.845009803771973,1,1,21603,1350.188
23.849001169204712,1,1,21609,1350.562
23.85300302505493,1,1,21620,1351.250
23.856998920440674,1,1,21625,1351.562
23.86099934577942,1,1,21630,1351.875
23.865002870559692,1,1,21636,1352.250
23.86900043487549,1,1,21641,1352.562
23.87300419807434,1,1,21646,1352.875
23.877002477645874,1,1,21652,1353.250
23.881001949310303,1,1,21657,1353.562
23.885008096694946,1,1,21662,1353.875
23.88914394378662,1,1,21667,1354.188
23.892972469329834,1,1,21673,1354.562
23.896965980529785,1,1,21678,1354.875
23.900962829589844,1,1,21683,1355.188
23.904969453811646,1,1,21687,1355.438
23.90896463394165,1,1,21693,1355.812
23.91296625137329,1,1,21698,1356.125
23.916966676712036,1,1,21703,1356.438
23.92096209526062,1,1,21708,1356.750
23.924968481063843,1,1,21713,1357.062
23.92896294593811,1,1,21718,1357.375
23.93296504020691,1,1,21724,1357.750
23.936959981918335,1,1,21728,1358.000
23.940962076187134,1,1,21733,1358.312
23.944968700408936,1,1,21737,1358.562
23.948962450027466,1,1,21743,1358.938
23.952967405319214,1,1,21748,1359.250
23.95696759223938,1,1,21753,1359.562
23.96096110343933,1,1,21758,1359.875
23.964967489242554,1,1,21762,1360.125
23.968963146209717,1,1,21767,1360.438
23.972967863082886,1,1,21773,1360.812
23.976962089538574,1,1,21777,1361.062
23.98096227645874,1,1,21781,1361.312
23.984967947006226,1,1,21786,1361.625
23.988993406295776,1,1,21790,1361.875
23.99301528930664,1,1,21796,1362.250
23.997002124786377,1,1,21801,1362.562
24.000998497009277,1,1,21805,1362.812
24.005005359649658,1,1,21809,1363.062
24.0090012550354,1,1,21814,1363.375
24.01300549507141,1,1,21819,1363.688
24.01699709892273,1,1,21824,1364.000
24.020997047424316,1,1,21828,1364.250
24.02500629425049,1,1,21833,1364.562
24.02900004386902,1,1,21838,1364.875
24.033000230789185,1,1,21842,1365.125
24.03699803352356,1,1,21847,1365.438
24.040997743606567,1,1,21851,1365.688
24.045011043548584,1,1,21855,1365.938
24.04900074005127,1,1,21860,1366.250
24.05300283432007,1,1,21865,1366.562
24.056989908218384,1,1,21869,1366.812
24.06098461151123,1,1,21874,1367.125
24.06500744819641,1,1,21878,1367.375
24.069000720977783,1,1,21882,1367.625
24.073006629943848,1,1,21887,1367.938
24.077001094818115,1,1,21891,1368.188
24.080998420715332,1,1,21895,1368.438
24.084997177124023,1,1,21899,1368.688
24.089056730270386,1,1,21904,1369.000
24.09295964241028,1,1,21908,1369.250
24.09696125984192,1,1,21913,1369.562
24.10095977783203,1,1,21916,1369.750
24.10496687889099,1,1,21921,1370.062
24.108960390090942,1,1,21926,1370.375
24.112964630126953,1,1,21930,1370.625
24.116962909698486,1,1,21934,1370.875
24.120957374572754,1,1,21938,1371.125
24.124964475631714,1,1,21942,1371.375
24.128960847854614,1,1,21946,1371.625
24.132965803146362,1,1,21951,1371.938
24.13695979118347,1,1,21955,1372.188
24.140959978103638,1,1,21960,1372.500
24.144964694976807,1,1,21963,1372.688
24.14896035194397,1,1,21967,1372.938
24.152962923049927,1,1,21972,1373.250
24.16248869895935,1,1,21980,1373.750
24.16500163078308,1,1,21983,1373.938
24.168965339660645,1,1,21987,1374.188
24.17296028137207,1,1,21991,1374.438
24.176961183547974,1,1,21996,1374.750
24.18095850944519,1,1,22000,1375.000
24.184964895248413,1,1,22003,1375.188
24.1889591217041,1,1,22007,1375.438
24.192980766296387,1,1,22012,1375.750
24.19696021080017,1,1,22016,1376.000
24.20095682144165,1,1,22019,1376.188
24.204964876174927,1,1,22022,1376.375
24.208959817886353,1,1,22027,1376.688
24.21296238899231,1,1,22031,1376.938
24.216958045959473,1,1,22035,1377.188
24.220956325531006,1,1,22039,1377.438
24.224964141845703,1,1,22042,1377.625
24.22895884513855,1,1,22046,1377.875
24.232959747314453,1,1,22050,1378.125
24.2369544506073,1,1,22054,1378.375
24.240957260131836,1,1,22057,1378.562
24.244964361190796,1,1,22060,1378.750
24.248958587646484,1,1,22065,1379.062
24.252960681915283,1,1,22068,1379.250
24.25695490837097,1,1,22073,1379.562
24.260955810546875,1,1,22076,1379.750
24.264962673187256,1,1,22079,1379.938
24.268959045410156,1,1,22083,1380.188
24.272961378097534,1,1,22087,1380.438
24.27695870399475,1,1,22092,1380.750
24.28138566017151,1,1,22094,1380.875
24.28496551513672,1,1,22097,1381.062
24.288949728012085,1,1,22100,1381.250
24.293066024780273,1,1,22105,1381.562
24.29699945449829,1,1,22110,1381.875
24.301175832748413,1,1,22112,1382.000
24.305131912231445,1,1,22115,1382.188
24.309001445770264,1,1,22118,1382.375
24.31300973892212,1,1,22123,1382.688
24.31699013710022,1,1,22127,1382.938
24.320983409881592,1,1,22131,1383.188
24.325000762939453,1,1,22132,1383.250
24.328996419906616,1,1,22136,1383.500
24.333001375198364,1,1,22140,1383.750
24.336983919143677,1,1,22144,1384.000
24.340981006622314,1,1,22148,1384.250
24.34498429298401,1,1,22150,1384.375
24.348984479904175,1,1,22153,1384.562
24.35310959815979,1,1,22157,1384.812
24.35702085494995,1,1,22161,1385.062
24.36100745201111,1,1,22164,1385.250
24.364999294281006,1,1,22166,1385.375
24.368985891342163,1,1,22170,1385.625
24.37299084663391,1,1,22174,1385.875
24.377002000808716,1,1,22178,1386.125
24.38100004196167,1,1,22182,1386.375
24.384992599487305,1,1,22183,1386.438
24.389002084732056,1,1,22186,1386.625
24.393117427825928,1,1,22190,1386.875
24.397014617919922,1,1,22195,1387.188
24.400999069213867,1,1,22198,1387.375
24.40499186515808,1,1,22200,1387.500
24.408984899520874,1,1,22203,1387.688
24.412991285324097,1,1,22207,1387.938
24.416996240615845,1,1,22211,1388.188
24.420998096466064,1,1,22213,1388.312
24.42500114440918,1,1,22216,1388.500
24.428993940353394,1,1,22218,1388.625
24.43299126625061,1,1,22222,1388.875
24.43699812889099,1,1,22227,1389.188
24.440996885299683,1,1,22229,1389.312
24.444993257522583,1,1,22231,1389.438
24.44899272918701,1,1,22234,1389.625
24.453001022338867,1,1,22238,1389.875
24.456998109817505,1,1,22242,1390.125
24.460999488830566,1,1,22247,1390.438
24.465003490447998,1,1,22249,1390.562
24.46898603439331,1,1,22253,1390.812
24.472989082336426,1,1,22258,1391.125
24.47699785232544,1,1,22261,1391.312
24.480998516082764,1,1,22263,1391.438
24.484991550445557,1,1,22264,1391.500
24.48897957801819,1,1,22268,1391.750
24.493094205856323,1,1,22272,1392.000
24.49696373939514,1,1,22275,1392.188
24.500958681106567,1,1,22277,1392.312
24.50496244430542,1,1,22279,1392.438
24.5089590549469,1,1,22284,1392.750
24.51296043395996,1,1,22287,1392.938
24.516958713531494,1,1,22291,1393.188
24.52095890045166,1,1,22291,1393.188
24.52496099472046,1,1,22294,1393.375
24.528955459594727,1,1,22298,1393.625
24.532958269119263,1,1,22302,1393.875
24.53695821762085,1,1,22305,1394.062
24.540955305099487,1,1,22308,1394.250
24.54497718811035,1,1,22309,1394.312
24.548961877822876,1,1,22313,1394.562
24.552963256835938,1,1,22318,1394.875
24.556960582733154,1,1,22321,1395.062
24.56095838546753,1,1,22322,1395.125
24.56495499610901,1,1,22323,1395.188
24.568947076797485,1,1,22328,1395.500
24.57295274734497,1,1,22333,1395.812
24.57695984840393,1,1,22336,1396.000
24.5809588432312,1,1,22337,1396.062
24.584956407546997,1,1,22339,1396.188
24.588945388793945,1,1,22342,1396.375
24.593047618865967,1,1,22347,1396.688
24.596999645233154,1,1,22350,1396.875
24.600993394851685,1,1,22351,1396.938
24.60499858856201,1,1,22352,1397.000
24.608994722366333,1,1,22356,1397.250
24.61299991607666,1,1,22360,1397.500
24.616997480392456,1,1,22363,1397.688
24.620994329452515,1,1,22365,1397.812
24.624998807907104,1,1,22365,1397.812
24.628992080688477,1,1,22369,1398.062
24.632996082305908,1,1,22374,1398.375
24.6369948387146,1,1,22377,1398.562
24.640994787216187,1,1,22378,1398.625
24.644997596740723,1,1,22379,1398.688
24.648992776870728,1,1,22382,1398.875
24.652995109558105,1,1,22387,1399.188
24.65699577331543,1,1,22389,1399.312
24.66099500656128,1,1,22391,1399.438
24.664997100830078,1,1,22392,1399.500
24.66899609565735,1,1,22395,1399.688
24.67299771308899,1,1,22399,1399.938
24.6769962310791,1,1,22402,1400.125
24.68099355697632,1,1,22403,1400.188
24.684997081756592,1,1,22404,1400.250
24.688992261886597,1,1,22407,1400.438
24.693029403686523,1,1,22412,1400.750
24.696995496749878,1,1,22414,1400.875
24.700992584228516,1,1,22417,1401.062
24.70499610900879,1,1,22417,1401.062
24.708993434906006,1,1,22420,1401.250
24.712992668151855,1,1,22424,1401.500
24.7169930934906,1,1,22427,1401.688
24.72099256515503,1,1,22429,1401.812
24.724995851516724,1,1,22429,1401.812
24.72899103164673,1,1,22432,1402.000
24.732996940612793,1,1,22437,1402.312
24.736993312835693,1,1,22440,1402.500
24.74099063873291,1,1,22440,1402.500
24.74499273300171,1,1,22440,1402.500
24.7489914894104,1,1,22443,1402.688
24.752995252609253,1,1,22447,1402.938
24.756993055343628,1,1,22450,1403.125
24.760993242263794,1,1,22450,1403.125
24.764997005462646,1,1,22450,1403.125
24.768989324569702,1,1,22452,1403.250
24.772993326187134,1,1,22455,1403.438
24.777325868606567,1,1,22457,1403.562
24.78144383430481,1,1,22459,1403.688
24.78502106666565,1,1,22460,1403.750
24.788983583450317,1,1,22463,1403.938
24.79299235343933,1,1,22467,1404.188
24.79695415496826,1,1,22469,1404.312
24.80094599723816,1,1,22472,1404.500
24.80494475364685,1,1,22473,1404.562
24.80894184112549,1,1,22739,1421.188
24.812953233718872,1,1,32767,2047.938
24.816957712173462,1,1,32767,2047.938
24.820958375930786,1,1,32767,2047.938
24.824960470199585,1,1,32767,2047.938
24.828957080841064,1,1,32767,2047.938
24.83295750617981,1,1,32767,2047.938
24.83695888519287,1,1,32767,2047.938
24.840956687927246,1,1,32767,2047.938
24.84495711326599,1,1,32767,2047.938
24.848951816558838,1,1,32767,2047.938
24.852952480316162,1,1,32767,2047.938
24.856942415237427,1,1,32767,2047.938
24.860942125320435,1,1,32767,2047.938
24.86495304107666,1,1,32767,2047.938
24.868950843811035,1,1,32767,2047.938
24.872957468032837,1,1,32767,2047.938
24.876956939697266,1,1,32767,2047.938
24.880956411361694,1,1,32767,2047.938
24.88495898246765,1,1,32767,2047.938
24.888951778411865,1,1,32767,2047.938
24.892956495285034,1,1,32767,2047.938
24.8969943523407,1,1,32767,2047.938
24.90099024772644,1,1,32767,2047.938
24.90499711036682,1,1,32767,2047.938
24.908990383148193,1,1,32767,2047.938
24.912993669509888,1,1,32767,2047.938
24.916994333267212,1,1,32767,2047.938
24.920990705490112,1,1,32767,2047.938
24.92499589920044,1,1,32767,2047.938
24.928992986679077,1,1,32767,2047.938
24.932995319366455,1,1,32767,2047.938
24.936990976333618,1,1,32767,2047.938
24.94098949432373,1,1,32767,2047.938
24.94499397277832,1,1,32767,2047.938
24.94898509979248,1,1,32767,2047.938
24.9529926776886,1,1,32767,2047.938
24.95699167251587,1,1,32767,2047.938
24.960991621017456,1,1,32767,2047.938
24.964993715286255,1,1,32767,2047.938
24.968987226486206,1,1,32767,2047.938
24.97299361228943,1,1,32767,2047.938
24.976991653442383,1,1,32767,2047.938
24.980993270874023,1,1,32767,2047.938
24.984993934631348,1,1,32767,2047.938
24.988989114761353,1,1,32767,2047.938
24.992993593215942,1,1,32767,2047.938
24.996992111206055,1,1,32767,2047.938
25.00098943710327,1,1,32767,2047.938
25.004993438720703,1,1,32767,2047.938
25.008989095687866,1,1,32767,2047.938
25.012994050979614,1,1,32767,2047.938
25.01698899269104,1,1,32767,2047.938
25.020987510681152,1,1,32767,2047.938
25.024994134902954,1,1,32767,2047.938
25.028987884521484,1,1,32767,2047.938
25.03299331665039,1,1,32767,2047.938
25.036989212036133,1,1,32767,2047.938
25.040988445281982,1,1,32767,2047.938
25.045004844665527,1,1,32767,2047.938
25.048993587493896,1,1,32767,2047.938
25.052992582321167,1,1,32767,2047.938
25.056989192962646,1,1,32767,2047.938
25.060990571975708,1,1,32767,2047.938
25.06499433517456,1,1,32767,2047.938
25.068990230560303,1,1,32767,2047.938
25.072994232177734,1,1,32767,2047.938
25.076980590820312,1,1,32767,2047.938
25.080976009368896,1,1,32767,2047.938
25.084986925125122,1,1,32767,2047.938
25.088992834091187,1,1,32767,2047.938
25.09299087524414,1,1,32767,2047.938
25.096954584121704,1,1,32767,2047.938
25.100951671600342,1,1,32767,2047.938
25.10495638847351,1,1,32767,2047.938
25.10895013809204,1,1,32767,2047.938
25.112955570220947,1,1,32767,2047.938
25.116955518722534,1,1,32767,2047.938
25.120951414108276,1,1,32767,2047.938
25.124956130981445,1,1,32767,2047.938
25.128952026367188,1,1,32767,2047.938
25.13295602798462,1,1,32767,2047.938
25.1369526386261,1,1,32767,2047.938
25.140952348709106,1,1,32767,2047.938
25.14495587348938,1,1,32767,2047.938
25.148951053619385,1,1,32767,2047.938
25.15295386314392,1,1,32767,2047.938
25.156948804855347,1,1,32767,2047.938
25.166503429412842,1,1,32767,2047.938
25.168991804122925,1,1,32767,2047.938
25.172967672348022,1,1,32767,2047.938
25.1769540309906,1,1,32767,2047.938
25.18095064163208,1,1,32767,2047.938
25.18494725227356,1,1,32767,2047.938
25.18893814086914,1,1,32767,2047.938
25.19294762611389,1,1,32767,2047.938
25.196956634521484,1,1,32767,2047.938
25.20094871520996,1,1,32767,2047.938
25.20495581626892,1,1,32767,2047.938
25.208950757980347,1,1,32767,2047.938
25.21295475959778,1,1,32767,2047.938
25.216946840286255,1,1,32767,2047.938
25.220948696136475,1,1,32767,2047.938
25.2249538898468,1,1,32767,2047.938
25.228949308395386,1,1,32767,2047.938
25.232953310012817,1,1,32767,2047.938
25.23695206642151,1,1,32767,2047.938
25.240951776504517,1,1,32767,2047.938
25.244952917099,1,1,32767,2047.938
25.248944997787476,1,1,32767,2047.938
25.252952814102173,1,1,32767,2047.938
25.256951332092285,1,1,32767,2047.938
25.26094698905945,1,1,32767,2047.938
25.26495051383972,1,1,32767,2047.938
25.2689471244812,1,1,32767,2047.938
25.27295446395874,1,1,32767,2047.938
25.276949167251587,1,1,32767,2047.938
25.28095006942749,1,1,32767,2047.938
25.28496265411377,1,1,32767,2047.938
25.28895616531372,1,1,32767,2047.938
25.29295516014099,1,1,32767,2047.938
25.296977043151855,1,1,32767,2047.938
25.300980806350708,1,1,32767,2047.938
25.304986715316772,1,1,32767,2047.938
25.308985233306885,1,1,32767,2047.938
25.3129940032959,1,1,32767,2047.938
25.316975116729736,1,1,32767,2047.938
25.320977449417114,1,1,32767,2047.938
25.324987649917603,1,1,32767,2047.938
25.328986406326294,1,1,32767,2047.938
25.33299231529236,1,1,32767,2047.938
25.336972951889038,1,1,32767,2047.938
25.340973138809204,1,1,32767,2047.938
25.34497570991516,1,1,32767,2047.938
25.34898614883423,1,1,32767,2047.938
25.353102207183838,1,1,32767,2047.938
25.357210874557495,1,1,32767,2047.938
25.36104917526245,1,1,32767,2047.938
25.36499524116516,1,1,32767,2047.938
25.36897349357605,1,1,32767,2047.938
25.3729887008667,1,1,32767,2047.938
25.377001762390137,1,1,32767,2047.938
25.381061792373657,1,1,32767,2047.938
25.384990215301514,1,1,32767,2047.938
25.388973474502563,1,1,32767,2047.938
25.392977714538574,1,1,32767,2047.938
25.39693808555603,1,1,32767,2047.938
25.400947332382202,1,1,32767,2047.938
25.404939889907837,1,1,32767,2047.938
25.408936262130737,1,1,32767,2047.938
25.41293954849243,1,1,32767,2047.938
25.416934967041016,1,1,32767,2047.938
25.420936107635498,1,1,32767,2047.938
25.424936771392822,1,1,32767,2047.938
25.42893648147583,1,1,32767,2047.938
25.432955026626587,1,1,32767,2047.938
25.43694829940796,1,1,32767,2047.938
25.440948247909546,1,1,32767,2047.938
25.444951057434082,1,1,32767,2047.938
25.44894528388977,1,1,32767,2047.938
25.45294761657715,1,1,32767,2047.938
25.456949472427368,1,1,32767,2047.938
25.460946321487427,1,1,32767,2047.938
25.464945077896118,1,1,32767,2047.938
25.468944787979126,1,1,32767,2047.938
25.472951889038086,1,1,32767,2047.938
25.47694444656372,1,1,32767,2047.938
25.48094415664673,1,1,32767,2047.938
25.484946966171265,1,1,32767,2047.938
25.488943576812744,1,1,32767,2047.938
25.49301791191101,1,1,32767,2047.938
25.49699068069458,1,1,32767,2047.938
25.50098490715027,1,1,32767,2047.938
25.504985094070435,1,1,32767,2047.938
25.50898289680481,1,1,32767,2047.938
25.51298761367798,1,1,32767,2047.938
25.516981840133667,1,1,32767,2047.938
25.52098321914673,1,1,32767,2047.938
25.52498483657837,1,1,32767,2047.938
25.528981924057007,1,1,32767,2047.938
25.5329852104187,1,1,32767,2047.938
25.536980867385864,1,1,32767,2047.938
25.540983200073242,1,1,32767,2047.938
25.545196533203125,1,1,32767,2047.938
25.54898977279663,1,1,32767,2047.938
25.552988290786743,1,1,32767,2047.938
25.556987047195435,1,1,32767,2047.938
25.560985326766968,1,1,32767,2047.938
25.56498908996582,1,1,32767,2047.938
25.568979263305664,1,1,32767,2047.938
25.572986841201782,1,1,32767,2047.938
25.57698678970337,1,1,32767,2047.938
25.58098292350769,1,1,32767,2047.938
25.58497643470764,1,1,32767,2047.938
25.58896803855896,1,1,32767,2047.938
25.592978954315186,1,1,32767,2047.938
25.596948862075806,1,1,32767,2047.938
25.600948572158813,1,1,32767,2047.938
25.604949712753296,1,1,32767,2047.938
25.60893964767456,1,1,32767,2047.938
25.612946271896362,1,1,32767,2047.938
25.616945266723633,1,1,32767,2047.938
25.620940923690796,1,1,32767,2047.938
25.62494444847107,1,1,32767,2047.938
25.62894296646118,1,1,32767,2047.938
25.63294792175293,1,1,32767,2047.938
25.636942625045776,1,1,32767,2047.938
25.640938997268677,1,1,32767,2047.938
25.64494752883911,1,1,32767,2047.938
25.648943662643433,1,1,32767,2047.938
25.652947425842285,1,1,32767,2047.938
25.656942129135132,1,1,32767,2047.938
25.660940885543823,1,1,32767,2047.938
25.664947032928467,1,1,32767,2047.938
25.668941497802734,1,1,32767,2047.938
25.672943830490112,1,1,32767,2047.938
25.676944732666016,1,1,32767,2047.938
25.680943250656128,1,1,32767,2047.938
25.684946060180664,1,1,32767,2047.938
25.6889386177063,1,1,32767,2047.938
25.692944049835205,1,1,32767,2047.938
25.697021484375,1,1,32767,2047.938
25.70098114013672,1,1,32767,2047.938
25.704981565475464,1,1,32767,2047.938
25.708978414535522,1,1,32767,2047.938
25.71298360824585,1,1,32767,2047.938
25.716982126235962,1,1,32767,2047.938
25.720975160598755,1,1,32767,2047.938
25.724984169006348,1,1,32767,2047.938
25.72897958755493,1,1,32767,2047.938
25.732978343963623,1,1,32767,2047.938
25.736973524093628,1,1,32767,2047.938
25.74097776412964,1,1,32767,2047.938
25.744985580444336,1,1,32767,2047.938
25.748977184295654,1,1,32767,2047.938
25.75298309326172,1,1,32767,2047.938
25.756981134414673,1,1,32767,2047.938
25.760979413986206,1,1,32767,2047.938
25.764978408813477,1,1,32767,2047.938
25.768975496292114,1,1,32767,2047.938
25.772982597351074,1,1,32767,2047.938
25.777299642562866,1,1,32767,2047.938
25.781408071517944,1,1,32767,2047.938
25.785011768341064,1,1,32767,2047.938
25.788970470428467,1,1,32767,2047.938
25.792967796325684,1,1,32767,2047.938
25.797075510025024,1,1,32767,2047.938
25.800936698913574,1,1,32767,2047.938
25.804930686950684,1,1,32767,2047.938
25.80892825126648,1,1,32767,2047.938
25.812935829162598,1,1,32767,2047.938
25.816948413848877,1,1,32767,2047.938
25.820943355560303,1,1,32767,2047.938
25.824944496154785,1,1,32767,2047.938
25.82894229888916,1,1,32767,2047.938
25.83294701576233,1,1,32767,2047.938
25.83693289756775,1,1,32767,2047.938
25.840927124023438,1,1,32767,2047.938
25.844942331314087,1,1,32767,2047.938
25.848944187164307,1,1,32767,2047.938
25.85294532775879,1,1,32767,2047.938
25.856940507888794,1,1,32767,2047.938
25.86094069480896,1,1,32767,2047.938
25.864948272705078,1,1,32767,2047.938
25.86894130706787,1,1,32767,2047.938
25.87294340133667,1,1,32767,2047.938
25.876943826675415,1,1,32767,2047.938
25.880942821502686,1,1,32767,2047.938
25.884944915771484,1,1,32767,2047.938
25.888938665390015,1,1,32767,2047.938
25.89294457435608,1,1,32767,2047.938
25.897007942199707,1,1,32767,2047.938
25.900983333587646,1,1,32767,2047.938
25.904974937438965,1,1,32767,2047.938
25.908963918685913,1,1,32767,2047.938
25.912972450256348,1,1,32767,2047.938
25.916979789733887,1,1,32767,2047.938
25.920977115631104,1,1,32767,2047.938
25.924980640411377,1,1,32767,2047.938
25.92897319793701,1,1,32767,2047.938
25.932979822158813,1,1,32767,2047.938
25.93697738647461,1,1,32767,2047.938
25.940975666046143,1,1,32767,2047.938
25.944977521896362,1,1,32767,2047.938
25.948973894119263,1,1,32767,2047.938
25.95297861099243,1,1,32767,2047.938
25.95697832107544,1,1,32767,2047.938
25.960978269577026,1,1,32767,2047.938
25.964980840682983,1,1,32767,2047.938
25.968971014022827,1,1,32767,2047.938
25.972980260849,1,1,32767,2047.938
25.976978063583374,1,1,32767,2047.938
25.980973958969116,1,1,32767,2047.938
25.98497724533081,1,1,32767,2047.938
25.98897409439087,1,1,32767,2047.938
25.992981910705566,1,1,32767,2047.938
25.99701428413391,1,1,32767,2047.938
26.000974655151367,1,1,32767,2047.938
26.004982233047485,1,1,32767,2047.938
26.008976459503174,1,1,32767,2047.938
26.012979984283447,1,1,32767,2047.938
26.01697278022766,1,1,32767,2047.938
26.02097463607788,1,1,32767,2047.938
26.02497959136963,1,1,32767,2047.938
26.028973817825317,1,1,32767,2047.938
26.03297734260559,1,1,32767,2047.938
26.036976099014282,1,1,32767,2047.938
26.040974855422974,1,1,32767,2047.938
26.04499101638794,1,1,32767,2047.938
26.04898476600647,1,1,32767,2047.938
26.052984952926636,1,1,32767,2047.938
26.056978225708008,1,1,32767,2047.938
26.06097912788391,1,1,32767,2047.938
26.064982891082764,1,1,32767,2047.938
26.068975925445557,1,1,32767,2047.938
26.07297921180725,1,1,32767,2047.938
26.076979160308838,1,1,32767,2047.938
26.080976486206055,1,1,32767,2047.938
26.084972858428955,1,1,32767,2047.938
26.088960886001587,1,1,32767,2047.938
26.092968940734863,1,1,32767,2047.938
26.09704613685608,1,1,32767,2047.938
26.100940942764282,1,1,32767,2047.938
26.10494112968445,1,1,32767,2047.938
26.108940601348877,1,1,32767,2047.938
26.112942218780518,1,1,32767,2047.938
26.116939544677734,1,1,32767,2047.938
26.120940446853638,1,1,32767,2047.938
26.12494421005249,1,1,32767,2047.938
26.128937244415283,1,1,32767,2047.938
26.132940530776978,1,1,32767,2047.938
26.1369469165802,1,1,32767,2047.938
26.140937089920044,1,1,32767,2047.938
26.144942045211792,1,1,32767,2047.938
26.14893674850464,1,1,32767,2047.938
26.152945041656494,1,1,32767,2047.938
26.156941413879395,1,1,32767,2047.938
26.16093420982361,1,1,32767,2047.938
26.588178157806396,1,1,14229,889.312
26.589500427246094,1,1,14229,889.312
26.592987298965454,1,1,16487,1030.438
26.59698176383972,1,1,26786,1674.125
26.60097336769104,1,1,31575,1973.438
26.60501194000244,1,1,29516,1844.750
26.60896110534668,1,1,26432,1652.000
26.61296772956848,1,1,31199,1949.938
26.616973876953125,1,1,32767,2047.938
26.62097191810608,1,1,32767,2047.938
26.62497878074646,1,1,32767,2047.938
26.628970861434937,1,1,32767,2047.938
26.63297176361084,1,1,32767,2047.938
26.636974334716797,1,1,32767,2047.938
26.640973329544067,1,1,32767,2047.938
26.644977569580078,1,1,32767,2047.938
26.648969173431396,1,1,32767,2047.938
26.652979850769043,1,1,32767,2047.938
26.656975507736206,1,1,32767,2047.938
26.660969495773315,1,1,32767,2047.938
26.664977073669434,1,1,32767,2047.938
26.668970108032227,1,1,32767,2047.938
26.672975540161133,1,1,32767,2047.938
26.676973342895508,1,1,32767,2047.938
26.680968761444092,1,1,32767,2047.938
26.684976816177368,1,1,32767,2047.938
26.68897247314453,1,1,32767,2047.938
26.69297432899475,1,1,32767,2047.938
26.69696831703186,1,1,32767,2047.938
26.700971126556396,1,1,32767,2047.938
26.70500874519348,1,1,32767,2047.938
26.708971738815308,1,1,32767,2047.938
26.71297264099121,1,1,32767,2047.938
26.716972827911377,1,1,32767,2047.938
26.72096824645996,1,1,32767,2047.938
26.72497534751892,1,1,32767,2047.938
26.728971242904663,1,1,32767,2047.938
26.732975959777832,1,1,32767,2047.938
26.736968994140625,1,1,32767,2047.938
26.740970611572266,1,1,32767,2047.938
26.744978666305542,1,1,32741,2046.312
26.748969316482544,1,1,32712,2044.500
26.75296950340271,1,1,32689,2043.062
26.75697135925293,1,1,32666,2041.625
26.760971069335938,1,1,32642,2040.125
26.764973878860474,1,1,32616,2038.500
26.768966913223267,1,1,32586,2036.625
26.772976636886597,1,1,32565,2035.312
26.777307271957397,1,1,32546,2034.125
26.781426668167114,1,1,32523,2032.688
26.785001516342163,1,1,32497,2031.062
26.788963079452515,1,1,32465,2029.062
26.792958974838257,1,1,32446,2027.875
26.796966075897217,1,1,32432,2027.000
26.800957679748535,1,1,32413,2025.812
26.80496072769165,1,1,32389,2024.312
26.809033632278442,1,1,32351,2021.938
26.812939405441284,1,1,32335,2020.938
26.816941022872925,1,1,32325,2020.312
26.82093596458435,1,1,32309,2019.312
26.824937105178833,1,1,32285,2017.812
26.828932523727417,1,1,32244,2015.250
26.832940340042114,1,1,32230,2014.375
26.83692479133606,1,1,32224,2014.000
26.84091877937317,1,1,32207,2012.938
26.844932079315186,1,1,32185,2011.562
26.8489351272583,1,1,32143,2008.938
26.85293698310852,1,1,32130,2008.125
26.856931924819946,1,1,32129,2008.062
26.860934019088745,1,1,32115,2007.188
26.864936590194702,1,1,32092,2005.750
26.86893105506897,1,1,32047,2002.938
26.872934103012085,1,1,32035,2002.188
26.876932382583618,1,1,32036,2002.250
26.88093328475952,1,1,32025,2001.562
26.88493514060974,1,1,32004,2000.250
26.88892936706543,1,1,31953,1997.062
26.89293670654297,1,1,31941,1996.312
26.896934032440186,1,1,31949,1996.812
26.900929927825928,1,1,31921,1995.062
26.90493392944336,1,1,31861,1991.312
26.908994913101196,1,1,31844,1990.250
26.912973642349243,1,1,31860,1991.250
26.91697096824646,1,1,31857,1991.062
26.920968770980835,1,1,31837,1989.812
26.924973726272583,1,1,31731,1983.188
26.92896604537964,1,1,31722,1982.625
26.932971000671387,1,1,31768,1985.500
26.936970710754395,1,1,31777,1986.062
26.94096803665161,1,1,31759,1984.938
26.94497036933899,1,1,31598,1974.875
26.948967218399048,1,1,31587,1974.188
26.95297360420227,1,1,31673,1979.562
26.95697283744812,1,1,31699,1981.188
26.960965871810913,1,1,31683,1980.188
26.96497130393982,1,1,30638,1914.875
26.968968152999878,1,1,30756,1922.250
26.972970962524414,1,1,31374,1960.875
26.976970911026,1,1,31571,1973.188
26.98096776008606,1,1,31611,1975.688
26.984970092773438,1,1,30867,1929.188
26.988967418670654,1,1,20744,1296.500
26.99297285079956,1,1,1539,96.188
26.99696946144104,1,1,-1655,-103.438
27.000966548919678,1,1,-1695,-105.938
27.00497078895569,1,1,-1695,-105.938
27.009003162384033,1,1,-1685,-105.312
27.0129714012146,1,1,-1647,-102.938
27.016966581344604,1,1,-1649,-103.062
27.020966053009033,1,1,-1695,-105.938
27.02497100830078,1,1,-1758,-109.875
27.028964519500732,1,1,-1884,-117.750
27.03296661376953,1,1,-2081,-130.062
27.036969900131226,1,1,-2903,-181.438
27.040969133377075,1,1,-4209,-263.062
27.044967889785767,1,1,-4607,-287.938
27.048983573913574,1,1,-4713,-294.562
27.052978515625,1,1,-4721,-295.062
27.056971311569214,1,1,-4681,-292.562
27.06096887588501,1,1,-4612,-288.250
27.064971685409546,1,1,-4520,-282.500
27.068966388702393,1,1,-4407,-275.438
27.07297420501709,1,1,-4279,-267.438
27.076969861984253,1,1,-4140,-258.750
27.080965757369995,1,1,-3977,-248.562
27.084964990615845,1,1,-3801,-237.562
27.088956594467163,1,1,-3621,-226.312
27.0929696559906,1,1,-3436,-214.750
27.096970081329346,1,1,-3246,-202.875
27.100969314575195,1,1,-3055,-190.938
27.10497546195984,1,1,-2859,-178.688
27.109039783477783,1,1,-2662,-166.375
27.112939596176147,1,1,-2465,-154.062
27.116920709609985,1,1,-2270,-141.875
27.12091588973999,1,1,-2077,-129.812
27.124930143356323,1,1,-1886,-117.875
27.128928899765015,1,1,-1695,-105.938
27.132935523986816,1,1,-1507,-94.188
27.136926651000977,1,1,-1324,-82.750
27.140928268432617,1,1,-1143,-71.438
27.14493465423584,1,1,-964,-60.250
27.14892864227295,1,1,-787,-49.188
27.1529324054718,1,1,-613,-38.312
27.156932830810547,1,1,-442,-27.625
27.16093111038208,1,1,-275,-17.188
27.164934396743774,1,1,-109,-6.812
27.16892695426941,1,1,55,3.438
27.172933340072632,1,1,217,13.562
27.176931858062744,1,1,375,23.438
27.180928230285645,1,1,531,33.188
27.18493151664734,1,1,684,42.750
27.188929080963135,1,1,836,52.250
27.192933797836304,1,1,987,61.688
27.19692873954773,1,1,1134,70.875
27.200926780700684,1,1,1280,80.000
27.20493221282959,1,1,1423,88.938
27.208929538726807,1,1,1564,97.750
27.21300721168518,1,1,1704,106.500
27.21697688102722,1,1,1842,115.125
27.220966815948486,1,1,1978,123.625
27.224969387054443,1,1,2112,132.000
27.228965520858765,1,1,2244,140.250
27.2329683303833,1,1,2375,148.438
27.236968755722046,1,1,2503,156.438
27.24096918106079,1,1,2629,164.312
27.24497127532959,1,1,2755,172.188
27.248963356018066,1,1,2878,179.875
27.252970933914185,1,1,3001,187.562
27.2569682598114,1,1,3122,195.125
27.260966062545776,1,1,3241,202.562
27.264958381652832,1,1,3357,209.812
27.26895499229431,1,1,3474,217.125
27.272961378097534,1,1,3807,237.938
27.276970386505127,1,1,8681,542.562
27.280966997146606,1,1,7655,478.438
27.2849702835083,1,1,5021,313.812
27.288966178894043,1,1,4310,269.375
27.29298233985901,1,1,4319,269.938
27.29697871208191,1,1,8646,540.375
27.30096936225891,1,1,7893,493.312
27.304962396621704,1,1,5411,338.188
27.309012413024902,1,1,4739,296.188
27.313021659851074,1,1,4735,295.938
27.316932916641235,1,1,9112,569.500
27.323468685150146,1,1,5975,373.438
27.32496476173401,1,1,5975,373.438
27.328922271728516,1,1,5202,325.125
27.33293318748474,1,1,5166,322.875
27.336920976638794,1,1,9944,621.500
27.340919733047485,1,1,10118,632.375
27.344919681549072,1,1,6715,419.688
27.348954677581787,1,1,5695,355.938
27.35294485092163,1,1,5574,348.375
27.35692596435547,1,1,10579,661.188
27.360918760299683,1,1,11272,704.500
27.364928722381592,1,1,7380,461.250
27.36903715133667,1,1,6144,384.000
27.372967004776,1,1,5945,371.562
27.37692356109619,1,1,11056,691.000
27.380918741226196,1,1,12306,769.125
27.38492465019226,1,1,8013,500.812
27.388925552368164,1,1,6565,410.312
27.392946243286133,1,1,6289,393.062
27.396924018859863,1,1,11424,714.000
27.400917768478394,1,1,13247,827.938
27.404927730560303,1,1,8630,539.375
27.4089252948761,1,1,6966,435.375
27.412930011749268,1,1,6621,413.812
27.416918516159058,1,1,11955,747.188
27.420918703079224,1,1,14515,907.188
27.42492365837097,1,1,9405,587.812
27.42892551422119,1,1,7396,462.250
27.432926177978516,1,1,6961,435.062
27.436931371688843,1,1,12933,808.312
27.440926551818848,1,1,16515,1032.188
27.444929361343384,1,1,10505,656.562
27.448925018310547,1,1,7897,493.562
27.452926874160767,1,1,7297,456.062
27.456927061080933,1,1,14019,876.188
27.460926055908203,1,1,18829,1176.812
27.46492862701416,1,1,11828,739.250
27.468924045562744,1,1,8435,527.188
27.472925662994385,1,1,7613,475.812
27.47693109512329,1,1,15085,942.812
27.48092818260193,1,1,21156,1322.250
27.484926223754883,1,1,13219,826.188
27.488924980163574,1,1,8963,560.188
27.492923974990845,1,1,7882,492.625
27.496927738189697,1,1,15750,984.375
27.500924825668335,1,1,22920,1432.500
27.504923105239868,1,1,14445,902.812
27.50892162322998,1,1,9417,588.562
27.512928247451782,1,1,16286,1017.875
27.51697278022766,1,1,24511,1531.938
27.52096390724182,1,1,15678,979.875
27.524967670440674,1,1,9858,616.125
27.52896237373352,1,1,8182,511.375
27.532968044281006,1,1,7727,482.938
27.53696346282959,1,1,7637,477.312
27.54096221923828,1,1,7664,479.000
27.544965505599976,1,1,7730,483.125
27.548966646194458,1,1,8173,510.812
27.552966833114624,1,1,11039,689.938
27.556967973709106,1,1,12403,775.188
27.560964822769165,1,1,10846,677.875
27.564966678619385,1,1,9187,574.188
27.568958044052124,1,1,10419,651.188
27.572968006134033,1,1,13760,860.000
27.576967000961304,1,1,14797,924.812
27.580963850021362,1,1,12675,792.188
27.59184169769287,1,1,11151,696.938
27.59317183494568,1,1,14501,906.312
27.596983432769775,1,1,15860,991.250
27.600964307785034,1,1,14037,877.312
27.604966402053833,1,1,11519,719.938
27.608959674835205,1,1,12279,767.438
27.612969875335693,1,1,15474,967.125
27.61692786216736,1,1,16946,1059.125
27.62092614173889,1,1,15240,952.500
27.624922513961792,1,1,12639,789.938
27.6289119720459,1,1,13216,826.000
27.632951021194458,1,1,16356,1022.250
27.63692831993103,1,1,18016,1126.000
27.640923976898193,1,1,16376,1023.500
27.644925117492676,1,1,13601,850.062
27.648918390274048,1,1,14048,878.000
27.652925729751587,1,1,17218,1076.125
27.65692639350891,1,1,18997,1187.312
27.66092300415039,1,1,17458,1091.125
27.664923906326294,1,1,14638,914.875
27.668918132781982,1,1,14917,932.312
27.672925233840942,1,1,17925,1120.312
27.676923036575317,1,1,19752,1234.500
27.680919885635376,1,1,18291,1143.188
27.684924125671387,1,1,15471,966.938
27.688921689987183,1,1,15675,979.688
27.692922353744507,1,1,18667,1166.688
27.696918964385986,1,1,20692,1293.250
27.70092010498047,1,1,19390,1211.875
27.70492458343506,1,1,16528,1033.000
27.708918809890747,1,1,16532,1033.250
27.712920904159546,1,1,19381,1211.312
27.717007160186768,1,1,21392,1337.000
27.720964431762695,1,1,20115,1257.188
27.724966287612915,1,1,17223,1076.438
27.728959798812866,1,1,17136,1071.000
27.732958555221558,1,1,19977,1248.562
27.736963987350464,1,1,22145,1384.062
27.74096393585205,1,1,20971,1310.688
27.7449631690979,1,1,18067,1129.188
27.748958110809326,1,1,17900,1118.750
27.75296139717102,1,1,20627,1289.188
27.756964445114136,1,1,22801,1425.062
27.760958194732666,1,1,21633,1352.062
27.764965534210205,1,1,18684,1167.750
27.768948554992676,1,1,18468,1154.250
27.77295207977295,1,1,21209,1325.562
27.777297735214233,1,1,23540,1471.250
27.781164169311523,1,1,22483,1405.188
27.784993171691895,1,1,19424,1214.000
27.788960933685303,1,1,19003,1187.688
27.79296088218689,1,1,21718,1357.375
27.79695725440979,1,1,24212,1513.250
27.800947666168213,1,1,23274,1454.625
27.804959774017334,1,1,20190,1261.875
27.80895495414734,1,1,19604,1225.250
27.812958240509033,1,1,22172,1385.750
27.816965103149414,1,1,24733,1545.812
27.820926427841187,1,1,23919,1494.938
27.824923038482666,1,1,20852,1303.250
27.828916549682617,1,1,20218,1263.625
27.832922220230103,1,1,22756,1422.250
27.836915731430054,1,1,25344,1584.000
27.840988636016846,1,1,24529,1533.062
27.845035076141357,1,1,21434,1339.625
27.84894299507141,1,1,20630,1289.375
27.852927923202515,1,1,23064,1441.500
27.856914281845093,1,1,25801,1612.562
27.860913515090942,1,1,25157,1572.312
27.864922285079956,1,1,22087,1380.438
27.86891794204712,1,1,21166,1322.875
27.872921466827393,1,1,23495,1468.438
27.876914024353027,1,1,26226,1639.125
27.880910634994507,1,1,25645,1602.812
27.88492202758789,1,1,22579,1411.188
27.888916969299316,1,1,21591,1349.438
27.89292001724243,1,1,23887,1492.938
27.89692497253418,1,1,26697,1668.562
27.90092134475708,1,1,26188,1636.750
27.90492057800293,1,1,23128,1445.500
27.908917903900146,1,1,22032,1377.000
27.912923574447632,1,1,24255,1515.938
27.916927576065063,1,1,27117,1694.812
27.9209201335907,1,1,26624,1664.000
27.924923419952393,1,1,23490,1468.125
27.928919315338135,1,1,22257,1391.062
27.93292260169983,1,1,24413,1525.812
27.936917066574097,1,1,27417,1713.562
27.940919637680054,1,1,27102,1693.875
27.944921493530273,1,1,24034,1502.125
27.948917865753174,1,1,22700,1418.750
27.952919721603394,1,1,24753,1547.062
27.956927061080933,1,1,27744,1734.000
27.96092176437378,1,1,27452,1715.750
27.964921712875366,1,1,24352,1522.000
27.96891498565674,1,1,22869,1429.312
27.97292137145996,1,1,24892,1555.750
27.976921558380127,1,1,28048,1753.000
27.980918407440186,1,1,27895,1743.438
27.984920501708984,1,1,24872,1554.500
27.9889178276062,1,1,23331,1458.188
27.99292016029358,1,1,25290,1580.625
27.996920347213745,1,1,28503,1781.438
28.00092387199402,1,1,28458,1778.625
28.004920959472656,1,1,25437,1589.812
28.00891613960266,1,1,23674,1479.625
28.012922763824463,1,1,25463,1591.438
28.01692223548889,1,1,28704,1794.000
28.020962953567505,1,1,28825,1801.562
28.024962663650513,1,1,25903,1618.938
28.02895474433899,1,1,24062,1503.875
28.032958269119263,1,1,25738,1608.625
28.036961793899536,1,1,28968,1810.500
28.04095768928528,1,1,29136,1821.000
28.044960021972656,1,1,26277,1642.312
28.04895853996277,1,1,24365,1522.812
28.05296492576599,1,1,25965,1622.812
28.056959867477417,1,1,29229,1826.812
28.060956239700317,1,1,29466,1841.625
28.064958810806274,1,1,26554,1659.625
28.068953275680542,1,1,24404,1525.250
28.07296133041382,1,1,25873,1617.062
28.07696032524109,1,1,29267,1829.188
28.080954790115356,1,1,29728,1858.000
28.084954977035522,1,1,26971,1685.688
28.088945627212524,1,1,24746,1546.625
28.092959880828857,1,1,26038,1627.375
28.096957683563232,1,1,29289,1830.562
28.100959062576294,1,1,29763,1860.188
28.10496163368225,1,1,27086,1692.875
28.108953952789307,1,1,24854,1553.375
28.112958908081055,1,1,26200,1637.500
28.11695909500122,1,1,29603,1850.188
28.121018886566162,1,1,27507,1719.188
28.124923944473267,1,1,25049,1565.562
28.128917694091797,1,1,26186,1636.625
28.132920503616333,1,1,29558,1847.375
28.136905908584595,1,1,30252,1890.750
28.140907049179077,1,1,27669,1729.312
28.14491868019104,1,1,25238,1577.375
28.148913145065308,1,1,26393,1649.562
28.1529221534729,1,1,29810,1863.125
28.156920671463013,1,1,30609,1913.062
28.16091823577881,1,1,28054,1753.375
28.16491985321045,1,1,25433,1589.562
28.168912172317505,1,1,26419,1651.188
28.172921657562256,1,1,29855,1865.938
28.17691946029663,1,1,30804,1925.250
28.18091630935669,1,1,28161,1760.062
28.18491816520691,1,1,25306,1581.625
28.188915729522705,1,1,26345,1646.562
28.192920207977295,1,1,30256,1891.000
28.1969153881073,1,1,31147,1946.688
28.200918197631836,1,1,27601,1725.062
28.204917430877686,1,1,24197,1512.312
28.208916187286377,1,1,26679,1667.438
28.212918281555176,1,1,32767,2047.938
28.216914176940918,1,1,32767,2047.938
28.22098183631897,1,1,31721,1982.562
28.22496271133423,1,1,14084,880.250
28.22895383834839,1,1,11215,700.938
28.2329580783844,1,1,31305,1956.562
28.236958980560303,1,1,32767,2047.938
28.24095392227173,1,1,32767,2047.938
28.24496030807495,1,1,15618,976.125
28.248952865600586,1,1,11854,740.875
28.252954721450806,1,1,31496,1968.500
28.256962060928345,1,1,32767,2047.938
28.26095676422119,1,1,32767,2047.938
28.264957904815674,1,1,16195,1012.188
28.26894974708557,1,1,11963,747.688
28.27295470237732,1,1,31062,1941.375
28.27695870399475,1,1,32767,2047.938
28.280952215194702,1,1,32767,2047.938
28.284976959228516,1,1,16624,1039.000
28.289409399032593,1,1,11964,747.750
28.292964696884155,1,1,30559,1909.938
28.296940565109253,1,1,32767,2047.938
28.300942420959473,1,1,32767,2047.938
28.304954767227173,1,1,17140,1071.250
28.309319496154785,1,1,12002,750.125
28.312989950180054,1,1,30152,1884.500
28.316953420639038,1,1,32767,2047.938
28.323196172714233,1,1,32767,2047.938
28.325108289718628,1,1,17565,1097.812
28.32896137237549,1,1,11843,740.188
28.33293318748474,1,1,29533,1845.812
28.336905241012573,1,1,32767,2047.938
28.340903997421265,1,1,32767,2047.938
28.344916343688965,1,1,18031,1126.938
28.348917722702026,1,1,11750,734.375
28.352926015853882,1,1,28966,1810.375
28.356902837753296,1,1,32767,2047.938
28.360901594161987,1,1,32767,2047.938
28.364917993545532,1,1,18547,1159.188
28.368916511535645,1,1,11668,729.250
28.3729190826416,1,1,28372,1773.250
28.376903772354126,1,1,32767,2047.938
28.380971908569336,1,1,32767,2047.938
28.384928941726685,1,1,19015,1188.438
28.388914585113525,1,1,11633,727.062
28.392927408218384,1,1,27856,1741.000
28.39691424369812,1,1,32767,2047.938
28.400923013687134,1,1,32767,2047.938
28.404919147491455,1,1,19521,1220.062
28.40891432762146,1,1,11572,723.250
28.412914991378784,1,1,27279,1704.938
28.416910409927368,1,1,32767,2047.938
28.420913219451904,1,1,32767,2047.938
28.42501926422119,1,1,20100,1256.250
28.428937435150146,1,1,11470,716.875
28.43295955657959,1,1,26571,1660.688
28.43695640563965,1,1,32767,2047.938
28.440951824188232,1,1,32767,2047.938
28.44495916366577,1,1,20642,1290.125
28.448952674865723,1,1,11393,712.062
28.452958583831787,1,1,25877,1617.312
28.45695447921753,1,1,32767,2047.938
28.46095037460327,1,1,32767,2047.938
28.464948892593384,1,1,21205,1325.312
28.468937397003174,1,1,11395,712.188
28.472943544387817,1,1,25341,1583.812
28.47695231437683,1,1,32767,2047.938
28.480953693389893,1,1,32767,2047.938
28.484958171844482,1,1,21747,1359.188
28.488950967788696,1,1,11310,706.875
28.49295711517334,1,1,24671,1541.938
28.496951818466187,1,1,32767,2047.938
28.50094985961914,1,1,32767,2047.938
28.504955530166626,1,1,22384,1399.000
28.508949518203735,1,1,11354,709.625
28.512955904006958,1,1,24137,1508.562
28.516951322555542,1,1,32767,2047.938
28.52095651626587,1,1,32767,2047.938
28.52494502067566,1,1,23042,1440.125
28.528916597366333,1,1,11375,710.938
28.53291940689087,1,1,23535,1470.938
28.53691339492798,1,1,32767,2047.938
28.54091215133667,1,1,32767,2047.938
28.544918298721313,1,1,23551,1471.938
28.548919200897217,1,1,11271,704.438
28.5529146194458,1,1,22700,1418.750
28.5569109916687,1,1,32767,2047.938
28.56090998649597,1,1,32767,2047.938
28.56491446495056,1,1,23979,1498.688
28.568912982940674,1,1,11235,702.188
28.57291603088379,1,1,22086,1380.375
28.576912879943848,1,1,32767,2047.938
28.5809109210968,1,1,32767,2047.938
28.584907293319702,1,1,24426,1526.625
28.594422101974487,1,1,32767,2047.938
28.596953868865967,1,1,32767,2047.938
28.600916624069214,1,1,32767,2047.938
28.604923009872437,1,1,25119,1569.938
28.608911514282227,1,1,11283,705.188
28.612916707992554,1,1,20774,1298.375
28.616912603378296,1,1,32767,2047.938
28.62091088294983,1,1,32767,2047.938
28.624940156936646,1,1,25725,1607.812
28.628899574279785,1,1,11402,712.625
28.632922410964966,1,1,20234,1264.625
28.636913537979126,1,1,32767,2047.938
28.64091157913208,1,1,32767,2047.938
28.644908905029297,1,1,26345,1646.562
28.648898363113403,1,1,11518,719.875
28.65291476249695,1,1,19632,1227.000
28.656911849975586,1,1,32767,2047.938
28.66091012954712,1,1,32767,2047.938
28.664916038513184,1,1,26999,1687.438
28.66891121864319,1,1,11640,727.500
28.672913551330566,1,1,18978,1186.125
28.676911115646362,1,1,32767,2047.938
28.680909872055054,1,1,32767,2047.938
28.684916019439697,1,1,27619,1726.188
28.688910484313965,1,1,11793,737.062
28.69291400909424,1,1,18488,1155.500
28.6969096660614,1,1,32767,2047.938
28.700909852981567,1,1,32767,2047.938
28.704914808273315,1,1,28255,1765.938
28.70890760421753,1,1,11899,743.688
28.712913274765015,1,1,17761,1110.062
28.716910123825073,1,1,32767,2047.938
28.720909595489502,1,1,32767,2047.938
28.72491478919983,1,1,28742,1796.375
28.729010820388794,1,1,17262,1078.875
28.732954025268555,1,1,32767,2047.938
28.736953496932983,1,1,32767,2047.938
28.74094843864441,1,1,29395,1837.188
28.74495577812195,1,1,12147,759.188
28.748945713043213,1,1,16605,1037.812
28.75295066833496,1,1,32767,2047.938
28.75694966316223,1,1,32767,2047.938
28.760946035385132,1,1,29925,1870.312
28.764951944351196,1,1,12297,768.562
28.768946647644043,1,1,16111,1006.938
28.77295160293579,1,1,32767,2047.938
28.777288675308228,1,1,32767,2047.938
28.781140327453613,1,1,30573,1910.812
28.784980297088623,1,1,12584,786.500
28.788947582244873,1,1,15689,980.562
28.792958736419678,1,1,32767,2047.938
28.79695439338684,1,1,32767,2047.938
28.800944805145264,1,1,31036,1939.750
28.804950714111328,1,1,12750,796.875
28.808945417404175,1,1,15131,945.688
28.81295084953308,1,1,32767,2047.938
28.81694746017456,1,1,32767,2047.938
28.8209331035614,1,1,31543,1971.438
28.82494568824768,1,1,12977,811.062
28.829036712646484,1,1,14597,912.312
28.832916975021362,1,1,32767,2047.938
28.836912155151367,1,1,32767,2047.938
28.840916872024536,1,1,32066,2004.125
28.84491467475891,1,1,13295,830.938
28.848909378051758,1,1,14324,895.250
28.852909088134766,1,1,32767,2047.938
28.856908082962036,1,1,32767,2047.938
28.86090636253357,1,1,32550,2034.375
28.864910364151,1,1,13622,851.375
28.868908643722534,1,1,14047,877.938
28.87291669845581,1,1,32767,2047.938
28.87691020965576,1,1,32767,2047.938
28.880911111831665,1,1,32767,2047.938
28.88491702079773,1,1,13893,868.312
28.88890814781189,1,1,13548,846.750
28.89291262626648,1,1,32767,2047.938
28.896912336349487,1,1,32767,2047.938
28.900910139083862,1,1,32767,2047.938
28.904913187026978,1,1,14244,890.250
28.908907413482666,1,1,13226,826.625
28.912912368774414,1,1,32562,2035.125
28.91690993309021,1,1,32767,2047.938
28.920907735824585,1,1,32767,2047.938
28.924914836883545,1,1,14635,914.688
28.92897868156433,1,1,12966,810.375
28.932953596115112,1,1,31995,1999.688
28.936947107315063,1,1,32767,2047.938
28.94094491004944,1,1,32767,2047.938
28.944950342178345,1,1,14871,929.438
28.948946237564087,1,1,12543,783.938
28.95295214653015,1,1,31306,1956.625
28.956947803497314,1,1,32767,2047.938
28.960943698883057,1,1,32767,2047.938
28.96495246887207,1,1,15319,957.438
28.968947172164917,1,1,12337,771.062
28.972947120666504,1,1,30790,1924.375
28.976946353912354,1,1,32767,2047.938
28.98094391822815,1,1,32767,2047.938
28.984951734542847,1,1,15779,986.188
28.988943338394165,1,1,12031,751.938
28.992949724197388,1,1,30022,1876.375
28.996946811676025,1,1,32767,2047.938
29.00094699859619,1,1,32767,2047.938
29.004952669143677,1,1,16118,1007.375
29.00894284248352,1,1,11875,742.188
29.012948036193848,1,1,29536,1846.000
29.016944408416748,1,1,32767,2047.938
29.02094554901123,1,1,32767,2047.938
29.02495002746582,1,1,16544,1034.000
29.02900457382202,1,1,11609,725.562
29.032914876937866,1,1,28848,1803.000
29.03690528869629,1,1,32767,2047.938
29.040905952453613,1,1,32767,2047.938
29.04491138458252,1,1,16899,1056.188
29.048912525177002,1,1,11316,707.250
29.052910804748535,1,1,28103,1756.438
29.056907892227173,1,1,32767,2047.938
29.060903787612915,1,1,32767,2047.938
29.064910173416138,1,1,17257,1078.562
29.068905353546143,1,1,11027,689.188
29.072909832000732,1,1,27372,1710.750
29.076905965805054,1,1,32767,2047.938
29.0809063911438,1,1,32767,2047.938
29.084903478622437,1,1,17645,1102.812
29.088892459869385,1,1,10800,675.000
29.092926502227783,1,1,26754,1672.125
29.096907377243042,1,1,32767,2047.938
29.10090684890747,1,1,32767,2047.938
29.104910850524902,1,1,18080,1130.000
29.10890483856201,1,1,10637,664.812
29.112908124923706,1,1,26145,1634.062
29.11690616607666,1,1,32767,2047.938
29.12090492248535,1,1,32767,2047.938
29.1249098777771,1,1,18539,1158.688
29.128905057907104,1,1,10343,646.438
29.133015155792236,1,1,25342,1583.875
29.136945724487305,1,1,32767,2047.938
29.140942573547363,1,1,32767,2047.938
29.144947290420532,1,1,18860,1178.750
29.148940801620483,1,1,10131,633.188
29.15294575691223,1,1,24715,1544.688
29.15693187713623,1,1,32767,2047.938
29.16092586517334,1,1,32767,2047.938
29.16494369506836,1,1,19293,1205.812
29.168943643569946,1,1,9936,621.000
29.17294478416443,1,1,24115,1507.188
29.176944255828857,1,1,32767,2047.938
29.18093991279602,1,1,32767,2047.938
29.18493938446045,1,1,19642,1227.625
29.188926696777344,1,1,9663,603.938
29.192938089370728,1,1,23336,1458.500
29.196942567825317,1,1,32767,2047.938
29.2009379863739,1,1,32767,2047.938
29.204948663711548,1,1,20132,1258.250
29.20894455909729,1,1,9507,594.188
29.212945222854614,1,1,22714,1419.625
29.21694326400757,1,1,32767,2047.938
29.220940828323364,1,1,32767,2047.938
29.224945306777954,1,1,20523,1282.688
29.22893977165222,1,1,9305,581.562
29.232962131500244,1,1,22007,1375.438
29.236908435821533,1,1,32767,2047.938
29.240904569625854,1,1,32767,2047.938
29.244908094406128,1,1,20983,1311.438
29.24890422821045,1,1,9105,569.062
29.252907037734985,1,1,21213,1325.812
29.25690460205078,1,1,32767,2047.938
29.260904788970947,1,1,32767,2047.938
29.264907121658325,1,1,21412,1338.250
29.268901348114014,1,1,8938,558.625
29.272904634475708,1,1,20352,1272.000
29.276904821395874,1,1,32767,2047.938
29.280900955200195,1,1,32767,2047.938
29.284908056259155,1,1,21963,1372.688
29.288906574249268,1,1,8883,555.188
29.292922973632812,1,1,19655,1228.438
29.296895742416382,1,1,32767,2047.938
29.300891637802124,1,1,32767,2047.938
29.304903507232666,1,1,22494,1405.875
29.308948040008545,1,1,8821,551.312
29.312944173812866,1,1,18882,1180.125
29.316896438598633,1,1,32767,2047.938
29.32089138031006,1,1,32767,2047.938
29.324906826019287,1,1,23006,1437.875
29.32890272140503,1,1,8778,548.625
29.333091735839844,1,1,32767,2047.938
29.337056875228882,1,1,32767,2047.938
29.340962171554565,1,1,23490,1468.125
29.344945907592773,1,1,8736,546.000
29.348937034606934,1,1,17181,1073.812
29.352952241897583,1,1,32767,2047.938
29.35693073272705,1,1,32767,2047.938
29.36097502708435,1,1,23991,1499.438
29.364972352981567,1,1,8757,547.312
29.36894178390503,1,1,16331,1020.688
29.372946977615356,1,1,32767,2047.938
29.376960515975952,1,1,32767,2047.938
29.380945920944214,1,1,24566,1535.375
29.384941339492798,1,1,8847,552.938
29.388937950134277,1,1,15553,972.062
29.392945051193237,1,1,32767,2047.938
29.396939992904663,1,1,32767,2047.938
29.40093994140625,1,1,25004,1562.750
29.404940605163574,1,1,8926,557.875
29.408939838409424,1,1,14703,918.938
29.412948608398438,1,1,32767,2047.938
29.41692805290222,1,1,32767,2047.938
29.420925855636597,1,1,25475,1592.188
29.424936532974243,1,1,9045,565.312
29.428938627243042,1,1,13916,869.750
29.432945489883423,1,1,32767,2047.938
29.437039613723755,1,1,32767,2047.938
29.440906763076782,1,1,26044,1627.750
29.444907903671265,1,1,9208,575.500
29.448899507522583,1,1,13329,833.062
29.452905654907227,1,1,32767,2047.938
29.45690083503723,1,1,32767,2047.938
29.460902214050293,1,1,26555,1659.688
29.464903831481934,1,1,9362,585.125
29.46889853477478,1,1,12605,787.812
29.472903728485107,1,1,32767,2047.938
29.47689938545227,1,1,32767,2047.938
29.48089909553528,1,1,27118,1694.875
29.48490619659424,1,1,9565,597.812
29.48889994621277,1,1,11985,749.062
29.492902755737305,1,1,32767,2047.938
29.496899843215942,1,1,32767,2047.938
29.50089955329895,1,1,27635,1727.188
29.50489592552185,1,1,9760,610.000
29.508885860443115,1,1,11380,711.250
29.5129075050354,1,1,32767,2047.938
29.516901969909668,1,1,32767,2047.938
29.520900011062622,1,1,28177,1761.062
29.52490496635437,1,1,9975,623.438
29.528897762298584,1,1,10850,678.125
29.532901763916016,1,1,32767,2047.938
29.53695797920227,1,1,32767,2047.938
29.54094123840332,1,1,28752,1797.000
29.544934272766113,1,1,10214,638.375
29.548943996429443,1,1,10320,645.000
29.552942037582397,1,1,32767,2047.938
29.55694055557251,1,1,32767,2047.938
29.56093454360962,1,1,29317,1832.312
29.56494450569153,1,1,10463,653.938
29.56893801689148,1,1,9770,610.625
29.572939157485962,1,1,32767,2047.938
29.576935529708862,1,1,32767,2047.938
29.58093762397766,1,1,29906,1869.125
29.584932327270508,1,1,10737,671.062
29.58892059326172,1,1,9309,581.812
29.599710702896118,1,1,30520,1907.500
29.601022481918335,1,1,30520,1907.500
29.604965448379517,1,1,11040,690.000
29.608939170837402,1,1,8848,553.000
29.612940549850464,1,1,32767,2047.938
29.61693525314331,1,1,32767,2047.938
29.620936632156372,1,1,31084,1942.750
29.624940872192383,1,1,11337,708.562
29.628934144973755,1,1,8330,520.625
29.632938861846924,1,1,32233,2014.562
29.636950969696045,1,1,32767,2047.938
29.64089822769165,1,1,31616,1976.000
29.644901752471924,1,1,11635,727.188
29.648898601531982,1,1,7871,491.938
29.652899980545044,1,1,31555,1972.188
29.65689468383789,1,1,32767,2047.938
29.66089630126953,1,1,32179,2011.188
29.664893627166748,1,1,11974,748.375
29.668883800506592,1,1,7518,469.875
29.672914743423462,1,1,30910,1931.875
29.676902055740356,1,1,32767,2047.938
29.6808979511261,1,1,32751,2046.938
29.684900283813477,1,1,12343,771.438
29.68889546394348,1,1,7216,451.000
29.692901372909546,1,1,30212,1888.250
29.69689416885376,1,1,32767,2047.938
29.70089626312256,1,1,32767,2047.938
29.70489811897278,1,1,12755,797.188
29.7088942527771,1,1,6999,437.438
29.71290111541748,1,1,29544,1846.500
29.71689462661743,1,1,32767,2047.938
29.720892429351807,1,1,32767,2047.938
29.7249014377594,1,1,13181,823.812
29.728899002075195,1,1,6821,426.312
29.732900142669678,1,1,28826,1801.625
29.73689341545105,1,1,32767,2047.938
29.74093222618103,1,1,32767,2047.938
29.744936227798462,1,1,13529,845.562
29.748932361602783,1,1,6673,417.062
29.752938270568848,1,1,28118,1757.375
29.75693368911743,1,1,32767,2047.938
29.760934114456177,1,1,32767,2047.938
29.76494026184082,1,1,13949,871.812
29.768934965133667,1,1,6569,410.562
29.772937297821045,1,1,27361,1710.062
29.777255296707153,1,1,32767,2047.938
29.781121969223022,1,1,32767,2047.938
29.784966945648193,1,1,14366,897.875
29.78893518447876,1,1,6508,406.750
29.792938232421875,1,1,26644,1665.250
29.796935319900513,1,1,32767,2047.938
29.800930738449097,1,1,32767,2047.938
29.80493450164795,1,1,32767,2047.938
29.80893611907959,1,1,32767,2047.938
29.812936782836914,1,1,31264,1954.000
29.816933393478394,1,1,25897,1618.562
29.82093334197998,1,1,23214,1450.875
29.824935913085938,1,1,23205,1450.312
29.828930616378784,1,1,24789,1549.312
29.832934379577637,1,1,25964,1622.750
29.8369243144989,1,1,25519,1594.938
29.840880632400513,1,1,24485,1530.312
29.844900846481323,1,1,24209,1513.062
29.84889841079712,1,1,25183,1573.938
29.852898597717285,1,1,26073,1629.562
29.856893062591553,1,1,25602,1600.125
29.860894441604614,1,1,24601,1537.562
29.864898443222046,1,1,24423,1526.438
29.868892908096313,1,1,25458,1591.125
29.872897148132324,1,1,26267,1641.688
29.87689447402954,1,1,25625,1601.562
29.880895137786865,1,1,24544,1534.000
29.884902238845825,1,1,24228,1514.250
29.888893365859985,1,1,25296,1581.000
29.892897129058838,1,1,26330,1645.625
29.896893739700317,1,1,25764,1610.250
29.900893449783325,1,1,24400,1525.000
29.904895782470703,1,1,23875,1492.188
29.908892393112183,1,1,25270,1579.375
29.912896871566772,1,1,26739,1671.188
29.916892528533936,1,1,26330,1645.625
29.92089033126831,1,1,24808,1550.500
29.924898862838745,1,1,24046,1502.875
29.928893566131592,1,1,25240,1577.500
29.93289852142334,1,1,26656,1666.000
29.936894416809082,1,1,26373,1648.312
29.940978050231934,1,1,24945,1559.062
29.944942474365234,1,1,24153,1509.562
29.948931455612183,1,1,25260,1578.750
29.952935934066772,1,1,26551,1659.438
29.956929922103882,1,1,24742,1546.375
29.96092677116394,1,1,23928,1495.500
29.964938640594482,1,1,25120,1570.000
29.96893334388733,1,1,26543,1658.938
29.972933769226074,1,1,26278,1642.375
29.976929187774658,1,1,24741,1546.312
29.980929374694824,1,1,23753,1484.562
29.984939098358154,1,1,24872,1554.500
29.98893094062805,1,1,26386,1649.125
29.99293303489685,1,1,26356,1647.250
29.996931076049805,1,1,24913,1557.062
30.000930309295654,1,1,23818,1488.625
30.004936456680298,1,1,24810,1550.625
30.00892734527588,1,1,26371,1648.188
30.01293683052063,1,1,26509,1656.812
30.01693105697632,1,1,25065,1566.562
30.020930290222168,1,1,23771,1485.688
30.024934768676758,1,1,24634,1539.625
30.02893090248108,1,1,26288,1643.000
30.032934427261353,1,1,26702,1668.875
30.03693175315857,1,1,25287,1580.438
30.040992259979248,1,1,23773,1485.812
30.04489803314209,1,1,24412,1525.750
30.04889941215515,1,1,26187,1636.688
30.05290198326111,1,1,26937,1683.562
30.056891679763794,1,1,25642,1602.625
30.060892581939697,1,1,23888,1493.000
30.064896821975708,1,1,24307,1519.188
30.068891286849976,1,1,26186,1636.625
30.072893619537354,1,1,27179,1698.688
30.07689118385315,1,1,25849,1615.562
30.08089327812195,1,1,23847,1490.438
30.08488917350769,1,1,24123,1507.688
30.0888774394989,1,1,26111,1631.938
30.09291672706604,1,1,27449,1715.562
30.096898317337036,1,1,26219,1638.688
30.100892543792725,1,1,23975,1498.438
30.10489535331726,1,1,23976,1498.500
30.10888910293579,1,1,25978,1623.625
30.112895727157593,1,1,27573,1723.312
30.116891622543335,1,1,26459,1653.688
30.120890378952026,1,1,24100,1506.250
30.12489604949951,1,1,23897,1493.562
30.128892183303833,1,1,25969,1623.062
30.132895469665527,1,1,27835,1739.688
30.136890411376953,1,1,26757,1672.312
30.140892267227173,1,1,24122,1507.625
30.144981384277344,1,1,23625,1476.562
30.148933172225952,1,1,25714,1607.125
30.152934789657593,1,1,27872,1742.000
30.156928777694702,1,1,26871,1679.438
30.16092562675476,1,1,24068,1504.250
30.164934873580933,1,1,23382,1461.375
30.16892957687378,1,1,25567,1597.938
30.172932386398315,1,1,28038,1752.375
30.17691397666931,1,1,27155,1697.188
30.180915355682373,1,1,24100,1506.250
30.18492889404297,1,1,23136,1446.000
30.18892741203308,1,1,25391,1586.938
30.192932605743408,1,1,28196,1762.250
30.196932315826416,1,1,27432,1714.500
30.200929641723633,1,1,24221,1513.812
30.20492911338806,1,1,22974,1435.875
30.208925008773804,1,1,25244,1577.750
30.212931632995605,1,1,28230,1764.375
30.2169291973114,1,1,27541,1721.312
30.220927953720093,1,1,24185,1511.562
30.22492814064026,1,1,22741,1421.312
30.228925704956055,1,1,25051,1565.688
30.23293161392212,1,1,28364,1772.750
30.23692774772644,1,1,27924,1745.250
30.2409245967865,1,1,24538,1533.625
30.244925498962402,1,1,22805,1425.312
30.248890161514282,1,1,25037,1564.812
30.25289535522461,1,1,28509,1781.812
30.256890535354614,1,1,28103,1756.438
30.260890245437622,1,1,24526,1532.875
30.264890670776367,1,1,22500,1406.250
30.26888871192932,1,1,24716,1544.750
30.27289342880249,1,1,28427,1776.688
30.276889085769653,1,1,28253,1765.812
30.280887126922607,1,1,24690,1543.125
30.284893035888672,1,1,22533,1408.312
30.28889036178589,1,1,24690,1543.125
30.29293990135193,1,1,28492,1780.750
30.29690170288086,1,1,28417,1776.062
30.300890684127808,1,1,24808,1550.500
30.304883241653442,1,1,22360,1397.500
30.308875799179077,1,1,24404,1525.250
30.312917232513428,1,1,28439,1777.438
30.316967487335205,1,1,28644,1790.250
30.320894479751587,1,1,25008,1563.000
30.3248929977417,1,1,22244,1390.250
30.32887864112854,1,1,24196,1512.250
30.332993268966675,1,1,28396,1774.750
30.33703327178955,1,1,28715,1794.688
30.340903997421265,1,1,24937,1558.562
30.344970226287842,1,1,21898,1368.625
30.348930835723877,1,1,23867,1491.688
30.352935314178467,1,1,28309,1769.312
30.356932878494263,1,1,28892,1805.750
30.36099648475647,1,1,25190,1574.375
30.364943504333496,1,1,21909,1369.312
30.368927240371704,1,1,23635,1477.188
30.372934818267822,1,1,28129,1758.062
30.376930236816406,1,1,28905,1806.562
30.380935192108154,1,1,25209,1575.562
30.38493037223816,1,1,21748,1359.250
30.388924837112427,1,1,23511,1469.438
30.39293336868286,1,1,28230,1764.375
30.3969304561615,1,1,29126,1820.375
30.400927543640137,1,1,25291,1580.688
30.404923915863037,1,1,21584,1349.000
30.408909797668457,1,1,23219,1451.188
30.412963151931763,1,1,28029,1751.812
30.416929960250854,1,1,29198,1824.875
30.420925617218018,1,1,25479,1592.438
30.424930334091187,1,1,21542,1346.375
30.428924560546875,1,1,23030,1439.375
30.43293023109436,1,1,27918,1744.875
30.436928272247314,1,1,29302,1831.375
30.440930604934692,1,1,25681,1605.062
30.444931745529175,1,1,21641,1352.562
30.449023485183716,1,1,23057,1441.062
30.452897548675537,1,1,27959,1747.438
30.456891298294067,1,1,29483,1842.688
30.460887908935547,1,1,25862,1616.375
30.464892625808716,1,1,21577,1348.562
30.468886852264404,1,1,22857,1428.562
30.47288990020752,1,1,27857,1741.062
30.476887226104736,1,1,29511,1844.438
30.48088836669922,1,1,25839,1614.938
30.484890699386597,1,1,21367,1335.438
30.488884925842285,1,1,22534,1408.375
30.492891788482666,1,1,27633,1727.062
30.496891021728516,1,1,29642,1852.625
30.5008864402771,1,1,26139,1633.688
30.50489044189453,1,1,21458,1341.125
30.508886098861694,1,1,22442,1402.625
30.51288938522339,1,1,27540,1721.250
30.51688551902771,1,1,29754,1859.625
30.520883083343506,1,1,26332,1645.750
30.52489137649536,1,1,21453,1340.812
30.528887271881104,1,1,22210,1388.125
30.532891035079956,1,1,27325,1707.812
30.536887407302856,1,1,29767,1860.438
30.540886878967285,1,1,26455,1653.438
30.544884204864502,1,1,21505,1344.062
30.54894185066223,1,1,22189,1386.812
30.552978515625,1,1,27372,1710.750
30.55692982673645,1,1,29996,1874.750
30.560925722122192,1,1,26718,1669.875
30.564924478530884,1,1,21548,1346.750
30.568920373916626,1,1,22029,1376.812
30.572930097579956,1,1,30032,1877.000
30.576928853988647,1,1,26795,1674.688
30.580925703048706,1,1,21402,1337.625
30.58491611480713,1,1,21664,1354.000
30.588908672332764,1,1,26856,1678.500
30.59293532371521,1,1,30048,1878.000
30.60366725921631,1,1,21524,1345.250
30.60496997833252,1,1,21527,1345.438
30.608936071395874,1,1,26698,1668.625
30.612934112548828,1,1,30110,1881.875
30.61692976951599,1,1,27182,1698.875
30.62092423439026,1,1,21555,1347.188
30.624926328659058,1,1,21395,1337.188
30.62892246246338,1,1,26443,1652.688
30.63292908668518,1,1,30002,1875.125
30.636922121047974,1,1,27158,1697.375
30.64091992378235,1,1,21364,1335.250
30.644927263259888,1,1,21055,1315.938
30.649009227752686,1,1,26194,1637.125
30.652894735336304,1,1,30045,1877.812
30.656888961791992,1,1,27442,1715.125
30.66088604927063,1,1,21702,1356.375
30.664886236190796,1,1,21111,1319.438
30.668884992599487,1,1,25957,1622.312
30.67289090156555,1,1,29896,1868.500
30.676884412765503,1,1,27449,1715.562
30.680882215499878,1,1,21656,1353.500
30.68488049507141,1,1,20929,1308.062
30.68887209892273,1,1,25865,1616.562
30.692917108535767,1,1,30118,1882.375
30.69688582420349,1,1,27830,1739.375
30.700884342193604,1,1,22040,1377.500
30.704881191253662,1,1,21160,1322.500
30.708869695663452,1,1,25981,1623.812
30.71289372444153,1,1,30362,1897.625
30.716885566711426,1,1,28079,1754.938
30.720885515213013,1,1,22055,1378.438
30.72488784790039,1,1,20862,1303.875
30.728882312774658,1,1,25605,1600.312
30.73288917541504,1,1,30282,1892.625
30.73688507080078,1,1,28294,1768.375
30.74088406562805,1,1,22258,1391.125
30.7448890209198,1,1,20749,1296.812
30.74888277053833,1,1,25311,1581.938
30.752962827682495,1,1,30171,1885.688
30.756924629211426,1,1,28383,1773.938
30.76092505455017,1,1,22292,1393.250
30.76492738723755,1,1,20585,1286.562
30.768919229507446,1,1,25135,1570.938
30.772926807403564,1,1,30244,1890.250
30.77725386619568,1,1,28664,1791.500
30.781124353408813,1,1,22569,1410.562
30.784947156906128,1,1,20627,1289.188
30.788921356201172,1,1,24946,1559.125
30.792925357818604,1,1,30080,1880.000
30.796916246414185,1,1,28711,1794.438
30.80091428756714,1,1,22572,1410.750
30.804922342300415,1,1,20256,1266.000
30.808917760849,1,1,24513,1532.062
30.812928915023804,1,1,30027,1876.688
30.8169264793396,1,1,28813,1800.812
30.820924758911133,1,1,22566,1410.375
30.82492446899414,1,1,20073,1254.562
30.828922748565674,1,1,24336,1521.000
30.83292579650879,1,1,30101,1881.312
30.836907386779785,1,1,29044,1815.250
30.840901136398315,1,1,22622,1413.875
30.844921588897705,1,1,19750,1234.375
30.848918914794922,1,1,24061,1503.812
30.85301184654236,1,1,30456,1903.500
30.856877088546753,1,1,29815,1863.438
30.86087203025818,1,1,23184,1449.000
30.86488103866577,1,1,19850,1240.625
30.868878841400146,1,1,24060,1503.750
30.872912168502808,1,1,30692,1918.250
30.876879692077637,1,1,30332,1895.750
30.880879163742065,1,1,23658,1478.625
30.88488245010376,1,1,19992,1249.500
30.888880729675293,1,1,24381,1523.812
30.892903089523315,1,1,32059,2003.688
30.89687967300415,1,1,32285,2017.812
30.900879383087158,1,1,25016,1563.500
30.90488576889038,1,1,22920,1432.500
30.908879280090332,1,1,32767,2047.938
30.912902355194092,1,1,32767,2047.938
30.916880130767822,1,1,32767,2047.938
30.920879364013672,1,1,32767,2047.938
30.924884557724,1,1,32767,2047.938
30.92887568473816,1,1,12747,796.688
30.932904720306396,1,1,27877,1742.312
30.936882257461548,1,1,32767,2047.938
30.94087862968445,1,1,32767,2047.938
30.944880962371826,1,1,28027,1751.688
30.948877811431885,1,1,9234,577.125
30.952906370162964,1,1,19877,1242.312
30.956917762756348,1,1,32767,2047.938
30.96091604232788,1,1,32767,2047.938
30.964918613433838,1,1,26097,1631.062
30.968910932540894,1,1,8393,524.562
30.97292470932007,1,1,15876,992.250
30.976921319961548,1,1,32767,2047.938
30.980918407440186,1,1,27852,1740.750
30.98491859436035,1,1,9123,570.188
30.988916873931885,1,1,5250,328.125
30.992924213409424,1,1,28501,1781.312
30.996917486190796,1,1,32767,2047.938
31.000916957855225,1,1,32730,2045.625
31.004920721054077,1,1,11768,735.500
31.008917093276978,1,1,6627,414.188
31.012921571731567,1,1,29854,1865.875
31.016915321350098,1,1,32767,2047.938
31.02091670036316,1,1,32767,2047.938
31.024921894073486,1,1,12209,763.062
31.02891445159912,1,1,6619,413.688
31.03291964530945,1,1,29620,1851.250
31.036916732788086,1,1,32767,2047.938
31.04091739654541,1,1,32504,2031.500
31.044922351837158,1,1,11657,728.562
31.04891300201416,1,1,6300,393.750
31.052926778793335,1,1,29240,1827.500
31.056882858276367,1,1,32767,2047.938
31.060879230499268,1,1,32379,2023.688
31.064884901046753,1,1,11601,725.062
31.068877935409546,1,1,5947,371.688
31.07292413711548,1,1,28445,1777.812
31.07688021659851,1,1,32767,2047.938
31.080876111984253,1,1,32601,2037.562
31.084874391555786,1,1,11778,736.125
31.088865518569946,1,1,5688,355.500
31.09289050102234,1,1,27552,1722.000
31.09687876701355,1,1,32767,2047.938
31.10088014602661,1,1,32767,2047.938
31.10488224029541,1,1,11980,748.750
31.108877420425415,1,1,5536,346.000
31.112901210784912,1,1,26770,1673.125
31.116878986358643,1,1,32767,2047.938
31.120879650115967,1,1,32767,2047.938
31.124881505966187,1,1,12208,763.000
31.128875732421875,1,1,5468,341.750
31.132901191711426,1,1,26129,1633.062
31.13688087463379,1,1,32767,2047.938
31.140877723693848,1,1,32767,2047.938
31.144878387451172,1,1,12429,776.812
31.148877143859863,1,1,5441,340.062
31.152902841567993,1,1,25545,1596.562
31.156959533691406,1,1,32767,2047.938
31.16092085838318,1,1,32767,2047.938
31.16491937637329,1,1,12547,784.188
31.168911695480347,1,1,5438,339.875
31.172919511795044,1,1,25016,1563.500
31.176918745040894,1,1,32767,2047.938
31.18091583251953,1,1,32767,2047.938
31.18491530418396,1,1,5416,338.500
31.18891477584839,1,1,23871,1491.938
31.192922353744507,1,1,32767,2047.938
31.196900129318237,1,1,32767,2047.938
31.20089602470398,1,1,13181,823.812
31.204916954040527,1,1,5510,344.375
31.20891547203064,1,1,22860,1428.750
31.212918043136597,1,1,32767,2047.938
31.216912031173706,1,1,32767,2047.938
31.22091293334961,1,1,13728,858.000
31.22491765022278,1,1,5671,354.438
31.22891592979431,1,1,21960,1372.500
31.2329158782959,1,1,32767,2047.938
31.23691415786743,1,1,32767,2047.938
31.240912675857544,1,1,14320,895.000
31.24491548538208,1,1,5848,365.500
31.24891209602356,1,1,21080,1317.500
31.252917766571045,1,1,32767,2047.938
31.256948471069336,1,1,32767,2047.938
31.260915279388428,1,1,14930,933.125
31.264915943145752,1,1,6040,377.500
31.268914222717285,1,1,20340,1271.250
31.2729172706604,1,1,32767,2047.938
31.27691340446472,1,1,32767,2047.938
31.280911684036255,1,1,15616,976.000
31.28491759300232,1,1,6249,390.562
31.28891396522522,1,1,19585,1224.062
31.292935848236084,1,1,32767,2047.938
31.29690194129944,1,1,32767,2047.938
31.300898790359497,1,1,16280,1017.500
31.304912090301514,1,1,6451,403.188
31.308912754058838,1,1,18887,1180.438
31.312916040420532,1,1,32767,2047.938
31.316898345947266,1,1,32767,2047.938
31.321036338806152,1,1,16988,1061.750
31.32509970664978,1,1,6670,416.875
31.32894492149353,1,1,18352,1147.000
31.332929849624634,1,1,32767,2047.938
31.336902618408203,1,1,32767,2047.938
31.340981483459473,1,1,17682,1105.125
31.344933032989502,1,1,6876,429.750
31.348915815353394,1,1,17743,1108.938
31.3529155254364,1,1,32767,2047.938
31.356916189193726,1,1,32767,2047.938
31.36090064048767,1,1,18416,1151.000
31.364888906478882,1,1,7083,442.688
31.36887836456299,1,1,17131,1070.688
31.37291717529297,1,1,32767,2047.938
31.376877546310425,1,1,32767,2047.938
31.38087487220764,1,1,19101,1193.812
31.38487148284912,1,1,7296,456.000
31.38886284828186,1,1,16810,1050.625
31.392887830734253,1,1,32767,2047.938
31.39688014984131,1,1,32767,2047.938
31.400877237319946,1,1,19904,1244.000
31.404880046844482,1,1,7521,470.062
31.408875226974487,1,1,16237,1014.812
31.41290307044983,1,1,32767,2047.938
31.41687774658203,1,1,32767,2047.938
31.42087697982788,1,1,20712,1294.500
31.424870252609253,1,1,7768,485.500
31.428860425949097,1,1,15904,994.000
31.432894706726074,1,1,32767,2047.938
31.43687891960144,1,1,32767,2047.938
31.440873384475708,1,1,21412,1338.250
31.444878816604614,1,1,7972,498.250
31.448874711990356,1,1,15421,963.812
31.45289921760559,1,1,32767,2047.938
31.456875562667847,1,1,32767,2047.938
31.460912466049194,1,1,22075,1379.688
31.464913368225098,1,1,8170,510.625
31.468910694122314,1,1,14938,933.625
31.472918272018433,1,1,32767,2047.938
31.476912260055542,1,1,32767,2047.938
31.480907678604126,1,1,22846,1427.875
31.48491621017456,1,1,8416,526.000
31.488914728164673,1,1,14554,909.625
31.492918014526367,1,1,32767,2047.938
31.49691152572632,1,1,32767,2047.938
31.50091004371643,1,1,23597,1474.812
31.504915952682495,1,1,8662,541.375
31.508910179138184,1,1,14209,888.062
31.512913703918457,1,1,32767,2047.938
31.51690936088562,1,1,32767,2047.938
31.520911931991577,1,1,24433,1527.062
31.524914741516113,1,1,8942,558.875
31.528908014297485,1,1,13845,865.312
31.532915115356445,1,1,32767,2047.938
31.53691339492798,1,1,32767,2047.938
31.540914297103882,1,1,25083,1567.688
31.544911861419678,1,1,9156,572.250
31.54891014099121,1,1,13348,834.250
31.55292320251465,1,1,32767,2047.938
31.556910753250122,1,1,32767,2047.938
31.560948371887207,1,1,25819,1613.688
31.564916133880615,1,1,9423,588.938
31.568910121917725,1,1,13015,813.438
31.572914600372314,1,1,32767,2047.938
31.576907873153687,1,1,32767,2047.938
31.580913066864014,1,1,26507,1656.688
31.5848970413208,1,1,9673,604.562
31.588894844055176,1,1,12628,789.250
31.592960357666016,1,1,32767,2047.938
31.597001314163208,1,1,32767,2047.938
31.660037517547607,1,1,29483,1842.688
31.661339044570923,1,1,29483,1842.688
31.664902687072754,1,1,10921,682.562
31.66887354850769,1,1,11412,713.250
31.672914028167725,1,1,32473,2029.562
31.676873445510864,1,1,32767,2047.938
31.680870056152344,1,1,30037,1877.312
31.684875965118408,1,1,11207,700.438
31.688870191574097,1,1,11239,702.438
31.692896366119385,1,1,32124,2007.750
31.696874856948853,1,1,32767,2047.938
31.700872659683228,1,1,30773,1923.312
31.70486545562744,1,1,11609,725.562
31.70885968208313,1,1,10907,681.688
31.7128963470459,1,1,31508,1969.250
31.716874837875366,1,1,32767,2047.938
31.72086811065674,1,1,31181,1948.812
31.724875450134277,1,1,11865,741.562
31.728872299194336,1,1,10763,672.688
31.73289394378662,1,1,31137,1946.062
31.73687171936035,1,1,32767,2047.938
31.740870475769043,1,1,31641,1977.562
31.744871139526367,1,1,12146,759.125
31.748857975006104,1,1,10435,652.188
31.752882480621338,1,1,30487,1905.438
31.756874561309814,1,1,32767,2047.938
31.760902166366577,1,1,32127,2007.938
31.764920711517334,1,1,12490,780.625
31.76890993118286,1,1,10336,646.000
31.772912979125977,1,1,30133,1883.312
31.77723979949951,1,1,32718,2044.875
31.781098127365112,1,1,12919,807.438
31.784947156906128,1,1,12919,807.438
31.78890824317932,1,1,10154,634.625
31.792909622192383,1,1,29559,1847.438
31.796910762786865,1,1,32767,2047.938
31.8009090423584,1,1,13270,829.375
31.804909229278564,1,1,9969,623.062
31.808903217315674,1,1,28983,1811.438
31.812907934188843,1,1,32767,2047.938
31.816910982131958,1,1,32767,2047.938
31.820913076400757,1,1,13542,846.375
31.82491159439087,1,1,9831,614.438
31.82890796661377,1,1,28544,1784.000
31.832913398742676,1,1,32767,2047.938
31.83689570426941,1,1,32767,2047.938
31.840920448303223,1,1,14031,876.938
31.844914436340332,1,1,9754,609.625
31.848904371261597,1,1,28029,1751.812
31.85290837287903,1,1,32767,2047.938
31.856911659240723,1,1,32767,2047.938
31.861000299453735,1,1,14394,899.625
31.86487579345703,1,1,9656,603.500
31.868870496749878,1,1,27581,1723.812
31.87290334701538,1,1,32767,2047.938
31.876871824264526,1,1,32767,2047.938
31.88085913658142,1,1,14765,922.812
31.884867429733276,1,1,9547,596.688
31.888866901397705,1,1,27039,1689.938
31.892893075942993,1,1,32767,2047.938
31.8968722820282,1,1,32767,2047.938
31.90086841583252,1,1,15125,945.312
31.90487027168274,1,1,9334,583.375
31.908868312835693,1,1,26356,1647.250
31.912893533706665,1,1,32767,2047.938
31.91687250137329,1,1,32767,2047.938
31.920867443084717,1,1,15569,973.062
31.92487144470215,1,1,9263,578.938
31.928868532180786,1,1,25812,1613.250
31.932892560958862,1,1,32767,2047.938
31.93686842918396,1,1,32767,2047.938
31.940868377685547,1,1,16017,1001.062
31.944873571395874,1,1,9221,576.312
31.948867082595825,1,1,25318,1582.375
31.95289182662964,1,1,32767,2047.938
31.956868648529053,1,1,32767,2047.938
31.960869550704956,1,1,16508,1031.750
31.964964628219604,1,1,9222,576.375
31.968913316726685,1,1,24913,1557.062
31.97291135787964,1,1,32767,2047.938
31.97690510749817,1,1,32767,2047.938
31.98090696334839,1,1,16865,1054.062
31.984910249710083,1,1,9122,570.125
31.988905429840088,1,1,24330,1520.625
31.992908716201782,1,1,32767,2047.938
31.996904611587524,1,1,32767,2047.938
32.000906229019165,1,1,17442,1090.125
32.0049090385437,1,1,9172,573.250
32.00890231132507,1,1,23895,1493.438
32.01291012763977,1,1,32767,2047.938
32.01690649986267,1,1,32767,2047.938
32.02090644836426,1,1,17923,1120.188
32.02490758895874,1,1,9120,570.000
32.02890491485596,1,1,23331,1458.188
32.032912492752075,1,1,32767,2047.938
32.03690433502197,1,1,32767,2047.938
32.04090070724487,1,1,18298,1143.625
32.04490828514099,1,1,9019,563.688
32.04890513420105,1,1,22674,1417.125
32.052913427352905,1,1,32767,2047.938
32.056904315948486,1,1,32767,2047.938
32.06090426445007,1,1,18744,1171.500
32.06497645378113,1,1,9028,564.250
32.06886911392212,1,1,22226,1389.125
32.07290840148926,1,1,32767,2047.938
32.07686734199524,1,1,32767,2047.938
32.080864906311035,1,1,19410,1213.125
32.08486199378967,1,1,9087,567.938
32.088855028152466,1,1,21682,1355.125
32.092893838882446,1,1,32767,2047.938
32.09687328338623,1,1,32767,2047.938
32.100868463516235,1,1,19758,1234.875
32.104867935180664,1,1,9067,566.688
32.108866453170776,1,1,21189,1324.312
32.11289167404175,1,1,32767,2047.938
32.11686658859253,1,1,32767,2047.938
32.12086629867554,1,1,20321,1270.062
32.1248722076416,1,1,9111,569.438
32.12886619567871,1,1,20625,1289.062
32.132890939712524,1,1,32767,2047.938
32.136865854263306,1,1,32767,2047.938
32.140865087509155,1,1,20758,1297.375
32.14487028121948,1,1,9102,568.875
32.14886403083801,1,1,20010,1250.625
32.15288829803467,1,1,32767,2047.938
32.15686559677124,1,1,32767,2047.938
32.16086769104004,1,1,21277,1329.812
32.16492772102356,1,1,9178,573.625
32.16890835762024,1,1,19504,1219.000
32.17291069030762,1,1,32767,2047.938
32.17689871788025,1,1,32767,2047.938
32.180903673172,1,1,21728,1358.000
32.18490815162659,1,1,9221,576.312
32.1889009475708,1,1,19002,1187.625
32.19293928146362,1,1,32767,2047.938
32.19690442085266,1,1,32767,2047.938
32.20090365409851,1,1,22335,1395.938
32.20490574836731,1,1,9307,581.688
32.20890188217163,1,1,18453,1153.312
32.21290636062622,1,1,32767,2047.938
32.21689033508301,1,1,32767,2047.938
32.220887899398804,1,1,22941,1433.812
32.22490358352661,1,1,9439,589.938
32.22890615463257,1,1,18001,1125.062
32.23290824890137,1,1,32767,2047.938
32.23690176010132,1,1,32767,2047.938
32.240899085998535,1,1,23387,1461.688
32.24490761756897,1,1,9487,592.938
32.24890184402466,1,1,17431,1089.438
32.2529296875,1,1,32767,2047.938
32.25690174102783,1,1,32767,2047.938
32.26090121269226,1,1,23856,1491.000
32.264920234680176,1,1,9561,597.562
32.268866539001465,1,1,16904,1056.500
32.27289175987244,1,1,32767,2047.938
32.27686405181885,1,1,32767,2047.938
32.28086280822754,1,1,24602,1537.625
32.28486776351929,1,1,9787,611.688
32.288864612579346,1,1,16478,1029.875
32.29289937019348,1,1,32767,2047.938
32.29688382148743,1,1,32767,2047.938
32.30086708068848,1,1,25089,1568.062
32.30486226081848,1,1,9900,618.750
32.30893683433533,1,1,15956,997.250
32.31290316581726,1,1,32767,2047.938
32.31685400009155,1,1,32767,2047.938
32.320974826812744,1,1,25826,1614.125
32.32501244544983,1,1,10212,638.250
32.32888340950012,1,1,15645,977.812
32.332908153533936,1,1,32767,2047.938
32.33685302734375,1,1,32767,2047.938
32.34087109565735,1,1,26505,1656.562
32.34487271308899,1,1,10416,651.000
32.34886455535889,1,1,15083,942.688
32.352888345718384,1,1,32767,2047.938
32.35686683654785,1,1,32767,2047.938
32.3608615398407,1,1,26765,1672.812
32.36486601829529,1,1,10447,652.938
32.368974447250366,1,1,14665,916.562
32.37290835380554,1,1,32767,2047.938
32.376906394958496,1,1,32767,2047.938
32.38090491294861,1,1,27445,1715.312
32.38513898849487,1,1,10756,672.250
32.38895106315613,1,1,14340,896.250
32.3929123878479,1,1,32767,2047.938
32.39689779281616,1,1,32767,2047.938
32.40109896659851,1,1,27917,1744.812
32.404913902282715,1,1,10888,680.500
32.40889310836792,1,1,13889,868.062
32.41293287277222,1,1,32767,2047.938
32.41690230369568,1,1,28408,1775.500
32.420904874801636,1,1,11058,691.125
32.4249005317688,1,1,13437,839.812
32.4288911819458,1,1,32767,2047.938
32.4329252243042,1,1,32767,2047.938
32.43691396713257,1,1,28896,1806.000
32.44090676307678,1,1,11249,703.062
32.44491481781006,1,1,13154,822.125
32.448906898498535,1,1,32671,2041.938
32.45291066169739,1,1,32767,2047.938
32.45690608024597,1,1,29650,1853.125
32.46090507507324,1,1,11566,722.875
32.46491026878357,1,1,12740,796.250
32.46894574165344,1,1,32254,2015.875
32.4729118347168,1,1,32767,2047.938
32.476905822753906,1,1,30179,1886.188
32.480905532836914,1,1,11712,732.000
32.48491311073303,1,1,12223,763.938
32.4889075756073,1,1,31653,1978.312
32.492910385131836,1,1,32767,2047.938
32.496901988983154,1,1,30999,1937.438
32.50090527534485,1,1,12231,764.438
32.50490760803223,1,1,12129,758.062
32.508904457092285,1,1,31264,1954.000
32.51294231414795,1,1,32767,2047.938
32.516905307769775,1,1,31536,1971.000
32.52090406417847,1,1,12575,785.938
32.52491307258606,1,1,11723,732.688
32.52890586853027,1,1,30397,1899.812
32.532930850982666,1,1,32767,2047.938
32.53690505027771,1,1,31962,1997.625
32.54090452194214,1,1,12944,809.000
32.544907569885254,1,1,11427,714.188
32.54890322685242,1,1,29672,1854.500
32.55291223526001,1,1,32767,2047.938
32.55690836906433,1,1,32503,2031.438
32.56090497970581,1,1,13500,843.750
32.5649094581604,1,1,11240,702.500
32.56898736953735,1,1,28980,1811.250
32.572901010513306,1,1,32767,2047.938
32.57686710357666,1,1,32767,2047.938
32.58086633682251,1,1,14173,885.812
32.58486247062683,1,1,11120,695.000
32.588852643966675,1,1,28165,1760.312
32.592881202697754,1,1,32767,2047.938
32.59686827659607,1,1,32767,2047.938
32.600862979888916,1,1,14694,918.375
32.60486626625061,1,1,11105,694.062
32.608864068984985,1,1,27523,1720.188
32.61289310455322,1,1,32767,2047.938
32.61686587333679,1,1,32767,2047.938
32.62086486816406,1,1,15156,947.250
32.62486028671265,1,1,10963,685.188
32.628849506378174,1,1,26855,1678.438
32.63288450241089,1,1,32767,2047.938
32.63686919212341,1,1,32767,2047.938
32.640864849090576,1,1,15740,983.750
32.644872188568115,1,1,10961,685.062
32.64886546134949,1,1,26258,1641.125
32.65289092063904,1,1,32767,2047.938
32.66233706474304,1,1,16166,1010.375
32.66490459442139,1,1,10816,676.000
32.6688711643219,1,1,25593,1599.562
32.67290735244751,1,1,32767,2047.938
32.67686653137207,1,1,32767,2047.938
32.68086242675781,1,1,16746,1046.625
32.684869050979614,1,1,10836,677.250
32.68886160850525,1,1,25108,1569.250
32.692901611328125,1,1,32767,2047.938
32.69686484336853,1,1,32767,2047.938
32.70086359977722,1,1,17353,1084.562
32.70486640930176,1,1,10899,681.188
32.708863735198975,1,1,24594,1537.125
32.71289396286011,1,1,32767,2047.938
32.716864585876465,1,1,32767,2047.938
32.720863819122314,1,1,17859,1116.188
32.724860429763794,1,1,10954,684.625
32.72884917259216,1,1,24233,1514.562
32.73288631439209,1,1,32767,2047.938
32.73686623573303,1,1,32767,2047.938
32.74086236953735,1,1,18423,1151.438
32.744868993759155,1,1,10981,686.312
32.748860120773315,1,1,23721,1482.562
32.75289225578308,1,1,32767,2047.938
32.75686430931091,1,1,32767,2047.938
32.76086187362671,1,1,18932,1183.250
32.76486539840698,1,1,11004,687.750
32.76886248588562,1,1,23185,1449.062
32.772937059402466,1,1,32767,2047.938
32.77723574638367,1,1,32767,2047.938
32.78109073638916,1,1,19267,1204.188
32.78493094444275,1,1,10898,681.125
32.788898229599,1,1,22636,1414.750
32.79293179512024,1,1,32767,2047.938
32.79690599441528,1,1,32767,2047.938
32.80090022087097,1,1,19815,1238.438
32.80490279197693,1,1,10895,680.938
32.80889964103699,1,1,22015,1375.938
32.81293296813965,1,1,32767,2047.938
32.816898345947266,1,1,32767,2047.938
32.82090353965759,1,1,20308,1269.250
32.82490539550781,1,1,10966,685.375
32.828898191452026,1,1,21571,1348.188
32.832929849624634,1,1,32767,2047.938
32.837037563323975,1,1,32767,2047.938
32.84089541435242,1,1,20754,1297.125
32.84490704536438,1,1,10877,679.812
32.84890007972717,1,1,20921,1307.562
32.8529098033905,1,1,32767,2047.938
32.85689973831177,1,1,32767,2047.938
32.860899925231934,1,1,21121,1320.062
32.86489462852478,1,1,10782,673.875
32.86888551712036,1,1,20317,1269.812
32.872949838638306,1,1,32767,2047.938
32.87686085700989,1,1,32767,2047.938
32.88085126876831,1,1,21660,1353.750
32.88486361503601,1,1,10876,679.750
32.888864517211914,1,1,19903,1243.938
32.89289093017578,1,1,32767,2047.938
32.89686322212219,1,1,32767,2047.938
32.90086245536804,1,1,22008,1375.500
32.90486264228821,1,1,10812,675.750
32.908860206604004,1,1,19408,1213.000
32.912898540496826,1,1,32767,2047.938
32.91686201095581,1,1,32767,2047.938
32.92086219787598,1,1,22584,1411.500
32.92486500740051,1,1,10891,680.688
32.928860902786255,1,1,18886,1180.375
32.9328875541687,1,1,32767,2047.938
32.93686652183533,1,1,32767,2047.938
32.94085955619812,1,1,22954,1434.625
32.94486379623413,1,1,10831,676.938
32.94886064529419,1,1,18312,1144.500
32.952890157699585,1,1,32767,2047.938
32.95686221122742,1,1,32767,2047.938
32.96085977554321,1,1,23400,1462.500
32.96486568450928,1,1,10932,683.250
32.96885895729065,1,1,17886,1117.875
32.97289037704468,1,1,32767,2047.938
32.97690224647522,1,1,32767,2047.938
32.98090076446533,1,1,24046,1502.875
32.98490238189697,1,1,11057,691.062
32.9888961315155,1,1,17393,1087.062
32.992934703826904,1,1,32767,2047.938
32.99689865112305,1,1,32767,2047.938
33.000898361206055,1,1,24577,1536.062
33.0049033164978,1,1,11159,697.438
33.008899450302124,1,1,16891,1055.688
33.01293969154358,1,1,32767,2047.938
33.01690125465393,1,1,32767,2047.938
33.02089977264404,1,1,24953,1559.562
33.02489757537842,1,1,11091,693.188
33.028883934020996,1,1,32767,2047.938
33.03293228149414,1,1,32767,2047.938
33.03690457344055,1,1,25453,1590.812
33.040900468826294,1,1,11291,705.688
33.044907331466675,1,1,16044,1002.750
33.04889750480652,1,1,32767,2047.938
33.052939891815186,1,1,32767,2047.938
33.056904315948486,1,1,26059,1628.688
33.060898780822754,1,1,11435,714.688
33.06490230560303,1,1,15626,976.625
33.068896532058716,1,1,32767,2047.938
33.07294583320618,1,1,32767,2047.938
33.076866149902344,1,1,26613,1663.312
33.080859661102295,1,1,11731,733.188
33.08485698699951,1,1,15352,959.500
33.0888466835022,1,1,32767,2047.938
33.09288167953491,1,1,32767,2047.938
33.09686040878296,1,1,27111,1694.438
33.10085725784302,1,1,11820,738.750
33.104862213134766,1,1,14862,928.875
33.10885763168335,1,1,32767,2047.938
33.1129047870636,1,1,32767,2047.938
33.116859436035156,1,1,27706,1731.625
33.120856046676636,1,1,12102,756.375
33.124863624572754,1,1,14532,908.250
33.128859758377075,1,1,32496,2031.000
33.132893800735474,1,1,32767,2047.938
33.13685965538025,1,1,27990,1749.375
33.14085555076599,1,1,12062,753.875
33.14486312866211,1,1,14033,877.062
33.148855209350586,1,1,31966,1997.875
33.152886390686035,1,1,32767,2047.938
33.15685820579529,1,1,28599,1787.438
33.16085886955261,1,1,12331,770.688
33.164862394332886,1,1,13737,858.562
33.16885757446289,1,1,31556,1972.250
33.17288589477539,1,1,32767,2047.938
33.17693066596985,1,1,29157,1822.312
33.18090009689331,1,1,12608,788.000
33.184900522232056,1,1,13394,837.125
33.18889403343201,1,1,31127,1945.438
33.192928314208984,1,1,32767,2047.938
33.19689869880676,1,1,29800,1862.500
33.200894832611084,1,1,13026,814.125
33.20490026473999,1,1,13297,831.062
33.20889687538147,1,1,30783,1923.938
33.21293115615845,1,1,32767,2047.938
33.216899394989014,1,1,30120,1882.500
33.22089600563049,1,1,13020,813.750
33.224902629852295,1,1,12797,799.812
33.22889566421509,1,1,30175,1885.938
33.232933044433594,1,1,32767,2047.938
33.236881494522095,1,1,30559,1909.938
33.24089288711548,1,1,13281,830.062
33.244895696640015,1,1,12486,780.375
33.248894453048706,1,1,29662,1853.875
33.25293159484863,1,1,32767,2047.938
33.25689744949341,1,1,31203,1950.188
33.26089811325073,1,1,13672,854.500
33.264899253845215,1,1,12255,765.938
33.2688934803009,1,1,29157,1822.312
33.272923707962036,1,1,32767,2047.938
33.276965618133545,1,1,31740,1983.750
33.28085803985596,1,1,14037,877.312
33.284860134124756,1,1,12067,754.188
33.28888249397278,1,1,28693,1793.312
33.29289436340332,1,1,32767,2047.938
33.29684352874756,1,1,32165,2010.312
33.30084228515625,1,1,14254,890.875
33.30485463142395,1,1,11697,731.062
33.30888295173645,1,1,28055,1753.438
33.312915325164795,1,1,32767,2047.938
33.31684637069702,1,1,32723,2045.188
33.321786642074585,1,1,14794,924.625
33.32508182525635,1,1,11732,733.250
33.32890033721924,1,1,27684,1730.250
33.332900285720825,1,1,32767,2047.938
33.33684468269348,1,1,32767,2047.938
33.340837478637695,1,1,15035,939.688
33.34486174583435,1,1,11421,713.812
33.34887099266052,1,1,27074,1692.125
33.35291242599487,1,1,32767,2047.938
33.356858015060425,1,1,32767,2047.938
33.36085820198059,1,1,15353,959.562
33.3648521900177,1,1,11297,706.062
33.36886191368103,1,1,26657,1666.062
33.37287783622742,1,1,32767,2047.938
33.37684965133667,1,1,32767,2047.938
33.3808479309082,1,1,15727,982.938
33.38485765457153,1,1,11029,689.312
33.38884711265564,1,1,25957,1622.312
33.392876863479614,1,1,32767,2047.938
33.39684748649597,1,1,32767,2047.938
33.40085577964783,1,1,16120,1007.500
33.4048535823822,1,1,10949,684.312
33.408846616744995,1,1,25533,1595.812
33.41288137435913,1,1,32767,2047.938
33.416847705841064,1,1,32767,2047.938
33.420846939086914,1,1,16570,1035.625
33.424851417541504,1,1,10853,678.312
33.42884850502014,1,1,24991,1561.938
33.43288207054138,1,1,32767,2047.938
33.436847448349,1,1,32767,2047.938
33.44084405899048,1,1,16823,1051.438
33.44485330581665,1,1,10694,668.375
33.44884753227234,1,1,24555,1534.688
33.45287489891052,1,1,32767,2047.938
33.45684552192688,1,1,32767,2047.938
33.460845708847046,1,1,17314,1082.125
33.46485137939453,1,1,10572,660.750
33.46884727478027,1,1,23986,1499.125
33.47287201881409,1,1,32767,2047.938
33.4768443107605,1,1,32767,2047.938
33.480947971343994,1,1,17814,1113.375
33.48489689826965,1,1,10566,660.375
33.488885164260864,1,1,23514,1469.625
33.492910623550415,1,1,32767,2047.938
33.49688124656677,1,1,32767,2047.938
33.50088357925415,1,1,18245,1140.312
33.50488209724426,1,1,10442,652.625
33.508872985839844,1,1,22919,1432.438
33.51292037963867,1,1,32767,2047.938
33.5168833732605,1,1,32767,2047.938
33.520891427993774,1,1,18681,1167.562
33.52489352226257,1,1,10441,652.562
33.52888298034668,1,1,22413,1400.812
33.53292536735535,1,1,32767,2047.938
33.5368926525116,1,1,32767,2047.938
33.54087948799133,1,1,19100,1193.750
33.54488563537598,1,1,10376,648.500
33.54888033866882,1,1,21913,1369.562
33.55292892456055,1,1,32767,2047.938
33.556880712509155,1,1,32767,2047.938
33.56087946891785,1,1,19636,1227.250
33.56488633155823,1,1,10359,647.438
33.56889295578003,1,1,21279,1329.938
33.57291102409363,1,1,32767,2047.938
33.576881647109985,1,1,32767,2047.938
33.580955505371094,1,1,20072,1254.500
33.58485007286072,1,1,10373,648.312
33.58883619308472,1,1,20877,1304.812
33.59287142753601,1,1,32767,2047.938
33.59684467315674,1,1,32767,2047.938
33.600842237472534,1,1,20511,1281.938
33.60485076904297,1,1,10420,651.250
33.608853340148926,1,1,20450,1278.125
33.61286973953247,1,1,32767,2047.938
33.61684250831604,1,1,32767,2047.938
33.62083315849304,1,1,20972,1310.750
33.624855041503906,1,1,10376,648.500
33.62884759902954,1,1,19885,1242.812
33.63288736343384,1,1,32767,2047.938
33.6368453502655,1,1,32767,2047.938
33.6408429145813,1,1,21473,1342.062
33.64484977722168,1,1,10413,650.812
33.64885425567627,1,1,32767,2047.938
33.65287113189697,1,1,32767,2047.938
33.65684199333191,1,1,21952,1372.000
33.66644024848938,1,1,18782,1173.875
33.66886615753174,1,1,32767,2047.938
33.672887086868286,1,1,32767,2047.938
33.6768536567688,1,1,22377,1398.562
33.68084907531738,1,1,10478,654.875
33.68488693237305,1,1,18413,1150.812
33.688846588134766,1,1,32767,2047.938
33.69287180900574,1,1,32767,2047.938
33.69686412811279,1,1,23107,1444.188
33.70085024833679,1,1,10637,664.812
33.70486307144165,1,1,17922,1120.125
33.70884680747986,1,1,32767,2047.938
33.71286988258362,1,1,32767,2047.938
33.716845750808716,1,1,23498,1468.625
33.72085452079773,1,1,10715,669.688
33.72485160827637,1,1,17528,1095.500
33.728846311569214,1,1,32767,2047.938
33.732876777648926,1,1,32767,2047.938
33.736855030059814,1,1,24037,1502.312
33.74084734916687,1,1,10797,674.812
33.74484610557556,1,1,17016,1063.500
33.74883437156677,1,1,32767,2047.938
33.752882957458496,1,1,32767,2047.938
33.75685358047485,1,1,24661,1541.312
33.760849714279175,1,1,10987,686.688
33.76484942436218,1,1,16632,1039.500
33.76884841918945,1,1,32767,2047.938
33.77288746833801,1,1,32767,2047.938
33.77719497680664,1,1,25191,1574.438
33.78100275993347,1,1,11058,691.125
33.784964084625244,1,1,16061,1003.812
33.788886070251465,1,1,32767,2047.938
33.793108224868774,1,1,32767,2047.938
