Timestamp,LO_plus,LO_minus,Raw_ADC,Voltage_mV
1764840137.2708313,0,0,2861,357.625
1764840137.2726254,1,1,2861,357.625
1764840137.2743306,1,1,3056,382.000
1764840137.2769861,0,0,3056,382.000
1764840137.2810614,0,0,-2177,-272.125
1764840137.2850049,0,0,-645,-80.625
1764840137.2889876,0,0,1428,178.500
1764840137.2929895,1,1,2686,335.750
1764840137.2969875,0,0,1283,160.375
1764840137.3010452,0,0,-2041,-255.125
1764840137.3053467,0,0,-558,-69.750
1764840137.3106227,0,0,1455,181.875
1764840137.313019,1,1,2666,333.250
1764840137.3169887,0,0,1403,175.375
1764840137.3209949,0,0,-1998,-249.750
1764840137.3249953,0,0,-672,-84.000
1764840137.3289936,0,0,1321,165.125
1764840137.3329988,1,1,2569,321.125
1764840137.336996,0,0,1347,168.375
1764840137.341019,0,0,-2266,-283.250
1764840137.3450334,0,0,-1075,-134.375
1764840137.3489997,0,0,1147,143.375
1764840137.3529954,1,1,2587,323.375
1764840137.3569853,0,0,1678,209.750
1764840137.3610501,0,0,-1779,-222.375
1764840137.3650033,0,0,-373,-46.625
1764840137.3689964,0,0,1576,197.000
1764840137.372997,1,1,2660,332.500
1764840137.376995,0,0,1713,214.125
1764840137.3810494,0,0,-1821,-227.625
1764840137.3849945,0,0,-398,-49.750
1764840137.3889852,0,0,1599,199.875
1764840137.3929977,1,1,2665,333.125
1764840137.3969958,0,0,1770,221.250
1764840137.4009948,0,0,-1988,-248.500
1764840137.4049864,0,0,-810,-101.250
1764840137.4089854,0,0,1280,160.000
1764840137.4129999,1,1,2526,315.750
1764840137.4170008,0,0,1908,238.500
1764840137.4210014,0,0,-1948,-243.500
1764840137.425043,0,0,-1014,-126.750
1764840137.4290013,0,0,1077,134.625
1764840137.4329932,1,1,2416,302.000
1764840137.4369843,0,0,1950,243.750
1764840137.4409971,0,0,-1982,-247.750
1764840137.444995,0,0,-1078,-134.750
1764840137.4489958,0,0,1079,134.875
1764840137.4530516,1,1,2435,304.375
1764840137.456995,0,0,2100,262.500
1764840137.461,0,0,-1538,-192.250
1764840137.465067,0,0,-507,-63.375
1764840137.4690056,0,0,1443,180.375
1764840137.4729931,1,1,2498,312.250
1764840137.476983,0,0,2075,259.375
1764840137.4810202,0,0,-1903,-237.875
1764840137.4849885,0,0,-1291,-161.375
1764840137.4889867,0,0,837,104.625
1764840137.4930491,1,1,2264,283.000
1764840137.497004,0,0,2164,270.500
1764840137.5009997,0,0,-1781,-222.625
1764840137.5049872,0,0,-1101,-137.625
1764840137.5089836,0,0,1043,130.375
1764840137.513047,1,1,2358,294.750
1764840137.5170004,0,0,2246,280.750
1764840137.520994,0,0,-1579,-197.375
1764840137.524995,0,0,-706,-88.250
1764840137.5289946,0,0,1410,176.250
1764840137.532992,1,1,2507,313.375
1764840137.5369842,0,0,2273,284.125
1764840137.5409918,0,0,-1881,-235.125
1764840137.5449917,0,0,-1712,-214.000
1764840137.5489905,0,0,512,64.000
1764840137.553,1,1,2133,266.625
1764840137.5569868,0,0,2263,282.875
1764840137.5609949,0,0,-1012,-126.500
1764840137.5650418,0,0,-1383,-172.875
1764840137.5690186,0,0,-836,-104.500
1764840137.5729973,1,1,1916,239.500
1764840137.576985,0,0,3020,377.500
1764840137.580994,0,0,-931,-116.375
1764840137.5849986,0,0,-1524,-190.500
1764840137.588991,0,0,-476,-59.500
1764840137.592988,1,1,2197,274.625
1764840137.596982,0,0,3253,406.625
1764840137.6009989,0,0,-912,-114.000
1764840137.604991,0,0,-1170,-146.250
1764840137.6089897,0,0,-1102,-137.750
1764840137.6129994,1,1,1999,249.875
1764840137.6170456,0,0,3670,458.750
1764840137.6210022,0,0,-738,-92.250
1764840137.6249838,0,0,-892,-111.500
1764840137.62898,0,0,-1479,-184.875
1764840137.6329927,1,1,1777,222.125
1764840137.6369927,0,0,3955,494.375
1764840137.6409912,0,0,-581,-72.625
1764840137.6450436,0,0,-873,-109.125
1764840137.649,0,0,-1497,-187.125
1764840137.6529925,1,1,1858,232.250
1764840137.6569822,0,0,4294,536.750
1764840137.6609926,0,0,-314,-39.250
1764840137.665055,0,0,-1030,-128.750
1764840137.6690006,0,0,-1256,-157.000
1764840137.6730433,1,1,2211,276.375
1764840137.6769922,0,0,4658,582.250
1764840137.680997,0,0,-113,-14.125
1764840137.6849902,0,0,-1203,-150.375
1764840137.6889913,0,0,-916,-114.500
1764840137.693,1,1,2588,323.500
1764840137.6969862,0,0,4941,617.625
1764840137.7010453,0,0,144,18.000
1764840137.7050207,0,0,-1117,-139.625
1764840137.7089915,0,0,-1075,-134.375
1764840137.7129886,1,1,2477,309.625
1764840137.7169812,0,0,5037,629.625
1764840137.7209957,0,0,351,43.875
1764840137.7249918,0,0,-1476,-184.500
1764840137.7289891,0,0,-351,-43.875
1764840137.732987,1,1,3080,385.000
1764840137.736981,0,0,5273,659.125
1764840137.741033,0,0,564,70.500
1764840137.7450223,0,0,-1339,-167.375
1764840137.7489936,0,0,-654,-81.750
1764840137.7529895,1,1,2856,357.000
1764840137.756981,0,0,5261,657.625
1764840137.760994,0,0,1095,136.875
1764840137.7649906,0,0,-2249,-281.125
1764840137.769121,0,0,-12,-1.500
1764840137.773101,1,1,3241,405.125
1764840137.777087,0,0,5300,662.500
1764840137.7811096,0,0,1422,177.750
1764840137.7851048,0,0,-1953,-244.125
1764840137.7891028,0,0,408,51.000
1764840137.7931037,1,1,3405,425.625
1764840137.7970982,0,0,5251,656.375
1764840137.8010979,0,0,1485,185.625
1764840137.805106,0,0,-1945,-243.125
1764840137.8091586,0,0,441,55.125
1764840137.8131046,1,1,3405,425.625
1764840137.8170838,0,0,5207,650.875
1764840137.8211043,0,0,1625,203.125
1764840137.8251255,0,0,-2116,-264.500
1764840137.8291025,0,0,14,1.750
1764840137.833093,1,1,3055,381.875
1764840137.8370802,0,0,5040,630.000
1764840137.8411036,0,0,1642,205.250
1764840137.8450975,0,0,-2277,-284.625
1764840137.8490992,0,0,-363,-45.375
1764840137.853104,1,1,2814,351.750
1764840137.857099,0,0,4964,620.500
1764840137.8611035,0,0,1792,224.000
1764840137.8651757,0,0,-2252,-281.500
1764840137.8691862,0,0,-543,-67.875
1764840137.8731587,1,1,2688,336.000
1764840137.8770967,0,0,4937,617.125
1764840137.8811035,0,0,1680,210.000
1764840137.8851,0,0,-956,-119.500
1764840137.889101,0,0,-1639,-204.875
1764840137.8931074,1,1,1487,185.875
1764840137.8970969,0,0,4594,574.250
1764840137.9010997,0,0,2126,265.750
1764840137.9050982,0,0,-1113,-139.125
1764840137.9090972,0,0,-1573,-196.625
1764840137.9130988,1,1,1755,219.375
1764840137.9170842,0,0,4783,597.875
1764840137.9211037,0,0,-1533,-191.625
1764840137.9250977,0,0,-1170,-146.250
1764840137.9290993,0,0,2278,284.750
1764840137.9331129,1,1,5002,625.250
1764840137.9371588,0,0,2631,328.875
1764840137.9411116,0,0,-1188,-148.500
1764840137.9450808,0,0,-1583,-197.875
1764840137.9490802,0,0,1738,217.250
1764840137.953102,1,1,4813,601.625
1764840137.9571009,0,0,2883,360.375
1764840137.961162,0,0,-1140,-142.500
1764840137.9651234,0,0,-1656,-207.000
1764840137.9691355,0,0,1375,171.875
1764840137.9730988,1,1,4686,585.750
1764840137.9770977,0,0,3116,389.500
1764840137.981114,0,0,-1147,-143.375
1764840137.9851074,0,0,-1661,-207.625
1764840137.989097,0,0,1325,165.625
1764840137.993147,1,1,4706,588.250
1764840137.9971063,0,0,3386,423.250
1764840138.0011044,0,0,-1211,-151.375
1764840138.0050838,0,0,-1663,-207.875
1764840138.0090806,0,0,1099,137.375
1764840138.0130997,1,1,4618,577.250
1764840138.017098,0,0,3658,457.250
1764840138.021103,0,0,-1219,-152.375
1764840138.0250835,0,0,-1669,-208.625
1764840138.02908,0,0,1324,165.500
1764840138.0331125,1,1,4763,595.375
1764840138.0370991,0,0,3916,489.500
1764840138.0411184,0,0,-1213,-151.625
1764840138.0451546,0,0,-1670,-208.750
1764840138.049125,0,0,1033,129.125
1764840138.0530972,1,1,4616,577.000
1764840138.0570927,0,0,4098,512.250
1764840138.0611353,0,0,-1236,-154.500
1764840138.0651772,0,0,-1677,-209.625
1764840138.0691476,0,0,1301,162.625
1764840138.0731106,1,1,4783,597.875
1764840138.0771072,0,0,4349,543.625
1764840138.0811229,0,0,-1118,-139.750
1764840138.0850918,0,0,-1601,-200.125
1764840138.0890954,0,0,451,56.375
1764840138.093153,1,1,4272,534.000
1764840138.0971227,0,0,4579,572.375
1764840138.1010985,0,0,-1250,-156.250
1764840138.1051013,0,0,-1732,-216.500
1764840138.1090991,0,0,1417,177.125
1764840138.113103,1,1,4850,606.250
1764840138.1170807,0,0,4861,607.625
1764840138.1211,0,0,-1085,-135.625
1764840138.1251004,0,0,-1680,-210.000
1764840138.129099,0,0,841,105.125
1764840138.133091,1,1,4508,563.500
1764840138.1370785,0,0,4934,616.750
1764840138.1410975,0,0,-1029,-128.625
1764840138.1450953,0,0,-1681,-210.125
1764840138.1490965,0,0,809,101.125
1764840138.1531005,1,1,4487,560.875
1764840138.1570933,0,0,5160,645.000
1764840138.1611032,0,0,-1012,-126.500
1764840138.1650949,0,0,-1724,-215.500
1764840138.169098,0,0,917,114.625
1764840138.1731224,1,1,4534,566.750
1764840138.1771467,0,0,5358,669.750
1764840138.1811662,0,0,-1099,-137.375
1764840138.1850944,0,0,-1494,-186.750
1764840138.1890814,0,0,1917,239.625
1764840138.1931002,1,1,5035,629.375
1764840138.1970994,0,0,5527,690.875
1764840138.201127,0,0,-960,-120.000
1764840138.2050834,0,0,-1390,-173.750
1764840138.2090755,0,0,1998,249.750
1764840138.2131002,1,1,5010,626.250
1764840138.217095,0,0,5561,695.125
1764840138.22115,0,0,-885,-110.625
1764840138.2251217,0,0,-1454,-181.750
1764840138.2290971,0,0,1908,238.500
1764840138.2330863,1,1,4906,613.250
1764840138.2370796,0,0,5476,684.500
1764840138.2411146,0,0,-732,-91.500
1764840138.245465,0,0,-1635,-204.375
1764840138.2492003,0,0,475,59.375
1764840138.253115,1,1,4083,510.375
1764840138.2570934,0,0,5458,682.250
1764840138.2611434,0,0,-618,-77.250
1764840138.2709045,0,0,-167,-20.875
1764840138.2731054,1,1,3630,453.750
1764840138.2770805,0,0,5504,688.000
1764840138.2811427,0,0,-597,-74.625
1764840138.285106,0,0,-1897,-237.125
1764840138.289078,0,0,1252,156.500
1764840138.2930882,1,1,4535,566.875
1764840138.2970812,0,0,5808,726.000
1764840138.3010828,0,0,-347,-43.375
1764840138.305097,0,0,-2018,-252.250
1764840138.3090951,0,0,944,118.000
1764840138.3131807,1,1,4283,535.375
1764840138.317107,0,0,5771,721.375
1764840138.3210988,0,0,98,12.250
1764840138.3250954,0,0,-1136,-142.000
1764840138.329093,0,0,2040,255.000
1764840138.3331575,1,1,4800,600.000
1764840138.3371012,0,0,5791,723.875
1764840138.3410974,0,0,-240,-30.000
1764840138.345094,0,0,-2070,-258.750
1764840138.3490937,0,0,689,86.125
1764840138.353095,1,1,4033,504.125
1764840138.3570907,0,0,5653,706.625
1764840138.361099,0,0,-149,-18.625
1764840138.3650956,0,0,-1569,-196.125
1764840138.3690934,0,0,73,9.125
1764840138.3730936,1,1,3641,455.125
1764840138.3770924,0,0,5639,704.875
1764840138.3811176,0,0,41,5.125
1764840138.3851366,0,0,-1269,-158.625
1764840138.3891203,0,0,-726,-90.750
1764840138.3930926,1,1,3007,375.875
1764840138.397079,0,0,5534,691.750
1764840138.401095,0,0,454,56.750
1764840138.4050963,0,0,-2160,-270.000
1764840138.4090967,0,0,201,25.125
1764840138.413089,1,1,3687,460.875
1764840138.4170783,0,0,5748,718.500
1764840138.4211767,0,0,693,86.625
1764840138.4250946,0,0,-2048,-256.000
1764840138.4290795,0,0,758,94.750
1764840138.4331021,1,1,4023,502.875
1764840138.4370942,0,0,5816,727.000
1764840138.4411004,0,0,792,99.000
1764840138.445079,0,0,-2200,-275.000
1764840138.4490788,0,0,343,42.875
1764840138.453159,1,1,3710,463.750
1764840138.457105,0,0,5704,713.000
1764840138.461094,0,0,878,109.750
1764840138.4650939,0,0,-1750,-218.750
1764840138.4691644,0,0,-300,-37.500
1764840138.4731374,1,1,3247,405.875
1764840138.4770806,0,0,5585,698.125
1764840138.4810944,0,0,1142,142.750
1764840138.4850924,0,0,-2152,-269.000
1764840138.4890933,0,0,-121,-15.125
1764840138.4931476,1,1,3356,419.500
1764840138.49709,0,0,5595,699.375
1764840138.5010967,0,0,1052,131.500
1764840138.5050936,0,0,-1332,-166.500
1764840138.5090926,0,0,-819,-102.375
1764840138.5131488,1,1,2824,353.000
1764840138.5170887,0,0,5487,685.875
1764840138.521098,0,0,1219,152.375
1764840138.5250928,0,0,-951,-118.875
1764840138.5290914,0,0,-1566,-195.750
1764840138.5330954,1,1,1922,240.250
1764840138.5370905,0,0,5180,647.500
1764840138.5410936,0,0,1553,194.125
1764840138.54509,0,0,-1194,-149.250
1764840138.5490887,0,0,-1224,-153.000
1764840138.5531447,1,1,2446,305.750
1764840138.5570889,0,0,5469,683.625
1764840138.5610983,0,0,1853,231.625
1764840138.5650918,0,0,-1074,-134.250
1764840138.5690901,0,0,-1596,-199.500
1764840138.5731196,1,1,5251,656.375
1764840138.5770779,0,0,1994,249.250
1764840138.581095,0,0,-1083,-135.375
1764840138.5850916,0,0,-1656,-207.000
1764840138.5890856,0,0,888,111.000
1764840138.5930877,1,1,4762,595.250
1764840138.5970902,0,0,2402,300.250
1764840138.6011002,0,0,-1283,-160.375
1764840138.6050906,0,0,-1486,-185.750
1764840138.6090872,0,0,2160,270.000
1764840138.613096,1,1,5513,689.125
1764840138.6171482,0,0,2865,358.125
1764840138.6211057,0,0,-1516,-189.500
1764840138.6250737,0,0,-1341,-167.625
1764840138.6290731,0,0,2355,294.375
1764840138.6330936,1,1,5604,700.500
1764840138.6370876,0,0,3103,387.875
1764840138.6411471,0,0,-1261,-157.625
1764840138.645088,0,0,-1647,-205.875
1764840138.6490748,0,0,1679,209.875
1764840138.653092,1,1,5267,658.375
1764840138.657087,0,0,3319,414.875
1764840138.6611068,0,0,-1419,-177.375
1764840138.6650763,0,0,-1572,-196.500
1764840138.669159,0,0,2005,250.625
1764840138.6732006,1,1,5438,679.750
1764840138.6771102,0,0,3644,455.500
1764840138.681093,0,0,-1364,-170.500
1764840138.6850765,0,0,-1637,-204.625
1764840138.6890755,0,0,1807,225.875
1764840138.693102,1,1,5322,665.250
1764840138.6970875,0,0,3767,470.875
1764840138.7011428,0,0,-1315,-164.375
1764840138.7051222,0,0,-1678,-209.750
1764840138.7090907,0,0,1474,184.250
1764840138.7130876,1,1,5143,642.875
1764840138.7170732,0,0,3948,493.500
1764840138.7210884,0,0,-1273,-159.125
1764840138.7250903,0,0,-1675,-209.375
1764840138.7290897,0,0,1067,133.375
1764840138.7330818,1,1,4903,612.875
1764840138.7370691,0,0,4124,515.500
1764840138.741133,0,0,-1280,-160.000
1764840138.7450862,0,0,-1694,-211.750
1764840138.749075,0,0,1276,159.500
1764840138.753093,1,1,5034,629.250
1764840138.7570915,0,0,4395,549.375
1764840138.7610905,0,0,-1232,-154.000
1764840138.7650738,0,0,-1702,-212.750
1764840138.7690732,0,0,1282,160.250
1764840138.773131,1,1,5029,628.625
1764840138.777092,0,0,4590,573.750
1764840138.7810895,0,0,-1262,-157.750
1764840138.7851284,0,0,-1717,-214.625
1764840138.7891161,0,0,1246,155.750
1764840138.7930865,1,1,4994,624.250
1764840138.797073,0,0,4788,598.500
1764840138.8011382,0,0,-1152,-144.000
1764840138.8050997,0,0,-1692,-211.500
1764840138.809088,0,0,883,110.375
1764840138.8130906,1,1,4751,593.875
1764840138.8170865,0,0,4917,614.625
1764840138.8210914,0,0,-1198,-149.750
1764840138.8250828,0,0,-1733,-216.625
1764840138.829082,0,0,1115,139.375
1764840138.8331487,1,1,4888,611.000
1764840138.837096,0,0,5153,644.125
1764840138.841093,0,0,-1264,-158.000
1764840138.8450854,0,0,-1823,-227.875
1764840138.849083,0,0,1374,171.750
1764840138.853091,1,1,5017,627.125
1764840138.8570888,0,0,5323,665.375
1764840138.86109,0,0,-1046,-130.750
1764840138.8650706,0,0,-1686,-210.750
1764840138.869154,0,0,700,87.500
1764840138.8730972,1,1,4572,571.500
1764840138.8771448,0,0,5375,671.875
1764840138.881101,0,0,-1171,-146.375
1764840138.8850732,0,0,-1892,-236.500
1764840138.889071,0,0,1292,161.500
1764840138.8931446,1,1,4920,615.000
1764840138.8970985,0,0,5588,698.500
1764840138.901093,0,0,-1051,-131.375
1764840138.9050725,0,0,-1881,-235.125
1764840138.9090683,0,0,1115,139.375
1764840138.9130864,1,1,4779,597.375
1764840138.9170866,0,0,5645,705.625
1764840138.9210904,0,0,-812,-101.500
1764840138.9250722,0,0,-1646,-205.750
1764840138.929065,0,0,438,54.750
1764840138.9330926,1,1,4312,539.000
1764840138.9371269,0,0,5659,707.375
1764840138.941107,0,0,-825,-103.125
1764840138.9450724,0,0,-1786,-223.250
1764840138.949069,0,0,730,91.250
1764840138.9530883,1,1,4493,561.625
1764840138.9570835,0,0,5810,726.250
1764840138.9611118,0,0,-658,-82.250
1764840138.9651294,0,0,-1644,-205.500
1764840138.969094,0,0,321,40.125
1764840138.9730804,1,1,4189,523.625
1764840138.97711,0,0,5840,730.000
1764840138.981136,0,0,-563,-70.375
1764840138.9851012,0,0,-1633,-204.125
1764840138.9890828,0,0,234,29.250
1764840138.9930866,1,1,4109,513.625
1764840138.997084,0,0,5923,740.375
1764840139.0010839,0,0,-436,-54.500
1764840139.0050714,0,0,-1636,-204.500
1764840139.0090706,0,0,162,20.250
1764840139.0130885,1,1,4038,504.750
1764840139.0170822,0,0,5986,748.250
1764840139.0210838,0,0,-281,-35.125
1764840139.025085,0,0,-1557,-194.625
1764840139.029084,0,0,-58,-7.250
1764840139.0330892,1,1,3855,481.875
1764840139.0371335,0,0,6009,751.125
1764840139.041092,0,0,-122,-15.250
1764840139.0450685,0,0,-1729,-216.125
1764840139.04907,0,0,107,13.375
1764840139.053073,1,1,3964,495.500
1764840139.057069,0,0,6110,763.750
1764840139.0610673,0,0,46,5.750
1764840139.0650675,0,0,-1421,-177.625
1764840139.0691574,0,0,-519,-64.875
1764840139.0730917,1,1,3437,429.625
1764840139.077108,0,0,5999,749.875
1764840139.081071,0,0,242,30.250
1764840139.0850675,0,0,-1540,-192.500
1764840139.0890682,0,0,-395,-49.375
1764840139.0931516,1,1,3536,442.000
1764840139.0971007,0,0,6116,764.500
1764840139.1010914,0,0,559,69.875
1764840139.105068,0,0,-1774,-221.750
1764840139.1090658,0,0,-309,-38.625
1764840139.1130958,1,1,3591,448.875
1764840139.1170893,0,0,6165,770.625
1764840139.1210878,0,0,710,88.750
1764840139.1250684,0,0,-1580,-197.500
1764840139.1290658,0,0,-630,-78.750
1764840139.133148,1,1,3294,411.750
1764840139.1370933,0,0,6097,762.125
1764840139.1410909,0,0,976,122.000
1764840139.1450686,0,0,-2060,-257.500
1764840139.1490664,0,0,-248,-31.000
1764840139.1530848,1,1,3610,451.250
1764840139.1570857,0,0,6224,778.000
1764840139.161102,0,0,1085,135.625
1764840139.1651556,0,0,-1560,-195.000
1764840139.1690953,0,0,-818,-102.250
1764840139.1730716,1,1,3084,385.500
1764840139.177102,0,0,6049,756.125
1764840139.18109,0,0,1321,165.125
1764840139.1850863,0,0,-1677,-209.625
1764840139.189083,0,0,-783,-97.875
1764840139.1931396,1,1,3106,388.250
1764840139.197083,0,0,6079,759.875
1764840139.2010963,0,0,1588,198.500
1764840139.205086,0,0,-1664,-208.000
1764840139.209083,0,0,-904,-113.000
1764840139.2130754,1,1,2967,370.875
1764840139.2170773,0,0,6028,753.500
1764840139.221085,0,0,-1539,-192.375
1764840139.225082,0,0,-1111,-138.875
1764840139.22908,0,0,2743,342.875
1764840139.233088,1,1,5953,744.125
1764840139.237225,0,0,1966,245.750
1764840139.241122,0,0,-1283,-160.375
1764840139.2454667,0,0,-1507,-188.375
1764840139.2491887,0,0,2211,276.375
1764840139.2531781,1,1,5722,715.250
1764840139.2570934,0,0,2096,262.000
1764840139.261086,0,0,-1180,-147.500
1764840139.265082,0,0,-1678,-209.750
1764840139.2744575,1,1,5287,660.875
1764840139.277097,0,0,2555,319.375
1764840139.2810926,0,0,-2214,-276.750
1764840139.285084,0,0,-597,-74.625
1764840139.2890832,0,0,3245,405.625
1764840139.2931612,1,1,6231,778.875
1764840139.2970948,0,0,2894,361.750
1764840139.301089,0,0,-2158,-269.750
1764840139.305084,0,0,-904,-113.000
1764840139.3090844,0,0,2931,366.375
1764840139.3131676,1,1,6066,758.250
1764840139.3170948,0,0,3023,377.875
1764840139.321086,0,0,-1521,-190.125
1764840139.3250813,0,0,-1452,-181.500
1764840139.3290799,0,0,2273,284.125
1764840139.333081,1,1,5739,717.375
1764840139.3370779,0,0,3187,398.375
1764840139.3410807,0,0,-1542,-192.750
1764840139.3450785,0,0,-1467,-183.375
1764840139.3491178,0,0,2237,279.625
1764840139.3531156,1,1,5701,712.625
1764840139.3570826,0,0,3377,422.125
1764840139.3610785,0,0,-1514,-189.250
1764840139.3650794,0,0,-1512,-189.000
1764840139.3690825,0,0,2162,270.250
1764840139.373152,1,1,5656,707.000
1764840139.3770947,0,0,3608,451.000
1764840139.3811224,0,0,-1382,-172.750
1764840139.385077,0,0,-1642,-205.250
1764840139.3890777,0,0,1876,234.500
1764840139.393083,1,1,5487,685.875
1764840139.3970826,0,0,3840,480.000
1764840139.4010785,0,0,-1986,-248.250
1764840139.4050648,0,0,-1205,-150.625
1764840139.4090648,0,0,2534,316.750
1764840139.4131558,1,1,5784,723.000
1764840139.4170983,0,0,4003,500.375
1764840139.4210868,0,0,-1386,-173.250
1764840139.425062,0,0,-1684,-210.500
1764840139.4290624,0,0,1677,209.625
1764840139.4330828,1,1,5319,664.875
1764840139.4370825,0,0,4145,518.125
1764840139.4410803,0,0,-1401,-175.125
1764840139.4450624,0,0,-1684,-210.500
1764840139.4490626,0,0,1765,220.625
1764840139.453082,1,1,5347,668.375
1764840139.457085,0,0,4319,539.875
1764840139.4610863,0,0,-1346,-168.250
1764840139.4650786,0,0,-1710,-213.750
1764840139.4690778,0,0,1565,195.625
1764840139.4731612,1,1,5217,652.125
1764840139.4770935,0,0,4494,561.750
1764840139.4811077,0,0,-1325,-165.625
1764840139.485088,0,0,-1726,-215.750
1764840139.4890795,0,0,1529,191.125
1764840139.4930785,1,1,5176,647.000
1764840139.4970813,0,0,4680,585.000
1764840139.501083,0,0,-1270,-158.750
1764840139.5050645,0,0,-1726,-215.750
1764840139.5090616,0,0,1281,160.125
1764840139.5130794,1,1,5013,626.625
1764840139.5170798,0,0,4848,606.000
1764840139.5210886,0,0,-1247,-155.875
1764840139.5250823,0,0,-1751,-218.875
1764840139.529077,0,0,1308,163.500
1764840139.533084,1,1,5007,625.875
1764840139.5370808,0,0,5020,627.500
1764840139.5410864,0,0,-1193,-149.125
1764840139.5450933,0,0,-1749,-218.625
1764840139.5490854,0,0,1176,147.000
1764840139.5530622,1,1,4905,613.125
1764840139.5570626,0,0,5171,646.375
1764840139.5610833,0,0,-1199,-149.875
1764840139.5650818,0,0,-1798,-224.750
1764840139.5690804,0,0,1263,157.875
1764840139.5730717,1,1,4933,616.625
1764840139.5770626,0,0,5311,663.875
1764840139.5810807,0,0,-1018,-127.250
1764840139.5850856,0,0,-1720,-215.000
1764840139.5890825,0,0,835,104.375
1764840139.5930865,1,1,4642,580.250
1764840139.597078,0,0,5395,674.375
1764840139.6010828,0,0,-1060,-132.500
1764840139.6050773,0,0,-1806,-225.750
1764840139.6090782,0,0,1051,131.375
1764840139.6130836,1,1,4756,594.500
1764840139.6170743,0,0,5539,692.375
1764840139.6210809,0,0,-968,-121.000
1764840139.625077,0,0,-1766,-220.750
1764840139.6290765,0,0,849,106.125
1764840139.63308,1,1,4605,575.625
1764840139.63708,0,0,5613,701.625
1764840139.641084,0,0,-786,-98.250
1764840139.6450768,0,0,-1629,-203.625
1764840139.6490765,0,0,374,46.750
1764840139.6530824,1,1,4264,533.000
1764840139.6570783,0,0,5679,709.875
1764840139.66108,0,0,-797,-99.625
1764840139.665073,0,0,-1783,-222.875
1764840139.6690764,0,0,692,86.500
1764840139.673163,1,1,4466,558.250
1764840139.677092,0,0,5830,728.750
1764840139.681119,0,0,-662,-82.750
1764840139.6850603,0,0,-1686,-210.750
1764840139.6890626,0,0,405,50.625
1764840139.6930783,1,1,4246,530.750
1764840139.6970742,0,0,5871,733.875
1764840139.7010796,0,0,-545,-68.125
1764840139.7050588,0,0,-1646,-205.750
1764840139.7090576,0,0,247,30.875
1764840139.7130787,1,1,4113,514.125
1764840139.7170796,0,0,5917,739.625
1764840139.7210824,0,0,-419,-52.375
1764840139.7250762,0,0,-1601,-200.125
1764840139.7290752,0,0,80,10.000
1764840139.73308,1,1,3976,497.000
1764840139.7370758,0,0,5972,746.500
1764840139.7410836,0,0,-277,-34.625
1764840139.7450733,0,0,-1593,-199.125
1764840139.7490726,0,0,-12,-1.500
1764840139.7530787,1,1,3890,486.250
1764840139.757077,0,0,6024,753.000
1764840139.7610776,0,0,-130,-16.250
1764840139.7650733,0,0,-1496,-187.000
1764840139.7690744,0,0,-298,-37.250
1764840139.7730842,1,1,3641,455.125
1764840139.7770872,0,0,6020,752.500
1764840139.781115,0,0,71,8.875
1764840139.7850604,0,0,-1629,-203.625
1764840139.7890575,0,0,-202,-25.250
1764840139.793075,1,1,3709,463.625
1764840139.7970767,0,0,6113,764.125
1764840139.801079,0,0,303,37.875
1764840139.8050601,0,0,-1634,-204.250
1764840139.8090565,0,0,-297,-37.125
1764840139.813076,1,1,3617,452.125
1764840139.8170748,0,0,6144,768.000
1764840139.821083,0,0,611,76.375
1764840139.8250737,0,0,-2226,-278.250
1764840139.829073,0,0,303,37.875
1764840139.833078,1,1,4054,506.750
1764840139.8370728,0,0,6294,786.750
1764840139.841073,0,0,662,82.750
1764840139.845076,0,0,-1379,-172.375
1764840139.849073,0,0,-878,-109.750
1764840139.8530648,1,1,3044,380.500
1764840139.8570578,0,0,5976,747.000
1764840139.8610778,0,0,913,114.125
1764840139.8650715,0,0,-1769,-221.125
1764840139.869073,0,0,-479,-59.875
1764840139.8731723,1,1,6153,769.125
1764840139.877088,0,0,1119,139.875
1764840139.8810785,0,0,-1832,-229.000
1764840139.8850987,0,0,-496,-62.000
1764840139.8890622,0,0,3382,422.750
1764840139.8930764,1,1,6163,770.375
1764840139.8970737,0,0,1161,145.125
1764840139.9010768,0,0,-1062,-132.750
1764840139.9050589,0,0,-1671,-208.875
1764840139.9090595,0,0,1627,203.375
1764840139.9130788,1,1,5369,671.125
1764840139.9170737,0,0,1529,191.125
1764840139.9210842,0,0,-1996,-249.500
1764840139.9250772,0,0,-602,-75.250
1764840139.929078,0,0,3286,410.750
1764840139.9330776,1,1,6217,777.125
1764840139.9370728,0,0,1882,235.250
1764840139.9410784,0,0,-1567,-195.875
1764840139.9450715,0,0,-1143,-142.875
1764840139.949076,0,0,2718,339.750
1764840139.953081,1,1,5979,747.375
1764840139.9570754,0,0,2119,264.875
1764840139.9610746,0,0,-1631,-203.875
1764840139.9650726,0,0,-1111,-138.875
1764840139.9690757,0,0,2744,343.000
1764840139.9730785,1,1,5993,749.125
1764840139.9770744,0,0,2346,293.250
1764840139.981078,0,0,-1707,-213.375
1764840139.9850864,0,0,-1134,-141.750
1764840139.9890747,0,0,2707,338.375
1764840139.9930837,1,1,5974,746.750
1764840139.9970782,0,0,2559,319.875
1764840140.0010743,0,0,-1810,-226.250
1764840140.0050557,0,0,-1090,-136.250
1764840140.0090547,0,0,2741,342.625
1764840140.013075,1,1,5976,747.000
1764840140.0170743,0,0,2753,344.125
1764840140.0210743,0,0,-1392,-174.000
1764840140.0250552,0,0,-1549,-193.625
1764840140.029055,0,0,2118,264.750
1764840140.0330765,1,1,5669,708.625
1764840140.037074,0,0,2946,368.250
1764840140.041078,0,0,-1458,-182.250
1764840140.0450702,0,0,-1526,-190.750
1764840140.0490704,0,0,2157,269.625
1764840140.05306,1,1,5687,710.875
1764840140.057053,0,0,3202,400.250
1764840140.0610714,0,0,-1440,-180.000
1764840140.06507,0,0,-1607,-200.875
1764840140.0690668,0,0,1985,248.125
1764840140.0731604,1,1,5593,699.125
1764840140.077087,0,0,3403,425.375
1764840140.0810807,0,0,-1449,-181.125
1764840140.0850923,0,0,-1590,-198.750
1764840140.0890524,0,0,2034,254.250
1764840140.0930717,1,1,5612,701.500
1764840140.0970724,0,0,3629,453.625
1764840140.1010768,0,0,-1383,-172.875
1764840140.1050572,0,0,-1674,-209.250
1764840140.1090522,0,0,1719,214.875
1764840140.1130722,1,1,5426,678.250
1764840140.1170702,0,0,3824,478.000
1764840140.1210818,0,0,-1407,-175.875
1764840140.1250718,0,0,-1669,-208.625
1764840140.129088,0,0,1810,226.250
1764840140.133088,1,1,5465,683.125
1764840140.1370747,0,0,4043,505.375
1764840140.141071,0,0,-1399,-174.875
1764840140.1450572,0,0,-1688,-211.000
1764840140.149056,0,0,1757,219.625
1764840140.15307,1,1,5415,676.875
1764840140.1570706,0,0,4225,528.125
1764840140.161076,0,0,-1269,-158.625
1764840140.165058,0,0,-1701,-212.625
1764840140.1690564,0,0,1232,154.000
1764840140.1730723,1,1,5096,637.000
1764840140.1770663,0,0,4389,548.625
1764840140.1810746,0,0,-1324,-165.500
1764840140.185072,0,0,-1730,-216.250
1764840140.189084,0,0,1483,185.375
1764840140.1930735,1,1,5234,654.250
1764840140.1970685,0,0,4636,579.500
1764840140.2010736,0,0,-1386,-173.250
1764840140.2050748,0,0,-1753,-219.125
1764840140.2090693,0,0,1604,200.500
1764840140.2130747,1,1,5282,660.250
1764840140.2170694,0,0,4817,602.125
1764840140.221075,0,0,-1242,-155.250
1764840140.2250679,0,0,-1746,-218.250
1764840140.2290711,0,0,1278,159.750
1764840140.2330747,1,1,5060,632.500
1764840140.2370691,0,0,4941,617.625
1764840140.2410822,0,0,-1152,-144.000
1764840140.2454407,0,0,-1721,-215.125
1764840140.249177,0,0,985,123.125
1764840140.253087,1,1,4861,607.625
1764840140.2570705,0,0,5083,635.375
1764840140.2610717,0,0,-1164,-145.500
1764840140.2650697,0,0,-1744,-218.000
1764840140.2690685,0,0,1028,128.500
1764840140.2784617,0,0,5295,661.875
1764840140.2810967,0,0,-1240,-155.000
1764840140.2850718,0,0,-1868,-233.500
1764840140.289068,0,0,1288,161.000
1764840140.293072,1,1,5002,625.250
1764840140.2970715,0,0,5410,676.250
1764840140.3010685,0,0,-1034,-129.250
1764840140.305063,0,0,-1712,-214.000
1764840140.309067,0,0,719,89.875
1764840140.3130772,1,1,4617,577.125
1764840140.3170748,0,0,5451,681.375
1764840140.3210793,0,0,-996,-124.500
1764840140.3250678,0,0,-1754,-219.250
1764840140.3290706,0,0,809,101.125
1764840140.333076,1,1,4658,582.250
1764840140.3370717,0,0,5620,702.500
1764840140.3410716,0,0,-926,-115.750
1764840140.3450704,0,0,-1786,-223.250
1764840140.3490665,0,0,794,99.250
1764840140.353073,1,1,4624,578.000
1764840140.3570697,0,0,5751,718.875
1764840140.3610735,0,0,-884,-110.500
1764840140.365069,0,0,-1971,-246.375
1764840140.3690686,0,0,983,122.875
1764840140.3730595,1,1,4714,589.250
1764840140.3770552,0,0,5870,733.750
1764840140.3810675,0,0,-712,-89.000
1764840140.3850713,0,0,-1696,-212.000
1764840140.3891027,0,0,425,53.125
1764840140.3930712,1,1,4314,539.250
1764840140.3970692,0,0,5870,733.750
1764840140.4010727,0,0,-641,-80.125
1764840140.4050834,0,0,-1751,-218.875
1764840140.4090717,0,0,482,60.250
1764840140.4130602,1,1,4330,541.250
1764840140.4170496,0,0,5991,748.875
1764840140.4210696,0,0,-455,-56.875
1764840140.4250698,0,0,-2076,-259.500
1764840140.4290676,0,0,857,107.125
1764840140.4330573,1,1,4548,568.500
1764840140.4370484,0,0,6111,763.875
1764840140.4410653,0,0,-328,-41.000
1764840140.4450696,0,0,-1964,-245.500
1764840140.4490676,0,0,487,60.875
1764840140.4530673,1,1,4263,532.875
1764840140.4570615,0,0,6111,763.875
1764840140.4610674,0,0,-82,-10.250
1764840140.4650686,0,0,-2058,-257.250
1764840140.4690664,0,0,911,113.875
1764840140.4730682,1,1,4505,563.125
1764840140.4771502,0,0,6224,778.000
1764840140.4810822,0,0,200,25.000
1764840140.4850526,0,0,-1759,-219.875
1764840140.4890876,0,0,1384,173.000
1764840140.4930685,1,1,4725,590.625
1764840140.4970675,0,0,6263,782.875
1764840140.5010693,0,0,448,56.000
1764840140.5050488,0,0,-1540,-192.500
1764840140.5090513,0,0,1599,199.875
1764840140.5130703,1,1,4775,596.875
1764840140.5170665,0,0,6222,777.750
1764840140.5210748,0,0,372,46.500
1764840140.5250678,0,0,837,104.625
1764840140.52907,0,0,4276,534.500
1764840140.5330727,1,1,6095,761.875
1764840140.537065,0,0,559,69.875
1764840140.5410655,0,0,-2003,-250.375
1764840140.5450654,0,0,889,111.125
1764840140.5490675,0,0,4255,531.875
1764840140.553055,1,1,6059,757.375
1764840140.5570521,0,0,971,121.375
1764840140.5610576,0,0,-1667,-208.375
1764840140.5650725,0,0,1173,146.625
1764840140.569075,0,0,4302,537.750
1764840140.5730596,1,1,5988,748.500
1764840140.5770516,0,0,1332,166.500
1764840140.581062,0,0,-1008,-126.000
1764840140.5850673,0,0,1811,226.375
1764840140.5890646,0,0,4559,569.875
1764840140.5930767,1,1,5947,743.375
1764840140.597051,0,0,1613,201.625
1764840140.6010613,0,0,-1046,-130.750
1764840140.6050649,0,0,1464,183.000
1764840140.6090648,0,0,4182,522.750
1764840140.6130722,1,1,5709,713.625
1764840140.6170688,0,0,1862,232.750
1764840140.6210673,0,0,-792,-99.000
1764840140.6250627,0,0,1531,191.375
1764840140.6290646,0,0,4075,509.375
1764840140.633072,1,1,5544,693.000
1764840140.6370654,0,0,2173,271.625
1764840140.6410651,0,0,-40,-5.000
1764840140.6450653,0,0,2220,277.500
1764840140.6490645,0,0,4337,542.125
1764840140.6530657,1,1,5461,682.625
1764840140.6570635,0,0,2412,301.500
1764840140.6610675,0,0,379,47.375
1764840140.6650662,0,0,2484,310.500
1764840140.6690624,0,0,4333,541.625
1764840140.673064,1,1,5290,661.250
1764840140.6771488,0,0,2370,296.250
1764840140.681084,0,0,126,15.750
1764840140.6850543,0,0,2172,271.500
1764840140.6890457,0,0,4079,509.875
1764840140.693102,1,1,5114,639.250
1764840140.6970682,0,0,2413,301.625
1764840140.7010763,0,0,3,0.375
1764840140.705049,0,0,1976,247.000
1764840140.7090454,0,0,3889,486.125
1764840140.713065,1,1,4954,619.250
1764840140.7170653,0,0,2778,347.250
1764840140.7210724,0,0,922,115.250
1764840140.725067,0,0,2813,351.625
1764840140.729067,0,0,4222,527.750
1764840140.733066,1,1,4862,607.750
1764840140.7370627,0,0,2676,334.500
1764840140.741065,0,0,833,104.125
1764840140.7450671,0,0,2789,348.625
1764840140.7490652,0,0,4173,521.625
1764840140.7530665,1,1,4746,593.250
1764840140.7570615,0,0,2645,330.625
1764840140.7610676,0,0,422,52.750
1764840140.7650645,0,0,2221,277.625
1764840140.7690647,0,0,3750,468.750
1764840140.7730656,1,1,4509,563.625
1764840140.777064,0,0,2658,332.250
1764840140.781065,0,0,397,49.625
1764840140.785065,0,0,2201,275.125
1764840140.789063,0,0,3697,462.125
1764840140.793083,1,1,4395,549.375
1764840140.7970603,0,0,2807,350.875
1764840140.8010592,0,0,890,111.250
1764840140.8050473,0,0,2661,332.625
1764840140.8090482,0,0,3863,482.875
1764840140.813052,1,1,4294,536.750
1764840140.8170507,0,0,2770,346.250
1764840140.821043,0,0,827,103.375
1764840140.8250577,0,0,2519,314.875
1764840140.8290467,0,0,3692,461.500
1764840140.8330657,1,1,4119,514.875
1764840140.8370597,0,0,2746,343.250
1764840140.841071,0,0,768,96.000
1764840140.8450453,0,0,2443,305.375
1764840140.849047,0,0,3596,449.500
1764840140.8530645,1,1,3988,498.500
1764840140.8570645,0,0,2764,345.500
1764840140.8610606,0,0,924,115.500
1764840140.8650603,0,0,2635,329.375
1764840140.8690605,0,0,3671,458.875
1764840140.8730662,1,1,3908,488.500
1764840140.87715,0,0,2602,325.250
1764840140.8810782,0,0,203,25.375
1764840140.885049,0,0,1768,221.000
1764840140.8890448,0,0,3114,389.250
1764840140.893061,1,1,3667,458.375
1764840140.8971016,0,0,2656,332.000
1764840140.9010596,0,0,656,82.000
1764840140.905059,0,0,2404,300.500
1764840140.9090571,0,0,3501,437.625
1764840140.9130664,1,1,3702,462.750
1764840140.9170618,0,0,2591,323.875
1764840140.9210813,0,0,394,49.250
1764840140.92506,0,0,2088,261.000
1764840140.92906,0,0,3279,409.875
1764840140.9330666,1,1,3556,444.500
1764840140.937074,0,0,2504,313.000
1764840140.9410622,0,0,-42,-5.250
1764840140.94506,0,0,1541,192.625
1764840140.9490576,0,0,2921,365.125
1764840140.9530718,1,1,3382,422.750
1764840140.9570606,0,0,2351,293.875
1764840140.961076,0,0,-906,-113.250
1764840140.9650736,0,0,527,65.875
1764840140.9690628,0,0,2327,290.875
1764840140.9730518,1,1,3189,398.625
1764840140.9770563,0,0,2560,320.000
1764840140.981059,0,0,-440,-55.000
1764840140.9850626,0,0,807,100.875
1764840140.9890585,0,0,2363,295.375
1764840140.9930627,1,1,3069,383.625
1764840140.9970574,0,0,2366,295.750
1764840141.0010622,0,0,-1085,-135.625
1764840141.0050626,0,0,232,29.000
1764840141.0090635,0,0,2123,265.375
1764840141.0130646,1,1,3033,379.125
1764840141.0170593,0,0,2455,306.875
1764840141.0210595,0,0,-1216,-152.000
1764840141.0250628,0,0,-117,-14.625
1764840141.0290613,0,0,1848,231.000
1764840141.0330634,1,1,2885,360.625
1764840141.0370588,0,0,2386,298.250
1764840141.0410624,0,0,-1944,-243.000
1764840141.0450609,0,0,-1469,-183.625
1764840141.0490606,0,0,845,105.625
1764840141.0530498,1,1,2535,316.875
1764840141.0570421,0,0,2585,323.125
1764840141.0610569,0,0,-1518,-189.750
1764840141.0650616,0,0,-1027,-128.375
1764840141.0690587,0,0,1126,140.750
1764840141.0730639,1,1,2571,321.375
1764840141.0771427,0,0,2595,324.375
1764840141.0810757,0,0,-1520,-190.000
1764840141.085049,0,0,-1143,-142.875
1764840141.0890481,0,0,1034,129.250
1764840141.093061,1,1,2514,314.250
1764840141.0970953,0,0,2632,329.000
1764840141.1010616,0,0,-1366,-170.750
1764840141.1050456,0,0,-969,-121.125
1764840141.109044,0,0,1174,146.750
1764840141.1130753,1,1,2545,318.125
1764840141.1170573,0,0,2677,334.625
1764840141.121068,0,0,-1305,-163.125
1764840141.1250393,0,0,-1096,-137.000
1764840141.1290421,0,0,1027,128.375
1764840141.133055,1,1,2443,305.375
1764840141.137066,0,0,2666,333.250
1764840141.1410637,0,0,-1501,-187.625
1764840141.1450582,0,0,-1698,-212.250
1764840141.1490567,0,0,476,59.500
1764840141.1530716,1,1,2202,275.250
1764840141.1570559,0,0,2710,338.750
1764840141.1610541,0,0,-1334,-166.750
1764840141.1650517,0,0,-1448,-181.000
1764840141.1690557,0,0,778,97.250
1764840141.1730592,1,1,2769,346.125
1764840141.1770542,0,0,-1321,-165.125
1764840141.1810524,0,0,-1977,-247.125
1764840141.185052,0,0,148,18.500
1764840141.1890533,0,0,2105,263.125
1764840141.1930609,1,1,2865,358.125
1764840141.1970894,0,0,-913,-114.125
1764840141.2010546,0,0,-1339,-167.375
1764840141.2050574,0,0,770,96.250
1764840141.2090538,0,0,2288,286.000
1764840141.2130597,1,1,2792,349.000
1764840141.217055,0,0,-1274,-159.250
1764840141.2210615,0,0,-1952,-244.000
1764840141.225066,0,0,249,31.125
1764840141.2290564,0,0,2127,265.875
1764840141.2330492,1,1,2903,362.875
1764840141.2370415,0,0,-1074,-134.250
1764840141.2410648,0,0,-2054,-256.750
1764840141.2454317,0,0,35,4.375
1764840141.2491646,0,0,2000,250.000
1764840141.25307,1,1,2922,365.250
1764840141.257053,0,0,-933,-116.625
1764840141.2610576,0,0,-1968,-246.000
1764840141.265056,0,0,-259,-32.375
1764840141.269055,0,0,1869,233.625
1764840141.273057,1,1,2974,371.750
1764840141.2824044,0,0,-2069,-258.625
1764840141.2850783,0,0,-308,-38.500
1764840141.289056,0,0,1847,230.875
1764840141.2930572,1,1,3015,376.875
1764840141.2970688,0,0,-632,-79.000
1764840141.3010645,0,0,-1776,-222.000
1764840141.3050563,0,0,-487,-60.875
1764840141.309058,0,0,1790,223.750
1764840141.3130662,1,1,3090,386.250
1764840141.3170555,0,0,-498,-62.250
1764840141.3210602,0,0,-1743,-217.875
1764840141.3250427,0,0,-480,-60.000
1764840141.329051,0,0,1839,229.875
1764840141.333061,1,1,3180,397.500
1764840141.3370552,0,0,-365,-45.625
1764840141.3410618,0,0,-1677,-209.625
1764840141.3450546,0,0,-538,-67.250
1764840141.349059,0,0,1849,231.125
1764840141.3530576,1,1,3255,406.875
1764840141.3570518,0,0,-184,-23.000
1764840141.3610597,0,0,-1443,-180.375
1764840141.3650572,0,0,-798,-99.750
1764840141.3690643,0,0,1795,224.375
1764840141.3730521,1,1,3409,426.125
1764840141.3770382,0,0,52,6.500
1764840141.3810568,0,0,-1227,-153.375
1764840141.385057,0,0,-1157,-144.625
1764840141.3890555,0,0,1596,199.500
1764840141.393049,1,1,3501,437.625
1764840141.3970375,0,0,311,38.875
1764840141.4011083,0,0,-1133,-141.625
1764840141.4050655,0,0,-1242,-155.250
1764840141.4090583,0,0,1623,202.875
1764840141.413062,1,1,3674,459.250
1764840141.4170666,0,0,513,64.125
1764840141.4210575,0,0,-1316,-164.500
1764840141.4250548,0,0,-1003,-125.375
1764840141.4290571,0,0,1819,227.375
1764840141.4330723,1,1,3762,470.250
1764840141.4370534,0,0,675,84.375
1764840141.4410574,0,0,-1192,-149.000
1764840141.4450536,0,0,-1166,-145.750
1764840141.4490678,0,0,1735,216.875
1764840141.453061,1,1,3826,478.250
1764840141.457058,0,0,941,117.625
1764840141.4610531,0,0,-1264,-158.000
1764840141.4650629,0,0,-1115,-139.375
1764840141.469054,0,0,1812,226.500
1764840141.4730613,1,1,3908,488.500
1764840141.477054,0,0,1155,144.375
1764840141.4811678,0,0,-1266,-158.250
1764840141.4850724,0,0,-1130,-141.250
1764840141.4890542,0,0,1867,233.375
1764840141.493052,1,1,4010,501.250
1764840141.4970384,0,0,1333,166.625
1764840141.5010526,0,0,-979,-122.375
1764840141.5050526,0,0,-1459,-182.375
1764840141.5090523,0,0,1612,201.500
1764840141.5130458,1,1,4038,504.750
1764840141.517039,0,0,1718,214.750
1764840141.5210588,0,0,-982,-122.750
1764840141.5250504,0,0,-1532,-191.500
1764840141.5290506,0,0,1560,195.000
1764840141.5330596,1,1,4099,512.375
1764840141.5370517,0,0,2068,258.500
1764840141.5410523,0,0,-1219,-152.375
1764840141.5450485,0,0,-1399,-174.875
1764840141.54905,0,0,1731,216.375
1764840141.5530431,1,1,4191,523.875
1764840141.5570357,0,0,2290,286.250
1764840141.5610552,0,0,-1302,-162.750
1764840141.5650563,0,0,-1407,-175.875
1764840141.5690517,0,0,1764,220.500
1764840141.5730526,1,1,4257,532.125
1764840141.5770488,0,0,2509,313.625
1764840141.5810528,0,0,-1133,-141.625
1764840141.5850515,0,0,-1620,-202.500
1764840141.589048,0,0,1438,179.750
1764840141.5930467,1,1,4196,524.500
1764840141.5970535,0,0,2843,355.375
1764840141.6010582,0,0,-1126,-140.750
1764840141.6050527,0,0,-1646,-205.750
1764840141.6090493,0,0,1359,169.875
1764840141.6130574,1,1,4202,525.250
1764840141.61705,0,0,3081,385.125
1764840141.6210525,0,0,-1135,-141.875
1764840141.62505,0,0,-1666,-208.250
1764840141.6290503,0,0,1071,133.875
1764840141.6330583,1,1,4128,516.000
1764840141.6370625,0,0,3387,423.375
1764840141.6410515,0,0,-1223,-152.875
1764840141.6450384,0,0,-1652,-206.500
1764840141.6490355,0,0,1384,173.000
1764840141.6530504,1,1,4307,538.375
1764840141.65705,0,0,3638,454.750
1764840141.661054,0,0,-1199,-149.875
1764840141.6650357,0,0,-1667,-208.375
1764840141.6690338,0,0,1304,163.000
1764840141.6730504,1,1,4287,535.875
1764840141.677051,0,0,3854,481.750
1764840141.6811619,0,0,-1196,-149.500
1764840141.6850698,0,0,-1677,-209.625
1764840141.6890547,0,0,1240,155.000
1764840141.693046,1,1,4273,534.125
1764840141.6970344,0,0,4056,507.000
1764840141.7010515,0,0,-1206,-150.750
1764840141.705059,0,0,-1686,-210.750
1764840141.7090526,0,0,1261,157.625
1764840141.7130444,1,1,4288,536.000
1764840141.7170343,0,0,4228,528.500
1764840141.7210503,0,0,-1098,-137.250
1764840141.7250504,0,0,-1675,-209.375
1764840141.7290504,0,0,958,119.750
1764840141.7330577,1,1,4153,519.125
1764840141.7370505,0,0,4437,554.625
1764840141.7410483,0,0,-1265,-158.125
1764840141.7450473,0,0,-1711,-213.875
1764840141.7490513,0,0,1446,180.750
1764840141.7530541,1,1,4386,548.250
1764840141.757049,0,0,4544,568.000
1764840141.7610683,0,0,-1000,-125.000
1764840141.7650642,0,0,-1634,-204.250
1764840141.7690551,0,0,562,70.250
1764840141.7730472,1,1,3933,491.625
1764840141.7770345,0,0,4694,586.750
1764840141.7810488,0,0,-954,-119.250
1764840141.7850473,0,0,-1666,-208.250
1764840141.7890484,0,0,671,83.875
1764840141.7930431,1,1,4001,500.125
1764840141.797036,0,0,4877,609.625
1764840141.8010519,0,0,-873,-109.125
1764840141.8050845,0,0,-1641,-205.125
1764840141.8090334,0,0,504,63.000
1764840141.8130503,1,1,3907,488.375
1764840141.817053,0,0,5010,626.250
1764840141.8210573,0,0,-881,-110.125
1764840141.825049,0,0,910,113.750
1764840141.829048,0,0,4144,518.000
1764840141.8330529,1,1,5100,637.500
1764840141.8370504,0,0,-736,-92.000
1764840141.8410501,0,0,-1333,-166.625
1764840141.8450508,0,0,-618,-77.250
1764840141.8490472,0,0,3118,389.750
1764840141.853051,1,1,5071,633.875
1764840141.8570485,0,0,-601,-75.125
1764840141.8610506,0,0,-1636,-204.500
1764840141.865049,0,0,355,44.375
1764840141.8690464,0,0,3852,481.500
1764840141.87305,1,1,5395,674.375
1764840141.877049,0,0,-404,-50.500
1764840141.881145,0,0,-1479,-184.875
1764840141.8850703,0,0,-187,-23.375
1764840141.88905,0,0,3485,435.625
1764840141.8930433,1,1,5429,678.625
1764840141.897033,0,0,-304,-38.000
1764840141.9010508,0,0,-1593,-199.125
1764840141.905078,0,0,111,13.875
1764840141.9090338,0,0,3694,461.750
1764840141.9130335,1,1,5572,696.500
1764840141.9170306,0,0,-197,-24.625
1764840141.9210522,0,0,-1739,-217.375
1764840141.9250488,0,0,292,36.500
1764840141.9290478,0,0,3790,473.750
1764840141.9330392,1,1,5632,704.000
1764840141.9370291,0,0,-53,-6.625
1764840141.941049,0,0,-1570,-196.250
1764840141.9450462,0,0,-61,-7.625
1764840141.9490492,0,0,3550,443.750
1764840141.953048,1,1,5627,703.375
1764840141.9570441,0,0,95,11.875
1764840141.9610474,0,0,-1531,-191.375
1764840141.965049,0,0,-198,-24.750
1764840141.9690452,0,0,3434,429.250
1764840141.9730496,1,1,5647,705.875
1764840141.9770434,0,0,316,39.500
1764840141.9810483,0,0,-1375,-171.875
1764840141.9850473,0,0,-542,-67.750
1764840141.9890459,0,0,3161,395.125
1764840141.9930506,1,1,5619,702.375
1764840141.9970453,0,0,600,75.000
1764840142.001045,0,0,-1944,-243.000
1764840142.0050585,0,0,-6,-0.750
1764840142.0090473,0,0,3551,443.875
1764840142.013052,1,1,5751,718.875
1764840142.017042,0,0,772,96.500
1764840142.0210419,0,0,-1548,-193.500
1764840142.0250435,0,0,-471,-58.875
1764840142.0290468,0,0,3189,398.625
1764840142.0330496,1,1,5671,708.875
1764840142.0370436,0,0,1025,128.125
1764840142.0410442,0,0,-1699,-212.375
1764840142.0450432,0,0,-424,-53.000
1764840142.0490434,0,0,3208,401.000
1764840142.0530376,1,1,5682,710.250
1764840142.0570304,0,0,1150,143.750
1764840142.0610363,0,0,-1015,-126.875
1764840142.0650477,0,0,-1424,-178.000
1764840142.0690532,0,0,2215,276.875
1764840142.0730398,1,1,5356,669.500
1764840142.077028,0,0,1476,184.500
1764840142.0811336,0,0,-1426,-178.250
1764840142.085057,0,0,-948,-118.500
1764840142.0890436,0,0,2758,344.750
1764840142.0930495,0,1,5616,702.000
1764840142.0970466,0,0,1884,235.500
1764840142.101046,0,0,-2273,-284.125
1764840142.105042,0,0,-285,-35.625
1764840142.1090817,0,0,3298,412.250
1764840142.113047,1,0,5784,723.000
1764840142.1170506,0,0,2020,252.500
1764840142.1210563,0,0,-1894,-236.750
1764840142.1250448,0,0,-727,-90.875
1764840142.129045,0,0,2926,365.750
1764840142.1330526,0,1,5646,705.750
1764840142.1370463,0,0,2292,286.500
1764840142.1410503,0,0,-2252,-281.500
1764840142.1450408,0,0,-557,-69.625
1764840142.149031,0,0,3032,379.000
1764840142.153031,1,1,5645,705.625
1764840142.1570318,0,0,2377,297.125
1764840142.1610482,0,0,-1340,-167.500
1764840142.165048,0,0,-1324,-165.500
1764840142.169044,0,0,2288,286.000
1764840142.1730356,1,0,5368,671.000
1764840142.1770291,0,0,2657,332.125
1764840142.1810486,0,0,-2133,-266.625
1764840142.1850457,0,0,-818,-102.250
1764840142.1890414,0,0,2791,348.875
1764840142.193046,0,1,5539,692.375
1764840142.1970444,0,0,2896,362.000
1764840142.2010453,0,0,-2184,-273.000
1764840142.2050488,0,0,-845,-105.625
1764840142.209043,0,0,2721,340.125
1764840142.2130506,1,0,5459,682.375
1764840142.2170424,0,0,3071,383.875
1764840142.221044,0,0,-2041,-255.125
1764840142.2250433,0,0,-1020,-127.500
1764840142.229045,0,0,2546,318.250
1764840142.2330458,1,1,5371,671.375
1764840142.2370393,0,0,3221,402.625
1764840142.241052,0,0,-1737,-217.125
1764840142.2454257,0,0,-1249,-156.125
1764840142.2491455,0,0,2292,286.500
1764840142.2530496,1,1,5239,654.875
1764840142.2570257,0,0,3411,426.375
1764840142.2610424,0,0,-1648,-206.000
1764840142.2650454,0,0,-1346,-168.250
1764840142.2690403,0,0,2172,271.500
1764840142.273041,0,0,5169,646.125
1764840142.2770383,0,0,3612,451.500
1764840142.2864573,0,0,2315,289.375
1764840142.2890666,0,0,2315,289.375
1764840142.293047,1,1,5193,649.125
1764840142.2971513,0,0,3897,487.125
1764840142.3010626,0,0,-1577,-197.125
1764840142.305053,0,0,-204,-25.500
1764840142.3090796,0,0,3037,379.625
1764840142.3130443,1,0,5347,668.375
1764840142.317038,0,0,3786,473.250
1764840142.3210425,0,0,-1492,-186.500
1764840142.3250406,0,0,-1498,-187.250
1764840142.3290405,0,0,1926,240.750
1764840142.3330467,1,1,4925,615.625
1764840142.3370388,0,0,4023,502.875
1764840142.341043,0,0,-1767,-220.875
1764840142.3450437,0,0,-1453,-181.625
1764840142.3490434,0,0,1945,243.125
1764840142.3530488,0,0,4887,610.875
1764840142.3570437,0,0,4102,512.750
1764840142.3610463,0,0,-1314,-164.250
1764840142.365042,0,0,-1658,-207.250
1764840142.3690412,0,0,1626,203.250
1764840142.3730474,1,1,4732,591.500
1764840142.3770423,0,0,4289,536.125
1764840142.3810415,0,0,-1454,-181.750
1764840142.3850393,0,0,-1628,-203.500
1764840142.389041,0,0,1695,211.875
1764840142.3930452,0,0,4736,592.000
1764840142.3970425,0,0,4422,552.750
1764840142.401046,0,0,-1213,-151.625
1764840142.405041,0,0,-1712,-214.000
1764840142.409041,0,0,1331,166.375
1764840142.4130673,0,0,4545,568.125
1764840142.4170263,0,0,4586,573.250
1764840142.4210389,0,0,-1632,-204.000
1764840142.4250429,0,0,-1399,-174.875
1764840142.4290397,0,0,1963,245.375
1764840142.4330492,0,0,4804,600.500
1764840142.4370437,0,0,4680,585.000
1764840142.4410439,0,0,-1499,-187.375
1764840142.4450428,0,0,-1674,-209.250
1764840142.4490402,0,0,1605,200.625
1764840142.4530451,0,0,4607,575.875
1764840142.4570448,0,0,4751,593.875
1764840142.4610445,0,0,-1063,-132.875
1764840142.4650488,0,0,-1719,-214.875
1764840142.46905,0,0,1060,132.500
1764840142.4730353,0,0,4316,539.500
1764840142.477029,0,0,-1026,-128.250
1764840142.4810443,0,0,-1727,-215.875
1764840142.485132,0,0,978,122.250
1764840142.4890506,0,0,4257,532.125
1764840142.4930372,0,0,5002,625.250
1764840142.4970264,0,0,-1039,-129.875
1764840142.501042,0,0,-1788,-223.500
1764840142.5050428,0,0,1055,131.875
1764840142.50904,0,0,4281,535.125
1764840142.5130486,0,0,5036,629.500
1764840142.5170243,0,0,-770,-96.250
1764840142.5210483,0,0,-1419,-177.375
1764840142.525043,0,0,-373,-46.625
1764840142.5290413,0,0,3377,422.125
1764840142.5330455,0,0,5100,637.500
1764840142.5370374,0,0,-827,-103.375
1764840142.5410578,0,0,-1601,-200.125
1764840142.5450478,0,0,1595,199.375
1764840142.5490444,0,0,4545,568.125
1764840142.5530324,0,0,5371,671.375
1764840142.557023,0,0,-766,-95.750
1764840142.561037,0,0,-1818,-227.250
1764840142.5650394,0,0,844,105.500
1764840142.5690384,0,0,4142,517.750
1764840142.57303,0,0,5392,674.000
1764840142.5770187,0,0,-648,-81.000
1764840142.5810366,0,0,-1787,-223.375
1764840142.585041,0,0,685,85.625
1764840142.5890408,0,0,4026,503.250
1764840142.5930438,0,0,5438,679.750
1764840142.5970383,0,0,-485,-60.625
1764840142.6010413,0,0,-1740,-217.500
1764840142.6050415,0,0,474,59.250
1764840142.6090388,0,0,3875,484.375
1764840142.6130538,0,0,5463,682.875
1764840142.6170394,0,0,-392,-49.000
1764840142.6210423,0,0,-1931,-241.375
1764840142.6250343,0,0,627,78.375
1764840142.6290386,0,0,3943,492.875
1764840142.6330416,0,0,5511,688.875
1764840142.6370368,0,0,-227,-28.375
1764840142.641037,0,0,-1659,-207.375
1764840142.6450365,0,0,218,27.250
1764840142.6490352,0,0,3673,459.125
1764840142.6530435,0,0,5508,688.500
1764840142.6570385,0,0,-38,-4.750
1764840142.6610358,0,0,-1599,-199.875
1764840142.6650357,0,0,15,1.875
1764840142.6690378,0,0,3520,440.000
1764840142.6730425,0,0,5512,689.000
1764840142.6770368,0,0,115,14.375
1764840142.6810348,0,0,-1601,-200.125
1764840142.685132,0,0,-39,-4.875
1764840142.6890488,0,0,3476,434.500
1764840142.693036,0,0,5546,693.250
1764840142.697022,0,0,283,35.375
1764840142.7010386,0,0,-1678,-209.750
1764840142.7050407,0,0,-18,-2.250
1764840142.709036,0,0,3473,434.125
1764840142.7130327,0,0,5570,696.250
1764840142.717061,0,0,508,63.500
1764840142.7210412,0,0,-1609,-201.125
1764840142.7250378,0,0,-246,-30.750
1764840142.729036,0,0,3291,411.375
1764840142.733044,0,0,5541,692.625
1764840142.737038,0,0,705,88.125
1764840142.7410371,0,0,-1428,-178.500
1764840142.7450337,0,0,-570,-71.250
1764840142.7490356,0,0,3033,379.125
1764840142.7530403,0,0,5497,687.125
1764840142.757036,0,0,985,123.125
1764840142.7610488,0,0,-1627,-203.375
1764840142.7650464,0,0,-501,-62.625
1764840142.7690341,0,0,3073,384.125
1764840142.7730293,0,0,5525,690.625
1764840142.7770205,0,0,1248,156.000
1764840142.7810352,0,0,-1745,-218.125
1764840142.7850354,0,0,-490,-61.250
1764840142.7890334,0,0,3067,383.375
1764840142.7930255,0,0,5525,690.625
1764840142.79702,0,0,1486,185.750
1764840142.8010354,0,0,-2175,-271.875
1764840142.805032,0,0,-304,-38.000
1764840142.80902,0,0,3187,398.375
1764840142.8130379,0,0,5547,693.375
1764840142.817071,0,0,1718,214.750
1764840142.8210468,0,0,-2112,-264.000
1764840142.8250391,0,0,-483,-60.375
1764840142.8290386,0,0,3016,377.000
1764840142.8330379,0,0,5466,683.250
1764840142.8370347,0,0,1847,230.875
1764840142.8410442,0,0,-1875,-234.375
1764840142.8450382,0,0,-656,-82.000
1764840142.8490372,0,0,2874,359.250
1764840142.853038,0,0,5413,676.625
1764840142.8570352,0,0,2124,265.500
1764840142.8610413,0,0,-1967,-245.875
1764840142.8650372,0,0,-721,-90.125
1764840142.8690376,0,0,2785,348.125
1764840142.8730383,0,0,5359,669.875
1764840142.8770335,0,0,2347,293.375
1764840142.8810353,0,0,-1707,-213.375
1764840142.885123,0,0,-996,-124.500
1764840142.8890514,0,1,2527,315.875
1764840142.893036,0,0,5251,656.375
1764840142.897018,0,0,2571,321.375
1764840142.9010305,0,0,-1844,-230.500
1764840142.90504,0,0,-999,-124.875
1764840142.9090366,0,1,2496,312.000
1764840142.9130294,0,0,5213,651.625
1764840142.917019,0,0,2800,350.000
1764840142.9210346,0,0,-2173,-271.625
1764840142.9250278,0,0,-527,-65.875
1764840142.9290206,0,1,2850,356.250
1764840142.9330373,0,0,5280,660.000
1764840142.9370358,0,0,2856,357.000
1764840142.9410386,0,0,-1826,-228.250
1764840142.945032,0,0,-1100,-137.500
1764840142.9490335,0,1,2369,296.125
1764840142.9530387,0,0,5100,637.500
1764840142.9570343,0,0,3072,384.000
1764840142.9610398,0,0,-1657,-207.125
1764840142.9650342,0,0,-1272,-159.000
1764840142.969035,1,1,2182,272.750
1764840142.9730263,0,0,5010,626.250
1764840142.9770193,0,0,3312,414.000
1764840142.9810355,0,0,-2052,-256.500
1764840142.9850326,0,0,-1145,-143.125
1764840142.989031,1,1,2270,283.750
1764840142.9930384,0,0,4998,624.750
1764840142.9970348,0,0,3448,431.000
1764840143.001039,0,0,-1677,-209.625
1764840143.0050294,0,0,-1354,-169.250
1764840143.00903,1,1,2047,255.875
1764840143.0130415,0,0,4890,611.250
1764840143.0170329,0,0,3648,456.000
1764840143.0210335,0,0,-1612,-201.500
1764840143.025031,0,0,-1454,-181.750
1764840143.0290298,1,1,1905,238.125
1764840143.0330358,0,0,4798,599.750
1764840143.0370328,0,0,3799,474.875
1764840143.041041,0,0,-1670,-208.750
1764840143.0450327,0,0,-1464,-183.000
1764840143.049031,1,1,1884,235.500
1764840143.0530229,0,0,4765,595.625
1764840143.057018,0,0,3949,493.625
1764840143.06103,0,0,-1554,-194.250
1764840143.0650442,0,0,-1549,-193.625
1764840143.0690417,1,1,1761,220.125
1764840143.073029,0,0,4686,585.750
1764840143.0770192,0,0,4119,514.875
1764840143.081038,0,0,-1784,-223.000
1764840143.0851226,0,0,-1522,-190.250
1764840143.0890448,1,1,1761,220.125
1764840143.0930312,0,0,4640,580.000
1764840143.097017,0,0,4260,532.500
1764840143.1010375,0,0,-1568,-196.000
1764840143.1050334,0,0,-1669,-208.625
1764840143.1090324,1,1,1530,191.250
1764840143.1130235,0,0,4495,561.875
1764840143.1170146,0,0,4378,547.250
1764840143.1210563,0,0,-1676,-209.500
1764840143.1250384,0,0,1656,207.000
1764840143.1290343,1,1,4519,564.875
1764840143.1330342,0,0,4428,553.500
1764840143.1370308,0,0,-1214,-151.750
1764840143.14104,0,0,-1728,-216.000
1764840143.1450317,0,0,1255,156.875
1764840143.149031,1,1,4347,543.375
1764840143.153033,0,0,4494,561.750
1764840143.1570292,0,0,-968,-121.000
1764840143.1610384,0,0,-1540,-192.500
1764840143.1650212,0,0,84,10.500
1764840143.1690242,1,1,3703,462.875
1764840143.1730163,0,0,4765,595.625
1764840143.1770165,0,0,-1168,-146.000
1764840143.181031,0,0,-1556,-194.500
1764840143.1850333,0,0,1535,191.875
1764840143.1890328,1,1,4404,550.500
1764840143.1930234,0,0,4867,608.375
1764840143.1970127,0,0,-1102,-137.750
1764840143.2010305,0,0,-1814,-226.750
1764840143.205038,0,0,1093,136.625
1764840143.2090368,1,1,4233,529.125
1764840143.213027,0,0,5017,627.125
1764840143.2170165,0,0,-1106,-138.250
1764840143.2210476,0,0,-1897,-237.125
1764840143.2250352,0,0,1074,134.250
1764840143.2290337,1,1,4147,518.375
1764840143.2330382,0,0,5041,630.125
1764840143.237029,0,0,-987,-123.375
1764840143.241041,0,0,-1809,-226.125
1764840143.2454088,0,0,1219,152.375
1764840143.2491474,1,1,4185,523.125
1764840143.2530499,0,0,5068,633.500
1764840143.2570322,0,0,-833,-104.125
1764840143.2610304,0,0,-1795,-224.375
1764840143.2650278,0,0,770,96.250
1764840143.2690265,1,1,3959,494.875
1764840143.2730315,0,0,5119,639.875
1764840143.277029,0,0,-652,-81.500
1764840143.2810328,0,0,-1678,-209.750
1764840143.290395,1,1,3755,469.375
1764840143.29306,0,0,5186,648.250
1764840143.297034,0,0,-465,-58.125
1764840143.3010316,0,0,-1629,-203.625
1764840143.3054326,0,0,215,26.875
1764840143.3091435,1,1,3613,451.625
1764840143.3130536,0,0,5250,656.250
1764840143.3170314,0,0,-400,-50.000
1764840143.3210692,0,0,-2039,-254.875
1764840143.3250272,0,0,750,93.750
1764840143.329025,1,1,3873,484.125
1764840143.3330338,0,0,5296,662.000
1764840143.337029,0,0,-322,-40.250
1764840143.3410306,0,0,-1713,-214.125
1764840143.3450313,0,0,288,36.000
1764840143.3490283,1,1,3610,451.250
1764840143.3530312,0,0,5309,663.625
1764840143.357031,0,0,-211,-26.375
1764840143.3610399,0,0,-1837,-229.625
1764840143.3650324,0,0,398,49.750
1764840143.3690276,1,1,3665,458.125
1764840143.3730319,0,0,5354,669.250
1764840143.3770344,0,0,-5,-0.625
1764840143.3810453,0,0,-1461,-182.625
1764840143.385016,0,0,-328,-41.000
1764840143.3890102,1,1,3186,398.250
1764840143.3930314,0,0,5315,664.375
1764840143.3970268,0,0,163,20.375
1764840143.4010353,0,0,-1573,-196.625
1764840143.4050152,0,0,-165,-20.625
1764840143.4090104,1,1,3290,411.250
1764840143.4130309,0,0,5380,672.500
1764840143.417025,0,0,404,50.500
1764840143.421068,0,0,-1657,-207.125
1764840143.42503,0,0,-168,-21.000
1764840143.4290304,1,1,3268,408.500
1764840143.4330165,0,0,5394,674.250
1764840143.4370105,0,0,528,66.000
1764840143.4410257,0,0,-1349,-168.625
1764840143.4450314,0,0,-641,-80.125
1764840143.4490285,1,1,2923,365.375
1764840143.4530323,0,0,5355,669.375
1764840143.4570286,0,0,883,110.375
1764840143.4610283,0,0,-1878,-234.750
1764840143.465028,0,0,-225,-28.125
1764840143.4690287,1,1,3218,402.250
1764840143.4730332,0,0,5446,680.750
1764840143.4770236,0,0,990,123.750
1764840143.481038,0,0,-1028,-128.500
1764840143.4850283,0,0,-1275,-159.375
1764840143.4891164,1,1,2318,289.750
1764840143.493042,0,0,5211,651.375
1764840143.4970114,0,0,1421,177.625
1764840143.5010302,0,0,-2062,-257.750
1764840143.5050294,0,0,-417,-52.125
1764840143.5090275,1,1,3066,383.250
1764840143.5130205,0,0,5461,682.625
1764840143.517011,0,0,1518,189.750
1764840143.5210288,0,0,-1643,-205.375
1764840143.525067,0,0,-726,-90.750
1764840143.5290291,1,1,2827,353.375
1764840143.5330348,0,0,5403,675.375
1764840143.5370286,0,0,1758,219.750
1764840143.5410345,0,0,-1720,-215.000
1764840143.5450268,0,0,-769,-96.125
1764840143.549029,1,1,2778,347.250
1764840143.5530221,0,0,5385,673.125
1764840143.557014,0,0,2012,251.500
1764840143.5610232,0,0,-1663,-207.875
1764840143.5650287,0,0,-900,-112.500
1764840143.5690293,1,1,2650,331.250
1764840143.5730338,0,0,5336,667.000
1764840143.5770285,0,0,2176,272.000
1764840143.5810316,0,0,-1306,-163.250
1764840143.5850294,0,0,-1323,-165.375
1764840143.5890381,1,1,2223,277.875
1764840143.5930233,0,0,5192,649.000
1764840143.5970144,0,0,2474,309.250
1764840143.6010306,0,0,-1502,-187.750
1764840143.6050265,0,0,-1185,-148.125
1764840143.609025,1,1,2370,296.250
1764840143.6130226,0,0,5254,656.750
1764840143.6170123,0,0,2698,337.250
1764840143.6210294,0,0,-1425,-178.125
1764840143.6250596,0,0,-1337,-167.125
1764840143.6290274,1,1,2201,275.125
1764840143.6330276,0,0,5191,648.875
1764840143.6370265,0,0,2935,366.875
1764840143.6410358,0,0,-1347,-168.375
1764840143.645026,0,0,-1489,-186.125
1764840143.6490242,1,1,1999,249.875
1764840143.653027,0,0,5106,638.250
1764840143.6570258,0,0,3131,391.375
1764840143.661033,0,0,-1377,-172.125
1764840143.6650255,0,0,-1479,-184.875
1764840143.6690226,1,1,2015,251.875
1764840143.6730263,0,0,5113,639.125
1764840143.6770272,0,0,3372,421.500
1764840143.681032,0,0,-1564,-195.500
1764840143.6850257,0,0,-1412,-176.500
1764840143.6891153,1,1,2090,261.250
1764840143.6930296,0,0,5128,641.000
1764840143.697007,0,0,3627,453.375
1764840143.7010307,0,0,-1432,-179.000
1764840143.7050288,0,0,-1555,-194.375
1764840143.7090218,1,1,1885,235.625
1764840143.713015,0,0,5022,627.750
1764840143.717006,0,0,3787,473.375
1764840143.7210271,0,0,-1536,-192.000
1764840143.7250674,0,0,-1477,-184.625
1764840143.7290263,1,1,1992,249.000
1764840143.7330277,0,0,5056,632.000
1764840143.7370229,0,0,3956,494.500
1764840143.7410324,0,0,-1314,-164.250
1764840143.7450259,0,0,-1653,-206.625
1764840143.7490232,1,1,1648,206.000
1764840143.7530246,0,0,4878,609.750
1764840143.7570221,0,0,4121,515.125
1764840143.7610261,0,0,-1274,-159.250
1764840143.7650235,0,0,-1678,-209.750
1764840143.7690246,1,1,1535,191.875
1764840143.7730308,0,0,4821,602.625
1764840143.777022,0,0,-1147,-143.375
1764840143.7810268,0,0,-1613,-201.625
1764840143.785025,0,0,495,61.875
1764840143.7890341,1,1,4243,530.375
1764840143.7930188,0,0,4304,538.000
1764840143.7970068,0,0,-1128,-141.000
1764840143.8010168,0,0,-1591,-198.875
1764840143.8050184,0,0,387,48.375
1764840143.8090093,1,1,4201,525.125
1764840143.81301,0,0,4686,585.750
1764840143.8170054,0,0,-1213,-151.625
1764840143.821022,0,0,-1752,-219.000
1764840143.8250217,0,0,1317,164.625
1764840143.829037,1,1,4758,594.750
1764840143.833027,0,0,4975,621.875
1764840143.8370206,0,0,-1192,-149.000
1764840143.841029,0,0,-1783,-222.875
1764840143.845023,0,0,1307,163.375
1764840143.849022,1,1,4726,590.750
1764840143.8530242,0,0,5089,636.125
1764840143.8570209,0,0,-1144,-143.000
1764840143.8610256,0,0,-1784,-223.000
1764840143.8650172,0,0,1207,150.875
1764840143.8690207,1,1,4645,580.625
1764840143.873024,0,0,5176,647.000
1764840143.877021,0,0,-976,-122.000
1764840143.8810258,0,0,-1733,-216.625
1764840143.8850186,0,0,928,116.000
1764840143.8891146,1,1,4469,558.625
1764840143.8930373,0,0,5319,664.875
1764840143.8970103,0,0,-1018,-127.250
1764840143.901025,0,0,-1826,-228.250
1764840143.9050212,0,0,1061,132.625
1764840143.9090226,1,1,4510,563.750
1764840143.9130154,0,0,5401,675.125
1764840143.9170077,0,0,-885,-110.625
1764840143.921032,0,0,-1782,-222.750
1764840143.9250245,0,0,885,110.625
1764840143.9290588,1,1,4386,548.250
1764840143.9330273,0,0,5446,680.750
1764840143.9370236,0,0,-705,-88.125
1764840143.9410262,0,0,-1595,-199.375
1764840143.9450057,0,0,268,33.500
1764840143.949005,1,1,3983,497.875
1764840143.953024,0,0,5473,684.125
1764840143.9570248,0,0,-621,-77.625
1764840143.9610336,0,0,-1540,-192.500
1764840143.965023,0,0,41,5.125
1764840143.96902,1,1,3824,478.000
1764840143.973026,0,0,5571,696.375
1764840143.9770215,0,0,-486,-60.750
1764840143.9810276,0,0,-1595,-199.375
1764840143.9850335,0,0,152,19.000
1764840143.989024,1,1,3892,486.500
1764840143.9930143,0,0,5695,711.875
1764840143.9970047,0,0,-380,-47.500
1764840144.001022,0,0,-1575,-196.875
1764840144.0050237,0,0,40,5.000
1764840144.0090194,1,1,3803,475.375
1764840144.0130153,0,0,5748,718.500
1764840144.017003,0,0,-285,-35.625
1764840144.0210474,0,0,-1594,-199.250
1764840144.0250254,0,0,54,6.750
1764840144.029032,1,1,3802,475.250
1764840144.0330236,0,0,5810,726.250
1764840144.0370169,0,0,-138,-17.250
1764840144.0410283,0,0,-1402,-175.250
1764840144.0450218,0,0,-453,-56.625
1764840144.0490196,1,1,3400,425.000
1764840144.0530083,0,0,5780,722.500
1764840144.0569997,0,0,85,10.625
1764840144.0610094,0,0,-1447,-180.875
1764840144.0650213,0,0,-375,-46.875
1764840144.0690174,1,1,3458,432.250
1764840144.0730226,0,0,5872,734.000
1764840144.077017,0,0,302,37.750
1764840144.0810223,0,0,-1607,-200.875
1764840144.0850153,0,0,-278,-34.750
1764840144.0891073,1,1,3526,440.750
1764840144.09303,0,0,5956,744.500
1764840144.0970016,0,0,615,76.875
1764840144.1010158,0,0,-1944,-243.000
1764840144.1050189,0,0,-70,-8.750
1764840144.1090188,1,1,3662,457.750
1764840144.1130104,0,0,6013,751.625
1764840144.1169975,0,0,738,92.250
1764840144.1210265,0,0,-1191,-148.875
1764840144.1250181,0,0,-1083,-135.375
1764840144.1290166,1,1,2756,344.500
1764840144.133062,0,0,5735,716.875
1764840144.1370184,0,0,980,122.500
1764840144.1410215,0,0,-1633,-204.125
1764840144.1450167,0,0,-584,-73.000
1764840144.14902,1,1,3234,404.250
1764840144.1530242,0,0,5958,744.750
1764840144.157021,0,0,1220,152.500
1764840144.1610239,0,0,-1544,-193.000
1764840144.1650178,0,0,-820,-102.500
1764840144.1690197,1,1,3003,375.375
1764840144.1730258,0,0,5896,737.000
1764840144.1770194,0,0,1483,185.375
1764840144.1810186,0,0,-1704,-213.000
1764840144.1850007,0,0,-756,-94.500
1764840144.1889994,1,1,3052,381.500
1764840144.1930206,0,0,5926,740.750
1764840144.1970196,0,0,1693,211.625
1764840144.2010255,0,0,-1554,-194.250
1764840144.2050235,0,0,-1011,-126.375
1764840144.2090297,1,1,2789,348.625
1764840144.213017,0,0,5835,729.375
1764840144.217004,0,0,1996,249.500
1764840144.2210183,0,0,-1812,-226.500
1764840144.225016,0,0,-856,-107.000
1764840144.2290165,1,1,2926,365.750
1764840144.2330086,0,0,5888,736.000
1764840144.237003,0,0,2185,273.125
1764840144.2410283,0,0,-1701,-212.625
1764840144.2453847,0,0,-1012,-126.500
1764840144.2491257,1,1,2758,344.750
1764840144.2530303,0,0,5813,726.625
1764840144.2570183,0,0,2384,298.000
1764840144.2610204,0,0,-1594,-199.250
1764840144.2650168,0,0,-1173,-146.625
1764840144.2690134,1,1,2574,321.750
1764840144.2730155,0,0,5732,716.500
1764840144.2770164,0,0,2604,325.500
1764840144.2810197,0,0,-1363,-170.375
1764840144.2850184,0,0,-1486,-185.750
1764840144.294425,0,0,2954,369.250
1764840144.2970386,0,0,2954,369.250
1764840144.3010294,0,0,-2181,-272.625
1764840144.3050048,0,0,-682,-85.250
1764840144.3090017,1,1,3012,376.500
1764840144.3130193,0,0,5883,735.375
1764840144.3170156,0,0,3091,386.375
1764840144.3210201,0,0,-1574,-196.750
1764840144.3250043,0,0,-1369,-171.125
1764840144.3290024,1,1,2298,287.250
1764840144.3330588,0,0,5561,695.125
1764840144.3370187,0,0,3229,403.625
1764840144.3410237,0,0,-1531,-191.375
1764840144.3450181,0,0,-1439,-179.875
1764840144.3490198,1,1,2197,274.625
1764840144.3530173,0,0,5500,687.500
1764840144.357016,0,0,3439,429.875
1764840144.3610225,0,0,-1364,-170.500
1764840144.3650215,0,0,-1644,-205.500
1764840144.3690176,1,1,1752,219.000
1764840144.3730211,0,0,5272,659.000
1764840144.3770154,0,0,3613,451.625
1764840144.3810215,0,0,-1362,-170.250
1764840144.3850143,0,0,-1659,-207.375
1764840144.3890176,1,1,1700,212.500
1764840144.3930194,0,0,5242,655.250
1764840144.3970149,0,0,3836,479.500
1764840144.4010165,0,0,-1336,-167.000
1764840144.4050174,0,0,-1672,-209.000
1764840144.4090168,1,1,1669,208.625
1764840144.413029,0,0,5219,652.375
1764840144.4170227,0,0,4111,513.875
1764840144.421019,0,0,-1382,-172.750
1764840144.4249983,0,0,-1672,-209.000
1764840144.4290001,1,1,5245,655.625
1764840144.4330478,0,0,4272,534.000
1764840144.4370196,0,0,-1312,-164.000
1764840144.441019,0,0,-1701,-212.625
1764840144.444999,0,0,1558,194.750
1764840144.4489992,1,1,5122,640.250
1764840144.453015,0,0,4485,560.625
1764840144.4570115,0,0,-1279,-159.875
1764840144.4610121,0,0,-1721,-215.125
1764840144.4650156,0,0,1426,178.250
1764840144.4690158,1,1,5033,629.125
1764840144.473019,0,0,4634,579.250
1764840144.477016,0,0,-1252,-156.500
1764840144.481014,0,0,-1730,-216.250
1764840144.485013,0,0,1363,170.375
1764840144.4890096,1,1,4994,624.250
1764840144.493102,0,0,4722,590.250
1764840144.497029,0,0,-1141,-142.625
1764840144.5010164,0,0,-1570,-196.250
1764840144.5049965,0,0,252,31.500
1764840144.508995,1,1,4258,532.250
1764840144.513013,0,0,4829,603.625
1764840144.5170162,0,0,-1140,-142.500
1764840144.5210207,0,0,-1716,-214.500
1764840144.5249977,0,0,937,117.125
1764840144.528996,1,1,4728,591.000
1764840144.5330136,0,0,5127,640.875
1764840144.5370562,0,0,-1075,-134.375
1764840144.5410216,0,0,-1726,-215.750
1764840144.5450134,0,0,898,112.250
1764840144.549013,1,1,4687,585.875
1764840144.5530026,0,0,5313,664.125
1764840144.5569985,0,0,-1221,-152.625
1764840144.5610125,0,0,-1867,-233.375
1764840144.5650403,0,0,1310,163.750
1764840144.5690227,1,1,4910,613.750
1764840144.5730085,0,0,5459,682.375
1764840144.5770001,0,0,-928,-116.000
1764840144.5810134,0,0,-1656,-207.000
1764840144.5850139,0,0,491,61.375
1764840144.5890117,1,1,4371,546.375
1764840144.5930035,0,0,5491,686.375
1764840144.5969956,0,0,-914,-114.250
1764840144.601014,0,0,-1792,-224.000
1764840144.6050146,0,0,858,107.250
1764840144.6090133,1,1,4595,574.375
1764840144.613015,0,0,5683,710.375
1764840144.6170099,0,0,-808,-101.000
1764840144.621018,0,0,-1763,-220.375
1764840144.6250157,0,0,682,85.250
1764840144.6290133,1,1,4453,556.625
1764840144.6330132,0,0,5747,718.375
1764840144.6370268,0,0,-778,-97.250
1764840144.6410217,0,0,-1873,-234.125
1764840144.6450121,0,0,796,99.500
1764840144.649013,1,1,4498,562.250
1764840144.6530123,0,0,5850,731.250
1764840144.6570108,0,0,-609,-76.125
1764840144.661016,0,0,-1710,-213.750
1764840144.6650121,0,0,418,52.250
1764840144.669013,1,1,4220,527.500
1764840144.6730165,0,0,5838,729.750
1764840144.677012,0,0,-468,-58.500
1764840144.6810186,0,0,-1475,-184.375
1764840144.6850133,0,0,-234,-29.250
1764840144.6890125,1,1,3723,465.375
1764840144.6931138,0,0,5814,726.750
1764840144.6970255,0,0,-351,-43.875
1764840144.7010157,0,0,-1619,-202.375
1764840144.7049963,0,0,88,11.000
1764840144.7090104,1,1,3959,494.875
1764840144.7130265,0,0,5980,747.500
1764840144.717011,0,0,-195,-24.375
1764840144.7210155,0,0,-1629,-203.625
1764840144.7249968,0,0,-15,-1.875
1764840144.7289975,1,1,3864,483.000
1764840144.7330172,0,0,6033,754.125
1764840144.7370515,0,0,15,1.875
1764840144.7410169,0,0,-1512,-189.000
1764840144.7450104,0,0,-299,-37.375
1764840144.749013,1,1,3619,452.375
1764840144.7530146,0,0,6016,752.000
1764840144.7570121,0,0,228,28.500
1764840144.7610168,0,0,-1788,-223.500
1764840144.7650106,0,0,-60,-7.500
1764840144.7690132,1,1,3793,474.125
1764840144.773012,0,0,6120,765.000
1764840144.7770119,0,0,391,48.875
1764840144.7810097,0,0,-1616,-202.000
1764840144.7850077,0,0,-397,-49.625
1764840144.7890072,1,1,3501,437.625
1764840144.7930145,0,0,6068,758.500
1764840144.7970116,0,0,625,78.125
1764840144.8010085,0,0,-1847,-230.875
1764840144.8050158,0,0,-233,-29.125
1764840144.8090036,1,1,3618,452.250
1764840144.8129928,0,0,6147,768.375
1764840144.8169942,0,0,900,112.500
1764840144.8210096,0,0,-1883,-235.375
1764840144.825009,0,0,-338,-42.250
1764840144.8290083,1,1,3507,438.375
1764840144.8330007,0,0,6124,765.500
1764840144.8369944,0,0,1086,135.750
1764840144.8410127,0,0,-1729,-216.125
1764840144.8450093,0,0,-585,-73.125
1764840144.8490062,1,1,3277,409.625
1764840144.8530087,0,0,6058,757.250
1764840144.8570085,0,0,1311,163.875
1764840144.8610153,0,0,-1844,-230.500
1764840144.8650072,0,0,-569,-71.125
1764840144.8690083,1,1,3271,408.875
1764840144.8730102,0,0,6062,757.750
1764840144.8770082,0,0,1499,187.375
1764840144.8810208,0,0,-1648,-206.000
1764840144.8850124,0,0,-855,-106.875
1764840144.889007,1,1,2988,373.500
1764840144.8931022,0,0,5964,745.500
1764840144.8970237,0,0,1735,216.875
1764840144.9010153,0,0,-1724,-215.500
1764840144.9049945,0,0,-895,-111.875
1764840144.908993,1,1,2935,366.875
1764840144.913008,0,0,5947,743.375
1764840144.9170084,0,0,1962,245.250
1764840144.921012,0,0,-1788,-223.500
1764840144.924993,0,0,-893,-111.625
1764840144.9289932,1,1,2921,365.125
1764840144.9330142,0,0,5943,742.875
1764840144.9370084,0,0,2184,273.000
1764840144.9410274,0,0,-1720,-215.000
1764840144.9450111,0,0,-1016,-127.000
1764840144.9490094,1,1,2782,347.750
1764840144.953014,0,0,5879,734.875
1764840144.9570076,0,0,2385,298.125
1764840144.96101,0,0,-1495,-186.875
1764840144.9649947,0,0,-1280,-160.000
1764840144.9690003,1,1,2473,309.125
1764840144.9729962,0,0,5741,717.625
1764840144.9769914,0,0,2634,329.250
1764840144.9810007,0,0,-1903,-237.875
1764840144.9850101,0,0,-1005,-125.625
1764840144.9890096,1,1,2766,345.750
1764840144.993011,0,0,5857,732.125
1764840144.9970028,0,0,2863,357.875
1764840145.0010114,0,0,-1663,-207.875
1764840145.0050087,0,0,-1242,-155.250
1764840145.009006,1,1,2489,311.125
1764840145.0130188,0,0,5717,714.625
1764840145.0170133,0,0,3082,385.250
1764840145.0210094,0,0,-1813,-226.625
1764840145.0249908,0,0,-1175,-146.875
1764840145.0289924,1,1,2549,318.625
1764840145.0330105,0,0,5721,715.125
1764840145.0370102,0,0,3254,406.750
1764840145.0410252,0,0,-1888,-236.000
1764840145.044991,0,0,-1164,-145.500
1764840145.048992,1,1,2549,318.625
1764840145.053014,0,0,5694,711.750
1764840145.0570116,0,0,3455,431.875
1764840145.0610101,0,0,-1372,-171.500
1764840145.0650074,0,0,-1632,-204.000
1764840145.0690088,1,1,1830,228.750
1764840145.0730138,0,0,5333,666.625
1764840145.0770102,0,0,-1364,-170.500
1764840145.0810127,0,0,-1651,-206.375
1764840145.0850062,0,0,1760,220.000
1764840145.0890071,1,1,5290,661.250
1764840145.0931,0,0,3865,483.125
1764840145.0970232,0,0,-1562,-195.250
1764840145.1010144,0,0,-1518,-189.750
1764840145.1049907,0,0,2070,258.750
1764840145.1089885,1,1,5426,678.250
1764840145.1130078,0,0,4079,509.875
1764840145.1170092,0,0,-1403,-175.375
1764840145.1210117,0,0,-1648,-206.000
1764840145.124991,0,0,1824,228.000
1764840145.1289864,1,1,5279,659.875
1764840145.1330082,0,0,4248,531.000
1764840145.1370087,0,0,-1569,-196.125
1764840145.1410284,0,0,-1576,-197.000
1764840145.145008,0,0,1960,245.000
1764840145.1490064,1,1,5321,665.125
1764840145.1530085,0,0,4384,548.000
1764840145.1570039,0,0,-1242,-155.250
1764840145.161014,0,0,-1702,-212.750
1764840145.1650057,0,0,1406,175.750
1764840145.1690037,1,1,5007,625.875
1764840145.1730015,0,0,4540,567.500
1764840145.177004,0,0,-1334,-166.750
1764840145.1810148,0,0,-1721,-215.125
1764840145.1850069,0,0,1518,189.750
1764840145.1890006,1,1,5051,631.375
1764840145.1930087,0,0,4782,597.750
1764840145.1970074,0,0,-1422,-177.750
1764840145.2010143,0,0,-1727,-215.875
1764840145.2049892,0,0,1656,207.000
1764840145.2089896,1,1,5093,636.625
1764840145.213005,0,0,4919,614.875
1764840145.2170079,0,0,-1230,-153.750
1764840145.2210157,0,0,-1749,-218.625
1764840145.224992,0,0,1355,169.375
1764840145.2289903,1,1,4903,612.875
1764840145.2330053,0,0,5051,631.375
1764840145.2370036,0,0,-1150,-143.750
1764840145.2410154,0,0,-1753,-219.125
1764840145.2454555,0,0,1196,149.500
1764840145.24912,1,1,4798,599.750
1764840145.2530296,0,0,5093,636.625
1764840145.2570064,0,0,-1011,-126.375
1764840145.2610073,0,0,-1591,-198.875
1764840145.2650084,0,0,333,41.625
1764840145.2690055,1,1,4216,527.000
1764840145.2730067,0,0,5163,645.375
1764840145.2770002,0,0,-999,-124.875
1764840145.281004,0,0,-1738,-217.250
1764840145.2850096,0,0,911,113.875
1764840145.2890081,1,1,4604,575.500
1764840145.2984462,0,0,-1112,-139.000
1764840145.301036,0,0,-1704,-213.000
1764840145.3049939,0,0,1675,209.375
1764840145.3089898,1,1,5009,626.125
1764840145.3130112,0,0,5604,700.500
1764840145.3170063,0,0,-839,-104.875
1764840145.321007,0,0,-1679,-209.875
1764840145.3249884,0,0,558,69.750
1764840145.3289893,1,1,4312,539.000
1764840145.3330116,0,0,5594,699.250
1764840145.3370042,0,0,-751,-93.875
1764840145.3410082,0,0,-1691,-211.375
1764840145.3450365,0,0,518,64.750
1764840145.349007,1,1,4263,532.875
1764840145.353011,0,0,5710,713.750
1764840145.3570051,0,0,-684,-85.500
1764840145.3610117,0,0,-1805,-225.625
1764840145.3650033,0,0,687,85.875
1764840145.3690028,1,1,4349,543.625
1764840145.3730042,0,0,5817,727.125
1764840145.3770041,0,0,-550,-68.750
1764840145.3810089,0,0,-1748,-218.500
1764840145.3850012,0,0,490,61.250
1764840145.3890004,1,1,4194,524.250
1764840145.3930078,0,0,5843,730.375
1764840145.3970058,0,0,-402,-50.250
1764840145.4010117,0,0,-1569,-196.125
1764840145.4050004,0,0,-7,-0.875
1764840145.409,1,1,3824,478.000
1764840145.4130054,0,0,5833,729.125
1764840145.4170053,0,0,-262,-32.750
1764840145.421009,0,0,-2007,-250.875
1764840145.4250093,0,0,539,67.375
1764840145.429005,1,1,4189,523.625
1764840145.4329948,0,0,5989,748.625
1764840145.436988,0,0,-100,-12.500
1764840145.441011,0,0,-1479,-184.875
1764840145.4450314,0,0,-266,-33.250
1764840145.4490018,1,1,3581,447.625
1764840145.4529896,0,0,5875,734.375
1764840145.4569879,0,0,58,7.250
1764840145.4610095,0,0,-1418,-177.250
1764840145.4650075,0,0,-419,-52.375
1764840145.4690022,1,1,3448,431.000
1764840145.4729936,0,0,5894,736.750
1764840145.4769886,0,0,234,29.250
1764840145.4810011,0,0,-1413,-176.625
1764840145.485004,0,0,-555,-69.375
1764840145.489,1,1,3325,415.625
1764840145.4930007,0,0,5929,741.125
1764840145.4970853,0,0,524,65.500
1764840145.5010214,0,0,-1600,-200.000
1764840145.5050044,0,0,-389,-48.625
1764840145.509002,1,1,3454,431.750
1764840145.5129998,0,0,6018,752.250
1764840145.5169997,0,0,787,98.375
1764840145.5210087,0,0,-1767,-220.875
1764840145.5249875,0,0,-366,-45.750
1764840145.528985,1,1,3453,431.625
1764840145.5330036,0,0,6042,755.250
1764840145.536998,0,0,1015,126.875
1764840145.5410073,0,0,-2249,-281.125
1764840145.544999,0,0,26,3.250
1764840145.5490396,1,1,3735,466.875
1764840145.552993,0,0,6137,767.125
1764840145.5569804,0,0,1239,154.875
1764840145.5609949,0,0,-1899,-237.375
1764840145.5650022,0,0,-434,-54.250
1764840145.5690005,1,1,3341,417.625
1764840145.5729988,0,0,5999,749.875
1764840145.5769956,0,0,1384,173.000
1764840145.5810037,0,0,-1754,-219.250
1764840145.5849996,0,0,-640,-80.000
1764840145.5889976,1,1,3151,393.875
1764840145.593001,0,0,5937,742.125
1764840145.5969982,0,0,1601,200.125
1764840145.6010041,0,0,-1515,-189.375
1764840145.6049986,0,0,-955,-119.375
1764840145.6090014,1,1,2838,354.750
1764840145.6130028,0,0,5828,728.500
1764840145.6169991,0,0,1910,238.750
1764840145.6210036,0,0,-1826,-228.250
1764840145.6249971,0,0,-791,-98.875
1764840145.6290002,1,1,2984,373.000
1764840145.6330032,0,0,5885,735.625
1764840145.6370113,0,0,2088,261.000
1764840145.641005,0,0,-1927,-240.875
1764840145.644982,0,0,-743,-92.875
1764840145.6489968,1,1,3013,376.625
1764840145.6530015,0,0,5886,735.750
1764840145.6570005,0,0,2330,291.250
1764840145.6609995,0,0,-1717,-214.625
1764840145.6649802,0,0,-1018,-127.250
1764840145.668982,1,1,2725,340.625
1764840145.6730042,0,0,5754,719.250
1764840145.6770022,0,0,2525,315.625
1764840145.6810045,0,0,-1787,-223.375
1764840145.684998,0,0,-1011,-126.375
1764840145.6889973,1,1,2719,339.875
1764840145.6929998,0,0,5739,717.375
1764840145.6970868,0,0,2720,340.000
1764840145.7010164,0,0,-1553,-194.125
1764840145.704983,0,0,-1286,-160.750
1764840145.7090073,1,1,2403,300.375
1764840145.7130063,0,0,5592,699.000
1764840145.7170007,0,0,2988,373.500
1764840145.7210047,0,0,-1969,-246.125
1764840145.7249851,0,0,-1043,-130.375
1764840145.728982,1,1,2652,331.500
1764840145.7330027,0,0,3155,394.375
1764840145.7370038,0,0,-1463,-182.875
1764840145.741006,0,0,-1439,-179.875
1764840145.744999,0,0,2182,272.750
1764840145.7490358,1,1,5452,681.500
1764840145.7530034,0,0,3334,416.750
1764840145.7569978,0,0,-1471,-183.875
1764840145.7610102,0,0,-1490,-186.250
1764840145.765002,0,0,2104,263.000
1764840145.7689958,1,1,5403,675.375
1764840145.772997,0,0,3542,442.750
1764840145.7769995,0,0,-1426,-178.250
1764840145.781006,0,0,-1592,-199.000
1764840145.785002,0,0,1921,240.125
1764840145.789011,1,1,5301,662.625
1764840145.7929926,0,0,3761,470.125
1764840145.79698,0,0,-1369,-171.125
1764840145.8010015,0,0,-1610,-201.250
1764840145.8049948,0,0,1878,234.750
1764840145.8089817,1,1,5265,658.125
1764840145.8129773,0,0,3980,497.500
1764840145.8169782,0,0,-1424,-178.000
1764840145.8209999,0,0,-1594,-199.250
1764840145.825003,0,0,1912,239.000
1764840145.829001,1,1,5261,657.625
1764840145.8330004,0,0,4137,517.125
1764840145.8369966,0,0,-1355,-169.375
1764840145.8410048,0,0,-1657,-207.125
1764840145.845,0,0,1737,217.125
1764840145.849033,1,1,5157,644.625
1764840145.8529966,0,0,4336,542.000
1764840145.8569953,0,0,-1239,-154.875
1764840145.8610039,0,0,-1694,-211.750
1764840145.8649986,0,0,1283,160.375
1764840145.8689983,1,1,4893,611.625
1764840145.873004,0,0,4488,561.000
1764840145.8769972,0,0,-1163,-145.375
1764840145.881002,0,0,-1696,-212.000
1764840145.8849971,0,0,1126,140.750
1764840145.8889966,1,1,4799,599.875
1764840145.8929968,0,0,4698,587.250
1764840145.8970885,0,0,-1284,-160.500
1764840145.9010139,0,0,-1738,-217.250
1764840145.904982,0,0,1460,182.500
1764840145.9089804,1,1,4970,621.250
1764840145.9129977,0,0,4891,611.375
1764840145.9169958,0,0,-1203,-150.375
1764840145.9209998,0,0,-1749,-218.625
1764840145.92498,0,0,1333,166.625
1764840145.9289815,1,1,4874,609.250
1764840145.9329991,0,0,4971,621.375
1764840145.936996,0,0,-1114,-139.250
1764840145.941002,0,0,-1718,-214.750
1764840145.9449942,0,0,1064,133.000
1764840145.9489973,1,1,4700,587.500
1764840145.9530394,0,0,5126,640.750
1764840145.9569983,0,0,-981,-122.625
1764840145.9609966,0,0,-1645,-205.625
1764840145.9649925,0,0,575,71.875
1764840145.9689941,1,1,4381,547.625
1764840145.9729986,0,0,5275,659.375
1764840145.9769962,0,0,-1070,-133.750
1764840145.9809973,0,0,-1801,-225.125
1764840145.9849775,0,0,1081,135.125
1764840145.9889767,1,1,4681,585.125
1764840145.9929965,0,0,5452,681.500
1764840145.9969983,0,0,-997,-124.625
1764840146.0010026,0,0,-1803,-225.375
1764840146.0049934,0,0,1019,127.375
1764840146.0089922,1,1,4618,577.250
1764840146.0129962,0,0,5544,693.000
1764840146.0169966,0,0,-826,-103.250
1764840146.0210001,0,0,-1680,-210.000
1764840146.024993,0,0,564,70.500
1764840146.0289931,1,1,4321,540.125
1764840146.0330029,0,0,5564,695.500
1764840146.0370119,0,0,-712,-89.000
1764840146.041003,0,0,-1428,-178.500
1764840146.0449798,0,0,-361,-45.125
1764840146.0489762,1,1,3612,451.500
1764840146.0530076,0,0,5522,690.250
1764840146.056979,0,0,-629,-78.625
1764840146.0609815,0,0,-1625,-203.125
1764840146.0649796,0,0,266,33.250
1764840146.0689766,1,1,4101,512.625
1764840146.0729954,0,0,5822,727.750
1764840146.0769985,0,0,-521,-65.125
1764840146.081003,0,0,-1802,-225.250
1764840146.0849967,0,0,511,63.875
1764840146.0889966,1,1,4247,530.875
1764840146.092984,0,0,5949,743.625
1764840146.0970829,0,0,-332,-41.500
1764840146.101018,0,0,-1616,-202.000
1764840146.1050014,0,0,102,12.750
1764840146.108999,1,1,3938,492.250
1764840146.1129966,0,0,5937,742.125
1764840146.1169934,0,0,-186,-23.250
1764840146.121001,0,0,-1838,-229.750
1764840146.1249807,0,0,312,39.000
1764840146.1289792,1,1,4066,508.250
1764840146.132997,0,0,6032,754.000
1764840146.1369936,0,0,-31,-3.875
1764840146.1410005,0,0,-1779,-222.375
1764840146.1449947,0,0,154,19.250
1764840146.1489925,1,1,3931,491.375
1764840146.1530068,0,0,6038,754.750
1764840146.1569939,0,0,137,17.125
1764840146.1609974,0,0,-1525,-190.625
1764840146.164993,0,0,-312,-39.000
1764840146.1689925,1,1,3550,443.750
1764840146.172995,0,0,5973,746.625
1764840146.1769907,0,0,348,43.500
1764840146.1809978,0,0,-1496,-187.000
1764840146.1850004,0,0,-473,-59.125
1764840146.1890008,1,1,3400,425.000
1764840146.1929858,0,0,5974,746.750
1764840146.1969757,0,0,572,71.500
1764840146.20099,0,0,-1712,-214.000
1764840146.2049906,0,0,-315,-39.375
1764840146.2089949,1,1,3519,439.875
1764840146.2129831,0,0,6060,757.500
1764840146.216972,0,0,818,102.250
1764840146.2209907,0,0,-1664,-208.000
1764840146.2249768,0,0,-506,-63.250
1764840146.2289772,1,1,3339,417.375
1764840146.2329948,0,0,6022,752.750
1764840146.236996,0,0,1025,128.125
1764840146.2410047,0,0,-1614,-201.750
1764840146.2453725,0,0,-661,-82.625
1764840146.2491102,1,1,3188,398.500
1764840146.2530107,0,0,5993,749.125
1764840146.2570393,0,0,1257,157.125
1764840146.2609956,0,0,-1591,-198.875
1764840146.2649925,0,0,-779,-97.375
1764840146.2689884,1,1,3065,383.125
1764840146.2729926,0,0,5965,745.625
1764840146.2769928,0,0,1528,191.000
1764840146.280993,0,0,-2032,-254.000
1764840146.2849903,0,0,-500,-62.500
1764840146.2889907,1,1,3293,411.625
1764840146.292993,0,0,6048,756.000
1764840146.3023763,0,0,-1025,-128.125
1764840146.3050246,0,0,-1025,-128.125
1764840146.3090034,1,1,2787,348.375
1764840146.3129995,0,0,5858,732.250
1764840146.3169928,0,0,1906,238.250
1764840146.3209958,0,0,-1631,-203.875
1764840146.3249905,0,0,-978,-122.250
1764840146.3289902,1,1,2824,353.000
1764840146.3329923,0,0,5882,735.250
1764840146.3369925,0,0,2234,279.250
1764840146.340997,0,0,-2050,-256.250
1764840146.3449948,0,0,-767,-95.875
1764840146.3489904,1,1,3008,376.000
1764840146.3529913,0,0,5940,742.500
1764840146.357031,0,0,2421,302.625
1764840146.3609996,0,0,-1972,-246.500
1764840146.3649902,0,0,-873,-109.125
1764840146.3689878,1,1,2889,361.125
1764840146.372989,0,0,5873,734.125
1764840146.3769906,0,0,2609,326.125
1764840146.380997,0,0,-1078,-134.750
1764840146.3849895,0,0,2669,333.625
1764840146.3889916,1,1,5764,720.500
1764840146.3929935,0,0,2814,351.750
1764840146.396986,0,0,-1627,-203.375
1764840146.4009974,0,0,-1257,-157.125
1764840146.4049907,0,0,2452,306.500
1764840146.4089892,1,1,5652,706.500
1764840146.4129872,0,0,3027,378.375
1764840146.4169872,0,0,-1414,-176.750
1764840146.4209964,0,0,-1520,-190.000
1764840146.4249902,0,0,2092,261.500
1764840146.42899,1,1,5477,684.625
1764840146.4329915,0,0,3208,401.000
1764840146.4369895,0,0,-1544,-193.000
1764840146.4410005,0,0,-1424,-178.000
1764840146.444998,0,0,2224,278.000
1764840146.4489977,1,1,5530,691.250
1764840146.4529784,0,0,3500,437.500
1764840146.4570067,0,0,-1602,-200.250
1764840146.4609947,0,0,-1411,-176.375
1764840146.4649901,0,0,2228,278.500
1764840146.4689898,1,1,5509,688.625
1764840146.4729826,0,0,3682,460.250
1764840146.4769726,0,0,-1399,-174.875
1764840146.481052,0,0,-1619,-202.375
1764840146.4849966,0,0,1864,233.000
1764840146.488985,1,1,5313,664.125
1764840146.4929745,0,0,3893,486.625
1764840146.4969716,0,0,-1461,-182.625
1764840146.5010562,0,0,-1573,-196.625
1764840146.5050097,0,0,1970,246.250
1764840146.5089831,1,1,5345,668.125
1764840146.5129757,0,0,4077,509.625
1764840146.5169702,0,0,-1424,-178.000
1764840146.5209818,0,0,-1624,-203.000
1764840146.5249853,0,0,1867,233.375
1764840146.5289812,1,1,5271,658.875
1764840146.5329726,0,0,4261,532.625
1764840146.5369692,0,0,-1381,-172.625
1764840146.540998,0,0,-1670,-208.750
1764840146.544986,0,0,1748,218.500
1764840146.5489824,1,1,5186,648.250
1764840146.5529752,0,0,4443,555.375
1764840146.556969,0,0,-1346,-168.250
1764840146.5610297,0,0,-1701,-212.625
1764840146.5650322,0,0,1635,204.375
1764840146.56903,1,1,5100,637.500
1764840146.5730276,0,0,4528,566.000
1764840146.5770247,0,0,-1197,-149.625
1764840146.5810366,0,0,-1692,-211.500
1764840146.5850558,0,0,1168,146.000
1764840146.5890408,1,1,4828,603.500
1764840146.5930192,0,0,4717,589.625
1764840146.5970066,0,0,-1278,-159.750
1764840146.6010246,0,0,-1742,-217.750
1764840146.6050296,0,0,1497,187.125
1764840146.6090295,1,1,4996,624.500
1764840146.613016,0,0,4923,615.375
1764840146.6170063,0,0,-1152,-144.000
1764840146.6210403,0,0,-1726,-215.750
1764840146.625033,0,0,1152,144.000
1764840146.6290274,1,1,4778,597.250
1764840146.6330314,0,0,5072,634.000
1764840146.6370249,0,0,-1378,-172.250
1764840146.6410313,0,0,-1784,-223.000
1764840146.6450238,0,0,1534,191.750
1764840146.6490252,1,1,4959,619.875
1764840146.653028,0,0,5201,650.125
1764840146.6570227,0,0,-1079,-134.875
1764840146.6610875,0,0,-1738,-217.250
1764840146.6649861,0,0,1019,127.375
1764840146.6689816,1,1,4641,580.125
1764840146.672987,0,0,5267,658.375
1764840146.6769798,0,0,-984,-123.000
1764840146.680987,0,0,-1733,-216.625
1764840146.6849647,0,0,919,114.875
1764840146.688967,1,1,4562,570.250
1764840146.6929853,0,0,5378,672.250
1764840146.6969817,0,0,-927,-115.875
1764840146.701058,0,0,-1718,-214.750
1764840146.7049901,0,0,773,96.625
1764840146.708989,1,1,4451,556.375
1764840146.7129772,0,0,5527,690.875
1764840146.716966,0,0,-838,-104.750
1764840146.7209756,0,0,-1716,-214.500
1764840146.7249815,0,0,649,81.125
1764840146.7289822,1,1,4350,543.750
1764840146.7329705,0,0,5627,703.375
1764840146.7369668,0,0,-842,-105.250
1764840146.7410097,0,0,-1956,-244.500
1764840146.7449813,0,0,1137,142.125
1764840146.7489812,1,1,4619,577.375
1764840146.7529879,0,0,5752,719.000
1764840146.756983,0,0,-617,-77.125
1764840146.7610419,0,0,-1616,-202.000
1764840146.7649808,0,0,289,36.125
1764840146.768978,1,1,4054,506.750
1764840146.7729828,0,0,5697,712.125
1764840146.776983,0,0,-543,-67.875
1764840146.7809877,0,0,-1620,-202.500
1764840146.784977,0,0,256,32.000
1764840146.7889783,1,1,4020,502.500
1764840146.792982,0,0,5788,723.500
1764840146.7969801,0,0,-408,-51.000
1764840146.8009849,0,0,-1601,-200.125
1764840146.804964,0,0,127,15.875
1764840146.8089628,1,1,3911,488.875
1764840146.8129797,0,0,5863,732.875
1764840146.8169818,0,0,-226,-28.250
1764840146.8209863,0,0,-1746,-218.250
1764840146.8249807,0,0,282,35.250
1764840146.8289802,1,1,3998,499.750
1764840146.8329813,0,0,5956,744.500
1764840146.8369799,0,0,-44,-5.500
1764840146.8409848,0,0,-1654,-206.750
1764840146.8449783,0,0,32,4.000
1764840146.8489773,1,1,3797,474.625
1764840146.852982,0,0,5943,742.875
1764840146.8569872,0,0,143,17.875
1764840146.8609955,0,0,-1742,-217.750
1764840146.8649693,0,0,33,4.125
1764840146.8689616,1,1,3775,471.875
1764840146.872979,0,0,5980,747.500
1764840146.8769772,0,0,317,39.625
1764840146.880981,0,0,-1682,-210.250
1764840146.8849647,0,0,-165,-20.625
1764840146.8889637,1,1,3617,452.125
1764840146.8929799,0,0,5971,746.375
1764840146.896978,0,0,393,49.125
1764840146.9010587,0,0,-1085,-135.625
1764840146.9049895,0,0,-1153,-144.125
1764840146.9089808,1,1,2685,335.625
1764840146.912969,0,0,5679,709.875
1764840146.9169607,0,0,771,96.375
1764840146.920973,0,0,-1781,-222.625
1764840146.9249804,0,0,-342,-42.750
1764840146.9289792,1,1,3458,432.250
1764840146.9329672,0,0,6031,753.875
1764840146.9369624,0,0,1048,131.000
1764840146.941004,0,0,-2003,-250.375
1764840146.9449792,0,0,-258,-32.250
1764840146.9489808,1,1,3503,437.875
1764840146.9529831,0,0,6056,757.000
1764840146.956976,0,0,1242,155.250
1764840146.9609842,0,0,-1651,-206.375
1764840146.9650142,0,0,-674,-84.250
1764840146.9689794,1,1,3134,391.750
1764840146.9729776,0,0,5935,741.875
1764840146.9769764,0,0,1459,182.375
1764840146.980977,0,0,-1485,-185.625
1764840146.984979,0,0,-950,-118.750
1764840146.9889877,1,1,2857,357.125
1764840146.9929745,0,0,5844,730.500
1764840146.996963,0,0,1729,216.125
1764840147.000962,0,0,-1878,-234.750
1764840147.0049598,0,0,-678,-84.750
1764840147.0089622,1,1,3103,387.875
1764840147.0129635,0,0,5945,743.125
1764840147.0169628,0,0,1959,244.875
1764840147.020998,0,0,-1721,-215.125
1764840147.0249753,0,0,-908,-113.500
1764840147.0289776,1,1,2869,358.625
1764840147.0329823,0,0,2182,272.750
1764840147.0369754,0,0,-1602,-200.250
1764840147.040979,0,0,-1101,-137.625
1764840147.0449753,0,0,2653,331.625
1764840147.0489736,1,1,5753,719.125
1764840147.0529656,0,0,2401,300.125
1764840147.0569608,0,0,-1913,-239.125
1764840147.0609746,0,0,-902,-112.750
1764840147.0650089,0,0,2845,355.625
1764840147.0689747,1,1,5821,727.625
1764840147.0729814,0,0,2551,318.875
1764840147.0769775,0,0,-1298,-162.250
1764840147.080984,0,0,-1518,-189.750
1764840147.0849748,0,0,2104,263.000
1764840147.088973,1,1,5497,687.125
1764840147.0929759,0,0,2825,353.125
1764840147.096978,0,0,-1506,-188.250
1764840147.101054,0,0,-1354,-169.250
1764840147.104987,0,0,2330,291.250
1764840147.1089783,1,1,5602,700.250
1764840147.112971,0,0,3080,385.000
1764840147.1169622,0,0,-1518,-189.750
1764840147.1209772,0,0,-1424,-178.000
1764840147.1249785,0,0,2229,278.625
1764840147.128974,1,1,5544,693.000
1764840147.1329632,0,0,3303,412.875
1764840147.1369617,0,0,-1482,-185.250
1764840147.1409886,0,0,-1504,-188.000
1764840147.1449816,0,0,2103,262.875
1764840147.1489763,1,1,5467,683.375
1764840147.1529794,0,0,3556,444.500
1764840147.1569736,0,0,-2047,-255.875
1764840147.1609848,0,0,-1132,-141.500
1764840147.1650147,0,0,2547,318.375
1764840147.1689808,1,1,5642,705.250
1764840147.1729643,0,0,3731,466.375
1764840147.1769571,0,0,-1573,-196.625
1764840147.180973,0,0,-1462,-182.750
1764840147.1849756,0,0,2138,267.250
1764840147.1889756,1,1,5422,677.750
1764840147.1929657,0,0,3873,484.125
1764840147.1969595,0,0,-1386,-173.250
1764840147.2009873,0,0,-1626,-203.250
1764840147.2049792,0,0,1845,230.625
1764840147.2089777,1,1,5260,657.500
1764840147.212976,0,0,4078,509.750
1764840147.216973,0,0,-1395,-174.375
1764840147.2209768,0,0,-1635,-204.375
1764840147.2249753,0,0,1838,229.750
1764840147.228975,1,1,5233,654.125
1764840147.2329798,0,0,4290,536.250
1764840147.2369735,0,0,-1512,-189.000
1764840147.2409842,0,0,-1604,-200.500
1764840147.2453444,0,0,1894,236.750
1764840147.2490819,1,1,5233,654.125
1764840147.2529945,0,0,4451,556.375
1764840147.2569723,0,0,-1619,-202.375
1764840147.2609727,0,0,-1581,-197.625
1764840147.2649739,0,0,1924,240.500
1764840147.2690153,1,1,5216,652.000
1764840147.2729754,0,0,4608,576.000
1764840147.276973,0,0,-1282,-160.250
1764840147.2809744,0,0,-1719,-214.875
1764840147.284973,0,0,1475,184.375
1764840147.288975,1,1,4952,619.000
1764840147.2929673,0,0,4712,589.000
1764840147.2969606,0,0,-1255,-156.875
1764840147.3063476,0,0,1314,164.250
1764840147.3089917,1,1,4845,605.625
1764840147.3130217,0,0,4959,619.875
1764840147.317006,0,0,-1447,-180.875
1764840147.3209736,0,0,-1231,-153.875
1764840147.3249705,0,0,2266,283.250
1764840147.3289692,1,1,5271,658.875
1764840147.332972,0,0,5015,626.875
1764840147.3369691,0,0,-1232,-154.000
1764840147.3409915,0,0,-1759,-219.875
1764840147.3449733,0,0,1408,176.000
1764840147.3489707,1,1,4820,602.500
1764840147.3529756,0,0,5076,634.500
1764840147.3569708,0,0,-1037,-129.625
1764840147.3609796,0,0,-1687,-210.875
1764840147.3649669,0,0,826,103.250
1764840147.369004,1,1,4463,557.875
1764840147.3729718,0,0,5192,649.000
1764840147.3769696,0,0,-927,-115.875
1764840147.3809748,0,0,-1679,-209.875
1764840147.3849669,0,0,684,85.500
1764840147.3889678,1,1,4360,545.000
1764840147.392973,0,0,5336,667.000
1764840147.3969715,0,0,-874,-109.250
1764840147.4009795,0,0,-1710,-213.750
1764840147.4049692,0,0,718,89.750
1764840147.4089682,1,1,4367,545.875
1764840147.4129663,0,0,5462,682.750
1764840147.41697,0,0,-933,-116.625
1764840147.4209764,0,0,-1845,-230.625
1764840147.42497,0,0,1009,126.125
1764840147.4289649,1,1,4522,565.250
1764840147.4329715,0,0,5593,699.125
1764840147.4369695,0,0,-688,-86.000
1764840147.4409723,0,0,-1668,-208.500
1764840147.444968,0,0,482,60.250
1764840147.4489675,1,1,4169,521.125
1764840147.4529684,0,0,5618,702.250
1764840147.4569654,0,0,-638,-79.750
1764840147.4609957,0,0,-1661,-207.625
1764840147.4649727,0,0,398,49.750
1764840147.4690063,1,1,4096,512.000
1764840147.472976,0,0,5709,713.625
1764840147.4769673,0,0,-564,-70.500
1764840147.4809763,0,0,-1811,-226.375
1764840147.4849765,0,0,631,78.875
1764840147.4889712,1,1,4229,528.625
1764840147.4929667,0,0,5819,727.375
1764840147.4969678,0,0,-330,-41.250
1764840147.5009828,0,0,-1525,-190.625
1764840147.505041,0,0,-73,-9.125
1764840147.5089843,1,1,3721,465.125
1764840147.5129666,0,0,5764,720.500
1764840147.5169635,0,0,-229,-28.625
1764840147.52102,0,0,-1611,-201.375
1764840147.525005,0,0,79,9.875
1764840147.5289798,1,1,3820,477.500
1764840147.5329702,0,0,5866,733.250
1764840147.5369625,0,0,-44,-5.500
1764840147.5409806,0,0,-1700,-212.500
1764840147.5449777,0,0,119,14.875
1764840147.5489776,1,1,3830,478.750
1764840147.5529678,0,0,5921,740.125
1764840147.5569627,0,0,147,18.375
1764840147.56098,0,0,-1800,-225.000
1764840147.5649908,0,0,111,13.875
1764840147.568974,1,1,3801,475.125
1764840147.5730348,0,0,5937,742.125
1764840147.5770211,0,0,251,31.375
1764840147.5810266,0,0,-1574,-196.750
1764840147.585026,0,0,-239,-29.875
1764840147.5890281,1,1,3526,440.750
1764840147.5930126,0,0,5916,739.500
1764840147.5970128,0,0,581,72.625
1764840147.6010222,0,0,-1924,-240.500
1764840147.6050208,0,0,-22,-2.750
1764840147.60902,1,1,3670,458.750
1764840147.613018,0,0,5974,746.750
1764840147.6169975,0,0,706,88.250
1764840147.6210344,0,0,-1681,-210.125
1764840147.625024,0,0,-345,-43.125
1764840147.62902,1,1,3400,425.000
1764840147.6330237,0,0,5911,738.875
1764840147.6370192,0,0,976,122.000
1764840147.6410258,0,0,-2228,-278.500
1764840147.645021,0,0,52,6.500
1764840147.6490202,1,1,3680,460.000
1764840147.6530168,0,0,5998,749.750
1764840147.657018,0,0,1095,136.875
1764840147.6610231,0,0,-1719,-214.875
1764840147.665018,0,0,-490,-61.250
1764840147.6690202,1,1,3239,404.875
1764840147.6730232,0,0,5860,732.500
1764840147.676976,0,0,1331,166.375
1764840147.6809788,0,0,-807,-100.875
1764840147.6849759,0,0,2942,367.750
1764840147.6889722,1,1,5764,720.500
1764840147.692977,0,0,1585,198.125
1764840147.696971,0,0,-1451,-181.375
1764840147.7009714,0,0,-975,-121.875
1764840147.7050514,0,0,2769,346.125
1764840147.708991,1,1,5711,713.875
1764840147.7129724,0,0,1871,233.875
1764840147.716955,0,0,-1799,-224.875
1764840147.7209728,0,0,-772,-96.500
1764840147.724974,0,0,2952,369.000
1764840147.7289743,1,1,5783,722.875
1764840147.7329621,0,0,2126,265.750
1764840147.7369587,0,0,-1702,-212.750
1764840147.7409716,0,0,-917,-114.625
1764840147.744974,0,0,2803,350.375
1764840147.7489736,1,1,5716,714.500
1764840147.7529771,0,0,2334,291.750
1764840147.7569754,0,0,-1878,-234.750
1764840147.7609792,0,0,-849,-106.125
1764840147.76497,0,0,2854,356.750
1764840147.7689698,1,1,5724,715.500
1764840147.773016,0,0,2501,312.625
1764840147.7769744,0,0,-1695,-211.875
1764840147.7809792,0,0,-1033,-129.125
1764840147.7849722,0,0,2661,332.625
1764840147.7889674,1,1,5646,705.750
1764840147.7929742,0,0,2587,323.375
1764840147.7969742,0,0,-1135,-141.875
1764840147.8009758,0,0,-1670,-208.750
1764840147.8049529,0,0,1240,155.000
1764840147.8089528,1,1,4953,619.125
1764840147.812973,0,0,2963,370.375
1764840147.8169715,0,0,-1905,-238.125
1764840147.8209789,0,0,-1092,-136.500
1764840147.8249726,0,0,2598,324.750
1764840147.8289697,1,1,5642,705.250
1764840147.8329725,0,0,3269,408.625
1764840147.8369713,0,0,-1622,-202.750
1764840147.840979,0,0,-1337,-167.125
1764840147.8449733,0,0,2312,289.000
1764840147.8489695,1,1,5495,686.875
1764840147.8529673,0,0,3484,435.500
1764840147.85697,0,0,-1597,-199.625
1764840147.8609784,0,0,-1391,-173.875
1764840147.8649738,0,0,2227,278.375
1764840147.8689694,1,1,5433,679.125
1764840147.872987,0,0,3698,462.250
1764840147.8769739,0,0,-1728,-216.000
1764840147.8809772,0,0,-1357,-169.625
1764840147.8849707,0,0,2251,281.375
1764840147.8889787,1,1,5412,676.500
1764840147.892967,0,0,3921,490.125
1764840147.8969524,0,0,-1945,-243.125
1764840147.9009728,0,0,-1281,-160.125
1764840147.9050534,0,0,2321,290.125
1764840147.908985,1,1,5405,675.625
1764840147.9129672,0,0,4032,504.000
1764840147.9169528,0,0,-1357,-169.625
1764840147.9209726,0,0,-1642,-205.250
1764840147.9249723,0,0,1761,220.125
1764840147.9289715,1,1,5115,639.375
1764840147.9329615,0,0,4197,524.625
1764840147.936951,0,0,-1426,-178.250
1764840147.9409845,0,0,-1624,-203.000
1764840147.9449756,0,0,1830,228.750
1764840147.948984,1,1,5125,640.625
1764840147.9529738,0,0,4372,546.500
1764840147.9569705,0,0,-1414,-176.750
1764840147.9609756,0,0,-1641,-205.125
1764840147.9649827,0,0,1795,224.375
1764840147.9689715,1,1,5083,635.375
1764840147.97298,0,0,4506,563.250
1764840147.9769745,0,0,-1140,-142.500
1764840147.9809725,0,0,-1682,-210.250
1764840147.9849544,0,0,1064,133.000
1764840147.988956,1,1,4675,584.375
1764840147.9929721,0,0,4604,575.500
1764840147.9969704,0,0,-1093,-136.625
1764840148.0009744,0,0,-1663,-207.875
1764840148.0049667,0,0,817,102.125
1764840148.0089679,1,1,4527,565.875
1764840148.0129712,0,0,4811,601.375
1764840148.0169654,0,0,-1163,-145.375
1764840148.0209696,0,0,-1718,-214.750
1764840148.0249498,0,0,1126,140.750
1764840148.028949,1,1,4705,588.125
1764840148.0329688,0,0,5049,631.125
1764840148.0369687,0,0,-1042,-130.250
1764840148.0409725,0,0,-1676,-209.500
1764840148.0449672,0,0,751,93.875
1764840148.0489666,1,1,4462,557.750
1764840148.0529585,0,0,5174,646.750
1764840148.0569515,0,0,-1047,-130.875
1764840148.0609577,0,0,-1752,-219.000
1764840148.0649638,0,0,1021,127.625
1764840148.0689623,1,1,4611,576.375
1764840148.0729864,0,0,5347,668.375
1764840148.0769725,0,0,-1093,-136.625
1764840148.0809736,0,0,-1818,-227.250
1764840148.0849626,0,0,1116,139.500
1764840148.0889633,1,1,4643,580.375
1764840148.092971,0,0,5465,683.125
1764840148.096966,0,0,-962,-120.250
1764840148.1009698,0,0,-1793,-224.125
1764840148.1050525,0,0,962,120.250
1764840148.1089792,1,1,4524,565.500
1764840148.1129646,0,0,5554,694.250
1764840148.1169522,0,0,-860,-107.500
1764840148.1209736,0,0,-1805,-225.625
1764840148.1249695,0,0,878,109.750
1764840148.1289656,1,1,4443,555.375
1764840148.1329577,0,0,5632,704.000
1764840148.1369507,0,0,-689,-86.125
1764840148.1409826,0,0,-1713,-214.125
1764840148.1449697,0,0,568,71.000
1764840148.1489675,1,1,4224,528.000
1764840148.1529691,0,0,5685,710.625
1764840148.156968,0,0,-674,-84.250
1764840148.1609764,0,0,-1891,-236.375
1764840148.1649694,0,0,786,98.250
1764840148.168963,1,1,4336,542.000
1764840148.1729565,0,0,5780,722.500
1764840148.1769652,0,0,-508,-63.500
1764840148.1809733,0,0,-1704,-213.000
1764840148.1849666,0,0,413,51.625
1764840148.188965,1,1,4071,508.875
1764840148.1929665,0,0,5790,723.750
1764840148.1969697,0,0,-388,-48.500
1764840148.20098,0,0,-2035,-254.375
1764840148.204955,0,0,704,88.000
1764840148.2089517,1,1,4233,529.125
1764840148.2129714,0,0,5881,735.125
1764840148.2169673,0,0,-235,-29.375
1764840148.2209713,0,0,-2001,-250.125
1764840148.2249515,0,0,562,70.250
1764840148.228953,1,1,4110,513.750
1764840148.2329683,0,0,5892,736.500
1764840148.236967,0,0,-69,-8.625
1764840148.2409778,0,0,-1713,-214.125
1764840148.2453523,0,0,196,24.500
1764840148.249082,1,1,3834,479.250
1764840148.2529876,0,0,5857,732.125
1764840148.2569654,0,0,129,16.125
1764840148.2609665,0,0,-2130,-266.250
1764840148.2649517,0,0,450,56.250
1764840148.2689526,1,1,3982,497.750
1764840148.2729537,0,0,5914,739.250
1764840148.2769916,0,0,247,30.875
1764840148.2809618,0,0,-1732,-216.500
1764840148.2849698,0,0,28,3.500
1764840148.2889664,1,1,3669,458.625
1764840148.2929688,0,0,5858,732.250
1764840148.2969673,0,0,458,57.250
1764840148.3009677,0,0,-1528,-191.000
1764840148.3103626,0,0,5805,725.625
1764840148.312996,0,0,5805,725.625
1764840148.3169723,0,0,879,109.875
1764840148.32097,0,0,-2164,-270.500
1764840148.3249493,0,0,459,57.375
1764840148.328951,1,1,3899,487.375
1764840148.3329682,0,0,833,104.125
1764840148.3369653,0,0,-1444,-180.500
1764840148.340967,0,0,-680,-85.000
1764840148.344946,0,0,3041,380.125
1764840148.3489485,1,1,5697,712.125
1764840148.3529682,0,0,1093,136.625
1764840148.3569682,0,0,-1412,-176.500
1764840148.3609755,0,0,-836,-104.500
1764840148.3649669,0,0,2893,361.625
1764840148.368965,1,1,5675,709.375
1764840148.3729694,0,0,1345,168.125
1764840148.3770025,0,0,-1646,-205.750
1764840148.3809743,0,0,-662,-82.750
1764840148.3849654,0,0,3044,380.500
1764840148.3889642,1,1,5749,718.625
1764840148.3929706,0,0,1598,199.750
1764840148.3969674,0,0,-1623,-202.875
1764840148.400969,0,0,-804,-100.500
1764840148.4049623,0,0,2904,363.000
1764840148.4089618,1,1,5703,712.875
1764840148.4129899,0,0,1811,226.375
1764840148.4169765,0,0,-1344,-168.000
1764840148.4209712,0,0,-1172,-146.500
1764840148.4249465,0,0,2526,315.750
1764840148.4289427,1,1,5571,696.375
1764840148.4329643,0,0,2143,267.875
1764840148.4369676,0,0,-1606,-200.750
1764840148.440969,0,0,-1022,-127.750
1764840148.4449482,0,0,2673,334.125
1764840148.4489455,1,1,5632,704.000
1764840148.452964,0,0,2404,300.500
1764840148.456964,0,0,-1993,-249.125
1764840148.4609697,0,0,-810,-101.250
1764840148.4649627,0,0,2865,358.125
1764840148.4689639,1,1,5690,711.250
1764840148.472965,0,0,2554,319.250
1764840148.4769626,0,0,-1361,-170.125
1764840148.480973,0,0,-1370,-171.250
1764840148.4849648,0,0,2262,282.750
1764840148.4889624,1,1,5437,679.625
1764840148.4929657,0,0,2786,348.250
1764840148.4969609,0,0,-1565,-195.625
1764840148.5009706,0,0,-1238,-154.750
1764840148.5049639,0,0,2416,302.000
1764840148.5090518,1,1,5501,687.625
1764840148.5129714,0,0,3005,375.625
1764840148.516948,0,0,-1645,-205.625
1764840148.520967,0,0,-1252,-156.500
1764840148.5249643,0,0,2390,298.750
1764840148.5289621,1,1,5473,684.125
1764840148.5329552,0,0,3252,406.500
1764840148.536945,0,0,-1422,-177.750
1764840148.5409946,0,0,-1504,-188.000
1764840148.5449696,0,0,2053,256.625
1764840148.5489655,1,1,5309,663.625
1764840148.552955,0,0,3466,433.250
1764840148.5569456,0,0,-1297,-162.125
1764840148.5609643,0,0,-1650,-206.250
1764840148.5649655,0,0,1621,202.625
1764840148.568964,1,1,5090,636.250
1764840148.572969,0,0,3676,459.500
1764840148.5769608,0,0,-1671,-208.875
1764840148.5810041,0,0,-1385,-173.125
1764840148.58497,0,0,2209,276.125
1764840148.5889735,1,1,5365,670.625
1764840148.5929594,0,0,3900,487.500
1764840148.5969446,0,0,-1545,-193.125
1764840148.6009607,0,0,-1496,-187.000
1764840148.604963,0,0,2049,256.125
1764840148.6089654,1,1,5260,657.500
1764840148.6129558,0,0,4050,506.250
1764840148.6169448,0,0,-1308,-163.500
1764840148.6209633,0,0,-1669,-208.625
1764840148.6249628,0,0,1618,202.250
1764840148.6289616,1,1,5031,628.875
1764840148.6329675,0,0,4276,534.500
1764840148.636966,0,0,-1332,-166.500
1764840148.6409688,0,0,-1682,-210.250
1764840148.6449616,0,0,1645,205.625
1764840148.6489637,1,1,5023,627.875
1764840148.6529694,0,0,4445,555.625
1764840148.6569643,0,0,-1351,-168.875
1764840148.6609676,0,0,-1692,-211.500
1764840148.6649592,0,0,1666,208.250
1764840148.668959,1,1,5021,627.625
1764840148.672966,0,0,4516,564.500
1764840148.6769607,0,0,-1131,-141.375
1764840148.6809845,0,0,-1631,-203.875
1764840148.68496,0,0,617,77.125
1764840148.6889591,1,1,4400,550.000
1764840148.692964,0,0,4666,583.250
1764840148.6969607,0,0,-1153,-144.125
1764840148.7009692,0,0,-1706,-213.250
1764840148.704958,0,0,1112,139.000
1764840148.709047,1,1,4711,588.875
1764840148.712989,0,0,4956,619.500
1764840148.7169502,0,0,-1281,-160.125
1764840148.720969,0,0,-1781,-222.625
1764840148.724961,0,0,1442,180.250
1764840148.7289581,1,1,4873,609.125
1764840148.732947,0,0,5145,643.125
1764840148.7369437,0,0,-1191,-148.875
1764840148.7409625,0,0,-1801,-225.125
1764840148.744965,0,0,1315,164.375
1764840148.74896,1,1,4771,596.375
1764840148.7529624,0,0,5265,658.125
1764840148.7569609,0,0,-963,-120.375
1764840148.7609696,0,0,-1710,-213.750
1764840148.7649598,0,0,808,101.000
1764840148.7689593,1,1,4447,555.875
1764840148.772963,0,0,5307,663.375
1764840148.776973,0,0,-1075,-134.375
1764840148.7810032,0,0,-1833,-229.125
1764840148.784945,0,0,1157,144.625
1764840148.7889404,1,1,4636,579.500
1764840148.7929611,0,0,5460,682.500
1764840148.7969592,0,0,-962,-120.250
1764840148.8009565,0,0,-1820,-227.500
1764840148.8049426,0,0,1024,128.000
1764840148.8089433,1,1,4528,566.000
1764840148.8129601,0,0,5562,695.250
1764840148.816957,0,0,-856,-107.000
1764840148.8209665,0,0,-1814,-226.750
1764840148.824961,0,0,886,110.750
1764840148.828959,1,1,4415,551.875
1764840148.8329604,0,0,5626,703.250
1764840148.8369582,0,0,-786,-98.250
1764840148.8409643,0,0,-1909,-238.625
1764840148.844959,0,0,928,116.000
1764840148.8489609,1,1,4411,551.375
1764840148.852965,0,0,5693,711.625
1764840148.8569572,0,0,-570,-71.250
1764840148.8609626,0,0,-1634,-204.250
1764840148.8649592,0,0,311,38.875
1764840148.8689609,1,1,3993,499.125
1764840148.8729615,0,0,5679,709.875
1764840148.8769546,0,0,-441,-55.125
1764840148.8809628,0,0,-1587,-198.375
1764840148.8849938,0,0,132,16.500
1764840148.888959,1,1,3854,481.750
1764840148.892962,0,0,5729,716.125
1764840148.8969555,0,0,-327,-40.875
1764840148.9009624,0,0,-1631,-203.875
1764840148.9049559,0,0,175,21.875
1764840148.9090483,1,1,3872,484.000
1764840148.9129658,0,0,5818,727.250
1764840148.9169405,0,0,-170,-21.250
1764840148.9209569,0,0,-1680,-210.000
1764840148.9249563,0,0,202,25.250
1764840148.9289563,1,1,3874,484.250
1764840148.9329524,0,0,5872,734.000
1764840148.9369411,0,0,14,1.750
1764840148.940959,0,0,-1741,-217.625
1764840148.9449594,0,0,154,19.250
1764840148.9489615,1,1,3818,477.250
1764840148.9529648,0,0,5897,737.125
1764840148.9569616,0,0,175,21.875
1764840148.960968,0,0,-1505,-188.125
1764840148.9649584,0,0,-298,-37.250
1764840148.9689558,1,1,3464,433.000
1764840148.9729507,0,0,5845,730.625
1764840148.9769418,0,0,435,54.375
1764840148.9809647,0,0,-1688,-211.000
1764840148.9849737,0,0,3533,441.625
1764840148.9889588,1,1,5904,738.000
1764840148.9929652,0,0,665,83.125
1764840148.9969585,0,0,-1804,-225.500
1764840149.000966,0,0,-194,-24.250
1764840149.0049608,0,0,3506,438.250
1764840149.008963,1,1,5914,739.250
1764840149.0129566,0,0,887,110.875
1764840149.0169418,0,0,-1991,-248.875
1764840149.0209594,0,0,-126,-15.750
1764840149.0249557,0,0,3541,442.625
1764840149.0289576,1,1,5935,741.875
1764840149.0329485,0,0,1102,137.750
1764840149.0369394,0,0,-1870,-233.750
1764840149.0409606,0,0,-336,-42.000
1764840149.0449567,0,0,3353,419.125
1764840149.0489507,1,1,5872,734.000
1764840149.0529497,0,0,1279,159.875
1764840149.0569527,0,0,-1665,-208.125
1764840149.0609593,0,0,-592,-74.000
1764840149.0649579,0,0,3125,390.625
1764840149.068957,1,1,5801,725.125
1764840149.0729585,0,0,1506,188.250
1764840149.076953,0,0,-1952,-244.000
1764840149.0809639,0,0,-442,-55.250
1764840149.0849717,0,0,3234,404.250
1764840149.0889556,1,1,5833,729.125
1764840149.0929577,0,0,1680,210.000
1764840149.0969524,0,0,-1532,-191.500
1764840149.100964,0,0,-930,-116.250
1764840149.104955,0,0,2786,348.250
1764840149.10904,1,1,5674,709.250
1764840149.1129625,0,0,1989,248.625
1764840149.1169386,0,0,-2234,-279.250
1764840149.1209624,0,0,-455,-56.875
1764840149.1249566,0,0,3190,398.750
1764840149.1289554,1,1,5804,725.500
1764840149.1329467,0,0,2173,271.625
1764840149.1369357,0,0,-1586,-198.250
1764840149.1409724,0,0,-1046,-130.750
1764840149.1449597,0,0,2638,329.750
1764840149.1489604,1,1,5589,698.625
1764840149.1529574,0,0,2410,301.250
1764840149.1569521,0,0,-1961,-245.125
1764840149.160963,0,0,-830,-103.750
1764840149.1649632,0,0,2832,354.000
1764840149.1689544,1,1,5645,705.625
1764840149.1729581,0,0,2604,325.500
1764840149.176952,0,0,-1910,-238.750
1764840149.1809704,0,0,-912,-114.000
1764840149.184955,0,0,2745,343.125
1764840149.1889687,1,1,5594,699.250
1764840149.192958,0,0,2793,349.125
1764840149.1969645,0,0,-1589,-198.625
1764840149.200959,0,0,-1227,-153.375
1764840149.2049518,0,0,2405,300.625
1764840149.208956,1,1,5437,679.625
1764840149.212964,0,0,3065,383.125
1764840149.2169602,0,0,-1810,-226.250
1764840149.2209787,0,0,-1120,-140.000
1764840149.2249503,0,0,2503,312.875
1764840149.2289486,1,1,5454,681.750
1764840149.2329547,0,0,3269,408.625
1764840149.2369673,0,0,-1976,-247.000
1764840149.240962,0,0,-1076,-134.500
1764840149.2453327,0,0,2535,316.875
1764840149.2490702,1,1,5437,679.625
1764840149.2529802,0,0,3422,427.750
1764840149.2569551,0,0,-1557,-194.625
1764840149.2609568,0,0,-1410,-176.250
1764840149.264951,0,0,2143,267.875
1764840149.26895,1,1,5244,655.500
1764840149.2729537,0,0,3634,454.250
1764840149.2769527,0,0,-1885,-235.625
1764840149.2809565,0,0,-1239,-154.875
1764840149.2849522,0,0,2333,291.625
1764840149.2889907,1,1,5297,662.125
1764840149.2929535,0,0,3784,473.000
1764840149.2969372,0,0,-1385,-173.125
1764840149.3009417,0,0,-1595,-199.375
1764840149.3052392,0,0,1844,230.500
1764840149.315077,0,0,-1387,-173.375
1764840149.3169744,0,0,-1387,-173.375
1764840149.3209689,0,0,49,6.125
1764840149.3249416,0,0,3326,415.750
1764840149.3289378,1,1,5567,695.875
1764840149.3329604,0,0,4043,505.375
1764840149.3369565,0,0,-1279,-159.875
1764840149.340959,0,0,-1645,-205.625
1764840149.3449402,0,0,1645,205.625
1764840149.3489382,1,1,4871,608.875
1764840149.352957,0,0,4262,532.750
1764840149.3569558,0,0,-1341,-167.625
1764840149.3609605,0,0,-1660,-207.500
1764840149.3649654,0,0,1668,208.500
1764840149.3689508,1,1,4858,607.250
1764840149.3729553,0,0,4391,548.875
1764840149.3769534,0,0,-1244,-155.500
1764840149.3809726,0,0,-1692,-211.500
1764840149.3849533,0,0,1435,179.375
1764840149.3889873,1,1,4730,591.250
1764840149.3929589,0,0,4564,570.500
1764840149.3969495,0,0,-1195,-149.375
1764840149.400957,0,0,-1703,-212.875
1764840149.4049518,0,0,1300,162.500
1764840149.4089503,1,1,4645,580.625
1764840149.4129531,0,0,4717,589.625
1764840149.4169567,0,0,-1144,-143.000
1764840149.420958,0,0,-1708,-213.500
1764840149.4249377,0,0,1167,145.875
1764840149.4289327,1,1,4558,569.750
1764840149.432953,0,0,4871,608.875
1764840149.4369493,0,0,-1072,-134.000
1764840149.4409502,0,0,-1712,-214.000
1764840149.444934,0,0,1080,135.000
1764840149.4489346,1,1,4496,562.000
1764840149.4529524,0,0,5017,627.125
1764840149.4569502,0,0,-1004,-125.500
1764840149.4609563,0,0,-1702,-212.750
1764840149.4649544,0,0,871,108.875
1764840149.4689527,1,1,4362,545.250
1764840149.4729583,0,0,5135,641.875
1764840149.4769492,0,0,-1030,-128.750
1764840149.4809525,0,0,-1767,-220.875
1764840149.48495,0,0,1099,137.375
1764840149.48895,1,1,4479,559.875
1764840149.492996,0,0,5285,660.625
1764840149.496949,0,0,-980,-122.500
1764840149.5009534,0,0,-1793,-224.125
1764840149.5049465,0,0,1083,135.375
1764840149.508953,1,1,4449,556.125
1764840149.5130448,0,0,5368,671.000
1764840149.516971,0,0,-775,-96.875
1764840149.5209532,0,0,-1623,-202.875
1764840149.5249426,0,0,407,50.875
1764840149.528935,1,1,4025,503.125
1764840149.5329556,0,0,5404,675.500
1764840149.5369506,0,0,-651,-81.375
1764840149.5409615,0,0,-1505,-188.125
1764840149.544932,0,0,-78,-9.750
1764840149.5489347,1,1,3677,459.625
1764840149.5529573,0,0,5470,683.750
1764840149.5569508,0,0,-598,-74.750
1764840149.5609596,0,0,-1739,-217.375
1764840149.5649474,0,0,557,69.625
1764840149.5689476,1,1,4111,513.875
1764840149.5729556,0,0,5666,708.250
1764840149.5769534,0,0,-457,-57.125
1764840149.5809503,0,0,-1581,-197.625
1764840149.5849485,0,0,75,9.375
1764840149.5889466,1,1,3767,470.875
1764840149.5929532,0,0,5669,708.625
1764840149.5969496,0,0,-331,-41.375
1764840149.6009543,0,0,-1705,-213.125
1764840149.6049442,0,0,332,41.500
1764840149.608946,1,1,3934,491.750
1764840149.6129522,0,0,5775,721.875
1764840149.6169481,0,0,-169,-21.125
1764840149.620954,0,0,-1569,-196.125
1764840149.624945,0,0,9,1.125
1764840149.6289582,1,1,3696,462.000
1764840149.632957,0,0,5792,724.000
1764840149.6369507,0,0,-2051,-256.375
1764840149.6409512,0,0,857,107.125
1764840149.644931,0,0,4219,527.375
1764840149.6489277,1,1,5924,740.500
1764840149.6529477,0,0,179,22.375
1764840149.6569488,0,0,-1715,-214.375
1764840149.6609519,0,0,63,7.875
1764840149.6649323,0,0,3673,459.125
1764840149.6689293,1,1,5807,725.875
1764840149.6729488,0,0,360,45.000
1764840149.6769614,0,0,-1805,-225.625
1764840149.6809561,0,0,72,9.000
1764840149.6849506,0,0,3662,457.750
1764840149.6889477,1,1,5828,728.500
1764840149.6929772,0,0,537,67.125
1764840149.6969478,0,0,-1656,-207.000
1764840149.700956,0,0,-229,-28.625
1764840149.7049496,0,0,3417,427.125
1764840149.7089605,1,1,5779,722.375
1764840149.7130647,0,0,790,98.750
1764840149.71697,0,0,-1564,-195.500
1764840149.7209547,0,0,-484,-60.500
1764840149.724947,0,0,3198,399.750
1764840149.7289355,1,1,5730,716.250
1764840149.7329485,0,0,1032,129.000
1764840149.7369483,0,0,-2018,-252.250
1764840149.7409604,0,0,-157,-19.625
1764840149.7449358,0,0,3439,429.875
1764840149.748934,1,1,5811,726.375
1764840149.7529495,0,0,1181,147.625
1764840149.756947,0,0,-1370,-171.250
1764840149.7609522,0,0,-913,-114.125
1764840149.7649474,0,0,2794,349.250
1764840149.7689528,1,1,5612,701.500
1764840149.772963,0,0,1483,185.375
1764840149.776946,0,0,-1684,-210.500
1764840149.7809482,0,0,-690,-86.250
1764840149.7849326,0,0,2986,373.250
1764840149.7889287,1,1,5695,711.875
1764840149.7929623,0,0,1739,217.375
1764840149.7969484,0,0,-1687,-210.875
1764840149.8009467,0,0,-787,-98.375
1764840149.8049257,0,0,2891,361.375
1764840149.8089285,1,1,5660,707.500
1764840149.8129504,0,0,1971,246.375
1764840149.81695,0,0,-1843,-230.375
1764840149.8209496,0,0,-717,-89.625
1764840149.824944,0,0,2943,367.875
1764840149.828943,1,1,5671,708.875
1764840149.832961,0,0,2202,275.250
1764840149.8369458,0,0,-1717,-214.625
1764840149.8409512,0,0,-934,-116.750
1764840149.8449433,0,0,2725,340.625
1764840149.8489463,1,1,5575,696.875
1764840149.8529508,0,0,2400,300.000
1764840149.8569448,0,0,-1986,-248.250
1764840149.8609455,0,0,-768,-96.000
1764840149.8649426,0,0,2869,358.625
1764840149.8689425,1,1,5615,701.875
1764840149.8729482,0,0,2657,332.125
1764840149.876944,0,0,-1814,-226.750
1764840149.8809452,0,0,-985,-123.125
1764840149.8849423,0,0,2646,330.750
1764840149.888942,1,1,5503,687.875
1764840149.8929493,0,0,2850,356.250
1764840149.8970566,0,0,-1944,-243.000
1764840149.9009988,0,0,-961,-120.125
1764840149.904988,0,0,2656,332.000
1764840149.908988,1,1,5481,685.125
1764840149.913097,0,0,3022,377.750
1764840149.9170086,0,0,-1455,-181.875
1764840149.9209955,0,0,-1388,-173.500
1764840149.9249723,0,0,2178,272.250
1764840149.9289684,1,1,5265,658.125
1764840149.932989,0,0,3271,408.875
1764840149.9369936,0,0,-2155,-269.375
1764840149.9409952,0,0,-748,-93.500
1764840149.9449716,0,0,2833,354.125
1764840149.9489694,1,1,5510,688.750
1764840149.9529917,0,0,3405,425.625
1764840149.9569907,0,0,-1468,-183.500
1764840149.960998,0,0,-1449,-181.125
1764840149.9649901,0,0,2077,259.625
1764840149.9689853,1,1,5164,645.500
1764840149.9729896,0,0,3627,453.375
1764840149.9769838,0,0,-1482,-185.250
1764840149.9809945,0,0,-1482,-185.250
1764840149.9849875,0,0,2019,252.375
1764840149.9889817,1,1,5118,639.750
1764840149.9929922,0,0,3776,472.000
1764840149.996984,0,0,-1293,-161.625
1764840150.0009606,0,0,-1653,-206.625
1764840150.0049317,0,0,1568,196.000
1764840150.0089278,1,1,4895,611.875
1764840150.0129442,0,0,3981,497.625
1764840150.0169425,0,0,-1308,-163.500
1764840150.0209475,0,0,-1650,-206.250
1764840150.0249283,0,0,1657,207.125
1764840150.0289297,1,1,4935,616.875
1764840150.032944,0,0,4232,529.000
1764840150.036944,0,0,-1419,-177.375
1764840150.040945,0,0,-1614,-201.750
1764840150.0449452,0,0,1803,225.375
1764840150.0489447,1,1,4980,622.500
1764840150.0529375,0,0,4381,547.625
1764840150.0569263,0,0,-1362,-170.250
1764840150.060926,0,0,-1653,-206.625
1764840150.0649288,0,0,1727,215.875
1764840150.068928,1,1,4921,615.125
1764840150.0729444,0,0,4515,564.375
1764840150.076943,0,0,-1311,-163.875
1764840150.0809479,0,0,-1694,-211.750
1764840150.0849445,0,0,1607,200.875
1764840150.0889437,1,1,4837,604.625
1764840150.092948,0,0,4679,584.875
1764840150.0969586,0,0,-1536,-192.000
1764840150.1009479,0,0,-1634,-204.250
1764840150.1049426,0,0,1761,220.125
1764840150.108944,1,1,4887,610.875
1764840150.1130412,0,0,4786,598.250
1764840150.1169603,0,0,-1035,-129.375
1764840150.1209447,0,0,-1659,-207.375
1764840150.124926,0,0,747,93.375
1764840150.128925,1,1,4318,539.750
1764840150.1329434,0,0,4912,614.000
1764840150.136943,0,0,-1125,-140.625
1764840150.1409435,0,0,-1752,-219.000
1764840150.1449246,0,0,1205,150.625
1764840150.1489265,1,1,4570,571.250
1764840150.1529477,0,0,5094,636.750
1764840150.1569455,0,0,-1043,-130.375
1764840150.1609483,0,0,-1738,-217.250
1764840150.1649375,0,0,1064,133.000
1764840150.1689384,1,1,4474,559.250
1764840150.1729462,0,0,5181,647.625
1764840150.1769426,0,0,-851,-106.375
1764840150.1809456,0,0,-1643,-205.375
1764840150.184936,0,0,552,69.000
1764840150.1889377,1,1,4156,519.500
1764840150.1929455,0,0,5280,660.000
1764840150.196953,0,0,-856,-107.000
1764840150.2009473,0,0,-1716,-214.500
1764840150.2049396,0,0,749,93.625
1764840150.2089374,1,1,4273,534.125
1764840150.2129452,0,0,5434,679.250
1764840150.2169392,0,0,-739,-92.375
1764840150.2209466,0,0,-1687,-210.875
1764840150.2249365,0,0,562,70.250
1764840150.2289357,1,1,4135,516.875
1764840150.2329452,0,0,5518,689.750
1764840150.2369409,0,0,-743,-92.875
1764840150.2409492,0,0,-1831,-228.875
1764840150.2453086,0,0,823,102.875
1764840150.2490845,1,1,4273,534.125
1764840150.2529633,0,0,5602,700.250
1764840150.2569404,0,0,-626,-78.250
1764840150.2609415,0,0,-1786,-223.250
1764840150.2649405,0,0,709,88.625
1764840150.2689342,1,1,4181,522.625
1764840150.2729416,0,0,5676,709.500
1764840150.2769365,0,0,-456,-57.000
1764840150.2809384,0,0,-1764,-220.500
1764840150.2849355,0,0,538,67.250
1764840150.288934,1,1,5698,712.250
1764840150.2929413,0,0,-315,-39.375
1764840150.2969341,0,0,-1649,-206.125
1764840150.3009381,0,0,238,29.750
1764840150.3049417,0,0,3829,478.625
1764840150.3089428,1,1,5705,713.125
1764840150.3183486,0,0,-1599,-199.875
1764840150.320956,0,0,54,6.750
1764840150.3249514,0,0,3685,460.625
1764840150.3289394,1,1,5735,716.875
1764840150.3329406,0,0,58,7.250
1764840150.3369358,0,0,-1871,-233.875
1764840150.3409386,0,0,285,35.625
1764840150.344938,0,0,3827,478.375
1764840150.3489401,1,1,5792,724.000
1764840150.3529413,0,0,93,11.625
1764840150.3569357,0,0,-917,-114.625
1764840150.3609369,0,0,-1445,-180.625
1764840150.3649395,0,0,2259,282.375
1764840150.368941,1,1,5335,666.875
1764840150.372945,0,0,484,60.500
1764840150.3769379,0,0,-2163,-270.375
1764840150.380944,0,0,214,26.750
1764840150.3849404,0,0,3797,474.625
1764840150.388942,1,1,5955,744.375
1764840150.3929486,0,0,716,89.500
1764840150.3969378,0,0,-1928,-241.000
1764840150.4009848,0,0,-60,-7.500
1764840150.4049394,0,0,3579,447.375
1764840150.40894,1,1,5903,737.875
1764840150.412944,0,0,946,118.250
1764840150.4169414,0,0,-2224,-278.000
1764840150.4209447,0,0,101,12.625
1764840150.4249365,0,0,3671,458.875
1764840150.4289398,1,1,5921,740.125
1764840150.4329467,0,0,1100,137.500
1764840150.4369414,0,0,-1656,-207.000
1764840150.440943,0,0,-534,-66.750
1764840150.4449363,0,0,3154,394.250
1764840150.448939,1,1,5757,719.625
1764840150.452946,0,0,1306,163.250
1764840150.45694,0,0,-1898,-237.250
1764840150.4609423,0,0,-371,-46.375
1764840150.4649382,0,0,3281,410.125
1764840150.468939,1,1,5806,725.750
1764840150.4729466,0,0,1563,195.375
1764840150.4769382,0,0,-1676,-209.500
1764840150.4809449,0,0,-708,-88.500
1764840150.4849548,0,0,2977,372.125
1764840150.4889486,1,1,5698,712.250
1764840150.4929342,0,0,1800,225.000
1764840150.496924,0,0,-1774,-221.750
1764840150.5009713,0,0,-722,-90.250
1764840150.5049353,0,0,2950,368.750
1764840150.5089364,1,1,5682,710.250
1764840150.5129318,0,0,1986,248.250
1764840150.517018,0,0,-1685,-210.625
1764840150.52095,0,0,-880,-110.000
1764840150.5249338,0,0,2791,348.875
1764840150.528934,1,1,5617,702.125
1764840150.5329363,0,0,2210,276.250
1764840150.536939,0,0,-1412,-176.500
1764840150.5409396,0,0,-1191,-148.875
1764840150.5449207,0,0,2463,307.875
1764840150.5489187,1,1,5488,686.000
1764840150.552941,0,0,2465,308.125
1764840150.5569372,0,0,-1634,-204.250
1764840150.560938,0,0,-1082,-135.250
1764840150.5649383,0,0,2576,322.000
1764840150.568934,1,1,5532,691.500
1764840150.5729268,0,0,2681,335.125
1764840150.5769186,0,0,-1325,-165.625
1764840150.5809386,0,0,-1426,-178.250
1764840150.5849361,0,0,2166,270.750
1764840150.5889351,1,1,5355,669.375
1764840150.5929399,0,0,2921,365.125
1764840150.5969338,0,0,-1386,-173.250
1764840150.6009386,0,0,-1435,-179.375
1764840150.6049366,0,0,2152,269.000
1764840150.6089354,1,1,5345,668.125
1764840150.6129367,0,0,3170,396.250
1764840150.616934,0,0,-1636,-204.500
1764840150.6209457,0,0,-1296,-162.000
1764840150.6249378,0,0,2324,290.500
1764840150.628937,1,1,5409,676.125
1764840150.632941,0,0,3421,427.625
1764840150.6369333,0,0,-1660,-207.500
1764840150.6409385,0,0,-1325,-165.625
1764840150.644942,0,0,2274,284.250
1764840150.6489437,1,1,5362,670.250
1764840150.652933,0,0,3643,455.375
1764840150.656919,0,0,-2008,-251.000
1764840150.6609468,0,0,-1170,-146.250
1764840150.6649375,0,0,2433,304.125
1764840150.6689363,1,1,5399,674.875
1764840150.6729417,0,0,3777,472.125
1764840150.6769316,0,0,-1904,-238.000
1764840150.6809363,0,0,-1254,-156.750
1764840150.6849399,0,0,2330,291.250
1764840150.6889377,1,1,5321,665.125
1764840150.6929374,0,0,3938,492.250
1764840150.6969323,0,0,-1476,-184.500
1764840150.7009516,0,0,-1516,-189.500
1764840150.7049327,0,0,1987,248.375
1764840150.7089334,1,1,5133,641.625
1764840150.7129416,0,0,4112,514.000
1764840150.7170224,0,0,-1368,-171.000
1764840150.7209566,0,0,-1625,-203.125
1764840150.72492,0,0,1794,224.250
1764840150.7289186,1,1,5016,627.000
1764840150.7329378,0,0,4286,535.750
1764840150.736938,0,0,-1662,-207.750
1764840150.7409303,0,0,-1510,-188.750
1764840150.7449183,0,0,1972,246.500
1764840150.7489226,1,1,5071,633.875
1764840150.7529411,0,0,4426,553.250
1764840150.7569392,0,0,-1385,-173.125
1764840150.7609406,0,0,-1648,-206.000
1764840150.764935,0,0,1742,217.750
1764840150.7689345,1,1,4931,616.375
1764840150.772939,0,0,4575,571.875
1764840150.7769377,0,0,-1234,-154.250
1764840150.7809396,0,0,-1712,-214.000
1764840150.7849324,0,0,1409,176.125
1764840150.7889342,1,1,4736,592.000
1764840150.792944,0,0,4678,584.750
1764840150.7969377,0,0,-1217,-152.125
1764840150.8009496,0,0,-1717,-214.625
1764840150.804921,0,0,1316,164.500
1764840150.808917,1,1,4674,584.250
1764840150.812937,0,0,4871,608.875
1764840150.816937,0,0,-1135,-141.875
1764840150.820942,0,0,-1731,-216.375
1764840150.824932,0,0,1211,151.375
1764840150.8289335,1,1,4596,574.500
1764840150.832937,0,0,5009,626.125
1764840150.8369343,0,0,-1100,-137.500
1764840150.8409407,0,0,-1750,-218.750
1764840150.844933,0,0,1184,148.000
1764840150.84893,1,1,4562,570.250
1764840150.8529353,0,0,5124,640.500
1764840150.856938,0,0,-1245,-155.625
1764840150.8609455,0,0,-1803,-225.375
1764840150.8649175,0,0,1419,177.375
1764840150.8689156,1,1,4666,583.250
1764840150.8729324,0,0,5252,656.500
1764840150.8769317,0,0,-966,-120.750
1764840150.8809352,0,0,-1742,-217.750
1764840150.884919,0,0,961,120.125
1764840150.8889146,1,1,4382,547.750
1764840150.892946,0,0,5312,664.000
1764840150.8969293,0,0,-836,-104.500
1764840150.900941,0,0,-1735,-216.875
1764840150.905039,0,0,812,101.500
1764840150.9089808,1,1,4273,534.125
1764840150.9129815,0,0,5403,675.375
1764840150.9171684,0,0,-1755,-219.375
1764840150.9210117,0,0,-1755,-219.375
1764840150.9249837,0,0,794,99.250
1764840150.928977,1,1,4242,530.250
1764840150.9329917,0,0,-606,-75.750
1764840150.936971,0,0,-1685,-210.625
1764840150.940979,0,0,501,62.625
1764840150.9449759,0,0,4039,504.875
1764840150.94899,1,1,5545,693.125
1764840150.952981,0,0,-559,-69.875
1764840150.9569697,0,0,-1735,-216.875
1764840150.9609735,0,0,546,68.250
1764840150.9649825,0,0,4049,506.125
1764840150.9689777,1,1,5617,702.125
1764840150.9729836,0,0,-504,-63.000
1764840150.976975,0,0,-1877,-234.625
1764840150.9809816,0,0,719,89.875
1764840150.9849787,0,0,4142,517.750
1764840150.988977,1,1,5695,711.875
1764840150.9929838,0,0,-319,-39.875
1764840150.9969811,0,0,-1707,-213.375
1764840151.0009835,0,0,372,46.500
1764840151.004978,0,0,3893,486.625
1764840151.0089226,1,1,5690,711.250
1764840151.012937,0,0,-191,-23.875
1764840151.0169344,0,0,-1764,-220.500
1764840151.020931,0,0,383,47.875
1764840151.0249152,0,0,3879,484.875
1764840151.028915,1,1,5729,716.125
1764840151.0329356,0,0,13,1.625
1764840151.036931,0,0,-1603,-200.375
1764840151.040933,0,0,-44,-5.500
1764840151.0449276,0,0,3566,445.750
1764840151.0489314,1,1,5694,711.750
1764840151.0529227,0,0,189,23.625
1764840151.0569134,0,0,-1601,-200.125
1764840151.0609293,0,0,-87,-10.875
1764840151.0649288,0,0,3518,439.750
1764840151.0689278,1,1,5720,715.000
1764840151.0729344,0,0,410,51.250
1764840151.0769324,0,0,-1513,-189.125
1764840151.0809329,0,0,-312,-39.000
1764840151.0849118,0,0,3337,417.125
1764840151.0889106,1,1,5705,713.125
1764840151.0929308,0,0,653,81.625
1764840151.0969303,0,0,-1811,-226.375
1764840151.100932,0,0,-99,-12.375
1764840151.104927,0,0,3486,435.750
1764840151.108929,1,1,5768,721.000
1764840151.1129339,0,0,844,105.500
1764840151.1170185,0,0,-1591,-198.875
1764840151.1209486,0,0,-467,-58.375
1764840151.1249151,0,0,3189,398.625
1764840151.128914,1,1,5691,711.375
1764840151.1329308,0,0,1109,138.625
1764840151.136932,0,0,-2236,-279.500
1764840151.1409256,0,0,68,8.500
1764840151.1449142,0,0,3584,448.000
1764840151.1489103,1,1,5824,728.000
1764840151.1529331,0,0,1119,139.875
1764840151.1569319,0,0,-983,-122.875
1764840151.160938,0,0,-1434,-179.250
1764840151.1649303,0,0,2177,272.125
1764840151.1689277,1,1,5332,666.500
1764840151.1729355,0,0,1551,193.875
1764840151.1769273,0,0,-1939,-242.375
1764840151.18094,0,0,-471,-58.875
1764840151.1849303,0,0,3165,395.625
1764840151.1889288,1,1,5743,717.875
1764840151.1929364,0,0,1812,226.500
1764840151.1969373,0,0,-1737,-217.125
1764840151.2009342,0,0,-746,-93.250
1764840151.2049303,0,0,2913,364.125
1764840151.208947,1,1,5646,705.750
1764840151.2129304,0,0,2063,257.875
1764840151.2169116,0,0,-1658,-207.250
1764840151.220957,0,0,-937,-117.125
1764840151.2249298,0,0,2722,340.250
1764840151.2289262,1,1,5566,695.750
1764840151.2329333,0,0,2293,286.625
1764840151.2369254,0,0,-1811,-226.375
1764840151.2409363,0,0,-875,-109.375
1764840151.2452974,0,0,2770,346.250
1764840151.2490559,1,1,5575,696.875
1764840151.2529428,0,0,2547,318.375
1764840151.256925,0,0,-1738,-217.250
1764840151.2609246,0,0,-1009,-126.125
1764840151.2649217,0,0,2623,327.875
1764840151.2689223,1,1,5497,687.125
1764840151.2729266,0,0,2701,337.625
1764840151.276923,0,0,-1342,-167.750
1764840151.2809196,0,0,-1443,-180.375
1764840151.2849095,0,0,2125,265.625
1764840151.2889116,1,1,5287,660.875
1764840151.2929306,0,0,2933,366.625
1764840151.2969275,0,0,-1720,-215.000
1764840151.3009405,0,0,-1155,-144.375
1764840151.3049235,0,0,2464,308.000
1764840151.3089566,1,1,5424,678.000
1764840151.3129163,0,0,3135,391.875
1764840151.3222554,0,0,-1389,-173.625
1764840151.3249297,0,0,2186,273.250
1764840151.3289142,1,1,5293,661.625
1764840151.3329134,0,0,3373,421.625
1764840151.3369105,0,0,-1925,-240.625
1764840151.3409212,0,0,-1129,-141.125
1764840151.344928,0,0,2470,308.750
1764840151.348929,1,1,5390,673.750
1764840151.3529198,0,0,3549,443.625
1764840151.3569121,0,0,-1406,-175.750
1764840151.3609414,0,0,-1543,-192.875
1764840151.3649287,0,0,1948,243.500
1764840151.3689241,1,1,5135,641.875
1764840151.3729339,0,0,3743,467.875
1764840151.3769271,0,0,-1401,-175.125
1764840151.3809297,0,0,-1572,-196.500
1764840151.3849235,0,0,1894,236.750
1764840151.3889234,1,1,5094,636.750
1764840151.3929288,0,0,3912,489.000
1764840151.396946,0,0,-1310,-163.750
1764840151.4009447,0,0,-1659,-207.375
1764840151.4049106,0,0,1597,199.625
1764840151.4089463,1,1,4944,618.000
1764840151.4129262,0,0,4150,518.750
1764840151.4169247,0,0,-1374,-171.750
1764840151.4209273,0,0,-1631,-203.875
1764840151.4249103,0,0,1787,223.375
1764840151.4289076,1,1,5019,627.375
1764840151.4329312,0,0,4342,542.750
1764840151.4369292,0,0,-1339,-167.375
1764840151.440934,0,0,-1673,-209.125
1764840151.4449275,0,0,1672,209.000
1764840151.4489274,1,1,4937,617.125
1764840151.4529274,0,0,4489,561.125
1764840151.456926,0,0,-1324,-165.500
1764840151.4609325,0,0,-1695,-211.875
1764840151.464929,0,0,1627,203.375
1764840151.468926,1,1,4891,611.375
1764840151.472927,0,0,4637,579.625
1764840151.4769258,0,0,-1213,-151.625
1764840151.4809344,0,0,-1717,-214.625
1764840151.484926,0,0,1343,167.875
1764840151.488922,1,1,4724,590.500
1764840151.4929268,0,0,4787,598.375
1764840151.496922,0,0,-1154,-144.250
1764840151.5009334,0,0,-1723,-215.375
1764840151.5049253,0,0,1210,151.250
1764840151.508939,1,1,4633,579.125
1764840151.5129282,0,0,4940,617.500
1764840151.5169227,0,0,-1192,-149.000
1764840151.5210254,0,0,-1771,-221.375
1764840151.5249445,0,0,1389,173.625
1764840151.528929,1,1,4709,588.625
1764840151.5329187,0,0,5104,638.000
1764840151.5369072,0,0,-1362,-170.250
1764840151.5409307,0,0,-1740,-217.500
1764840151.5449264,0,0,1571,196.375
1764840151.548926,1,1,4764,595.500
1764840151.5529168,0,0,5208,651.000
1764840151.5569067,0,0,-1256,-157.000
1764840151.5609536,0,0,-1799,-224.875
1764840151.5649273,0,0,1448,181.000
1764840151.5689235,1,1,4668,583.500
1764840151.5729265,0,0,5266,658.250
1764840151.5769217,0,0,-891,-111.375
1764840151.5809283,0,0,-1695,-211.875
1764840151.5849226,0,0,719,89.875
1764840151.5889204,1,1,4229,528.625
1764840151.592915,0,0,-863,-107.875
1764840151.596904,0,0,-1748,-218.500
1764840151.600924,0,0,853,106.625
1764840151.6049182,0,0,4296,537.000
1764840151.6089237,1,1,5427,678.375
1764840151.6129456,0,0,-677,-84.625
1764840151.616921,0,0,-1667,-208.375
1764840151.620919,0,0,507,63.375
1764840151.6249185,0,0,4065,508.125
1764840151.6289194,1,1,5499,687.375
1764840151.6329262,0,0,-678,-84.750
1764840151.6369233,0,0,-1782,-222.750
1764840151.6409261,0,0,715,89.375
1764840151.6449172,0,0,4176,522.000
1764840151.6489213,1,1,5601,700.125
1764840151.6529267,0,0,-524,-65.500
1764840151.6569216,0,0,-1686,-210.750
1764840151.660924,0,0,420,52.500
1764840151.6649206,0,0,3970,496.250
1764840151.668927,1,1,5633,704.125
1764840151.6729174,0,0,-440,-55.000
1764840151.6769085,0,0,-2018,-252.250
1764840151.6809244,0,0,771,96.375
1764840151.6849182,0,0,4163,520.375
1764840151.6889207,1,1,5717,714.625
1764840151.692915,0,0,-276,-34.500
1764840151.6969054,0,0,-1650,-206.250
1764840151.7009263,0,0,242,30.250
1764840151.7049224,0,0,3807,475.875
1764840151.708922,1,1,5694,711.750
1764840151.7129283,0,0,-117,-14.625
1764840151.7169254,0,0,-1999,-249.875
1764840151.721022,0,0,533,66.625
1764840151.724919,0,0,3976,497.000
1764840151.728906,1,1,5766,720.750
1764840151.7329254,0,0,34,4.250
1764840151.7369251,0,0,-1893,-236.625
1764840151.7409275,0,0,374,46.750
1764840151.744908,0,0,3848,481.000
1764840151.748905,1,1,5751,718.875
1764840151.7529252,0,0,160,20.000
1764840151.7569234,0,0,-1456,-182.000
1764840151.760931,0,0,-288,-36.000
1764840151.7649245,0,0,3361,420.125
1764840151.7689195,1,0,5663,707.875
1764840151.772922,0,0,400,50.000
1764840151.7769182,0,0,-1504,-188.000
1764840151.7809298,0,0,-335,-41.875
1764840151.7849224,0,0,3313,414.125
1764840151.7889183,1,1,5687,710.875
1764840151.7929194,0,0,637,79.625
1764840151.796922,0,0,-1486,-185.750
1764840151.8009343,0,0,-457,-57.125
1764840151.8049114,0,0,3210,401.250
1764840151.8089073,1,1,5690,711.250
1764840151.812937,0,0,903,112.875
1764840151.8169205,0,0,-1672,-209.000
1764840151.8209257,0,0,-375,-46.875
1764840151.8249054,0,0,3261,407.625
1764840151.828902,1,0,5724,715.500
1764840151.8329206,0,0,1131,141.375
1764840151.836922,0,0,-1663,-207.875
1764840151.8409297,0,0,-525,-65.625
1764840151.8449228,0,0,3128,391.000
1764840151.848923,1,0,5688,711.000
1764840151.8529277,0,0,1322,165.250
1764840151.8569207,0,0,-1611,-201.375
1764840151.8609252,0,0,-650,-81.250
1764840151.8649185,0,0,3015,376.875
1764840151.8689227,1,0,5662,707.750
1764840151.8729253,0,0,1600,200.000
1764840151.8769197,0,0,-2074,-259.250
1764840151.8809254,0,0,-383,-47.875
1764840151.8849237,0,0,3220,402.500
1764840151.8889208,1,1,5723,715.375
1764840151.892928,0,0,1774,221.750
1764840151.8969212,0,0,-1506,-188.250
1764840151.9009237,0,0,-938,-117.250
1764840151.9049175,0,0,2730,341.250
1764840151.9089198,1,0,5569,696.125
1764840151.9129567,0,0,1886,235.750
1764840151.9169216,0,0,-1030,-128.750
1764840151.9210198,0,0,-1652,-206.500
1764840151.9249363,0,0,1528,191.000
1764840151.9289224,1,1,5045,630.625
1764840151.9329145,0,0,2307,288.375
1764840151.936903,0,0,-2113,-264.125
1764840151.940929,0,0,-696,-87.000
1764840151.9449186,0,0,2961,370.125
1764840151.9489202,0,0,5701,712.625
1764840151.9529126,0,0,2641,330.125
1764840151.9569042,0,0,-2237,-279.625
1764840151.9609408,0,0,-486,-60.750
1764840151.964922,0,0,3125,390.625
1764840151.968918,0,1,5728,716.000
1764840151.9729226,0,0,2802,350.250
1764840151.976918,0,0,-1736,-217.000
1764840151.9809272,0,0,-1100,-137.500
1764840151.9849136,0,0,2533,316.625
1764840151.9889143,1,1,5467,683.375
1764840151.9929192,0,0,2988,373.500
1764840151.9969196,0,0,-1823,-227.875
1764840152.0009236,0,0,-1089,-136.125
1764840152.0049143,0,0,2534,316.750
1764840152.0089154,0,0,5445,680.625
1764840152.0129218,0,0,3186,398.250
1764840152.016956,0,0,-1486,-185.750
1764840152.020922,0,0,-1411,-176.375
1764840152.0249152,0,0,2152,269.000
1764840152.028915,0,0,5262,657.750
1764840152.0329154,0,0,3359,419.875
1764840152.0369153,0,0,-1420,-177.500
1764840152.0409238,0,0,-1508,-188.500
1764840152.0449195,0,0,2013,251.625
1764840152.048914,0,1,5191,648.875
1764840152.052907,0,0,3597,449.625
1764840152.0569024,0,0,-1615,-201.875
1764840152.060922,0,0,-1377,-172.125
1764840152.0649183,0,0,2187,273.375
1764840152.068913,0,0,5254,656.750
1764840152.0729203,0,0,3809,476.125
1764840152.0769148,0,0,-1560,-195.000
1764840152.0809302,0,0,-1448,-181.000
1764840152.084906,0,0,2082,260.250
1764840152.088899,0,0,5179,647.375
1764840152.0929143,0,0,3960,495.000
1764840152.0969164,0,0,-1514,-189.250
1764840152.100918,0,0,-1496,-187.000
1764840152.1048996,0,0,2009,251.125
1764840152.1088974,0,0,5120,640.000
1764840152.1129174,0,0,4121,515.125
1764840152.1169326,0,0,-1302,-162.750
1764840152.1210136,0,0,-1656,-207.000
1764840152.1249356,0,0,1670,208.750
1764840152.1289213,0,0,4935,616.875
1764840152.1329122,0,0,4299,537.375
1764840152.1368995,0,0,-1203,-150.375
1764840152.140925,0,0,-1690,-211.250
1764840152.1449199,0,0,1389,173.625
1764840152.1489193,0,0,4776,597.000
1764840152.152912,0,0,4459,557.375
1764840152.1569023,0,0,-1653,-206.625
1764840152.160934,0,0,-1533,-191.625
1764840152.1649232,0,0,1940,242.500
1764840152.1689181,0,0,5041,630.125
1764840152.1729212,0,0,4639,579.875
1764840152.176916,0,0,-1178,-147.250
1764840152.1809244,0,0,-1704,-213.000
1764840152.184918,0,0,1220,152.500
1764840152.1889157,0,0,4641,580.125
1764840152.1929212,0,0,4747,593.375
1764840152.1969337,0,0,-1133,-141.625
1764840152.2009277,0,0,-1706,-213.250
1764840152.2049055,0,0,1118,139.750
1764840152.2088995,0,0,4577,572.125
1764840152.212915,0,0,4932,616.500
1764840152.216934,0,0,-1088,-136.000
1764840152.2209191,0,0,-1720,-215.000
1764840152.2248979,0,0,1049,131.125
1764840152.2288988,0,0,4519,564.875
1764840152.2329218,0,0,5081,635.125
1764840152.2369199,0,0,-1013,-126.625
1764840152.2409215,0,0,945,118.125
1764840152.2453027,1,1,4446,555.750
1764840152.2490375,0,0,5288,661.000
1764840152.252938,0,0,-1164,-145.500
1764840152.256917,0,0,-1707,-213.375
1764840152.2609134,0,0,1601,200.125
1764840152.2649157,0,0,4763,595.375
1764840152.2689137,0,0,5321,665.125
1764840152.2729173,0,0,-929,-116.125
1764840152.2769148,0,0,-1751,-218.875
1764840152.2809181,0,0,954,119.250
1764840152.2849154,0,0,4389,548.625
1764840152.2889125,0,0,5367,670.875
1764840152.2929187,0,0,-897,-112.125
1764840152.296915,0,0,-1777,-222.125
1764840152.3009186,0,0,951,118.875
1764840152.304896,0,0,4367,545.875
1764840152.3088975,0,0,5466,683.250
1764840152.312911,0,0,-694,-86.750
1764840152.3169158,0,0,-1615,-201.875
1764840152.3263202,1,1,3970,496.250
1764840152.3289375,0,0,5507,688.375
1764840152.3329134,0,0,-653,-81.625
1764840152.3368986,0,0,-1785,-223.125
1764840152.3409307,0,0,690,86.250
1764840152.3449194,0,0,4172,521.500
1764840152.3489122,0,0,5607,700.875
1764840152.352905,0,0,-496,-62.000
1764840152.3568993,0,0,-1588,-198.500
1764840152.3609452,0,0,184,23.000
1764840152.3649285,0,0,3832,479.000
1764840152.3689122,0,0,5635,704.375
1764840152.3729157,0,0,-390,-48.750
1764840152.3769093,0,0,-1710,-213.750
1764840152.3809307,0,0,394,49.250
1764840152.384915,0,0,3960,495.000
1764840152.3889139,0,0,5741,717.625
1764840152.3929148,0,0,-244,-30.500
1764840152.396925,0,0,-1853,-231.625
1764840152.4009254,0,0,497,62.125
1764840152.404902,0,0,4005,500.625
1764840152.4088972,0,0,5809,726.125
1764840152.4129198,0,0,-28,-3.500
1764840152.416912,0,0,-1737,-217.125
1764840152.4209557,0,0,225,28.125
1764840152.4248955,0,0,3793,474.125
1764840152.4289079,0,0,5771,721.375
1764840152.4329152,0,0,103,12.875
1764840152.4369113,0,0,-1850,-231.250
1764840152.440921,0,0,256,32.000
1764840152.4449158,0,0,3793,474.125
1764840152.448913,0,0,5797,724.625
1764840152.452918,0,0,253,31.625
1764840152.456911,0,0,-1447,-180.875
1764840152.4609203,0,0,-359,-44.875
1764840152.464912,0,0,3328,416.000
1764840152.4689143,0,0,5707,713.375
1764840152.472917,0,0,521,65.125
1764840152.476912,0,0,-1787,-223.375
1764840152.4809186,0,0,-52,-6.500
1764840152.484912,0,0,3547,443.375
1764840152.4889133,0,0,5796,724.500
1764840152.4929173,0,0,668,83.500
1764840152.4969122,0,0,-1571,-196.375
1764840152.5009158,0,0,-359,-44.875
1764840152.5049098,0,0,3303,412.875
1764840152.508913,0,0,5749,718.625
1764840152.5129156,0,0,936,117.000
1764840152.5169125,0,0,-1781,-222.625
1764840152.5209482,0,0,-288,-36.000
1764840152.525003,0,1,3344,418.000
1764840152.528929,0,0,5774,721.750
1764840152.5329118,0,0,1176,147.000
1764840152.5368974,0,0,-1553,-194.125
1764840152.5409288,0,0,-653,-81.625
1764840152.5449102,0,0,3030,378.750
1764840152.5489144,0,0,5680,710.000
1764840152.5529037,0,0,1420,177.500
1764840152.5568979,0,0,-1877,-234.625
1764840152.5609357,0,0,-446,-55.750
1764840152.5649257,0,0,3187,398.375
1764840152.5689096,0,0,5733,716.625
1764840152.572919,0,0,1598,199.750
1764840152.5769112,0,0,-1568,-196.000
1764840152.5809302,0,0,-825,-103.125
1764840152.5849082,0,0,2851,356.375
1764840152.588911,0,0,5620,702.500
1764840152.5929153,0,0,1842,230.250
1764840152.5969224,0,0,-1648,-206.000
1764840152.6009164,0,0,-858,-107.250
1764840152.6049094,0,0,2813,351.625
1764840152.6089072,0,0,5609,701.125
1764840152.6129117,0,0,2085,260.625
1764840152.616894,0,0,-1787,-223.375
1764840152.6209555,0,0,-808,-101.000
1764840152.6249094,0,0,2847,355.875
1764840152.62892,0,0,5631,703.875
1764840152.6329138,0,0,2149,268.625
1764840152.6369145,0,0,-1063,-132.875
1764840152.6409116,0,0,-1668,-208.500
1764840152.6449215,0,0,1241,155.125
1764840152.6489096,0,0,4894,611.750
1764840152.652922,0,0,2583,322.875
1764840152.6569083,0,0,-1651,-206.375
1764840152.6609182,0,0,-1142,-142.750
1764840152.6649091,0,0,2526,315.750
1764840152.6689045,0,0,5553,694.125
1764840152.6729114,0,0,2930,366.250
1764840152.676904,0,0,-1625,-203.125
1764840152.6809146,0,0,-1244,-155.500
1764840152.6849072,0,0,2404,300.500
1764840152.6889057,0,0,5488,686.000
1764840152.6929078,0,0,3137,392.125
1764840152.6969166,0,0,-1301,-162.625
1764840152.7009144,0,0,-1569,-196.125
1764840152.7048929,0,0,1947,243.375
1764840152.7088919,0,0,5272,659.000
1764840152.7129207,0,0,3350,418.750
1764840152.7169106,0,0,-2133,-266.625
1764840152.720914,0,0,-865,-108.125
1764840152.7250037,1,1,2777,347.125
1764840152.7289195,0,0,5613,701.625
1764840152.732905,0,0,3558,444.750
1764840152.7368925,0,0,-1611,-201.375
1764840152.7409747,0,0,-1385,-173.125
1764840152.744911,0,1,2201,275.125
1764840152.7489045,0,0,5332,666.500
1764840152.752896,0,0,3735,466.875
1764840152.756886,0,0,-1699,-212.375
1764840152.7609143,0,0,-1357,-169.625
1764840152.7649157,0,1,2226,278.250
1764840152.7689025,0,0,5316,664.500
1764840152.7729027,0,0,3909,488.625
1764840152.7768967,0,0,-1444,-180.500
1764840152.7809124,0,0,-1554,-194.250
1764840152.7849028,0,1,1945,243.125
1764840152.788902,0,0,5157,644.625
1764840152.7929034,0,0,4059,507.375
1764840152.7969215,0,0,-1408,-176.000
1764840152.80092,0,0,-1590,-198.750
1764840152.8049023,1,1,1879,234.875
1764840152.808889,0,0,5104,638.000
1764840152.8129013,0,0,4240,530.000
1764840152.8168976,0,0,-1403,-175.375
1764840152.8209133,0,0,-1624,-203.000
1764840152.824989,1,1,1811,226.375
1764840152.8289428,0,0,5047,630.875
1764840152.8329449,0,0,4381,547.625
1764840152.8369403,0,0,-1321,-165.125
1764840152.840943,0,0,-1679,-209.875
1764840152.8449411,1,1,1662,207.750
1764840152.848946,0,0,4953,619.125
1764840152.8529441,0,0,4514,564.250
1764840152.8569376,0,0,-1165,-145.625
1764840152.8609428,0,0,-1685,-210.625
1764840152.8649518,1,1,1065,133.125
1764840152.8689392,0,0,4616,577.000
1764840152.8729415,0,0,4657,582.125
1764840152.876937,0,0,-1112,-139.000
1764840152.880947,0,0,-1702,-212.750
1764840152.8849413,1,1,1104,138.000
1764840152.8889377,0,0,4632,579.000
1764840152.8929405,0,0,-1062,-132.750
1764840152.8969386,0,0,-1670,-208.750
1764840152.9009433,0,0,754,94.250
1764840152.9049375,1,1,4418,552.250
1764840152.908941,0,0,5028,628.500
1764840152.9129386,0,0,-1207,-150.875
1764840152.9169376,0,0,-1798,-224.750
1764840152.9209456,0,0,1341,167.625
1764840152.925024,1,1,4742,592.750
1764840152.928917,0,0,5261,657.625
1764840152.9328978,0,0,-1005,-125.625
1764840152.936884,0,0,-1741,-217.625
1764840152.9409213,0,0,933,116.625
1764840152.9449036,1,1,4484,560.500
1764840152.9488983,0,0,5306,663.250
1764840152.9528909,0,0,-1187,-148.375
1764840152.9568858,0,0,-1810,-226.250
1764840152.960909,0,0,1460,182.500
1764840152.9649134,1,1,4754,594.250
1764840152.9688978,0,0,5441,680.125
1764840152.9728973,0,0,-1032,-129.000
1764840152.9768934,0,0,-1866,-233.250
1764840152.9809146,0,0,1188,148.500
1764840152.9849002,1,1,4572,571.500
1764840152.988899,0,0,5512,689.000
1764840152.9928973,0,0,-771,-96.375
1764840152.9969008,0,0,-1701,-212.625
1764840153.000913,0,0,606,75.750
1764840153.0048876,1,1,4194,524.250
1764840153.0088863,0,0,5546,693.250
1764840153.0128958,0,0,-800,-100.000
1764840153.0168948,0,0,-1937,-242.125
1764840153.0208948,0,0,996,124.500
1764840153.0248985,1,1,4407,550.875
1764840153.0288863,0,0,5650,706.250
1764840153.032895,0,0,-553,-69.125
1764840153.0368915,0,0,-1647,-205.875
1764840153.0408988,0,0,353,44.125
1764840153.0448978,1,1,3980,497.500
1764840153.048896,0,0,5643,705.375
1764840153.052887,0,0,-525,-65.625
1764840153.0568805,0,0,-2019,-252.375
1764840153.060904,0,0,870,108.750
1764840153.0648942,1,1,4282,535.250
1764840153.0688972,0,0,5763,720.375
1764840153.0728989,0,0,-351,-43.875
1764840153.0768929,0,0,-1656,-207.000
1764840153.0808978,0,0,265,33.125
1764840153.0848966,1,1,3873,484.125
1764840153.0888977,0,0,5728,716.000
1764840153.0928981,0,0,-218,-27.250
1764840153.0968924,0,0,-1710,-213.750
1764840153.1008909,0,0,291,36.375
1764840153.1048946,1,1,3871,483.875
1764840153.1088963,0,0,5773,721.625
1764840153.1128974,0,0,-70,-8.750
1764840153.1168907,0,0,-1728,-216.000
1764840153.1208978,0,0,247,30.875
1764840153.12495,1,1,3824,478.000
1764840153.1289318,0,0,5812,726.500
1764840153.1328852,0,0,163,20.375
1764840153.1368852,0,0,-1877,-234.625
1764840153.1409063,0,0,243,30.375
1764840153.1448941,1,1,3795,474.375
1764840153.148897,0,0,5827,728.375
1764840153.1528919,0,0,325,40.625
1764840153.1568835,0,0,-1607,-200.875
1764840153.1609025,0,0,-164,-20.500
1764840153.164897,1,1,3483,435.375
1764840153.1688967,0,0,5766,720.750
1764840153.172898,0,0,535,66.875
1764840153.1768947,0,0,-1724,-215.500
1764840153.180899,0,0,-117,-14.625
1764840153.1848955,1,1,3507,438.375
1764840153.1888943,0,0,5796,724.500
1764840153.192897,0,0,715,89.375
1764840153.1968968,0,0,-1676,-209.500
1764840153.2009106,0,0,-276,-34.500
1764840153.2048821,1,1,3366,420.750
1764840153.2088814,0,0,5767,720.875
1764840153.2128885,0,0,934,116.750
1764840153.2169008,0,0,-1465,-183.125
1764840153.2208986,0,0,-658,-82.250
1764840153.2248821,1,1,3040,380.000
1764840153.2289166,0,0,5682,710.250
1764840153.2328942,0,0,1222,152.750
1764840153.2368922,0,0,-2031,-253.875
1764840153.2409005,0,0,-221,-27.625
1764840153.2452807,1,1,3385,423.125
1764840153.2490044,0,0,5809,726.125
1764840153.2529032,0,0,1652,206.500
1764840153.2568955,0,0,-2270,-283.750
1764840153.2608922,0,0,-128,-16.000
1764840153.2648835,1,1,3397,424.625
1764840153.268878,0,0,5760,720.000
1764840153.2728815,0,0,1602,200.250
1764840153.2768776,0,0,-1783,-222.875
1764840153.280922,0,0,-602,-75.250
1764840153.2848947,1,1,3033,379.125
1764840153.2888958,0,0,5650,706.250
1764840153.29289,0,0,1805,225.625
1764840153.2968786,0,0,-1261,-157.625
1764840153.3009162,0,0,-1248,-156.000
1764840153.3048832,1,1,2396,299.500
1764840153.3088815,0,0,5437,679.625
1764840153.3128915,0,0,1870,233.750
1764840153.3168883,0,0,-1047,-130.875
1764840153.3209007,0,0,-1636,-204.500
1764840153.3301892,0,0,5119,639.875
1764840153.332917,0,0,2551,318.875
1764840153.3369353,0,0,-1797,-224.625
1764840153.3409383,0,0,527,65.875
1764840153.3448887,1,1,3829,478.625
1764840153.3488822,0,0,5938,742.250
1764840153.352895,0,0,2572,321.500
1764840153.3568892,0,0,-2118,-264.750
1764840153.3608966,0,0,-737,-92.125
1764840153.364878,1,1,2889,361.125
1764840153.3688803,0,0,5604,700.500
1764840153.3728857,0,0,2802,350.250
1764840153.376877,0,0,-1740,-217.500
1764840153.380953,0,0,-1095,-136.875
1764840153.3848958,1,1,2523,315.375
1764840153.3888938,0,0,5432,679.000
1764840153.392892,0,0,3026,378.250
1764840153.3968887,0,0,-2170,-271.250
1764840153.400896,0,0,-822,-102.750
1764840153.4048908,1,1,2770,346.250
1764840153.4088898,0,0,5498,687.250
1764840153.4128919,0,0,3160,395.000
1764840153.4168904,0,0,-1544,-193.000
1764840153.4208922,0,0,-1315,-164.375
1764840153.4248912,1,1,2258,282.250
1764840153.428892,0,0,5268,658.500
1764840153.4329257,0,0,3352,419.000
1764840153.436889,0,0,-1721,-215.125
1764840153.440891,0,0,-1249,-156.125
1764840153.4448886,1,1,2320,290.000
1764840153.448891,0,0,5271,658.875
1764840153.4528866,0,0,3554,444.250
1764840153.4568794,0,0,-2098,-262.250
1764840153.460947,0,0,-953,-119.125
1764840153.4648955,1,1,2613,326.625
1764840153.4688904,0,0,5359,669.875
1764840153.472894,0,0,3695,461.875
1764840153.4768882,0,0,-1353,-169.125
1764840153.4808962,0,0,-1593,-199.125
1764840153.4848886,1,1,1823,227.875
1764840153.4888887,0,0,4988,623.500
1764840153.4928916,0,0,3850,481.250
1764840153.4968863,0,0,-1352,-169.000
1764840153.500893,0,0,-1594,-199.250
1764840153.5048885,1,1,1827,228.375
1764840153.5088873,0,0,4978,622.250
1764840153.5128877,0,0,4047,505.875
1764840153.516902,0,0,-1305,-163.125
1764840153.5209029,0,0,-1640,-205.000
1764840153.524876,1,1,1713,214.125
1764840153.5289576,0,0,4909,613.625
1764840153.5329134,0,0,4332,541.500
1764840153.5368814,0,0,-1532,-191.500
1764840153.5409229,0,0,-1583,-197.875
1764840153.544892,1,1,1825,228.125
1764840153.5488894,0,0,4393,549.125
1764840153.5528843,0,0,-1142,-142.750
1764840153.556878,0,0,-1693,-211.625
1764840153.560905,0,0,1242,155.250
1764840153.5648947,1,1,4624,578.000
1764840153.5688899,0,0,4547,568.375
1764840153.5728893,0,0,-1345,-168.125
1764840153.5768864,0,0,-1686,-210.750
1764840153.5808947,0,0,1647,205.875
1764840153.584891,1,1,4823,602.875
1764840153.58889,0,0,4723,590.375
1764840153.5928907,0,0,-1243,-155.375
1764840153.59689,0,0,-1722,-215.250
1764840153.6009033,0,0,1493,186.625
1764840153.6048803,1,1,4718,589.750
1764840153.6088781,0,0,4862,607.750
1764840153.6128852,0,0,-1124,-140.500
1764840153.616884,0,0,-1735,-216.875
1764840153.6208913,0,0,1261,157.625
1764840153.6248767,1,1,4569,571.125
1764840153.6288762,0,0,4969,621.125
1764840153.632879,0,0,-1062,-132.750
1764840153.6368766,0,0,-1742,-217.750
1764840153.6409063,0,0,1185,148.125
1764840153.6448908,1,1,4510,563.750
1764840153.6488895,0,0,5101,637.625
1764840153.6528907,0,0,-1012,-126.500
1764840153.6568713,0,0,-1745,-218.125
1764840153.6608994,0,0,1067,133.375
1764840153.6648893,1,1,4422,552.750
1764840153.6688876,0,0,5188,648.500
1764840153.6728873,0,0,-883,-110.375
1764840153.676884,0,0,-1683,-210.375
1764840153.680886,0,0,685,85.625
1764840153.684886,1,1,4187,523.375
1764840153.6888893,0,0,5283,660.375
1764840153.6928885,0,0,-866,-108.250
1764840153.6968844,0,0,-1745,-218.125
1764840153.7008855,0,0,844,105.500
1764840153.7048845,1,1,4267,533.375
1764840153.7088876,0,0,5412,676.500
1764840153.7128873,0,0,-718,-89.750
1764840153.7168858,0,0,-1699,-212.375
1764840153.720891,0,0,589,73.625
1764840153.7248874,1,1,4093,511.625
1764840153.7289584,0,0,5489,686.125
1764840153.7328992,0,0,-732,-91.500
1764840153.7369163,0,0,-1876,-234.500
1764840153.7409031,0,0,863,107.875
1764840153.7448854,1,1,4230,528.750
1764840153.7488866,0,0,5559,694.875
1764840153.7528832,0,0,-555,-69.375
1764840153.7568755,0,0,-1691,-211.375
1764840153.7608995,0,0,467,58.375
1764840153.7648897,1,1,3975,496.875
1764840153.768887,0,0,5580,697.500
1764840153.7728899,0,0,-426,-53.250
1764840153.7768867,0,0,-1647,-205.875
1764840153.7808905,0,0,302,37.750
1764840153.7848854,1,1,3849,481.125
1764840153.7888858,0,0,5622,702.750
1764840153.79289,0,0,-284,-35.500
1764840153.7968855,0,0,-1631,-203.875
1764840153.8008926,0,0,191,23.875
1764840153.8048713,1,1,3760,470.000
1764840153.8088715,0,0,5667,708.375
1764840153.8128798,0,0,-130,-16.250
1764840153.8168824,0,0,-1727,-215.875
1764840153.820888,0,0,303,37.875
1764840153.8248856,1,1,3819,477.375
1764840153.828884,0,0,5724,715.500
1764840153.8328824,0,0,48,6.000
1764840153.8368967,0,0,-1597,-199.625
1764840153.840892,0,0,-13,-1.625
1764840153.8448873,1,1,3582,447.750
1764840153.8488846,0,0,5705,713.125
1764840153.852885,0,0,270,33.750
1764840153.8568842,0,0,-1806,-225.750
1764840153.8608868,0,0,124,15.500
1764840153.8648853,1,1,3657,457.125
1764840153.8688836,0,0,5749,718.625
1764840153.8728864,0,0,448,56.000
1764840153.8768823,0,0,-1740,-217.500
1764840153.8808863,0,0,-30,-3.750
1764840153.884886,1,1,3532,441.500
1764840153.8888855,0,0,5729,716.125
1764840153.8928838,0,0,611,76.375
1764840153.8968801,0,0,-1536,-192.000
1764840153.900883,0,0,-380,-47.500
1764840153.9048858,1,1,3255,406.875
1764840153.9088848,0,0,5674,709.250
1764840153.912882,0,0,918,114.750
1764840153.9168782,0,0,-1963,-245.375
1764840153.920887,0,0,-99,-12.375
1764840153.9248872,1,1,3454,431.750
1764840153.9289818,0,0,5745,718.125
1764840153.9329016,0,0,1138,142.250
1764840153.9369087,0,0,-1994,-249.250
1764840153.9409125,0,0,-205,-25.625
1764840153.944889,1,1,3343,417.875
1764840153.9488873,0,0,5701,712.625
1764840153.9528809,0,0,1112,139.000
1764840153.9568715,0,0,-1159,-144.875
1764840153.960894,0,0,-1126,-140.750
1764840153.9648871,1,1,2541,317.625
1764840153.968885,0,0,5453,681.625
1764840153.9728844,0,0,1612,201.500
1764840153.9768806,0,0,-2211,-276.375
1764840153.9808831,0,0,193,24.125
1764840153.9848833,1,1,3632,454.000
1764840153.9888847,0,0,5813,726.625
1764840153.9928856,0,0,1692,211.500
1764840153.996878,0,0,-1538,-192.250
1764840154.000885,0,0,-875,-109.375
1764840154.0048976,1,1,2764,345.500
1764840154.0088947,0,0,5519,689.875
1764840154.0128841,0,0,2046,255.750
1764840154.0168722,0,0,-1956,-244.500
1764840154.0208921,0,0,-653,-81.625
1764840154.0248816,1,1,2939,367.375
1764840154.0288832,0,0,5563,695.375
1764840154.0328772,0,0,2188,273.500
1764840154.0369036,0,0,-1769,-221.125
1764840154.0408912,0,0,-837,-104.625
1764840154.0448837,1,1,2772,346.500
1764840154.048883,0,0,5493,686.625
1764840154.0528743,0,0,2442,305.250
1764840154.0568712,0,0,-1787,-223.375
1764840154.0608974,0,0,-911,-113.875
1764840154.0648823,1,1,2686,335.750
1764840154.068881,0,0,5442,680.250
1764840154.072884,0,0,2647,330.875
1764840154.076881,0,0,-1557,-194.625
1764840154.080887,0,0,-1161,-145.125
1764840154.0848825,1,1,2426,303.250
1764840154.0888815,0,0,5327,665.875
1764840154.0928843,0,0,2820,352.500
1764840154.0968797,0,0,-1556,-194.500
1764840154.100885,0,0,-1229,-153.625
1764840154.1048806,1,1,2347,293.375
1764840154.1088793,0,0,5286,660.750
1764840154.112882,0,0,3007,375.875
1764840154.1168783,0,0,-1336,-167.000
1764840154.1208868,0,0,-1516,-189.500
1764840154.1248808,1,1,1981,247.625
1764840154.1289628,0,0,5127,640.875
1764840154.1328902,0,0,3280,410.000
1764840154.136873,0,0,-1513,-189.125
1764840154.1409023,0,0,-1391,-173.875
1764840154.1448717,1,1,2145,268.125
1764840154.1488664,0,0,5191,648.875
1764840154.1528678,0,0,3486,435.750
1764840154.1568706,0,0,-1466,-183.250
1764840154.1609006,0,0,-1464,-183.000
1764840154.1648848,1,1,2045,255.625
1764840154.1688812,0,0,5131,641.375
1764840154.17288,0,0,3689,461.125
1764840154.1768737,0,0,-1594,-199.250
1764840154.1808834,0,0,-1387,-173.375
1764840154.1848836,1,1,2142,267.750
1764840154.1888812,0,0,5157,644.625
1764840154.1928806,0,0,3860,482.500
1764840154.196876,0,0,-1349,-168.625
1764840154.2008796,0,0,1778,222.250
1764840154.204882,1,1,4971,621.375
1764840154.2088816,0,0,4051,506.375
1764840154.212881,0,0,-1376,-172.000
1764840154.216886,0,0,-1594,-199.250
1764840154.2208946,0,0,1829,228.625
1764840154.2248697,1,1,4973,621.625
1764840154.2288675,0,0,4225,528.125
1764840154.2328777,0,0,-1356,-169.500
1764840154.236875,0,0,-1641,-205.125
1764840154.240981,0,0,1733,216.625
1764840154.2452872,1,1,4906,613.250
1764840154.249089,0,0,4563,570.375
1764840154.2529547,0,0,-1703,-212.875
1764840154.256921,0,0,-1352,-169.000
1764840154.260926,0,0,2070,258.750
1764840154.264915,1,1,4990,623.750
1764840154.2689111,0,0,4493,561.625
1764840154.2729106,0,0,-1309,-163.625
1764840154.276906,0,0,-1680,-210.000
1764840154.2809496,0,0,1614,201.750
1764840154.284926,1,1,4776,597.000
1764840154.2889242,0,0,4647,580.875
1764840154.2929244,0,0,-1231,-153.875
1764840154.296921,0,0,-1712,-214.000
1764840154.3009224,0,0,1474,184.250
1764840154.305122,1,1,4680,585.000
1764840154.308911,0,0,4773,596.625
1764840154.312913,0,0,-1109,-138.625
1764840154.3169081,0,0,-1706,-213.250
1764840154.320926,0,0,1122,140.250
1764840154.3249063,1,1,4478,559.750
1764840154.3355265,0,0,-1457,-182.125
1764840154.3374147,0,0,-1581,-197.625
1764840154.341041,0,0,1791,223.875
1764840154.3448715,1,1,4788,598.500
1764840154.348868,0,0,5049,631.125
1764840154.3528814,0,0,-1109,-138.625
1764840154.3568795,0,0,-1762,-220.250
1764840154.360884,0,0,1232,154.000
1764840154.3648689,1,1,4473,559.125
1764840154.3688653,0,0,5107,638.375
1764840154.3728828,0,0,-915,-114.375
1764840154.3768795,0,0,-1719,-214.875
1764840154.3808832,0,0,886,110.750
1764840154.384879,1,1,4259,532.375
1764840154.3888774,0,0,5177,647.125
1764840154.3928802,0,0,-837,-104.625
1764840154.3968759,0,0,-1658,-207.250
1764840154.4008863,0,0,557,69.625
1764840154.4048781,1,1,4057,507.125
1764840154.408877,0,0,5286,660.750
1764840154.4128675,0,0,-831,-103.875
1764840154.4168675,0,0,-1757,-219.625
1764840154.4209473,0,0,850,106.250
1764840154.4248796,1,1,4218,527.250
1764840154.428877,0,0,5426,678.250
1764840154.4328792,0,0,-709,-88.625
1764840154.436876,0,0,-1738,-217.250
1764840154.4409108,0,0,679,84.875
1764840154.4448838,1,1,4096,512.000
1764840154.448877,0,0,5466,683.250
1764840154.4528766,0,0,-565,-70.625
1764840154.4568758,0,0,-1649,-206.125
1764840154.4608808,0,0,379,47.375
1764840154.4648776,1,1,3892,486.500
1764840154.4688778,0,0,5511,688.875
1764840154.47288,0,0,-495,-61.875
1764840154.476873,0,0,-1750,-218.750
1764840154.4808812,0,0,555,69.375
1764840154.484879,1,1,3987,498.375
1764840154.4888794,0,0,5591,698.875
1764840154.4928763,0,0,-338,-42.250
1764840154.4968724,0,0,-1631,-203.875
1764840154.5008752,0,0,232,29.000
1764840154.5048797,1,1,3760,470.000
1764840154.5088773,0,0,5599,699.875
1764840154.512876,0,0,-202,-25.250
1764840154.5168703,0,0,-1662,-207.750
1764840154.5208814,0,0,249,31.125
1764840154.5248783,1,1,3764,470.500
1764840154.528876,0,0,5655,706.875
1764840154.5329535,0,0,-36,-4.500
1764840154.5368884,0,0,-1603,-200.375
1764840154.540879,0,0,32,4.000
1764840154.5448816,1,1,3597,449.625
1764840154.5488653,0,0,5666,708.250
1764840154.5528748,0,0,211,26.375
1764840154.556862,0,0,-1689,-211.125
1764840154.5608954,0,0,39,4.875
1764840154.564862,1,1,3587,448.375
1764840154.568866,0,0,5694,711.750
1764840154.572878,0,0,271,33.875
1764840154.576874,0,0,-1133,-141.625
1764840154.5808783,0,0,-1029,-128.625
1764840154.584879,1,1,2691,336.375
1764840154.588878,0,0,5464,683.000
1764840154.592881,0,0,614,76.750
1764840154.5968728,0,0,-1829,-228.625
1764840154.6008897,0,0,-59,-7.375
1764840154.6048973,1,1,3523,440.375
1764840154.6088817,0,0,5788,723.500
1764840154.6128738,0,0,843,105.375
1764840154.6168644,0,0,-1823,-227.875
1764840154.6208978,0,0,-182,-22.750
1764840154.624876,1,1,3412,426.500
1764840154.628889,0,0,5762,720.250
1764840154.6328764,0,0,1025,128.125
1764840154.6368644,0,0,-1441,-180.125
1764840154.6408944,0,0,-720,-90.000
1764840154.6448917,1,1,2963,370.375
1764840154.6488776,0,0,5637,704.625
1764840154.6528726,0,0,1338,167.250
1764840154.6568644,0,0,-1680,-210.000
1764840154.6609035,0,0,-569,-71.125
1764840154.6648762,1,1,3081,385.125
1764840154.6688733,0,0,5685,710.625
1764840154.672881,0,0,1546,193.250
1764840154.6768641,0,0,-1693,-211.625
1764840154.680894,0,0,-679,-84.875
1764840154.6848736,1,1,2976,372.000
1764840154.688874,0,0,5653,706.625
1764840154.6928775,0,0,1772,221.500
1764840154.6968706,0,0,-1711,-213.875
1764840154.7008781,0,0,-728,-91.000
1764840154.7048721,1,1,2923,365.375
1764840154.7088737,0,0,5632,704.000
1764840154.7128737,0,0,1975,246.875
1764840154.7168725,0,0,-1435,-179.375
1764840154.7208817,0,0,-1089,-136.125
1764840154.7248735,1,1,2566,320.750
1764840154.7288744,0,0,5501,687.625
1764840154.7329438,0,0,2202,275.250
1764840154.7368877,0,0,-1669,-208.625
1764840154.7408795,0,0,-981,-122.625
1764840154.7448995,1,1,2673,334.125
1764840154.7488627,0,0,5544,693.000
1764840154.7528734,0,0,2454,306.750
1764840154.7568743,0,0,-1628,-203.500
1764840154.7608788,0,0,-1060,-132.500
1764840154.7648628,1,1,2583,322.875
1764840154.768858,0,0,5499,687.375
1764840154.7728746,0,0,2661,332.625
1764840154.7768724,0,0,-1229,-153.625
1764840154.7808783,0,0,-1559,-194.875
1764840154.7848778,1,1,1941,242.625
1764840154.7888758,0,0,5226,653.250
1764840154.7928746,0,0,2911,363.875
1764840154.7968748,0,0,-1822,-227.750
1764840154.8008893,0,0,-1066,-133.250
1764840154.8048627,1,1,2570,321.250
1764840154.808863,0,0,5499,687.375
1764840154.8128715,0,0,3135,391.875
1764840154.8168697,0,0,-1284,-160.500
1764840154.8208752,0,0,-1619,-202.375
1764840154.8248618,1,1,1756,219.500
1764840154.828862,0,0,5126,640.750
1764840154.8328707,0,0,3341,417.625
1764840154.8368678,0,0,-1313,-164.125
1764840154.8408744,0,0,-1618,-202.250
1764840154.8448737,1,1,1792,224.000
1764840154.848889,0,0,3608,451.000
1764840154.8528726,0,0,-1399,-174.875
1764840154.8568704,0,0,-1573,-196.625
1764840154.8608725,0,0,1923,240.375
1764840154.8648715,1,1,5201,650.125
1764840154.8688731,0,0,3814,476.750
1764840154.872875,0,0,-1371,-171.375
1764840154.8768663,0,0,-1616,-202.000
1764840154.8809009,0,0,1829,228.625
1764840154.8848743,1,1,5146,643.250
1764840154.8888743,0,0,4012,501.500
1764840154.8928764,0,0,-1321,-165.125
1764840154.8968658,0,0,-1663,-207.875
1764840154.9008908,0,0,1656,207.000
1764840154.9048736,1,1,5045,630.625
1764840154.9088738,0,0,4204,525.500
1764840154.9128726,0,0,-1254,-156.750
1764840154.9168692,0,0,-1687,-210.875
1764840154.9208734,0,0,1493,186.625
1764840154.9248703,1,1,4948,618.500
1764840154.9288716,0,0,4365,545.625
1764840154.9329531,0,0,-1185,-148.125
1764840154.936887,0,0,-1679,-209.875
1764840154.9408748,0,0,994,124.250
1764840154.944858,1,1,4664,583.000
1764840154.9488597,0,0,4553,569.125
1764840154.9528732,0,0,-1309,-163.625
1764840154.9568708,0,0,-1715,-214.375
1764840154.9608757,0,0,1563,195.375
1764840154.9648592,1,1,4973,621.625
1764840154.9688559,0,0,4785,598.125
1764840154.972874,0,0,-1399,-174.875
1764840154.9768713,0,0,-1716,-214.500
1764840154.9809024,0,0,1651,206.375
1764840154.9848723,1,1,4994,624.250
1764840154.9888701,0,0,4914,614.250
1764840154.9928737,0,0,-1081,-135.125
1764840154.9968696,0,0,-1690,-211.250
1764840155.0008805,0,0,890,111.250
1764840155.004872,1,1,4543,567.875
1764840155.0088701,0,0,4989,623.625
1764840155.0128734,0,0,-1024,-128.000
1764840155.016871,0,0,-1628,-203.500
1764840155.0208945,0,0,512,64.000
1764840155.0248716,1,1,4304,538.000
1764840155.0288699,0,0,5137,642.125
1764840155.0328712,0,0,-1047,-130.875
1764840155.036869,0,0,-1733,-216.625
1764840155.040895,0,0,949,118.625
1764840155.0448732,1,1,4571,571.375
1764840155.0488727,0,0,5337,667.125
1764840155.0528646,0,0,-899,-112.375
1764840155.0568588,0,0,-1675,-209.375
1764840155.0608609,0,0,611,76.375
1764840155.064873,1,1,4342,542.750
1764840155.06887,0,0,5431,678.875
1764840155.0728707,0,0,-808,-101.000
1764840155.0768657,0,0,-1662,-207.750
1764840155.0808983,0,0,507,63.375
1764840155.084873,1,1,4263,532.875
1764840155.0888708,0,0,5518,689.750
1764840155.0928693,0,0,-724,-90.500
1764840155.096871,0,0,-1596,-199.500
1764840155.1008773,0,0,267,33.375
1764840155.1048596,1,1,4091,511.375
1764840155.1088574,0,0,5609,701.125
1764840155.1128674,0,0,-641,-80.125
1764840155.1168666,0,0,-1524,-190.500
1764840155.1208735,0,0,-19,-2.375
1764840155.124858,1,1,3872,484.000
1764840155.1288571,0,0,5674,709.250
1764840155.1329377,0,0,-564,-70.500
1764840155.1368766,0,0,-1574,-196.750
1764840155.1408906,0,0,112,14.000
1764840155.1448727,1,1,3968,496.000
1764840155.1489065,0,0,5843,730.375
1764840155.1528683,0,0,-381,-47.625
1764840155.1568558,0,0,-1485,-185.625
1764840155.160884,0,0,-183,-22.875
1764840155.1648614,1,1,3729,466.125
1764840155.1688578,0,0,5853,731.625
1764840155.1728666,0,0,-264,-33.000
1764840155.1768665,0,0,-1599,-199.875
1764840155.1808925,0,0,7,0.875
1764840155.1848705,1,1,3866,483.250
1764840155.1888711,0,0,5979,747.375
1764840155.1928704,0,0,-100,-12.500
1764840155.1968646,0,0,-1493,-186.625
1764840155.2008896,0,0,-295,-36.875
1764840155.2048678,1,1,3615,451.875
1764840155.2088773,0,0,5978,747.250
1764840155.2128696,0,0,116,14.500
1764840155.2168574,0,0,-1630,-203.750
1764840155.220905,0,0,-209,-26.125
1764840155.224869,1,1,3669,458.625
1764840155.2288702,0,0,6062,757.750
1764840155.2328627,0,0,332,41.500
1764840155.236855,0,0,-1650,-206.250
1764840155.2408605,0,0,-291,-36.375
1764840155.2452507,1,1,3587,448.375
1764840155.2489982,0,0,6114,764.250
1764840155.2528853,0,0,830,103.750
1764840155.256867,0,0,-2200,-275.000
1764840155.2608907,0,0,360,45.000
1764840155.2648602,1,1,4024,503.000
1764840155.2688546,0,0,6217,777.125
1764840155.2728562,0,0,709,88.625
1764840155.2768564,0,0,-1668,-208.500
1764840155.2808635,0,0,-447,-55.875
1764840155.2848673,1,1,3402,425.250
1764840155.2888653,0,0,6046,755.750
1764840155.2928677,0,0,933,116.625
1764840155.296866,0,0,-1450,-181.250
1764840155.300897,0,0,-862,-107.750
1764840155.3048875,1,1,3009,376.125
1764840155.3089242,0,0,5936,742.000
1764840155.3130713,0,0,1151,143.875
1764840155.3170087,0,0,-1574,-196.750
1764840155.3208985,0,0,-803,-100.375
1764840155.324856,1,1,3056,382.000
1764840155.3288536,0,0,5984,748.000
1764840155.3381827,0,0,-1673,-209.125
1764840155.3408868,0,0,-1673,-209.125
1764840155.3448672,1,1,1571,196.375
1764840155.3488648,0,0,5322,665.250
1764840155.3529065,0,0,1566,195.750
1764840155.356864,0,0,-1320,-165.000
1764840155.3608928,0,0,-1365,-170.625
1764840155.3648565,1,1,2441,305.125
1764840155.368853,0,0,5835,729.375
1764840155.3728645,0,0,1994,249.250
1764840155.376862,0,0,-1500,-187.500
1764840155.3808935,0,0,-1278,-159.750
1764840155.3848703,1,1,2548,318.500
1764840155.3888674,0,0,5905,738.125
1764840155.392864,0,0,2259,282.375
1764840155.396861,0,0,-1533,-191.625
1764840155.4008982,0,0,-1311,-163.875
1764840155.4048665,1,1,2497,312.125
1764840155.4088728,0,0,5890,736.250
1764840155.412867,0,0,2501,312.625
1764840155.4168503,0,0,-1609,-201.125
1764840155.4208586,0,0,-1292,-161.500
1764840155.4248679,1,1,2509,313.625
1764840155.4288666,0,0,5894,736.750
1764840155.4328527,0,0,2706,338.250
1764840155.43685,0,0,-1372,-171.500
1764840155.4408553,0,0,-1607,-200.875
1764840155.4448671,1,1,1997,249.625
1764840155.4488666,0,0,5641,705.125
1764840155.4528973,0,0,2947,368.375
1764840155.4568515,0,0,-1460,-182.500
1764840155.4608564,0,0,-1527,-190.875
1764840155.4648705,1,1,2163,270.375
1764840155.468868,0,0,5728,716.000
1764840155.4728699,0,0,3217,402.125
1764840155.4768612,0,0,-1444,-180.500
1764840155.4808912,0,0,-1584,-198.000
1764840155.4848654,1,1,2058,257.250
1764840155.488866,0,0,5665,708.125
1764840155.4928665,0,0,3428,428.500
1764840155.4968576,0,0,-1363,-170.375
1764840155.50089,0,0,1745,218.125
1764840155.504863,1,1,5489,686.125
1764840155.5088649,0,0,3615,451.875
1764840155.5128653,0,0,-1321,-165.125
1764840155.5168614,0,0,-1703,-212.875
1764840155.5208883,0,0,1444,180.500
1764840155.5248625,1,1,5315,664.375
1764840155.5288649,0,0,3809,476.125
1764840155.532865,0,0,-1356,-169.500
1764840155.536936,0,0,-1713,-214.125
1764840155.5408802,0,0,1486,185.750
1764840155.5448506,1,1,5334,666.750
1764840155.5488484,0,0,4061,507.625
1764840155.5528934,0,0,-1356,-169.500
1764840155.556856,0,0,-1724,-215.500
1764840155.5608554,0,0,1547,193.375
1764840155.5648644,1,1,5358,669.750
1764840155.5688632,0,0,4263,532.875
1764840155.5728657,0,0,-1375,-171.875
1764840155.5768616,0,0,-1732,-216.500
1764840155.58089,0,0,1557,194.625
1764840155.5848632,1,1,5346,668.250
1764840155.588862,0,0,4466,558.250
1764840155.5928626,0,0,-1302,-162.750
1764840155.5968595,0,0,-1725,-215.625
1764840155.6008954,0,0,1133,141.625
1764840155.604861,1,1,5070,633.750
1764840155.608859,0,0,4612,576.500
1764840155.6128614,0,0,-1243,-155.375
1764840155.6168604,0,0,-1699,-212.375
1764840155.6208866,0,0,825,103.125
1764840155.6248598,1,1,4862,607.750
1764840155.628859,0,0,4807,600.875
1764840155.6328611,0,0,-1310,-163.750
1764840155.63686,0,0,-1788,-223.500
1764840155.6408842,0,0,1305,163.125
1764840155.6448624,1,1,5154,644.250
1764840155.64886,0,0,5072,634.000
1764840155.6528587,0,0,-1222,-152.750
1764840155.6568723,0,0,-1770,-221.250
1764840155.660898,0,0,1079,134.875
1764840155.6648676,1,1,4987,623.375
1764840155.6688585,0,0,5189,648.625
1764840155.6728563,0,0,-1107,-138.375
1764840155.6768482,0,0,-1642,-205.250
1764840155.6808517,0,0,442,55.250
1764840155.6848638,1,1,4537,567.125
1764840155.6888642,0,0,5244,655.500
1764840155.692854,0,0,-1097,-137.125
1764840155.6968446,0,0,-1741,-217.625
1764840155.70085,0,0,753,94.125
1764840155.7048664,1,1,4742,592.750
1764840155.7088642,0,0,5483,685.375
1764840155.7128634,0,0,-1045,-130.625
1764840155.7168565,0,0,-1795,-224.375
1764840155.7209015,0,0,842,105.250
1764840155.7248652,1,1,4779,597.375
1764840155.7288654,0,0,5579,697.375
1764840155.732864,0,0,-927,-115.875
1764840155.7369254,0,0,-1554,-194.250
1764840155.7408783,0,0,12,1.500
1764840155.7448523,1,1,4157,519.625
1764840155.7488499,0,0,5588,698.500
1764840155.752864,0,0,-833,-104.125
1764840155.7568963,0,0,-1691,-211.375
1764840155.7608852,0,0,386,48.250
1764840155.76485,1,1,4432,554.000
1764840155.7688498,0,0,5819,727.375
1764840155.772865,0,0,-733,-91.625
1764840155.7768564,0,0,-1598,-199.750
1764840155.7808828,0,0,55,6.875
1764840155.7848632,1,1,4160,520.000
1764840155.7888613,0,0,5883,735.375
1764840155.7928624,0,0,-619,-77.375
1764840155.7968538,0,0,-1813,-226.625
1764840155.8008912,0,0,417,52.125
1764840155.804846,1,1,4417,552.125
1764840155.8088465,0,0,6075,759.375
1764840155.8128576,0,0,-476,-59.500
1764840155.8168597,0,0,-1622,-202.750
1764840155.8208566,0,0,-46,-5.750
1764840155.8248591,1,1,4037,504.625
1764840155.8288612,0,0,6059,757.375
1764840155.832862,0,0,-319,-39.875
1764840155.8368604,0,0,-1753,-219.125
1764840155.8409019,0,0,77,9.625
1764840155.8448486,1,1,4112,514.000
1764840155.8488448,0,0,6178,772.250
1764840155.8528574,0,0,-149,-18.625
1764840155.856872,0,0,-1902,-237.750
1764840155.8608568,0,0,142,17.750
1764840155.8648453,1,1,4138,517.250
1764840155.8688445,0,0,6260,782.500
1764840155.8728592,0,0,7,0.875
1764840155.876858,0,0,-1650,-206.250
1764840155.880863,0,0,-303,-37.875
1764840155.8848598,1,1,3754,469.250
1764840155.888859,0,0,6199,774.875
1764840155.8928628,0,0,175,21.875
1764840155.89686,0,0,-1370,-171.250
1764840155.900861,0,0,-836,-104.500
1764840155.9048593,1,1,3239,404.875
1764840155.9088569,0,0,6077,759.625
1764840155.9128604,0,0,393,49.125
1764840155.9168572,0,0,-1676,-209.500
1764840155.920859,0,0,-510,-63.750
1764840155.924858,1,1,3543,442.875
1764840155.9288583,0,0,6274,784.250
1764840155.9328592,0,0,658,82.250
1764840155.936932,0,0,-1875,-234.375
1764840155.9409065,0,0,-418,-52.250
1764840155.9448497,1,1,3606,450.750
1764840155.9488454,0,0,6339,792.375
1764840155.9528587,0,0,839,104.875
1764840155.9568558,0,0,-1631,-203.875
1764840155.9608881,0,0,-812,-101.500
1764840155.9648478,1,1,3212,401.500
1764840155.9688442,0,0,6216,777.000
1764840155.9728584,0,0,1045,130.625
1764840155.9768553,0,0,-1687,-210.875
1764840155.9808588,0,0,-815,-101.875
1764840155.9848616,1,1,3194,399.250
1764840155.9888594,0,0,6246,780.750
1764840155.992855,0,0,1272,159.000
1764840155.996851,0,0,-1623,-202.875
1764840156.000857,0,0,-999,-124.875
1764840156.0048587,1,1,2983,372.875
1764840156.0088563,0,0,6184,773.000
1764840156.012858,0,0,1493,186.625
1764840156.0168524,0,0,-1752,-219.000
1764840156.020857,0,0,-931,-116.375
1764840156.024857,1,1,3042,380.250
1764840156.0288591,0,0,6233,779.125
1764840156.0328603,0,0,1745,218.125
1764840156.0368521,0,0,-1473,-184.125
1764840156.0408573,0,0,-1302,-162.750
1764840156.0448596,1,1,2595,324.375
1764840156.0488596,0,0,6044,755.500
1764840156.0528536,0,0,1987,248.375
1764840156.0568404,0,0,-2006,-250.750
1764840156.0608974,0,0,-878,-109.750
1764840156.0648596,1,1,3063,382.875
1764840156.0688581,0,0,6268,783.500
1764840156.0728583,0,0,2225,278.125
1764840156.076874,0,0,-1568,-196.000
1764840156.080895,0,0,-1347,-168.375
1764840156.084848,1,1,2506,313.250
1764840156.0888455,0,0,6008,751.000
1764840156.0928543,0,0,2398,299.750
1764840156.096852,0,0,-1629,-203.625
1764840156.1008513,0,0,-1327,-165.875
1764840156.1048439,1,1,2520,315.000
1764840156.1088433,0,0,6014,751.750
1764840156.1128576,0,0,2613,326.625
1764840156.116856,0,0,-1633,-204.125
1764840156.1208544,0,0,-1374,-171.750
1764840156.1248581,1,1,2446,305.750
1764840156.12886,0,0,5976,747.000
1764840156.1328614,0,0,2866,358.250
1764840156.1369314,0,0,-1558,-194.750
1764840156.140904,0,0,-1497,-187.125
1764840156.1448464,1,1,2254,281.750
1764840156.1488442,0,0,5870,733.750
1764840156.152859,0,0,-1608,-201.000
1764840156.1568549,0,0,-1459,-182.375
1764840156.1608562,0,0,2300,287.500
1764840156.1648436,1,1,5883,735.375
1764840156.1688414,0,0,3342,417.750
1764840156.1728554,0,0,-1639,-204.875
1764840156.1768544,0,0,-1466,-183.250
1764840156.1808543,0,0,2277,284.625
1764840156.18484,1,1,5867,733.375
1764840156.1888416,0,0,3407,425.875
1764840156.1928537,0,0,-1366,-170.750
1764840156.1968524,0,0,-1707,-213.375
1764840156.2008533,0,0,1302,162.750
1764840156.2048542,1,1,5286,660.750
1764840156.2088597,0,0,3618,452.250
1764840156.2128549,0,0,-1961,-245.125
1764840156.216845,0,0,-1328,-166.000
1764840156.220853,0,0,2443,305.375
1764840156.224854,1,1,5918,739.750
1764840156.2288516,0,0,3993,499.125
1764840156.232849,0,0,-1508,-188.500
1764840156.2368438,0,0,-1659,-207.375
1764840156.2408495,0,0,1919,239.875
1764840156.2452428,1,1,5611,701.375
1764840156.2489822,0,0,4353,544.125
1764840156.2528691,0,0,-1728,-216.000
1764840156.256853,0,0,-860,-107.500
1764840156.2608578,0,0,2861,357.625
1764840156.2648613,1,1,6013,751.625
1764840156.2688546,0,0,4362,545.250
1764840156.2728517,0,0,-1375,-171.875
1764840156.2768464,0,0,-1724,-215.500
1764840156.2808566,0,0,1601,200.125
1764840156.2848594,1,1,5346,668.250
1764840156.2888584,0,0,4430,553.750
1764840156.2928557,0,0,-1429,-178.625
1764840156.2968519,0,0,-1725,-215.625
1764840156.3008518,0,0,1705,213.125
1764840156.304845,1,1,5382,672.750
1764840156.308841,0,0,4618,577.250
1764840156.312854,0,0,-1294,-161.750
1764840156.3168511,0,0,-1735,-216.875
1764840156.3208551,0,0,1248,156.000
1764840156.324857,1,1,5091,636.375
1764840156.328858,0,0,4733,591.625
1764840156.3328578,0,0,-1239,-154.875
1764840156.342262,0,0,1117,139.625
1764840156.344877,1,1,4993,624.125
1764840156.348861,0,0,4951,618.875
1764840156.3528562,0,0,-1292,-161.500
1764840156.3568413,0,0,-1796,-224.500
1764840156.3608463,0,0,1366,170.750
1764840156.3648975,1,1,5122,640.250
1764840156.3688567,0,0,5065,633.125
1764840156.3728504,0,0,-1100,-137.500
1764840156.37684,0,0,-1673,-209.125
1764840156.3808453,0,0,642,80.250
1764840156.384858,1,1,4640,580.000
1764840156.3888545,0,0,5149,643.625
1764840156.3928576,0,0,-1077,-134.625
1764840156.396847,0,0,-1658,-207.250
1764840156.4008498,0,0,522,65.250
1764840156.404852,1,1,4549,568.625
1764840156.408856,0,0,5312,664.000
1764840156.4128551,0,0,-1000,-125.000
1764840156.41685,0,0,-1620,-202.500
1764840156.420849,0,0,356,44.500
1764840156.4248548,1,1,4417,552.125
1764840156.4288557,0,0,5455,681.875
1764840156.432854,0,0,-893,-111.625
1764840156.43685,0,0,-1558,-194.750
1764840156.4408526,0,0,34,4.250
1764840156.444852,1,1,4161,520.125
1764840156.4488487,0,0,5552,694.000
1764840156.4528513,0,0,-898,-112.250
1764840156.4568505,0,0,-1753,-219.125
1764840156.4608502,0,0,582,72.750
1764840156.464864,1,1,4557,569.625
1764840156.4688523,0,0,5819,727.375
1764840156.472852,0,0,-751,-93.875
1764840156.4768503,0,0,-1684,-210.500
1764840156.4808657,0,0,332,41.500
1764840156.4848557,1,1,4356,544.500
1764840156.4888487,0,0,5888,736.000
1764840156.4928472,0,0,-667,-83.375
1764840156.4968393,0,0,-1787,-223.375
1764840156.5008447,0,0,460,57.500
1764840156.5048525,1,1,4423,552.875
1764840156.5088513,0,0,5984,748.000
1764840156.5128446,0,0,-567,-70.875
1764840156.5168386,0,0,-1607,-200.875
1764840156.5208457,0,0,-54,-6.750
1764840156.5248528,1,1,4013,501.625
1764840156.5288503,0,0,5986,748.250
1764840156.53285,0,0,-393,-49.125
1764840156.5368497,0,0,-1666,-208.250
1764840156.5409322,0,0,57,7.125
1764840156.5448704,1,1,4081,510.125
1764840156.5488534,0,0,6123,765.375
1764840156.5528429,0,0,-188,-23.500
1764840156.5568414,0,0,-2024,-253.000
1764840156.5608475,0,0,299,37.375
1764840156.5648925,1,1,4241,530.125
1764840156.5688536,0,0,6264,783.000
1764840156.5728443,0,0,13,1.625
1764840156.5768387,0,0,-1856,-232.000
1764840156.5808446,0,0,15,1.875
1764840156.5848548,1,1,3991,498.875
1764840156.588854,0,0,6229,778.625
1764840156.5928483,0,0,151,18.875
1764840156.5968468,0,0,-1855,-231.875
1764840156.600847,0,0,-59,-7.375
1764840156.604851,1,1,3912,489.000
1764840156.608853,0,0,6266,783.250
1764840156.6128502,0,0,363,45.375
1764840156.61685,0,0,-2064,-258.000
1764840156.6208606,0,0,0,0.000
1764840156.624841,1,1,3928,491.000
1764840156.6288376,0,0,6301,787.625
1764840156.6328468,0,0,502,62.750
1764840156.6368463,0,0,-1856,-232.000
1764840156.6408443,0,0,-256,-32.000
1764840156.644838,1,1,3698,462.250
1764840156.6488376,0,0,6269,783.625
1764840156.6528492,0,0,749,93.625
1764840156.6568463,0,0,-1993,-249.125
1764840156.660848,0,0,-255,-31.875
1764840156.6648521,1,1,3671,458.875
1764840156.6688669,0,0,6284,785.500
1764840156.6728504,0,0,955,119.375
1764840156.6768463,0,0,-2026,-253.250
1764840156.6808481,0,0,-325,-40.625
1764840156.684851,1,1,3588,448.500
1764840156.6888516,0,0,6268,783.500
1764840156.6928449,0,0,1140,142.500
1764840156.6968338,0,0,-1595,-199.375
1764840156.7008379,0,0,-863,-107.875
1764840156.7048507,1,1,3074,384.250
1764840156.7088506,0,0,6086,760.750
1764840156.712844,0,0,1310,163.750
1764840156.7168372,0,0,-1451,-181.375
1764840156.720843,0,0,-1082,-135.250
1764840156.724849,1,1,2831,353.875
1764840156.7288496,0,0,6013,751.625
1764840156.7328508,0,0,1556,194.500
1764840156.7368476,0,0,-1948,-243.500
1764840156.7409213,0,0,-675,-84.375
1764840156.7448642,1,1,3231,403.875
1764840156.7488515,0,0,6197,774.625
1764840156.7528415,0,0,1795,224.375
1764840156.7568393,0,0,-1624,-203.000
1764840156.7608404,0,0,-1069,-133.625
1764840156.7648478,1,1,2814,351.750
1764840156.7688844,0,0,6027,753.375
1764840156.7728457,0,0,2012,251.500
1764840156.7768378,0,0,-1944,-243.000
1764840156.7808409,0,0,-825,-103.125
1764840156.7848475,1,1,3052,381.500
1764840156.7888465,0,0,6131,766.375
1764840156.792847,0,0,2313,289.125
1764840156.7968457,0,0,-1936,-242.000
1764840156.8008466,0,0,-944,-118.000
1764840156.8048356,1,1,2908,363.500
1764840156.8088343,0,0,2482,310.250
1764840156.812845,0,0,-2168,-271.000
1764840156.816846,0,0,-813,-101.625
1764840156.8208504,0,0,3020,377.500
1764840156.82485,1,1,6078,759.750
1764840156.8288472,0,0,2650,331.250
1764840156.832841,0,0,-1632,-204.000
1764840156.8368456,0,0,-1263,-157.875
1764840156.8408513,0,0,2521,315.125
1764840156.8448489,1,1,5842,730.250
1764840156.848843,0,0,2853,356.625
1764840156.852845,0,0,-1687,-210.875
1764840156.8568454,0,0,-1282,-160.250
1764840156.8608484,0,0,2480,310.000
1764840156.8648484,1,1,5809,726.125
1764840156.8688464,0,0,3062,382.750
1764840156.8728433,0,0,-1565,-195.625
1764840156.8768425,0,0,-1420,-177.500
1764840156.8808453,0,0,2292,286.500
1764840156.8848507,1,1,5708,713.500
1764840156.8888469,0,0,3238,404.750
1764840156.8928406,0,0,-1469,-183.625
1764840156.8968391,0,0,-1569,-196.125
1764840156.9008434,0,0,2045,255.625
1764840156.904852,1,1,5573,696.625
1764840156.9088464,0,0,3477,434.625
1764840156.9128401,0,0,-1693,-211.625
1764840156.9168408,0,0,-1385,-173.125
1764840156.9208481,0,0,2316,289.500
1764840156.9248478,1,1,5688,711.000
1764840156.9288452,0,0,3719,464.875
1764840156.9328465,0,0,-1488,-186.000
1764840156.9368436,0,0,-1555,-194.375
1764840156.9409242,0,0,2053,256.625
1764840156.9448605,1,1,5532,691.500
1764840156.9488492,0,0,3910,488.750
1764840156.9528408,0,0,-1544,-193.000
1764840156.9568317,0,0,-1561,-195.125
1764840156.9608505,0,0,2035,254.375
1764840156.9648376,1,1,5496,687.000
1764840156.9688344,0,0,4102,512.750
1764840156.9728456,0,0,-1496,-187.000
1764840156.9768434,0,0,-1608,-201.000
1764840156.9808476,0,0,1946,243.250
1764840156.9848397,1,1,5421,677.625
1764840156.9888332,0,0,4270,533.750
1764840156.9928477,0,0,-1563,-195.375
1764840156.9968443,0,0,-1608,-201.000
1764840157.000847,0,0,1937,242.125
1764840157.0048487,1,1,5388,673.500
1764840157.0088465,0,0,4417,552.125
1764840157.0128489,0,0,-1458,-182.250
1764840157.0168447,0,0,-1669,-208.625
1764840157.0208442,0,0,1809,226.125
1764840157.024847,1,1,5303,662.875
1764840157.0288477,0,0,4466,558.250
1764840157.0328465,0,0,-1210,-151.250
1764840157.036843,0,0,-1550,-193.750
1764840157.0408432,0,0,133,16.625
1764840157.044845,1,1,4223,527.875
1764840157.048845,0,0,4575,571.875
1764840157.0528407,0,0,-1579,-197.375
1764840157.0568323,0,0,-1691,-211.375
1764840157.0608344,0,0,1782,222.750
1764840157.0648456,1,1,5279,659.875
1764840157.0688426,0,0,5013,626.625
1764840157.0728598,0,0,-1319,-164.875
1764840157.076843,0,0,-1790,-223.750
1764840157.080846,0,0,1484,185.500
1764840157.0848432,1,1,5079,634.875
1764840157.0888436,0,0,5115,639.375
1764840157.0928462,0,0,-1195,-149.375
1764840157.0968432,0,0,-1788,-223.500
1764840157.100847,0,0,1284,160.500
1764840157.1048453,1,1,4931,616.375
1764840157.1088426,0,0,5222,652.750
1764840157.1128418,0,0,-1366,-170.750
1764840157.1168427,0,0,-1713,-214.125
1764840157.1208448,0,0,1712,214.000
1764840157.1248462,1,1,5140,642.500
1764840157.1288443,0,0,5337,667.125
1764840157.1328444,0,0,-1001,-125.125
1764840157.1368418,0,0,-1666,-208.250
1764840157.1409218,0,0,633,79.125
1764840157.1448605,1,1,4466,558.250
1764840157.1488457,0,0,5400,675.000
1764840157.1528344,0,0,-995,-124.375
1764840157.156832,0,0,-1775,-221.875
1764840157.160837,0,0,912,114.000
1764840157.1648464,1,1,4625,578.125
1764840157.1688435,0,0,5555,694.375
1764840157.1728728,0,0,-978,-122.250
1764840157.1768303,0,0,-1848,-231.000
1764840157.1808374,0,0,993,124.125
1764840157.1848466,1,1,4648,581.000
1764840157.1888452,0,0,5670,708.750
1764840157.1928403,0,0,-873,-109.125
1764840157.1968381,0,0,-1831,-228.875
1764840157.2008429,0,0,871,108.875
1764840157.204833,1,1,4543,567.875
1764840157.2088308,0,0,5731,716.375
1764840157.212839,0,0,-735,-91.875
1764840157.2168393,0,0,-1735,-216.875
1764840157.2208428,0,0,581,72.625
1764840157.2248504,1,1,4328,541.000
1764840157.2288444,0,0,5783,722.875
1764840157.2328405,0,0,-637,-79.625
1764840157.2368383,0,0,-1759,-219.875
1764840157.240846,0,0,549,68.625
1764840157.2452152,1,1,4283,535.375
1764840157.248968,0,0,5916,739.500
1764840157.2528598,0,0,-281,-35.125
1764840157.2568386,0,0,-1613,-201.625
1764840157.2608378,0,0,1628,203.500
1764840157.2648458,1,1,4861,607.625
1764840157.268843,0,0,5996,749.500
1764840157.2728832,0,0,-379,-47.375
1764840157.276837,0,0,-1506,-188.250
1764840157.28084,0,0,-107,-13.375
1764840157.284845,1,1,3744,468.000
1764840157.2888432,0,0,5821,727.625
1764840157.2928467,0,0,-241,-30.125
1764840157.2968383,0,0,-1560,-195.000
1764840157.300843,0,0,-100,-12.500
1764840157.304831,1,1,3735,466.875
1764840157.30883,0,0,5902,737.750
1764840157.3128462,0,0,-39,-4.875
1764840157.316849,0,0,-1790,-223.750
1764840157.3208508,0,0,178,22.250
1764840157.3248293,1,1,3926,490.750
1764840157.3288279,0,0,6017,752.125
1764840157.332841,0,0,152,19.000
1764840157.336842,0,0,-1652,-206.500
1764840157.3461785,1,1,6004,750.500
1764840157.3488524,0,0,6004,750.500
1764840157.3528333,0,0,490,61.250
1764840157.3568285,0,0,-2203,-275.375
1764840157.360833,0,0,380,47.500
1764840157.3648412,1,1,4001,500.125
1764840157.36884,0,0,6088,761.000
1764840157.3728344,0,0,516,64.500
1764840157.376868,0,0,-1819,-227.375
1764840157.3808386,0,0,-120,-15.000
1764840157.3848426,1,1,3626,453.250
1764840157.38884,0,0,5998,749.750
1764840157.392839,0,0,710,88.750
1764840157.3968368,0,0,-1842,-230.250
1764840157.4008446,0,0,-219,-27.375
1764840157.40484,1,1,3527,440.875
1764840157.4088423,0,0,5988,748.500
1764840157.412843,0,0,932,116.500
1764840157.416829,0,0,-1850,-231.250
1764840157.4208343,0,0,-292,-36.500
1764840157.424841,1,1,3447,430.875
1764840157.4288378,0,0,5970,746.250
1764840157.4328291,0,0,1139,142.375
1764840157.436829,0,0,-2175,-271.875
1764840157.4408336,0,0,-146,-18.250
1764840157.444842,1,1,3542,442.750
1764840157.4488385,0,0,6004,750.500
1764840157.4528313,0,0,1328,166.000
1764840157.4568295,0,0,-1835,-229.375
1764840157.460832,0,0,3250,406.250
1764840157.4648418,1,1,5899,737.375
1764840157.468836,0,0,1558,194.750
1764840157.472837,0,0,-1942,-242.750
1764840157.4768496,0,0,-497,-62.125
1764840157.480843,0,0,3216,402.000
1764840157.4848409,1,1,5877,734.625
1764840157.4888408,0,0,1730,216.250
1764840157.4928381,0,0,-1591,-198.875
1764840157.4968338,0,0,-913,-114.125
1764840157.5008364,0,0,2827,353.375
1764840157.5048425,1,1,5736,717.000
1764840157.50884,0,0,1979,247.375
1764840157.5128336,0,0,-1931,-241.375
1764840157.516834,0,0,-698,-87.250
1764840157.5208387,0,0,3013,376.625
1764840157.5248404,1,1,5797,724.625
1764840157.5288413,0,0,2192,274.000
1764840157.5328345,0,0,-1685,-210.625
1764840157.5368228,0,0,-973,-121.625
1764840157.5408304,0,0,2738,342.250
1764840157.5449195,1,1,5683,710.375
1764840157.548853,0,0,2405,300.625
1764840157.552833,0,0,-2134,-266.750
1764840157.5568237,0,0,-712,-89.000
1764840157.5608299,0,0,2971,371.375
1764840157.5648415,1,1,5753,719.125
1764840157.568839,0,0,2615,326.875
1764840157.572834,0,0,-1474,-184.250
1764840157.576826,0,0,-1270,-158.750
1764840157.580831,0,0,2392,299.000
1764840157.5848422,1,1,5506,688.250
1764840157.588838,0,0,2856,357.000
1764840157.5928364,0,0,-1817,-227.125
1764840157.5968323,0,0,-1083,-135.375
1764840157.6008348,0,0,2584,323.000
1764840157.6048367,1,1,5569,696.125
1764840157.6088386,0,0,3097,387.125
1764840157.6128337,0,0,-1856,-232.000
1764840157.616833,0,0,-1114,-139.250
1764840157.620835,0,0,2535,316.875
1764840157.6248407,1,1,5521,690.125
1764840157.6288378,0,0,3255,406.875
1764840157.6328328,0,0,-1471,-183.875
1764840157.6368332,0,0,-1443,-180.375
1764840157.6408381,0,0,2138,267.250
1764840157.6448338,1,1,5328,666.000
1764840157.6488311,0,0,3440,430.000
1764840157.6528382,0,0,-1593,-199.125
1764840157.656835,0,0,-1385,-173.125
1764840157.660835,0,0,2202,275.250
1764840157.6648343,1,1,5339,667.375
1764840157.6688325,0,0,3620,452.500
1764840157.6728344,0,0,-1449,-181.125
1764840157.6768324,0,0,-1517,-189.625
1764840157.6809957,0,0,2017,252.125
1764840157.6848989,1,1,5239,654.875
1764840157.6888945,0,0,3843,480.375
1764840157.6928973,0,0,-1979,-247.375
1764840157.6968908,0,0,-1224,-153.000
1764840157.7009377,0,0,2370,296.250
1764840157.7048929,1,1,5369,671.125
1764840157.708891,0,0,4028,503.500
1764840157.7128894,0,0,-1919,-239.875
1764840157.7168756,0,0,-1301,-162.625
1764840157.720926,0,0,2265,283.125
1764840157.7248898,1,1,5278,659.750
1764840157.7288876,0,0,4158,519.750
1764840157.732891,0,0,-1582,-197.750
1764840157.7368898,0,0,-1512,-189.000
1764840157.7409177,0,0,1985,248.125
1764840157.7449815,1,1,5114,639.250
1764840157.7488952,0,0,4299,537.375
1764840157.7528768,0,0,-1402,-175.250
1764840157.7568707,0,0,-1624,-203.000
1764840157.7608814,0,0,1799,224.875
1764840157.7648911,1,1,4996,624.500
1764840157.7688894,0,0,4467,558.375
1764840157.7728775,0,0,-1498,-187.250
1764840157.7768705,0,0,-1628,-203.500
1764840157.7810004,0,0,1782,222.750
1764840157.784857,1,1,4958,619.750
1764840157.788849,0,0,4543,567.875
1764840157.7928464,0,0,-1153,-144.125
1764840157.7968445,0,0,-1678,-209.750
1764840157.8008494,0,0,1018,127.250
1764840157.8048365,1,1,4550,568.750
1764840157.8088312,0,0,4630,578.750
1764840157.812844,0,0,-1080,-135.000
1764840157.8168483,0,0,-1616,-202.000
1764840157.820857,0,0,549,68.625
1764840157.8248327,1,1,4266,533.250
1764840157.8288305,0,0,4844,605.500
1764840157.8328466,0,0,-1096,-137.000
1764840157.8368447,0,0,-1725,-215.625
1764840157.8408453,0,0,1112,139.000
1764840157.8448286,1,1,4606,575.750
1764840157.8488307,0,0,5109,638.625
1764840157.852848,0,0,-1314,-164.250
1764840157.856843,0,0,-1793,-224.125
1764840157.8608475,0,0,1477,184.625
1764840157.8648467,1,1,4779,597.375
1764840157.868845,0,0,5266,658.250
1764840157.872843,0,0,-1125,-140.625
1764840157.8768404,0,0,-1829,-228.625
1764840157.8809004,0,0,1243,155.375
1764840157.8848433,1,1,4617,577.125
1764840157.8888438,0,0,5310,663.750
1764840157.892848,0,0,-972,-121.500
1764840157.8968413,0,0,-1775,-221.875
1764840157.9008446,0,0,1027,128.375
1764840157.9048405,1,1,4470,558.750
1764840157.9088414,0,0,5383,672.875
1764840157.9128442,0,0,-789,-98.625
1764840157.916842,0,0,-1602,-200.250
1764840157.9208422,0,0,339,42.375
1764840157.9248414,1,1,4027,503.375
1764840157.9288435,0,0,5424,678.000
1764840157.932847,0,0,-767,-95.875
1764840157.9368408,0,0,-1730,-216.250
1764840157.9408429,0,0,662,82.750
1764840157.9449334,1,1,4225,528.125
1764840157.9488559,0,0,5570,696.250
1764840157.9528317,0,0,-693,-86.625
1764840157.9568253,0,0,-1771,-221.375
1764840157.9608338,0,0,694,86.750
1764840157.9648402,1,1,4227,528.375
1764840157.9688373,0,0,5677,709.625
1764840157.972832,0,0,-543,-67.875
1764840157.976824,0,0,-1747,-218.375
1764840157.9808366,0,0,537,67.125
1764840157.984841,1,1,4100,512.500
1764840157.9888399,0,0,5705,713.125
1764840157.9928424,0,0,-450,-56.250
1764840157.9968412,0,0,-1771,-221.375
1764840158.0008464,0,0,519,64.875
1764840158.0048413,1,1,4067,508.375
1764840158.0088377,0,0,5757,719.625
1764840158.0128417,0,0,-274,-34.250
1764840158.0168421,0,0,-1642,-205.250
1764840158.0208428,0,0,194,24.250
1764840158.0248392,1,1,3826,478.250
1764840158.0288503,0,0,5737,717.125
1764840158.0328395,0,0,-144,-18.000
1764840158.0368397,0,0,-1512,-189.000
1764840158.0408454,0,0,-142,-17.750
1764840158.0448444,1,1,3575,446.875
1764840158.0488381,0,0,5753,719.125
1764840158.05283,0,0,70,8.750
1764840158.0568247,0,0,-1732,-216.500
1764840158.060832,0,0,126,15.750
1764840158.0648417,1,1,3754,469.250
1764840158.0688372,0,0,5850,731.250
1764840158.0728393,0,0,332,41.500
1764840158.0768363,0,0,-2170,-271.250
1764840158.0808768,0,0,476,59.500
1764840158.084845,1,1,3961,495.125
1764840158.088842,0,0,5905,738.125
1764840158.0928423,0,0,424,53.000
1764840158.0968382,0,0,-1735,-216.875
1764840158.1008432,0,0,-76,-9.500
1764840158.1048388,1,1,3554,444.250
1764840158.1088398,0,0,642,80.250
1764840158.112837,0,0,-1777,-222.125
1764840158.1168377,0,0,-158,-19.750
1764840158.1208444,0,0,3476,434.500
1764840158.1248431,1,1,5803,725.375
1764840158.1288393,0,0,836,104.500
1764840158.1328533,0,0,-1871,-233.875
1764840158.136843,0,0,-179,-22.375
1764840158.1408412,0,0,3439,429.875
1764840158.1449268,1,1,5802,725.250
1764840158.1488528,0,0,1054,131.750
1764840158.1528478,0,0,-1883,-235.375
1764840158.1568384,0,0,-269,-33.625
1764840158.1608412,0,0,3352,419.000
1764840158.164843,1,1,5775,721.875
1764840158.1688435,0,0,1270,158.750
1764840158.1728342,0,0,-2152,-269.000
1764840158.1768224,0,0,-179,-22.375
1764840158.1808329,0,0,3402,425.250
1764840158.184859,1,1,5782,722.750
1764840158.188841,0,0,1481,185.125
1764840158.1928375,0,0,-2226,-278.250
1764840158.1968346,0,0,-203,-25.375
1764840158.200849,0,0,3358,419.750
1764840158.2048554,1,1,5748,718.500
1764840158.208844,0,0,1666,208.250
1764840158.212833,0,0,-1856,-232.000
1764840158.216823,0,0,-562,-70.250
1764840158.220824,0,0,3051,381.375
1764840158.2248352,1,1,5630,703.750
1764840158.2288225,0,0,1851,231.375
1764840158.2328207,0,0,-1709,-213.625
1764840158.236821,0,0,-767,-95.875
1764840158.2408416,0,0,2861,357.625
1764840158.2452066,1,1,5559,694.875
1764840158.2489707,0,0,2394,299.250
1764840158.2528598,0,0,-1561,-195.125
1764840158.2568383,0,0,926,115.750
1764840158.2608368,0,0,3997,499.625
1764840158.264837,1,1,5817,727.125
1764840158.2688348,0,0,2148,268.500
1764840158.272839,0,0,-1642,-205.250
1764840158.2768369,0,0,-922,-115.250
1764840158.2808385,0,0,2669,333.625
1764840158.2848797,1,1,5403,675.375
1764840158.2888386,0,0,2422,302.750
1764840158.2928436,0,0,-1500,-187.500
1764840158.2968383,0,0,-1172,-146.500
1764840158.3008397,0,0,2403,300.375
1764840158.3048298,1,1,5292,661.500
1764840158.3088355,0,0,2666,333.250
1764840158.3128352,0,0,-1710,-213.750
1764840158.3168335,0,0,-1042,-130.250
1764840158.320837,0,0,2536,317.000
1764840158.3248324,1,1,5336,667.000
1764840158.328832,0,0,2878,359.750
1764840158.332833,0,0,-1517,-189.625
1764840158.3368335,0,0,-1282,-160.250
1764840158.3408332,0,0,2270,283.750
1764840158.350157,0,0,3244,405.500
1764840158.3528645,0,0,-1941,-242.625
1764840158.3568425,0,0,-113,-14.125
1764840158.3608408,0,0,3247,405.875
1764840158.3648262,1,1,5513,689.125
1764840158.3688207,0,0,3202,400.250
1764840158.372837,0,0,-1569,-196.125
1764840158.3768344,0,0,-1278,-159.750
1764840158.380841,0,0,2245,280.625
1764840158.384862,1,1,5125,640.625
1764840158.3888218,0,0,3400,425.000
1764840158.3928401,0,0,-1332,-166.500
1764840158.3968356,0,0,-1590,-198.750
1764840158.400844,0,0,1782,222.750
1764840158.4048388,1,1,4915,614.375
1764840158.4088378,0,0,3600,450.000
1764840158.4128373,0,0,-1462,-182.750
1764840158.4168353,0,0,-1491,-186.375
1764840158.4208388,0,0,1970,246.250
1764840158.4248366,1,1,4990,623.750
1764840158.4288356,0,0,3815,476.875
1764840158.4328363,0,0,-1350,-168.750
1764840158.4368322,0,0,-1608,-201.000
1764840158.440836,0,0,1764,220.500
1764840158.4448388,1,1,4882,610.250
1764840158.4488366,0,0,4011,501.375
1764840158.4528375,0,0,-1561,-195.125
1764840158.456831,0,0,-1486,-185.750
1764840158.4608374,0,0,1966,245.750
1764840158.4648376,1,1,4955,619.375
1764840158.4688354,0,0,4197,524.625
1764840158.472835,0,0,-1398,-174.750
1764840158.4768343,0,0,-1605,-200.625
1764840158.4808395,0,0,1777,222.125
1764840158.4848218,1,1,4842,605.250
1764840158.488833,0,0,4340,542.500
1764840158.4928362,0,0,-1342,-167.750
1764840158.496834,0,0,-1658,-207.250
1764840158.5008361,0,0,1664,208.000
1764840158.5048316,1,1,4765,595.625
1764840158.5088341,0,0,4503,562.875
1764840158.5128365,0,0,-1608,-201.000
1764840158.516834,0,0,-1575,-196.875
1764840158.5208352,0,0,1813,226.625
1764840158.5248356,1,1,4810,601.250
1764840158.528839,0,0,4570,571.250
1764840158.532839,0,0,-1152,-144.000
1764840158.5368223,0,0,-1691,-211.375
1764840158.5408235,0,0,1169,146.125
1764840158.5448346,1,1,4478,559.750
1764840158.548913,0,0,4635,579.375
1764840158.5528364,0,0,-1015,-126.875
1764840158.5568216,0,0,-1512,-189.000
1764840158.5608256,0,0,-9,-1.125
1764840158.564835,1,1,3754,469.250
1764840158.5688348,0,0,4842,605.250
1764840158.5728278,0,0,-1372,-171.500
1764840158.5768182,0,0,-1577,-197.125
1764840158.580841,0,0,1775,221.875
1764840158.5848386,1,1,4789,598.625
1764840158.5888474,0,0,5117,639.625
1764840158.5928369,0,0,-1276,-159.500
1764840158.5968354,0,0,-1786,-223.250
1764840158.6008368,0,0,1451,181.375
1764840158.6048346,1,1,4603,575.375
1764840158.6088324,0,0,5195,649.375
1764840158.6128337,0,0,-1115,-139.375
1764840158.6168475,0,0,-1827,-228.375
1764840158.620848,0,0,1281,160.125
1764840158.6248198,1,1,4482,560.250
1764840158.628815,0,0,5268,658.500
1764840158.6328316,0,0,-1019,-127.375
1764840158.6368349,0,0,-1850,-231.250
1764840158.6408372,0,0,1161,145.125
1764840158.6448195,1,1,4382,547.750
1764840158.6488137,0,0,5325,665.625
1764840158.652833,0,0,-715,-89.375
1764840158.6568313,0,0,-1617,-202.125
1764840158.6608357,0,0,367,45.875
1764840158.6648328,1,1,3894,486.750
1764840158.6688294,0,0,5349,668.625
1764840158.6728282,0,0,-819,-102.375
1764840158.676827,0,0,-1915,-239.375
1764840158.6808372,0,0,1178,147.250
1764840158.684832,1,1,4361,545.125
1764840158.688841,0,0,5496,687.000
1764840158.692834,0,0,-603,-75.375
1764840158.696829,0,0,-1758,-219.750
1764840158.7008317,0,0,667,83.375
1764840158.7048318,1,1,4037,504.625
1764840158.708829,0,0,5476,684.500
1764840158.7128282,0,0,-576,-72.000
1764840158.7168279,0,0,-1829,-228.625
1764840158.7208338,0,0,762,95.250
1764840158.7248385,1,1,4081,510.125
1764840158.7288322,0,0,5546,693.250
1764840158.7328224,0,0,-340,-42.500
1764840158.7368116,0,0,-1604,-200.500
1764840158.740827,0,0,205,25.625
1764840158.7448318,1,1,3710,463.750
1764840158.7489212,0,0,5538,692.250
1764840158.752836,0,0,-195,-24.375
1764840158.756815,0,0,-1635,-204.375
1764840158.7608304,0,0,3674,459.250
1764840158.7648332,1,1,5576,697.000
1764840158.7688303,0,0,-16,-2.000
1764840158.7728248,0,0,-1602,-200.250
1764840158.7768137,0,0,41,5.125
1764840158.7808228,0,0,3571,446.375
1764840158.7848375,1,1,5600,700.000
1764840158.7888322,0,0,139,17.375
1764840158.792871,0,0,-1661,-207.625
1764840158.7968297,0,0,76,9.500
1764840158.8008323,0,0,3571,446.375
1764840158.8048177,1,1,5626,703.250
1764840158.808815,0,0,327,40.875
1764840158.8128312,0,0,-1743,-217.875
1764840158.8168297,0,0,63,7.875
1764840158.8208303,0,0,3553,444.125
1764840158.8248281,1,1,5646,705.750
1764840158.8288338,0,0,562,70.250
1764840158.8328342,0,0,-2159,-269.875
1764840158.8369834,0,0,293,36.625
1764840158.8408537,0,0,3693,461.625
1764840158.8448222,1,1,5685,710.625
1764840158.8488154,0,0,723,90.375
1764840158.8528292,0,0,-1982,-247.750
1764840158.8568323,0,0,57,7.125
1764840158.860829,0,0,3505,438.125
1764840158.8648136,1,1,5629,703.625
1764840158.8688126,0,0,979,122.375
1764840158.872834,0,0,-2201,-275.125
1764840158.8768325,0,0,88,11.000
1764840158.8808494,0,0,3501,437.625
1764840158.8848312,1,1,5612,701.500
1764840158.8888273,0,0,1137,142.125
1764840158.8928468,0,0,-1863,-232.875
1764840158.896843,0,0,-273,-34.125
1764840158.9008331,0,0,3214,401.750
1764840158.9048288,1,1,5517,689.625
1764840158.9088256,0,0,1374,171.750
1764840158.9128394,0,0,-2235,-279.375
1764840158.9168286,0,0,-85,-10.625
1764840158.9208336,0,0,3332,416.500
1764840158.924826,1,1,5533,691.625
1764840158.9288285,0,0,1505,188.125
1764840158.9328294,0,0,-1692,-211.500
1764840158.9368289,0,0,-586,-73.250
1764840158.9408326,0,0,2940,367.500
1764840158.9448323,1,1,5407,675.875
1764840158.948911,0,0,1702,212.750
1764840158.952828,0,0,-1478,-184.750
1764840158.9568114,0,0,-886,-110.750
1764840158.9608262,0,0,2668,333.500
1764840158.9648323,1,1,5316,664.500
1764840158.9688268,0,0,2031,253.875
1764840158.9728189,0,0,-2130,-266.250
1764840158.9768121,0,0,-506,-63.250
1764840158.980834,0,0,2983,372.875
1764840158.9848347,1,1,5410,676.250
1764840158.9888308,0,0,2141,267.625
1764840158.9928415,0,0,-1696,-212.000
1764840158.9968276,0,0,-853,-106.625
1764840159.000829,0,0,2687,335.875
1764840159.004831,1,1,5301,662.625
1764840159.008827,0,0,2406,300.750
1764840159.01283,0,0,-1716,-214.500
1764840159.0168238,0,0,-948,-118.500
1764840159.0208316,0,0,2581,322.625
1764840159.02483,1,1,5246,655.750
1764840159.028826,0,0,2624,328.000
1764840159.032829,0,0,-1747,-218.375
1764840159.0368314,0,0,-992,-124.000
1764840159.040844,0,0,2532,316.500
1764840159.0448172,1,1,5211,651.375
1764840159.04881,0,0,2792,349.000
1764840159.0528126,0,0,-1599,-199.875
1764840159.0568085,0,0,-1155,-144.375
1764840159.06081,0,0,2366,295.750
1764840159.0648143,1,1,5137,642.125
1764840159.068812,0,0,3034,379.250
1764840159.0728269,0,0,-1745,-218.125
1764840159.0768254,0,0,-1124,-140.500
1764840159.0808313,0,0,2379,297.375
1764840159.0848305,1,1,5117,639.625
1764840159.0888278,0,0,3174,396.750
1764840159.0928435,0,0,-1258,-157.250
1764840159.0968263,0,0,-1580,-197.500
1764840159.100829,0,0,1778,222.250
1764840159.1048255,1,1,4861,607.625
1764840159.1088254,0,0,3454,431.750
1764840159.112826,0,0,-1622,-202.750
1764840159.1168242,0,0,-1352,-169.000
1764840159.1208255,0,0,2125,265.625
1764840159.1248248,1,1,5005,625.625
1764840159.1288266,0,0,3621,452.625
1764840159.1328287,0,0,-1372,-171.500
1764840159.1368248,0,0,-1555,-194.375
1764840159.1408274,0,0,1850,231.250
1764840159.1448257,1,1,4876,609.500
1764840159.148907,0,0,3832,479.000
1764840159.152832,0,0,-1411,-176.375
1764840159.1568105,0,0,-1541,-192.625
1764840159.1608183,0,0,1872,234.000
1764840159.1648276,1,1,4869,608.625
1764840159.1688237,0,0,3993,499.125
1764840159.1728199,0,0,-1310,-163.750
1764840159.1768107,0,0,-1623,-202.875
1764840159.180818,0,0,1716,214.500
1764840159.184839,1,1,4781,597.625
1764840159.1888268,0,0,4159,519.875
1764840159.192834,0,0,-1259,-157.375
1764840159.1968663,0,0,-1671,-208.875
1764840159.2008448,0,0,1520,190.000
1764840159.2048287,1,1,4674,584.250
1764840159.208825,0,0,4311,538.875
1764840159.2128277,0,0,-1253,-156.625
1764840159.2168381,0,0,-1682,-210.250
1764840159.220829,0,0,1512,189.000
1764840159.2248297,1,1,4661,582.625
1764840159.2288237,0,0,4532,566.500
1764840159.2328398,0,0,-1682,-210.250
1764840159.236826,0,0,-1511,-188.875
1764840159.2408302,0,0,1887,235.875
1764840159.2452126,1,1,4807,600.875
1764840159.248947,0,0,4737,592.125
1764840159.2528565,0,0,-1417,-177.125
1764840159.2568474,0,0,-949,-118.625
1764840159.2608252,0,0,2383,297.875
1764840159.2648258,1,1,4930,616.250
1764840159.268819,0,0,4690,586.250
1764840159.2728322,0,0,-1128,-141.000
1764840159.2768197,0,0,-1719,-214.875
1764840159.280825,0,0,1206,150.750
1764840159.2848253,1,1,4393,549.125
1764840159.288825,0,0,4729,591.125
1764840159.2928245,0,0,-1008,-126.000
1764840159.296859,0,0,-1650,-206.250
1764840159.3008232,0,0,675,84.375
1764840159.3049855,1,1,4098,512.250
1764840159.3088262,0,0,4869,608.625
1764840159.312811,0,0,-938,-117.250
1764840159.3168032,0,0,-1641,-205.125
1764840159.3208072,0,0,577,72.125
1764840159.3248081,1,1,4047,505.875
1764840159.3288064,0,0,5077,634.625
1764840159.3328054,0,0,-1009,-126.125
1764840159.336801,0,0,-1811,-226.375
1764840159.3408108,0,0,1120,140.000
1764840159.3448274,1,1,4340,542.500
1764840159.354238,0,0,-1846,-230.750
1764840159.3569894,0,0,-1846,-230.750
1764840159.3608453,0,0,1152,144.000
1764840159.3648102,1,1,4335,541.875
1764840159.3688078,0,0,5296,662.000
1764840159.3728263,0,0,-682,-85.250
1764840159.3768222,0,0,-1665,-208.125
1764840159.3808253,0,0,511,63.875
1764840159.38481,1,1,3943,492.875
1764840159.388807,0,0,5309,663.625
1764840159.3928328,0,0,-657,-82.125
1764840159.396857,0,0,-1717,-214.625
1764840159.4008296,0,0,607,75.875
1764840159.404824,1,1,3994,499.250
1764840159.408824,0,0,5416,677.000
1764840159.4128275,0,0,-1828,-228.500
1764840159.4168248,0,0,758,94.750
1764840159.4208245,0,0,4062,507.750
1764840159.4248247,1,1,5484,685.500
1764840159.4288223,0,0,-431,-53.875
1764840159.4328296,0,0,-1728,-216.000
1764840159.4368238,0,0,500,62.500
1764840159.4408262,0,0,3890,486.250
1764840159.4448268,1,1,5503,687.875
1764840159.4488246,0,0,-334,-41.750
1764840159.4528291,0,0,-1752,-219.000
1764840159.456823,0,0,465,58.125
1764840159.4608288,0,0,3847,480.875
1764840159.4648309,1,1,5553,694.125
1764840159.468823,0,0,-132,-16.500
1764840159.472817,0,0,-1862,-232.750
1764840159.476824,0,0,434,54.250
1764840159.4808264,0,0,3794,474.250
1764840159.4848216,1,1,5559,694.875
1764840159.488821,0,0,-11,-1.375
1764840159.4928138,0,0,-1884,-235.500
1764840159.4968054,0,0,387,48.375
1764840159.500827,0,0,3745,468.125
1764840159.5048075,1,1,5567,695.875
1764840159.5088046,0,0,165,20.625
1764840159.5128183,0,0,-2081,-260.125
1764840159.5168202,0,0,432,54.000
1764840159.5208292,0,0,3749,468.625
1764840159.524823,1,1,5570,696.250
1764840159.5288208,0,0,259,32.375
1764840159.5328128,0,0,-1517,-189.625
1764840159.5368078,0,0,-212,-26.500
1764840159.540816,0,0,3306,413.250
1764840159.5448241,1,1,5500,687.500
1764840159.5488226,0,0,521,65.125
1764840159.552911,0,0,-1802,-225.250
1764840159.5568373,0,0,34,4.250
1764840159.560827,0,0,3467,433.375
1764840159.5648253,1,1,5557,694.625
1764840159.5688186,0,0,765,95.625
1764840159.572822,0,0,-2050,-256.250
1764840159.5768223,0,0,83,10.375
1764840159.580828,0,0,3481,435.125
1764840159.584809,1,1,5556,694.500
1764840159.5888069,0,0,905,113.125
1764840159.5928254,0,0,-1721,-215.125
1764840159.5968208,0,0,-272,-34.000
1764840159.6008246,0,0,3208,401.000
1764840159.604826,1,1,5481,685.125
1764840159.608824,0,0,1167,145.875
1764840159.6128123,0,0,-2214,-276.750
1764840159.6168036,0,0,47,5.875
1764840159.620826,0,0,3430,428.750
1764840159.6248233,1,1,5534,691.750
1764840159.628822,0,0,1334,166.750
1764840159.6328216,0,0,-2062,-257.750
1764840159.636817,0,0,-197,-24.625
1764840159.6408253,0,0,3227,403.375
1764840159.644824,1,1,5453,681.625
1764840159.6488252,0,0,1517,189.625
1764840159.6528208,0,0,-1697,-212.125
1764840159.6568,0,0,-592,-74.000
1764840159.6608098,0,0,2899,362.375
1764840159.664823,1,1,5339,667.375
1764840159.6688216,0,0,1764,220.500
1764840159.6728134,0,0,-2119,-264.875
1764840159.6768005,0,0,-373,-46.625
1764840159.680813,0,0,3066,383.250
1764840159.6848233,1,1,5380,672.500
1764840159.688823,0,0,1938,242.250
1764840159.6928253,0,0,-1873,-234.125
1764840159.6968167,0,0,-596,-74.500
1764840159.7008588,0,0,2876,359.500
1764840159.7048192,1,1,5302,662.750
1764840159.7088199,0,0,2166,270.750
1764840159.7128248,0,0,-2077,-259.625
1764840159.716818,0,0,-565,-70.625
1764840159.7208211,0,0,2885,360.625
1764840159.7248237,1,1,5279,659.875
1764840159.7288194,0,0,2346,293.250
1764840159.7328231,0,0,-1875,-234.375
1764840159.7368205,0,0,-784,-98.000
1764840159.7408204,0,0,2686,335.750
1764840159.7448184,1,1,5188,648.500
1764840159.748816,0,0,2565,320.625
1764840159.7529087,0,0,-2248,-281.000
1764840159.7568376,0,0,-461,-57.625
1764840159.7608218,0,0,2945,368.125
1764840159.7648118,1,1,5248,656.000
1764840159.7688057,0,0,2743,342.875
1764840159.7728205,0,0,-2228,-278.500
1764840159.7768197,0,0,-450,-56.250
1764840159.7808223,0,0,2934,366.750
1764840159.78481,1,1,5200,650.000
1764840159.788802,0,0,2834,354.250
1764840159.7928214,0,0,-1791,-223.875
1764840159.7968216,0,0,-991,-123.875
1764840159.8008664,0,0,2457,307.125
1764840159.8048024,1,1,5003,625.375
1764840159.8087995,0,0,3031,378.875
1764840159.8128169,0,0,-2061,-257.625
1764840159.816819,0,0,-860,-107.500
1764840159.8208208,0,0,2583,322.875
1764840159.824816,1,1,5033,629.125
1764840159.8288152,0,0,3204,400.500
1764840159.832818,0,0,-1673,-209.125
1764840159.8368163,0,0,-1209,-151.125
1764840159.8408227,0,0,2212,276.500
1764840159.8448195,1,1,4852,606.500
1764840159.8488133,0,0,3361,420.125
1764840159.8528068,0,0,-1371,-171.375
1764840159.8568034,0,0,-1517,-189.625
1764840159.8608453,0,0,1839,229.875
1764840159.8648233,1,1,4691,586.375
1764840159.8688116,0,0,3615,451.875
1764840159.8728132,0,0,-1381,-172.625
1764840159.8768141,0,0,-1542,-192.750
1764840159.8808239,0,0,1793,224.125
1764840159.8848054,1,1,4655,581.875
1764840159.888801,0,0,3778,472.250
1764840159.892819,0,0,-2020,-252.500
1764840159.8968165,0,0,-1033,-129.125
1764840159.9008176,0,0,2382,297.750
1764840159.904819,1,1,4889,611.125
1764840159.908818,0,0,3896,487.000
1764840159.9128196,0,0,-1372,-171.500
1764840159.9168162,0,0,-1563,-195.375
1764840159.920824,0,0,1764,220.500
1764840159.9248204,1,1,4603,575.375
1764840159.9288163,0,0,4032,504.000
1764840159.9328182,0,0,-1326,-165.750
1764840159.936816,0,0,-1605,-200.625
1764840159.940817,0,0,1692,211.500
1764840159.944818,1,1,4557,569.625
1764840159.9488184,0,0,4204,525.500
1764840159.9529142,0,0,-1243,-155.375
1764840159.9568305,0,0,-1667,-208.375
1764840159.96082,0,0,1529,191.125
1764840159.964806,1,1,4460,557.500
1764840159.9688048,0,0,4363,545.375
1764840159.9728227,0,0,-1233,-154.125
1764840159.976815,0,0,-1697,-212.125
1764840159.9808161,0,0,1436,179.500
1764840159.9848075,1,1,4400,550.000
1764840159.9888012,0,0,4496,562.000
1764840159.992821,0,0,-1173,-146.625
1764840159.9968128,0,0,-1718,-214.750
1764840160.0008185,0,0,1302,162.750
1764840160.0048144,1,1,4320,540.000
1764840160.008815,0,0,4600,575.000
1764840160.012821,0,0,-1286,-160.750
1764840160.0168178,0,0,-1696,-212.000
1764840160.0208163,0,0,1543,192.875
1764840160.0248141,1,1,4434,554.250
1764840160.0288143,0,0,4735,591.875
1764840160.0328197,0,0,-1095,-136.875
1764840160.0368156,0,0,-1735,-216.875
1764840160.0408137,0,0,1233,154.125
1764840160.044815,1,1,4257,532.125
1764840160.0488129,0,0,4831,603.875
1764840160.0528061,0,0,-1049,-131.125
1764840160.0567973,0,0,-1761,-220.125
1764840160.0608137,0,0,1167,145.875
1764840160.0648134,1,1,4881,610.125
1764840160.0688124,0,0,-811,-101.375
1764840160.0728183,0,0,-1490,-186.250
1764840160.0768132,0,0,-152,-19.000
1764840160.0808167,0,0,3412,426.500
1764840160.0848134,1,1,4955,619.375
1764840160.0888119,0,0,-824,-103.000
1764840160.0928159,0,0,-1761,-220.125
1764840160.0968125,0,0,824,103.000
1764840160.1008177,0,0,4036,504.500
1764840160.1048653,1,1,5187,648.375
1764840160.1088579,0,0,-868,-108.500
1764840160.1128633,0,0,-1879,-234.875
1764840160.116859,0,0,1086,135.750
1764840160.1208622,0,0,4174,521.750
1764840160.1248622,1,1,5277,659.625
1764840160.1288588,0,0,-658,-82.250
1764840160.132858,0,0,-1762,-220.250
1764840160.1368573,0,0,736,92.000
1764840160.1408613,0,0,3953,494.125
1764840160.144861,1,1,5295,661.875
1764840160.148854,0,0,-522,-65.250
1764840160.1529517,0,0,-1741,-217.625
1764840160.156876,0,0,568,71.000
1764840160.1608691,0,0,3831,478.875
1764840160.1648455,1,0,5319,664.875
1764840160.1688747,0,0,-364,-45.500
1764840160.1728492,0,0,-1642,-205.250
1764840160.1768384,0,0,272,34.000
1764840160.18085,0,0,3631,453.875
1764840160.1848607,1,0,5335,666.875
1764840160.1888585,0,0,-319,-39.875
1764840160.192847,0,0,-1827,-228.375
1764840160.1968358,0,0,589,73.625
1764840160.2008493,0,0,3825,478.125
1764840160.204871,1,0,5428,678.500
1764840160.2088203,0,0,-133,-16.625
1764840160.2128172,0,0,-1738,-217.250
1764840160.2168121,0,0,349,43.625
1764840160.2208161,0,0,3652,456.500
1764840160.2248254,1,1,5420,677.500
1764840160.228821,0,0,44,5.500
1764840160.2328172,0,0,-1716,-214.500
1764840160.2367978,0,0,213,26.625
1764840160.2408063,0,0,3543,442.875
1764840160.2451854,0,0,5433,679.125
1764840160.2489452,0,0,674,84.250
1764840160.252834,0,0,-1357,-169.625
1764840160.2568102,0,0,1602,200.250
1764840160.2608128,0,0,4253,531.625
1764840160.2648165,1,0,5472,684.000
1764840160.2688112,0,0,244,30.500
1764840160.272816,0,0,-1542,-192.750
1764840160.2768087,0,0,-152,-19.000
1764840160.2808125,0,0,3245,405.625
1764840160.2848134,1,0,5321,665.125
1764840160.28881,0,0,482,60.250
1764840160.2928123,0,0,-1558,-194.750
1764840160.2968113,0,0,-202,-25.250
1764840160.30081,0,0,3200,400.000
1764840160.3048506,0,0,5329,666.125
1764840160.3088121,0,0,671,83.875
1764840160.3128161,0,0,-1294,-161.750
1764840160.3168142,0,0,-737,-92.125
1764840160.320814,0,0,2781,347.625
1764840160.3248127,1,1,5247,655.875
1764840160.3288143,0,0,982,122.750
1764840160.3328207,0,0,-1587,-198.375
1764840160.3368146,0,0,-442,-55.250
1764840160.340814,0,0,3026,378.250
1764840160.3448093,1,1,5350,668.750
1764840160.3488095,0,0,1257,157.125
1764840160.358324,0,0,-153,-19.125
1764840160.3608384,0,0,3233,404.125
1764840160.3648012,1,1,5403,675.375
1764840160.3687954,0,0,1462,182.750
1764840160.3728132,0,0,-2058,-257.250
1764840160.3768125,0,0,-266,-33.250
1764840160.3808153,0,0,3125,390.625
1764840160.3847954,0,0,5349,668.625
1764840160.3887908,0,0,1646,205.750
1764840160.3928154,0,0,-1820,-227.500
1764840160.396813,0,0,-551,-68.875
1764840160.4008164,0,0,2891,361.375
1764840160.4048116,1,0,5262,657.750
1764840160.408809,0,0,1853,231.625
1764840160.412813,0,0,-2138,-267.250
1764840160.4168105,0,0,-394,-49.250
1764840160.4208133,0,0,3005,375.625
1764840160.4248073,1,1,5282,660.250
1764840160.4288085,0,0,2048,256.000
1764840160.4328256,0,0,-2257,-282.125
1764840160.4368138,0,0,-293,-36.625
1764840160.4408135,0,0,3073,384.125
1764840160.444798,0,0,5277,659.625
1764840160.448793,0,0,2181,272.625
1764840160.4528096,0,0,-1764,-220.500
1764840160.4568102,0,0,-783,-97.875
1764840160.4608138,0,0,2659,332.375
1764840160.4647963,0,0,5118,639.750
1764840160.4687917,0,0,2385,298.125
1764840160.472811,0,0,-1484,-185.500
1764840160.4768074,0,0,-1150,-143.750
1764840160.4808273,0,0,2309,288.625
1764840160.4848127,0,0,4987,623.375
1764840160.4888096,0,0,2661,332.625
1764840160.4927988,0,0,-1897,-237.125
1764840160.4968014,0,0,-880,-110.000
1764840160.500808,0,0,2557,319.625
1764840160.5048091,0,0,5061,632.625
1764840160.508822,0,0,2842,355.250
1764840160.5128229,0,0,-2204,-275.500
1764840160.5168061,0,0,-689,-86.125
1764840160.5208116,0,0,2722,340.250
1764840160.524808,0,0,5096,637.000
1764840160.5288036,0,0,2981,372.625
1764840160.5328078,0,0,-1483,-185.375
1764840160.5368068,0,0,-1315,-164.375
1764840160.5408087,0,0,2108,263.500
1764840160.5448203,0,0,4847,605.875
1764840160.5488074,0,0,3189,398.625
1764840160.552802,0,0,-1746,-218.250
1764840160.556898,0,0,-1144,-143.000
1764840160.5608416,0,0,2291,286.375
1764840160.5648112,1,1,4907,613.375
1764840160.568809,0,0,3366,420.750
1764840160.5728102,0,0,-1620,-202.500
1764840160.5768201,0,0,-1309,-163.625
1764840160.5808127,0,0,2095,261.875
1764840160.584797,0,0,4800,600.000
1764840160.588792,0,0,3553,444.125
1764840160.5928152,0,0,-2093,-261.625
1764840160.5968082,0,0,-838,-104.750
1764840160.6008108,0,0,2572,321.500
1764840160.604809,0,0,4971,621.375
1764840160.6088486,0,0,3681,460.125
1764840160.6128147,0,0,-1526,-190.750
1764840160.6168091,0,0,-1400,-175.000
1764840160.6208103,0,0,1984,248.000
1764840160.62481,0,0,4701,587.625
1764840160.6288095,0,0,3845,480.625
1764840160.6328142,0,0,-1627,-203.375
1764840160.6368084,0,0,-1388,-173.500
1764840160.6408129,0,0,1979,247.375
1764840160.6448095,0,0,4669,583.625
1764840160.6488068,0,0,3984,498.000
1764840160.6528018,0,0,-1944,-243.000
1764840160.656793,0,0,-1127,-140.875
1764840160.6608078,0,0,2269,283.625
1764840160.6648068,0,0,4770,596.250
1764840160.6688063,0,0,4110,513.750
1764840160.672815,0,0,-1583,-197.875
1764840160.676808,0,0,-1471,-183.875
1764840160.6808064,0,0,1855,231.875
1764840160.6848056,0,0,4550,568.750
1764840160.688806,0,0,4193,524.125
1764840160.692812,0,0,-1400,-175.000
1764840160.6968176,0,0,-1564,-195.500
1764840160.7008138,0,0,1734,216.750
1764840160.704791,0,0,4479,559.875
1764840160.7088027,0,0,4329,541.125
1764840160.712806,0,0,-1229,-153.625
1764840160.716808,0,0,-1682,-210.250
1764840160.720811,0,0,4336,542.000
1764840160.7248044,0,0,4429,553.625
1764840160.728808,0,0,-1072,-134.000
1764840160.7328105,0,0,-1691,-211.375
1764840160.7368073,0,0,1046,130.750
1764840160.7408097,0,0,4122,515.250
1764840160.7448094,0,0,4587,573.375
1764840160.7488031,0,0,-1427,-178.375
1764840160.7528055,0,0,-1646,-205.750
1764840160.7568874,0,0,1612,201.500
1764840160.7608323,0,0,4397,549.625
1764840160.764796,0,0,4723,590.375
1764840160.768787,0,0,-1261,-157.625
1764840160.7727866,0,0,-1711,-213.875
1764840160.7767882,0,0,1494,186.750
1764840160.7808082,0,0,4314,539.250
1764840160.7847958,0,0,4801,600.125
1764840160.7887897,0,0,-1329,-166.125
1764840160.7928088,0,0,-1673,-209.125
1764840160.7968047,0,0,1569,196.125
1764840160.8008144,0,0,4329,541.125
1764840160.8047974,0,0,4872,609.000
1764840160.8088303,0,0,-903,-112.875
1764840160.812805,0,0,-1728,-216.000
1764840160.8168147,0,0,916,114.500
1764840160.820809,0,0,3956,494.500
1764840160.8248081,0,0,4902,612.750
1764840160.8288224,0,0,-902,-112.750
1764840160.8328187,0,0,-1793,-224.125
1764840160.836806,0,0,1029,128.625
1764840160.8408215,0,0,3998,499.750
1764840160.8447938,0,0,4967,620.875
1764840160.8488004,0,0,-741,-92.625
1764840160.8528078,0,0,-1714,-214.250
1764840160.8568017,0,0,737,92.125
1764840160.860807,0,1,3851,481.375
1764840160.864802,0,0,5029,628.625
1764840160.8687892,0,0,-538,-67.250
1764840160.8728092,0,0,-1479,-184.875
1764840160.8768015,0,0,-210,-26.250
1764840160.880806,0,1,3247,405.875
1764840160.8848066,0,0,5055,631.875
1764840160.8888042,0,0,-579,-72.375
1764840160.8928082,0,0,-1877,-234.625
1764840160.8968008,0,0,789,98.625
1764840160.900807,1,1,3876,484.500
1764840160.9048033,0,0,5240,655.000
1764840160.9088027,0,0,-449,-56.125
1764840160.9128222,0,0,-1861,-232.625
1764840160.9168048,0,0,714,89.250
1764840160.9208045,1,1,3817,477.125
1764840160.9248037,0,0,5256,657.000
1764840160.9288044,0,0,-244,-30.500
1764840160.9328072,0,0,-1628,-203.500
1764840160.9368029,0,0,211,26.375
1764840160.9408054,1,1,3499,437.375
1764840160.9448032,0,0,5246,655.750
1764840160.9488022,0,0,-134,-16.750
1764840160.9528072,0,0,-2027,-253.375
1764840160.9568927,0,0,847,105.875
1764840160.960823,1,1,3889,486.125
1764840160.964797,0,0,5363,670.375
1764840160.9687867,0,0,48,6.000
1764840160.972804,0,0,-1933,-241.625
1764840160.976804,0,0,454,56.750
1764840160.98081,1,1,3609,451.125
1764840160.9847877,0,0,5289,661.125
1764840160.9887857,0,0,214,26.750
1764840160.9928062,0,0,-2097,-262.125
1764840160.996806,0,0,626,78.250
1764840161.00082,1,1,3696,462.000
1764840161.004807,0,0,5304,663.000
1764840161.0088027,0,0,319,39.875
1764840161.0128448,0,0,-1557,-194.625
1764840161.0168147,0,0,-177,-22.125
1764840161.0208092,1,1,3154,394.250
1764840161.024804,0,0,5193,649.125
1764840161.0288029,0,0,519,64.875
1764840161.032804,0,0,-1516,-189.500
1764840161.0368028,0,0,-302,-37.750
1764840161.0408056,1,1,3061,382.625
1764840161.044806,0,0,5198,649.750
1764840161.0488024,0,0,736,92.000
1764840161.052792,0,0,-1636,-204.500
1764840161.0567868,0,0,-259,-32.375
1764840161.060795,1,1,3084,385.500
1764840161.0648043,0,0,5215,651.875
1764840161.0688002,0,0,958,119.750
1764840161.0728037,0,0,-1728,-216.000
1764840161.0767987,0,0,-259,-32.375
1764840161.0808065,1,1,3082,385.250
1764840161.0848026,0,0,5226,653.250
1764840161.0888243,0,0,1148,143.500
1764840161.0928118,0,0,-1725,-215.625
1764840161.0967999,0,0,-320,-40.000
1764840161.1008153,1,1,3041,380.125
1764840161.1047904,0,0,5222,652.750
1764840161.1087852,0,0,1323,165.375
1764840161.1128004,0,0,-1770,-221.250
1764840161.1167998,0,0,-371,-46.375
1764840161.120804,1,1,3005,375.625
1764840161.1247842,0,0,5217,652.125
1764840161.1287858,0,0,1610,201.250
1764840161.132804,0,0,-1686,-210.750
1764840161.1367972,0,0,-605,-75.625
1764840161.1408007,1,1,2789,348.625
1764840161.1448026,0,0,5123,640.375
1764840161.1487985,0,0,1823,227.875
1764840161.1528034,0,0,-1690,-211.250
1764840161.156887,0,0,-701,-87.625
1764840161.1608222,1,1,2701,337.625
1764840161.164794,0,0,5093,636.625
1764840161.1687882,0,0,1993,249.125
1764840161.1728036,0,0,-1708,-213.500
1764840161.1768005,0,0,-779,-97.375
1764840161.1808035,1,1,2636,329.500
1764840161.1847863,0,0,5063,632.875
1764840161.188784,0,0,2247,280.875
1764840161.1928067,0,0,-2009,-251.125
1764840161.196799,0,0,-627,-78.375
1764840161.2008016,1,1,2756,344.500
1764840161.204799,0,0,5087,635.875
1764840161.208801,0,0,2436,304.500
1764840161.2128046,0,0,-1857,-232.125
1764840161.2168171,0,0,-809,-101.125
1764840161.2208009,1,1,2594,324.250
1764840161.224803,0,0,5012,626.500
1764840161.2288053,0,0,2624,328.000
1764840161.2328136,0,0,-1508,-188.500
1764840161.2368047,0,0,-1199,-149.875
1764840161.2408023,1,1,2213,276.625
1764840161.2451775,0,0,4861,607.625
1764840161.248931,0,0,3074,384.250
1764840161.2528245,0,0,-1665,-208.125
1764840161.2568018,0,0,298,37.250
1764840161.2607994,1,1,3288,411.000
1764840161.2647996,0,0,5112,639.000
1764840161.2687979,0,0,2873,359.125
1764840161.272806,0,0,-1819,-227.375
1764840161.2768,0,0,-980,-122.500
1764840161.2808006,1,1,2416,302.000
1764840161.2847931,0,0,4860,607.500
1764840161.2887857,0,0,3095,386.875
1764840161.2927997,0,0,-1335,-166.875
1764840161.2968004,0,0,-1461,-182.625
1764840161.300804,1,1,1878,234.750
1764840161.3047853,0,0,4632,579.000
1764840161.3088236,0,0,3350,418.750
1764840161.3128812,0,0,-1715,-214.375
1764840161.3170166,0,0,-1244,-155.500
1764840161.3208497,1,1,2118,264.750
1764840161.3247905,0,0,4712,589.000
1764840161.3287845,0,0,3476,434.500
1764840161.3328028,0,0,-1755,-219.375
1764840161.3368003,0,0,-1205,-150.625
1764840161.3408048,1,1,2174,271.750
1764840161.3447886,0,0,4727,590.875
1764840161.34878,0,0,3655,456.875
1764840161.3528023,0,0,-1672,-209.000
1764840161.3621252,1,1,4655,581.875
1764840161.3648248,0,0,4655,581.875
1764840161.3688028,0,0,3804,475.500
1764840161.372795,0,0,-1415,-176.875
1764840161.3767812,0,0,1921,240.125
1764840161.3807912,1,1,4573,571.625
1764840161.3848014,0,0,3948,493.500
1764840161.3887987,0,0,-1791,-223.875
1764840161.39279,0,0,-1333,-166.625
1764840161.3967807,0,0,2010,251.250
1764840161.4007924,1,1,4588,573.500
1764840161.4048007,0,0,4058,507.250
1764840161.4088,0,0,-1304,-163.000
1764840161.4127998,0,0,-1641,-205.125
1764840161.4168332,0,0,1556,194.500
1764840161.4208055,1,1,4371,546.375
1764840161.4248016,0,0,4196,524.500
1764840161.4287987,0,0,-1360,-170.000
1764840161.4328,0,0,-1607,-200.875
1764840161.436793,0,0,1646,205.750
1764840161.440799,1,1,4395,549.375
1764840161.4448023,0,0,4318,539.750
1764840161.4487953,0,0,-1411,-176.375
1764840161.4528003,0,0,-1567,-195.875
1764840161.456794,0,0,1726,215.750
1764840161.4607983,1,1,4429,553.625
1764840161.4647968,0,0,4455,556.875
1764840161.4687955,0,0,-1210,-151.250
1764840161.4728012,0,0,-1685,-210.625
1764840161.4767945,0,0,1478,184.750
1764840161.4807947,1,1,4288,536.000
1764840161.484799,0,0,4568,571.000
1764840161.4887967,0,0,-1173,-146.625
1764840161.4928005,0,0,-1723,-215.375
1764840161.496792,0,0,1362,170.250
1764840161.500796,1,1,4201,525.125
1764840161.504795,0,0,4654,581.750
1764840161.5087962,0,0,-1351,-168.875
1764840161.5128329,0,0,-1679,-209.875
1764840161.5168338,0,0,1532,191.500
1764840161.5208,1,1,4272,534.000
1764840161.524782,0,0,4739,592.375
1764840161.5287814,0,0,-1018,-127.250
1764840161.532795,0,0,-1740,-217.500
1764840161.536796,0,0,1201,150.125
1764840161.5407972,1,1,4088,511.000
1764840161.5447793,0,0,4798,599.750
1764840161.5487769,0,0,-1203,-150.375
1764840161.5527961,0,0,-1736,-217.000
1764840161.556797,0,0,1435,179.375
1764840161.560896,1,1,4188,523.500
1764840161.564814,0,0,4896,612.000
1764840161.5687976,0,0,-759,-94.875
1764840161.5727906,0,0,-1722,-215.250
1764840161.5767806,0,0,767,95.875
1764840161.5807881,1,1,3801,475.125
1764840161.584795,0,0,4900,612.500
1764840161.5887947,0,0,-833,-104.125
1764840161.5927896,0,0,-1803,-225.375
1764840161.5967784,0,0,1071,133.875
1764840161.6007893,1,1,3970,496.250
1764840161.604794,0,0,5002,625.250
1764840161.608793,0,0,-775,-96.875
1764840161.612785,0,0,-1835,-229.375
1764840161.6167798,0,0,1044,130.500
1764840161.620789,1,1,3937,492.125
1764840161.624798,0,0,5035,629.375
1764840161.6287982,0,0,-593,-74.125
1764840161.6327991,0,0,-1775,-221.875
1764840161.6367967,0,0,787,98.375
1764840161.640809,1,1,3770,471.250
1764840161.6448054,0,0,5053,631.625
1764840161.6487954,0,0,-430,-53.750
1764840161.6527874,0,0,-1744,-218.000
1764840161.6567824,0,0,558,69.750
1764840161.6607888,1,1,3616,452.000
1764840161.6647978,0,0,5051,631.375
1764840161.6687949,0,0,-337,-42.125
1764840161.672787,0,0,-1754,-219.250
1764840161.6767774,0,0,583,72.875
1764840161.6807854,1,1,3630,453.750
1764840161.6847975,0,0,5089,636.125
1764840161.6887944,0,0,-161,-20.125
1764840161.692786,0,0,-1189,-148.625
1764840161.6967776,0,0,-938,-117.250
1764840161.7007961,1,1,2563,320.375
1764840161.7047954,0,0,4957,619.625
1764840161.708794,0,0,89,11.125
1764840161.7127957,0,0,-1974,-246.750
1764840161.7167895,0,0,396,49.500
1764840161.7208097,1,1,3540,442.500
1764840161.7247972,0,0,5247,655.875
1764840161.7287984,0,0,188,23.500
1764840161.732799,0,0,-1625,-203.125
1764840161.7367897,0,0,26,3.250
1764840161.7407963,1,1,3297,412.125
1764840161.7447968,0,0,5219,652.375
1764840161.7487936,0,0,417,52.125
1764840161.7527988,0,0,-1945,-243.125
1764840161.7567909,0,0,270,33.750
1764840161.7608776,1,1,3459,432.375
1764840161.7648125,0,0,5275,659.375
1764840161.768796,0,0,676,84.500
1764840161.7727866,0,0,-2139,-267.375
1764840161.7767758,0,0,537,67.125
1764840161.7807853,1,1,3602,450.250
1764840161.7847948,0,0,5280,660.000
1764840161.7887912,0,0,725,90.625
1764840161.7927856,0,0,-2086,-260.750
1764840161.796774,0,0,220,27.500
1764840161.8007936,1,1,3390,423.750
1764840161.8047912,0,0,5223,652.875
1764840161.8087914,0,0,921,115.125
1764840161.8127918,0,0,-1901,-237.625
1764840161.816792,0,0,-45,-5.625
1764840161.8208303,1,1,3181,397.625
1764840161.824792,0,0,5149,643.625
1764840161.8287923,0,0,1050,131.250
1764840161.8327966,0,0,-1571,-196.375
1764840161.836795,0,0,-410,-51.250
1764840161.8408008,1,1,2917,364.625
1764840161.844802,0,0,5085,635.625
1764840161.848792,0,0,1305,163.125
1764840161.852785,0,0,-1854,-231.750
1764840161.8567772,0,0,-248,-31.000
1764840161.8607879,1,1,3035,379.375
1764840161.8647914,0,0,5118,639.750
1764840161.86879,0,0,1516,189.500
1764840161.8727856,0,0,-1729,-216.125
1764840161.8767767,0,0,-510,-63.750
1764840161.8807929,1,1,2821,352.625
1764840161.8847916,0,0,5045,630.625
1764840161.888791,0,0,1747,218.375
1764840161.8927968,0,0,-1970,-246.250
1764840161.8967934,0,0,-387,-48.375
1764840161.9007955,1,1,2910,363.750
1764840161.9047887,0,0,5057,632.125
1764840161.9087882,0,0,1882,235.250
1764840161.9127932,0,0,-1685,-210.625
1764840161.916791,0,0,-701,-87.625
1764840161.9208064,1,1,2662,332.750
1764840161.924795,0,0,4974,621.750
1764840161.9287891,0,0,2082,260.250
1764840161.9327912,0,0,-1477,-184.625
1764840161.936788,0,0,-998,-124.750
1764840161.9407947,1,1,2396,299.500
1764840161.9447937,0,0,4884,610.500
1764840161.9487872,0,0,2347,293.375
1764840161.9527898,0,0,-1536,-192.000
1764840161.9567888,0,0,-1017,-127.125
1764840161.9608724,1,1,2374,296.750
1764840161.964806,0,0,4870,608.750
1764840161.9687886,0,0,2617,327.125
1764840161.9727833,0,0,-2011,-251.375
1764840161.9767737,0,0,-790,-98.750
1764840161.980782,1,1,2567,320.875
1764840161.9847934,0,0,4916,614.500
1764840161.988791,0,0,2769,346.125
1764840161.9927793,0,0,-2018,-252.250
1764840161.9967728,0,0,-788,-98.500
1764840162.0007832,1,1,2584,323.000
1764840162.0047936,0,0,4915,614.375
1764840162.008792,0,0,2952,369.000
1764840162.0127957,0,0,-1826,-228.250
1764840162.0167875,0,0,-987,-123.375
1764840162.0207975,1,1,2390,298.750
1764840162.0248044,0,0,3088,386.000
1764840162.0287952,0,0,-2015,-251.875
1764840162.0327876,0,0,-902,-112.750
1764840162.0367744,0,0,2469,308.625
1764840162.040782,1,1,4825,603.125
1764840162.0447915,0,0,3273,409.125
1764840162.04879,0,0,-2155,-269.375
1764840162.0527842,0,0,-701,-87.625
1764840162.0567725,0,0,2635,329.375
1764840162.06078,1,1,4851,606.375
1764840162.064802,0,0,3390,423.750
1764840162.0687892,0,0,-1438,-179.750
1764840162.0727944,0,0,-1422,-177.750
1764840162.0767856,0,0,1900,237.500
1764840162.0808032,1,1,4540,567.500
1764840162.0847924,0,0,3543,442.875
1764840162.0887916,0,0,-1698,-212.250
1764840162.0927925,0,0,-1237,-154.625
1764840162.096798,0,0,2120,265.000
1764840162.1007907,1,1,4621,577.625
1764840162.1047902,0,0,3713,464.125
1764840162.1087883,0,0,-1321,-165.125
1764840162.1128042,0,0,-1581,-197.625
1764840162.116787,0,0,1662,207.750
1764840162.1207914,1,1,4407,550.875
1764840162.1248252,0,0,3856,482.000
1764840162.1287894,0,0,-1286,-160.750
1764840162.1327925,0,0,-1621,-202.625
1764840162.1367867,0,0,1575,196.875
1764840162.1407886,1,1,4370,546.250
1764840162.1447864,0,0,4032,504.000
1764840162.148785,0,0,-1410,-176.250
1764840162.152792,0,0,-1525,-190.625
1764840162.1567855,0,0,1771,221.375
1764840162.1608765,1,1,4450,556.250
1764840162.1648057,0,0,4204,525.500
1764840162.1687875,0,0,-1525,-190.625
1764840162.1727796,0,0,-1525,-190.625
1764840162.176772,0,0,1750,218.750
1764840162.1807816,1,1,4406,550.750
1764840162.184786,0,0,4288,536.000
1764840162.1887844,0,0,-1225,-153.125
1764840162.1927826,0,0,-1673,-209.125
1764840162.1967726,0,0,1461,182.625
1764840162.2007823,1,1,4265,533.125
1764840162.2047892,0,0,4427,553.375
1764840162.208784,0,0,-1282,-160.250
1764840162.212789,0,0,-1682,-210.250
1764840162.2167888,0,0,1499,187.375
1764840162.2207923,1,1,4259,532.375
1764840162.2247865,0,0,4506,563.250
1764840162.228798,0,0,-1390,-173.750
1764840162.2327862,0,0,-1614,-201.750
1764840162.236774,0,0,1645,205.625
1764840162.2407925,1,1,4327,540.875
1764840162.2451649,0,0,4647,580.875
1764840162.248935,0,0,-1395,-174.375
1764840162.2528064,0,0,-1011,-126.375
1764840162.256789,0,0,2332,291.500
1764840162.26079,1,1,4604,575.500
1764840162.264791,0,0,4677,584.625
1764840162.2687817,0,0,-964,-120.500
1764840162.2727857,0,0,-1709,-213.625
1764840162.2767806,0,0,1081,135.125
1764840162.2807863,1,1,3975,496.875
1764840162.2847881,0,0,4714,589.250
1764840162.2887886,0,0,-1007,-125.875
1764840162.2927885,0,0,-1765,-220.625
1764840162.2967834,0,0,1222,152.750
1764840162.3007877,1,1,4026,503.250
1764840162.304782,0,0,4786,598.250
1764840162.3087897,0,0,-840,-105.000
1764840162.3127854,0,0,-1727,-215.875
1764840162.3167813,0,0,912,114.000
1764840162.3207855,1,1,3852,481.500
1764840162.3248265,0,0,4844,605.500
1764840162.3287861,0,0,-696,-87.000
1764840162.3327863,0,0,-1707,-213.375
1764840162.3367836,0,0,697,87.125
1764840162.3407836,1,1,3723,465.375
1764840162.3447871,0,0,4893,611.625
1764840162.348786,0,0,-668,-83.500
1764840162.352791,0,0,-1720,-215.000
1764840162.3567848,0,0,718,89.750
1764840162.3661776,0,0,5004,625.500
1764840162.368812,0,0,-572,-71.500
1764840162.3727915,0,0,-1701,-212.625
1764840162.376766,0,0,1371,171.375
1764840162.3807745,1,1,4016,502.000
1764840162.3847892,0,0,4996,624.500
1764840162.3887877,0,0,-515,-64.375
1764840162.3927817,0,0,-1775,-221.875
1764840162.39677,0,0,800,100.000
1764840162.4007778,1,1,3743,467.875
1764840162.404785,0,0,5032,629.000
1764840162.4087977,0,0,-323,-40.375
1764840162.412778,0,0,-1680,-210.000
1764840162.41677,0,0,373,46.625
1764840162.4207761,1,1,3462,432.750
1764840162.4247954,0,0,5011,626.375
1764840162.428823,0,0,-177,-22.125
1764840162.432793,0,0,-1680,-210.000
1764840162.4367864,0,0,303,37.875
1764840162.4407938,1,1,3415,426.875
1764840162.4447837,0,0,5039,629.875
1764840162.448783,0,0,-53,-6.625
1764840162.4527905,0,0,-1642,-205.250
1764840162.4567964,0,0,213,26.625
1764840162.4607975,1,1,3366,420.750
1764840162.4648051,0,0,5075,634.375
1764840162.4687836,0,0,59,7.375
1764840162.4727793,0,0,-2030,-253.750
1764840162.476768,0,0,690,86.250
1764840162.480778,1,1,3668,458.500
1764840162.4847834,0,0,5158,644.750
1764840162.4887795,0,0,246,30.750
1764840162.4927757,0,0,-2023,-252.875
1764840162.4967654,0,0,467,58.375
1764840162.500776,1,1,3491,436.375
1764840162.5047798,0,0,5103,637.875
1764840162.50878,0,0,358,44.750
1764840162.5127864,0,0,-1573,-196.625
1764840162.5167823,0,0,-80,-10.000
1764840162.52078,1,1,3135,391.875
1764840162.5247808,0,0,5052,631.500
1764840162.5287921,0,0,549,68.625
1764840162.5327826,0,0,-1091,-136.375
1764840162.5367792,0,0,-1124,-140.500
1764840162.540786,1,1,2298,287.250
1764840162.5447838,0,0,4865,608.125
1764840162.5487797,0,0,982,122.750
1764840162.5527716,0,0,-2205,-275.625
1764840162.556767,0,0,259,32.375
1764840162.5607815,1,1,3380,422.500
1764840162.5648606,0,0,5191,648.875
1764840162.5687778,0,0,1101,137.625
1764840162.5727673,0,0,-2035,-254.375
1764840162.5767643,0,0,-77,-9.625
1764840162.5807843,1,1,3135,391.875
1764840162.5847826,0,0,5108,638.500
1764840162.5887825,0,0,1285,160.625
1764840162.5927722,0,0,-2166,-270.750
1764840162.596763,0,0,-68,-8.500
1764840162.6007805,1,1,3134,391.750
1764840162.6047835,0,0,5091,636.375
1764840162.608782,0,0,1419,177.375
1764840162.6127856,0,0,-1785,-223.125
1764840162.6167805,0,0,-375,-46.875
1764840162.6207857,1,1,2904,363.000
1764840162.6247845,0,0,5021,627.625
1764840162.6287973,0,0,1598,199.750
1764840162.6327868,0,0,-1605,-200.625
1764840162.6367795,0,0,-676,-84.500
1764840162.6407802,1,1,2669,333.625
1764840162.6447833,0,0,4951,618.875
1764840162.6487856,0,0,1875,234.375
1764840162.6527991,0,0,-1966,-245.750
1764840162.6567822,0,0,-447,-55.875
1764840162.6607826,1,1,2847,355.875
1764840162.664768,0,0,4996,624.500
1764840162.6687663,0,0,2060,257.500
1764840162.6727848,0,0,-2195,-274.375
1764840162.6767805,0,0,2899,362.375
1764840162.6807802,1,1,4991,623.875
1764840162.6847668,0,0,2216,277.000
1764840162.688767,0,0,-1912,-239.000
1764840162.6927843,0,0,-635,-79.375
1764840162.6967793,0,0,2679,334.875
1764840162.7007833,1,1,4898,612.250
1764840162.7047796,0,0,2358,294.750
1764840162.7087815,0,0,-1333,-166.625
1764840162.7127857,0,0,-1260,-157.500
1764840162.716781,0,0,2094,261.750
1764840162.7207778,1,1,4691,586.375
1764840162.7247803,0,0,2598,324.750
1764840162.728787,0,0,-1407,-175.875
1764840162.7328117,0,0,-1273,-159.125
1764840162.7367654,0,0,2086,260.750
1764840162.74078,1,1,4697,587.125
1764840162.7447817,0,0,2823,352.875
1764840162.7487779,0,0,-1465,-183.125
1764840162.752785,0,0,-1241,-155.125
1764840162.7567806,0,0,2134,266.750
1764840162.7607799,1,1,4724,590.500
1764840162.7648628,0,0,3059,382.375
1764840162.7687898,0,0,-1657,-207.125
1764840162.7727797,0,0,-1171,-146.375
1764840162.776765,0,0,2189,273.625
1764840162.7807724,1,1,4722,590.250
1764840162.7847784,0,0,3251,406.375
1764840162.7887785,0,0,-1844,-230.500
1764840162.792774,0,0,-1099,-137.375
1764840162.7967622,0,0,2270,283.750
1764840162.8007724,1,1,4744,593.000
1764840162.8047788,0,0,3406,425.750
1764840162.8087757,0,0,-1563,-195.375
1764840162.8127759,0,0,-1342,-167.750
1764840162.8167737,0,0,2005,250.625
1764840162.8207753,1,1,4617,577.125
1764840162.8247802,0,0,3575,446.875
1764840162.8287776,0,0,-1606,-200.750
1764840162.8328192,0,0,-1337,-167.125
1764840162.8367798,0,0,2013,251.625
1764840162.840779,1,1,4610,576.250
1764840162.844778,0,0,3748,468.500
1764840162.8487754,0,0,-2023,-252.875
1764840162.852779,0,0,-1009,-126.125
1764840162.8567805,0,0,2351,293.875
1764840162.8607826,1,1,4721,590.125
1764840162.8647792,0,0,3825,478.125
1764840162.8687754,0,0,-1292,-161.500
1764840162.8727813,0,0,-1627,-203.375
1764840162.8767786,0,0,1551,193.875
1764840162.8807783,1,1,4357,544.625
1764840162.8847792,0,0,3997,499.625
1764840162.8887794,0,0,-1413,-176.625
1764840162.8927794,0,0,-1548,-193.500
1764840162.8967762,0,0,1724,215.500
1764840162.9007788,1,1,4420,552.500
1764840162.9047782,0,0,4116,514.500
1764840162.9087782,0,0,-1287,-160.875
1764840162.9127812,0,0,-1625,-203.125
1764840162.9167764,0,0,1603,200.375
1764840162.9207795,1,1,4357,544.625
1764840162.9247823,0,0,4236,529.500
1764840162.9287815,0,0,-1139,-142.375
1764840162.9328144,0,0,-1681,-210.125
1764840162.936778,0,0,1262,157.750
1764840162.9407792,1,1,4199,524.875
1764840162.9447815,0,0,4416,552.000
1764840162.9487796,0,0,-1302,-162.750
1764840162.95278,0,0,-1668,-208.500
1764840162.9567745,0,0,1540,192.500
1764840162.9607754,1,1,4312,539.000
1764840162.9648678,0,0,4527,565.875
1764840162.9687927,0,0,-1209,-151.125
1764840162.9727905,0,0,-1713,-214.125
1764840162.9767652,0,0,1429,178.625
1764840162.9807768,1,1,4239,529.875
1764840162.9847815,0,0,4632,579.000
1764840162.9887788,0,0,-1338,-167.250
1764840162.9927711,0,0,-1689,-211.125
1764840162.9967623,0,0,1512,189.000
1764840163.0007706,1,1,4262,532.750
1764840163.004776,0,0,4697,587.125
1764840163.0087764,0,0,-1093,-136.625
1764840163.0127776,0,0,-1744,-218.000
1764840163.0167785,0,0,1307,163.375
1764840163.0207794,1,1,4142,517.750
1764840163.0247726,0,0,4769,596.125
1764840163.028779,0,0,-924,-115.500
1764840163.032784,0,0,-1715,-214.375
1764840163.0367928,0,0,973,121.625
1764840163.0407836,1,1,3960,495.000
1764840163.0447843,0,0,4854,606.750
1764840163.0487766,0,0,-1001,-125.125
1764840163.0527718,0,0,-1814,-226.750
1764840163.0567627,0,0,1164,145.500
1764840163.060766,1,1,4032,504.000
1764840163.0647738,0,0,4922,615.250
1764840163.068775,0,0,-671,-83.875
1764840163.07277,0,0,-1693,-211.625
1764840163.07676,0,0,626,78.250
1764840163.0807693,1,1,3726,465.750
1764840163.0847802,0,0,4965,620.625
1764840163.0887785,0,0,-831,-103.875
1764840163.0927813,0,0,-1747,-218.375
1764840163.0967774,0,0,1398,174.750
1764840163.1007783,1,1,4127,515.875
1764840163.1047757,0,0,5041,630.125
1764840163.108774,0,0,-642,-80.250
1764840163.1127782,0,0,-1769,-221.125
1764840163.1167743,0,0,859,107.375
1764840163.1207764,1,1,3836,479.500
1764840163.1247733,0,0,5059,632.375
1764840163.1287735,0,0,-538,-67.250
1764840163.1327772,0,0,-1823,-227.875
1764840163.1368132,0,0,825,103.125
1764840163.1407807,1,1,3790,473.750
1764840163.1447763,0,0,5082,635.250
1764840163.1487732,0,0,-408,-51.000
1764840163.1527772,0,0,-1815,-226.875
1764840163.1567752,0,0,712,89.000
1764840163.1607754,1,1,3705,463.125
1764840163.1648638,0,0,5087,635.875
1764840163.1687884,0,0,-336,-42.000
1764840163.1727688,0,0,-1980,-247.500
1764840163.176756,0,0,889,111.125
1764840163.1807678,1,1,3792,474.000
1764840163.1847758,0,0,5119,639.875
1764840163.188776,0,0,-177,-22.125
1764840163.1927667,0,0,-2001,-250.125
1764840163.1967561,0,0,749,93.625
1764840163.2007651,1,1,3685,460.625
1764840163.2047715,0,0,5097,637.125
1764840163.2087684,0,0,-38,-4.750
1764840163.2127712,0,0,-1729,-216.125
1764840163.2167683,0,0,370,46.250
1764840163.2207732,1,1,3445,430.625
1764840163.224769,0,0,5067,633.375
1764840163.2287707,0,0,102,12.750
1764840163.232772,0,0,-1739,-217.375
1764840163.236784,0,0,346,43.250
1764840163.2407665,1,1,3426,428.250
1764840163.2451527,0,0,5081,635.125
1764840163.2489023,0,0,322,40.250
1764840163.2528088,0,0,-2076,-259.500
1764840163.2567813,0,0,714,89.250
1764840163.2607725,1,1,3625,453.125
1764840163.2647707,0,0,5106,638.250
1764840163.2687695,0,0,423,52.875
1764840163.2727723,0,0,-1767,-220.875
1764840163.2767673,0,0,208,26.000
1764840163.2807667,1,1,3306,413.250
1764840163.2847703,0,0,5038,629.750
1764840163.2887716,0,0,700,87.500
1764840163.292775,0,0,-2131,-266.375
1764840163.2967713,0,0,550,68.750
1764840163.3007731,1,1,3494,436.750
1764840163.3048904,0,0,5060,632.500
1764840163.3087604,0,0,691,86.375
1764840163.3127587,0,0,-1277,-159.625
1764840163.3167565,0,0,-762,-95.250
1764840163.320756,1,1,2568,321.000
1764840163.3247554,0,0,4858,607.250
1764840163.3287563,0,0,-1380,-172.500
1764840163.3327568,0,0,-600,-75.000
1764840163.3367903,0,0,2726,340.750
1764840163.3407564,1,1,4938,617.250
1764840163.3447547,0,0,1270,158.750
1764840163.3487563,0,0,-1493,-186.625
1764840163.352759,0,0,-660,-82.500
1764840163.356758,0,0,2666,333.250
1764840163.3607607,1,1,4924,615.500
1764840163.3700864,0,0,-2235,-279.375
1764840163.3728058,0,0,97,12.125
1764840163.376779,0,0,3252,406.500
1764840163.38078,1,1,5098,637.250
1764840163.384758,0,0,1684,210.500
1764840163.388755,0,0,-1939,-242.375
1764840163.3927743,0,0,-374,-46.750
1764840163.3967755,0,0,2886,360.750
1764840163.400776,1,1,4963,620.375
1764840163.4047594,0,0,1871,233.875
1764840163.4087555,0,0,-2023,-252.875
1764840163.4127758,0,0,-427,-53.375
1764840163.4167762,0,0,2832,354.000
1764840163.4207764,1,1,4923,615.375
1764840163.4247684,0,0,2021,252.625
1764840163.4287696,0,0,-1849,-231.125
1764840163.4327757,0,0,-564,-70.500
1764840163.4367723,0,0,2731,341.375
1764840163.4407716,1,1,4885,610.625
1764840163.4447773,0,0,2224,278.000
1764840163.4487724,0,0,-1892,-236.500
1764840163.4527733,0,0,-641,-80.125
1764840163.4567685,0,0,2656,332.000
1764840163.4607804,1,1,4841,605.125
1764840163.4647803,0,0,2458,307.250
1764840163.468771,0,0,-1917,-239.625
1764840163.472764,0,0,-762,-95.250
1764840163.4767518,0,0,2534,316.750
1764840163.4807706,1,1,4771,596.375
1764840163.4847727,0,0,2522,315.250
1764840163.4887729,0,0,-1652,-206.500
1764840163.4927607,0,0,-973,-121.625
1764840163.4967616,0,0,2356,294.500
1764840163.5007625,1,1,4706,588.250
1764840163.504774,0,0,2777,347.125
1764840163.5087702,0,0,-2001,-250.125
1764840163.512774,0,0,-807,-100.875
1764840163.5167665,0,0,2500,312.500
1764840163.5207694,1,1,4740,592.500
1764840163.5247722,0,0,2909,363.625
1764840163.5287724,0,0,-1259,-157.375
1764840163.5327697,0,0,-1447,-180.875
1764840163.536768,0,0,1843,230.375
1764840163.5407884,1,1,4490,561.250
1764840163.5447724,0,0,3137,392.125
1764840163.548768,0,0,-1554,-194.250
1764840163.552763,0,0,-1282,-160.250
1764840163.55675,0,0,2039,254.875
1764840163.56076,1,1,4564,570.500
1764840163.5647697,0,0,3306,413.250
1764840163.5688612,0,0,-1535,-191.875
1764840163.572784,0,0,-1327,-165.875
1764840163.576755,0,0,1998,249.750
1764840163.5807621,1,1,4546,568.250
1764840163.5847673,0,0,3472,434.000
1764840163.5887554,0,0,-1332,-166.500
1764840163.592756,0,0,-1595,-199.375
1764840163.5967517,0,0,1617,202.125
1764840163.6007748,1,1,4379,547.375
1764840163.6047719,0,0,3682,460.250
1764840163.6087732,0,0,-2036,-254.500
1764840163.612773,0,0,-936,-117.000
1764840163.6167805,0,0,2408,301.000
1764840163.620772,1,1,4700,587.500
1764840163.624772,0,0,3816,477.000
1764840163.628769,0,0,-1371,-171.375
1764840163.632783,0,0,-1555,-194.375
1764840163.6367705,0,0,1699,212.375
1764840163.6408067,1,1,4374,546.750
1764840163.6447675,0,0,3960,495.000
1764840163.6487782,0,0,-1797,-224.625
1764840163.6527736,0,0,-1334,-166.750
1764840163.6567698,0,0,1982,247.750
1764840163.660782,1,1,4481,560.125
1764840163.664784,0,0,4081,510.125
1764840163.66877,0,0,-1869,-233.625
1764840163.6727643,0,0,-1116,-139.500
1764840163.676752,0,0,2227,278.375
1764840163.6807814,1,1,4565,570.625
1764840163.6847677,0,0,4164,520.500
1764840163.6887667,0,0,-1350,-168.750
1764840163.6927617,0,0,-1567,-195.875
1764840163.6967645,0,0,1685,210.625
1764840163.700768,1,1,4300,537.500
1764840163.7047832,0,0,4268,533.500
1764840163.7087703,0,0,-1268,-158.500
1764840163.7127829,0,0,-1672,-209.000
1764840163.7167687,0,0,1477,184.625
1764840163.7207704,1,1,4166,520.750
1764840163.724767,0,0,4347,543.375
1764840163.7287805,0,0,-1176,-147.000
1764840163.7327714,0,0,-1701,-212.625
1764840163.7367716,0,0,1315,164.375
1764840163.7407835,1,1,4093,511.625
1764840163.7447827,0,0,4478,559.750
1764840163.7487667,0,0,-1470,-183.750
1764840163.7527723,0,0,-1582,-197.750
1764840163.7567666,0,0,1666,208.250
1764840163.7607808,1,1,4253,531.625
1764840163.7647688,0,0,4575,571.875
1764840163.7688563,0,0,-991,-123.875
1764840163.772776,0,0,-1714,-214.250
1764840163.7767646,0,0,1051,131.375
1764840163.7807727,1,1,3926,490.750
1764840163.7847755,0,0,4634,579.250
1764840163.788768,0,0,-1148,-143.500
1764840163.792772,0,0,-1751,-218.875
1764840163.7967498,0,0,1361,170.125
1764840163.8007581,1,1,4069,508.625
1764840163.8047714,0,0,4715,589.375
1764840163.8087692,0,0,-979,-122.375
1764840163.8127663,0,0,-1753,-219.125
1764840163.8167639,0,0,1265,158.125
1764840163.8207705,1,1,4022,502.750
1764840163.8247702,0,0,4787,598.375
1764840163.8287654,0,0,-759,-94.875
1764840163.8327577,0,0,-1697,-212.125
1764840163.8367465,0,0,706,88.250
1764840163.840765,1,1,3697,462.125
1764840163.8448043,0,0,4801,600.125
1764840163.848776,0,0,-720,-90.000
1764840163.852771,0,0,-1717,-214.625
1764840163.856764,0,0,793,99.125
1764840163.8607688,1,1,3754,469.250
1764840163.8647766,0,0,4911,613.875
1764840163.868766,0,0,-822,-102.750
1764840163.8727682,0,0,-1803,-225.375
1764840163.8767457,0,0,1329,166.125
1764840163.8807542,1,1,4043,505.375
1764840163.884767,0,0,5000,625.000
1764840163.8887773,0,0,-426,-53.250
1764840163.892759,0,0,-1600,-200.000
1764840163.8967462,0,0,193,24.125
1764840163.900757,1,1,3353,419.125
1764840163.904762,0,0,4917,614.625
1764840163.9087663,0,0,-495,-61.875
1764840163.9127684,0,0,-1932,-241.500
1764840163.916763,0,0,1039,129.875
1764840163.9207668,1,1,3852,481.500
1764840163.924763,0,0,5039,629.875
1764840163.9287639,0,0,-284,-35.500
1764840163.932767,0,0,-1684,-210.500
1764840163.936763,0,0,410,51.250
1764840163.9407656,1,1,3480,435.000
1764840163.9447773,0,0,5010,626.250
1764840163.948765,0,0,-174,-21.750
1764840163.95277,0,0,-1739,-217.375
1764840163.956763,0,0,464,58.000
1764840163.9607646,1,1,3506,438.250
1764840163.9647775,0,0,5040,630.000
1764840163.9688485,0,0,-33,-4.125
1764840163.9727762,0,0,-1650,-206.250
1764840163.9767506,0,0,259,32.375
1764840163.9807582,1,1,3382,422.750
1764840163.9847636,0,0,115,14.375
1764840163.9887617,0,0,-1706,-213.250
1764840163.992756,0,0,251,31.375
1764840163.9967499,0,0,3356,419.500
1764840164.0007799,1,1,5061,632.625
1764840164.0047672,0,0,345,43.125
1764840164.0087624,0,0,-2092,-261.500
1764840164.0127692,0,0,656,82.000
1764840164.0167747,0,0,3589,448.625
1764840164.0207708,1,1,5101,637.625
1764840164.0247648,0,0,441,55.125
1764840164.028763,0,0,-1525,-190.625
1764840164.0327752,0,0,-217,-27.125
1764840164.036766,0,0,3015,376.875
1764840164.0407693,1,1,4982,622.750
1764840164.0447822,0,0,721,90.125
1764840164.048777,0,0,-2061,-257.625
1764840164.0527556,0,0,758,94.750
1764840164.0567496,0,0,3660,457.500
1764840164.0607684,1,1,5135,641.875
1764840164.0647771,0,0,750,93.750
1764840164.0687644,0,0,-1761,-220.125
1764840164.0727806,0,0,45,5.625
1764840164.0767725,0,0,3184,398.000
1764840164.080771,1,1,5023,627.875
1764840164.08475,0,0,809,101.125
1764840164.0887575,0,0,-912,-114.000
1764840164.092765,0,0,-1432,-179.000
1764840164.0967627,0,0,1922,240.250
1764840164.100765,1,1,4680,585.000
1764840164.1047626,0,0,1408,176.000
1764840164.1087499,0,0,-2217,-277.125
1764840164.1127641,0,0,191,23.875
1764840164.1167614,0,0,3300,412.500
1764840164.1207697,1,1,5120,640.000
1764840164.124766,0,0,1458,182.250
1764840164.1287615,0,0,-2099,-262.375
1764840164.1327627,0,0,-103,-12.875
1764840164.1367583,0,0,3117,389.625
1764840164.1407633,1,1,5071,633.875
1764840164.1447644,0,0,1681,210.125
1764840164.1487985,0,0,-1860,-232.500
1764840164.152767,0,0,-473,-59.125
1764840164.1567595,0,0,2806,350.750
1764840164.1607625,1,1,4943,617.875
1764840164.1647613,0,0,1876,234.500
1764840164.1688468,0,0,-2246,-280.750
1764840164.1727767,0,0,-194,-24.250
1764840164.176743,0,0,3024,378.000
1764840164.1807554,1,1,4997,624.625
1764840164.1847644,0,0,2021,252.625
1764840164.1887617,0,0,-2259,-282.375
1764840164.192753,0,0,-141,-17.625
1764840164.1967432,0,0,3055,381.875
1764840164.2007535,1,1,4976,622.000
1764840164.204764,0,0,2164,270.500
1764840164.2087626,0,0,-2209,-276.125
1764840164.212765,0,0,-340,-42.500
1764840164.2167602,0,0,2899,362.375
1764840164.220765,1,1,4902,612.750
1764840164.2247596,0,0,2354,294.250
1764840164.2287667,0,0,-2045,-255.625
1764840164.2327664,0,0,-554,-69.250
1764840164.2367609,0,0,2720,340.000
1764840164.2407618,1,1,4817,602.125
1764840164.2451375,0,0,2485,310.625
1764840164.2489214,0,0,-2204,-275.500
1764840164.2527883,0,0,-480,-60.000
1764840164.2567604,0,0,2774,346.750
1764840164.2607574,1,1,4808,601.000
1764840164.2647572,0,0,2590,323.750
1764840164.268758,0,0,-1506,-188.250
1764840164.2727609,0,0,-1111,-138.875
1764840164.2767582,0,0,2210,276.250
1764840164.2807677,1,1,4600,575.000
1764840164.2847717,0,0,2891,361.375
1764840164.288762,0,0,-2135,-266.875
1764840164.2927554,0,0,-755,-94.375
1764840164.296748,0,0,2524,315.500
1764840164.3007555,1,1,4688,586.000
1764840164.3047616,0,0,2977,372.125
1764840164.308771,0,0,-1608,-201.000
1764840164.3127604,0,0,-1161,-145.125
1764840164.3167589,0,0,2140,267.500
1764840164.3207624,1,1,4527,565.875
1764840164.3247616,0,0,3151,393.875
1764840164.3287566,0,0,-1585,-198.125
1764840164.3327615,0,0,-1221,-152.625
1764840164.336759,0,0,2092,261.500
1764840164.3407652,1,1,4508,563.500
1764840164.344744,0,0,3325,415.625
1764840164.348777,0,0,-1519,-189.875
1764840164.352761,0,0,-1312,-164.000
1764840164.3567607,0,0,1994,249.250
1764840164.3607628,1,1,4464,558.000
1764840164.364761,0,0,3508,438.500
1764840164.3741996,0,0,-1196,-149.500
1764840164.3767812,0,0,2107,263.375
1764840164.3807752,1,1,4483,560.375
1764840164.3847473,0,0,3634,454.250
1764840164.388744,0,0,-1539,-192.375
1764840164.39276,0,0,-1375,-171.875
1764840164.3967595,0,0,1919,239.875
1764840164.400763,1,1,4397,549.625
1764840164.404749,0,0,3793,474.125
1764840164.408745,0,0,-1905,-238.125
1764840164.4127629,0,0,-1167,-145.875
1764840164.4167585,0,0,2156,269.500
1764840164.4207647,1,1,4485,560.625
1764840164.4247644,0,0,3909,488.625
1764840164.428763,0,0,-1516,-189.500
1764840164.4327614,0,0,-1406,-175.750
1764840164.4367595,0,0,1884,235.500
1764840164.4407618,1,1,4347,543.375
1764840164.444763,0,0,4024,503.000
1764840164.448797,0,0,-1600,-200.000
1764840164.4527671,0,0,-1395,-174.375
1764840164.456756,0,0,1898,237.250
1764840164.460761,1,1,4335,541.875
1764840164.464755,0,0,4129,516.125
1764840164.4687796,0,0,-1223,-152.875
1764840164.4727724,0,0,-1651,-206.375
1764840164.4767637,0,0,1486,185.750
1764840164.4807625,1,1,4119,514.875
1764840164.484748,0,0,4234,529.250
1764840164.4887416,0,0,-1491,-186.375
1764840164.4927616,0,0,-1533,-191.625
1764840164.4967582,0,0,1700,212.500
1764840164.5007577,1,1,4203,525.375
1764840164.504742,0,0,4330,541.250
1764840164.5087452,0,0,-1191,-148.875
1764840164.5127609,0,0,-1678,-209.750
1764840164.516758,0,0,1456,182.000
1764840164.5207586,1,1,4078,509.750
1764840164.5247579,0,0,4394,549.250
1764840164.5287573,0,0,-954,-119.250
1764840164.532761,0,0,-1687,-210.875
1764840164.536757,0,0,998,124.750
1764840164.5407596,1,1,3858,482.250
1764840164.5447564,0,0,4531,566.375
1764840164.5487523,0,0,-1074,-134.250
1764840164.5527651,0,0,-1721,-215.125
1764840164.5567393,0,0,1384,173.000
1764840164.5607436,1,1,4049,506.125
1764840164.5647533,0,0,4633,579.125
1764840164.568751,0,0,-1069,-133.625
1764840164.572853,0,0,-1741,-217.625
1764840164.5767725,0,0,1356,169.500
1764840164.5807626,1,1,4018,502.250
1764840164.584739,0,0,4689,586.125
1764840164.588739,0,0,-1081,-135.125
1764840164.5927582,0,0,-1745,-218.125
1764840164.5967565,0,0,1385,173.125
1764840164.6007595,1,1,4014,501.750
1764840164.6047416,0,0,4742,592.750
1764840164.6087358,0,0,-818,-102.250
1764840164.612754,0,0,-1770,-221.250
1764840164.6167572,0,0,996,124.500
1764840164.620758,1,1,3779,472.375
1764840164.624755,0,0,4749,593.625
1764840164.6287546,0,0,-753,-94.125
1764840164.632761,0,0,1025,128.125
1764840164.636757,0,0,3801,475.125
1764840164.6407604,1,1,4813,601.625
1764840164.6447544,0,0,-568,-71.000
1764840164.6487544,0,0,-1719,-214.875
1764840164.6527953,0,0,712,89.000
1764840164.6567554,0,0,3618,452.250
1764840164.6607609,1,1,4846,605.750
1764840164.6647584,0,0,-516,-64.500
1764840164.6687531,0,0,-1791,-223.875
1764840164.672756,0,0,868,108.500
1764840164.676754,0,0,3705,463.125
1764840164.680765,1,1,4904,613.000
1764840164.6847749,0,0,-480,-60.000
1764840164.688754,0,0,-1926,-240.750
1764840164.6927483,0,0,1013,126.625
1764840164.6967363,0,0,3747,468.375
1764840164.7007463,1,1,4903,612.875
1764840164.7047558,0,0,-301,-37.625
1764840164.708756,0,0,-1751,-218.875
1764840164.7127457,0,0,563,70.375
1764840164.7167366,0,0,3479,434.875
1764840164.7207592,1,1,4880,610.000
1764840164.7247574,0,0,-134,-16.750
1764840164.7287602,0,0,-1670,-208.750
1764840164.7327611,0,0,289,36.125
1764840164.736754,0,0,3299,412.375
1764840164.7407575,1,1,4875,609.375
1764840164.7447565,0,0,-1,-0.125
1764840164.748753,0,0,-1656,-207.000
1764840164.7527707,0,0,231,28.875
1764840164.7567534,0,0,3271,408.875
1764840164.7607572,1,1,4905,613.125
1764840164.7647529,0,0,120,15.000
1764840164.768755,0,0,-1765,-220.625
1764840164.7728474,0,0,367,45.875
1764840164.7767649,0,0,3357,419.625
1764840164.7807584,1,1,4941,617.625
1764840164.7847407,0,0,294,36.750
1764840164.7887394,0,0,-1815,-226.875
1764840164.7927592,0,0,341,42.625
1764840164.796754,0,0,3334,416.750
1764840164.8007565,1,1,4943,617.875
1764840164.804741,0,0,506,63.250
1764840164.8087404,0,0,-2095,-261.875
1764840164.8127596,0,0,645,80.625
1764840164.8167565,0,0,3521,440.125
1764840164.8207543,1,1,4971,621.375
1764840164.8247535,0,0,579,72.375
1764840164.8287551,0,0,-1747,-218.375
1764840164.8327591,0,0,111,13.875
1764840164.836755,0,0,3160,395.000
1764840164.8407552,1,1,4877,609.625
1764840164.8447554,0,0,811,101.375
1764840164.848755,0,0,-2132,-266.500
1764840164.8527453,0,0,386,48.250
1764840164.8567743,0,0,3347,418.375
1764840164.8607516,1,1,4919,614.875
1764840164.8647516,0,0,965,120.625
1764840164.8687513,0,0,-2149,-268.625
1764840164.8727572,0,0,323,40.375
1764840164.8767536,0,0,3301,412.625
1764840164.8807542,1,1,4906,613.250
1764840164.884751,0,0,937,117.125
1764840164.8887513,0,0,-963,-120.375
1764840164.8927627,0,0,-1354,-169.250
1764840164.8967624,0,0,1938,242.250
1764840164.9007602,1,1,4530,566.250
1764840164.904735,0,0,1505,188.125
1764840164.9087346,0,0,-2233,-279.125
1764840164.9127474,0,0,12,1.500
1764840164.9167514,0,0,3113,389.125
1764840164.9207544,1,1,4916,614.500
1764840164.9247348,0,0,1612,201.500
1764840164.9287322,0,0,-1991,-248.875
1764840164.9327552,0,0,-216,-27.000
1764840164.9367526,0,0,2957,369.625
1764840164.940754,1,1,4864,608.000
1764840164.9447541,0,0,1782,222.750
1764840164.9487467,0,0,-2203,-275.375
1764840164.9527507,0,0,-82,-10.250
1764840164.956788,0,0,3066,383.250
1764840164.9607568,1,1,4883,610.375
1764840164.9647532,0,0,1986,248.250
1764840164.9687464,0,0,-2238,-279.750
1764840164.9728444,0,0,-184,-23.000
1764840164.9767654,0,0,2960,370.000
1764840164.980756,1,1,4808,601.000
1764840164.984737,0,0,2083,260.375
1764840164.9887342,0,0,-1950,-243.750
1764840164.9927511,0,0,-439,-54.875
1764840164.9967492,0,0,2775,346.875
1764840165.0007544,1,1,4737,592.125
1764840165.0047417,0,0,2280,285.000
1764840165.0087347,0,0,-2085,-260.625
1764840165.012751,0,0,-458,-57.250
1764840165.0167494,0,0,2748,343.500
1764840165.020754,1,1,4702,587.750
1764840165.0247529,0,0,2432,304.000
1764840165.0287511,0,0,-1614,-201.750
1764840165.0327518,0,0,-908,-113.500
1764840165.036747,0,0,2365,295.625
1764840165.04075,1,1,4562,570.250
1764840165.0447505,0,0,2624,328.000
1764840165.0487506,0,0,-1496,-187.000
1764840165.0527446,0,0,-1106,-138.250
1764840165.0567698,0,0,2178,272.250
1764840165.060751,1,1,4492,561.500
1764840165.0647488,0,0,2815,351.875
1764840165.0687494,0,0,-1850,-231.250
1764840165.0727537,0,0,-908,-113.500
1764840165.0767481,0,0,2368,296.000
1764840165.0807521,1,1,4553,569.125
1764840165.0847406,0,0,2970,371.250
1764840165.088736,0,0,-1507,-188.375
1764840165.0927515,0,0,-1234,-154.250
1764840165.0967507,0,0,2043,255.375
1764840165.100756,1,1,4420,552.500
1764840165.1047506,0,0,3157,394.625
1764840165.1087484,0,0,-1727,-215.875
1764840165.1127534,0,0,-1067,-133.375
1764840165.116751,0,0,2228,278.500
1764840165.1207519,1,1,4491,561.375
1764840165.124748,0,0,3286,410.750
1764840165.1287487,0,0,-1307,-163.375
1764840165.1327538,0,0,-1514,-189.250
1764840165.1367483,0,0,1721,215.125
1764840165.140749,1,1,4288,536.000
1764840165.1447473,0,0,3522,440.250
1764840165.148751,0,0,-1824,-228.000
1764840165.152754,0,0,-1144,-143.000
1764840165.1567595,0,0,2151,268.875
1764840165.160752,1,1,4450,556.250
1764840165.1647513,0,0,3652,456.500
1764840165.1687493,0,0,-1598,-199.750
1764840165.1728466,0,0,-1302,-162.750
1764840165.176765,0,0,1990,248.750
1764840165.1807575,1,1,4371,546.375
1764840165.1847324,0,0,3797,474.625
1764840165.1887288,0,0,-1375,-171.875
1764840165.1927507,0,0,-1527,-190.875
1764840165.196751,0,0,1691,211.375
1764840165.2007544,1,1,4217,527.125
1764840165.2047355,0,0,3925,490.625
1764840165.2087286,0,0,-1697,-212.125
1764840165.2127478,0,0,-1362,-170.250
1764840165.216749,0,0,1899,237.375
1764840165.2207537,1,1,4291,536.375
1764840165.2247496,0,0,4019,502.375
1764840165.2287474,0,0,-1711,-213.875
1764840165.2327552,0,0,-1314,-164.250
1764840165.23675,0,0,1992,249.000
1764840165.2407513,1,1,4337,542.125
1764840165.245134,0,0,4140,517.500
1764840165.2488894,0,0,-1222,-152.750
1764840165.252773,0,0,-1646,-205.750
1764840165.25675,0,0,1485,185.625
1764840165.2607522,1,1,4069,508.625
1764840165.26475,0,0,4236,529.500
1764840165.2687428,0,0,-1602,-200.250
1764840165.2727468,0,0,-1480,-185.000
1764840165.2767453,0,0,1754,219.250
1764840165.2807493,1,1,4175,521.875
1764840165.2847486,0,0,4291,536.375
1764840165.2887473,0,0,-1694,-211.750
1764840165.2927742,0,0,1227,153.375
1764840165.296752,0,0,3929,491.125
1764840165.3007562,1,1,4423,552.875
1764840165.3047347,0,0,-1367,-170.875
1764840165.3087332,0,0,-1615,-201.875
1764840165.3127491,0,0,1577,197.125
1764840165.3167481,0,0,4081,510.125
1764840165.3207526,1,1,4496,562.000
1764840165.3247368,0,0,-913,-114.125
1764840165.3287325,0,0,-1715,-214.375
1764840165.332751,0,0,1060,132.500
1764840165.3367455,0,0,3816,477.000
1764840165.3407447,1,1,4569,571.125
1764840165.3447466,0,0,-1132,-141.500
1764840165.3487482,0,0,-1726,-215.750
1764840165.3527517,0,0,1397,174.625
1764840165.3567436,0,0,3975,496.875
1764840165.3607478,1,0,4620,577.500
1764840165.3647337,0,0,-867,-108.375
1764840165.3687308,0,0,-1720,-215.000
1764840165.3781655,1,1,3761,470.125
1764840165.380811,1,0,4724,590.500
1764840165.3847466,0,0,-473,-59.125
1764840165.3887334,0,0,-310,-38.750
1764840165.3927486,0,0,2832,354.000
1764840165.3967485,0,0,4574,571.750
1764840165.4007475,1,0,4716,589.500
1764840165.4047337,0,0,-729,-91.125
1764840165.40873,0,0,-1725,-215.625
1764840165.4127526,0,0,1018,127.250
1764840165.416749,0,0,3727,465.875
1764840165.4207509,1,0,4710,588.750
1764840165.424746,0,0,-552,-69.000
1764840165.428747,0,0,-1709,-213.625
1764840165.4327497,0,0,691,86.375
1764840165.436747,0,0,3527,440.875
1764840165.4407475,0,0,4722,590.250
1764840165.4447494,0,0,-605,-75.625
1764840165.4487467,0,0,-1811,-226.375
1764840165.4527516,0,0,985,123.125
1764840165.4567466,0,0,3689,461.125
1764840165.460791,1,1,4780,597.500
1764840165.4647496,0,0,-468,-58.500
1764840165.4687448,0,0,-1812,-226.500
1764840165.4727507,0,0,963,120.375
1764840165.4767478,0,0,3673,459.125
1764840165.4807491,0,0,4806,600.750
1764840165.4847438,0,0,-376,-47.000
1764840165.4887443,0,0,-1873,-234.125
1764840165.4927764,0,0,935,116.875
1764840165.4967515,0,0,3640,455.000
1764840165.5007522,0,0,4812,601.500
1764840165.5047297,0,0,-220,-27.500
1764840165.5087254,0,0,-1901,-237.625
1764840165.5127444,0,0,1109,138.625
1764840165.5167463,0,0,3721,465.125
1764840165.5207496,0,0,4815,601.875
1764840165.52473,0,0,-106,-13.250
1764840165.528726,0,0,-1802,-225.250
1764840165.5327444,0,0,641,80.125
1764840165.5367432,0,0,3430,428.750
1764840165.5407457,0,0,4759,594.875
1764840165.5447447,0,0,27,3.375
1764840165.5487416,0,0,-1779,-222.375
1764840165.5527313,0,0,603,75.375
1764840165.5567253,0,0,3419,427.375
1764840165.5607476,1,1,4778,597.250
1764840165.5647483,0,0,275,34.375
1764840165.5687432,0,0,-1556,-194.500
1764840165.5727448,0,0,-96,-12.000
1764840165.5768273,0,0,2938,367.250
1764840165.5807664,0,0,4675,584.375
1764840165.5847313,0,0,389,48.625
1764840165.588724,0,0,-1661,-207.625
1764840165.592742,0,0,132,16.500
1764840165.5967426,0,0,3108,388.500
1764840165.6007469,0,0,4741,592.625
1764840165.6047308,0,0,554,69.250
1764840165.6087258,0,0,-1672,-209.000
1764840165.612744,0,0,61,7.625
1764840165.6167397,0,0,3058,382.250
1764840165.620749,0,0,4733,591.625
1764840165.6247425,0,0,743,92.875
1764840165.6287253,0,0,-1788,-223.500
1764840165.6327395,0,0,83,10.375
1764840165.6367414,0,0,3074,384.250
1764840165.6407435,0,0,4739,592.375
1764840165.644745,0,0,938,117.250
1764840165.6487432,0,0,-1741,-217.625
1764840165.6527467,0,0,-124,-15.500
1764840165.6567392,0,0,2923,365.375
1764840165.6607604,0,0,4691,586.375
1764840165.664742,0,0,1092,136.500
1764840165.6687453,0,0,-1544,-193.000
1764840165.6727476,0,0,-396,-49.500
1764840165.676739,0,0,2742,342.750
1764840165.680742,0,0,4661,582.625
1764840165.6847434,0,0,1317,164.625
1764840165.6887445,0,0,-1770,-221.250
1764840165.6927464,0,0,-260,-32.500
1764840165.696743,0,0,2853,356.625
1764840165.7007484,0,0,4699,587.375
1764840165.7047503,0,0,1524,190.500
1764840165.708746,0,0,-1957,-244.625
1764840165.7127314,0,0,-166,-20.750
1764840165.7167273,0,0,2926,365.750
1764840165.720734,0,0,4726,590.750
1764840165.7247398,0,0,1550,193.750
1764840165.728742,0,0,-1095,-136.875
1764840165.7327416,0,0,-1268,-158.500
1764840165.7367263,0,0,1985,248.125
1764840165.7407315,0,0,4435,554.375
1764840165.7447417,0,0,2003,250.375
1764840165.7487428,0,0,-1968,-246.000
1764840165.7527463,0,0,-486,-60.750
1764840165.7567406,0,0,2693,336.625
1764840165.7607803,0,0,4677,584.625
1764840165.7647452,0,0,2141,267.625
1764840165.7687404,0,0,-1611,-201.375
1764840165.772734,0,0,-861,-107.625
1764840165.7768068,1,1,2394,299.250
1764840165.7807498,0,0,4584,573.000
1764840165.7847278,0,0,2418,302.250
1764840165.7887251,0,0,-2250,-281.250
1764840165.7927444,0,0,-370,-46.250
1764840165.7967458,1,1,2796,349.500
1764840165.8007467,0,0,4694,586.750
1764840165.8047273,0,0,2512,314.000
1764840165.8087246,0,0,-1778,-222.250
1764840165.8127463,0,0,-842,-105.250
1764840165.8167424,1,1,2403,300.375
1764840165.820746,0,0,4543,567.875
1764840165.8247423,0,0,2652,331.500
1764840165.8287416,0,0,-1602,-200.250
1764840165.832744,0,0,-1047,-130.875
1764840165.8367414,1,1,2220,277.500
1764840165.8407445,0,0,4473,559.125
1764840165.8447466,0,0,2871,358.875
1764840165.848739,0,0,-1467,-183.375
1764840165.8527288,0,0,-1276,-159.500
1764840165.8567235,1,1,1978,247.250
1764840165.8607483,0,0,4374,546.750
1764840165.864757,0,0,3066,383.250
1764840165.868738,0,0,-1813,-226.625
1764840165.8727298,0,0,-1022,-127.750
1764840165.8767219,1,1,2249,281.125
1764840165.8807385,0,0,4477,559.625
1764840165.8847425,0,0,3226,403.250
1764840165.8887355,0,0,-1603,-200.375
1764840165.892742,0,0,-1254,-156.750
1764840165.8967361,1,1,2006,250.750
1764840165.900741,0,0,4367,545.875
1764840165.9047406,0,0,3392,424.000
1764840165.90874,0,0,-1759,-219.875
1764840165.9127514,0,0,-1172,-146.500
1764840165.9167428,1,1,2096,262.000
1764840165.9207447,0,0,4392,549.000
1764840165.9247253,0,0,3504,438.000
1764840165.9287207,0,0,-1457,-182.125
1764840165.932738,0,0,-1424,-178.000
1764840165.936736,1,1,1816,227.000
1764840165.940737,0,0,3628,453.500
1764840165.9447231,0,0,-1228,-153.500
1764840165.9487226,0,0,-1634,-204.250
1764840165.952742,0,0,1437,179.625
1764840165.9567368,1,1,4108,513.500
1764840165.96074,0,0,3789,473.625
1764840165.9647772,0,0,-1248,-156.000
1764840165.9687414,0,0,-1631,-203.875
1764840165.9727428,0,0,1467,183.375
1764840165.9768224,1,1,4147,518.375
1764840165.9807634,0,0,4027,503.375
1764840165.9847298,0,0,-1709,-213.625
1764840165.9887242,0,0,-1370,-171.250
1764840165.9927425,0,0,1909,238.625
1764840165.996737,1,1,4323,540.375
1764840166.0007417,0,0,4137,517.125
1764840166.0047247,0,0,-1595,-199.375
1764840166.008724,0,0,-1443,-180.375
1764840166.012742,0,0,1822,227.750
1764840166.0167394,1,1,4267,533.375
1764840166.02074,0,0,4231,528.875
1764840166.0247376,0,0,-1504,-188.000
1764840166.0287375,0,0,-1498,-187.250
1764840166.0327432,0,0,1753,219.125
1764840166.0367377,1,1,4216,527.000
1764840166.0407376,0,0,4318,539.750
1764840166.044739,0,0,-1636,-204.500
1764840166.0487375,0,0,-1263,-157.875
1764840166.0527425,0,0,2033,254.125
1764840166.056744,1,1,4318,539.750
1764840166.0607357,0,0,4383,547.875
1764840166.0647476,0,0,-1374,-171.750
1764840166.0687363,0,0,-1556,-194.500
1764840166.0727396,0,0,1683,210.375
1764840166.076736,1,1,4141,517.625
1764840166.0807395,0,0,4446,555.750
1764840166.084723,0,0,-947,-118.375
1764840166.0887198,0,0,-1713,-214.125
1764840166.0927408,0,0,990,123.750
1764840166.0967388,1,1,3761,470.125
1764840166.100741,0,0,4484,560.500
1764840166.1047373,0,0,-1132,-141.500
1764840166.1087372,0,0,-1713,-214.125
1764840166.1127405,0,0,1408,176.000
1764840166.1167371,1,1,3980,497.500
1764840166.1207416,0,0,4595,574.375
1764840166.1247358,0,0,-1209,-151.125
1764840166.1287367,0,0,-1659,-207.375
1764840166.1327398,0,0,1503,187.875
1764840166.136738,1,1,3997,499.625
1764840166.1407437,0,0,4627,578.375
1764840166.1447392,0,0,-862,-107.750
1764840166.1487348,0,0,-1753,-219.125
1764840166.1527395,0,0,1086,135.750
1764840166.1567383,1,1,3775,471.875
1764840166.16074,0,0,4655,581.875
1764840166.1647518,0,0,-727,-90.875
1764840166.1687367,0,0,-1739,-217.375
1764840166.1727393,0,0,919,114.875
1764840166.1768267,1,1,3678,459.750
1764840166.1807578,0,0,4713,589.125
1764840166.184723,0,0,-815,-101.875
1764840166.1887195,0,0,-1687,-210.875
1764840166.1927388,0,0,1461,182.625
1764840166.1967368,1,1,3944,493.000
1764840166.2007408,0,0,4750,593.750
1764840166.2047217,0,0,-686,-85.750
1764840166.2087216,0,0,-1819,-227.375
1764840166.2127373,0,0,1128,141.000
1764840166.2167332,1,1,3763,470.375
1764840166.2207427,0,0,4754,594.250
1764840166.224735,0,0,-496,-62.000
1764840166.2287352,0,0,-1766,-220.750
1764840166.2327337,0,0,834,104.250
1764840166.2367315,1,1,3586,448.250
1764840166.240739,0,0,4755,594.375
1764840166.2451243,0,0,-331,-41.375
1764840166.248868,0,0,-1730,-216.250
1764840166.2527573,0,0,603,75.375
1764840166.2567317,1,1,3441,430.125
1764840166.2607386,0,0,4759,594.875
1764840166.2647467,0,0,-197,-24.625
1764840166.268776,0,0,-1704,-213.000
1764840166.2727337,0,0,425,53.125
1764840166.276728,1,1,3323,415.375
1764840166.2807295,0,0,4760,595.000
1764840166.2847342,0,0,-69,-8.625
1764840166.2887328,0,0,-1700,-212.500
1764840166.2927258,0,0,418,52.250
1764840166.2967145,1,1,3332,416.500
1764840166.300726,0,0,4804,600.500
1764840166.3047369,0,0,47,5.875
1764840166.3087394,0,0,-1871,-233.875
1764840166.3127341,0,0,519,64.875
1764840166.3167288,1,1,3373,421.625
1764840166.3207288,0,0,4809,601.125
1764840166.3247302,0,0,157,19.625
1764840166.3287277,0,0,-1756,-219.500
1764840166.33273,0,0,405,50.625
1764840166.3367288,1,1,3314,414.250
1764840166.3407283,0,0,4812,601.500
1764840166.3447335,0,0,361,45.125
1764840166.3487346,0,0,-1938,-242.250
1764840166.3527393,0,0,387,48.375
1764840166.3567367,1,1,3276,409.500
1764840166.3607378,0,0,4789,598.625
1764840166.3647316,0,0,458,57.250
1764840166.368771,0,0,-1645,-205.625
1764840166.37274,0,0,85,10.625
1764840166.382079,0,0,4769,596.125
1764840166.3847458,0,0,908,113.500
1764840166.3887358,0,0,-1871,-233.875
1764840166.3927329,0,0,932,116.500
1764840166.3967323,1,1,3534,441.750
1764840166.4007335,0,0,4782,597.750
1764840166.404732,0,0,750,93.750
1764840166.4087317,0,0,-1871,-233.875
1764840166.4127262,0,0,186,23.250
1764840166.4167173,1,1,3132,391.500
1764840166.420727,0,0,4726,590.750
1764840166.424734,0,0,972,121.500
1764840166.4287307,0,0,-1651,-206.375
1764840166.4327335,0,0,-200,-25.000
1764840166.436735,1,1,2861,357.625
1764840166.4407365,0,0,4650,581.250
1764840166.4447336,0,0,1208,151.000
1764840166.4487307,0,0,-1870,-233.750
1764840166.452737,0,0,-115,-14.375
1764840166.4567337,1,1,2918,364.750
1764840166.4607372,0,0,4657,582.125
1764840166.4647365,0,0,1360,170.000
1764840166.4687328,0,0,-1815,-226.875
1764840166.4727352,0,0,-283,-35.375
1764840166.476729,1,1,2785,348.125
1764840166.480739,0,0,4603,575.375
1764840166.4847353,0,0,1548,193.500
1764840166.488731,0,0,-1981,-247.625
1764840166.4927354,0,0,-220,-27.500
1764840166.496729,1,1,2842,355.250
1764840166.500737,0,0,4616,577.000
1764840166.5047343,0,0,1752,219.000
1764840166.5087323,0,0,-2199,-274.875
1764840166.512733,0,0,-180,-22.500
1764840166.5167272,1,1,2860,357.500
1764840166.5207334,0,0,4596,574.500
1764840166.5247579,0,0,1880,235.000
1764840166.5287344,0,0,-1899,-237.375
1764840166.532724,0,0,-479,-59.875
1764840166.5367122,1,1,2632,329.000
1764840166.5407274,0,0,4517,564.625
1764840166.5447335,0,0,1994,249.250
1764840166.5487301,0,0,-1653,-206.625
1764840166.5527227,0,0,-642,-80.250
1764840166.5567117,1,1,2542,317.750
1764840166.5607295,0,0,4520,565.000
1764840166.5647316,0,0,2197,274.625
1764840166.5687315,0,0,-1301,-162.625
1764840166.5727859,0,0,-1212,-151.500
1764840166.576774,1,1,2015,251.875
1764840166.580873,0,0,4333,541.625
1764840166.5847893,0,0,2605,325.625
1764840166.5887783,0,0,-170,-21.250
1764840166.5927687,0,0,2855,356.875
1764840166.596759,1,1,4564,570.500
1764840166.6007645,0,0,2582,322.750
1764840166.6047764,0,0,-2126,-265.750
1764840166.6087754,0,0,-576,-72.000
1764840166.6127684,0,0,2597,324.625
1764840166.6167567,1,1,4490,561.250
1764840166.6207657,0,0,2766,345.750
1764840166.6247733,0,0,-2004,-250.500
1764840166.628776,0,0,-763,-95.375
1764840166.632777,0,0,2416,302.000
1764840166.636772,1,1,4393,549.125
1764840166.6407752,0,0,2914,364.250
1764840166.6447577,0,0,-1741,-217.625
1764840166.6487541,0,0,-1024,-128.000
1764840166.6527784,0,0,2181,272.625
1764840166.6567833,1,1,4296,537.000
1764840166.6607785,0,0,3072,384.000
1764840166.664756,0,0,-1817,-227.125
1764840166.6687522,0,0,-1010,-126.250
1764840166.672778,0,0,2203,275.375
1764840166.676734,1,1,4296,537.000
1764840166.6807349,0,0,3210,401.250
1764840166.684712,0,0,-1603,-200.375
1764840166.6887102,0,0,-1209,-151.125
1764840166.6927302,0,0,2008,251.000
1764840166.6967294,1,1,4211,526.375
1764840166.7007356,0,0,3373,421.625
1764840166.704729,0,0,-1476,-184.500
1764840166.7087283,0,0,-1386,-173.250
1764840166.712735,0,0,1806,225.750
1764840166.7167296,1,1,4120,515.000
1764840166.720732,0,0,3512,439.000
1764840166.7247298,0,0,-1652,-206.500
1764840166.7287254,0,0,-1259,-157.375
1764840166.732731,0,0,1956,244.500
1764840166.7367287,1,1,4173,521.625
1764840166.740733,0,0,3628,453.500
1764840166.7447321,0,0,-1737,-217.125
1764840166.7487266,0,0,-1206,-150.750
1764840166.7527304,0,0,2029,253.625
1764840166.7567296,1,1,4199,524.875
1764840166.7607338,0,0,3725,465.625
1764840166.7647314,0,0,-1262,-157.750
1764840166.7687263,0,0,-1573,-196.625
1764840166.7727683,0,0,1581,197.625
1764840166.7767289,1,1,4013,501.625
1764840166.780816,0,0,3918,489.750
1764840166.7847438,0,0,-1807,-225.875
1764840166.7887304,0,0,-1251,-156.375
1764840166.7927203,0,0,1963,245.375
1764840166.7967112,1,1,4138,517.250
1764840166.8007185,0,0,3971,496.375
1764840166.804728,0,0,-1332,-166.500
1764840166.8087273,0,0,-1535,-191.875
1764840166.8127265,0,0,1634,204.250
1764840166.8167229,1,1,3985,498.125
1764840166.8207293,0,0,4076,509.500
1764840166.8247347,0,0,-1352,-169.000
1764840166.8287272,0,0,-1541,-192.625
1764840166.8327298,0,0,1637,204.625
1764840166.8367276,1,1,3979,497.375
1764840166.840731,0,0,4171,521.375
1764840166.84473,0,0,-1577,-197.125
1764840166.848726,0,0,-1409,-176.125
1764840166.8527317,0,0,1790,223.750
1764840166.856725,1,1,4020,502.500
1764840166.8607275,0,0,4206,525.750
1764840166.8647308,0,0,-1272,-159.000
1764840166.8687282,0,0,-1581,-197.625
1764840166.8727458,0,0,1594,199.250
1764840166.876726,1,1,3931,491.375
1764840166.8807294,0,0,4272,534.000
1764840166.884731,0,0,-1123,-140.375
1764840166.8887255,0,0,-1655,-206.875
1764840166.892717,0,0,1471,183.875
1764840166.8967083,1,1,3857,482.125
1764840166.9007237,0,0,4341,542.625
1764840166.9047236,0,0,-1037,-129.625
1764840166.9087226,0,0,-1711,-213.875
1764840166.9127262,0,0,1346,168.250
1764840166.9167259,1,1,3774,471.750
1764840166.920723,0,0,4393,549.125
1764840166.9247198,0,0,-1157,-144.625
1764840166.9287205,0,0,-1517,-189.625
1764840166.9327283,0,0,1648,206.000
1764840166.9367237,1,1,3893,486.625
1764840166.9407232,0,0,4425,553.125
1764840166.944723,0,0,-1047,-130.875
1764840166.9487224,0,0,-1434,-179.250
1764840166.9527278,0,0,1764,220.500
1764840166.956718,1,1,3931,491.375
1764840166.960737,0,0,4434,554.250
1764840166.964732,0,0,-841,-105.125
1764840166.9687226,0,0,-1772,-221.500
1764840166.972719,0,0,1211,151.375
1764840166.9768136,1,1,3639,454.875
1764840166.9808738,0,0,4438,554.750
1764840166.9847717,0,0,-737,-92.125
1764840166.9887514,0,0,-1597,-199.625
1764840166.9927683,0,0,1435,179.375
1764840166.9967744,1,1,3662,457.750
1764840167.0007772,0,0,4380,547.500
1764840167.0047488,0,0,-740,-92.500
1764840167.0087485,0,0,-1799,-224.875
1764840167.0127716,0,0,1216,152.000
1764840167.0167696,1,1,3591,448.875
1764840167.0207736,0,0,4428,553.500
1764840167.0247684,0,0,-585,-73.125
1764840167.0287642,0,0,-1834,-229.250
1764840167.0328014,0,0,1138,142.250
1764840167.036775,1,1,3517,439.625
1764840167.0407758,0,0,4406,550.750
1764840167.044771,0,0,-415,-51.875
1764840167.048768,0,0,-1700,-212.500
1764840167.0527575,0,0,1354,169.250
1764840167.0567505,1,1,3610,451.250
1764840167.0607557,0,0,4405,550.625
1764840167.0647717,0,0,-297,-37.125
1764840167.0687659,0,0,-1635,-204.375
1764840167.0727751,0,0,1470,183.750
1764840167.0767474,1,1,3667,458.375
1764840167.0807357,0,0,4404,550.500
1764840167.084738,0,0,-166,-20.750
1764840167.0887258,0,0,-1875,-234.375
1764840167.0927117,0,0,1007,125.875
1764840167.0967057,1,1,3343,417.875
1764840167.1007147,0,0,4290,536.250
1764840167.104725,0,0,-72,-9.000
1764840167.1087239,0,0,-1923,-240.375
1764840167.1127143,0,0,954,119.250
1764840167.1167061,1,1,3323,415.375
1764840167.1207142,0,0,4285,535.625
1764840167.1247268,0,0,35,4.375
1764840167.1287246,0,0,-1986,-248.250
1764840167.1327262,0,0,813,101.625
1764840167.1367207,1,1,3242,405.250
1764840167.1407235,0,0,4266,533.250
1764840167.144726,0,0,275,34.375
1764840167.1487248,0,0,-1920,-240.000
1764840167.152727,0,0,925,115.625
1764840167.1567204,1,1,3270,408.750
1764840167.1607234,0,0,4229,528.625
1764840167.1647253,0,0,347,43.375
1764840167.1687233,0,0,-2027,-253.375
1764840167.1727262,0,0,722,90.250
1764840167.1767354,1,1,3155,394.375
1764840167.180817,0,0,4193,524.125
1764840167.1847413,0,0,522,65.250
1764840167.188726,0,0,-2083,-260.375
1764840167.1927185,0,0,542,67.750
1764840167.1967092,1,1,3004,375.500
1764840167.2007134,0,0,4114,514.250
1764840167.2047236,0,0,605,75.625
1764840167.2087233,0,0,-2030,-253.750
1764840167.2127182,0,0,744,93.000
1764840167.2167082,1,1,3171,396.375
1764840167.2207222,0,0,4163,520.375
1764840167.2247217,0,0,703,87.875
1764840167.2287197,0,0,-2114,-264.250
1764840167.2327325,0,0,364,45.500
1764840167.2367234,1,1,2928,366.000
1764840167.2407234,0,0,4083,510.375
1764840167.2450962,0,0,-2162,-270.250
1764840167.2488635,0,0,114,14.250
1764840167.2527406,0,0,2725,340.625
1764840167.256722,1,1,3992,499.000
1764840167.2607217,0,0,1120,140.000
1764840167.2647219,0,0,-2107,-263.375
1764840167.2687163,0,0,473,59.125
1764840167.2727208,0,0,2971,371.375
1764840167.2767591,1,1,4041,505.125
1764840167.2807238,0,0,1269,158.625
1764840167.2847188,0,0,-1980,-247.500
1764840167.2887173,0,0,707,88.375
1764840167.2927253,0,0,3113,389.125
1764840167.2967207,1,1,4036,504.500
1764840167.3007224,0,0,1344,168.000
1764840167.3048909,0,0,-2104,-263.000
1764840167.3087337,0,0,460,57.500
1764840167.3136244,0,0,2957,369.625
1764840167.3168404,1,1,3963,495.375
1764840167.320721,0,0,1508,188.500
1764840167.3246999,0,0,-1997,-249.625
1764840167.3287015,0,0,609,76.125
1764840167.3327038,0,0,3031,378.875
1764840167.3367035,1,1,3935,491.875
1764840167.3407176,0,0,1527,190.875
1764840167.3447137,0,0,-2228,-278.500
1764840167.3487027,0,0,-50,-6.250
1764840167.3527033,0,0,2598,324.750
1764840167.3567035,1,1,3810,476.250
1764840167.360704,0,0,1506,188.250
1764840167.364704,0,0,-1011,-126.375
1764840167.3687012,0,0,-1325,-165.625
1764840167.3727567,0,0,1625,203.125
1764840167.3767328,1,1,3588,448.500
1764840167.3862257,0,0,-1694,-211.750
1764840167.388739,0,0,846,105.750
1764840167.3927193,0,0,3229,403.625
1764840167.3967035,1,1,4019,502.375
1764840167.400712,0,0,2032,254.000
1764840167.404724,0,0,-2180,-272.500
1764840167.4087214,0,0,100,12.500
1764840167.4127104,0,0,2796,349.500
1764840167.4167018,1,1,3898,487.250
1764840167.4207156,0,0,2238,279.750
1764840167.4247224,0,0,-1949,-243.625
1764840167.4287193,0,0,453,56.625
1764840167.4327204,0,0,3008,376.000
1764840167.4367187,1,1,3905,488.125
1764840167.440724,0,0,2272,284.000
1764840167.4447207,0,0,-2014,-251.750
1764840167.448718,0,0,328,41.000
1764840167.4527166,0,0,2936,367.000
1764840167.4567292,1,1,3850,481.250
1764840167.4607363,0,0,2347,293.375
1764840167.464733,0,0,-2127,-265.875
1764840167.4687078,0,0,-45,-5.625
1764840167.47272,0,0,2650,331.250
1764840167.4767191,1,1,3715,464.375
1764840167.4807634,0,0,2502,312.750
1764840167.484707,0,0,-1704,-213.000
1764840167.4887028,0,0,680,85.000
1764840167.4927278,0,0,3159,394.875
1764840167.4967198,1,1,3836,479.500
1764840167.5007236,0,0,2508,313.500
1764840167.5047235,0,0,-1770,-221.250
1764840167.508722,0,0,654,81.750
1764840167.5127258,0,0,3195,399.375
1764840167.5167224,1,1,3834,479.250
1764840167.5207222,0,0,2582,322.750
1764840167.5247195,0,0,-1809,-226.125
1764840167.5287175,0,0,335,41.875
1764840167.5327234,0,0,2886,360.750
1764840167.5367181,1,1,3640,455.000
1764840167.5407207,0,0,2572,321.500
1764840167.544721,0,0,-1982,-247.750
1764840167.5487196,0,0,-174,-21.750
1764840167.552712,0,0,2476,309.500
1764840167.5567045,1,1,3444,430.500
1764840167.5607092,0,0,2624,328.000
1764840167.564719,0,0,-1872,-234.000
1764840167.5687177,0,0,63,7.875
1764840167.5727239,0,0,2718,339.750
1764840167.5767193,1,1,3534,441.750
1764840167.580735,0,0,2680,335.000
1764840167.5849295,0,0,-1875,-234.375
1764840167.5887325,0,0,-6,-0.750
1764840167.5927174,0,0,2693,336.625
1764840167.5967035,1,1,3507,438.375
1764840167.6007113,0,0,2725,340.625
1764840167.6047187,0,0,-1937,-242.125
1764840167.6087167,0,0,-466,-58.250
1764840167.6127095,0,0,2286,285.750
1764840167.6167002,1,1,3302,412.750
1764840167.6207106,0,0,2762,345.250
1764840167.6247175,0,0,-1638,-204.750
1764840167.6287146,0,0,214,26.750
1764840167.632719,0,0,2892,361.500
1764840167.6367188,1,1,3536,442.000
1764840167.640725,0,0,2796,349.500
1764840167.6447175,0,0,-1633,-204.125
1764840167.6487145,0,0,186,23.250
1764840167.6527212,0,0,2923,365.375
1764840167.6567135,1,1,3543,442.875
1764840167.660717,0,0,2816,352.000
1764840167.6647153,0,0,-1696,-212.000
1764840167.6686985,0,0,-164,-20.500
1764840167.6727128,0,0,2638,329.750
1764840167.6767108,1,1,3396,424.500
1764840167.6807551,0,0,2823,352.875
1764840167.6847196,0,0,-1591,-198.875
1764840167.6887126,0,0,-66,-8.250
1764840167.692714,0,0,2753,344.125
1764840167.696713,1,1,3432,429.000
1764840167.7007227,0,0,2833,354.125
1764840167.7047176,0,0,-1475,-184.375
1764840167.7087145,0,0,48,6.000
1764840167.7127156,0,0,2866,358.250
1764840167.716713,1,1,3456,432.000
1764840167.7207212,0,0,2826,353.250
1764840167.7247162,0,0,-1448,-181.000
1764840167.7287166,0,0,-127,-15.875
1764840167.7327204,0,0,2699,337.375
1764840167.7367132,1,1,3344,418.000
1764840167.7407162,0,0,2793,349.125
1764840167.744721,0,0,-1479,-184.875
1764840167.7487187,0,0,-399,-49.875
1764840167.7527187,0,0,2514,314.250
1764840167.7567124,1,1,3268,408.500
1764840167.7607205,0,0,2799,349.875
1764840167.7649932,0,0,-1408,-176.000
1764840167.7687201,0,0,-416,-52.000
1764840167.7727087,0,0,2537,317.125
1764840167.776696,1,1,3278,409.750
1764840167.780706,0,0,2799,349.875
1764840167.7848065,0,0,-1385,-173.125
1764840167.78873,0,0,-910,-113.750
1764840167.7927134,0,0,1997,249.625
1764840167.7966971,1,1,2976,372.000
1764840167.8007085,0,0,2742,342.750
1764840167.8047156,0,0,-1216,-152.000
1764840167.8087165,0,0,-397,-49.625
1764840167.8127043,0,0,2621,327.625
1764840167.8167002,1,1,3316,414.500
1764840167.8207085,0,0,2801,350.125
1764840167.8247175,0,0,-1177,-147.125
1764840167.828716,0,0,-482,-60.250
1764840167.8327215,0,0,2578,322.250
1764840167.8367167,1,1,3296,412.000
1764840167.840718,0,0,2786,348.250
1764840167.844717,0,0,-1149,-143.625
1764840167.8487163,0,0,-770,-96.250
1764840167.8527079,0,0,2330,291.250
1764840167.8567002,1,1,3183,397.875
1764840167.8607104,0,0,2767,345.875
1764840167.864716,0,0,-1067,-133.375
1764840167.8687224,0,0,-893,-111.625
1764840167.872711,0,0,2217,277.125
1764840167.8766992,1,1,3127,390.875
1764840167.880707,0,0,2748,343.500
1764840167.8847287,0,0,-946,-118.250
1764840167.8887122,0,0,-1137,-142.125
1764840167.892708,0,0,1862,232.750
1764840167.8966973,1,1,2894,361.750
1764840167.9007063,0,0,-863,-107.875
1764840167.9047163,0,0,-973,-121.625
1764840167.9087124,0,0,2169,271.125
1764840167.9127092,0,0,3109,388.625
1764840167.9166996,1,1,2718,339.750
1764840167.9207067,0,0,-731,-91.375
1764840167.924711,0,0,-625,-78.125
1764840167.9287102,0,0,2700,337.500
1764840167.9327056,0,0,3453,431.625
1764840167.936697,1,1,2793,349.125
1764840167.9407134,0,0,-730,-91.250
1764840167.9447153,0,0,-1145,-143.125
1764840167.9487114,0,0,2060,257.500
1764840167.9527147,0,0,3079,384.875
1764840167.9567137,1,1,2680,335.000
1764840167.9607184,0,0,-646,-80.750
1764840167.9647143,0,0,-1362,-170.250
1764840167.968711,0,0,1755,219.375
1764840167.972714,0,0,2901,362.625
1764840167.976712,1,1,2622,327.750
1764840167.9807167,0,0,-533,-66.625
1764840167.9849772,0,0,-1264,-158.000
1764840167.9887307,0,0,1947,243.375
1764840167.9927077,0,0,3040,380.000
1764840167.9966946,1,1,2647,330.875
1764840168.0007021,0,0,-429,-53.625
1764840168.0047114,0,0,-1229,-153.625
1764840168.008712,0,0,2083,260.375
1764840168.012706,0,0,3169,396.125
1764840168.0166914,1,1,2679,334.875
1764840168.0207064,0,0,-341,-42.625
1764840168.0247135,0,0,-1420,-177.500
1764840168.0287101,0,0,1784,223.000
1764840168.032712,0,0,2981,372.625
1764840168.0367088,1,1,2599,324.875
1764840168.0407116,0,0,-205,-25.625
1764840168.044711,0,0,-1102,-137.750
1764840168.0487094,0,0,2363,295.375
1764840168.0526986,0,0,3397,424.625
1764840168.056693,1,1,2712,339.000
1764840168.0607119,0,0,-141,-17.625
1764840168.06476,0,0,-1332,-166.500
1764840168.0687156,0,0,1991,248.875
1764840168.0727055,0,0,3142,392.750
1764840168.0766954,1,1,2594,324.250
1764840168.0806994,0,0,-59,-7.375
1764840168.0847275,0,0,-1208,-151.000
1764840168.0887105,0,0,2279,284.875
1764840168.092701,0,0,3379,422.375
1764840168.0966923,1,1,2660,332.500
1764840168.1007004,0,0,-35,-4.375
1764840168.104713,0,0,-1579,-197.375
1764840168.1087115,0,0,1710,213.750
1764840168.1127121,0,0,3031,378.875
1764840168.1167128,1,1,2555,319.375
1764840168.1207154,0,0,59,7.375
1764840168.1247096,0,0,-1546,-193.250
1764840168.1287084,0,0,297,37.125
1764840168.1327133,0,0,2190,273.750
1764840168.1367111,1,1,2368,296.000
1764840168.1407118,0,0,328,41.000
1764840168.1447127,0,0,-1441,-180.125
1764840168.1487114,0,0,1991,248.875
1764840168.1527152,0,0,3322,415.250
1764840168.1567104,1,1,2680,335.000
1764840168.160714,0,0,292,36.500
1764840168.1647074,0,0,-1591,-198.875
1764840168.168711,0,0,1921,240.125
1764840168.1727116,0,0,3368,421.000
1764840168.1767104,1,1,2714,339.250
1764840168.1807132,0,0,398,49.750
1764840168.1849425,0,0,-1842,-230.250
1764840168.188726,0,0,1312,164.000
1764840168.1927094,0,0,2911,363.875
1764840168.196698,1,1,2516,314.500
1764840168.2007046,0,0,466,58.250
1764840168.2047093,0,0,-1837,-229.625
1764840168.2087078,0,0,1405,175.625
1764840168.2127025,0,0,3043,380.375
1764840168.2166939,1,1,2574,321.750
1764840168.2207038,0,0,565,70.625
1764840168.2247078,0,0,-1722,-215.250
1764840168.2287073,0,0,1721,215.125
1764840168.232714,0,0,3320,415.000
1764840168.2367115,1,1,2668,333.500
1764840168.2407138,0,0,646,80.750
1764840168.2450871,0,0,-1852,-231.500
1764840168.2488432,0,0,1422,177.750
1764840168.2527254,0,0,3120,390.000
1764840168.256713,1,1,2580,322.500
1764840168.2609756,0,0,711,88.875
1764840168.2647007,0,0,-1709,-213.625
1764840168.2686946,0,0,1899,237.375
1764840168.272691,0,0,3581,447.625
1764840168.2766945,1,1,2775,346.875
1764840168.2807,0,0,751,93.875
1764840168.284741,0,0,-2014,-251.750
1764840168.2887049,0,0,1127,140.875
1764840168.2926993,0,0,3064,383.000
1764840168.2966897,1,1,2595,324.375
1764840168.3007002,0,0,866,108.250
1764840168.3047082,0,0,-1998,-249.750
1764840168.3087068,0,0,1171,146.375
1764840168.312708,0,0,3104,388.000
1764840168.3167112,1,1,2590,323.750
1764840168.3207142,0,0,912,114.000
1764840168.324712,0,0,-2001,-250.125
1764840168.3287084,0,0,1247,155.875
1764840168.3327065,0,0,3259,407.375
1764840168.3367047,1,1,2680,335.000
1764840168.3407092,0,0,971,121.375
1764840168.344712,0,0,-2059,-257.375
1764840168.3487082,0,0,902,112.750
1764840168.3527102,0,0,3068,383.500
1764840168.3567042,1,1,2633,329.125
1764840168.3607073,0,0,1064,133.000
1764840168.3647068,0,0,-2091,-261.375
1764840168.3687072,0,0,679,84.875
1764840168.3727074,0,0,2896,362.000
1764840168.3767028,1,1,2553,319.125
1764840168.380708,0,0,1128,141.000
1764840168.3901029,0,0,3182,397.750
1764840168.3928342,0,0,3182,397.750
1764840168.3967118,1,1,2673,334.125
1764840168.4007108,0,0,1175,146.875
1764840168.4046922,0,0,-1993,-249.125
1764840168.4086926,0,0,57,7.125
1764840168.4127107,0,0,2393,299.125
1764840168.4167056,1,1,2328,291.000
1764840168.4207077,0,0,1217,152.125
1764840168.4246888,0,0,-1894,-236.750
1764840168.4286935,0,0,1292,161.500
1764840168.4327116,0,0,3592,449.000
1764840168.4367094,1,1,2896,362.000
1764840168.4407074,0,0,1299,162.375
1764840168.444706,0,0,-2058,-257.250
1764840168.4487062,0,0,598,74.750
1764840168.4527056,0,0,3071,383.875
1764840168.4567056,1,1,2691,336.375
1764840168.4607093,0,0,1341,167.625
1764840168.4647074,0,0,-2007,-250.875
1764840168.4687028,0,0,593,74.125
1764840168.4727101,0,0,3089,386.125
1764840168.4767175,1,1,2694,336.750
1764840168.4807146,0,0,1352,169.000
1764840168.48469,0,0,-2001,-250.125
1764840168.4887245,0,0,501,62.625
1764840168.4927032,0,0,3144,393.000
1764840168.496706,1,1,2780,347.500
1764840168.5007107,0,0,1427,178.375
1764840168.504692,0,0,-1961,-245.125
1764840168.508687,0,0,348,43.500
1764840168.5127082,0,0,3049,381.125
1764840168.5167062,1,1,2747,343.375
1764840168.5207114,0,0,1455,181.875
1764840168.5247068,0,0,-1893,-236.625
1764840168.5287025,0,0,475,59.375
1764840168.5327053,0,0,3201,400.125
1764840168.536706,1,1,2823,352.875
1764840168.5407085,0,0,1468,183.500
1764840168.5447044,0,0,-1861,-232.625
1764840168.5487032,0,0,546,68.250
1764840168.5526962,0,0,2945,368.125
1764840168.5566888,1,1,1508,188.500
1764840168.5606935,0,0,-1812,-226.500
1764840168.5647068,0,0,126,15.750
1764840168.568704,0,0,3047,380.875
1764840168.5727036,0,0,2821,352.625
1764840168.5767078,1,1,1521,190.125
1764840168.5807104,0,0,-1774,-221.750
1764840168.5847065,0,0,185,23.125
1764840168.588946,0,0,3201,400.125
1764840168.5927162,0,0,2937,367.125
1764840168.5966876,1,1,1564,195.500
1764840168.6006975,0,0,-1721,-215.125
1764840168.6047056,0,0,295,36.875
1764840168.6087046,0,0,3385,423.125
1764840168.6126912,0,0,3053,381.625
1764840168.6166842,1,1,1588,198.500
1764840168.6206987,0,0,-1671,-208.875
1764840168.624705,0,0,46,5.750
1764840168.628706,0,0,3165,395.625
1764840168.6327074,0,0,2954,369.250
1764840168.6366975,1,1,1569,196.125
1764840168.6407034,0,0,-1604,-200.500
1764840168.6447036,0,0,34,4.250
1764840168.6487017,0,0,3309,413.625
1764840168.652698,0,0,3104,388.000
1764840168.6567004,1,1,1633,204.125
1764840168.660705,0,0,-1466,-183.250
1764840168.6647046,0,0,-306,-38.250
1764840168.6686995,0,0,2962,370.250
1764840168.672704,0,0,2932,366.500
1764840168.6766999,1,1,1600,200.000
1764840168.680707,0,0,-1120,-140.000
1764840168.6849544,0,0,-715,-89.375
1764840168.6886902,0,0,2580,322.500
1764840168.6926866,0,0,2788,348.500
1764840168.6966827,1,1,1619,202.375
1764840168.7006948,0,0,-1272,-159.000
1764840168.7047298,0,0,-553,-69.125
1764840168.7087054,0,0,2840,355.000
1764840168.7126966,0,0,2971,371.375
1764840168.7166822,1,1,1666,208.250
1764840168.7206917,0,0,-871,-108.875
1764840168.7247036,0,0,-1127,-140.875
1764840168.7287023,0,0,2129,266.125
1764840168.7327037,0,0,2624,328.000
1764840168.7367065,1,1,1634,204.250
1764840168.7407026,0,0,-867,-108.375
1764840168.744705,0,0,-1078,-134.750
1764840168.7487042,0,0,2271,283.875
1764840168.7527075,0,0,2754,344.250
1764840168.7567022,1,1,1693,211.625
1764840168.7607036,0,0,-832,-104.000
1764840168.7646992,0,0,-1179,-147.375
1764840168.7687008,0,0,2115,264.375
1764840168.7727036,0,0,2680,335.000
1764840168.7767024,1,1,1678,209.750
1764840168.7807078,0,0,-859,-107.375
1764840168.7847059,0,0,-1121,-140.125
1764840168.7889192,0,0,2311,288.875
1764840168.792755,0,0,2869,358.625
1764840168.7966878,1,1,1761,220.125
1764840168.8006964,0,0,-729,-91.125
1764840168.8047042,0,0,-1261,-157.625
1764840168.8087013,0,0,2090,261.250
1764840168.8126938,0,0,2786,348.250
1764840168.816687,1,1,1762,220.250
1764840168.8206956,0,0,-852,-106.500
1764840168.8247054,0,0,-959,-119.875
1764840168.828699,0,0,2833,354.125
1764840168.8327045,0,0,3368,421.000
1764840168.8367016,1,1,1985,248.125
1764840168.8407066,0,0,-459,-57.375
1764840168.8447037,0,0,-1500,-187.500
1764840168.8486981,0,0,841,105.125
1764840168.852699,0,0,2202,275.250
1764840168.8567007,1,1,1767,220.875
1764840168.8607056,0,0,-452,-56.500
1764840168.864705,0,0,-1447,-180.875
1764840168.8686988,0,0,1609,201.125
1764840168.8727002,0,0,2702,337.750
1764840168.8766987,1,1,1896,237.000
1764840168.880709,0,0,-523,-65.375
1764840168.884968,0,0,-1221,-152.625
1764840168.8887017,0,0,2568,321.000
1764840168.8926995,0,0,3396,424.500
1764840168.8966825,1,1,2115,264.375
1764840168.900685,0,0,-470,-58.750
1764840168.9046857,0,0,-1269,-158.625
1764840168.9086845,0,0,2641,330.125
1764840168.9126816,0,0,3567,445.875
1764840168.916681,1,1,2214,276.750
1764840168.9206948,0,0,-387,-48.375
1764840168.9247031,0,0,-1263,-157.875
1764840168.9287016,0,0,2742,342.750
1764840168.9326878,0,0,3677,459.625
1764840168.9366817,1,1,2243,280.375
1764840168.940691,0,0,-339,-42.375
1764840168.9447033,0,0,-1411,-176.375
1764840168.9487035,0,0,2284,285.500
1764840168.952701,0,0,3388,423.500
1764840168.9566967,1,1,2140,267.500
1764840168.9606984,0,0,-271,-33.875
1764840168.9647007,0,0,-1371,-171.375
1764840168.9686987,0,0,2358,294.750
1764840168.9726865,0,0,3567,445.875
1764840168.9766784,1,1,2255,281.875
1764840168.9807012,0,0,-175,-21.875
1764840168.9847,0,0,-1477,-184.625
1764840168.9888988,0,0,1890,236.250
1764840168.9927258,0,0,3229,403.625
1764840168.9966846,1,1,2117,264.625
1764840169.0006893,0,0,-120,-15.000
1764840169.0046978,0,0,-1472,-184.000
1764840169.0086997,0,0,1783,222.875
1764840169.012688,0,0,3252,406.500
1764840169.0166793,1,1,2172,271.500
1764840169.020688,0,0,-6,-0.750
1764840169.024698,0,0,-1550,-193.750
1764840169.0286992,0,0,1763,220.375
1764840169.0327008,0,0,3303,412.875
1764840169.0366976,1,1,2215,276.875
1764840169.040701,0,0,82,10.250
1764840169.0446944,0,0,-1587,-198.375
1764840169.0486953,0,0,1545,193.125
1764840169.052686,0,0,3189,398.625
1764840169.0566807,1,1,2191,273.875
1764840169.0606961,0,0,171,21.375
1764840169.0646942,0,0,-1641,-205.125
1764840169.0686946,0,0,1288,161.000
1764840169.0727005,0,0,3035,379.375
1764840169.076696,1,1,2149,268.625
1764840169.0807269,0,0,239,29.875
1764840169.084955,0,0,-1591,-198.875
1764840169.0886972,0,0,941,117.625
1764840169.0926862,0,0,2873,359.125
1764840169.096694,1,1,2151,268.875
1764840169.100688,0,0,372,46.500
1764840169.1046944,0,0,-1644,-205.500
1764840169.1086934,0,0,900,112.500
1764840169.1126888,0,0,2920,365.000
1764840169.1166792,1,1,2216,277.000
1764840169.1206877,0,0,495,61.875
1764840169.1246996,0,0,-1741,-217.625
1764840169.1286957,0,0,1165,145.625
1764840169.1326973,0,0,3232,404.000
1764840169.1366978,1,1,2386,298.250
1764840169.1406999,0,0,609,76.125
1764840169.144701,0,0,-1850,-231.250
1764840169.1486945,0,0,1095,136.875
1764840169.1526985,0,0,3199,399.875
1764840169.1566973,1,1,2376,297.000
1764840169.160701,0,0,674,84.250
1764840169.1646955,0,0,-1931,-241.375
1764840169.168695,0,0,1119,139.875
1764840169.1726935,0,0,3289,411.125
1764840169.1766949,1,1,2438,304.750
1764840169.1806993,0,0,724,90.500
1764840169.1846995,0,0,-1753,-219.125
1764840169.1889017,0,0,2641,330.125
1764840169.1927063,0,0,2641,330.125
1764840169.1966963,1,1,2179,272.375
1764840169.2006888,0,0,788,98.500
1764840169.2047014,0,0,952,119.000
1764840169.2086978,0,0,3301,412.625
1764840169.2126858,0,0,2521,315.125
1764840169.216678,1,1,883,110.375
1764840169.2206907,0,0,-1955,-244.375
1764840169.2246995,0,0,836,104.500
1764840169.228698,0,0,3264,408.000
1764840169.2326975,0,0,2527,315.875
1764840169.236696,1,1,926,115.750
1764840169.240698,0,0,-1899,-237.375
1764840169.245078,0,0,696,87.000
1764840169.2488372,0,0,3247,405.875
1764840169.2527163,0,0,2573,321.625
1764840169.2566962,1,1,990,123.750
1764840169.2606971,0,0,-1845,-230.625
1764840169.2646844,0,0,734,91.750
1764840169.2686808,0,0,3397,424.625
1764840169.2726808,0,0,2695,336.875
1764840169.2766762,1,1,1058,132.250
1764840169.280685,0,0,-1703,-212.875
1764840169.2846973,0,0,308,38.500
1764840169.2886958,0,0,3058,382.250
1764840169.2926967,0,0,2571,321.375
1764840169.2966933,1,1,1097,137.125
1764840169.3006961,0,0,-1809,-226.125
1764840169.3046784,0,0,477,59.625
1764840169.3086772,0,0,3287,410.875
1764840169.312697,0,0,2710,338.750
1764840169.3167021,1,1,1144,143.000
1764840169.3207023,0,0,-1779,-222.375
1764840169.3246775,0,0,418,52.250
1764840169.3286772,0,0,3312,414.000
1764840169.3326933,0,0,2760,345.000
1764840169.336694,1,1,1179,147.375
1764840169.3406975,0,0,-1665,-208.125
1764840169.344678,0,0,201,25.125
1764840169.348677,0,0,3165,395.625
1764840169.3527002,0,0,2720,340.000
1764840169.3566961,1,1,1202,150.250
1764840169.360697,0,0,-1514,-189.250
1764840169.3646932,0,0,-131,-16.375
1764840169.3686929,0,0,2900,362.500
1764840169.3726935,0,0,2634,329.250
1764840169.3766923,1,1,1233,154.125
1764840169.3806963,0,0,-1444,-180.500
1764840169.3846958,0,0,-93,-11.625
1764840169.3940456,1,1,2812,351.500
1764840169.3968148,1,1,1324,165.500
1764840169.400709,0,0,-1415,-176.875
1764840169.4046774,0,0,-315,-39.375
1764840169.408676,0,0,2805,350.625
1764840169.4126945,0,0,2649,331.125
1764840169.4166934,1,1,1284,160.500
1764840169.420696,0,0,-1259,-157.375
1764840169.4246767,0,0,-379,-47.375
1764840169.4286761,0,0,2942,367.750
1764840169.4326968,0,0,2852,356.500
1764840169.436693,1,1,1409,176.125
1764840169.440698,0,0,-1218,-152.250
1764840169.444678,0,0,-420,-52.500
1764840169.4486732,0,0,2991,373.875
1764840169.4526925,0,0,2937,367.125
1764840169.456693,1,1,1464,183.000
1764840169.4606986,0,0,-1184,-148.000
1764840169.4646971,0,0,-547,-68.375
1764840169.4686892,0,0,2851,356.375
1764840169.4726932,0,0,2874,359.250
1764840169.4766934,1,1,1452,181.500
1764840169.480696,0,0,-1176,-147.000
1764840169.4846926,0,0,-497,-62.125
1764840169.4886906,0,0,3042,380.250
1764840169.4926903,0,0,3058,382.250
1764840169.4966993,1,1,1527,190.875
1764840169.5007029,0,0,-1290,-161.250
1764840169.5046809,0,0,-436,-54.500
1764840169.5086768,0,0,3142,392.750
1764840169.5126898,0,0,3130,391.250
1764840169.51669,1,1,1536,192.000
1764840169.5206969,0,0,-808,-101.000
1764840169.5246775,0,0,-1109,-138.625
1764840169.5286756,0,0,2270,283.750
1764840169.5326934,0,0,2719,339.875
1764840169.5366914,1,1,1524,190.500
1764840169.5406964,0,0,-681,-85.125
1764840169.5446956,0,0,-1476,-184.500
1764840169.5486944,0,0,1036,129.500
1764840169.5526834,0,0,2126,265.750
1764840169.5566754,1,1,1525,190.625
1764840169.5606816,0,0,-941,-117.625
1764840169.5646975,0,0,-1023,-127.875
1764840169.5686927,0,0,2526,315.750
1764840169.5726933,0,0,2987,373.375
1764840169.57669,1,1,1689,211.125
1764840169.5806956,0,0,-743,-92.875
1764840169.5846958,0,0,-1147,-143.375
1764840169.5886924,0,0,2429,303.625
1764840169.5929008,0,0,3023,377.875
1764840169.596707,1,1,1744,218.000
1764840169.600734,0,0,-695,-86.875
1764840169.604676,0,0,-1228,-153.500
1764840169.6086764,0,0,2292,286.500
1764840169.6126947,0,0,2984,373.000
1764840169.6166902,1,1,1750,218.750
1764840169.6206927,0,0,-633,-79.125
1764840169.624676,0,0,-1265,-158.125
1764840169.6286771,0,0,2239,279.875
1764840169.6326923,0,0,3019,377.375
1764840169.636691,1,1,1790,223.750
1764840169.640692,0,0,-584,-73.000
1764840169.644689,0,0,-1213,-151.625
1764840169.6486902,0,0,2494,311.750
1764840169.6526897,0,0,3311,413.875
1764840169.65669,1,1,1935,241.875
1764840169.6606941,0,0,-572,-71.500
1764840169.66469,0,0,-1281,-160.125
1764840169.6686873,0,0,2374,296.750
1764840169.672694,0,0,3236,404.500
1764840169.6766906,1,1,1896,237.000
1764840169.680693,0,0,-474,-59.250
1764840169.6846879,0,0,-1325,-165.625
1764840169.6886857,0,0,2093,261.625
1764840169.6926873,0,0,3164,395.500
1764840169.6966875,1,1,1937,242.125
1764840169.7007258,0,0,-447,-55.875
1764840169.7047424,0,0,-1317,-164.625
1764840169.7089465,0,0,2396,299.500
1764840169.7126744,0,0,3424,428.000
1764840169.7166739,1,1,2031,253.875
1764840169.7206802,0,0,-357,-44.625
1764840169.7246861,0,0,-1420,-177.500
1764840169.728686,0,0,1710,213.750
1764840169.7326753,0,0,2975,371.875
1764840169.7366743,1,1,1896,237.000
1764840169.7406852,0,0,-300,-37.500
1764840169.7446928,0,0,-1421,-177.625
1764840169.748687,0,0,1789,223.625
1764840169.7526922,0,0,3134,391.750
1764840169.7566886,1,1,2000,250.000
1764840169.7606933,0,0,-207,-25.875
1764840169.7646918,0,0,-1452,-181.500
1764840169.7686865,0,0,1519,189.875
1764840169.7726781,0,0,3010,376.250
1764840169.7766736,1,1,1996,249.500
1764840169.7806954,0,0,-113,-14.125
1764840169.7846925,0,0,-1467,-183.375
1764840169.7886882,0,0,1419,177.375
1764840169.7929094,0,0,3002,375.250
1764840169.7967026,1,0,2027,253.375
1764840169.8007305,0,0,17,2.125
1764840169.804679,0,0,-1599,-199.875
1764840169.8086739,0,0,1836,229.500
1764840169.8126905,0,0,3395,424.375
1764840169.8166878,1,1,2200,275.000
1764840169.8206933,0,0,93,11.625
1764840169.8246794,0,0,-1590,-198.750
1764840169.8286746,0,0,1432,179.000
1764840169.8326914,0,0,3162,395.250
1764840169.8366861,0,0,2148,268.500
1764840169.8406932,0,0,210,26.250
1764840169.8446922,0,0,-1741,-217.625
1764840169.8486867,0,0,1865,233.125
1764840169.8526843,0,0,3593,449.125
1764840169.8566854,1,1,2349,293.625
1764840169.8606982,0,0,-1645,-205.625
1764840169.8646913,0,0,1190,148.750
1764840169.868688,0,0,3120,390.000
1764840169.8726916,0,0,2191,273.875
1764840169.8766983,1,0,382,47.750
1764840169.8806896,0,0,-1806,-225.750
1764840169.8846905,0,0,1447,180.875
1764840169.888688,0,0,3392,424.000
1764840169.892701,0,0,2325,290.625
1764840169.8966856,0,0,468,58.500
1764840169.9007175,0,0,-1926,-240.750
1764840169.9046757,0,0,1339,167.375
1764840169.9086738,0,0,3334,416.750
1764840169.9126878,0,0,2301,287.625
1764840169.9167016,0,0,482,60.250
1764840169.920691,0,0,-1765,-220.625
1764840169.9246733,0,0,1199,149.875
1764840169.9286711,0,0,3362,420.250
1764840169.9326746,0,0,2383,297.875
1764840169.9366717,0,0,578,72.250
1764840169.9406807,0,0,-1719,-214.875
1764840169.9446874,0,0,758,94.750
1764840169.9487011,0,0,3057,382.125
1764840169.9526792,0,0,2296,287.000
1764840169.9566689,0,0,664,83.000
1764840169.9606729,0,0,-1810,-226.250
1764840169.964698,0,0,839,104.875
1764840169.9686859,0,0,3190,398.750
1764840169.972686,0,0,2382,297.750
1764840169.9766855,0,0,726,90.750
1764840169.9806886,0,0,-1779,-222.375
1764840169.984685,0,0,910,113.750
1764840169.988682,0,0,3414,426.750
1764840169.9929035,0,0,2565,320.625
1764840169.9967027,1,1,835,104.375
1764840170.0006895,0,0,-1674,-209.250
1764840170.0046809,0,0,353,44.125
1764840170.0086675,0,0,2956,369.500
1764840170.0126781,0,0,2393,299.125
1764840170.016667,0,0,891,111.375
1764840170.02069,0,0,-1750,-218.750
1764840170.0246656,0,0,524,65.500
1764840170.0286684,0,0,3203,400.375
1764840170.032686,0,0,2553,319.125
1764840170.0366879,0,0,958,119.750
1764840170.0406902,0,0,-1629,-203.625
1764840170.0446846,0,0,299,37.375
1764840170.0486815,0,0,3123,390.375
1764840170.052672,0,0,2594,324.250
1764840170.0566657,1,0,1043,130.375
1764840170.060687,0,0,-1620,-202.500
1764840170.064686,0,0,259,32.375
1764840170.0686817,0,0,3163,395.375
1764840170.0726876,0,0,2658,332.250
1764840170.0766864,1,1,1104,138.000
1764840170.0806875,0,0,-1494,-186.750
1764840170.084684,0,0,-75,-9.375
1764840170.0886822,0,0,2887,360.875
1764840170.0926836,0,0,2566,320.750
1764840170.0966806,1,0,1147,143.375
1764840170.100687,0,0,-1448,-181.000
1764840170.1046999,0,0,-189,-23.625
1764840170.1086874,0,0,2866,358.250
1764840170.112716,0,0,2620,327.500
1764840170.1166928,0,0,1219,152.375
1764840170.1206872,0,0,-1491,-186.375
1764840170.1246681,0,0,-48,-6.000
1764840170.128669,0,0,3065,383.125
1764840170.1326838,0,0,2752,344.000
1764840170.1366832,0,1,1263,157.875
1764840170.1406875,0,0,-1415,-176.875
1764840170.1446729,0,0,-196,-24.500
1764840170.1486669,0,0,2981,372.625
1764840170.1526823,0,0,2752,344.000
1764840170.1566799,0,0,1297,162.125
1764840170.1606863,0,0,-1237,-154.625
1764840170.1646852,0,0,-540,-67.500
1764840170.1686823,0,0,2654,331.750
1764840170.1726825,0,0,2627,328.375
1764840170.1766798,0,0,1314,164.250
1764840170.1806843,0,0,-1178,-147.250
1764840170.1846817,0,0,-563,-70.375
1764840170.1886823,0,0,2725,340.625
1764840170.1929014,1,1,2733,341.625
1764840170.1967006,0,0,1385,173.125
1764840170.2006848,0,0,-1322,-165.250
1764840170.2047014,0,0,-215,-26.875
1764840170.208666,0,0,3276,409.500
1764840170.212683,0,0,3113,389.125
1764840170.216682,0,0,1514,189.250
1764840170.220685,0,0,-825,-103.125
1764840170.2246668,0,0,-1404,-175.500
1764840170.2286682,0,0,1376,172.000
1764840170.2326841,0,0,2187,273.375
1764840170.2367067,0,0,1467,183.375
1764840170.240688,0,0,-1250,-156.250
1764840170.2450624,0,0,-433,-54.125
1764840170.2488248,0,0,3191,398.875
1764840170.2527318,0,0,3233,404.125
1764840170.2566853,0,0,1680,210.000
1764840170.260778,0,0,-849,-106.125
1764840170.264917,0,0,-937,-117.125
1764840170.2686715,0,0,2613,326.625
1764840170.2726672,0,0,2969,371.125
1764840170.2766805,0,0,1657,207.125
1764840170.2806737,0,0,-896,-112.000
1764840170.2846825,0,0,-857,-107.125
1764840170.2886815,0,0,2788,348.500
1764840170.2926826,0,0,3112,389.000
1764840170.2966676,0,0,1703,212.875
1764840170.3006783,0,0,-771,-96.375
1764840170.3046958,0,0,-1140,-142.500
1764840170.3086872,0,0,2327,290.875
1764840170.3126838,0,0,2868,358.500
1764840170.3166814,0,0,1655,206.875
1764840170.3206854,0,0,-727,-90.875
1764840170.324664,0,0,-1329,-166.125
1764840170.328662,0,0,1844,230.500
1764840170.3326821,0,0,2556,319.500
1764840170.3366828,0,0,1563,195.375
1764840170.340682,0,0,-709,-88.625
1764840170.3446827,0,0,-1199,-149.875
1764840170.348681,0,0,2327,290.875
1764840170.3526824,0,0,2995,374.375
1764840170.3566785,0,0,1757,219.625
1764840170.3606825,0,0,-610,-76.250
1764840170.3646832,0,0,-1221,-152.625
1764840170.3686793,0,0,2301,287.625
1764840170.372683,0,1,3124,390.500
1764840170.3766813,0,0,1878,234.750
1764840170.3806841,0,0,-650,-81.250
1764840170.3846824,0,0,-1138,-142.250
1764840170.3886802,0,0,2736,342.000
1764840170.398058,0,0,-613,-76.625
1764840170.4007986,0,0,-613,-76.625
1764840170.40471,0,0,-1133,-141.625
1764840170.4086676,0,0,2838,354.750
1764840170.4126816,1,1,3559,444.875
1764840170.4166794,0,0,2011,251.375
1764840170.4206839,0,0,-407,-50.875
1764840170.4246688,0,0,-1410,-176.250
1764840170.4286673,0,0,1541,192.625
1764840170.4326816,1,1,2734,341.750
1764840170.4366777,0,0,1785,223.125
1764840170.4406812,0,0,-386,-48.250
1764840170.4446812,0,0,-1450,-181.250
1764840170.4486804,0,0,1543,192.875
1764840170.4526846,1,1,2746,343.250
1764840170.4566789,0,0,1793,224.125
1764840170.4606802,0,0,-316,-39.500
1764840170.464669,0,0,-1435,-179.375
1764840170.4686668,0,0,1505,188.125
1764840170.472682,1,1,2860,357.500
1764840170.4766788,0,0,1916,239.500
1764840170.4806814,0,0,-253,-31.625
1764840170.4846861,0,0,-1413,-176.625
1764840170.4886832,0,0,1846,230.750
1764840170.4926867,1,1,3200,400.000
1764840170.496679,0,0,2077,259.625
1764840170.50068,0,0,-178,-22.250
1764840170.5046787,0,0,-1460,-182.500
1764840170.5086954,0,0,1419,177.375
1764840170.512713,1,1,2007,250.875
1764840170.5166893,0,0,-58,-7.250
1764840170.5206807,0,0,-1562,-195.250
1764840170.5246625,0,0,1521,190.125
1764840170.528664,0,0,3047,380.875
1764840170.5326772,1,1,2059,257.375
1764840170.536679,0,0,26,3.250
1764840170.5406828,0,0,-1581,-197.625
1764840170.5446653,0,0,1458,182.250
1764840170.5486634,0,0,3090,386.250
1764840170.552679,1,1,2117,264.625
1764840170.55668,0,0,131,16.375
1764840170.5606759,0,0,-1601,-200.125
1764840170.5646753,0,0,1337,167.125
1764840170.5686767,0,0,3095,386.875
1764840170.5726852,1,1,2169,271.125
1764840170.5766792,0,0,241,30.125
1764840170.5806792,0,0,-1626,-203.250
1764840170.5846772,0,0,688,86.000
1764840170.5886781,0,0,2563,320.375
1764840170.5926814,1,1,1955,244.375
1764840170.5968912,0,0,365,45.625
1764840170.600698,0,0,-1929,-241.125
1764840170.6046648,0,0,1615,201.875
1764840170.6086748,0,0,3413,426.625
1764840170.6126812,1,1,2334,291.750
1764840170.6166797,0,0,401,50.125
1764840170.6206827,0,0,-1659,-207.375
1764840170.624662,0,0,1076,134.500
1764840170.6286602,0,0,3140,392.500
1764840170.6326787,1,1,2310,288.750
1764840170.6366813,0,0,552,69.000
1764840170.6406848,0,0,-1802,-225.250
1764840170.6446826,0,0,1119,139.875
1764840170.6486769,0,0,3210,401.250
1764840170.6526825,1,1,2349,293.625
1764840170.6566753,0,0,614,76.750
1764840170.6606796,0,0,-1769,-221.125
1764840170.664681,0,0,605,75.625
1764840170.6686893,0,0,2837,354.625
1764840170.6726723,1,1,2228,278.500
1764840170.6766605,0,0,696,87.000
1764840170.6806643,0,0,-1716,-214.500
1764840170.6846788,0,0,396,49.500
1764840170.6886775,0,0,2724,340.500
1764840170.692668,1,1,2224,278.000
1764840170.6966572,0,0,797,99.625
1764840170.700668,0,0,-1801,-225.125
1764840170.7046804,0,0,267,33.375
1764840170.7086937,0,0,2609,326.125
1764840170.712676,1,1,2171,271.375
1764840170.7166727,0,0,831,103.875
1764840170.7206805,0,0,-1742,-217.750
1764840170.7246697,0,0,390,48.750
1764840170.72866,0,0,2900,362.500
1764840170.7326715,1,1,2404,300.500
1764840170.736678,0,0,969,121.125
1764840170.740681,0,0,-1775,-221.875
1764840170.7446814,0,0,366,45.750
1764840170.7486765,0,0,2929,366.125
1764840170.7526767,1,1,2440,305.000
1764840170.7566743,0,0,1023,127.875
1764840170.7606754,0,0,-1760,-220.000
1764840170.7646754,0,0,315,39.375
1764840170.7686753,0,0,2972,371.500
1764840170.7726822,1,1,2507,313.375
1764840170.7766716,0,0,1093,136.625
1764840170.780672,0,0,-1634,-204.250
1764840170.784676,0,0,-7,-0.875
1764840170.7886755,0,0,2739,342.375
1764840170.792679,1,1,2448,306.000
1764840170.7968876,0,0,1161,145.125
1764840170.8006923,0,0,-1903,-237.875
1764840170.80466,0,0,377,47.125
1764840170.80866,0,0,3134,391.750
1764840170.8126767,1,1,2639,329.875
1764840170.816672,0,0,1183,147.875
1764840170.8206754,0,0,-1623,-202.875
1764840170.8246584,0,0,-11,-1.375
1764840170.828659,0,0,2897,362.125
1764840170.8326776,1,1,2605,325.625
1764840170.8366804,0,0,1252,156.500
1764840170.8406794,0,0,-1544,-193.000
1764840170.8446772,0,0,49,6.125
1764840170.8486805,0,0,3116,389.500
1764840170.8526826,1,1,2801,350.125
1764840170.856677,0,0,1350,168.750
1764840170.8606775,0,0,-1417,-177.125
1764840170.8646767,0,0,-241,-30.125
1764840170.8686738,0,0,2895,361.875
1764840170.872678,1,1,2744,343.000
1764840170.8766732,0,0,1391,173.875
1764840170.8806741,0,0,-1187,-148.375
1764840170.884675,0,0,-792,-99.000
1764840170.8886716,0,0,2269,283.625
1764840170.8926785,1,1,2437,304.625
1764840170.8966765,0,0,1378,172.250
1764840170.900681,0,0,-1239,-154.875
1764840170.9046721,0,0,-520,-65.000
1764840170.9086742,0,0,2703,337.875
1764840170.912693,1,1,2739,342.375
1764840170.916676,0,0,1485,185.625
1764840170.920679,0,0,-1135,-141.875
1764840170.9246762,0,0,-621,-77.625
1764840170.9286726,0,0,2698,337.250
1764840170.9326777,1,1,2810,351.250
1764840170.9366739,0,0,1552,194.000
1764840170.940691,0,0,-1189,-148.625
1764840170.9446647,0,0,-562,-70.250
1764840170.9486568,0,0,2806,350.750
1764840170.9526744,1,1,2891,361.375
1764840170.9566758,0,0,1577,197.125
1764840170.960679,0,0,-1064,-133.000
1764840170.9646616,0,0,-767,-95.875
1764840170.9686568,0,0,2607,325.875
1764840170.9726605,1,1,2828,353.500
1764840170.9766583,0,0,1589,198.625
1764840170.9806628,0,0,-960,-120.000
1764840170.984674,0,0,-1021,-127.625
1764840170.9886732,0,0,2252,281.500
1764840170.992674,1,1,2632,329.000
1764840170.9967897,0,0,1550,193.750
1764840171.000692,0,0,-955,-119.375
1764840171.0046616,0,0,-943,-117.875
1764840171.0086582,0,0,2485,310.625
1764840171.0127068,1,1,2841,355.125
1764840171.016672,0,0,1648,206.000
1764840171.0206814,0,0,-652,-81.500
1764840171.0246613,0,0,-1500,-187.500
1764840171.0286548,0,0,957,119.625
1764840171.0326738,1,1,2103,262.875
1764840171.0366712,0,0,1633,204.125
1764840171.0406778,0,0,-899,-112.375
1764840171.0446765,0,0,-1080,-135.000
1764840171.0486724,0,0,2415,301.875
1764840171.0526612,1,1,2966,370.750
1764840171.056653,0,0,1813,226.625
1764840171.0606713,0,0,-728,-91.000
1764840171.0646718,0,0,-1170,-146.250
1764840171.0686736,0,0,2394,299.250
1764840171.0726697,1,1,3064,383.000
1764840171.076657,0,0,1894,236.750
1764840171.0806592,0,0,-556,-69.500
1764840171.0846756,0,0,-1345,-168.125
1764840171.0886736,0,0,1918,239.750
1764840171.0926647,1,1,2810,351.250
1764840171.0966525,0,0,1850,231.250
1764840171.100662,0,0,-499,-62.375
1764840171.104671,0,0,-1393,-174.125
1764840171.108673,0,0,1784,223.000
1764840171.112688,1,1,2770,346.250
1764840171.1166675,0,0,1860,232.500
1764840171.1206708,0,0,-468,-58.500
1764840171.1246684,0,0,-1478,-184.750
1764840171.128669,0,0,1361,170.125
1764840171.1326725,1,1,2518,314.750
1764840171.1366668,0,0,1804,225.500
1764840171.1406734,0,0,-478,-59.750
1764840171.14467,0,0,-1366,-170.750
1764840171.148668,0,0,2206,275.750
1764840171.1526704,1,1,3209,401.125
1764840171.1566715,0,0,2075,259.375
1764840171.1606724,0,0,-355,-44.375
1764840171.1646686,0,0,-1397,-174.625
1764840171.1686654,0,0,3113,389.125
1764840171.1726716,1,1,2082,260.250
1764840171.1766667,0,0,-274,-34.250
1764840171.1806686,0,0,-1459,-182.375
1764840171.1846673,0,0,1489,186.125
1764840171.188666,0,0,2852,356.500
1764840171.1926713,1,1,2028,253.500
1764840171.196879,0,0,-188,-23.500
1764840171.200693,0,0,-1584,-198.000
1764840171.2046595,0,0,1428,178.500
1764840171.2086544,0,0,2772,346.500
1764840171.212669,1,1,1967,245.875
1764840171.2167075,0,0,-146,-18.250
1764840171.2206771,0,0,-1480,-185.000
1764840171.2246568,0,0,1367,170.875
1764840171.2286525,0,0,2908,363.500
1764840171.2326732,1,1,2118,264.750
1764840171.2366707,0,0,-1,-0.125
1764840171.2406757,0,0,-1524,-190.500
1764840171.2450507,0,0,865,108.125
1764840171.2488132,0,0,2546,318.250
1764840171.2526915,1,1,1996,249.500
1764840171.256669,0,0,125,15.625
1764840171.2606764,0,0,-1689,-211.125
1764840171.2646625,0,0,1377,172.125
1764840171.2686534,0,0,2996,374.500
1764840171.2726533,1,1,2184,273.000
1764840171.276657,0,0,206,25.750
1764840171.2806623,0,0,-1656,-207.000
1764840171.2846687,0,0,983,122.875
1764840171.288666,0,0,2746,343.250
1764840171.2926714,1,1,2113,264.125
1764840171.2966673,0,0,308,38.500
1764840171.3006728,0,0,-1652,-206.500
1764840171.3048158,0,0,893,111.625
1764840171.3086615,0,0,2783,347.875
1764840171.3126562,1,1,2187,273.375
1764840171.316686,0,0,441,55.125
1764840171.3206553,0,0,-1725,-215.625
1764840171.3246555,0,0,966,120.750
1764840171.3286529,0,0,2915,364.375
1764840171.3326585,1,1,2277,284.625
1764840171.3366625,0,0,587,73.375
1764840171.3406594,0,0,-1976,-247.000
1764840171.3446572,0,0,1239,154.875
1764840171.348653,0,0,3186,398.250
1764840171.3526695,1,1,2395,299.375
1764840171.3566694,0,0,641,80.125
1764840171.3606718,0,0,-1878,-234.750
1764840171.3646538,0,0,1025,128.125
1764840171.3686519,0,0,3087,385.875
1764840171.3726766,1,1,2383,297.875
1764840171.3766663,0,0,715,89.375
1764840171.38067,0,0,-1762,-220.250
1764840171.3846724,0,0,882,110.250
1764840171.3886707,0,0,3115,389.375
1764840171.3926725,1,1,2473,309.125
1764840171.4020183,0,0,-2016,-252.000
1764840171.4047358,0,0,1194,149.250
1764840171.4086742,0,0,3380,422.500
1764840171.4127462,1,1,2563,320.375
1764840171.4166932,0,0,880,110.000
1764840171.4206674,0,0,-1833,-229.125
1764840171.4246674,0,0,679,84.875
1764840171.428668,0,0,3037,379.625
1764840171.4326603,1,1,2466,308.250
1764840171.436659,0,0,951,118.875
1764840171.4406602,0,0,-1795,-224.375
1764840171.4446695,0,0,608,76.000
1764840171.4486694,0,0,3102,387.750
1764840171.452672,1,1,2560,320.000
1764840171.4566674,0,0,1051,131.375
1764840171.460669,0,0,-1783,-222.875
1764840171.4647145,0,0,454,56.750
1764840171.4686744,0,0,3025,378.125
1764840171.4726622,1,1,2556,319.500
1764840171.4766543,0,0,1113,139.125
1764840171.4806538,0,0,-1791,-223.875
1764840171.4846535,0,0,391,48.875
1764840171.4886498,0,0,3006,375.750
1764840171.492654,1,1,2565,320.625
1764840171.496653,0,0,1159,144.875
1764840171.5006645,0,0,-1848,-231.000
1764840171.504668,0,0,549,68.625
1764840171.5086646,0,0,3273,409.125
1764840171.512671,1,1,2743,342.875
1764840171.5166795,0,0,1234,154.250
1764840171.5206733,0,0,-1611,-201.375
1764840171.5246658,0,0,-3,-0.375
1764840171.5286634,0,0,2811,351.375
1764840171.5326803,1,1,2566,320.750
1764840171.536666,0,0,1278,159.750
1764840171.540673,0,0,-1678,-209.750
1764840171.5446694,0,0,-23,-2.875
1764840171.5486774,0,0,2791,348.875
1764840171.5526571,1,1,2554,319.250
1764840171.5566506,0,0,1287,160.875
1764840171.5606582,0,0,-1312,-164.000
1764840171.5646796,0,0,-557,-69.625
1764840171.5686653,0,0,2411,301.375
1764840171.572669,1,1,2490,311.250
1764840171.5766659,0,0,1414,176.750
1764840171.5806847,0,0,-1466,-183.250
1764840171.5846715,0,0,-421,-52.625
1764840171.5886667,0,0,2516,314.500
1764840171.5926673,1,1,2519,314.875
1764840171.5966759,0,0,1413,176.625
1764840171.6008825,0,0,-1383,-172.875
1764840171.6046815,0,0,-466,-58.250
1764840171.608654,0,0,2577,322.125
1764840171.6126664,1,1,2616,327.000
1764840171.6166646,0,0,1486,185.750
1764840171.6207235,0,0,-1220,-152.500
1764840171.6246564,0,0,-774,-96.750
1764840171.6286526,0,0,2256,282.000
1764840171.6326702,1,1,2478,309.750
1764840171.6366677,0,0,1501,187.625
1764840171.6406717,0,0,-1213,-151.625
1764840171.6446717,0,0,-713,-89.125
1764840171.6486678,0,0,2431,303.875
1764840171.65267,1,1,2639,329.875
1764840171.656665,0,0,1580,197.500
1764840171.660672,0,0,-928,-116.000
1764840171.664671,0,0,-1074,-134.250
1764840171.6686668,0,0,2108,263.500
1764840171.672673,1,1,2569,321.125
1764840171.6766672,0,0,1661,207.625
1764840171.680666,0,0,-1047,-130.875
1764840171.684673,0,0,-855,-106.875
1764840171.6889405,0,0,2435,304.375
1764840171.6926627,1,1,2774,346.750
1764840171.6966472,0,0,1716,214.500
1764840171.7006593,0,0,-1082,-135.250
1764840171.7046676,0,0,-764,-95.500
1764840171.7086654,0,0,2653,331.625
1764840171.712658,1,1,2959,369.875
1764840171.7166471,0,0,1786,223.250
1764840171.7206893,0,0,-844,-105.500
1764840171.7246656,0,0,-1087,-135.875
1764840171.7286658,0,0,2259,282.375
1764840171.7326694,1,1,2779,347.375
1764840171.736667,0,0,1773,221.625
1764840171.7406666,0,0,-922,-115.250
1764840171.7446618,0,0,-1009,-126.125
1764840171.7486472,0,0,2408,301.000
1764840171.7526622,1,1,2894,361.750
1764840171.7566628,0,0,1806,225.750
1764840171.7606637,0,0,-846,-105.750
1764840171.7646623,0,0,-1029,-128.625
1764840171.768661,0,0,2495,311.875
1764840171.7726653,1,1,3021,377.625
1764840171.7766638,0,0,1870,233.750
1764840171.7806654,0,0,-712,-89.000
1764840171.784664,0,0,-1181,-147.625
1764840171.788659,0,0,2310,288.750
1764840171.7926662,1,1,2975,371.875
1764840171.7966623,0,0,1893,236.625
1764840171.8008788,0,0,-1327,-165.875
1764840171.8046603,0,0,-1327,-165.875
1764840171.8086464,0,0,1914,239.250
1764840171.8126645,1,1,2819,352.375
1764840171.8166645,0,0,1920,240.000
1764840171.8207026,0,0,-1517,-189.625
1764840171.8246496,0,0,768,96.000
1764840171.8286445,0,0,2192,274.000
1764840171.8326645,1,1,1849,231.125
1764840171.836679,0,0,-534,-66.750
1764840171.8406694,0,0,-1208,-151.000
1764840171.8446653,0,0,2482,310.250
1764840171.8486633,0,0,3289,411.125
1764840171.8526645,1,1,2125,265.625
1764840171.856651,0,0,-434,-54.250
1764840171.8606763,0,0,-1429,-178.625
1764840171.864665,0,0,1835,229.375
1764840171.8686612,0,0,2922,365.250
1764840171.872665,1,1,2034,254.250
1764840171.8766737,0,0,-421,-52.625
1764840171.880667,0,0,-1345,-168.125
1764840171.8846674,0,0,2434,304.250
1764840171.8886595,0,0,3425,428.125
1764840171.8926759,1,1,2227,278.375
1764840171.8966615,0,0,-259,-32.375
1764840171.9006672,0,0,-1434,-179.250
1764840171.9046657,0,0,1690,211.250
1764840171.9086733,0,0,2983,372.875
1764840171.912666,1,1,2117,264.625
1764840171.9166641,0,0,-193,-24.125
1764840171.9206636,0,0,-1485,-185.625
1764840171.9247048,0,0,1450,181.250
1764840171.928665,0,0,2870,358.750
1764840171.932665,1,1,2107,263.375
1764840171.9366603,0,0,-119,-14.875
1764840171.9406774,0,0,-1529,-191.125
1764840171.9446657,0,0,1782,222.750
1764840171.9486635,0,0,3149,393.625
1764840171.9526646,1,1,2209,276.125
1764840171.9566698,0,0,-41,-5.125
1764840171.9606621,0,0,-1526,-190.750
1764840171.9646623,0,0,1654,206.750
1764840171.9686632,0,0,3147,393.375
1764840171.9726791,1,1,2248,281.000
1764840171.9766603,0,0,56,7.000
1764840171.9806647,0,0,-1564,-195.500
1764840171.984938,0,0,1175,146.875
1764840171.988671,0,0,2814,351.750
1764840171.992657,1,1,2135,266.875
1764840171.996644,0,0,152,19.000
1764840172.000735,0,0,-1594,-199.250
1764840172.004676,0,0,1221,152.625
1764840172.0086462,0,0,2940,367.500
1764840172.0126457,1,1,2226,278.250
1764840172.0166426,0,0,249,31.125
1764840172.0206487,0,0,-1525,-190.625
1764840172.0246763,0,0,725,90.625
1764840172.0286477,0,0,2666,333.250
1764840172.0326636,1,1,2195,274.375
1764840172.0366626,0,0,435,54.375
1764840172.0406647,0,0,-1668,-208.500
1764840172.044661,0,0,719,89.875
1764840172.0486624,0,0,2683,335.375
1764840172.052651,1,1,2211,276.375
1764840172.0566428,0,0,537,67.125
1764840172.0606503,0,0,-1687,-210.875
1764840172.0646586,0,0,720,90.000
1764840172.0686572,0,0,2784,348.000
1764840172.0726628,1,1,2307,288.375
1764840172.0766587,0,0,689,86.125
1764840172.0806599,0,0,-1931,-241.375
1764840172.0846958,0,0,1009,126.125
1764840172.0886648,0,0,3047,380.875
1764840172.0926557,1,1,2412,301.500
1764840172.0966437,0,0,758,94.750
1764840172.100651,0,0,-1967,-245.875
1764840172.1046572,0,0,1017,127.125
1764840172.1086583,0,0,3119,389.875
1764840172.1126513,1,1,2463,307.875
1764840172.1166434,0,0,829,103.625
1764840172.1206524,0,0,-1823,-227.875
1764840172.1246552,0,0,542,67.750
1764840172.1286554,0,0,2801,350.125
1764840172.132661,1,1,2371,296.375
1764840172.136658,0,0,922,115.250
1764840172.1406603,0,0,-1819,-227.375
1764840172.1446579,0,0,96,12.000
1764840172.1486552,0,0,2387,298.375
1764840172.1526604,1,1,2180,272.500
1764840172.1566575,0,0,980,122.500
1764840172.1606624,0,0,-1936,-242.000
1764840172.164659,0,0,305,38.125
1764840172.1686566,0,0,2664,333.000
1764840172.1726596,1,1,2349,293.625
1764840172.1766577,0,0,1063,132.875
1764840172.180663,0,0,-1868,-233.500
1764840172.1846595,0,0,406,50.750
1764840172.1886563,0,0,2895,361.875
1764840172.1926558,1,1,2522,315.250
1764840172.1966572,0,0,1171,146.375
1764840172.2008789,0,0,-1847,-230.875
1764840172.2046535,0,0,383,47.875
1764840172.2086442,0,0,2975,371.875
1764840172.2126582,1,1,2608,326.000
1764840172.216657,0,0,1252,156.500
1764840172.220657,0,0,-1646,-205.750
1764840172.2246473,0,0,-163,-20.375
1764840172.2286806,0,0,2502,312.750
1764840172.2326612,1,1,2417,302.125
1764840172.236657,0,0,1302,162.750
1764840172.24067,0,0,-1728,-216.000
1764840172.2450423,0,0,-41,-5.125
1764840172.248798,0,0,2698,337.250
1764840172.2526758,1,1,2549,318.625
1764840172.2566571,0,0,1377,172.125
1764840172.2606585,0,0,-1676,-209.500
1764840172.2646472,0,0,-73,-9.125
1764840172.2686439,0,0,2754,344.250
1764840172.2726455,1,1,2625,328.125
1764840172.276642,0,0,1440,180.000
1764840172.2806485,0,0,-1599,-199.875
1764840172.284658,0,0,-478,-59.750
1764840172.28866,0,0,2284,285.500
1764840172.2926626,1,1,2365,295.625
1764840172.2966585,0,0,1407,175.875
1764840172.3006601,0,0,-1426,-178.250
1764840172.3046486,0,0,-483,-60.375
1764840172.3086438,0,0,2469,308.625
1764840172.312659,1,1,2573,321.625
1764840172.3166578,0,0,1546,193.250
1764840172.3206608,0,0,-1329,-166.125
1764840172.3246598,0,0,-711,-88.875
1764840172.3286986,0,0,2243,280.375
1764840172.3326643,1,1,2482,310.250
1764840172.3366601,0,0,1573,196.625
1764840172.3406615,0,0,-1544,-193.000
1764840172.3446603,0,0,-356,-44.500
1764840172.3486602,0,0,2725,340.625
1764840172.352663,1,1,2780,347.500
1764840172.3566582,0,0,1655,206.875
1764840172.3606582,0,0,-1240,-155.000
1764840172.3646557,0,0,-679,-84.875
1764840172.3686805,0,0,2461,307.625
1764840172.372655,1,1,2704,338.000
1764840172.3766415,0,0,1691,211.375
1764840172.3806474,0,0,-1380,-172.500
1764840172.3846557,0,0,-545,-68.125
1764840172.3886561,0,0,2663,332.875
1764840172.3926487,1,1,2837,354.625
1764840172.3966389,0,0,1728,216.000
1764840172.4060473,0,0,2315,289.375
1764840172.408717,0,0,2315,289.375
1764840172.41266,1,1,2709,338.625
1764840172.416641,0,0,1753,219.125
1764840172.4206488,0,0,-1180,-147.500
1764840172.4246533,0,0,-801,-100.125
1764840172.4286914,0,0,2477,309.625
1764840172.4326456,1,1,2821,352.625
1764840172.4366374,0,0,1780,222.500
1764840172.440651,0,0,-934,-116.750
1764840172.4446561,0,0,-946,-118.250
1764840172.4486544,0,0,2446,305.750
1764840172.4526563,1,1,2902,362.750
1764840172.4566565,0,0,1860,232.500
1764840172.460659,0,0,-819,-102.375
1764840172.464658,0,0,-1027,-128.375
1764840172.4686527,0,0,2442,305.250
1764840172.4726565,1,1,1923,240.375
1764840172.4766567,0,0,-737,-92.125
1764840172.480656,0,0,-1270,-158.750
1764840172.4846551,0,0,1991,248.875
1764840172.4886522,0,0,2699,337.375
1764840172.492646,1,1,1842,230.250
1764840172.4966373,0,0,-747,-93.375
1764840172.500653,0,0,-1073,-134.125
1764840172.5046504,0,0,2514,314.250
1764840172.5086555,0,0,3131,391.375
1764840172.512678,1,1,2011,251.375
1764840172.5167015,0,0,-859,-107.375
1764840172.520669,0,0,-957,-119.625
1764840172.5247056,0,0,2599,324.875
1764840172.5286925,0,0,3133,391.625
1764840172.532656,1,1,1954,244.250
1764840172.5366528,0,0,-829,-103.625
1764840172.5406597,0,0,-834,-104.250
1764840172.5446424,0,0,2973,371.625
1764840172.5486388,0,0,3466,433.250
1764840172.5526538,1,1,2076,259.500
1764840172.5566502,0,0,-643,-80.375
1764840172.5606515,0,0,-1220,-152.500
1764840172.5646534,0,0,2402,300.250
1764840172.568654,0,0,3166,395.750
1764840172.5726557,1,1,2008,251.000
1764840172.5766509,0,0,-647,-80.875
1764840172.5806553,0,0,-1175,-146.875
1764840172.5846555,0,0,2534,316.750
1764840172.5886514,0,0,3265,408.125
1764840172.5926557,1,1,2019,252.375
1764840172.5966513,0,0,-486,-60.750
1764840172.6006556,0,0,-1259,-157.375
1764840172.6047497,0,0,2397,299.625
1764840172.6086679,0,0,3328,416.000
1764840172.6126518,1,1,2126,265.750
1764840172.6166358,0,0,-311,-38.875
1764840172.6206448,0,0,-1484,-185.500
1764840172.6246533,0,0,985,123.125
1764840172.6286561,0,0,2428,303.500
1764840172.6326838,1,1,1884,235.500
1764840172.6366413,0,0,-280,-35.000
1764840172.6406462,0,0,-1261,-157.625
1764840172.6446536,0,0,2638,329.750
1764840172.6486533,0,0,3561,445.125
1764840172.6526597,1,1,2219,277.375
1764840172.6566548,0,0,-287,-35.875
1764840172.6606553,0,0,-1409,-176.125
1764840172.6646543,0,0,2027,253.375
1764840172.6686556,0,0,3262,407.750
1764840172.6726582,1,1,2172,271.500
1764840172.6766531,0,0,-165,-20.625
1764840172.6806529,0,0,-1552,-194.000
1764840172.6846523,0,0,2169,271.125
1764840172.6886501,0,0,3370,421.250
1764840172.692656,1,1,2189,273.625
1764840172.696652,0,0,-129,-16.125
1764840172.7006552,0,0,-1478,-184.750
1764840172.7046535,0,0,1632,204.000
1764840172.708652,0,0,3091,386.375
1764840172.7126567,1,1,2143,267.875
1764840172.7166529,0,0,1,0.125
1764840172.7206562,0,0,-1596,-199.500
1764840172.7246468,0,0,1479,184.875
1764840172.728649,0,0,3001,375.125
1764840172.7326875,1,1,2112,264.000
1764840172.7366533,0,0,110,13.750
1764840172.7406623,0,0,-1761,-220.125
1764840172.744654,0,0,1862,232.750
1764840172.7486515,0,0,3347,418.375
1764840172.752655,1,1,2250,281.250
1764840172.7566538,0,0,157,19.625
1764840172.7606537,0,0,-1681,-210.125
1764840172.764651,0,0,1572,196.500
1764840172.768633,0,0,3214,401.750
1764840172.77265,1,1,2233,279.125
1764840172.7766628,0,0,257,32.125
1764840172.7806606,0,0,-1737,-217.125
1764840172.7846365,0,0,1417,177.125
1764840172.7886322,0,0,3152,394.000
1764840172.7926497,1,1,2228,278.500
1764840172.7966485,0,0,340,42.500
1764840172.8006535,0,0,-1740,-217.500
1764840172.8047447,0,0,1355,169.375
1764840172.8086624,0,0,3193,399.125
1764840172.8126526,1,1,2282,285.250
1764840172.8166478,0,0,418,52.250
1764840172.8206515,0,0,-1622,-202.750
1764840172.8246522,0,0,962,120.250
1764840172.828651,0,0,3055,381.875
1764840172.832641,1,1,2330,291.250
1764840172.8366327,0,0,587,73.375
1764840172.8406444,0,0,-1720,-215.000
1764840172.844652,0,0,1155,144.375
1764840172.8486528,0,0,3282,410.250
1764840172.8526537,1,1,2450,306.250
1764840172.856648,0,0,670,83.750
1764840172.860651,0,0,-1712,-214.000
1764840172.864653,0,0,1098,137.250
1764840172.8686495,0,0,3343,417.875
1764840172.872652,1,1,2528,316.000
1764840172.8766565,0,0,775,96.875
1764840172.8806555,0,0,-1818,-227.250
1764840172.8846347,0,0,638,79.750
1764840172.8886342,0,0,2886,360.750
1764840172.8926322,1,1,2293,286.625
1764840172.8966308,0,0,794,99.250
1764840172.900648,0,0,-1933,-241.625
1764840172.9046488,0,0,1172,146.500
1764840172.908646,0,0,3504,438.000
1764840172.912653,1,1,2629,328.625
1764840172.916651,0,0,889,111.125
1764840172.9206512,0,0,-1701,-212.625
1764840172.9246507,0,0,595,74.375
1764840172.9286504,0,0,3148,393.500
1764840172.9326544,1,1,2558,319.750
1764840172.9367263,0,0,1005,125.625
1764840172.9406998,0,0,-1876,-234.500
1764840172.944696,0,0,715,89.375
1764840172.9486961,0,0,3229,403.625
1764840172.9527,1,1,2569,321.125
1764840172.956695,0,0,1009,126.125
1764840172.9606955,0,0,-1666,-208.250
1764840172.9646957,0,0,344,43.000
1764840172.9686964,0,0,3009,376.125
1764840172.9727006,1,1,2536,317.000
1764840172.9766953,0,0,1096,137.000
1764840172.9806957,0,0,-1769,-221.125
1764840172.984694,0,0,405,50.625
1764840172.9886925,0,0,3104,388.000
1764840172.9926994,1,1,2593,324.125
1764840172.9966946,0,0,1134,141.750
1764840173.0006983,0,0,-1727,-215.875
1764840173.0047886,0,0,277,34.625
1764840173.0087094,0,0,3078,384.750
1764840173.0126944,1,1,2633,329.125
1764840173.016676,0,0,1194,149.250
1764840173.0206907,0,0,-1640,-205.000
1764840173.0246964,0,0,240,30.000
1764840173.0286927,0,0,3191,398.875
1764840173.032684,1,1,2767,345.875
1764840173.0367465,0,0,1282,160.250
1764840173.0406547,0,0,-1506,-188.250
1764840173.0446613,0,0,-183,-22.875
1764840173.048646,0,0,2774,346.750
1764840173.0526404,1,1,2576,322.000
1764840173.0566323,0,0,1286,160.750
1764840173.0606356,0,0,-1557,-194.625
1764840173.0646496,0,0,-21,-2.625
1764840173.0686495,0,0,3017,377.125
1764840173.0726488,1,1,2729,341.125
1764840173.0766573,0,0,1340,167.500
1764840173.0806506,0,0,-1473,-184.125
1764840173.084651,0,0,-118,-14.750
1764840173.088645,0,0,3006,375.750
1764840173.0926592,1,1,2781,347.625
1764840173.0966413,0,0,1386,173.250
1764840173.1006515,0,0,-1224,-153.000
1764840173.10465,0,0,-583,-72.875
1764840173.108644,0,0,2561,320.125
1764840173.1126459,1,1,2603,325.375
1764840173.1166425,0,0,1406,175.750
1764840173.12065,0,0,-1228,-153.500
1764840173.124647,0,0,-583,-72.875
1764840173.1286447,0,0,2660,332.500
1764840173.1326358,1,1,1444,180.500
1764840173.1366408,0,0,-1214,-151.750
1764840173.1406493,0,0,-498,-62.250
1764840173.1446466,0,0,2846,355.750
1764840173.148645,0,0,2876,359.500
1764840173.1526453,1,1,1536,192.000
1764840173.1566422,0,0,-1124,-140.500
1764840173.1606474,0,0,-753,-94.125
1764840173.1646442,0,0,2525,315.625
1764840173.1686444,0,0,2701,337.625
1764840173.1726503,1,1,1500,187.500
1764840173.176644,0,0,-910,-113.750
1764840173.1806474,0,0,-1035,-129.375
1764840173.1846533,0,0,2243,280.375
1764840173.1886547,0,0,2618,327.250
1764840173.1926394,1,1,1539,192.375
1764840173.1966276,0,0,-931,-116.375
1764840173.200635,0,0,-808,-101.000
1764840173.2047381,0,0,2766,345.750
1764840173.2086618,0,0,3049,381.125
1764840173.212637,1,1,1712,214.000
1764840173.2166286,0,0,-827,-103.375
1764840173.2206383,0,0,-1016,-127.000
1764840173.2246468,0,0,2492,311.500
1764840173.2286458,0,0,2922,365.250
1764840173.232639,1,1,1699,212.375
1764840173.2366667,0,0,-755,-94.375
1764840173.2406552,0,0,-1061,-132.625
1764840173.2450135,0,0,2513,314.125
1764840173.2487853,0,0,3028,378.500
1764840173.252666,1,1,1779,222.375
1764840173.256646,0,0,-680,-85.000
1764840173.260642,0,0,-1289,-161.125
1764840173.2646384,0,0,1940,242.500
1764840173.2686398,0,0,2690,336.250
1764840173.272649,1,1,1700,212.500
1764840173.276646,0,0,-689,-86.125
1764840173.2806458,0,0,-1158,-144.750
1764840173.2846458,0,0,2425,303.125
1764840173.2886438,0,0,3069,383.625
1764840173.2926404,1,1,1837,229.625
1764840173.29663,0,0,-562,-70.250
1764840173.3006845,0,0,-1290,-161.250
1764840173.3046894,0,0,2036,254.500
1764840173.3087022,0,0,2915,364.375
1764840173.313042,1,1,1845,230.625
1764840173.3166776,0,0,-552,-69.000
1764840173.320651,0,0,-1412,-176.500
1764840173.3246436,0,0,1741,217.625
1764840173.328643,0,0,2690,336.250
1764840173.3326375,1,1,1750,218.750
1764840173.3366315,0,0,-462,-57.750
1764840173.3406482,0,0,-1412,-176.500
1764840173.3446457,0,0,1577,197.125
1764840173.3486469,0,0,2719,339.875
1764840173.35265,1,1,1848,231.000
1764840173.3566465,0,0,-374,-46.750
1764840173.360648,0,0,-1482,-185.250
1764840173.364644,0,0,1205,150.625
1764840173.3686414,0,0,2509,313.625
1764840173.3726473,1,1,1816,227.000
1764840173.376644,0,0,-292,-36.500
1764840173.3806486,0,0,-1512,-189.000
1764840173.3846471,0,0,905,113.125
1764840173.3886402,0,0,2351,293.875
1764840173.3926463,1,1,1821,227.625
1764840173.3966417,0,0,-143,-17.875
1764840173.4006484,0,0,-1441,-180.125
1764840173.4099648,0,0,1690,211.250
1764840173.412681,1,1,1766,220.750
1764840173.4166443,0,0,48,6.000
1764840173.4206471,0,0,-1804,-225.500
1764840173.4246275,0,0,1461,182.625
1764840173.4286277,0,0,2889,361.125
1764840173.4326432,1,1,2126,265.750
1764840173.4366376,0,0,25,3.125
1764840173.4406874,0,0,-1527,-190.875
1764840173.4446304,0,0,1259,157.375
1764840173.4486265,0,0,2911,363.875
1764840173.452644,1,1,2227,278.375
1764840173.4566407,0,0,212,26.500
1764840173.4606452,0,0,-1707,-213.375
1764840173.4646459,0,0,1261,157.625
1764840173.4686425,0,0,2930,366.250
1764840173.4726477,1,1,2228,278.500
1764840173.4766407,0,0,285,35.625
1764840173.4806416,0,0,-1676,-209.500
1764840173.4846482,0,0,1322,165.250
1764840173.4886498,0,0,3095,386.875
1764840173.4926383,1,1,2346,293.250
1764840173.4966233,0,0,408,51.000
1764840173.5006316,0,0,-1713,-214.125
1764840173.5046306,0,0,1206,150.750
1764840173.5086267,0,0,3078,384.750
1764840173.512627,1,1,2368,296.000
1764840173.5166242,0,0,503,62.875
1764840173.5206268,0,0,-1638,-204.750
1764840173.5246272,0,0,759,94.875
1764840173.528624,0,0,2805,350.625
1764840173.5326378,1,1,2309,288.625
1764840173.5366423,0,0,636,79.500
1764840173.5406592,0,0,-1706,-213.250
1764840173.544641,0,0,601,75.125
1764840173.5486379,0,0,2746,343.250
1764840173.5526357,1,1,2325,290.625
1764840173.5566258,0,0,730,91.250
1764840173.560629,0,0,-1622,-202.750
1764840173.564637,0,0,247,30.875
1764840173.5686405,0,0,2544,318.000
1764840173.5726442,1,1,2311,288.875
1764840173.5766394,0,0,899,112.375
1764840173.5806384,0,0,-1687,-210.875
1764840173.5846384,0,0,196,24.500
1764840173.5886395,0,0,2517,314.625
1764840173.592645,1,1,2308,288.500
1764840173.596639,0,0,980,122.500
1764840173.6006448,0,0,-1624,-203.000
1764840173.6046405,0,0,-142,-17.750
1764840173.6087246,0,0,2302,287.750
1764840173.6126482,1,1,2282,285.250
1764840173.6166275,0,0,1119,139.875
1764840173.6206448,0,0,-1708,-213.500
1764840173.6246395,0,0,99,12.375
1764840173.6286364,0,0,2601,325.125
1764840173.632634,1,1,2455,306.875
1764840173.6366267,0,0,1226,153.250
1764840173.640646,0,0,-1625,-203.125
1764840173.6446428,0,0,-362,-45.250
1764840173.648639,0,0,2195,274.375
1764840173.652643,1,1,2298,287.250
1764840173.6566403,0,0,1305,163.125
1764840173.6606457,0,0,-1712,-214.000
1764840173.6646428,0,0,-298,-37.250
1764840173.6686375,0,0,2283,285.375
1764840173.672644,1,1,2352,294.000
1764840173.6766412,0,0,1371,171.375
1764840173.6806452,0,0,-1971,-246.375
1764840173.684642,0,0,243,30.375
1764840173.6886382,0,0,2904,363.000
1764840173.6926582,1,1,2690,336.250
1764840173.6966507,0,0,1468,183.500
1764840173.7006457,0,0,-1945,-243.125
1764840173.704625,0,0,328,41.000
1764840173.708621,0,0,3063,382.875
1764840173.7126398,1,1,2793,349.125
1764840173.7166383,0,0,1515,189.375
1764840173.7206426,0,0,-1631,-203.875
1764840173.7246265,0,0,-156,-19.500
1764840173.7286222,0,0,2734,341.750
1764840173.7326388,1,1,2716,339.500
1764840173.7366374,0,0,1597,199.625
1764840173.7406437,0,0,-1753,-219.125
1764840173.7446787,0,0,-111,-13.875
1764840173.7486362,0,0,2777,347.125
1764840173.7526436,1,1,2728,341.000
1764840173.7566388,0,0,1603,200.375
1764840173.76064,0,0,-1570,-196.250
1764840173.764637,0,0,-295,-36.875
1764840173.7686384,0,0,2669,333.625
1764840173.7726421,1,1,2716,339.500
1764840173.7766356,0,0,1641,205.125
1764840173.780637,0,0,-1512,-189.000
1764840173.7846217,0,0,2622,327.750
1764840173.788622,0,0,2720,340.000
1764840173.7926404,1,1,1672,209.000
1764840173.7966332,0,0,-1212,-151.500
1764840173.8006394,0,0,-773,-96.625
1764840173.8046231,0,0,2305,288.125
1764840173.8087318,0,0,2631,328.875
1764840173.8126543,1,1,1727,215.875
1764840173.816635,0,0,-1202,-150.250
1764840173.8206358,0,0,-758,-94.750
1764840173.8246346,0,0,2373,296.625
1764840173.828636,0,0,2702,337.750
1764840173.8326318,1,1,1774,221.750
1764840173.836623,0,0,-1133,-141.625
1764840173.8406303,0,0,-847,-105.875
1764840173.8446782,0,0,2329,291.125
1764840173.8486414,0,0,2723,340.375
1764840173.8526454,1,1,1813,226.625
1764840173.856639,0,0,-1374,-171.750
1764840173.860636,0,0,-463,-57.875
1764840173.8646357,0,0,2878,359.750
1764840173.8686383,0,0,3067,383.375
1764840173.8726442,1,1,1896,237.000
1764840173.8766365,0,0,-1085,-135.625
1764840173.8806367,0,0,-883,-110.375
1764840173.884638,0,0,2400,300.000
1764840173.8886395,0,0,2826,353.250
1764840173.89265,1,1,1856,232.000
1764840173.896642,0,0,-1055,-131.875
1764840173.9006376,0,0,-884,-110.500
1764840173.9046192,0,0,2493,311.625
1764840173.9086194,0,0,2939,367.375
1764840173.9126377,1,1,1908,238.500
1764840173.916638,0,0,-735,-91.875
1764840173.9206414,0,0,-1381,-172.625
1764840173.9246204,0,0,1640,205.000
1764840173.928618,0,0,2468,308.500
1764840173.9326203,1,1,1828,228.500
1764840173.9366226,0,0,-858,-107.250
1764840173.9406307,0,0,-1043,-130.375
1764840173.9446504,0,0,2451,306.375
1764840173.9486353,0,0,3053,381.625
1764840173.9526424,1,1,2022,252.750
1764840173.9566393,0,0,-589,-73.625
1764840173.960642,0,0,-1316,-164.500
1764840173.964635,0,0,1942,242.750
1764840173.9686337,0,0,2820,352.500
1764840173.9726381,1,1,2009,251.125
1764840173.9766364,0,0,-550,-68.750
1764840173.980634,0,0,-1349,-168.625
1764840173.9846363,0,0,1911,238.875
1764840173.9886348,0,0,2845,355.625
1764840173.9926374,1,1,2038,254.750
1764840173.9966319,0,0,-430,-53.750
1764840174.0006416,0,0,-1456,-182.000
1764840174.0046408,0,0,1457,182.125
1764840174.0087233,0,0,2619,327.375
1764840174.0126467,1,1,2017,252.125
1764840174.0166209,0,0,-505,-63.125
1764840174.0206285,0,0,-1487,-185.875
1764840174.02464,0,0,1711,213.875
1764840174.0286365,0,0,2763,345.375
1764840174.032628,1,1,2032,254.000
1764840174.0366201,0,0,-483,-60.375
1764840174.04063,0,0,-1396,-174.500
1764840174.04464,0,0,2098,262.250
1764840174.0486755,0,0,3127,390.875
1764840174.0526292,1,1,2190,273.750
1764840174.056618,0,0,-391,-48.875
1764840174.0606356,0,0,-1443,-180.375
1764840174.0646348,0,0,2077,259.625
1764840174.0686376,0,0,3161,395.125
1764840174.0726411,1,1,2204,275.500
1764840174.0766325,0,0,-272,-34.000
1764840174.0806353,0,0,-1478,-184.750
1764840174.0846345,0,0,1571,196.375
1764840174.088635,0,0,2895,361.875
1764840174.0926347,1,1,2164,270.500
1764840174.0966237,0,0,-142,-17.750
1764840174.100621,0,0,-1504,-188.000
1764840174.104618,0,0,971,121.375
1764840174.108618,0,0,2547,318.375
1764840174.1126323,1,1,2112,264.000
1764840174.1166275,0,0,2,0.250
1764840174.1206338,0,0,-1511,-188.875
1764840174.1246166,0,0,284,35.500
1764840174.128616,0,0,2197,274.625
1764840174.1326337,1,1,2111,263.875
1764840174.136632,0,0,223,27.875
1764840174.140631,0,0,-1776,-222.000
1764840174.1446302,0,0,1605,200.625
1764840174.1486473,0,0,3066,383.250
1764840174.1526387,1,1,2328,291.000
1764840174.1566339,0,0,190,23.750
1764840174.1606343,0,0,-1737,-217.125
1764840174.1646311,0,0,1615,201.875
1764840174.1686327,0,0,3222,402.750
1764840174.1726246,1,1,2445,305.625
1764840174.1766183,0,0,309,38.625
1764840174.1806335,0,0,-1656,-207.000
1764840174.184631,0,0,1050,131.250
1764840174.1886303,0,0,2853,356.625
1764840174.1926382,1,1,2334,291.750
1764840174.1966338,0,0,423,52.875
1764840174.2006385,0,0,-1754,-219.250
1764840174.2046325,0,0,898,112.250
1764840174.2087216,0,0,2749,343.625
1764840174.2126465,1,1,2292,286.500
1764840174.2166204,0,0,538,67.250
1764840174.2206259,0,0,-1908,-238.500
1764840174.2246325,0,0,1351,168.875
1764840174.228632,0,0,3229,403.625
1764840174.2326205,1,1,2532,316.500
1764840174.2366188,0,0,642,80.250
1764840174.240635,0,0,-1755,-219.375
1764840174.24501,0,0,840,105.000
1764840174.2488189,0,0,2885,360.625
1764840174.2526493,1,1,2422,302.750
1764840174.2566304,0,0,759,94.875
1764840174.2606304,0,0,-1895,-236.875
1764840174.2646194,0,0,832,104.000
1764840174.2686155,0,0,2911,363.875
1764840174.2726302,1,1,2439,304.875
1764840174.276628,0,0,823,102.875
1764840174.2806318,0,0,-1729,-216.125
1764840174.2846344,0,0,432,54.000
1764840174.2886307,0,0,2705,338.125
1764840174.292635,1,1,2428,303.500
1764840174.296629,0,0,963,120.375
1764840174.3006375,0,0,-1784,-223.000
1764840174.304625,0,0,377,47.125
1764840174.308628,0,0,2706,338.250
1764840174.3126261,1,1,2452,306.500
1764840174.3166304,0,0,1068,133.500
1764840174.3206398,0,0,-1832,-229.000
1764840174.3246207,0,0,377,47.125
1764840174.3286169,0,0,2766,345.750
1764840174.3326273,1,1,2507,313.375
1764840174.3366292,0,0,1160,145.000
1764840174.3406343,0,0,-1670,-208.750
1764840174.3446167,0,0,-77,-9.625
1764840174.3486493,0,0,2411,301.375
1764840174.3526316,1,1,2384,298.000
1764840174.3566272,0,0,1255,156.875
1764840174.3606265,0,0,-1777,-222.125
1764840174.3646317,0,0,-62,-7.750
1764840174.3686333,0,0,2452,306.500
1764840174.3726382,1,1,2418,302.250
1764840174.3766289,0,0,1315,164.375
1764840174.3806288,0,0,-1850,-231.250
1764840174.3846302,0,0,237,29.625
1764840174.3886318,0,0,2870,358.750
1764840174.3926382,1,1,2677,334.625
1764840174.3966281,0,0,1429,178.625
1764840174.4006305,0,0,-1748,-218.500
1764840174.4046338,0,0,72,9.000
1764840174.4140198,0,0,1528,191.000
1764840174.4166524,0,0,1528,191.000
1764840174.420636,0,0,-1805,-225.625
1764840174.4246132,0,0,1027,128.375
1764840174.4286144,0,0,3664,458.000
1764840174.4326336,1,1,3053,381.625
1764840174.4366314,0,0,-1521,-190.125
1764840174.4406297,0,0,-250,-31.250
1764840174.4446154,0,0,2655,331.875
1764840174.4486108,0,0,2691,336.375
1764840174.4526353,1,1,1599,199.875
1764840174.456631,0,0,-1841,-230.125
1764840174.4606378,0,0,268,33.500
1764840174.4646258,0,0,3215,401.875
1764840174.4686306,0,0,2974,371.750
1764840174.472637,1,1,1648,206.000
1764840174.47664,0,0,-1443,-180.375
1764840174.4806325,0,0,-357,-44.625
1764840174.4846282,0,0,2689,336.125
1764840174.488624,0,0,2779,347.375
1764840174.4926434,1,1,1691,211.375
1764840174.4966276,0,0,-1631,-203.875
1764840174.5006313,0,0,-95,-11.875
1764840174.504624,0,0,2994,374.250
1764840174.5086334,0,0,2941,367.625
1764840174.5126388,1,1,1722,215.250
1764840174.516664,0,0,-1360,-170.000
1764840174.5206282,0,0,-482,-60.250
1764840174.524626,0,0,2632,329.000
1764840174.5286224,0,0,2787,348.375
1764840174.5326374,1,1,1729,216.125
1764840174.5366285,0,0,-1171,-146.375
1764840174.5406332,0,0,-698,-87.250
1764840174.5446086,0,0,2503,312.875
1764840174.5486197,0,0,2794,349.250
1764840174.5526297,1,1,1798,224.750
1764840174.556628,0,0,-1404,-175.500
1764840174.5606267,0,0,-571,-71.375
1764840174.5646293,0,0,2610,326.250
1764840174.5686247,0,0,2830,353.750
1764840174.5726292,1,1,1781,222.625
1764840174.5766284,0,0,-1075,-134.375
1764840174.5806315,0,0,-783,-97.875
1764840174.5846272,0,0,2525,315.625
1764840174.5886247,0,0,2883,360.375
1764840174.5926304,1,1,1862,232.750
1764840174.596625,0,0,-1011,-126.375
1764840174.6006293,0,0,-768,-96.000
1764840174.6046288,0,0,2666,333.250
1764840174.6086233,0,0,3042,380.250
1764840174.6127264,1,1,1943,242.875
1764840174.616639,0,0,-814,-101.750
1764840174.6206295,0,0,-1060,-132.500
1764840174.6246114,0,0,2311,288.875
1764840174.628614,0,0,2876,359.500
1764840174.6326287,1,1,1930,241.250
1764840174.636628,0,0,-905,-113.125
1764840174.6406326,0,0,-1002,-125.250
1764840174.6446173,0,0,2410,301.250
1764840174.6486123,0,0,2943,367.875
1764840174.652656,1,1,1943,242.875
1764840174.656626,0,0,-736,-92.000
1764840174.660629,0,0,-1257,-157.125
1764840174.664625,0,0,2025,253.125
1764840174.6686366,0,0,2751,343.875
1764840174.6726286,1,1,1913,239.125
1764840174.6766367,0,0,-609,-76.125
1764840174.6806302,0,0,-1382,-172.750
1764840174.6846325,0,0,1726,215.750
1764840174.6886244,0,0,2634,329.250
1764840174.6926455,1,1,1926,240.750
1764840174.6966307,0,0,-599,-74.875
1764840174.7006383,0,0,-1357,-169.625
1764840174.7046108,0,0,1904,238.000
1764840174.7086124,0,0,2787,348.375
1764840174.7126255,1,1,1985,248.125
1764840174.716634,0,0,-506,-63.250
1764840174.7206275,0,0,-1425,-178.125
1764840174.7246103,0,0,1653,206.625
1764840174.728607,0,0,2715,339.375
1764840174.7326272,1,1,2019,252.375
1764840174.7366278,0,0,-490,-61.250
1764840174.740628,0,0,-1430,-178.750
1764840174.7446265,0,0,1815,226.875
1764840174.7486248,0,0,2851,356.375
1764840174.752634,1,1,2064,258.000
1764840174.7566285,0,0,-412,-51.500
1764840174.7606273,0,0,-1504,-188.000
1764840174.764625,0,0,1480,185.000
1764840174.7686245,0,0,2670,333.750
1764840174.7726305,1,1,2030,253.750
1764840174.7766252,0,0,-320,-40.000
1764840174.7806277,0,0,-1490,-186.250
1764840174.7846234,0,0,1476,184.500
1764840174.7886338,0,0,2749,343.625
1764840174.7926323,1,1,2114,264.250
1764840174.7966247,0,0,-139,-17.375
1764840174.800625,0,0,-1437,-179.625
1764840174.8046167,0,0,-365,-45.625
1764840174.8086038,0,0,1631,203.875
1764840174.8127189,1,1,1944,243.000
1764840174.8166447,0,0,69,8.625
1764840174.8206441,0,0,-1501,-187.625
1764840174.824608,0,0,2066,258.250
1764840174.8286054,0,0,3289,411.125
1764840174.8326273,1,1,2408,301.000
1764840174.836636,0,0,16,2.000
1764840174.84063,0,0,-1650,-206.250
1764840174.8446105,0,0,1478,184.750
1764840174.8486073,0,0,2989,373.625
1764840174.8526735,1,1,2351,293.875
1764840174.8566263,0,0,178,22.250
1764840174.860627,0,0,-1715,-214.375
1764840174.8646219,0,0,1823,227.875
1764840174.8686233,0,0,3276,409.500
1764840174.872625,1,1,2448,306.000
1764840174.8766067,0,0,201,25.125
1764840174.880612,0,0,-1609,-201.125
1764840174.884625,0,0,684,85.500
1764840174.8886216,0,0,2465,308.125
1764840174.892613,1,1,2172,271.500
1764840174.8966074,0,0,338,42.250
1764840174.9006226,0,0,-1788,-223.500
1764840174.904623,0,0,1096,137.000
1764840174.908618,0,0,2860,357.500
1764840174.9126236,1,1,2350,293.750
1764840174.9166265,0,0,441,55.125
1764840174.920624,0,0,-1691,-211.375
1764840174.9246192,0,0,927,115.875
1764840174.928619,0,0,2842,355.250
1764840174.9326217,1,1,2403,300.375
1764840174.9366176,0,0,587,73.375
1764840174.9406347,0,0,-1790,-223.750
1764840174.9446213,0,0,1046,130.750
1764840174.9486196,0,0,3009,376.125
1764840174.9526234,1,1,2496,312.000
1764840174.9566274,0,0,697,87.125
1764840174.9606214,0,0,-1772,-221.500
1764840174.9646218,0,0,635,79.375
1764840174.9686189,0,0,2704,338.000
1764840174.9726317,1,1,2383,297.875
1764840174.9766169,0,0,802,100.250
1764840174.9806206,0,0,-1846,-230.750
1764840174.9846172,0,0,851,106.375
1764840174.9886308,0,0,2994,374.250
1764840174.9926276,1,1,2554,319.250
1764840174.9966185,0,0,895,111.875
1764840175.000621,0,0,-1696,-212.000
1764840175.0046296,0,0,406,50.750
1764840175.008622,0,0,2723,340.375
1764840175.0127234,1,1,2499,312.375
1764840175.016635,0,0,1053,131.625
1764840175.0206373,0,0,-1840,-230.000
1764840175.0246086,0,0,517,64.625
1764840175.028607,0,0,2846,355.750
1764840175.0326273,1,1,2557,319.625
1764840175.0366356,0,0,1135,141.875
1764840175.0406246,0,0,-1789,-223.625
1764840175.0446072,0,0,126,15.750
1764840175.0486083,0,0,2572,321.500
1764840175.0526078,1,1,2478,309.750
1764840175.0566244,0,0,1245,155.625
1764840175.0606096,0,0,-1937,-242.125
1764840175.0646186,0,0,371,46.375
1764840175.06862,0,0,2849,356.125
1764840175.0726273,1,1,2624,328.000
1764840175.0766208,0,0,1318,164.750
1764840175.0806158,0,0,-1931,-241.375
1764840175.0846167,0,0,385,48.125
1764840175.0886185,0,0,2936,367.000
1764840175.092623,1,1,1384,173.000
1764840175.09662,0,0,-1691,-211.375
1764840175.100625,0,0,-23,-2.875
1764840175.1046221,0,0,2651,331.375
1764840175.108617,0,0,2614,326.750
1764840175.1126232,1,1,1467,183.375
1764840175.1166186,0,0,-1736,-217.000
1764840175.120627,0,0,42,5.250
1764840175.124621,0,0,2805,350.625
1764840175.1286275,0,0,2732,341.500
1764840175.1326134,1,1,1552,194.000
1764840175.1366017,0,0,-1758,-219.750
1764840175.1406085,0,0,169,21.125
1764840175.1446187,0,0,3025,378.125
1764840175.148617,0,0,2881,360.125
1764840175.1526089,1,1,1637,204.625
1764840175.1566155,0,0,-1519,-189.875
1764840175.1606097,0,0,-475,-59.375
1764840175.164623,0,0,2360,295.000
1764840175.1686175,0,0,2557,319.625
1764840175.1726205,1,1,1631,203.875
1764840175.1766188,0,0,-1609,-201.125
1764840175.1806214,0,0,-313,-39.125
1764840175.184619,0,0,2594,324.250
1764840175.1886163,0,0,2703,337.875
1764840175.1926212,1,1,1698,212.250
1764840175.1966183,0,0,-1436,-179.500
1764840175.200623,0,0,-571,-71.375
1764840175.2046173,0,0,2392,299.000
1764840175.2086282,0,0,2643,330.375
1764840175.2126992,1,1,1742,217.750
1764840175.2166152,0,0,-1344,-168.000
1764840175.2206194,0,0,-617,-77.125
1764840175.2246249,0,0,2428,303.500
1764840175.2286046,0,0,2716,339.500
1764840175.2326207,1,1,1808,226.000
1764840175.236619,0,0,-1513,-189.125
1764840175.2406256,0,0,-426,-53.250
1764840175.2450032,0,0,2688,336.000
1764840175.2487614,0,0,2870,358.750
1764840175.2526422,1,1,1853,231.625
1764840175.2566605,0,0,-1369,-171.125
1764840175.2606156,0,0,-461,-57.625
1764840175.264606,0,0,2785,348.125
1764840175.2686043,0,0,2999,374.875
1764840175.2726028,1,1,1925,240.625
1764840175.276601,0,0,-1129,-141.125
1764840175.2806063,0,0,-794,-99.250
1764840175.2846112,0,0,2436,304.500
1764840175.2886152,0,0,2838,354.750
1764840175.29262,1,1,1919,239.875
1764840175.2966123,0,0,-863,-107.875
1764840175.3006182,0,0,-1220,-152.500
1764840175.3047614,0,0,1901,237.625
1764840175.308606,0,0,2582,322.750
1764840175.312604,1,1,1912,239.000
1764840175.316599,0,0,-793,-99.125
1764840175.3206038,0,0,-1314,-164.250
1764840175.3245997,0,0,1778,222.250
1764840175.3286011,0,0,2565,320.625
1764840175.332604,1,1,1955,244.375
1764840175.3366075,0,0,-944,-118.000
1764840175.340607,0,0,-1075,-134.375
1764840175.344603,0,0,2208,276.000
1764840175.3486023,0,0,2839,354.875
1764840175.3526194,1,1,2027,253.375
1764840175.356656,0,0,-735,-91.875
1764840175.3606238,0,0,-1401,-175.125
1764840175.3646026,0,0,1666,208.250
1764840175.368602,0,0,2534,316.750
1764840175.372606,1,1,1962,245.250
1764840175.3766026,0,0,-721,-90.125
1764840175.380619,0,0,-1336,-167.000
1764840175.384618,0,0,1890,236.250
1764840175.3886175,0,0,2737,342.125
1764840175.3926265,1,1,2049,256.125
1764840175.3966186,0,0,-692,-86.500
1764840175.4006243,0,0,-1205,-150.625
1764840175.4046185,0,0,2278,284.750
1764840175.4086173,0,0,3081,385.125
1764840175.418016,0,0,-719,-89.875
1764840175.4206517,0,0,-778,-97.250
1764840175.424607,0,0,2859,357.375
1764840175.4286015,0,0,3401,425.125
1764840175.432621,1,1,2218,277.250
1764840175.4366186,0,0,-592,-74.000
1764840175.4406223,0,0,-1331,-166.375
1764840175.4446044,0,0,2100,262.500
1764840175.4485972,0,0,3037,379.625
1764840175.4526186,1,1,2174,271.750
1764840175.4566205,0,0,-334,-41.750
1764840175.460624,0,0,-1543,-192.875
1764840175.4646184,0,0,980,122.500
1764840175.468613,0,0,2336,292.000
1764840175.4726222,1,1,2010,251.250
1764840175.4766152,0,0,-249,-31.125
1764840175.4806185,0,0,-1516,-189.500
1764840175.4846163,0,0,626,78.250
1764840175.4886124,0,0,2282,285.250
1764840175.4926164,1,1,2133,266.625
1764840175.4966133,0,0,-207,-25.875
1764840175.50062,0,0,-1619,-202.375
1764840175.5046194,0,0,1705,213.125
1764840175.5086126,0,0,2965,370.625
1764840175.5126185,1,1,2291,286.375
1764840175.5166116,0,0,-176,-22.000
1764840175.5206206,0,0,-1580,-197.500
1764840175.524616,0,0,1889,236.125
1764840175.528614,0,0,3182,397.750
1764840175.5326169,1,1,2391,298.875
1764840175.5366356,0,0,-84,-10.500
1764840175.540619,0,0,-1516,-189.500
1764840175.544615,0,0,1719,214.875
1764840175.5486133,0,0,3150,393.750
1764840175.5526118,1,1,2413,301.625
1764840175.5566099,0,0,46,5.750
1764840175.5606143,0,0,-1668,-208.500
1764840175.5646012,0,0,1446,180.750
1764840175.5686002,0,0,2959,369.875
1764840175.5726163,1,1,2334,291.750
1764840175.5766141,0,0,116,14.500
1764840175.5806162,0,0,-1601,-200.125
1764840175.5846186,0,0,1264,158.000
1764840175.5886161,0,0,2915,364.375
1764840175.5926208,1,1,2359,294.875
1764840175.5966108,0,0,258,32.250
1764840175.6006176,0,0,-1764,-220.500
1764840175.6046174,0,0,1328,166.000
1764840175.6086142,0,0,2995,374.375
1764840175.6126206,1,1,2388,298.500
1764840175.6167076,0,0,329,41.125
1764840175.620635,0,0,-1620,-202.500
1764840175.6245987,0,0,692,86.500
1764840175.6286004,0,0,2578,322.250
1764840175.6326194,1,1,2272,284.000
1764840175.6366134,0,0,478,59.750
1764840175.6406164,0,0,-1707,-213.375
1764840175.6446006,0,0,628,78.500
1764840175.6486006,0,0,2577,322.125
1764840175.6526186,1,1,2297,287.125
1764840175.656615,0,0,616,77.000
1764840175.6606538,0,0,-1976,-247.000
1764840175.664617,0,0,1194,149.250
1764840175.6686165,0,0,3089,386.125
1764840175.6726196,1,1,2514,314.250
1764840175.6766138,0,0,668,83.500
1764840175.680618,0,0,-1653,-206.625
1764840175.6846142,0,0,620,77.500
1764840175.6886096,0,0,2784,348.000
1764840175.6926174,1,1,2481,310.125
1764840175.696614,0,0,864,108.000
1764840175.7006164,0,0,-1765,-220.625
1764840175.7046134,0,0,134,16.750
1764840175.7086112,0,0,2330,291.250
1764840175.7126138,1,1,2270,283.750
1764840175.7166145,0,0,935,116.875
1764840175.72062,0,0,-1891,-236.375
1764840175.724614,0,0,702,87.750
1764840175.7286096,0,0,2945,368.125
1764840175.732632,1,1,2589,323.625
1764840175.7366242,0,0,1056,132.000
1764840175.7406197,0,0,-1772,-221.500
1764840175.7446175,0,0,2666,333.250
1764840175.7486107,0,0,2512,314.000
1764840175.7526138,1,1,1192,149.000
1764840175.7566125,0,0,-2060,-257.500
1764840175.7606564,0,0,642,80.250
1764840175.7645998,0,0,3014,376.750
1764840175.768593,0,0,2669,333.625
1764840175.7726142,1,1,1251,156.375
1764840175.7766135,0,0,-1884,-235.500
1764840175.780617,0,0,271,33.875
1764840175.7846162,0,0,2737,342.125
1764840175.7886105,0,0,2566,320.750
1764840175.7926176,1,1,1315,164.375
1764840175.7966135,0,0,-1930,-241.250
1764840175.8006177,0,0,392,49.000
1764840175.8045971,0,0,2949,368.625
1764840175.8085926,0,0,2705,338.125
1764840175.8126085,1,1,1405,175.625
1764840175.8167105,0,0,-1759,-219.875
1764840175.8206367,0,0,81,10.125
1764840175.8246005,0,0,2752,344.000
1764840175.828596,0,0,2665,333.125
1764840175.8326132,1,1,1492,186.500
1764840175.8366094,0,0,-1942,-242.750
1764840175.8406146,0,0,311,38.875
1764840175.844599,0,0,3019,377.375
1764840175.8485966,0,0,2804,350.500
1764840175.8526108,1,1,1540,192.500
1764840175.8566074,0,0,-1834,-229.250
1764840175.860649,0,0,-43,-5.375
1764840175.8646133,0,0,2683,335.375
1764840175.8686113,0,0,2638,329.750
1764840175.8726156,1,1,1547,193.375
1764840175.87661,0,0,-1804,-225.500
1764840175.8806164,0,0,130,16.250
1764840175.8846142,0,0,2995,374.375
1764840175.8886101,0,0,2856,357.000
1764840175.8926153,1,1,1643,205.375
1764840175.8966084,0,0,-1553,-194.125
1764840175.900612,0,0,-319,-39.875
1764840175.904612,0,0,2607,325.875
1764840175.9086108,0,0,2703,337.875
1764840175.9126146,1,1,1673,209.125
1764840175.9166079,0,0,-1318,-164.750
1764840175.920611,0,0,-743,-92.875
1764840175.9246092,0,0,2207,275.875
1764840175.9286118,0,0,2548,318.500
1764840175.932613,1,1,1720,215.000
1764840175.9366052,0,0,-1546,-193.250
1764840175.9406123,0,0,-392,-49.000
1764840175.9446099,0,0,2642,330.250
1764840175.9486096,0,0,2791,348.875
1764840175.9526129,1,1,1783,222.875
1764840175.956615,0,0,-1488,-186.000
1764840175.9606209,0,0,-450,-56.250
1764840175.9645963,0,0,2654,331.750
1764840175.9685936,0,0,2837,354.625
1764840175.97261,1,1,1819,227.375
1764840175.9766107,0,0,-1182,-147.750
1764840175.9806125,0,0,-824,-103.000
1764840175.9845922,0,0,2286,285.750
1764840175.9885912,0,0,2685,335.625
1764840175.9926138,1,1,1834,229.250
1764840175.9966123,0,0,-1280,-160.000
1764840176.0006166,0,0,-606,-75.750
1764840176.0046093,0,0,2658,332.250
1764840176.0086064,0,0,2948,368.500
1764840176.0126154,1,1,1924,240.500
1764840176.0167053,0,0,-888,-111.000
1764840176.020638,0,0,-1157,-144.625
1764840176.0245929,0,0,2013,251.625
1764840176.02859,0,0,2653,331.625
1764840176.0326135,1,0,1921,240.125
1764840176.0366118,0,0,-969,-121.125
1764840176.0406165,0,0,-1027,-128.375
1764840176.0445962,0,0,2232,279.000
1764840176.0485923,0,0,2800,350.000
1764840176.052611,1,1,1966,245.750
1764840176.0566084,0,0,-1017,-127.125
1764840176.0606108,0,0,-988,-123.500
1764840176.064624,0,0,2336,292.000
1764840176.068607,0,0,2893,361.625
1764840176.0725977,1,1,1999,249.875
1764840176.0765896,0,0,-717,-89.625
1764840176.0805986,0,0,-1211,-151.375
1764840176.084609,0,0,2140,267.500
1764840176.0886047,0,0,2892,361.500
1764840176.092608,1,1,2072,259.000
1764840176.0966117,0,0,-654,-81.750
1764840176.1006162,0,0,-1269,-158.625
1764840176.1046088,0,0,2064,258.000
1764840176.1086042,0,0,2893,361.625
1764840176.1126053,1,1,2097,262.125
1764840176.1166043,0,0,-745,-93.125
1764840176.1206133,0,0,-1208,-151.000
1764840176.1245918,0,0,2225,278.125
1764840176.1285896,0,0,2995,374.375
1764840176.1326091,0,0,2110,263.750
1764840176.1366053,0,0,-578,-72.250
1764840176.1406116,0,0,-1307,-163.375
1764840176.1446097,0,0,2089,261.125
1764840176.1486065,0,0,2985,373.125
1764840176.152609,1,1,2141,267.625
1764840176.1566024,0,0,-463,-57.875
1764840176.1606102,0,0,-1416,-177.000
1764840176.1646438,0,0,1743,217.875
1764840176.1686063,0,0,2824,353.000
1764840176.172596,1,1,2126,265.750
1764840176.1765885,0,0,-454,-56.750
1764840176.1805975,0,0,-1406,-175.750
1764840176.184609,0,0,1967,245.875
1764840176.1886063,0,0,3006,375.750
1764840176.1926122,0,0,2194,274.250
1764840176.1966019,0,0,-268,-33.500
1764840176.200608,0,0,-1500,-187.500
1764840176.204607,0,0,968,121.000
1764840176.2086055,0,0,2489,311.125
1764840176.2126093,0,0,2157,269.625
1764840176.2166991,0,0,-147,-18.375
1764840176.220629,0,0,-1526,-190.750
1764840176.224589,0,0,963,120.375
1764840176.2285914,0,0,2514,314.250
1764840176.2326083,1,0,2179,272.375
1764840176.2366052,0,0,-140,-17.500
1764840176.2406104,0,0,-1524,-190.500
1764840176.2449708,0,0,2043,255.375
1764840176.2487934,0,0,3246,405.750
1764840176.2526417,0,0,2379,297.375
1764840176.2566082,0,0,-102,-12.750
1764840176.2606053,0,0,-1583,-197.875
1764840176.2646384,0,0,1203,150.375
1764840176.268592,0,0,2713,339.125
1764840176.2726092,0,0,2223,277.875
1764840176.2766063,0,0,7,0.875
1764840176.2806058,0,0,-1586,-198.250
1764840176.2845886,0,0,1483,185.375
1764840176.2885869,0,0,3011,376.375
1764840176.2925887,0,0,2367,295.875
1764840176.2965894,0,0,112,14.000
1764840176.300596,0,0,-1552,-194.000
1764840176.3046052,0,0,1146,143.250
1764840176.3086028,0,0,2842,355.250
1764840176.3126056,0,0,2347,293.375
1764840176.3166063,0,0,264,33.000
1764840176.3206077,0,0,-1692,-211.500
1764840176.3246052,0,0,1145,143.125
1764840176.3286047,0,0,2869,358.625
1764840176.3326104,0,0,2360,295.000
1764840176.336605,0,0,349,43.625
1764840176.3406093,0,0,-1650,-206.250
1764840176.344601,0,0,991,123.875
1764840176.3486044,0,0,2841,355.125
1764840176.3526106,0,0,2392,299.000
1764840176.3566108,0,0,510,63.750
1764840176.3606186,0,0,-1875,-234.375
1764840176.3646245,0,0,1432,179.000
1764840176.3685899,0,0,3260,407.500
1764840176.3726068,1,0,2577,322.125
1764840176.3766062,0,0,580,72.500
1764840176.380607,0,0,-1649,-206.125
1764840176.384587,0,0,631,78.875
1764840176.3885884,0,0,2694,336.750
1764840176.392607,0,0,2392,299.000
1764840176.396606,0,0,717,89.625
1764840176.4006119,0,0,655,81.875
1764840176.4046068,0,0,2760,345.000
1764840176.4085996,0,0,2438,304.750
1764840176.4125934,0,0,816,102.000
1764840176.4219184,0,0,400,50.000
1764840176.4246342,0,0,2632,329.000
1764840176.4286077,0,0,2435,304.375
1764840176.4326031,1,0,958,119.750
1764840176.436587,0,0,-1761,-220.125
1764840176.440608,0,0,485,60.625
1764840176.4446054,0,0,2794,349.250
1764840176.4486055,0,0,2550,318.750
1764840176.452593,0,0,1102,137.750
1764840176.4565825,0,0,-2008,-251.000
1764840176.4606094,0,0,821,102.625
1764840176.4646058,0,0,3128,391.000
1764840176.4686441,0,0,2698,337.250
1764840176.4726098,0,0,1170,146.250
1764840176.4766026,0,0,-1831,-228.875
1764840176.4806046,0,0,416,52.000
1764840176.4846056,0,0,2857,357.125
1764840176.488602,0,0,2617,327.125
1764840176.4926057,1,0,1264,158.000
1764840176.496606,0,0,-2054,-256.750
1764840176.5006123,0,0,525,65.625
1764840176.5045898,0,0,2948,368.500
1764840176.5085857,0,0,2640,330.000
1764840176.512603,0,0,1298,162.250
1764840176.5166004,0,0,-1923,-240.375
1764840176.5206022,0,0,319,39.875
1764840176.5245845,0,0,2840,355.000
1764840176.5285857,0,0,2623,327.875
1764840176.532601,0,0,1362,170.250
1764840176.5365996,0,0,-1793,-224.125
1764840176.5406024,0,0,171,21.375
1764840176.5445986,0,0,2817,352.125
1764840176.548601,0,0,2670,333.750
1764840176.5525932,0,0,1458,182.250
1764840176.5565858,0,0,-1734,-216.750
1764840176.5605896,0,0,-13,-1.625
1764840176.564599,0,0,2702,337.750
1764840176.568616,0,0,2646,330.750
1764840176.5726054,0,0,1522,190.250
1764840176.5766006,0,0,-1782,-222.750
1764840176.580601,0,0,-6,-0.750
1764840176.5845852,0,0,2767,345.875
1764840176.5885828,0,0,2703,337.875
1764840176.5925999,0,0,1575,196.875
1764840176.5965996,0,0,-1772,-221.500
1764840176.600605,0,0,-33,-4.125
1764840176.6046016,0,0,2815,351.875
1764840176.6085963,0,0,2761,345.125
1764840176.6126013,0,0,1627,203.375
1764840176.6166005,0,0,-1623,-202.875
1764840176.6206915,0,0,-317,-39.625
1764840176.624614,0,0,2565,320.625
1764840176.6285982,0,0,2656,332.000
1764840176.6325977,0,0,1654,206.750
1764840176.6365857,0,0,-1639,-204.875
1764840176.6405952,0,0,26,3.250
1764840176.6446002,0,0,3121,390.125
1764840176.6485996,0,0,3038,379.750
1764840176.65259,0,0,1790,223.750
1764840176.6565838,0,0,-1431,-178.875
1764840176.6605942,0,0,-444,-55.500
1764840176.6646042,0,0,2606,325.750
1764840176.6686358,0,1,2767,345.875
1764840176.6726074,0,0,1754,219.250
1764840176.6766033,0,0,-1305,-163.125
1764840176.680606,0,0,-580,-72.500
1764840176.6846027,0,0,2545,318.125
1764840176.6885998,0,0,2786,348.250
1764840176.692603,0,0,1806,225.750
1764840176.6966012,0,0,-1053,-131.625
1764840176.7006035,0,0,-969,-121.125
1764840176.7046,0,0,2140,267.500
1764840176.7086024,0,1,2626,328.250
1764840176.7126036,0,0,1834,229.250
1764840176.7165976,0,0,-1265,-158.125
1764840176.7206059,0,0,-696,-87.000
1764840176.724603,0,0,2508,313.500
1764840176.728602,0,1,2841,355.125
1764840176.7326016,0,0,1884,235.500
1764840176.736596,0,0,-941,-117.625
1764840176.7406023,0,0,-1181,-147.625
1764840176.744601,0,0,1897,237.125
1764840176.7485995,0,1,2528,316.000
1764840176.7526047,0,0,1851,231.375
1764840176.7565987,0,0,-974,-121.750
1764840176.7606046,0,0,-1091,-136.375
1764840176.7646065,0,0,2099,262.375
1764840176.7686484,1,1,2696,337.000
1764840176.7725942,0,0,1922,240.250
1764840176.7765799,0,0,-936,-117.000
1764840176.7806015,0,0,-982,-122.750
1764840176.7846014,0,0,2397,299.625
1764840176.7886002,1,1,2959,369.875
1764840176.792593,0,0,2033,254.125
1764840176.7965794,0,0,-794,-99.250
1764840176.8005867,0,0,-1188,-148.500
1764840176.8045998,0,0,2105,263.125
1764840176.8085997,1,1,2802,350.250
1764840176.8125978,0,0,2001,250.125
1764840176.8165956,0,0,-683,-85.375
1764840176.8206897,0,0,-1269,-158.625
1764840176.8246186,0,0,2055,256.875
1764840176.8285997,1,1,2864,358.000
1764840176.8325953,0,0,2071,258.875
1764840176.83658,0,0,-670,-83.750
1764840176.8405857,0,0,-1214,-151.750
1764840176.8445952,0,0,2258,282.250
1764840176.8485813,1,1,3042,380.250
1764840176.8525786,0,0,2137,267.125
1764840176.8565824,0,0,-591,-73.875
1764840176.860589,0,0,-1343,-167.875
1764840176.864599,0,0,1998,249.750
1764840176.8686,1,1,2889,361.125
1764840176.8726454,0,0,2088,261.000
1764840176.876597,0,0,-610,-76.250
1764840176.8805985,0,0,-1361,-170.125
1764840176.8845954,0,0,2034,254.250
1764840176.888595,1,1,2951,368.875
1764840176.892602,0,0,2112,264.000
1764840176.8965967,0,0,-562,-70.250
1764840176.9005978,0,0,-1394,-174.250
1764840176.9046001,0,0,2034,254.250
1764840176.908604,1,1,3000,375.000
1764840176.9125938,0,0,2137,267.125
1764840176.916581,0,0,-396,-49.500
1764840176.9205906,0,0,-1462,-182.750
1764840176.9245965,0,0,1674,209.250
1764840176.9285955,1,1,2838,354.750
1764840176.932589,0,0,2123,265.375
1764840176.936582,0,0,-371,-46.375
1764840176.9405913,0,0,-1463,-182.875
1764840176.9445965,0,0,1903,237.875
1764840176.9485931,1,1,3060,382.500
1764840176.9525983,0,0,2219,277.375
1764840176.9565964,0,0,-213,-26.625
1764840176.9606018,0,0,-1492,-186.500
1764840176.9645982,0,0,1254,156.750
1764840176.9685938,1,1,2710,338.750
1764840176.9726105,0,0,2176,272.000
1764840176.976594,0,0,-33,-4.125
1764840176.9806015,0,0,-1488,-186.000
1764840176.9845989,0,0,142,17.750
1764840176.9885917,1,1,1996,249.500
1764840176.992598,0,0,2020,252.500
1764840176.9965968,0,0,82,10.250
1764840177.0006025,0,0,-1718,-214.750
1764840177.0045977,0,0,1730,216.250
1764840177.0085952,1,1,3161,395.125
1764840177.0125988,0,0,2402,300.250
1764840177.016595,0,0,111,13.875
1764840177.0206897,0,0,-1629,-203.625
1764840177.024614,0,0,1521,190.125
1764840177.0285983,1,1,3103,387.875
1764840177.0325918,0,0,2415,301.875
1764840177.0365777,0,0,230,28.750
1764840177.0405872,0,0,-1690,-211.250
1764840177.0445971,0,0,1475,184.375
1764840177.0485976,1,1,3127,390.875
1764840177.0525868,0,0,341,42.625
1764840177.0565767,0,0,-1715,-214.375
1764840177.0605905,0,0,1473,184.125
1764840177.0646,0,0,3215,401.875
1764840177.068597,1,1,2506,313.250
1764840177.072615,0,0,446,55.750
1764840177.0765975,0,0,-1684,-210.500
1764840177.0805953,0,0,1055,131.875
1764840177.084597,0,0,2946,368.250
1764840177.0885954,1,1,2424,303.000
1764840177.092587,0,0,535,66.875
1764840177.096575,0,0,-1648,-206.000
1764840177.1005833,0,0,738,92.250
1764840177.1045976,0,0,2768,346.000
1764840177.1085963,1,1,2394,299.250
1764840177.1126013,0,0,697,87.125
1764840177.1165924,0,0,-1880,-235.000
1764840177.1205964,0,0,997,124.625
1764840177.1245944,0,0,3009,376.125
1764840177.1285942,1,1,2494,311.750
1764840177.1325986,0,0,776,97.000
1764840177.136592,0,0,-1868,-233.500
1764840177.1405964,0,0,988,123.500
1764840177.1445935,0,0,3084,385.500
1764840177.148594,1,1,2554,319.250
1764840177.1525998,0,0,876,109.500
1764840177.1565948,0,0,-1746,-218.250
1764840177.1605935,0,0,473,59.125
1764840177.1645868,0,0,2719,339.875
1764840177.1685941,1,1,2437,304.625
1764840177.1726217,0,0,978,122.250
1764840177.176612,0,0,-1782,-222.750
1764840177.1805997,0,0,340,42.500
1764840177.1845753,0,0,2676,334.500
1764840177.1885736,1,1,2456,307.000
1764840177.1925943,0,0,1093,136.625
1764840177.1965923,0,0,-1741,-217.625
1764840177.2005916,0,0,-1,-0.125
1764840177.2045758,0,0,2397,299.625
1764840177.208574,1,1,2349,293.625
1764840177.2125943,0,0,1169,146.125
1764840177.216591,0,0,-1793,-224.125
1764840177.2206807,0,0,211,26.375
1764840177.2246082,0,0,2711,338.875
1764840177.228592,1,1,2553,319.125
1764840177.232589,0,0,1314,164.250
1764840177.2365792,0,0,-2022,-252.750
1764840177.2405849,0,0,376,47.000
1764840177.2449648,0,0,2869,358.625
1764840177.2487726,1,1,2617,327.125
1764840177.2526162,0,0,1357,169.625
1764840177.2565935,0,0,-2027,-253.375
1764840177.2605991,0,0,409,51.125
1764840177.2645843,0,0,2981,372.625
1764840177.2685752,1,1,2701,337.625
1764840177.272579,0,0,1411,176.375
1764840177.2766197,0,0,-1700,-212.500
1764840177.2805855,0,0,-142,-17.750
1764840177.2845945,0,0,2546,318.250
1764840177.2885911,1,1,2545,318.125
1764840177.2925918,0,0,1471,183.875
1764840177.2966,0,0,-1740,-217.500
1764840177.3006027,0,0,-41,-5.125
1764840177.3045902,0,0,2716,339.500
1764840177.3085747,1,1,2662,332.750
1764840177.312595,0,0,1548,193.500
1764840177.3165915,0,0,-1869,-233.625
1764840177.3205962,0,0,121,15.125
1764840177.324578,0,0,2937,367.125
1764840177.3285778,1,1,2791,348.875
1764840177.332596,0,0,1600,200.000
1764840177.3365912,0,0,-1747,-218.375
1764840177.3405974,0,0,-85,-10.625
1764840177.344593,0,0,2786,348.250
1764840177.3485918,1,1,2737,342.125
1764840177.3525972,0,0,1625,203.125
1764840177.3565886,0,0,-1576,-197.000
1764840177.3605971,0,0,-245,-30.625
1764840177.364594,0,0,2737,342.125
1764840177.3685915,1,1,2776,347.000
1764840177.3725932,0,0,1692,211.500
1764840177.3766236,0,0,-1628,-203.500
1764840177.3805952,0,0,-169,-21.125
1764840177.384592,0,0,2889,361.125
1764840177.388591,1,1,2885,360.625
1764840177.392598,0,0,1737,217.125
1764840177.396587,0,0,-1330,-166.250
1764840177.4005914,0,0,-553,-69.125
1764840177.4045932,0,0,2548,318.500
1764840177.408592,1,1,2755,344.375
1764840177.412595,0,0,1759,219.875
1764840177.4165876,0,0,-1256,-157.000
1764840177.4259908,0,0,2581,322.625
1764840177.4286146,1,1,2829,353.625
1764840177.4325986,0,0,1822,227.750
1764840177.436573,0,0,-1494,-186.750
1764840177.4405937,0,0,-160,-20.000
1764840177.4445896,0,0,3138,392.250
1764840177.44859,1,1,3144,393.000
1764840177.452583,0,0,1877,234.625
1764840177.4565752,0,0,-1433,-179.125
1764840177.4605935,0,0,-206,-25.750
1764840177.4645932,0,0,3147,393.375
1764840177.4685912,1,1,3173,396.625
1764840177.4725962,0,0,1878,234.750
1764840177.4766264,0,0,-1364,-170.500
1764840177.4805965,0,0,-353,-44.125
1764840177.484591,0,0,3063,382.875
1764840177.4885895,1,1,3167,395.875
1764840177.492591,0,0,1884,235.500
1764840177.4965935,0,0,-1132,-141.500
1764840177.5005898,0,0,-824,-103.000
1764840177.50459,0,0,2492,311.500
1764840177.508586,1,1,2857,357.125
1764840177.5125952,0,0,1813,226.625
1764840177.5165892,0,0,-1204,-150.500
1764840177.5205913,0,0,-290,-36.250
1764840177.5245888,0,0,3321,415.125
1764840177.528585,1,1,3410,426.250
1764840177.5325787,0,0,1960,245.000
1764840177.5365727,0,0,-893,-111.625
1764840177.540582,0,0,-896,-112.000
1764840177.5445883,0,0,2653,331.625
1764840177.5485861,1,1,3090,386.250
1764840177.5525796,0,0,1915,239.375
1764840177.5565732,0,0,-1022,-127.750
1764840177.5605762,0,0,-787,-98.375
1764840177.5645874,0,0,2845,355.625
1764840177.568587,1,1,3229,403.625
1764840177.5725906,0,0,1941,242.625
1764840177.5765953,0,0,-816,-102.000
1764840177.580604,0,0,-970,-121.250
1764840177.5845902,0,0,2711,338.875
1764840177.588587,1,1,3229,403.625
1764840177.592591,0,0,1972,246.500
1764840177.5965893,0,0,-638,-79.750
1764840177.6005924,0,0,-1139,-142.375
1764840177.6045742,0,0,2491,311.375
1764840177.60857,1,1,3161,395.125
1764840177.6125891,0,0,1980,247.500
1764840177.616585,0,0,-636,-79.500
1764840177.6205924,0,0,-1306,-163.250
1764840177.6246812,0,0,2108,263.500
1764840177.6286056,1,1,2875,359.375
1764840177.6325874,0,0,1856,232.000
1764840177.6365697,0,0,-565,-70.625
1764840177.6405776,0,0,-1301,-162.625
1764840177.6445878,0,0,2185,273.125
1764840177.6485875,1,1,3037,379.625
1764840177.6525767,0,0,1957,244.625
1764840177.6565707,0,0,-483,-60.375
1764840177.6605818,0,0,-1330,-166.250
1764840177.664595,0,0,2170,271.250
1764840177.66859,1,1,3097,387.125
1764840177.6725917,0,0,2001,250.125
1764840177.6765869,0,0,-461,-57.625
1764840177.6806297,0,0,-1367,-170.875
1764840177.6845913,0,0,2137,267.125
1764840177.6885874,1,1,3123,390.375
1764840177.6925921,0,0,2018,252.250
1764840177.6965885,0,0,-426,-53.250
1764840177.7005894,0,0,-1390,-173.750
1764840177.7045903,0,0,2247,280.875
1764840177.7085934,1,1,2076,259.500
1764840177.7125924,0,0,-337,-42.125
1764840177.7165713,0,0,-1423,-177.875
1764840177.720579,0,0,1965,245.625
1764840177.7245886,0,0,3135,391.875
1764840177.7285898,1,1,2074,259.250
1764840177.7325804,0,0,-187,-23.375
1764840177.7365701,0,0,-1461,-182.625
1764840177.7405753,0,0,605,75.625
1764840177.7445889,0,0,2329,291.125
1764840177.7485924,1,1,1923,240.375
1764840177.7525935,0,0,-13,-1.625
1764840177.7565877,0,0,-1742,-217.750
1764840177.760589,0,0,1652,206.500
1764840177.7645848,0,0,3020,377.500
1764840177.7685862,1,1,2100,262.500
1764840177.7725906,0,0,-13,-1.625
1764840177.7765875,0,0,-1598,-199.750
1764840177.7806246,0,0,1632,204.000
1764840177.7845848,0,0,3128,391.000
1764840177.7885826,1,1,2192,274.000
1764840177.7925932,0,0,95,11.875
1764840177.7965863,0,0,-1553,-194.125
1764840177.8005867,0,0,1442,180.250
1764840177.8045695,0,0,3104,388.000
1764840177.8085666,1,1,2241,280.125
1764840177.812585,0,0,247,30.875
1764840177.8165834,0,0,-1778,-222.250
1764840177.8205898,0,0,1708,213.500
1764840177.8246744,0,0,3340,417.500
1764840177.828594,1,1,2327,290.875
1764840177.8325841,0,0,316,39.500
1764840177.8365686,0,0,-1781,-222.625
1764840177.8405917,0,0,1128,141.000
1764840177.8445823,0,0,2886,360.750
1764840177.8485801,1,1,2139,267.375
1764840177.8526282,0,0,385,48.125
1764840177.8566053,0,0,-1777,-222.125
1764840177.860595,0,0,1151,143.875
1764840177.8645704,0,0,3025,378.125
1764840177.8685656,1,1,2250,281.250
1764840177.8725848,0,0,469,58.625
1764840177.8765855,0,0,-1615,-201.875
1764840177.8806,0,0,401,50.125
1764840177.88459,0,0,2510,313.750
1764840177.888581,1,1,2111,263.875
1764840177.8925889,0,0,625,78.125
1764840177.896607,0,0,-1698,-212.250
1764840177.9005904,0,0,307,38.375
1764840177.9045713,0,0,2473,309.125
1764840177.9085655,1,1,2125,265.625
1764840177.9125838,0,0,715,89.375
1764840177.916584,0,0,-1599,-199.875
1764840177.9205909,0,0,88,11.000
1764840177.9245694,0,0,2428,303.500
1764840177.9285674,1,1,2203,275.375
1764840177.932583,0,0,883,110.375
1764840177.936581,0,0,-1640,-205.000
1764840177.9405837,0,0,105,13.125
1764840177.9445837,0,0,2540,317.500
1764840177.9485831,1,1,2317,289.625
1764840177.952587,0,0,1025,128.125
1764840177.9565816,0,0,-1623,-202.875
1764840177.9605846,0,0,-67,-8.375
1764840177.9645844,0,0,2447,305.875
1764840177.9685824,1,1,2322,290.250
1764840177.9725857,0,0,1131,141.375
1764840177.9765787,0,0,-1649,-206.125
1764840177.980583,0,0,-192,-24.000
1764840177.9846942,0,0,2360,295.000
1764840177.9886286,1,1,2306,288.250
1764840177.9926338,0,0,1210,151.250
1764840177.9966238,0,0,-1441,-180.125
1764840178.000628,0,0,-898,-112.250
1764840178.004644,0,0,1587,198.375
1764840178.0086267,1,1,1926,240.750
1764840178.012635,0,0,1234,154.250
1764840178.0166242,0,0,-1746,-218.250
1764840178.0206277,0,0,-1,-0.125
1764840178.0247245,0,0,2725,340.625
1764840178.0286412,1,1,2599,324.875
1764840178.0326283,0,0,1438,179.750
1764840178.0366077,0,0,-1698,-212.250
1764840178.0406141,0,0,-49,-6.125
1764840178.0446281,0,0,2759,344.875
1764840178.04863,1,1,2654,331.750
1764840178.0526206,0,0,1503,187.875
1764840178.056609,0,0,-1670,-208.750
1764840178.0606177,0,0,-4,-0.500
1764840178.0646265,0,0,2932,366.500
1764840178.0686274,1,1,2808,351.000
1764840178.0726368,0,0,1591,198.875
1764840178.0766304,0,0,-1414,-176.750
1764840178.0806274,0,0,-524,-65.500
1764840178.0846446,0,0,2430,303.750
1764840178.0885842,1,1,2589,323.625
1764840178.092587,0,0,1612,201.500
1764840178.0965886,0,0,-1445,-180.625
1764840178.1005893,0,0,-437,-54.625
1764840178.1045694,0,0,2569,321.125
1764840178.1085637,1,1,2683,335.375
1764840178.112566,0,0,1657,207.125
1764840178.1165674,0,0,-1182,-147.750
1764840178.1205688,0,0,-1074,-134.250
1764840178.124563,0,0,1758,219.750
1764840178.1285605,1,1,2235,279.375
1764840178.1325808,0,0,1592,199.000
1764840178.1365833,0,0,-1370,-171.250
1764840178.1405826,0,0,-488,-61.000
1764840178.1445768,0,0,2687,335.875
1764840178.1485765,1,1,2859,357.375
1764840178.1525846,0,0,1797,224.625
1764840178.1565804,0,0,-1090,-136.250
1764840178.1605825,0,0,-827,-103.375
1764840178.1645775,0,0,2386,298.250
1764840178.1685767,1,1,2764,345.500
1764840178.1725786,0,0,1837,229.625
1764840178.1765776,0,0,-1090,-136.250
1764840178.180583,0,0,-807,-100.875
1764840178.1845953,0,0,2463,307.875
1764840178.1885777,1,1,2844,355.500
1764840178.1925797,0,0,1877,234.625
1764840178.196577,0,0,-876,-109.500
1764840178.2005842,0,0,-1032,-129.000
1764840178.20458,0,0,2289,286.125
1764840178.2085729,1,1,2832,354.000
1764840178.212581,0,0,1938,242.250
1764840178.2165754,0,0,-968,-121.000
1764840178.2205825,0,0,-841,-105.125
1764840178.2246776,0,0,2624,328.000
1764840178.2285914,1,1,3069,383.625
1764840178.2325804,0,0,2009,251.125
1764840178.2365634,0,0,-797,-99.625
1764840178.2405722,0,0,-1141,-142.625
1764840178.244965,0,0,2201,275.125
1764840178.2487612,1,1,2839,354.875
1764840178.2525878,0,0,1962,245.250
1764840178.2565618,0,0,-732,-91.500
1764840178.2605717,0,0,-1167,-145.875
1764840178.2645698,0,0,2239,279.875
1764840178.268565,1,1,2921,365.125
1764840178.2725852,0,0,2012,251.500
1764840178.27658,0,0,-653,-81.625
1764840178.2805796,0,0,-1265,-158.125
1764840178.2845812,0,0,2085,260.625
1764840178.288615,1,1,2881,360.125
1764840178.292585,0,0,2028,253.500
1764840178.296575,0,0,-539,-67.375
1764840178.300581,0,0,-1408,-176.000
1764840178.3045728,0,0,1638,204.750
1764840178.3085973,1,1,2688,336.000
1764840178.3125882,0,0,2037,254.625
1764840178.316577,0,0,-687,-85.875
1764840178.3205786,0,0,-1196,-149.500
1764840178.3245645,0,0,2380,297.500
1764840178.3285642,1,1,3164,395.500
1764840178.3325796,0,0,2151,268.875
1764840178.336576,0,0,-465,-58.125
1764840178.3405845,0,0,-1385,-173.125
1764840178.344582,0,0,1885,235.625
1764840178.3485804,1,1,2916,364.500
1764840178.352588,0,0,2113,264.125
1764840178.356583,0,0,-363,-45.375
1764840178.3605826,0,0,1275,159.375
1764840178.364581,0,0,2566,320.750
1764840178.3685825,1,1,2042,255.250
1764840178.372586,0,0,-341,-42.625
1764840178.376581,0,0,-1397,-174.625
1764840178.3805802,0,0,2063,257.875
1764840178.3845758,0,0,3201,400.125
1764840178.3886175,1,1,2284,285.500
1764840178.3925881,0,0,-232,-29.000
1764840178.3965805,0,0,-1430,-178.750
1764840178.4005833,0,0,1780,222.500
1764840178.4045777,0,0,3074,384.250
1764840178.408577,1,1,2270,283.750
1764840178.4125724,0,0,-174,-21.750
1764840178.4165647,0,0,-1446,-180.750
1764840178.42058,0,0,1914,239.250
1764840178.4299068,1,1,2345,293.125
1764840178.4326208,0,0,-19,-2.375
1764840178.4365878,0,0,-1400,-175.000
1764840178.4405828,0,0,2370,296.250
1764840178.4445646,0,0,3484,435.500
1764840178.4485612,1,1,2357,294.625
1764840178.4525795,0,0,-94,-11.750
1764840178.4565794,0,0,-1508,-188.500
1764840178.4605813,0,0,1485,185.625
1764840178.4645634,0,0,2984,373.000
1764840178.4685583,1,1,2244,280.500
1764840178.4725807,0,0,45,5.625
1764840178.4765775,0,0,-1536,-192.000
1764840178.4805832,0,0,1823,227.875
1764840178.4845788,0,0,3343,417.875
1764840178.4886103,1,1,2431,303.875
1764840178.4925797,0,0,162,20.250
1764840178.4965794,0,0,-1434,-179.250
1764840178.5005805,0,0,105,13.125
1764840178.5045757,0,0,2201,275.125
1764840178.5085738,1,1,2147,268.375
1764840178.5125833,0,0,420,52.500
1764840178.5165706,0,0,-1700,-212.500
1764840178.520581,0,0,960,120.000
1764840178.5245779,0,0,2817,352.125
1764840178.5285757,1,1,2333,291.625
1764840178.532576,0,0,486,60.750
1764840178.536572,0,0,-1753,-219.125
1764840178.5405784,0,0,1277,159.625
1764840178.5445757,0,0,3169,396.125
1764840178.5485747,1,1,2511,313.875
1764840178.5525668,0,0,603,75.375
1764840178.5565557,0,0,-1748,-218.500
1764840178.560566,0,0,975,121.875
1764840178.5645769,0,0,2974,371.750
1764840178.568576,1,1,2449,306.125
1764840178.5725737,0,0,719,89.875
1764840178.5765722,0,0,-1840,-230.000
1764840178.580578,0,0,1102,137.750
1764840178.5845757,0,0,3162,395.250
1764840178.588588,1,1,2556,319.500
1764840178.592582,0,0,813,101.625
1764840178.596572,0,0,-1838,-229.750
1764840178.6005735,0,0,901,112.625
1764840178.6045716,0,0,3051,381.375
1764840178.608573,1,1,2527,315.875
1764840178.612577,0,0,903,112.875
1764840178.6165724,0,0,-1827,-228.375
1764840178.6205754,0,0,608,76.000
1764840178.624574,0,0,2885,360.625
1764840178.6286664,1,1,2499,312.375
1764840178.632589,0,0,1026,128.250
1764840178.6365614,0,0,-2055,-256.875
1764840178.6405644,0,0,778,97.250
1764840178.6445746,0,0,3025,378.125
1764840178.6485763,1,1,2538,317.250
1764840178.6525664,0,0,1042,130.250
1764840178.6565585,0,0,-1776,-222.000
1764840178.6605663,0,0,392,49.000
1764840178.6645749,0,0,2820,352.500
1764840178.6685748,1,1,2516,314.500
1764840178.6725824,0,0,1153,144.125
1764840178.6765745,0,0,-1631,-203.875
1764840178.680578,0,0,-233,-29.125
1764840178.6845756,0,0,2284,285.500
1764840178.6885757,1,1,2312,289.000
1764840178.692618,0,0,1236,154.500
1764840178.6965754,0,0,-1650,-206.250
1764840178.7005756,0,0,-123,-15.375
1764840178.7045763,0,0,2479,309.875
1764840178.708572,1,1,2454,306.750
1764840178.7125793,0,0,1349,168.625
1764840178.7165751,0,0,-1610,-201.250
1764840178.7205799,0,0,-403,-50.375
1764840178.7245736,0,0,2231,278.875
1764840178.7285738,1,1,2359,294.875
1764840178.7325892,0,0,1404,175.500
1764840178.7365844,0,0,-1477,-184.625
1764840178.7405837,0,0,-551,-68.875
1764840178.7445614,0,0,2209,276.125
1764840178.748576,1,1,2435,304.375
1764840178.7525756,0,0,1542,192.750
1764840178.7565758,0,0,-1802,-225.250
1764840178.760579,0,0,19,2.375
1764840178.7645578,0,0,2829,353.625
1764840178.7685547,1,1,2750,343.750
1764840178.7725747,0,0,1617,202.125
1764840178.7765744,0,0,-1693,-211.625
1764840178.7805803,0,0,-117,-14.625
1764840178.784576,0,0,2774,346.750
1764840178.7885697,1,1,2761,345.125
1764840178.7925773,0,0,1670,208.750
1764840178.796572,0,0,-1627,-203.375
1764840178.800578,0,0,-319,-39.875
1764840178.804559,0,0,2588,323.500
1764840178.8085508,1,1,2678,334.750
1764840178.8125706,0,0,1678,209.750
1764840178.8165712,0,0,-1403,-175.375
1764840178.8205764,0,0,-584,-73.000
1764840178.8245726,0,0,2388,298.500
1764840178.8286602,1,1,2627,328.375
1764840178.8325899,0,0,1726,215.750
1764840178.8365574,0,0,-1522,-190.250
1764840178.8405745,0,0,-556,-69.500
1764840178.844573,0,0,2420,302.500
1764840178.848574,1,1,2645,330.625
1764840178.852562,0,0,1737,217.125
1764840178.8565536,0,0,-1195,-149.375
1764840178.8605723,0,0,-820,-102.500
1764840178.8645751,0,0,2268,283.500
1764840178.8685727,1,1,2661,332.625
1764840178.8725793,0,0,1819,227.375
1764840178.8765705,0,0,-1231,-153.875
1764840178.8805714,0,0,-834,-104.250
1764840178.8845646,0,0,2264,283.000
1764840178.8885562,1,1,2669,333.625
1764840178.8925734,0,0,1835,229.375
1764840178.8965542,0,0,-1173,-146.625
1764840178.9005694,0,0,-876,-109.500
1764840178.9045708,0,0,2277,284.625
1764840178.9085715,1,1,2718,339.750
1764840178.9125755,0,0,1872,234.000
1764840178.916569,0,0,-1252,-156.500
1764840178.9205747,0,0,-735,-91.875
1764840178.9245734,0,0,2562,320.250
1764840178.9285724,1,1,2938,367.250
1764840178.9325755,0,0,1951,243.875
1764840178.9365795,0,0,-1033,-129.125
1764840178.9405825,0,0,-1037,-129.625
1764840178.9445586,0,0,2176,272.000
1764840178.948557,1,1,2730,341.250
1764840178.9525723,0,0,1907,238.375
1764840178.9565709,0,0,-875,-109.375
1764840178.9605734,0,0,-1107,-138.375
1764840178.964555,0,0,2199,274.875
1764840178.9685547,1,1,2826,353.250
1764840178.9725702,0,0,1976,247.000
1764840178.9765725,0,0,-790,-98.750
1764840178.980571,0,0,-1204,-150.500
1764840178.9845686,0,0,2100,262.500
1764840178.9885714,1,1,2805,350.625
1764840178.9926102,0,0,1988,248.500
1764840178.996571,0,0,-680,-85.000
1764840179.0005708,0,0,-1338,-167.250
1764840179.0045683,0,0,1900,237.500
1764840179.0085688,1,1,2742,342.750
1764840179.0125751,0,0,2004,250.500
1764840179.016569,0,0,-1381,-172.625
1764840179.0205727,0,0,1831,228.875
1764840179.0245676,0,0,2764,345.500
1764840179.0286536,1,1,2044,255.500
1764840179.0325887,0,0,-642,-80.250
1764840179.0365567,0,0,-1331,-166.375
1764840179.0405643,0,0,2080,260.000
1764840179.044571,0,0,2955,369.375
1764840179.04857,1,1,2105,263.125
1764840179.0525632,0,0,-453,-56.625
1764840179.0565553,0,0,-1438,-179.750
1764840179.0605643,0,0,1693,211.625
1764840179.0645719,0,0,2792,349.000
1764840179.0685685,1,1,2101,262.625
1764840179.0725746,0,0,-441,-55.125
1764840179.076571,0,0,-1476,-184.500
1764840179.080573,0,0,1791,223.875
1764840179.0845716,0,0,2876,359.500
1764840179.088567,1,1,2123,265.375
1764840179.092573,0,0,-287,-35.875
1764840179.0966072,0,0,-1487,-185.875
1764840179.1005733,0,0,1353,169.125
1764840179.104588,0,0,2697,337.125
1764840179.1085782,1,1,2138,267.250
1764840179.1125648,0,0,-233,-29.125
1764840179.116551,0,0,-1457,-182.125
1764840179.1205604,0,0,1688,211.000
1764840179.1245704,0,0,3015,376.875
1764840179.1285653,1,1,2283,285.375
1764840179.1325586,0,0,-166,-20.750
1764840179.1365492,0,0,-1578,-197.250
1764840179.1405575,0,0,1923,240.375
1764840179.1445696,0,0,3156,394.500
1764840179.1485684,1,1,2291,286.375
1764840179.1525674,0,0,-117,-14.625
1764840179.1565623,0,0,-1559,-194.875
1764840179.1605668,0,0,1372,171.500
1764840179.164566,0,0,2826,353.250
1764840179.168562,1,1,2202,275.250
1764840179.1725657,0,0,3,0.375
1764840179.1765625,0,0,-1653,-206.625
1764840179.1805646,0,0,1553,194.125
1764840179.184564,0,0,3024,378.000
1764840179.1885638,1,1,2292,286.500
1764840179.1925707,0,0,87,10.875
1764840179.196565,0,0,-1540,-192.500
1764840179.200565,0,0,1592,199.000
1764840179.2045622,0,0,3193,399.125
1764840179.2085648,1,1,2420,302.500
1764840179.2125669,0,0,230,28.750
1764840179.2165606,0,0,-1604,-200.500
1764840179.2205632,0,0,1639,204.875
1764840179.2245667,0,0,3305,413.125
1764840179.2286494,1,1,2500,312.500
1764840179.2325854,0,0,269,33.625
1764840179.236552,0,0,-1392,-174.000
1764840179.2405665,0,0,-171,-21.375
1764840179.2449305,0,0,2014,251.750
1764840179.248734,1,1,2120,265.000
1764840179.2525861,0,0,625,78.125
1764840179.2565672,0,0,-1888,-236.000
1764840179.2605698,0,0,1576,197.000
1764840179.2645552,0,0,3330,416.250
1764840179.2685506,1,1,2560,320.000
1764840179.272565,0,0,607,75.875
1764840179.276563,0,0,-1851,-231.375
1764840179.2805634,0,0,1314,164.250
1764840179.284578,0,0,3244,405.500
1764840179.2885754,1,1,2572,321.500
1764840179.2925644,0,0,748,93.500
1764840179.296593,0,0,-2028,-253.500
1764840179.3005712,0,0,1078,134.750
1764840179.3046768,0,0,3023,377.875
1764840179.3086538,1,1,2447,305.875
1764840179.31263,0,0,806,100.750
1764840179.3165588,0,0,-1760,-220.000
1764840179.3205557,0,0,2066,258.250
1764840179.3245492,0,0,3909,488.625
1764840179.328545,1,1,2820,352.500
1764840179.3325467,0,0,833,104.125
1764840179.3365524,0,0,-1753,-219.125
1764840179.3405619,0,0,454,56.750
1764840179.344568,0,0,2691,336.375
1764840179.3485646,1,1,2375,296.875
1764840179.3525689,0,0,927,115.875
1764840179.3565662,0,0,-1786,-223.250
1764840179.3605738,0,0,587,73.375
1764840179.3645658,0,0,2926,365.750
1764840179.3685644,1,1,2537,317.125
1764840179.372556,0,0,1063,132.875
1764840179.3765519,0,0,-1873,-234.125
1764840179.3805714,0,0,724,90.500
1764840179.384567,0,0,3119,389.875
1764840179.3885639,1,1,2650,331.250
1764840179.3925674,0,0,1140,142.500
1764840179.3966055,0,0,-1709,-213.625
1764840179.400573,0,0,254,31.750
1764840179.4045713,0,0,2806,350.750
1764840179.4085648,1,1,2573,321.625
1764840179.4125695,0,0,1255,156.875
1764840179.4165647,0,0,-1789,-223.625
1764840179.4205692,0,0,357,44.625
1764840179.424566,0,0,2952,369.000
1764840179.433966,0,0,1346,168.250
1764840179.4365852,0,0,-2008,-251.000
1764840179.440582,0,0,737,92.125
1764840179.444555,0,0,3257,407.125
1764840179.4485505,1,1,2756,344.500
1764840179.4525669,0,0,1320,165.000
1764840179.4565668,0,0,-1629,-203.625
1764840179.4605718,0,0,-70,-8.750
1764840179.4645529,0,0,2678,334.750
1764840179.4685495,1,1,2586,323.250
1764840179.4725673,0,0,1425,178.125
1764840179.4765627,0,0,-1658,-207.250
1764840179.480567,0,0,137,17.125
1764840179.4845674,0,0,2994,374.250
1764840179.4885652,1,1,2796,349.500
1764840179.4925687,0,0,1516,189.500
1764840179.4965613,0,0,-1515,-189.375
1764840179.5005684,0,0,-231,-28.875
1764840179.5045674,0,0,2693,336.625
1764840179.5085623,1,1,2695,336.875
1764840179.5125678,0,0,1579,197.375
1764840179.5165603,0,0,-1576,-197.000
1764840179.5205662,0,0,-204,-25.500
1764840179.5245643,0,0,2743,342.875
1764840179.528563,1,1,2729,341.125
1764840179.5325673,0,0,1614,201.750
1764840179.5365655,0,0,-1560,-195.000
1764840179.5405781,0,0,-20,-2.500
1764840179.5445473,0,0,3084,385.500
1764840179.5485485,1,1,2978,372.250
1764840179.5525653,0,0,1709,213.625
1764840179.556561,0,0,-1360,-170.000
1764840179.5605588,0,0,-487,-60.875
1764840179.5645578,0,0,2592,324.000
1764840179.5685594,1,1,2735,341.875
1764840179.5725632,0,0,1695,211.875
1764840179.5765636,0,0,-1457,-182.125
1764840179.5805643,0,0,-371,-46.375
1764840179.584562,0,0,2764,345.500
1764840179.588564,1,1,2848,356.000
1764840179.592568,0,0,1730,216.250
1764840179.5965638,0,0,-1265,-158.125
1764840179.6005685,0,0,-613,-76.625
1764840179.6045618,0,0,2545,318.125
1764840179.6085608,1,1,2762,345.250
1764840179.612566,0,0,1741,217.625
1764840179.6165617,0,0,-1237,-154.625
1764840179.6205652,0,0,-419,-52.375
1764840179.624562,0,0,2972,371.500
1764840179.6285605,1,1,3106,388.250
1764840179.6326578,0,0,1879,234.875
1764840179.6365776,0,0,-1116,-139.500
1764840179.6405756,0,0,-700,-87.500
1764840179.6445484,0,0,2630,328.750
1764840179.648545,1,1,2920,365.000
1764840179.6525624,0,0,1839,229.875
1764840179.6565645,0,0,-929,-116.125
1764840179.6605678,0,0,-1000,-125.000
1764840179.6645474,0,0,2274,284.250
1764840179.6685445,1,1,2751,343.875
1764840179.6725636,0,0,-1171,-146.375
1764840179.676562,0,0,-635,-79.375
1764840179.6805658,0,0,2878,359.750
1764840179.6845627,0,0,3166,395.750
1764840179.6885607,1,1,1947,243.375
1764840179.692563,0,0,-829,-103.625
1764840179.6965613,0,0,-971,-121.375
1764840179.7005653,0,0,2521,315.125
1764840179.7045665,0,0,3022,377.750
1764840179.7085593,1,1,1943,242.875
1764840179.7125604,0,0,-711,-88.875
1764840179.7165592,0,0,-1235,-154.375
1764840179.7205663,0,0,2086,260.750
1764840179.7245631,0,0,2806,350.750
1764840179.7285576,1,1,1916,239.500
1764840179.7325628,0,0,-729,-91.125
1764840179.7365654,0,0,-1174,-146.750
1764840179.7405767,0,0,2281,285.125
1764840179.7445514,0,0,2955,369.375
1764840179.748562,1,1,1961,245.125
1764840179.752563,0,0,-633,-79.125
1764840179.7565606,0,0,-1210,-151.250
1764840179.7605686,0,0,2280,285.000
1764840179.7645473,0,0,3027,378.375
1764840179.768545,1,1,2013,251.625
1764840179.7725656,0,0,-520,-65.000
1764840179.7765615,0,0,-1334,-166.750
1764840179.780562,0,0,1967,245.875
1764840179.7845638,0,0,2889,361.125
1764840179.7885625,1,1,2007,250.875
1764840179.7925622,0,0,-450,-56.250
1764840179.79656,0,0,-1343,-167.875
1764840179.8005767,0,0,1985,248.125
1764840179.8045478,0,0,2978,372.250
1764840179.808545,1,1,2071,258.875
1764840179.8125603,0,0,-426,-53.250
1764840179.81656,0,0,-1423,-177.875
1764840179.8205624,0,0,1762,220.250
1764840179.8245597,0,0,2849,356.125
1764840179.8285594,1,1,2029,253.625
1764840179.8326573,0,0,-394,-49.250
1764840179.8365781,0,0,-1375,-171.875
1764840179.8405695,0,0,2053,256.625
1764840179.844543,0,0,3127,390.875
1764840179.8485446,1,1,2148,268.500
1764840179.8525608,0,0,-308,-38.500
1764840179.8565614,0,0,-1420,-177.500
1764840179.8605635,0,0,1811,226.375
1764840179.8645437,0,0,3031,378.875
1764840179.8685431,1,1,2147,268.375
1764840179.8725648,0,0,-252,-31.500
1764840179.8765607,0,0,-1397,-174.625
1764840179.8805587,0,0,2173,271.625
1764840179.884557,0,0,3388,423.500
1764840179.8885598,1,1,2306,288.250
1764840179.892562,0,0,-120,-15.000
1764840179.8965569,0,0,-1450,-181.250
1764840179.9005995,0,0,1612,201.500
1764840179.9045477,0,0,3050,381.250
1764840179.9085412,1,1,2217,277.125
1764840179.9125586,0,0,-63,-7.875
1764840179.9165597,0,0,-1503,-187.875
1764840179.9205656,0,0,1423,177.875
1764840179.924557,0,0,2939,367.375
1764840179.9285564,1,1,2196,274.500
1764840179.9325516,0,0,54,6.750
1764840179.936559,0,0,-1462,-182.750
1764840179.9405715,0,0,329,41.125
1764840179.9445567,0,0,2303,287.875
1764840179.9485548,1,1,2109,263.625
1764840179.9525564,0,0,280,35.000
1764840179.956557,0,0,-1644,-205.500
1764840179.9605625,0,0,1305,163.125
1764840179.964541,0,0,3025,378.125
1764840179.9685395,1,1,2340,292.500
1764840179.9725597,0,0,356,44.500
1764840179.9765608,0,0,-1800,-225.000
1764840179.980562,0,0,1695,211.875
1764840179.9845598,0,0,3389,423.625
1764840179.988554,1,1,2491,311.375
1764840179.9925563,0,0,424,53.000
1764840179.9965584,0,0,-1625,-203.125
1764840180.0005758,0,0,1440,180.000
1764840180.0045598,0,0,3332,416.500
1764840180.0085547,1,1,2534,316.750
1764840180.012561,0,0,530,66.250
1764840180.0165572,0,0,-1593,-199.125
1764840180.02056,0,0,862,107.750
1764840180.0245612,0,0,2959,369.875
1764840180.028555,1,1,2439,304.875
1764840180.0326548,0,0,708,88.500
1764840180.0365725,0,0,-1923,-240.375
1764840180.040564,0,0,1411,176.375
1764840180.0445476,0,0,3406,425.750
1764840180.0485454,1,1,2598,324.750
1764840180.0525572,0,0,762,95.250
1764840180.056556,0,0,-1874,-234.250
1764840180.060558,0,0,1236,154.500
1764840180.0645554,0,0,3336,417.000
1764840180.0685527,1,1,2590,323.750
1764840180.0725582,0,0,833,104.125
1764840180.076556,0,0,-1782,-222.750
1764840180.080558,0,0,763,95.375
1764840180.084557,0,0,3014,376.750
1764840180.088557,1,1,2491,311.375
1764840180.0925584,0,0,917,114.625
1764840180.0965536,0,0,-1783,-222.875
1764840180.100557,0,0,910,113.750
1764840180.1045988,0,0,3274,409.250
1764840180.1085567,1,1,2664,333.000
1764840180.1125574,0,0,1032,129.000
1764840180.1165526,0,0,-1675,-209.375
1764840180.1205587,0,0,159,19.875
1764840180.124558,0,0,2594,324.250
1764840180.1285565,1,1,2364,295.500
1764840180.132558,0,0,1077,134.625
1764840180.1365542,0,0,-1706,-213.250
1764840180.1405566,0,0,551,68.875
1764840180.1445527,0,0,3137,392.125
1764840180.148562,1,1,2704,338.000
1764840180.152552,0,0,1230,153.750
1764840180.1565385,0,0,-1680,-210.000
1764840180.160544,0,0,404,50.500
1764840180.1645544,0,0,3056,382.000
1764840180.168551,1,1,2691,336.375
1764840180.1725469,0,0,1287,160.875
1764840180.1765392,0,0,-1600,-200.000
1764840180.180553,0,0,83,10.375
1764840180.184559,0,0,2848,356.000
1764840180.1885533,1,1,2653,331.625
1764840180.1925566,0,0,1384,173.000
1764840180.1965544,0,0,-1618,-202.250
1764840180.2005591,0,0,-92,-11.500
1764840180.2045891,0,0,2690,336.250
1764840180.2085516,1,1,2588,323.500
1764840180.2125561,0,0,1419,177.375
1764840180.2165554,0,0,-1618,-202.250
1764840180.2205563,0,0,-118,-14.750
1764840180.2245526,0,0,2721,340.125
1764840180.2285497,1,1,2636,329.500
1764840180.2326574,0,0,1482,185.250
1764840180.2365708,0,0,-1816,-227.000
1764840180.2405612,0,0,494,61.750
1764840180.2449198,0,0,3480,435.000
1764840180.2487357,1,1,3076,384.500
1764840180.2525814,0,0,1594,199.250
1764840180.2565536,0,0,-1395,-174.375
1764840180.2605557,0,0,-561,-70.125
1764840180.2645464,0,0,2354,294.250
1764840180.2685359,1,1,2502,312.750
1764840180.2725415,0,0,1535,191.875
1764840180.2765381,0,0,-1409,-176.125
1764840180.2805448,0,0,-502,-62.750
1764840180.2845507,0,0,2487,310.875
1764840180.288546,1,1,2616,327.000
1764840180.2925525,0,0,1601,200.125
1764840180.2965553,0,0,-1233,-154.125
1764840180.3005579,0,0,-805,-100.625
1764840180.3045776,0,0,2177,272.125
1764840180.3085387,1,1,2487,310.875
1764840180.3125546,0,0,1624,203.000
1764840180.3165524,0,0,-1167,-145.875
1764840180.3205578,0,0,-730,-91.250
1764840180.3245547,0,0,2714,339.250
1764840180.328548,1,1,1747,218.375
1764840180.332544,0,0,-1161,-145.125
1764840180.3365366,0,0,-738,-92.250
1764840180.3405457,0,0,2464,308.000
1764840180.344557,0,0,2769,346.125
1764840180.3485546,1,1,1786,223.250
1764840180.3525584,0,0,-988,-123.500
1764840180.3565574,0,0,-987,-123.375
1764840180.3605707,0,0,2207,275.875
1764840180.3645427,0,0,2677,334.625
1764840180.36854,1,1,1809,226.125
1764840180.3725548,0,0,-1079,-134.875
1764840180.3765543,0,0,-855,-106.875
1764840180.3805566,0,0,2427,303.375
1764840180.3845406,0,0,2829,353.625
1764840180.3885407,1,1,1854,231.750
1764840180.3925574,0,0,-854,-106.750
1764840180.3965528,0,0,-1055,-131.875
1764840180.4005542,0,0,2281,285.125
1764840180.404554,0,0,2835,354.375
1764840180.4085898,1,1,1914,239.250
1764840180.4125462,0,0,-848,-106.000
1764840180.4165332,0,0,-957,-119.625
1764840180.4205496,0,0,2537,317.125
1764840180.4245546,0,0,3056,382.000
1764840180.428553,1,1,2005,250.625
1764840180.4379349,0,0,-729,-91.125
1764840180.4405901,0,0,3043,380.375
1764840180.4445422,0,0,3456,432.000
1764840180.4485364,1,1,2147,268.375
1764840180.4525518,0,0,-609,-76.125
1764840180.4565513,0,0,-1298,-162.250
1764840180.4605546,0,0,1948,243.500
1764840180.464535,0,0,2821,352.625
1764840180.4685345,1,1,2006,250.750
1764840180.4725559,0,0,-623,-77.875
1764840180.4765542,0,0,-1150,-143.750
1764840180.4805553,0,0,2450,306.250
1764840180.4845505,0,0,3185,398.125
1764840180.488554,1,1,2122,265.250
1764840180.4925566,0,0,-469,-58.625
1764840180.4965527,0,0,-1491,-186.375
1764840180.5005538,0,0,1226,153.250
1764840180.5045514,0,0,2413,301.625
1764840180.5085888,1,1,1922,240.250
1764840180.512558,0,0,-440,-55.000
1764840180.5165522,0,0,-1356,-169.500
1764840180.5205557,0,0,1963,245.375
1764840180.5245488,0,0,3006,375.750
1764840180.5285468,1,1,2152,269.000
1764840180.532553,0,0,-399,-49.875
1764840180.53655,0,0,-1341,-167.625
1764840180.5405533,0,0,2132,266.500
1764840180.5445485,0,0,3160,395.000
1764840180.5485578,1,1,2207,275.875
1764840180.552544,0,0,-326,-40.750
1764840180.5565355,0,0,-1443,-180.375
1764840180.5605497,0,0,1641,205.125
1764840180.5645502,0,0,2878,359.750
1764840180.5685484,1,1,2141,267.625
1764840180.5725386,0,0,-321,-40.125
1764840180.5765355,0,0,-1384,-173.000
1764840180.5805454,0,0,2213,276.625
1764840180.5845523,0,0,3342,417.750
1764840180.5885456,1,1,2311,288.875
1764840180.5925508,0,0,-202,-25.250
1764840180.5965488,0,0,-1435,-179.375
1764840180.6005528,0,0,1792,224.000
1764840180.6045523,0,0,3109,388.625
1764840180.6085484,1,1,2257,282.125
1764840180.6125503,0,0,-111,-13.875
1764840180.6165464,0,0,-1441,-180.125
1764840180.6205533,0,0,1620,202.500
1764840180.6245503,0,0,3104,388.000
1764840180.6285455,1,1,2330,291.250
1764840180.6325467,0,0,34,4.250
1764840180.6366355,0,0,-1467,-183.375
1764840180.640565,0,0,272,34.000
1764840180.644549,0,0,2260,282.500
1764840180.6485455,1,1,2161,270.125
1764840180.6525474,0,0,273,34.125
1764840180.65655,0,0,-1790,-223.750
1764840180.6605551,0,0,1656,207.000
1764840180.664535,0,0,3175,396.875
1764840180.6685348,1,1,2387,298.375
1764840180.6725504,0,0,237,29.625
1764840180.6765473,0,0,-1627,-203.375
1764840180.680551,0,0,950,118.750
1764840180.6845508,0,0,2721,340.125
1764840180.6885507,1,1,2255,281.875
1764840180.69255,0,0,377,47.125
1764840180.6965501,0,0,-1794,-224.250
1764840180.700552,0,0,1809,226.125
1764840180.7045555,0,0,3523,440.375
1764840180.708551,1,1,2618,327.250
1764840180.7125726,0,0,483,60.375
1764840180.7165477,0,0,-1713,-214.125
1764840180.7205513,0,0,1532,191.500
1764840180.7245517,0,0,3386,423.250
1764840180.7285511,1,1,2587,323.375
1764840180.7325547,0,0,585,73.125
1764840180.7365496,0,0,-1785,-223.125
1764840180.7405488,0,0,1454,181.750
1764840180.7445467,0,0,3380,422.500
1764840180.7485566,1,1,2597,324.625
1764840180.7525547,0,0,672,84.000
1764840180.7565534,0,0,-1833,-229.125
1764840180.7605615,0,0,1670,208.750
1764840180.7645364,0,0,3666,458.250
1764840180.7685356,1,1,2752,344.000
1764840180.772552,0,0,780,97.500
1764840180.7765498,0,0,-1828,-228.500
1764840180.780551,0,0,1157,144.625
1764840180.7845292,0,0,3250,406.250
1764840180.7885327,1,1,2565,320.625
1764840180.7925487,0,0,831,103.875
1764840180.7965484,0,0,-1768,-221.000
1764840180.8005505,0,0,1080,135.000
1764840180.8045306,0,0,3322,415.250
1764840180.808527,1,1,2659,332.375
1764840180.8125575,0,0,930,116.250
1764840180.8165479,0,0,-1724,-215.500
1764840180.8205488,0,0,467,58.375
1764840180.824545,0,0,2775,346.875
1764840180.8285398,1,1,2411,301.375
1764840180.8325417,0,0,975,121.875
1764840180.8366358,0,0,-1699,-212.375
1764840180.8405724,0,0,601,75.125
1764840180.8445315,0,0,3094,386.750
1764840180.8485272,1,1,2659,332.375
1764840180.8525474,0,0,1137,142.125
1764840180.8565497,0,0,-1736,-217.000
1764840180.8605525,0,0,691,86.375
1764840180.8645284,0,0,3237,404.625
1764840180.868526,1,1,2746,343.250
1764840180.872547,0,0,1220,152.500
1764840180.8765438,0,0,-1709,-213.625
1764840180.8805501,0,0,370,46.250
1764840180.884544,0,0,3009,376.125
1764840180.8885405,1,1,2677,334.625
1764840180.892544,0,0,1291,161.375
1764840180.8965435,0,0,-1673,-209.125
1764840180.900547,0,0,138,17.250
1764840180.9045444,0,0,2810,351.250
1764840180.9085455,1,1,2597,324.625
1764840180.9125566,0,0,1343,167.875
1764840180.9166927,0,0,-1843,-230.375
1764840180.9205654,0,0,353,44.125
1764840180.9245336,0,0,3063,382.875
1764840180.9285295,1,1,2731,341.375
1764840180.9325278,0,0,1396,174.500
1764840180.936526,0,0,-1765,-220.625
1764840180.9405293,0,0,250,31.250
1764840180.9445279,0,0,3046,380.750
1764840180.9485264,1,1,2759,344.875
1764840180.9525285,0,0,1447,180.875
1764840180.9565253,0,0,-1766,-220.750
1764840180.960531,0,0,169,21.125
1764840180.9645271,0,0,3009,376.125
1764840180.9685276,1,1,2754,344.250
1764840180.9725266,0,0,1473,184.125
1764840180.9765263,0,0,-1647,-205.875
1764840180.980548,0,0,3081,385.125
1764840180.984549,0,0,2870,358.750
1764840180.9885447,1,1,1557,194.625
1764840180.9925437,0,0,-1393,-174.125
1764840180.996543,0,0,-330,-41.250
1764840181.0005488,0,0,2772,346.500
1764840181.0045476,0,0,2794,349.250
1764840181.008545,1,1,1631,203.875
1764840181.0125642,0,0,-1488,-186.000
1764840181.0165462,0,0,-100,-12.500
1764840181.020548,0,0,3060,382.500
1764840181.0245466,0,0,2964,370.500
1764840181.028544,1,1,1672,209.000
1764840181.032554,0,0,-1266,-158.250
1764840181.0366352,0,0,-522,-65.250
1764840181.040566,0,0,2646,330.750
1764840181.044527,0,0,2780,347.500
1764840181.0485325,1,1,1679,209.875
1764840181.0525477,0,0,-1246,-155.750
1764840181.0565448,0,0,-481,-60.125
1764840181.0605443,0,0,2782,347.750
1764840181.0645442,0,0,2905,363.125
1764840181.068543,1,1,1741,217.625
1764840181.0725574,0,0,-1268,-158.500
1764840181.0765479,0,0,-487,-60.875
1764840181.080559,0,0,2812,351.500
1764840181.0845447,0,0,2943,367.875
1764840181.0885458,1,1,1757,219.625
1764840181.0925493,0,0,-952,-119.000
1764840181.0965562,0,0,-918,-114.750
1764840181.1005456,0,0,2382,297.750
1764840181.1045449,0,0,2779,347.375
1764840181.1085415,1,1,1783,222.875
1764840181.1125615,0,0,-983,-122.875
1764840181.116586,0,0,-744,-93.000
1764840181.120549,0,0,2732,341.500
1764840181.1245434,0,0,3050,381.250
1764840181.1285434,1,1,1884,235.500
1764840181.1325445,0,0,-1108,-138.500
1764840181.136544,0,0,-372,-46.500
1764840181.1405466,0,0,3393,424.125
1764840181.1445453,0,0,3528,441.000
1764840181.148542,1,1,2033,254.125
1764840181.1525471,0,0,-866,-108.250
1764840181.1565444,0,0,-824,-103.000
1764840181.1605487,0,0,2790,348.750
1764840181.1645465,0,0,3181,397.625
1764840181.1685402,1,1,1941,242.625
1764840181.17253,0,0,-769,-96.125
1764840181.1765275,0,0,-863,-107.875
1764840181.180537,0,0,2878,359.750
1764840181.1845558,0,0,3325,415.625
1764840181.1885414,1,1,2020,252.500
1764840181.1925375,0,0,-722,-90.250
1764840181.1965244,0,0,-956,-119.500
1764840181.200548,0,0,2786,348.250
1764840181.2045438,0,0,3309,413.625
1764840181.208537,1,1,2023,252.875
1764840181.2125323,0,0,-582,-72.750
1764840181.2165284,0,0,-1207,-150.875
1764840181.220533,0,0,2250,281.250
1764840181.224542,0,0,3001,375.125
1764840181.2285402,1,1,1948,243.500
1764840181.2325459,0,0,-509,-63.625
1764840181.2366278,0,0,-1313,-164.125
1764840181.2405694,0,0,1957,244.625
1764840181.2449188,0,0,2864,358.000
1764840181.2487257,1,1,1937,242.125
1764840181.2525685,0,0,-571,-71.375
1764840181.2565398,0,0,-1178,-147.250
1764840181.260544,0,0,2535,316.875
1764840181.2645323,0,0,3315,414.375
1764840181.2685246,1,1,2093,261.625
1764840181.2725296,0,0,-393,-49.125
1764840181.2765236,0,0,-1350,-168.750
1764840181.2805336,0,0,1860,232.500
1764840181.2845416,0,0,2950,368.750
1764840181.2885416,1,1,2029,253.625
1764840181.292544,0,0,-327,-40.875
1764840181.2965407,0,0,-1336,-167.000
1764840181.3005433,0,0,1973,246.625
1764840181.3045316,0,0,3126,390.750
1764840181.308547,1,1,2137,267.125
1764840181.3125582,0,0,-315,-39.375
1764840181.3165789,0,0,-1362,-170.250
1764840181.3205407,0,0,2020,252.500
1764840181.3245444,0,0,3182,397.750
1764840181.328545,1,1,2155,269.375
1764840181.332533,0,0,-287,-35.875
1764840181.3365269,0,0,-1339,-167.375
1764840181.3405354,0,0,2293,286.625
1764840181.3445406,0,0,3457,432.125
1764840181.348541,1,1,2275,284.375
1764840181.3525486,0,0,-138,-17.250
1764840181.3565395,0,0,-1435,-179.375
1764840181.3605404,0,0,1365,170.625
1764840181.3645399,0,0,2897,362.125
1764840181.3685431,1,1,2161,270.125
1764840181.3725426,0,0,-28,-3.500
1764840181.3765397,0,0,-1452,-181.500
1764840181.3805425,0,0,522,65.250
1764840181.3845403,0,0,2422,302.750
1764840181.3885405,1,1,2115,264.375
1764840181.3925457,0,0,158,19.750
1764840181.3965394,0,0,-1646,-205.750
1764840181.4005432,0,0,2135,266.875
1764840181.404538,0,0,3606,450.750
1764840181.4085376,1,1,2495,311.875
1764840181.4125454,0,0,150,18.750
1764840181.4165723,0,0,-1478,-184.750
1764840181.4205441,0,0,1585,198.125
1764840181.4245398,0,0,3286,410.750
1764840181.4285376,1,1,2415,301.875
1764840181.4325469,0,0,291,36.375
1764840181.4418592,0,0,3600,450.000
1764840181.44456,0,0,3600,450.000
1764840181.4485452,1,1,2562,320.250
1764840181.4525363,0,0,385,48.125
1764840181.4565246,0,0,-1577,-197.125
1764840181.4605443,0,0,1416,177.000
1764840181.464542,0,0,3304,413.000
1764840181.4685376,1,1,2475,309.375
1764840181.472533,0,0,492,61.500
1764840181.4765222,0,0,-1675,-209.375
1764840181.4805346,0,0,1336,167.000
1764840181.4845448,0,0,3287,410.875
1764840181.48854,1,1,2479,309.875
1764840181.4925418,0,0,566,70.750
1764840181.496539,0,0,-1623,-202.875
1764840181.500546,0,0,1226,153.250
1764840181.5045419,0,0,3332,416.500
1764840181.508537,1,1,2565,320.625
1764840181.5125427,0,0,703,87.875
1764840181.5165396,0,0,-1702,-212.750
1764840181.5205445,0,0,1212,151.500
1764840181.5245411,0,0,3376,422.000
1764840181.5285385,1,1,2601,325.125
1764840181.5325391,0,0,778,97.250
1764840181.536537,0,0,-1675,-209.375
1764840181.5405433,0,0,856,107.000
1764840181.5445411,0,0,3177,397.125
1764840181.548537,1,1,2573,321.625
1764840181.552531,0,0,892,111.500
1764840181.5565188,0,0,-1638,-204.750
1764840181.5605302,0,0,674,84.250
1764840181.56454,0,0,3104,388.000
1764840181.56854,1,1,2589,323.625
1764840181.5725386,0,0,1005,125.625
1764840181.5765388,0,0,-1684,-210.500
1764840181.5805576,0,0,589,73.625
1764840181.584525,0,0,3111,388.875
1764840181.588524,1,1,2637,329.625
1764840181.5925376,0,0,1103,137.875
1764840181.5965362,0,0,-1688,-211.000
1764840181.6005409,0,0,551,68.875
1764840181.6045241,0,0,3164,395.500
1764840181.608522,1,1,2704,338.000
1764840181.612539,0,0,1196,149.500
1764840181.6165366,0,0,-1687,-210.875
1764840181.620538,0,0,419,52.375
1764840181.6245377,0,0,3109,388.625
1764840181.628536,1,1,2712,339.000
1764840181.632545,0,0,-1538,-192.250
1764840181.6365354,0,0,-338,-42.250
1764840181.6406214,0,0,2316,289.500
1764840181.644548,0,0,2318,289.750
1764840181.6485412,1,1,1272,159.000
1764840181.6525395,0,0,-1774,-221.750
1764840181.6565342,0,0,584,73.000
1764840181.6605368,0,0,3436,429.500
1764840181.664519,0,0,2956,369.500
1764840181.66852,1,1,1442,180.250
1764840181.6725397,0,0,-1635,-204.375
1764840181.6765378,0,0,196,24.500
1764840181.6805377,0,0,3106,388.250
1764840181.6845207,0,0,2826,353.250
1764840181.688524,1,1,1472,184.000
1764840181.692537,0,0,-1738,-217.250
1764840181.6965373,0,0,408,51.000
1764840181.7005389,0,0,3401,425.125
1764840181.7045321,0,0,3006,375.750
1764840181.7085345,1,1,1524,190.500
1764840181.7125437,0,0,-1396,-174.500
1764840181.7165377,0,0,-247,-30.875
1764840181.7205818,0,0,2810,351.250
1764840181.7245374,0,0,2760,345.000
1764840181.728541,1,1,1563,195.375
1764840181.7325404,0,0,-1720,-215.000
1764840181.7365208,0,0,60,7.500
1764840181.7405283,0,0,3087,385.875
1764840181.7445388,0,0,2868,358.500
1764840181.7485366,1,1,1550,193.750
1764840181.7525353,0,0,-1390,-173.750
1764840181.7565234,0,0,-216,-27.000
1764840181.7605278,0,0,2978,372.250
1764840181.7645364,0,0,2912,364.000
1764840181.7685344,1,1,1630,203.750
1764840181.7725384,0,0,-1148,-143.500
1764840181.776539,0,0,-693,-86.625
1764840181.7805505,0,0,2523,315.375
1764840181.784539,0,0,2738,342.250
1764840181.788535,1,1,1667,208.375
1764840181.7925422,0,0,-1144,-143.000
1764840181.7965322,0,0,-549,-68.625
1764840181.8005393,0,0,2795,349.375
1764840181.8045208,0,0,2947,368.375
1764840181.808518,1,1,1753,219.125
1764840181.8125336,0,0,-977,-122.125
1764840181.8165338,0,0,-829,-103.625
1764840181.8205543,0,0,2512,314.000
1764840181.8245394,0,0,2850,356.250
1764840181.8285315,1,1,1782,222.750
1764840181.8325365,0,0,-922,-115.250
1764840181.836532,0,0,-979,-122.375
1764840181.8406296,0,0,2313,289.125
1764840181.8445535,0,0,2748,343.500
1764840181.8485394,1,1,1769,221.125
1764840181.8525255,0,0,-806,-100.750
1764840181.8565152,0,0,-1192,-149.000
1764840181.860525,0,0,2033,254.125
1764840181.8645372,0,0,2635,329.375
1764840181.8685324,1,1,1785,223.125
1764840181.8725252,0,0,-928,-116.000
1764840181.876515,0,0,-852,-106.500
1764840181.8805306,0,0,2660,332.500
1764840181.884536,0,0,3070,383.750
1764840181.8885353,1,1,1917,239.625
1764840181.892537,0,0,-737,-92.125
1764840181.8965318,0,0,-1042,-130.250
1764840181.9005334,0,0,2513,314.125
1764840181.9045377,0,0,3077,384.625
1764840181.9085333,1,1,1973,246.625
1764840181.912537,0,0,-645,-80.625
1764840181.9165292,0,0,-1117,-139.625
1764840181.9205766,0,0,2434,304.250
1764840181.9245362,0,0,3121,390.125
1764840181.9285345,1,1,2035,254.375
1764840181.9325366,0,0,-636,-79.500
1764840181.9365327,0,0,-1049,-131.125
1764840181.940536,0,0,2671,333.875
1764840181.9445267,0,0,3307,413.375
1764840181.9485166,1,1,2094,261.750
1764840181.9525352,0,0,-543,-67.875
1764840181.9565332,0,0,-1189,-148.625
1764840181.9605346,0,0,2376,297.000
1764840181.9645321,0,0,3188,398.500
1764840181.9685333,1,1,2091,261.375
1764840181.9725373,0,0,-496,-62.000
1764840181.9765317,0,0,-1338,-167.250
1764840181.9805315,0,0,1952,244.000
1764840181.984528,0,0,2915,364.375
1764840181.9885428,1,1,2004,250.500
1764840181.992536,0,0,-485,-60.625
1764840181.9965181,0,0,-1216,-152.000
1764840182.0005338,0,0,2469,308.625
1764840182.0045316,0,0,3359,419.875
1764840182.008531,1,1,2181,272.625
1764840182.0125277,0,0,-383,-47.875
1764840182.0165167,0,0,-1214,-151.750
1764840182.0205371,0,0,2517,314.625
1764840182.024534,0,0,3490,436.250
1764840182.028532,1,1,2260,282.500
1764840182.0325391,0,0,-287,-35.875
1764840182.0365334,0,0,-1343,-167.875
1764840182.040629,0,0,1905,238.125
1764840182.044544,0,0,3175,396.875
1764840182.0485303,1,1,2221,277.625
1764840182.0525308,0,0,-277,-34.625
1764840182.0565324,0,0,-1362,-170.250
1764840182.0605314,0,0,2266,283.250
1764840182.064527,0,0,3396,424.500
1764840182.0685282,1,1,2250,281.250
1764840182.0725353,0,0,-216,-27.000
1764840182.076535,0,0,-1326,-165.750
1764840182.080539,0,0,2346,293.250
1764840182.0845354,0,0,3567,445.875
1764840182.0885293,1,1,2352,294.000
1764840182.092535,0,0,-153,-19.125
1764840182.096532,0,0,-1393,-174.125
1764840182.1005354,0,0,2076,259.500
1764840182.1045344,0,0,3407,425.875
1764840182.1085305,1,1,2297,287.125
1764840182.112536,0,0,-80,-10.000
1764840182.1165357,0,0,-1401,-175.125
1764840182.12056,0,0,1799,224.875
1764840182.1245224,0,0,3329,416.125
1764840182.128517,1,1,2344,293.000
1764840182.1325321,0,0,54,6.750
1764840182.1365278,0,0,-1426,-178.250
1764840182.140534,0,0,796,99.500
1764840182.1445138,0,0,2705,338.125
1764840182.1485145,1,1,2206,275.750
1764840182.1525316,0,0,270,33.750
1764840182.1565294,0,0,-1729,-216.125
1764840182.1605368,0,0,1882,235.250
1764840182.1645305,0,0,3485,435.625
1764840182.1685286,1,1,2445,305.625
1764840182.1725316,0,0,250,31.250
1764840182.1765285,0,0,-1461,-182.625
1764840182.1805322,0,0,1403,175.375
1764840182.1845288,0,0,3301,412.625
1764840182.188529,1,1,2473,309.125
1764840182.1925216,0,0,450,56.250
1764840182.1965098,0,0,-1663,-207.875
1764840182.200517,0,0,1462,182.750
1764840182.2045314,0,0,3347,418.375
1764840182.2085288,1,1,2474,309.250
1764840182.212532,0,0,513,64.125
1764840182.2165244,0,0,-1677,-209.625
1764840182.2205257,0,0,1401,175.125
1764840182.2246377,0,0,3379,422.375
1764840182.2285745,1,1,2515,314.375
1764840182.2325814,0,0,613,76.625
1764840182.2365687,0,0,-1733,-216.625
1764840182.2406628,0,0,1360,170.000
1764840182.2448938,0,0,3413,426.625
1764840182.2487996,1,1,2553,319.125
1764840182.252605,0,0,744,93.000
1764840182.2565744,0,0,-1954,-244.250
1764840182.2605734,0,0,1658,207.250
1764840182.2645729,0,0,3655,456.875
1764840182.2685585,1,1,2626,328.250
1764840182.2725763,0,0,698,87.250
1764840182.2765713,0,0,-1591,-198.875
1764840182.28059,0,0,2782,347.750
1764840182.2845764,0,0,2377,297.125
1764840182.2885811,1,1,874,109.250
1764840182.2925813,0,0,-1697,-212.125
1764840182.2965777,0,0,731,91.375
1764840182.3005779,0,0,3179,397.375
1764840182.3045692,0,0,2607,325.875
1764840182.3085883,1,1,999,124.875
1764840182.3125863,0,0,-1666,-208.250
1764840182.3165755,0,0,369,46.125
1764840182.3205733,0,0,2877,359.625
1764840182.324645,0,0,2485,310.625
1764840182.3285155,1,1,1069,133.625
1764840182.3325284,0,0,-1616,-202.000
1764840182.336532,0,0,147,18.375
1764840182.3405328,0,0,2741,342.625
1764840182.3445315,0,0,2471,308.875
1764840182.3485262,1,1,1160,145.000
1764840182.3525476,0,0,-1692,-211.500
1764840182.3565319,0,0,277,34.625
1764840182.360547,0,0,2929,366.125
1764840182.3645275,0,0,2589,323.625
1764840182.368527,1,1,1235,154.375
1764840182.3725317,0,0,-1568,-196.000
1764840182.3765404,0,0,154,19.250
1764840182.3805327,0,0,2976,372.000
1764840182.384526,0,0,2710,338.750
1764840182.3885257,1,1,1363,170.375
1764840182.392541,0,0,-1682,-210.250
1764840182.3965287,0,0,506,63.250
1764840182.4005322,0,0,3430,428.750
1764840182.4045296,0,0,2977,372.125
1764840182.4085376,1,1,1459,182.375
1764840182.4125185,0,0,-1596,-199.500
1764840182.4165125,0,0,6,0.750
1764840182.4205208,0,0,2938,367.250
1764840182.4245641,0,0,2741,342.625
1764840182.4285285,1,1,1466,183.250
1764840182.4325325,0,0,-1694,-211.750
1764840182.4365258,0,0,266,33.250
1764840182.4459054,1,1,2938,367.250
1764840182.4485717,1,1,1523,190.375
1764840182.4525304,0,0,-1790,-223.750
1764840182.4565108,0,0,412,51.500
1764840182.4605217,0,0,3452,431.500
1764840182.464531,0,0,3031,378.875
1764840182.46853,1,1,1529,191.125
1764840182.472521,0,0,-1337,-167.125
1764840182.4765098,0,0,-350,-43.750
1764840182.4805214,0,0,2793,349.125
1764840182.4845285,0,0,2780,347.500
1764840182.4885273,1,1,1572,196.500
1764840182.492518,0,0,-1238,-154.750
1764840182.4965072,0,0,-576,-72.000
1764840182.5005238,0,0,2582,322.750
1764840182.5045269,0,0,2705,338.125
1764840182.5085268,1,1,1599,199.875
1764840182.5125299,0,0,-1225,-153.125
1764840182.5165238,0,0,-479,-59.875
1764840182.520531,0,0,2779,347.375
1764840182.524535,0,0,2864,358.000
1764840182.5285451,1,1,1670,208.750
1764840182.5325196,0,0,-1139,-142.375
1764840182.5365047,0,0,-429,-53.625
1764840182.540512,0,0,3028,378.500
1764840182.544525,0,0,3108,388.500
1764840182.5485241,1,1,1789,223.625
1764840182.5525155,0,0,-990,-123.750
1764840182.5565045,0,0,-724,-90.500
1764840182.5605168,0,0,2693,336.625
1764840182.564523,0,0,2952,369.000
1764840182.5685284,1,1,1780,222.500
1764840182.5725186,0,0,-969,-121.125
1764840182.5765104,0,0,-693,-86.625
1764840182.5810468,0,0,2837,354.625
1764840182.5845737,0,0,3102,387.750
1764840182.5885282,1,1,1853,231.625
1764840182.5925357,0,0,-1272,-159.000
1764840182.5965247,0,0,121,15.125
1764840182.600537,0,0,3831,478.875
1764840182.6045225,0,0,3646,455.750
1764840182.6085224,1,1,1926,240.750
1764840182.6125343,0,0,-1159,-144.875
1764840182.6165268,0,0,-388,-48.500
1764840182.6205275,0,0,3388,423.500
1764840182.624723,0,0,3479,434.875
1764840182.6285398,1,1,1914,239.250
1764840182.6325455,0,0,-867,-108.375
1764840182.636524,0,0,-762,-95.250
1764840182.6405287,0,0,2946,368.250
1764840182.6446095,0,0,3257,407.125
1764840182.6485531,1,0,1868,233.500
1764840182.6525226,0,0,-737,-92.125
1764840182.6565084,0,0,-938,-117.250
1764840182.6605234,0,0,2784,348.000
1764840182.6645372,0,0,3234,404.250
1764840182.6685216,1,1,1896,237.000
1764840182.6725185,0,0,-818,-102.250
1764840182.6765084,0,0,-811,-101.375
1764840182.6805341,0,0,3054,381.750
1764840182.6845229,0,0,3442,430.250
1764840182.6885202,1,1,1952,244.000
1764840182.6925235,0,0,-652,-81.500
1764840182.6965246,0,0,-1131,-141.375
1764840182.700528,0,0,2477,309.625
1764840182.704508,0,0,3119,389.875
1764840182.708504,1,1,1873,234.125
1764840182.7125223,0,0,-601,-75.125
1764840182.7165244,0,0,-1236,-154.500
1764840182.7205257,0,0,2226,278.250
1764840182.724525,0,0,3013,376.625
1764840182.7285204,1,0,1865,233.125
1764840182.7325256,0,0,-614,-76.750
1764840182.7365212,0,0,-1108,-138.500
1764840182.740528,0,0,2741,342.625
1764840182.7445247,0,0,3422,427.750
1764840182.7485228,0,0,2011,251.375
1764840182.7525327,0,0,-451,-56.375
1764840182.7565217,0,0,-1251,-156.375
1764840182.7605262,0,0,2249,281.125
1764840182.7645257,0,0,3207,400.875
1764840182.7685215,0,0,2004,250.500
1764840182.7725248,0,0,-432,-54.000
1764840182.7765226,0,0,-1180,-147.500
1764840182.7805278,0,0,2642,330.250
1764840182.784509,0,0,3565,445.625
1764840182.788505,1,1,2150,268.750
1764840182.792521,0,0,-391,-48.875
1764840182.7965198,0,0,-1249,-156.125
1764840182.8005223,0,0,2467,308.375
1764840182.8045063,0,0,3474,434.250
1764840182.8085058,1,1,2116,264.500
1764840182.8125198,0,0,-312,-39.000
1764840182.816519,0,0,-1319,-164.875
1764840182.8205228,0,0,2186,273.250
1764840182.8245263,0,0,3332,416.500
1764840182.8285213,0,0,2085,260.625
1764840182.8325744,0,0,-294,-36.750
1764840182.8365688,0,0,-1288,-161.000
1764840182.840579,0,0,2406,300.750
1764840182.8446507,0,0,3620,452.500
1764840182.8485768,0,0,2242,280.250
1764840182.8525553,0,0,-214,-26.750
1764840182.8565454,0,0,-1304,-163.000
1764840182.860555,0,0,2466,308.250
1764840182.864568,0,0,3717,464.625
1764840182.8685722,0,1,2280,285.000
1764840182.872561,0,0,-138,-17.250
1764840182.876548,0,0,-1364,-170.500
1764840182.8805573,0,0,2008,251.000
1764840182.8845673,0,0,3479,434.875
1764840182.8885667,1,0,2240,280.000
1764840182.8925686,0,0,-50,-6.250
1764840182.8965673,0,0,-1441,-180.125
1764840182.9005668,0,0,1592,199.000
1764840182.9045634,0,0,3169,396.125
1764840182.9085653,0,0,2124,265.500
1764840182.9125721,0,0,-2,-0.250
1764840182.916571,0,0,-1421,-177.625
1764840182.9205801,0,0,830,103.750
1764840182.9245462,0,0,2705,338.125
1764840182.9285471,0,0,2045,255.625
1764840182.9325695,0,0,170,21.250
1764840182.9365265,0,0,-1476,-184.500
1764840182.940525,0,0,2737,342.125
1764840182.9445045,0,0,2122,265.250
1764840182.9485004,0,0,394,49.250
1764840182.9525208,0,0,-1853,-231.625
1764840182.9565213,0,0,1669,208.625
1764840182.9605281,0,0,3441,430.125
1764840182.964503,0,0,2355,294.375
1764840182.9684985,0,0,394,49.250
1764840182.972515,0,0,-1625,-203.125
1764840182.9765208,0,0,1640,205.000
1764840182.9805238,0,0,3646,455.750
1764840182.9845188,0,0,2552,319.000
1764840182.9885166,0,0,554,69.250
1764840182.9925232,0,0,-1711,-213.875
1764840182.9965186,0,0,1803,225.375
1764840183.0005214,0,0,3857,482.125
1764840183.004521,0,0,2661,332.625
1764840183.0085168,0,0,615,76.875
1764840183.0125215,0,0,-1698,-212.250
1764840183.0165174,0,0,1314,164.250
1764840183.0205226,0,0,3490,436.250
1764840183.0245223,0,0,2517,314.625
1764840183.0285182,0,0,675,84.375
1764840183.032535,0,0,-1764,-220.500
1764840183.0365186,0,0,1579,197.375
1764840183.0405242,0,0,3835,479.375
1764840183.044612,0,0,2712,339.000
1764840183.0485322,0,0,757,94.625
1764840183.0525172,0,0,-1689,-211.125
1764840183.0565035,0,0,903,112.875
1764840183.060519,0,0,3325,415.625
1764840183.0645204,0,0,2531,316.375
1764840183.0685198,0,0,830,103.750
1764840183.0725133,0,0,-1735,-216.875
1764840183.0765011,0,0,1233,154.125
1764840183.080519,0,0,3767,470.875
1764840183.084526,0,0,2797,349.625
1764840183.0885212,0,0,928,116.000
1764840183.0925224,0,0,-1663,-207.875
1764840183.0965168,0,0,1015,126.875
1764840183.1005201,0,0,3702,462.750
1764840183.1045196,0,0,2835,354.375
1764840183.1085205,0,0,1016,127.000
1764840183.1125236,0,0,-1585,-198.125
1764840183.116516,0,0,617,77.125
1764840183.1205194,0,0,3378,422.250
1764840183.1245332,0,0,2712,339.000
1764840183.1285198,0,0,1063,132.875
1764840183.1325366,0,0,-1618,-202.250
1764840183.136519,0,0,744,93.000
1764840183.140521,0,0,3642,455.250
1764840183.1445222,0,0,2912,364.000
1764840183.1485178,0,0,1167,145.875
1764840183.1525242,0,0,-1524,-190.500
1764840183.1565173,0,0,138,17.250
1764840183.1605194,0,0,3054,381.750
1764840183.164517,0,0,2638,329.750
1764840183.1685197,0,0,1174,146.750
1764840183.1725228,0,0,-1487,-185.875
1764840183.1765177,0,0,248,31.000
1764840183.1805172,0,0,3337,417.125
1764840183.1845112,0,0,2877,359.625
1764840183.188518,0,0,1297,162.125
1764840183.192524,0,0,-1589,-198.625
1764840183.1965168,0,0,605,75.625
1764840183.2005157,0,0,3797,474.625
1764840183.204515,0,0,3151,393.875
1764840183.2085176,0,0,1367,170.875
1764840183.2125077,0,0,-1390,-173.750
1764840183.2165034,0,0,-152,-19.000
1764840183.2205226,0,0,2987,373.375
1764840183.2244995,0,0,2737,342.125
1764840183.228498,0,0,1323,165.375
1764840183.2325158,0,0,-1363,-170.375
1764840183.236628,0,0,-12,-1.500
1764840183.2405634,0,0,3286,410.750
1764840183.2448986,1,1,2974,371.750
1764840183.248791,0,0,1434,179.250
1764840183.2525957,0,0,-1549,-193.625
1764840183.2565627,0,0,1265,158.125
1764840183.2605636,0,0,4561,570.125
1764840183.2645462,0,1,3584,448.000
1764840183.2685409,0,0,1451,181.375
1764840183.272541,0,0,-1188,-148.500
1764840183.2765424,0,0,-412,-51.500
1764840183.2805548,0,0,3009,376.125
1764840183.2845562,1,1,2913,364.125
1764840183.2885582,0,0,1446,180.750
1764840183.2925572,0,0,-1050,-131.250
1764840183.2965567,0,0,-664,-83.000
1764840183.300561,0,0,2701,337.625
1764840183.3047237,1,1,2763,345.375
1764840183.3085449,0,0,1438,179.750
1764840183.3125448,0,0,-1130,-141.250
1764840183.3165398,0,0,-233,-29.125
1764840183.320542,0,0,3448,431.000
1764840183.3245409,1,1,3298,412.250
1764840183.3285384,0,0,1615,201.875
1764840183.3328514,0,0,-981,-122.625
1764840183.3366292,0,0,-659,-82.375
1764840183.340503,0,0,2885,360.625
1764840183.3445013,1,1,2980,372.500
1764840183.3484979,0,0,1540,192.500
1764840183.3525162,0,0,-868,-108.500
1764840183.3565128,0,0,-821,-102.625
1764840183.3605194,0,0,2775,346.875
1764840183.3645005,1,1,2999,374.875
1764840183.3684978,0,0,1598,199.750
1764840183.3725193,0,0,-791,-98.875
1764840183.3765128,0,0,-817,-102.125
1764840183.3805187,0,0,2974,371.750
1764840183.3845148,1,1,3255,406.875
1764840183.3885152,0,0,1744,218.000
1764840183.3925214,0,0,-768,-96.000
1764840183.3965118,0,0,-897,-112.125
1764840183.4006932,0,0,2874,359.250
1764840183.4045203,1,1,3235,404.375
1764840183.408516,0,0,1752,219.000
1764840183.4125168,0,0,-684,-85.500
1764840183.4165142,0,0,-1140,-142.500
1764840183.4205158,0,0,2354,294.250
1764840183.4245136,1,1,2996,374.500
1764840183.4285157,0,0,1748,218.500
1764840183.4325206,0,0,-627,-78.375
1764840183.4365115,0,0,-1246,-155.750
1764840183.4405167,0,0,2076,259.500
1764840183.4499557,0,0,-864,-108.000
1764840183.4526362,0,0,-864,-108.000
1764840183.4565172,0,0,-582,-72.750
1764840183.4605188,0,0,3652,456.500
1764840183.4644969,1,1,3922,490.250
1764840183.4684982,0,0,2037,254.625
1764840183.4725158,0,0,-577,-72.125
1764840183.4765158,0,0,-1256,-157.000
1764840183.480516,0,0,2128,266.000
1764840183.4844956,1,1,2962,370.250
1764840183.4884937,0,0,1768,221.000
1764840183.492518,0,0,-590,-73.750
1764840183.4965153,0,0,-1037,-129.625
1764840183.5005147,0,0,2998,374.750
1764840183.504513,1,1,3650,456.250
1764840183.508512,0,0,2019,252.375
1764840183.5125184,0,0,-513,-64.125
1764840183.516512,0,0,-1106,-138.250
1764840183.520513,0,0,2804,350.500
1764840183.5245094,1,1,3634,454.250
1764840183.5285058,0,0,2063,257.875
1764840183.5325031,0,0,-405,-50.625
1764840183.5365171,0,0,-1176,-147.000
1764840183.5405283,0,0,2619,327.375
1764840183.5445125,1,1,3584,448.000
1764840183.5485077,0,0,2076,259.500
1764840183.5525084,0,0,-374,-46.750
1764840183.556511,0,0,-1299,-162.375
1764840183.5605114,0,0,2090,261.250
1764840183.564498,1,1,3297,412.125
1764840183.5684915,0,0,2024,253.000
1764840183.572512,0,0,-326,-40.750
1764840183.5765119,0,0,-1339,-167.375
1764840183.5805156,0,0,2026,253.250
1764840183.5845106,1,1,3260,407.500
1764840183.58851,0,0,2005,250.625
1764840183.5925028,0,0,-278,-34.750
1764840183.5964956,0,0,1699,212.375
1764840183.6005013,0,0,3053,381.625
1764840183.6045132,1,1,1945,243.125
1764840183.6085093,0,0,-219,-27.375
1764840183.6125128,0,0,-1416,-177.000
1764840183.6165116,0,0,1592,199.000
1764840183.620515,0,0,3080,385.000
1764840183.6245143,1,1,2012,251.500
1764840183.6285093,0,0,-104,-13.000
1764840183.6325154,0,0,-1420,-177.500
1764840183.6365092,0,0,1706,213.250
1764840183.6405494,0,0,3281,410.125
1764840183.6445136,1,1,2144,268.000
1764840183.6485982,0,0,76,9.500
1764840183.652522,0,0,-1592,-199.000
1764840183.6564963,0,0,2637,329.625
1764840183.6605015,0,0,4034,504.250
1764840183.6645136,1,1,2424,303.000
1764840183.668511,0,0,39,4.875
1764840183.672503,0,0,-1437,-179.625
1764840183.6764934,0,0,1243,155.375
1764840183.6805139,0,0,3066,383.250
1764840183.684512,1,1,2125,265.625
1764840183.6885104,0,0,140,17.500
1764840183.6925116,0,0,-1371,-171.375
1764840183.6965094,0,0,91,11.375
1764840183.7005098,0,0,2258,282.250
1764840183.7045105,1,1,1924,240.500
1764840183.70851,0,0,445,55.625
1764840183.7125158,0,0,-1773,-221.625
1764840183.7165072,0,0,1061,132.625
1764840183.7205176,0,0,3002,375.250
1764840183.7245042,1,1,2172,271.500
1764840183.7284975,0,0,463,57.875
1764840183.732494,0,0,-1726,-215.750
1764840183.7364917,0,0,1303,162.875
1764840183.740535,0,0,3369,421.125
1764840183.7445128,1,1,2404,300.500
1764840183.748511,0,0,580,72.500
1764840183.7525084,0,0,-1725,-215.625
1764840183.7564914,0,0,902,112.750
1764840183.760503,0,0,3083,385.375
1764840183.7645104,1,1,2310,288.750
1764840183.7685115,0,0,658,82.250
1764840183.7725143,0,0,-1760,-220.000
1764840183.7765102,0,0,1168,146.000
1764840183.7805114,0,0,3458,432.250
1764840183.7845082,1,1,2542,317.750
1764840183.7885113,0,0,765,95.625
1764840183.7925158,0,0,-1801,-225.125
1764840183.7965088,0,0,1325,165.625
1764840183.800512,0,0,3683,460.375
1764840183.804493,1,1,2671,333.875
1764840183.808492,0,0,828,103.500
1764840183.8125074,0,0,-1781,-222.625
1764840183.8165102,0,0,916,114.500
1764840183.8205123,0,0,3402,425.250
1764840183.8245072,1,1,2583,322.875
1764840183.828506,0,0,885,110.625
1764840183.832515,0,0,-1715,-214.375
1764840183.8365083,0,0,994,124.250
1764840183.8405457,0,0,3644,455.500
1764840183.8445091,1,1,2780,347.500
1764840183.8485978,0,0,1008,126.000
1764840183.8525207,0,0,-1873,-234.125
1764840183.8564923,0,0,1171,146.375
1764840183.8604987,0,0,3816,477.000
1764840183.8645077,1,1,2849,356.125
1764840183.8685057,0,0,1010,126.250
1764840183.8725011,0,0,-1558,-194.750
1764840183.8764918,0,0,215,26.875
1764840183.880501,0,0,2986,373.250
1764840183.8845084,1,1,2503,312.875
1764840183.888554,0,0,1049,131.125
1764840183.8925347,0,0,-1641,-205.125
1764840183.8965127,0,0,359,44.875
1764840183.900511,0,0,3208,401.000
1764840183.9045084,1,1,2657,332.125
1764840183.908504,0,0,1110,138.750
1764840183.9125087,0,0,-1327,-165.875
1764840183.9165049,0,0,-433,-54.125
1764840183.920512,0,0,2543,317.875
1764840183.9245079,1,1,2445,305.625
1764840183.9285035,0,0,1217,152.125
1764840183.9325073,0,0,-1320,-165.000
1764840183.9365044,0,0,-488,-61.000
1764840183.9405172,0,0,2533,316.625
1764840183.9445288,1,1,2484,310.500
1764840183.948505,0,0,1288,161.000
1764840183.952506,0,0,-1231,-153.875
1764840183.9565027,0,0,-548,-68.500
1764840183.9605114,0,0,2527,315.875
1764840183.9644923,1,1,2532,316.500
1764840183.9684906,0,0,1359,169.875
1764840183.9725094,0,0,-1181,-147.625
1764840183.9765038,0,0,-604,-75.500
1764840183.9805102,0,0,2570,321.250
1764840183.984501,1,1,2638,329.750
1764840183.9884913,0,0,1453,181.625
1764840183.9925041,0,0,-1160,-145.000
1764840183.9965034,0,0,-580,-72.500
1764840184.000507,0,0,2671,333.875
1764840184.004509,1,1,2740,342.500
1764840184.0085053,0,0,1518,189.750
1764840184.012512,0,0,-1009,-126.125
1764840184.016504,0,0,-772,-96.500
1764840184.0205073,0,0,2557,319.625
1764840184.0245063,1,1,2770,346.250
1764840184.028504,0,0,1600,200.000
1764840184.032511,0,0,-1052,-131.500
1764840184.0365057,0,0,-675,-84.375
1764840184.0405064,0,0,2707,338.375
1764840184.0445404,1,1,2873,359.125
1764840184.048595,0,0,1635,204.375
1764840184.0525186,0,0,-1269,-158.625
1764840184.0564902,0,0,-552,-69.000
1764840184.0605097,0,0,2816,352.000
1764840184.0645077,1,1,2913,364.125
1764840184.0685093,0,0,1616,202.000
1764840184.0725012,0,0,-825,-103.125
1764840184.0764916,0,0,-1071,-133.875
1764840184.0805092,0,0,2310,288.750
1764840184.0845063,1,1,2775,346.875
1764840184.0885022,0,0,1694,211.750
1764840184.0925093,0,0,-780,-97.500
1764840184.0965052,0,0,-1036,-129.500
1764840184.100507,0,0,2466,308.250
1764840184.1045046,1,1,2944,368.000
1764840184.1085048,0,0,1784,223.000
1764840184.112512,0,0,-738,-92.250
1764840184.116504,0,0,-1178,-147.250
1764840184.120509,0,0,2184,273.000
1764840184.1245034,1,1,2789,348.625
1764840184.1285005,0,0,1752,219.000
1764840184.132509,0,0,-696,-87.000
1764840184.136518,0,0,-1192,-149.000
1764840184.1405225,0,0,2221,277.625
1764840184.1445038,1,1,2883,360.375
1764840184.148484,0,0,1820,227.500
1764840184.1525042,0,0,-628,-78.500
1764840184.156503,0,0,-1176,-147.000
1764840184.1605058,0,0,2337,292.125
1764840184.1644835,1,1,3031,378.875
1764840184.1684837,0,0,1897,237.125
1764840184.172489,0,0,-555,-69.375
1764840184.1764872,0,0,-1346,-168.250
1764840184.1805146,0,0,1837,229.625
1764840184.1845076,1,1,2752,344.000
1764840184.1885052,0,0,1841,230.125
1764840184.1925194,0,0,-489,-61.125
1764840184.1965027,0,0,-1386,-173.250
1764840184.2005086,0,0,1784,223.000
1764840184.2045038,1,1,2757,344.625
1764840184.2085,0,0,1863,232.875
1764840184.2125041,0,0,-445,-55.625
1764840184.2165039,0,0,-1317,-164.625
1764840184.2205062,0,0,2088,261.000
1764840184.2245042,1,1,3064,383.000
1764840184.2284994,0,0,2009,251.125
1764840184.2324932,0,0,-386,-48.250
1764840184.236484,0,0,-1341,-167.625
1764840184.2404897,0,0,1988,248.500
1764840184.2449021,1,1,2069,258.625
1764840184.248718,0,0,-329,-41.125
1764840184.252555,0,0,-730,-91.250
1764840184.2565072,0,0,3473,434.125
1764840184.2605083,0,0,4040,505.000
1764840184.2644923,1,1,2292,286.500
1764840184.2684867,0,0,-276,-34.500
1764840184.2725048,0,0,-1400,-175.000
1764840184.2765024,0,0,1580,197.500
1764840184.2805104,0,0,2957,369.625
1764840184.2845066,1,1,2070,258.750
1764840184.2885056,0,0,-197,-24.625
1764840184.2925065,0,0,-1407,-175.875
1764840184.2964985,0,0,1717,214.625
1764840184.300505,0,0,3120,390.000
1764840184.3044894,1,1,2157,269.625
1764840184.3084853,0,0,-107,-13.375
1764840184.3124983,0,0,-1429,-178.625
1764840184.3164992,0,0,1551,193.875
1764840184.320505,0,0,3070,383.750
1764840184.3245032,1,1,2176,272.000
1764840184.3285007,0,0,-48,-6.000
1764840184.332506,0,0,-1486,-185.750
1764840184.3365,0,0,1458,182.250
1764840184.340525,0,0,3000,375.000
1764840184.344514,1,1,2141,267.625
1764840184.348542,0,0,17,2.125
1764840184.3524961,0,0,-1447,-180.875
1764840184.356483,0,0,1521,190.125
1764840184.3604934,0,0,3195,399.375
1764840184.3645012,1,1,2291,286.375
1764840184.3685014,0,0,157,19.625
1764840184.3724935,0,0,-1474,-184.250
1764840184.376488,0,0,1256,157.000
1764840184.380514,0,0,3068,383.500
1764840184.3845031,1,1,2287,285.875
1764840184.388501,0,0,306,38.250
1764840184.3925092,0,0,-1606,-200.750
1764840184.3965027,0,0,1170,146.250
1764840184.4005036,0,0,3014,376.750
1764840184.4045005,1,1,2279,284.875
1764840184.408503,0,0,318,39.750
1764840184.4124942,0,0,-1332,-166.500
1764840184.416487,0,0,-241,-30.125
1764840184.4205048,0,0,2030,253.750
1764840184.4245017,1,1,2032,254.000
1764840184.4284992,0,0,672,84.000
1764840184.4325047,0,0,-1966,-245.750
1764840184.436501,0,0,1472,184.000
1764840184.440505,0,0,3431,428.875
1764840184.4445002,1,1,2559,319.875
1764840184.4541028,0,0,-1922,-240.250
1764840184.4565196,0,0,1576,197.000
1764840184.460514,0,0,3617,452.125
1764840184.4644866,1,1,2666,333.250
1764840184.4684832,0,0,769,96.125
1764840184.4725013,0,0,-1732,-216.500
1764840184.4765005,0,0,1156,144.500
1764840184.4805043,0,0,3403,425.375
1764840184.4844813,1,1,2639,329.875
1764840184.4884777,0,0,869,108.625
1764840184.4924831,0,0,-1712,-214.000
1764840184.4964805,0,0,828,103.500
1764840184.500489,0,0,3186,398.250
1764840184.5045042,1,1,2575,321.875
1764840184.5084972,0,0,961,120.125
1764840184.5125036,0,0,-1795,-224.375
1764840184.5164998,0,0,598,74.750
1764840184.520503,0,0,2981,372.625
1764840184.5244994,1,1,2478,309.750
1764840184.528496,0,0,1001,125.125
1764840184.5325007,0,0,-1812,-226.500
1764840184.5364962,0,0,727,90.875
1764840184.5405006,0,0,3216,402.000
1764840184.5445,1,1,2639,329.875
1764840184.548501,0,0,1103,137.875
1764840184.5525208,0,0,-1852,-231.500
1764840184.5564837,0,0,862,107.750
1764840184.5604877,0,0,3461,432.625
1764840184.564499,1,1,2804,350.500
1764840184.5684977,0,0,1186,148.250
1764840184.5724869,0,0,-1691,-211.375
1764840184.5764792,0,0,406,50.750
1764840184.5805027,0,0,3089,386.125
1764840184.5844982,1,1,2657,332.125
1764840184.5884967,0,0,1227,153.375
1764840184.592501,0,0,-1479,-184.875
1764840184.5964952,0,0,-403,-50.375
1764840184.6004984,0,0,2280,285.000
1764840184.6044993,1,1,2280,285.000
1764840184.608499,0,0,1236,154.500
1764840184.6124997,0,0,-1589,-198.625
1764840184.6164944,0,0,106,13.250
1764840184.6204987,0,0,2993,374.125
1764840184.624499,1,1,2735,341.875
1764840184.6284976,0,0,1410,176.250
1764840184.632503,0,0,-1517,-189.625
1764840184.636496,0,0,-105,-13.125
1764840184.640499,0,0,2865,358.125
1764840184.6444979,1,1,2727,340.875
1764840184.6484962,0,0,1476,184.500
1764840184.6526592,0,0,-1382,-172.750
1764840184.6565237,0,0,-401,-50.125
1764840184.6605034,0,0,2625,328.125
1764840184.6644773,1,1,2659,332.375
1764840184.6684823,0,0,1535,191.875
1764840184.672497,0,0,-1395,-174.375
1764840184.6764953,0,0,-229,-28.625
1764840184.6804962,0,0,2920,365.000
1764840184.68448,1,1,2872,359.000
1764840184.688482,0,0,1625,203.125
1764840184.692498,0,0,-1303,-162.875
1764840184.6964982,0,0,-551,-68.875
1764840184.700499,0,0,2555,319.375
1764840184.7044995,1,1,2688,336.000
1764840184.7085018,0,0,1613,201.625
1764840184.7125058,0,0,-1397,-174.625
1764840184.7164853,0,0,-141,-17.625
1764840184.720496,0,0,3152,394.000
1764840184.7244964,1,1,3072,384.000
1764840184.7284954,0,0,1727,215.875
1764840184.7324913,0,0,-1119,-139.875
1764840184.736482,0,0,-592,-74.000
1764840184.7404988,0,0,2752,344.000
1764840184.744479,1,1,2937,367.125
1764840184.7484787,0,0,1766,220.750
1764840184.7525184,0,0,-1144,-143.000
1764840184.7564986,0,0,-514,-64.250
1764840184.760501,0,0,2904,363.000
1764840184.7644956,1,1,3051,381.375
1764840184.7684946,0,0,1807,225.875
1764840184.7724965,0,0,-1008,-126.000
1764840184.7764943,0,0,-801,-100.125
1764840184.7804987,0,0,2558,319.750
1764840184.7844982,1,1,2878,359.750
1764840184.7884943,0,0,1782,222.750
1764840184.7924974,0,0,-957,-119.625
1764840184.7964938,0,0,-933,-116.625
1764840184.8004997,0,0,2405,300.625
1764840184.80448,1,1,2816,352.000
1764840184.8084743,0,0,1781,222.625
1764840184.8124924,0,0,-1052,-131.500
1764840184.8164954,0,0,-705,-88.125
1764840184.8204987,0,0,2821,352.625
1764840184.8244944,1,1,3119,389.875
1764840184.8284914,0,0,1876,234.500
1764840184.8324976,0,0,-803,-100.375
1764840184.8364954,0,0,-1080,-135.000
1764840184.840494,0,0,2315,289.375
1764840184.8444934,1,1,2847,355.875
1764840184.8484902,0,0,1821,227.625
1764840184.8526325,0,0,-658,-82.250
1764840184.8565245,0,0,-1181,-147.625
1764840184.8605032,0,0,2241,280.125
1764840184.864477,1,1,2952,369.000
1764840184.8684788,0,0,1947,243.375
1764840184.872495,0,0,-659,-82.375
1764840184.8765042,0,0,-1126,-140.750
1764840184.8804991,0,0,2446,305.750
1764840184.884479,1,1,3101,387.625
1764840184.888479,0,0,1987,248.375
1764840184.8924928,0,0,-597,-74.625
1764840184.8964896,0,0,-1240,-155.000
1764840184.9004946,0,0,2208,276.000
1764840184.9044807,1,1,1975,246.875
1764840184.9084778,0,0,-571,-71.375
1764840184.912492,0,0,-1204,-150.500
1764840184.9164913,0,0,2396,299.500
1764840184.9204934,0,0,3201,400.125
1764840184.9244928,1,1,2072,259.000
1764840184.9284937,0,0,-470,-58.750
1764840184.9324973,0,0,-1284,-160.500
1764840184.9364917,0,0,2187,273.375
1764840184.940496,0,0,3115,389.375
1764840184.9444985,1,1,2063,257.875
1764840184.948496,0,0,-422,-52.750
1764840184.9525151,0,0,-1366,-170.750
1764840184.9564939,0,0,1925,240.625
1764840184.9604936,0,0,2982,372.750
1764840184.964491,1,1,2038,254.750
1764840184.9684951,0,0,-373,-46.625
1764840184.9724982,0,0,-1299,-162.375
1764840184.9764924,0,0,2231,278.875
1764840184.9804945,0,0,3313,414.125
1764840184.9844918,1,1,2201,275.125
1764840184.9884932,0,0,-278,-34.750
1764840184.9924967,0,0,-1434,-179.250
1764840184.996496,0,0,1523,190.375
1764840185.0004904,0,0,2866,358.250
1764840185.0044825,1,1,2079,259.875
1764840185.0084782,0,0,-224,-28.000
1764840185.0124934,0,0,-1426,-178.250
1764840185.0164924,0,0,1815,226.875
1764840185.020494,0,0,3113,389.125
1764840185.024494,1,1,2173,271.625
1764840185.0284913,0,0,-165,-20.625
1764840185.032497,0,0,-1462,-182.750
1764840185.036493,0,0,1673,209.125
1764840185.0404937,0,0,3066,383.250
1764840185.044492,1,1,2176,272.000
1764840185.0484915,0,0,-79,-9.875
1764840185.0526118,0,0,-1462,-182.750
1764840185.0565612,0,0,2198,274.750
1764840185.0605063,0,0,3554,444.250
1764840185.0645003,1,1,2389,298.625
1764840185.0684922,0,0,5,0.625
1764840185.0724926,0,0,-1439,-179.875
1764840185.076494,0,0,1937,242.125
1764840185.0804958,0,0,3442,430.250
1764840185.084477,1,1,2374,296.750
1764840185.088474,0,0,89,11.125
1764840185.092491,0,0,-1479,-184.875
1764840185.0964918,0,0,1738,217.250
1764840185.1004994,0,0,3358,419.750
1764840185.1044962,1,1,2382,297.750
1764840185.1084895,0,0,187,23.375
1764840185.112487,0,0,-1385,-173.125
1764840185.1164908,0,0,-87,-10.875
1764840185.120494,0,0,2069,258.625
1764840185.1244886,1,1,2019,252.375
1764840185.1284864,0,0,479,59.875
1764840185.132492,0,0,-1844,-230.500
1764840185.1364923,0,0,1466,183.250
1764840185.1404943,0,0,3285,410.625
1764840185.1444917,1,1,2451,306.375
1764840185.1484866,0,0,533,66.625
1764840185.152495,0,0,-1830,-228.750
1764840185.156523,0,0,1298,162.250
1764840185.1604986,0,0,3196,399.500
1764840185.1644933,1,1,2421,302.625
1764840185.1684911,0,0,600,75.000
1764840185.1724927,0,0,-1858,-232.250
1764840185.1764894,0,0,1580,197.500
1764840185.1804936,0,0,3549,443.625
1764840185.1845024,1,1,2614,326.750
1764840185.1884885,0,0,681,85.125
1764840185.1924944,0,0,-1695,-211.875
1764840185.1964848,0,0,690,86.250
1764840185.2005026,0,0,2846,355.750
1764840185.2044904,1,1,2337,292.125
1764840185.2084908,0,0,760,95.000
1764840185.2124891,0,0,-1776,-222.000
1764840185.2164967,0,0,1171,146.375
1764840185.220491,0,0,3400,425.000
1764840185.2244911,1,1,2638,329.750
1764840185.2284877,0,0,896,112.000
1764840185.232491,0,0,-1789,-223.625
1764840185.236471,0,0,773,96.625
1764840185.240478,0,0,3085,385.625
1764840185.2448676,1,1,2511,313.875
1764840185.2486749,0,0,1009,126.125
1764840185.25264,0,0,-1590,-198.750
1764840185.2565255,0,0,2537,317.125
1764840185.2604833,0,0,4594,574.250
1764840185.2644804,1,1,3131,391.375
1764840185.2684765,0,0,960,120.000
1764840185.2725067,0,0,-1589,-198.625
1764840185.2764885,0,0,209,26.125
1764840185.280493,0,0,2755,344.375
1764840185.2844827,1,1,2430,303.750
1764840185.288484,0,0,1068,133.500
1764840185.2924905,0,0,-1752,-219.000
1764840185.2964911,0,0,583,72.875
1764840185.3004904,0,0,3171,396.375
1764840185.3044748,1,1,2650,331.250
1764840185.308507,0,0,1150,143.750
1764840185.3125632,0,0,-1690,-211.250
1764840185.3165557,0,0,362,45.250
1764840185.320509,0,0,3046,380.750
1764840185.3244734,1,1,2633,329.125
1764840185.3284829,0,0,1223,152.875
1764840185.3324902,0,0,-1639,-204.875
1764840185.3364923,0,0,157,19.625
1764840185.340494,0,0,2940,367.500
1764840185.3444853,1,1,2638,329.750
1764840185.3484724,0,0,1293,161.625
1764840185.3524892,0,0,-1497,-187.125
1764840185.356492,0,0,-174,-21.750
1764840185.3604934,0,0,2714,339.250
1764840185.3644872,1,1,2598,324.750
1764840185.368487,0,0,1387,173.375
1764840185.3724937,0,0,-1646,-205.750
1764840185.3764899,0,0,113,14.125
1764840185.3804944,0,0,3044,380.500
1764840185.38449,1,1,2776,347.000
1764840185.3884852,0,0,1439,179.875
1764840185.392496,0,0,-1520,-190.000
1764840185.3964906,0,0,-137,-17.125
1764840185.4004903,0,0,2868,358.500
1764840185.404488,1,1,2734,341.750
1764840185.4084885,0,0,1486,185.750
1764840185.4124784,0,0,-1517,-189.625
1764840185.4164708,0,0,-131,-16.375
1764840185.4204867,0,0,2923,365.375
1764840185.4244933,1,1,2788,348.500
1764840185.4284875,0,0,1523,190.375
1764840185.4324946,0,0,-1371,-171.375
1764840185.4364898,0,0,-344,-43.000
1764840185.4404907,0,0,2778,347.250
1764840185.444487,1,1,2761,345.125
1764840185.448488,0,0,1567,195.875
1764840185.4583642,0,0,2855,356.875
1764840185.4605327,0,0,2855,356.875
1764840185.4644914,1,1,2858,357.250
1764840185.4684753,0,0,1628,203.500
1764840185.4724898,0,0,-1184,-148.000
1764840185.476487,0,0,-608,-76.000
1764840185.4804893,0,0,2617,327.125
1764840185.4844697,1,1,2773,346.625
1764840185.4884706,0,0,1643,205.375
1764840185.4924846,0,0,-1188,-148.500
1764840185.496498,0,0,-528,-66.000
1764840185.500492,0,0,2814,351.750
1764840185.5044937,1,1,2938,367.250
1764840185.5084841,0,0,1715,214.375
1764840185.5124953,0,0,-1406,-175.750
1764840185.5164864,0,0,-60,-7.500
1764840185.5204883,0,0,3521,440.125
1764840185.5244844,1,1,3407,425.875
1764840185.5285037,0,0,1838,229.750
1764840185.5325062,0,0,-1021,-127.625
1764840185.5364876,0,0,-636,-79.500
1764840185.540487,0,0,2889,361.125
1764840185.5444696,1,1,3093,386.625
1764840185.5484672,0,0,1789,223.625
1764840185.5524838,0,0,-804,-100.500
1764840185.5564837,0,0,2295,286.875
1764840185.560503,0,0,2800,350.000
1764840185.5644763,1,1,1761,220.125
1764840185.5684664,0,0,-817,-102.125
1764840185.5724869,0,0,-845,-105.625
1764840185.5764923,0,0,2803,350.375
1764840185.5804877,0,0,3188,398.500
1764840185.5844843,1,1,1899,237.375
1764840185.5884855,0,0,-674,-84.250
1764840185.592502,0,0,-1234,-154.250
1764840185.5964851,0,0,2067,258.375
1764840185.600485,0,0,2773,346.625
1764840185.6044853,1,1,1817,227.125
1764840185.6084964,0,0,-691,-86.375
1764840185.612478,0,0,-1113,-139.125
1764840185.6164691,0,0,2448,306.000
1764840185.6204834,0,0,3061,382.625
1764840185.6244948,1,1,1915,239.375
1764840185.6284842,0,0,-675,-84.375
1764840185.6324904,0,0,-1056,-132.000
1764840185.6364846,0,0,2661,332.625
1764840185.6404958,0,0,3266,408.250
1764840185.6444867,1,1,1997,249.625
1764840185.6484814,0,0,-529,-66.125
1764840185.6524885,0,0,-1234,-154.250
1764840185.656595,0,0,2238,279.750
1764840185.6605616,0,0,3077,384.625
1764840185.6644866,1,1,1987,248.375
1764840185.6684682,0,0,-500,-62.500
1764840185.6724863,0,0,-1359,-169.875
1764840185.6764848,0,0,1833,229.125
1764840185.6804972,0,0,2817,352.125
1764840185.684468,1,1,1907,238.375
1764840185.688477,0,0,-497,-62.125
1764840185.6924837,0,0,-1276,-159.500
1764840185.6964839,0,0,2269,283.625
1764840185.7004893,0,0,3200,400.000
1764840185.7044847,1,1,2063,257.875
1764840185.708481,0,0,-447,-55.875
1764840185.7124867,0,0,-1305,-163.125
1764840185.7164807,0,0,2173,271.625
1764840185.7204876,0,0,3214,401.750
1764840185.7244866,1,1,2100,262.500
1764840185.7284813,0,0,-355,-44.375
1764840185.7324843,0,0,-1320,-165.000
1764840185.736484,0,0,2178,272.250
1764840185.740499,0,0,3284,410.500
1764840185.7444901,1,1,2147,268.375
1764840185.7484848,0,0,-311,-38.875
1764840185.7524877,0,0,-1407,-175.875
1764840185.7564816,0,0,1951,243.875
1764840185.7605023,0,0,3135,391.875
1764840185.7644706,1,1,2085,260.625
1764840185.7684667,0,0,-241,-30.125
1764840185.7724724,0,0,-1331,-166.375
1764840185.7764666,0,0,2306,288.250
1764840185.7804782,0,0,3531,441.375
1764840185.7844996,1,1,2295,286.875
1764840185.7884853,0,0,-85,-10.625
1764840185.7924893,0,0,-1450,-181.250
1764840185.7964795,0,0,563,70.375
1764840185.8004997,0,0,2384,298.000
1764840185.80447,1,1,2005,250.625
1764840185.8084664,0,0,23,2.875
1764840185.8124633,0,0,-1491,-186.375
1764840185.816462,0,0,1350,168.750
1764840185.8204708,0,0,2979,372.375
1764840185.8244848,1,1,2207,275.875
1764840185.8284848,0,0,113,14.125
1764840185.832503,0,0,-1503,-187.875
1764840185.836481,0,0,1618,202.250
1764840185.8404846,0,0,3278,409.750
1764840185.8444824,1,1,2357,294.625
1764840185.8484921,0,0,234,29.250
1764840185.8524864,0,0,-1554,-194.250
1764840185.8565836,0,0,1404,175.500
1764840185.8605075,0,0,3177,397.125
1764840185.864518,1,1,2346,293.250
1764840185.8684669,0,0,360,45.000
1764840185.8724818,0,0,-1745,-218.125
1764840185.8764791,0,0,1600,200.000
1764840185.880482,0,0,3355,419.375
1764840185.884464,1,1,2408,301.000
1764840185.888465,0,0,413,51.625
1764840185.8924816,0,0,-1676,-209.500
1764840185.8964798,0,0,1606,200.750
1764840185.9004838,0,0,3491,436.375
1764840185.9044783,1,1,2517,314.625
1764840185.9084797,0,0,528,66.000
1764840185.9124823,0,0,-1702,-212.750
1764840185.91648,0,0,1485,185.625
1764840185.9204824,0,0,3470,433.750
1764840185.924477,1,1,2535,316.875
1764840185.9284773,0,0,607,75.875
1764840185.932488,0,0,-1664,-208.000
1764840185.9364812,0,0,1532,191.500
1764840185.9404807,0,0,3664,458.000
1764840185.9444807,1,1,2687,335.875
1764840185.9484782,0,0,725,90.625
1764840185.9524846,0,0,-1668,-208.500
1764840185.956482,0,0,767,95.875
1764840185.9604826,0,0,3044,380.500
1764840185.9645123,1,1,2439,304.875
1764840185.9684768,0,0,812,101.500
1764840185.9724863,0,0,-1803,-225.375
1764840185.97648,0,0,1261,157.625
1764840185.9804838,0,0,3545,443.125
1764840185.9844775,1,1,2681,335.125
1764840185.9884794,0,0,879,109.875
1764840185.9924796,0,0,-1617,-202.125
1764840185.9964662,0,0,392,49.000
1764840186.0004709,0,0,2877,359.625
1764840186.0044782,1,1,2452,306.500
1764840186.008477,0,0,995,124.375
1764840186.0124714,0,0,-1835,-229.375
1764840186.0164642,0,0,1184,148.000
1764840186.0204694,0,0,3692,461.500
1764840186.024466,1,1,2855,356.875
1764840186.0284615,0,0,1065,133.125
1764840186.0324793,0,0,-1640,-205.000
1764840186.036483,0,0,565,70.625
1764840186.0404856,0,0,3246,405.750
1764840186.0444806,1,1,2715,339.375
1764840186.0484772,0,0,1159,144.875
1764840186.0524719,0,0,-1687,-210.875
1764840186.0566044,0,0,415,51.875
1764840186.0605154,0,0,3103,387.875
1764840186.0645194,1,1,2647,330.875
1764840186.0684826,0,0,1201,150.125
1764840186.0724807,0,0,-1735,-216.875
1764840186.0765028,0,0,444,55.500
1764840186.0804927,0,0,3193,399.125
1764840186.0844672,1,1,2715,339.375
1764840186.088462,0,0,1252,156.500
1764840186.0924804,0,0,-1644,-205.500
1764840186.0964785,0,0,144,18.000
1764840186.100484,0,0,2962,370.250
1764840186.1044662,1,1,2639,329.875
1764840186.1084635,0,0,1294,161.750
1764840186.112482,0,0,-1751,-218.875
1764840186.1164753,0,0,433,54.125
1764840186.1204803,0,0,3346,418.250
1764840186.1244793,1,1,2870,358.750
1764840186.1284783,0,0,1365,170.625
1764840186.1324813,0,0,-1502,-187.750
1764840186.1364753,0,0,17,2.125
1764840186.140483,0,0,3064,383.000
1764840186.14448,1,1,2809,351.125
1764840186.148479,0,0,1431,178.875
1764840186.152482,0,0,-1388,-173.500
1764840186.156477,0,0,-413,-51.625
1764840186.160479,0,0,2589,323.625
1764840186.1644783,1,1,2568,321.000
1764840186.1684916,0,0,1422,177.750
1764840186.1724823,0,0,-1521,-190.125
1764840186.1764743,0,0,107,13.375
1764840186.1804755,0,0,3310,413.750
1764840186.1844769,1,1,3021,377.625
1764840186.1884787,0,0,1551,193.875
1764840186.192484,0,0,-1300,-162.500
1764840186.1964736,0,0,-343,-42.875
1764840186.2004776,0,0,2879,359.875
1764840186.204473,1,1,2837,354.625
1764840186.2084749,0,0,1552,194.000
1764840186.21248,0,0,-357,-44.625
1764840186.2164752,0,0,2945,368.125
1764840186.2204754,0,0,2920,365.000
1764840186.2244718,1,1,1601,200.125
1764840186.2284737,0,0,-1249,-156.125
1764840186.232468,0,0,-331,-41.375
1764840186.2364578,0,0,3086,385.750
1764840186.2404625,0,0,3061,382.625
1764840186.2448485,1,1,1667,208.375
1764840186.2486646,0,0,-1353,-169.125
1764840186.2525077,0,0,1053,131.625
1764840186.2565699,0,0,4648,581.000
1764840186.2604988,0,0,3900,487.500
1764840186.264465,1,1,1774,221.750
1764840186.268498,0,0,-893,-111.625
1764840186.2724776,0,0,-936,-117.000
1764840186.2764785,0,0,2548,318.500
1764840186.2804792,0,0,2903,362.875
1764840186.2844594,1,1,1697,212.125
1764840186.2884567,0,0,-845,-105.625
1764840186.2924774,0,0,-980,-122.500
1764840186.296478,0,0,2463,307.875
1764840186.300482,0,0,2853,356.625
1764840186.3044682,1,1,1684,210.500
1764840186.30848,0,0,-883,-110.375
1764840186.312479,0,0,-834,-104.250
1764840186.3164778,0,0,2758,344.750
1764840186.3204765,0,0,3077,384.625
1764840186.324462,1,1,1762,220.250
1764840186.3284578,0,0,-789,-98.625
1764840186.3324585,0,0,-935,-116.875
1764840186.3364608,0,0,2702,337.750
1764840186.3404672,0,0,3109,388.625
1764840186.3444772,1,1,1797,224.625
1764840186.3484724,0,0,-694,-86.750
1764840186.3524766,0,0,-1192,-149.000
1764840186.3564744,0,0,2188,273.500
1764840186.3604825,0,0,2867,358.375
1764840186.364481,1,1,1782,222.750
1764840186.3685105,0,0,-636,-79.500
1764840186.3724825,0,0,-1204,-150.500
1764840186.3764746,0,0,2227,278.375
1764840186.3804774,0,0,2937,367.125
1764840186.3844798,1,1,1821,227.625
1764840186.388483,0,0,-571,-71.375
1764840186.3924792,0,0,-1253,-156.625
1764840186.3964596,0,0,2110,263.750
1764840186.400468,0,0,2972,371.500
1764840186.4044797,1,1,1899,237.375
1764840186.408477,0,0,-571,-71.375
1764840186.4124691,0,0,-1183,-147.875
1764840186.4164588,0,0,2469,308.625
1764840186.4204786,0,0,3245,405.625
1764840186.4244792,1,1,1984,248.000
1764840186.4284768,0,0,-498,-62.250
1764840186.4324837,0,0,-1278,-159.750
1764840186.4364746,0,0,2177,272.125
1764840186.4404764,0,0,3099,387.375
1764840186.4444761,1,1,1957,244.625
1764840186.448474,0,0,-441,-55.125
1764840186.452482,0,0,-1252,-156.500
1764840186.4619732,0,0,3327,415.875
1764840186.4644969,1,1,2066,258.250
1764840186.4684782,0,0,-400,-50.000
1764840186.472474,0,0,-1274,-159.250
1764840186.476472,0,0,2335,291.875
1764840186.4804692,0,0,3362,420.250
1764840186.4844718,1,1,2097,262.125
1764840186.488473,0,0,-303,-37.875
1764840186.4924672,0,0,-1328,-166.000
1764840186.4964576,0,0,2114,264.250
1764840186.500473,0,0,3293,411.625
1764840186.5044794,1,1,2125,265.625
1764840186.5084765,0,0,-162,-20.250
1764840186.51248,0,0,-1440,-180.000
1764840186.516476,0,0,1070,133.750
1764840186.5204759,0,0,2664,333.000
1764840186.524471,1,1,1996,249.500
1764840186.5284789,0,0,-132,-16.500
1764840186.5324855,0,0,-1417,-177.125
1764840186.5364726,0,0,1726,215.750
1764840186.5404737,0,0,3192,399.000
1764840186.5444605,1,1,2195,274.375
1764840186.5484536,0,0,-83,-10.375
1764840186.552474,0,0,-1376,-172.000
1764840186.5564718,0,0,1988,248.500
1764840186.5604725,0,0,3516,439.500
1764840186.5644662,1,1,2374,296.750
1764840186.5684674,0,0,62,7.750
1764840186.5724814,0,0,-1470,-183.750
1764840186.5764565,0,0,1983,247.875
1764840186.580463,0,0,3525,440.625
1764840186.584475,1,1,2364,295.500
1764840186.5884726,0,0,126,15.750
1764840186.5924742,0,0,-1495,-186.875
1764840186.5964718,0,0,1728,216.000
1764840186.6004772,0,0,3416,427.000
1764840186.604472,1,1,2358,294.750
1764840186.608472,0,0,250,31.250
1764840186.6124732,0,0,-1629,-203.625
1764840186.6164722,0,0,1713,214.125
1764840186.6204772,0,0,3429,428.625
1764840186.6244767,1,1,2358,294.750
1764840186.6284711,0,0,289,36.125
1764840186.6324732,0,0,-1529,-191.125
1764840186.636472,0,0,1543,192.875
1764840186.6404738,0,0,3472,434.000
1764840186.6444752,1,1,2467,308.375
1764840186.6484683,0,0,427,53.375
1764840186.652463,0,0,-1580,-197.500
1764840186.6564524,0,0,964,120.500
1764840186.6605756,0,0,3034,379.250
1764840186.6644886,1,1,2311,288.875
1764840186.6684716,0,0,541,67.625
1764840186.6724846,0,0,-1651,-206.375
1764840186.6764708,0,0,1142,142.750
1764840186.680473,0,0,3262,407.750
1764840186.6844597,1,1,2441,305.125
1764840186.6884556,0,0,642,80.250
1764840186.6924732,0,0,-1664,-208.000
1764840186.6964695,0,0,866,108.250
1764840186.7004776,0,0,3139,392.375
1764840186.7044735,1,1,2451,306.375
1764840186.7084723,0,0,760,95.000
1764840186.7124732,0,0,-1658,-207.250
1764840186.716469,0,0,579,72.375
1764840186.720474,0,0,2906,363.250
1764840186.724475,1,1,2361,295.125
1764840186.728474,0,0,830,103.750
1764840186.7324865,0,0,-1589,-198.625
1764840186.7364702,0,0,21,2.625
1764840186.7404723,0,0,2452,306.500
1764840186.7444532,1,1,2202,275.250
1764840186.748456,0,0,935,116.875
1764840186.7524712,0,0,-1775,-221.875
1764840186.7564662,0,0,441,55.125
1764840186.760468,0,0,2884,360.500
1764840186.7644615,1,1,2416,302.000
1764840186.7684577,0,0,1008,126.000
1764840186.7725072,0,0,-1699,-212.375
1764840186.7764728,0,0,684,85.500
1764840186.780474,0,0,3321,415.125
1764840186.7844725,1,1,2729,341.125
1764840186.7884717,0,0,1163,145.375
1764840186.7924652,0,0,-1808,-226.000
1764840186.7964537,0,0,664,83.000
1764840186.8004544,0,0,3321,415.125
1764840186.8044538,1,1,2726,340.750
1764840186.8084536,0,0,1179,147.375
1764840186.81247,0,0,-1650,-206.250
1764840186.816471,0,0,359,44.875
1764840186.8204718,0,0,3192,399.000
1764840186.8244712,1,1,2755,344.375
1764840186.8284693,0,0,1288,161.000
1764840186.8324747,0,0,-1674,-209.250
1764840186.836471,0,0,343,42.875
1764840186.8404703,0,0,3214,401.750
1764840186.8444622,1,1,2782,347.750
1764840186.848464,0,0,1321,165.125
1764840186.8524723,0,0,-1595,-199.375
1764840186.8564675,0,0,65,8.125
1764840186.8605874,0,0,2732,341.500
1764840186.8644984,1,1,1370,171.250
1764840186.8684702,0,0,-1666,-208.250
1764840186.8724642,0,0,337,42.125
1764840186.8764696,0,0,3389,423.625
1764840186.8804584,0,0,2958,369.750
1764840186.8844671,1,1,1438,179.750
1764840186.8884642,0,0,-1561,-195.125
1764840186.8924592,0,0,89,11.125
1764840186.8964524,0,0,3193,399.125
1764840186.9004598,0,0,2890,361.250
1764840186.9044673,1,1,1450,181.250
1764840186.9084644,0,0,-1346,-168.250
1764840186.9124694,0,0,-288,-36.000
1764840186.9164693,0,0,2962,370.250
1764840186.9204712,0,0,2878,359.750
1764840186.9244695,1,1,1543,192.875
1764840186.9284647,0,0,-1375,-171.875
1764840186.932468,0,0,-139,-17.375
1764840186.9364688,0,0,3128,391.000
1764840186.9404721,0,0,2964,370.500
1764840186.9444695,1,1,1555,194.375
1764840186.948466,0,0,-1321,-165.125
1764840186.952467,0,0,-119,-14.875
1764840186.956465,0,0,3296,412.000
1764840186.9604707,0,0,3129,391.125
1764840186.9644659,1,1,1630,203.750
1764840186.9684668,0,0,-1155,-144.375
1764840186.9724667,0,0,-414,-51.750
1764840186.9764786,0,0,3033,379.125
1764840186.9804718,0,0,3039,379.875
1764840186.9844706,1,1,1643,205.375
1764840186.9884715,0,0,-1109,-138.625
1764840186.99248,0,0,-525,-65.625
1764840186.9964647,0,0,2931,366.375
1764840187.0004706,0,0,3005,375.625
1764840187.0044544,1,1,1645,205.625
1764840187.0084488,0,0,-948,-118.500
1764840187.0124617,0,0,-666,-83.250
1764840187.0164633,0,0,2925,365.625
1764840187.0204713,0,0,3111,388.875
1764840187.0244522,1,1,1733,216.625
1764840187.0284507,0,0,-911,-113.875
1764840187.0324676,0,0,-793,-99.125
1764840187.0364633,0,0,2752,344.000
1764840187.0404637,0,0,3022,377.750
1764840187.044454,1,1,1712,214.000
1764840187.0484505,0,0,-791,-98.875
1764840187.05245,0,0,-896,-112.000
1764840187.0564487,0,0,2764,345.500
1764840187.0605612,0,0,3141,392.625
1764840187.0644872,1,1,1806,225.750
1764840187.06847,0,0,-732,-91.500
1764840187.0724618,0,0,-990,-123.750
1764840187.0764508,0,0,2648,331.000
1764840187.0804574,0,0,3115,389.375
1764840187.0844672,1,1,1819,227.375
1764840187.088468,0,0,-706,-88.250
1764840187.092461,0,0,-957,-119.625
1764840187.096451,0,0,2820,352.500
1764840187.1004722,0,0,3302,412.750
1764840187.104465,1,1,1905,238.125
1764840187.1084638,0,0,-636,-79.500
1764840187.1124663,0,0,-1229,-153.625
1764840187.1164618,0,0,2161,270.125
1764840187.120464,0,0,2905,363.125
1764840187.1244636,1,1,1801,225.125
1764840187.1284654,0,0,-612,-76.500
1764840187.1324673,0,0,-1091,-136.375
1764840187.1364625,0,0,2647,330.875
1764840187.1404665,0,0,3310,413.750
1764840187.1444616,1,1,1959,244.875
1764840187.1484587,0,0,-553,-69.125
1764840187.1524668,0,0,-1149,-143.625
1764840187.1564636,0,0,2554,319.250
1764840187.160467,0,0,3342,417.750
1764840187.1644597,1,1,2010,251.250
1764840187.1684566,0,0,-497,-62.125
1764840187.1724658,0,0,-1185,-148.125
1764840187.1764624,0,0,2497,312.125
1764840187.1805124,0,0,3381,422.625
1764840187.184508,1,1,2053,256.625
1764840187.1885033,0,0,-412,-51.500
1764840187.1925092,0,0,-1266,-158.250
1764840187.1965072,0,0,2243,280.375
1764840187.2005103,0,0,3266,408.250
1764840187.204504,1,1,2039,254.875
1764840187.2085044,0,0,-359,-44.875
1764840187.2125077,0,0,-1302,-162.750
1764840187.2165425,0,0,2162,270.250
1764840187.2205305,0,0,3265,408.125
1764840187.2244968,1,1,2060,257.500
1764840187.2284884,0,0,-300,-37.500
1764840187.2325056,0,0,-1370,-171.250
1764840187.2365077,0,0,1847,230.875
1764840187.2405152,0,0,3116,389.500
1764840187.2448165,1,1,2045,255.625
1764840187.2487285,0,0,-228,-28.500
1764840187.2525527,0,0,-1177,-147.125
1764840187.256509,0,0,3013,376.625
1764840187.2606013,0,0,3897,487.125
1764840187.2645118,1,1,2255,281.875
1764840187.2684908,0,0,-215,-26.875
1764840187.2724936,0,0,-1426,-178.250
1764840187.2764883,0,0,893,111.625
1764840187.2805939,0,0,2683,335.375
1764840187.2844694,1,1,2058,257.250
1764840187.2884626,0,0,-33,-4.125
1764840187.2924626,0,0,-1415,-176.875
1764840187.2964582,0,0,1645,205.625
1764840187.3004754,0,0,3251,406.375
1764840187.3046,1,1,2249,281.125
1764840187.3084548,0,0,49,6.125
1764840187.3124454,0,0,-1431,-178.875
1764840187.3164446,0,0,1992,249.000
1764840187.3204494,0,0,3583,447.875
1764840187.3244498,1,1,2392,299.000
1764840187.3284464,0,0,162,20.250
1764840187.332441,0,0,-1529,-191.125
1764840187.3364432,0,0,1714,214.250
1764840187.3404608,0,0,3409,426.125
1764840187.3444536,1,1,2335,291.875
1764840187.3484495,0,0,243,30.375
1764840187.3524637,0,0,-1604,-200.500
1764840187.356462,0,0,1503,187.875
1764840187.3604655,0,0,3276,409.500
1764840187.3644516,1,1,2288,286.000
1764840187.3684473,0,0,310,38.750
1764840187.3724692,0,0,-1564,-195.500
1764840187.3764668,0,0,1356,169.500
1764840187.380502,0,0,3312,414.000
1764840187.3844683,1,1,2382,297.750
1764840187.3884666,0,0,454,56.750
1764840187.3924718,0,0,-1649,-206.125
1764840187.3964636,0,0,1429,178.625
1764840187.4004633,0,0,3434,429.250
1764840187.4044595,1,1,2453,306.625
1764840187.4084635,0,0,536,67.000
1764840187.4124677,0,0,-1651,-206.375
1764840187.4164627,0,0,1117,139.625
1764840187.420465,0,0,3271,408.875
1764840187.4244654,1,1,2435,304.375
1764840187.4284642,0,0,645,80.625
1764840187.432468,0,0,-1740,-217.500
1764840187.4364676,0,0,1040,130.000
1764840187.4404645,0,0,3245,405.625
1764840187.4444613,1,1,2439,304.875
1764840187.448459,0,0,716,89.500
1764840187.452467,0,0,-1662,-207.750
1764840187.4564617,0,0,621,77.625
1764840187.4660034,0,0,826,103.250
1764840187.468483,0,0,826,103.250
1764840187.4724643,0,0,-1984,-248.000
1764840187.4764469,0,0,1542,192.750
1764840187.4804766,0,0,3821,477.625
1764840187.48446,1,1,2745,343.125
1764840187.488458,0,0,852,106.500
1764840187.4924493,0,0,-1555,-194.375
1764840187.4964442,0,0,292,36.500
1764840187.5004768,0,0,2921,365.125
1764840187.50446,1,1,2481,310.125
1764840187.5084598,0,0,1018,127.250
1764840187.5124605,0,0,-1576,-197.000
1764840187.5164592,0,0,109,13.625
1764840187.5204635,0,0,2391,298.875
1764840187.5244603,1,1,1065,133.125
1764840187.528455,0,0,-1666,-208.250
1764840187.5324476,0,0,414,51.750
1764840187.5364413,0,0,3118,389.750
1764840187.5404654,0,0,2617,327.125
1764840187.5444574,1,1,1153,144.125
1764840187.548456,0,0,-1642,-205.250
1764840187.5524476,0,0,276,34.500
1764840187.5564415,0,0,3099,387.375
1764840187.5604482,0,0,2674,334.250
1764840187.5644572,1,1,1232,154.000
1764840187.5684562,0,0,-1646,-205.750
1764840187.5724611,0,0,195,24.375
1764840187.5764546,0,0,3042,380.250
1764840187.5804737,0,0,2659,332.375
1764840187.5844643,1,1,1263,157.875
1764840187.5884593,0,0,-1646,-205.750
1764840187.5924613,0,0,320,40.000
1764840187.5964546,0,0,3320,415.000
1764840187.6004636,0,0,2870,358.750
1764840187.6044617,1,1,1359,169.875
1764840187.608458,0,0,-1477,-184.625
1764840187.6124582,0,0,-35,-4.375
1764840187.6164546,0,0,3027,378.375
1764840187.6204607,0,0,2774,346.750
1764840187.6244597,1,1,1393,174.125
1764840187.628457,0,0,-1467,-183.375
1764840187.63246,0,0,-18,-2.250
1764840187.636456,0,0,3143,392.875
1764840187.6404681,0,0,2886,360.750
1764840187.6444638,1,1,1458,182.250
1764840187.6484575,0,0,-1286,-160.750
1764840187.6524577,0,0,-469,-58.625
1764840187.6564558,0,0,2701,337.625
1764840187.6604598,0,0,2702,337.750
1764840187.6645758,1,1,1474,184.250
1764840187.668482,0,0,-1244,-155.500
1764840187.6724522,0,0,-296,-37.000
1764840187.676442,0,0,3046,380.750
1764840187.6804724,0,0,2970,371.250
1764840187.6844795,1,1,1585,198.125
1764840187.6884437,0,0,-1094,-136.750
1764840187.6924505,0,0,-585,-73.125
1764840187.6964445,0,0,2782,347.750
1764840187.700458,0,0,2883,360.375
1764840187.7044559,1,1,1611,201.375
1764840187.7084606,0,0,-1061,-132.625
1764840187.7124612,0,0,-608,-76.000
1764840187.71646,0,0,2817,352.125
1764840187.7204595,0,0,2946,368.250
1764840187.724458,1,1,1652,206.500
1764840187.7284596,0,0,-912,-114.000
1764840187.7324636,0,0,-826,-103.250
1764840187.7364595,0,0,2646,330.750
1764840187.740463,0,0,2931,366.375
1764840187.7444608,1,1,1707,213.375
1764840187.7484567,0,0,-824,-103.000
1764840187.7524629,0,0,-1026,-128.250
1764840187.7564628,0,0,2407,300.875
1764840187.7604628,0,0,2851,356.375
1764840187.764456,1,1,1732,216.500
1764840187.7684555,0,0,-806,-100.750
1764840187.7724633,0,0,-1037,-129.625
1764840187.776458,0,0,2413,301.625
1764840187.7804587,0,0,2875,359.375
1764840187.7844918,1,1,1746,218.250
1764840187.7884564,0,0,-737,-92.125
1764840187.7924612,0,0,-1169,-146.125
1764840187.7964573,0,0,2211,276.375
1764840187.8004603,0,0,2832,354.000
1764840187.8044424,1,1,1787,223.375
1764840187.808438,0,0,-731,-91.375
1764840187.8124557,0,0,-1140,-142.500
1764840187.8164575,0,0,2359,294.875
1764840187.820462,0,0,2980,372.500
1764840187.824442,1,1,1853,231.625
1764840187.8284364,0,0,-627,-78.375
1764840187.832453,0,0,-1285,-160.625
1764840187.8364568,0,0,1995,249.375
1764840187.8404596,0,0,2776,347.000
1764840187.844453,1,1,1809,226.125
1764840187.8484545,0,0,-550,-68.750
1764840187.8524568,0,0,-1315,-164.375
1764840187.856453,0,0,1929,241.125
1764840187.860456,0,0,2861,357.625
1764840187.8645542,1,1,1915,239.375
1764840187.8684719,0,0,-510,-63.750
1764840187.8724518,0,0,-1292,-161.500
1764840187.8764374,0,0,2108,263.500
1764840187.8804467,0,0,3031,378.875
1764840187.8844929,1,1,1987,248.375
1764840187.8884568,0,0,-453,-56.625
1764840187.8924453,0,0,-1315,-164.375
1764840187.8964353,0,0,2060,257.500
1764840187.900459,0,0,3086,385.750
1764840187.9044592,1,1,2047,255.875
1764840187.908454,0,0,-379,-47.375
1764840187.9124544,0,0,-1345,-168.125
1764840187.916454,0,0,1989,248.625
1764840187.9204545,0,0,3096,387.000
1764840187.924456,1,1,2073,259.125
1764840187.9284532,0,0,-320,-40.000
1764840187.9324567,0,0,-1391,-173.875
1764840187.9364524,0,0,1834,229.250
1764840187.940454,0,0,3039,379.875
1764840187.9444547,1,1,2073,259.125
1764840187.94846,0,0,-286,-35.750
1764840187.9524736,0,0,-1418,-177.250
1764840187.956456,0,0,1891,236.375
1764840187.9604573,0,0,3113,389.125
1764840187.9644394,1,1,2101,262.625
1764840187.968438,0,0,-231,-28.875
1764840187.9724536,0,0,-1459,-182.375
1764840187.9764502,0,0,1670,208.750
1764840187.9804552,0,0,3003,375.375
1764840187.984439,1,1,2080,260.000
1764840187.9884536,0,0,-156,-19.500
1764840187.9924562,0,0,-1431,-178.875
1764840187.9964552,0,0,1752,219.000
1764840188.000455,0,0,3211,401.375
1764840188.0044556,1,1,2228,278.500
1764840188.0084531,0,0,-36,-4.500
1764840188.0124614,0,0,-1448,-181.000
1764840188.0164552,0,0,1515,189.375
1764840188.0204577,0,0,3111,388.875
1764840188.0244546,1,1,2242,280.250
1764840188.028453,0,0,94,11.750
1764840188.032458,0,0,-1439,-179.875
1764840188.0364552,0,0,310,38.750
1764840188.0404568,0,0,2346,293.250
1764840188.0444527,1,1,2083,260.375
1764840188.0484512,0,0,377,47.125
1764840188.052448,0,0,-1855,-231.875
1764840188.056439,0,0,1656,207.000
1764840188.0604465,0,0,3322,415.250
1764840188.0645337,1,1,2384,298.000
1764840188.068452,0,0,358,44.750
1764840188.0724359,0,0,-1645,-205.625
1764840188.0764394,0,0,1483,185.375
1764840188.0804446,0,0,3322,415.250
1764840188.0844536,1,1,2442,305.250
1764840188.0884683,0,0,486,60.750
1764840188.092447,0,0,-1689,-211.125
1764840188.096438,0,0,1557,194.625
1764840188.1004577,0,0,3500,437.500
1764840188.104453,1,1,2564,320.500
1764840188.1084497,0,0,582,72.750
1764840188.1124551,0,0,-1641,-205.125
1764840188.1164527,0,0,1149,143.625
1764840188.1204562,0,0,3248,406.000
1764840188.1244526,1,1,2498,312.250
1764840188.1284487,0,0,686,85.750
1764840188.132455,0,0,-1653,-206.625
1764840188.1364532,0,0,851,106.375
1764840188.140455,0,0,3089,386.125
1764840188.1444557,1,1,2480,310.000
1764840188.1484509,0,0,805,100.625
1764840188.1524534,0,0,-1681,-210.125
1764840188.1564527,0,0,617,77.125
1764840188.1604548,0,0,2936,367.000
1764840188.1644554,1,1,2443,305.375
1764840188.1684492,0,0,906,113.250
1764840188.1724503,0,0,900,112.500
1764840188.1764472,0,0,3278,409.750
1764840188.1804554,0,0,2632,329.000
1764840188.1844504,1,1,996,124.500
1764840188.188462,0,0,-1666,-208.250
1764840188.1924527,0,0,444,55.500
1764840188.196449,0,0,2939,367.375
1764840188.2004542,0,0,2521,315.125
1764840188.2044501,1,1,1078,134.750
1764840188.2084494,0,0,-1736,-217.000
1764840188.2124505,0,0,658,82.250
1764840188.216447,0,0,3243,405.375
1764840188.2204492,0,0,2712,339.000
1764840188.2244508,1,1,1179,147.375
1764840188.22845,0,0,-1676,-209.500
1764840188.2324498,0,0,212,26.500
1764840188.2364442,0,0,2864,358.000
1764840188.2404513,0,0,2556,319.500
1764840188.2448237,0,0,1247,155.875
1764840188.2486393,0,0,-1854,-231.750
1764840188.2524955,0,0,1598,199.750
1764840188.2564583,0,0,4171,521.375
1764840188.260454,0,0,3148,393.500
1764840188.2645595,1,1,1298,162.250
1764840188.2684577,0,0,-1720,-215.000
1764840188.2724547,0,0,256,32.000
1764840188.2764509,0,0,3001,375.125
1764840188.2804632,0,0,2633,329.125
1764840188.284448,1,1,1279,159.875
1764840188.288436,0,0,-1462,-182.750
1764840188.2924523,0,0,-214,-26.750
1764840188.296452,0,0,2657,332.125
1764840188.3004515,0,0,2547,318.375
1764840188.3044355,1,1,1363,170.375
1764840188.308436,0,0,-1516,-189.500
1764840188.312455,0,0,-166,-20.750
1764840188.3164523,0,0,2782,347.750
1764840188.3204517,0,0,2656,332.000
1764840188.3244495,1,1,1438,179.750
1764840188.3284504,0,0,-1560,-195.000
1764840188.3324447,0,0,-51,-6.375
1764840188.336436,0,0,2984,373.000
1764840188.340452,0,0,2799,349.875
1764840188.344452,1,1,1499,187.375
1764840188.3484497,0,0,-1324,-165.500
1764840188.3524516,0,0,-404,-50.500
1764840188.3564517,0,0,2716,339.500
1764840188.3604543,0,0,2732,341.500
1764840188.3644516,1,1,1559,194.875
1764840188.3684504,0,0,-1198,-149.750
1764840188.3724544,0,0,-743,-92.875
1764840188.3764517,0,0,2340,292.500
1764840188.3804553,0,0,2560,320.000
1764840188.384452,1,1,1569,196.125
1764840188.3884485,0,0,-1296,-162.000
1764840188.3924878,0,0,-387,-48.375
1764840188.396454,0,0,2862,357.750
1764840188.400453,0,0,2895,361.875
1764840188.4044516,1,1,1669,208.625
1764840188.4084482,0,0,-1018,-127.250
1764840188.412454,0,0,-889,-111.125
1764840188.416451,0,0,2318,289.750
1764840188.4204533,0,0,2654,331.750
1764840188.4244528,1,1,1675,209.375
1764840188.4284472,0,0,-1087,-135.875
1764840188.432451,0,0,-723,-90.375
1764840188.4364498,0,0,2598,324.750
1764840188.440451,0,0,2857,357.125
1764840188.4444458,1,1,1747,218.375
1764840188.4484448,0,0,-971,-121.375
1764840188.4524515,0,0,-909,-113.625
1764840188.4564493,0,0,2406,300.750
1764840188.4604516,0,0,2788,348.500
1764840188.4698763,0,0,-1266,-158.250
1764840188.4725146,0,0,-34,-4.250
1764840188.4764628,0,0,3592,449.000
1764840188.4804573,0,0,3503,437.875
1764840188.4844344,1,1,1910,238.750
1764840188.4884317,0,0,-779,-97.375
1764840188.4924455,0,0,-1015,-126.875
1764840188.4964292,0,0,2483,310.375
1764840188.5004377,0,0,2974,371.750
1764840188.5044358,1,1,1856,232.000
1764840188.5084534,0,0,-710,-88.750
1764840188.512446,0,0,-1322,-165.250
1764840188.5164444,0,0,1799,224.875
1764840188.5204499,0,0,2565,320.625
1764840188.524447,1,1,1763,220.375
1764840188.5284445,0,0,-761,-95.125
1764840188.5324433,0,0,-1013,-126.625
1764840188.5364425,0,0,2609,326.125
1764840188.540446,0,0,3151,393.875
1764840188.5444481,1,1,1954,244.250
1764840188.5484784,0,0,-593,-74.125
1764840188.5524545,0,0,-1156,-144.500
1764840188.5564334,0,0,2398,299.750
1764840188.560447,0,0,3116,389.500
1764840188.5644455,1,1,1995,249.375
1764840188.5684445,0,0,-564,-70.500
1764840188.572448,0,0,-1239,-154.875
1764840188.5764418,0,0,2233,279.125
1764840188.5804498,0,0,3063,382.875
1764840188.5844297,1,1,2002,250.250
1764840188.5884304,0,0,-543,-67.875
1764840188.5924466,0,0,-1180,-147.500
1764840188.5964465,0,0,2497,312.125
1764840188.6004488,0,0,3306,413.250
1764840188.6044438,1,1,2098,262.250
1764840188.6084454,0,0,-410,-51.250
1764840188.6124508,0,0,-1406,-175.750
1764840188.6164477,0,0,1581,197.625
1764840188.620448,0,0,2766,345.750
1764840188.6244478,1,1,1981,247.625
1764840188.6284473,0,0,-338,-42.250
1764840188.632451,0,0,-1403,-175.375
1764840188.6364455,0,0,1736,217.000
1764840188.6404445,0,0,2918,364.750
1764840188.6444404,1,1,2050,256.250
1764840188.648443,0,0,-312,-39.000
1764840188.6524386,0,0,-1367,-170.875
1764840188.656429,0,0,2099,262.375
1764840188.660435,0,0,3227,403.375
1764840188.6644459,1,1,2166,270.750
1764840188.6685388,0,0,-249,-31.125
1764840188.67246,0,0,-1413,-176.625
1764840188.6764293,0,0,1758,219.750
1764840188.6804354,0,0,3071,383.875
1764840188.6844447,1,0,2153,269.125
1764840188.6884437,0,0,-197,-24.625
1764840188.6924367,0,0,-1419,-177.375
1764840188.6964672,0,0,2013,251.625
1764840188.7004404,0,0,3306,413.250
1764840188.7044475,1,1,2246,280.750
1764840188.7084439,0,0,-129,-16.125
1764840188.7124486,0,0,-1442,-180.250
1764840188.7164466,0,0,1747,218.375
1764840188.7204502,0,0,3189,398.625
1764840188.7244475,1,1,2232,279.000
1764840188.7284434,0,0,-23,-2.875
1764840188.7324355,0,0,-1472,-184.000
1764840188.73643,0,0,1686,210.750
1764840188.7404482,0,0,3209,401.125
1764840188.7444463,1,1,2266,283.250
1764840188.748447,0,0,53,6.625
1764840188.752458,0,0,-1435,-179.375
1764840188.7564561,0,0,1021,127.625
1764840188.7604554,0,0,2871,358.875
1764840188.7644315,1,1,2259,282.375
1764840188.7684283,0,0,226,28.250
1764840188.7724476,0,0,-1442,-180.250
1764840188.7764435,0,0,261,32.625
1764840188.780448,0,0,2337,292.125
1764840188.7844334,1,1,2113,264.125
1764840188.7884293,0,0,496,62.000
1764840188.7924447,0,0,-1896,-237.000
1764840188.7964768,0,0,1610,201.250
1764840188.8004467,0,0,3339,417.375
1764840188.804428,1,1,2437,304.625
1764840188.8084254,0,0,479,59.875
1764840188.8124387,0,0,-1691,-211.375
1764840188.81644,0,0,1322,165.250
1764840188.8204448,0,0,3280,410.000
1764840188.8244452,0,0,2491,311.375
1764840188.828441,0,0,-1739,-217.375
1764840188.8324435,0,0,1253,156.625
1764840188.8364415,0,0,3302,412.750
1764840188.8404472,0,0,2531,316.375
1764840188.844426,0,0,716,89.500
1764840188.8484251,0,0,-1729,-216.125
1764840188.8524399,0,0,827,103.375
1764840188.8564389,0,0,2989,373.625
1764840188.8604414,0,0,2417,302.125
1764840188.8644443,0,0,784,98.000
1764840188.8685386,0,0,-1734,-216.750
1764840188.8724558,0,0,801,100.125
1764840188.8764234,0,0,3086,385.750
1764840188.8804436,0,0,2520,315.000
1764840188.88444,1,0,926,115.750
1764840188.8884413,0,0,-1808,-226.000
1764840188.8924334,0,0,979,122.375
1764840188.896459,0,0,3327,415.875
1764840188.9004471,0,0,2660,332.500
1764840188.9044416,0,0,1011,126.375
1764840188.9084432,0,0,-1739,-217.375
1764840188.9124455,0,0,336,42.000
1764840188.9164426,0,0,2768,346.000
1764840188.9204445,0,0,2418,302.250
1764840188.9244418,1,0,1062,132.750
1764840188.9284449,0,0,-1798,-224.750
1764840188.9324467,0,0,591,73.875
1764840188.9364438,0,0,3088,386.000
1764840188.9404466,0,0,2600,325.000
1764840188.9444435,0,0,1144,143.000
1764840188.9484386,0,0,-1693,-211.625
1764840188.952445,0,0,175,21.875
1764840188.9564416,0,0,2768,346.000
1764840188.960451,0,0,2490,311.250
1764840188.964449,0,0,1227,153.375
1764840188.9684415,0,0,-1826,-228.250
1764840188.9724324,0,0,470,58.750
1764840188.9764247,0,0,3148,393.500
1764840188.9804347,0,0,2712,339.000
1764840188.9844418,1,1,1295,161.875
1764840188.9884408,0,0,-1544,-193.000
1764840188.9924347,0,0,123,15.375
1764840188.9964285,0,0,2987,373.375
1764840189.0004537,0,0,2734,341.750
1764840189.0044396,1,1,1409,176.125
1764840189.0084372,0,0,-1527,-190.875
1764840189.0124445,0,0,1,0.125
1764840189.0164402,0,0,2923,365.375
1764840189.020448,0,0,2741,342.625
1764840189.0244443,0,0,1472,184.000
1764840189.0284395,0,0,-1469,-183.625
1764840189.0324416,0,0,-463,-57.875
1764840189.0364413,0,0,2408,301.000
1764840189.0404472,0,0,2477,309.625
1764840189.0444417,0,0,1464,183.000
1764840189.048436,0,0,-1628,-203.500
1764840189.0524323,0,0,-104,-13.000
1764840189.0564258,0,0,2842,355.250
1764840189.0604281,0,0,2719,339.875
1764840189.0644443,0,0,1524,190.500
1764840189.068562,0,0,-1436,-179.500
1764840189.0724669,0,0,-416,-52.000
1764840189.0764263,0,0,2598,324.750
1764840189.0804353,0,0,2647,330.875
1764840189.084426,0,0,1564,195.500
1764840189.0884237,0,0,-1306,-163.250
1764840189.0924213,0,0,-396,-49.500
1764840189.0964222,0,0,2812,351.500
1764840189.1004732,0,0,2873,359.125
1764840189.1044436,0,0,1695,211.875
1764840189.1084492,0,0,-1375,-171.875
1764840189.112442,0,0,-305,-38.125
1764840189.1164258,0,0,2939,367.375
1764840189.1204329,0,0,2951,368.875
1764840189.1244407,0,0,1714,214.250
1764840189.1284401,0,0,-1234,-154.250
1764840189.1324303,0,0,-461,-57.625
1764840189.1364198,0,0,2867,358.375
1764840189.1404433,0,0,2972,371.500
1764840189.144446,0,0,1757,219.625
1764840189.14844,0,0,-1134,-141.750
1764840189.1524432,0,0,-651,-81.375
1764840189.1564372,0,0,2680,335.000
1764840189.160442,0,0,2902,362.750
1764840189.1644402,0,0,1759,219.875
1764840189.1684382,0,0,-856,-107.000
1764840189.1724424,0,0,-1051,-131.375
1764840189.1764345,0,0,2269,283.625
1764840189.1804376,0,0,2763,345.375
1764840189.1844356,0,0,1804,225.500
1764840189.1884377,0,0,-956,-119.500
1764840189.1924393,0,0,-947,-118.375
1764840189.1964333,0,0,2386,298.250
1764840189.200452,0,0,2815,351.875
1764840189.2044375,0,0,1799,224.875
1764840189.208438,0,0,-816,-102.000
1764840189.212438,0,0,-1093,-136.625
1764840189.2164345,0,0,2291,286.375
1764840189.220438,0,0,2845,355.625
1764840189.2244363,0,0,1858,232.250
1764840189.228436,0,0,-771,-96.375
1764840189.2324402,0,0,-1119,-139.875
1764840189.2364385,0,0,2301,287.625
1764840189.2404385,0,0,2891,361.375
1764840189.2447925,0,0,1887,235.875
1764840189.2486348,0,0,-977,-122.125
1764840189.25247,0,0,-866,-108.250
1764840189.2564452,0,0,2731,341.375
1764840189.2604382,0,0,3177,397.125
1764840189.2644262,0,0,1950,243.750
1764840189.2685108,0,0,-609,-76.125
1764840189.2724562,0,0,-1208,-151.000
1764840189.2764423,0,0,2260,282.500
1764840189.2804434,0,0,3018,377.250
1764840189.284436,0,0,1983,247.875
1764840189.2884355,0,0,-610,-76.250
1764840189.2924323,0,0,-1196,-149.500
1764840189.2964225,0,0,2389,298.625
1764840189.3004408,0,1,3135,391.875
1764840189.3044422,0,0,2021,252.625
1764840189.308438,0,0,-544,-68.000
1764840189.3124385,0,0,-1199,-149.875
1764840189.31644,0,0,2445,305.625
1764840189.320442,0,1,3260,407.500
1764840189.3244388,0,0,2093,261.625
1764840189.3284345,0,0,-415,-51.875
1764840189.3324406,0,0,-1350,-168.750
1764840189.3364353,0,0,1897,237.125
1764840189.3404408,0,1,2963,370.375
1764840189.344441,0,0,2036,254.500
1764840189.3484373,0,0,-382,-47.750
1764840189.352429,0,0,-1440,-180.000
1764840189.3564224,0,0,1586,198.250
1764840189.3604665,1,1,2762,345.250
1764840189.364448,0,0,1972,246.500
1764840189.3684392,0,0,-365,-45.625
1764840189.372427,0,0,-1453,-181.625
1764840189.3764193,0,0,1872,234.000
1764840189.3804832,1,1,2991,373.875
1764840189.3844414,0,0,2047,255.875
1764840189.388435,0,0,-264,-33.000
1764840189.3924274,0,0,-1455,-181.875
1764840189.396418,0,0,1577,197.125
1764840189.4004238,1,1,2894,361.750
1764840189.4044778,0,0,2073,259.125
1764840189.408477,0,0,-197,-24.625
1764840189.4124844,0,0,-1507,-188.375
1764840189.4164762,0,0,1863,232.875
1764840189.420474,1,1,3134,391.750
1764840189.4244754,0,0,2156,269.500
1764840189.4284718,0,0,-137,-17.125
1764840189.4324794,0,0,-1479,-184.875
1764840189.4364712,0,0,1695,211.875
1764840189.4404771,1,1,3111,388.875
1764840189.4444711,0,0,2191,273.875
1764840189.4484694,0,0,-26,-3.250
1764840189.4524758,0,0,-1492,-186.500
1764840189.4564724,0,0,1740,217.500
1764840189.4604788,1,1,3238,404.750
1764840189.4644723,0,0,2283,285.375
1764840189.4749548,0,0,362,45.250
1764840189.4770014,0,0,2362,295.250
1764840189.4804895,1,1,2098,262.250
1764840189.4844582,0,0,312,39.000
1764840189.4884531,0,0,-1579,-197.375
1764840189.4924715,0,0,779,97.375
1764840189.4964733,0,0,2661,332.625
1764840189.500477,1,1,2186,273.250
1764840189.5044258,0,0,464,58.000
1764840189.5084915,0,0,-1929,-241.125
1764840189.512434,0,0,1426,178.250
1764840189.5164347,0,0,3144,393.000
1764840189.5204372,1,1,2334,291.750
1764840189.5244176,0,0,448,56.000
1764840189.5284135,0,0,-1697,-212.125
1764840189.5324285,0,0,1294,161.750
1764840189.5364277,0,0,3232,404.000
1764840189.540437,1,1,2464,308.000
1764840189.5444355,0,0,621,77.625
1764840189.5484264,0,0,-1779,-222.375
1764840189.552421,0,0,1029,128.625
1764840189.556415,0,0,3052,381.500
1764840189.5604203,1,1,2399,299.875
1764840189.5644326,0,0,704,88.000
1764840189.5684297,0,0,-1839,-229.875
1764840189.5724335,0,0,755,94.375
1764840189.5764272,0,0,2835,354.375
1764840189.5804462,1,1,2306,288.250
1764840189.5847113,0,0,782,97.750
1764840189.5884337,0,0,-1925,-240.625
1764840189.5924225,0,0,1074,134.250
1764840189.5964122,0,0,3234,404.250
1764840189.600419,1,1,2532,316.500
1764840189.6044445,0,0,885,110.625
1764840189.608431,0,0,-1864,-233.000
1764840189.6124234,0,0,769,96.125
1764840189.6164126,0,0,3027,378.375
1764840189.6204383,1,1,2461,307.625
1764840189.6244318,0,0,956,119.500
1764840189.6284304,0,0,-1816,-227.000
1764840189.6324334,0,0,494,61.750
1764840189.6364272,0,0,2866,358.250
1764840189.640431,1,1,2431,303.875
1764840189.6444304,0,0,1031,128.875
1764840189.6484282,0,0,-1806,-225.750
1764840189.6524339,0,0,655,81.875
1764840189.6564264,0,0,3144,393.000
1764840189.6604302,1,1,2619,327.375
1764840189.6644297,0,0,1130,141.250
1764840189.6684296,0,0,-1590,-198.750
1764840189.6726358,0,0,-71,-8.875
1764840189.6764395,0,0,2526,315.750
1764840189.680432,1,1,2373,296.625
1764840189.6844132,0,0,1205,150.625
1764840189.6884098,0,0,-1773,-221.625
1764840189.6924276,0,0,446,55.750
1764840189.6964273,0,0,3130,391.250
1764840189.7004306,1,1,2711,338.875
1764840189.704455,0,0,1312,164.000
1764840189.7084148,0,0,-1641,-205.125
1764840189.7124276,0,0,4,0.500
1764840189.716429,0,0,2771,346.375
1764840189.7204328,1,1,2580,322.500
1764840189.724426,0,0,1360,170.000
1764840189.7284238,0,0,-1631,-203.875
1764840189.7324312,0,0,-15,-1.875
1764840189.7364278,0,0,2835,354.375
1764840189.7404315,1,1,2656,332.000
1764840189.7444296,0,0,1431,178.875
1764840189.7484267,0,0,-1579,-197.375
1764840189.7524316,0,0,-293,-36.625
1764840189.7564273,0,0,2576,322.000
1764840189.7604296,1,1,2548,318.500
1764840189.7644258,0,0,1453,181.625
1764840189.7684238,0,0,-1599,-199.875
1764840189.7724187,0,0,-111,-13.875
1764840189.7764113,0,0,2873,359.125
1764840189.7804327,1,1,2750,343.750
1764840189.7844424,0,0,1542,192.750
1764840189.7884262,0,0,-1514,-189.250
1764840189.792419,0,0,-271,-33.875
1764840189.7964125,0,0,2733,341.625
1764840189.800417,1,1,2699,337.375
1764840189.8044384,0,0,1553,194.125
1764840189.8084247,0,0,-1476,-184.500
1764840189.812415,0,0,-170,-21.250
1764840189.8164105,0,0,2976,372.000
1764840189.8204088,1,1,2891,361.375
1764840189.8244133,0,0,1636,204.500
1764840189.8284101,0,0,-1183,-147.875
1764840189.8324273,0,0,-773,-96.625
1764840189.836425,0,0,2308,288.500
1764840189.8404326,1,1,2567,320.875
1764840189.844429,0,0,1610,201.250
1764840189.8484223,0,0,-1266,-158.250
1764840189.8524246,0,0,-539,-67.375
1764840189.8564239,0,0,2702,337.750
1764840189.8604283,1,1,2843,355.375
1764840189.8644133,0,0,1706,213.250
1764840189.8684127,0,0,-1042,-130.250
1764840189.872632,0,0,-936,-117.000
1764840189.8764412,0,0,2232,279.000
1764840189.880434,1,1,2613,326.625
1764840189.8844125,0,0,1682,210.250
1764840189.8884113,0,0,-1068,-133.500
1764840189.892422,0,0,-716,-89.500
1764840189.896424,0,0,2671,333.875
1764840189.9004278,1,1,2949,368.625
1764840189.9044154,0,0,1807,225.875
1764840189.9084492,0,0,-875,-109.375
1764840189.9124255,0,0,-1074,-134.250
1764840189.916424,0,0,2198,274.750
1764840189.9204278,1,1,2702,337.750
1764840189.924426,0,0,1768,221.000
1764840189.9284277,0,0,-826,-103.250
1764840189.9324327,0,0,-1164,-145.500
1764840189.9364228,0,0,2103,262.875
1764840189.9404256,1,1,2683,335.375
1764840189.9444282,0,0,1785,223.125
1764840189.9484265,0,0,-789,-98.625
1764840189.9524286,0,0,-1114,-139.250
1764840189.9564214,0,0,2298,287.250
1764840189.9604244,1,1,2881,360.125
1764840189.9644248,0,0,1877,234.625
1764840189.9684234,0,0,-686,-85.750
1764840189.9724262,0,0,-1262,-157.750
1764840189.9764237,0,0,2065,258.125
1764840189.9804263,1,1,2801,350.125
1764840189.9846964,0,0,1890,236.250
1764840189.98843,0,0,-719,-89.875
1764840189.9924192,0,0,-1134,-141.750
1764840189.9964085,0,0,2428,303.500
1764840190.0004163,1,1,3086,385.750
1764840190.0044234,0,0,1985,248.125
1764840190.0084567,0,0,-566,-70.750
1764840190.0124183,0,0,-1306,-163.250
1764840190.016408,0,0,2024,253.000
1764840190.0204148,1,1,2913,364.125
1764840190.0244238,0,0,1981,247.625
1764840190.0284228,0,0,-559,-69.875
1764840190.0324283,0,0,-1249,-156.125
1764840190.0364246,0,0,2342,292.750
1764840190.0404305,1,1,3171,396.375
1764840190.044422,0,0,2068,258.500
1764840190.048421,0,0,-439,-54.875
1764840190.0524166,0,0,-1377,-172.125
1764840190.0564086,0,0,1867,233.375
1764840190.0604124,1,1,2922,365.250
1764840190.064422,0,0,2022,252.750
1764840190.0684214,0,0,-453,-56.625
1764840190.0726335,0,0,-1355,-169.375
1764840190.0764384,0,0,2147,268.375
1764840190.0804298,1,1,3169,396.125
1764840190.0844119,0,0,2117,264.625
1764840190.0884063,0,0,-371,-46.375
1764840190.0924206,0,0,-1414,-176.750
1764840190.096424,0,0,1997,249.625
1764840190.100429,1,1,3095,386.875
1764840190.104412,0,0,2090,261.250
1764840190.1084437,0,0,-304,-38.000
1764840190.1124265,0,0,-1373,-171.625
1764840190.1164255,0,0,2187,273.375
1764840190.1204264,1,1,3334,416.750
1764840190.1244235,0,0,2210,276.250
1764840190.1284199,0,0,-244,-30.500
1764840190.1324255,0,0,-1444,-180.500
1764840190.1366887,0,0,3253,406.625
1764840190.140434,1,1,2183,272.875
1764840190.1444118,0,0,-119,-14.875
1764840190.148405,0,0,-1459,-182.375
1764840190.1524203,0,0,1160,145.000
1764840190.15642,0,0,2768,346.000
1764840190.1604257,1,1,2116,264.500
1764840190.1644082,0,0,2,0.250
1764840190.1684065,0,0,-1457,-182.125
1764840190.1724217,0,0,687,85.875
1764840190.1764205,0,0,2512,314.000
1764840190.180428,1,1,2092,261.500
1764840190.1844275,0,0,202,25.250
1764840190.1884246,0,0,-1756,-219.500
1764840190.1924214,0,0,1821,227.625
1764840190.1964211,0,0,3355,419.375
1764840190.2004237,1,1,2367,295.875
1764840190.2044232,0,0,240,30.000
1764840190.208455,0,0,-1668,-208.500
1764840190.212426,0,0,1429,178.625
1764840190.216419,0,0,3121,390.125
1764840190.2204227,1,1,2300,287.500
1764840190.2244246,0,0,351,43.875
1764840190.228421,0,0,-1787,-223.375
1764840190.2324245,0,0,1278,159.750
1764840190.2364187,0,0,3043,380.375
1764840190.2404222,1,1,2277,284.625
1764840190.2447689,0,0,442,55.250
1764840190.2486134,0,0,-1777,-222.125
1764840190.25245,0,0,2078,259.750
1764840190.2564209,0,0,3740,467.500
1764840190.260419,1,1,2557,319.625
1764840190.2644172,0,0,476,59.500
1764840190.2684164,0,0,-1626,-203.250
1764840190.2726202,0,0,918,114.750
1764840190.276432,0,0,2963,370.375
1764840190.2804198,1,1,2328,291.000
1764840190.2844057,0,0,628,78.500
1764840190.288407,0,0,-1726,-215.750
1764840190.2924194,0,0,815,101.875
1764840190.296423,0,0,2927,365.875
1764840190.3004253,1,1,2336,292.000
1764840190.3044121,0,0,721,90.125
1764840190.3084104,0,0,-1793,-224.125
1764840190.3124232,0,0,1097,137.125
1764840190.31642,0,0,3280,410.000
1764840190.3204153,1,1,2535,316.875
1764840190.3244114,0,0,828,103.500
1764840190.3284109,0,0,-1778,-222.250
1764840190.3324199,0,0,714,89.250
1764840190.3364139,0,0,3008,376.000
1764840190.34064,1,1,2446,305.750
1764840190.3444312,0,0,925,115.625
1764840190.3484206,0,0,-1885,-235.625
1764840190.3524108,0,0,565,70.625
1764840190.3564065,0,0,2865,358.125
1764840190.3604338,1,1,2366,295.750
1764840190.3644216,0,0,948,118.500
1764840190.368418,0,0,-1716,-214.500
1764840190.3724113,0,0,107,13.375
1764840190.3764045,0,0,2541,317.625
1764840190.3804324,1,1,2276,284.500
1764840190.3844252,0,0,1044,130.500
1764840190.3884177,0,0,-1775,-221.875
1764840190.3924186,0,0,261,32.625
1764840190.3964174,0,0,2787,348.375
1764840190.400422,1,1,2441,305.125
1764840190.4044192,0,0,1137,142.125
1764840190.4084158,0,0,-1716,-214.500
1764840190.4124515,0,0,141,17.625
1764840190.4164174,0,0,2745,343.125
1764840190.420421,1,1,2460,307.500
1764840190.4244215,0,0,1213,151.625
1764840190.4284153,0,0,-1822,-227.750
1764840190.4324188,0,0,286,35.750
1764840190.4364173,0,0,2959,369.875
1764840190.4404228,1,1,2599,324.875
1764840190.4444194,0,0,1282,160.250
1764840190.448415,0,0,-1625,-203.125
1764840190.452414,0,0,-105,-13.125
1764840190.4564145,0,0,2677,334.625
1764840190.4604208,1,1,2522,315.250
1764840190.464422,0,0,1346,168.250
1764840190.468417,0,0,-1487,-185.875
1764840190.4777339,0,0,2366,295.750
1764840190.4805424,1,1,2402,300.250
1764840190.4844105,0,0,1394,174.250
1764840190.488404,0,0,-1697,-212.125
1764840190.492415,0,0,50,6.250
1764840190.4964163,0,0,2991,373.875
1764840190.5004172,1,1,2768,346.000
1764840190.5044081,0,0,1491,186.375
1764840190.5084755,0,0,-1499,-187.375
1764840190.5124207,0,0,-389,-48.625
1764840190.5164173,0,0,2538,317.250
1764840190.5204198,1,1,2546,318.250
1764840190.5244212,0,0,1475,184.375
1764840190.5284176,0,0,-1524,-190.500
1764840190.5324173,0,0,-272,-34.000
1764840190.5364141,0,0,2760,345.000
1764840190.540419,1,1,2709,338.625
1764840190.5444221,0,0,1542,192.750
1764840190.5484076,0,0,-1463,-182.875
1764840190.5523996,0,0,-336,-42.000
1764840190.5564013,0,0,2787,348.375
1764840190.5604126,1,1,2778,347.250
1764840190.5644195,0,0,1589,198.625
1764840190.5684178,0,0,-1056,-132.000
1764840190.5724075,0,0,-932,-116.500
1764840190.5763996,0,0,2187,273.375
1764840190.5804176,1,1,2536,317.000
1764840190.5844197,0,0,1617,202.125
1764840190.5884194,0,0,-1383,-172.875
1764840190.5924234,0,0,-361,-45.125
1764840190.5964203,0,0,2990,373.750
1764840190.6004202,1,1,3034,379.250
1764840190.6044173,0,0,1743,217.875
1764840190.6084168,0,0,-918,-114.750
1764840190.6124322,0,0,-1013,-126.625
1764840190.6164184,0,0,2243,280.375
1764840190.6204188,1,1,2678,334.750
1764840190.6244164,0,0,1717,214.625
1764840190.6284153,0,0,-978,-122.250
1764840190.6324205,0,0,-960,-120.000
1764840190.6364157,0,0,2331,291.375
1764840190.6404197,1,1,2745,343.125
1764840190.6444173,0,0,1736,217.000
1764840190.6484141,0,0,-812,-101.500
1764840190.6524053,0,0,-1095,-136.875
1764840190.6564002,0,0,2262,282.750
1764840190.6604178,1,1,2797,349.625
1764840190.664414,0,0,1808,226.000
1764840190.6684117,0,0,-804,-100.500
1764840190.6724193,0,0,-1022,-127.750
1764840190.6766186,0,0,2470,308.750
1764840190.68044,1,1,2984,373.000
1764840190.684399,0,0,1885,235.625
1764840190.6883988,0,0,-722,-90.250
1764840190.6924145,0,0,-1147,-143.375
1764840190.6964169,0,0,2305,288.125
1764840190.7004209,1,1,2923,365.375
1764840190.7044055,0,0,1882,235.250
1764840190.7083986,0,0,-620,-77.500
1764840190.712418,0,0,-1350,-168.750
1764840190.716454,0,0,1802,225.250
1764840190.7204201,1,1,2678,334.750
1764840190.724419,0,0,1862,232.750
1764840190.7284143,0,0,-677,-84.625
1764840190.7324004,0,0,-1195,-149.375
1764840190.7363994,0,0,2379,297.375
1764840190.7404099,1,1,3096,387.000
1764840190.744419,0,0,1992,249.000
1764840190.748416,0,0,-527,-65.875
1764840190.7524233,0,0,-1311,-163.875
1764840190.7564342,0,0,2118,264.750
1764840190.7604246,1,1,2995,374.375
1764840190.764404,0,0,1987,248.375
1764840190.7684016,0,0,-530,-66.250
1764840190.7724147,0,0,-1361,-170.125
1764840190.7764127,0,0,2054,256.750
1764840190.7804203,1,1,2973,371.625
1764840190.784406,0,0,1974,246.750
1764840190.7884004,0,0,-452,-56.500
1764840190.7924142,0,0,2119,264.875
1764840190.7964127,0,0,3101,387.625
1764840190.8004189,1,1,2046,255.750
1764840190.804401,0,0,-429,-53.625
1764840190.808401,0,0,-1481,-185.125
1764840190.8123965,0,0,1724,215.500
1764840190.8164105,0,0,2845,355.625
1764840190.820413,1,1,1960,245.000
1764840190.824414,0,0,-302,-37.750
1764840190.828413,0,0,-1454,-181.750
1764840190.8324177,0,0,1662,207.750
1764840190.83641,0,0,2913,364.125
1764840190.8404105,1,1,2052,256.500
1764840190.844414,0,0,-136,-17.000
1764840190.8484128,0,0,-1475,-184.375
1764840190.8524141,0,0,123,15.375
1764840190.8564107,0,0,1996,249.500
1764840190.8604114,1,1,1906,238.250
1764840190.8644128,0,0,69,8.625
1764840190.8684142,0,0,-1612,-201.500
1764840190.8724163,0,0,2035,254.375
1764840190.8766153,0,0,3323,415.375
1764840190.8804307,1,1,2292,286.500
1764840190.8843968,0,0,33,4.125
1764840190.8883967,0,0,-1625,-203.125
1764840190.8924184,0,0,884,110.500
1764840190.8964152,0,0,2492,311.500
1764840190.9004169,1,1,1994,249.250
1764840190.9043992,0,0,143,17.875
1764840190.9083962,0,0,-1719,-214.875
1764840190.9124155,0,0,1473,184.125
1764840190.9164536,0,0,3075,384.375
1764840190.9204175,1,1,2272,284.000
1764840190.9244132,0,0,266,33.250
1764840190.9284115,0,0,-1690,-211.250
1764840190.932414,0,0,1245,155.625
1764840190.9364123,0,0,2976,372.000
1764840190.940418,1,1,2266,283.250
1764840190.9444163,0,0,370,46.250
1764840190.9484105,0,0,-1728,-216.000
1764840190.9524171,0,0,1319,164.875
1764840190.9564245,0,0,3131,391.375
1764840190.9604204,1,1,2365,295.625
1764840190.964398,0,0,492,61.500
1764840190.9683955,0,0,-1759,-219.875
1764840190.9724128,0,0,1104,138.000
1764840190.9764144,0,0,3017,377.125
1764840190.9804168,1,1,2341,292.625
1764840190.9844,0,0,588,73.500
1764840190.988393,0,0,-1808,-226.000
1764840190.9924116,0,0,1308,163.500
1764840190.9964118,0,0,3296,412.000
1764840191.0004165,1,1,2499,312.375
1764840191.004413,0,0,690,86.250
1764840191.008409,0,0,-1749,-218.625
1764840191.0124106,0,0,549,68.625
1764840191.016408,0,0,2722,340.250
1764840191.0204136,1,1,2296,287.000
1764840191.0244164,0,0,786,98.250
1764840191.0284114,0,0,-1799,-224.875
1764840191.0324132,0,0,491,61.375
1764840191.0364103,0,0,2698,337.250
1764840191.0404134,1,1,2296,287.000
1764840191.044414,0,0,863,107.875
1764840191.048409,0,0,-1828,-228.500
1764840191.0523963,0,0,788,98.500
1764840191.0563922,0,0,3095,386.875
1764840191.0604045,1,1,2534,316.750
1764840191.064417,0,0,993,124.125
1764840191.068413,0,0,-1813,-226.625
1764840191.072413,0,0,633,79.125
1764840191.0765123,0,0,3051,381.375
1764840191.0804331,1,1,2559,319.875
1764840191.0843976,0,0,1074,134.250
1764840191.088396,0,0,-1729,-216.125
1764840191.092405,0,0,305,38.125
1764840191.096407,0,0,2821,352.625
1764840191.100415,1,1,2492,311.500
1764840191.1044004,0,0,1166,145.750
1764840191.108394,0,0,-1932,-241.500
1764840191.1124136,0,0,748,93.500
1764840191.1164126,0,0,3306,413.250
1764840191.1204534,1,1,2744,343.000
1764840191.124415,0,0,1240,155.000
1764840191.1284122,0,0,-1929,-241.125
1764840191.1324139,0,0,770,96.250
1764840191.136409,0,0,3414,426.750
1764840191.1404135,1,1,2823,352.875
1764840191.144415,0,0,1297,162.125
1764840191.14841,0,0,-1856,-232.000
1764840191.1524127,0,0,253,31.625
1764840191.1564085,0,0,2886,360.750
1764840191.160413,1,1,2544,318.000
1764840191.1644115,0,0,1272,159.000
1764840191.1684115,0,0,-1659,-207.375
1764840191.1724133,0,0,-283,-35.375
1764840191.1764092,0,0,2431,303.875
1764840191.1804116,1,1,2375,296.875
1764840191.1844118,0,0,1318,164.750
1764840191.18841,0,0,-1792,-224.000
1764840191.1924129,0,0,260,32.500
1764840191.1964085,0,0,3137,392.125
1764840191.2004085,1,1,2798,349.750
1764840191.2044077,0,0,1440,180.000
1764840191.2084088,0,0,-1615,-201.875
1764840191.2124104,0,0,-20,-2.500
1764840191.2164087,0,0,2950,368.750
1764840191.2204335,1,1,2755,344.375
1764840191.224425,0,0,1484,185.500
1764840191.2284105,0,0,-1563,-195.375
1764840191.2324045,0,0,-34,-4.250
1764840191.2363935,0,0,3018,377.250
1764840191.240392,1,1,2832,354.000
1764840191.2447429,0,0,1533,191.625
1764840191.2485964,0,0,-1725,-215.625
1764840191.2524238,0,0,464,58.000
1764840191.2564018,0,0,3672,459.000
1764840191.260397,1,1,3224,403.000
1764840191.264396,0,0,1622,202.750
1764840191.268393,0,0,-1334,-166.750
1764840191.2724104,0,0,-368,-46.000
1764840191.2766032,0,0,2816,352.000
1764840191.2804189,1,1,2802,350.250
1764840191.2843914,0,0,1573,196.625
1764840191.2883906,0,0,-1341,-167.625
1764840191.2924085,0,0,-421,-52.625
1764840191.2964096,0,0,2789,348.625
1764840191.3004131,1,1,2811,351.375
1764840191.3044004,0,0,1587,198.375
1764840191.3086092,0,0,-1238,-154.750
1764840191.3124971,0,0,-500,-62.500
1764840191.3164084,0,0,2805,350.625
1764840191.320441,1,1,2884,360.500
1764840191.3244088,0,0,1638,204.750
1764840191.3284042,0,0,-1189,-148.625
1764840191.3323963,0,0,-575,-71.875
1764840191.3363934,0,0,2779,347.375
1764840191.3404214,1,1,2907,363.375
1764840191.3444,0,0,1661,207.625
1764840191.348393,0,0,-984,-123.000
1764840191.3524065,0,0,-826,-103.250
1764840191.356406,0,0,2565,320.625
1764840191.360413,1,1,2858,357.250
1764840191.3643954,0,0,1694,211.750
1764840191.3683915,0,0,-799,-99.875
1764840191.3724089,0,0,-1086,-135.750
1764840191.3764045,0,0,2295,286.875
1764840191.3804233,1,1,2794,349.250
1764840191.3844109,0,0,1744,218.000
1764840191.3884063,0,0,-752,-94.000
1764840191.3923974,0,0,-1147,-143.375
1764840191.3964005,0,0,2227,278.375
1764840191.4004378,1,1,2792,349.000
1764840191.4044077,0,0,1767,220.875
1764840191.4084046,0,0,-751,-93.875
1764840191.4124136,0,0,-1121,-140.125
1764840191.4164016,0,0,2354,294.250
1764840191.420439,1,1,2923,365.375
1764840191.4244084,0,0,1825,228.125
1764840191.4284055,0,0,-761,-95.125
1764840191.4324062,0,0,-1078,-134.750
1764840191.4364,0,0,2501,312.625
1764840191.4404042,1,1,3063,382.875
1764840191.4444063,0,0,1874,234.250
1764840191.448402,0,0,-1223,-152.875
1764840191.4523997,0,0,2235,279.375
1764840191.456399,0,0,2946,368.250
1764840191.4604046,1,1,1858,232.250
1764840191.4644065,0,0,-635,-79.375
1764840191.4683983,0,0,-1216,-152.000
1764840191.4724069,0,0,2349,293.625
1764840191.4816585,1,1,1918,239.750
1764840191.4845257,0,0,-683,-85.375
1764840191.488409,0,0,-882,-110.250
1764840191.4923966,0,0,2963,370.375
1764840191.4963915,0,0,3473,434.125
1764840191.500397,1,1,1994,249.250
1764840191.5043988,0,0,-541,-67.625
1764840191.5084505,0,0,-1276,-159.500
1764840191.5124009,0,0,2238,279.750
1764840191.516389,0,0,3133,391.625
1764840191.5204136,1,1,1959,244.875
1764840191.5244079,0,0,-434,-54.250
1764840191.5284038,0,0,-1330,-166.250
1764840191.5324066,0,0,2089,261.125
1764840191.5364058,0,0,3117,389.625
1764840191.5404077,1,1,2006,250.750
1764840191.5444088,0,0,-245,-30.625
1764840191.5484042,0,0,-1472,-184.000
1764840191.5523987,0,0,322,40.250
1764840191.556389,0,0,2066,258.250
1764840191.560396,1,1,1826,228.250
1764840191.5643935,0,0,-163,-20.375
1764840191.5683875,0,0,-1575,-196.875
1764840191.572404,0,0,2015,251.875
1764840191.5764072,0,0,3189,398.625
1764840191.580411,1,1,2123,265.375
1764840191.5844076,0,0,-181,-22.625
1764840191.5884027,0,0,-1473,-184.125
1764840191.5924065,0,0,1598,199.750
1764840191.5964048,0,0,3003,375.375
1764840191.6004076,1,1,2110,263.750
1764840191.6044073,0,0,-60,-7.500
1764840191.6084018,0,0,-1575,-196.875
1764840191.6126742,0,0,1649,206.125
1764840191.616408,0,0,3075,384.375
1764840191.620409,1,1,2140,267.500
1764840191.6243944,0,0,37,4.625
1764840191.6283884,0,0,-1644,-205.500
1764840191.6324027,0,0,2138,267.250
1764840191.6364045,0,0,3558,444.750
1764840191.6404068,1,1,2359,294.875
1764840191.6443956,0,0,121,15.125
1764840191.6483862,0,0,-1557,-194.625
1764840191.6524034,0,0,1709,213.625
1764840191.6564014,0,0,3332,416.500
1764840191.660409,1,1,2312,289.000
1764840191.664406,0,0,242,30.250
1764840191.6684015,0,0,-1709,-213.625
1764840191.6724043,0,0,1793,224.125
1764840191.6764004,0,0,3445,430.625
1764840191.6806035,1,1,2361,295.125
1764840191.6844063,0,0,326,40.750
1764840191.6883867,0,0,-1722,-215.250
1764840191.6923988,0,0,1493,186.625
1764840191.696398,0,0,3276,409.500
1764840191.7004037,1,1,2317,289.625
1764840191.7043881,0,0,395,49.375
1764840191.7083895,0,0,-1664,-208.000
1764840191.712403,0,0,859,107.375
1764840191.7164137,0,0,2818,352.250
1764840191.7204041,1,1,2161,270.125
1764840191.7244408,0,0,491,61.375
1764840191.7284043,0,0,-1729,-216.125
1764840191.7324197,0,0,1155,144.375
1764840191.736401,0,0,3173,396.625
1764840191.740405,1,1,2359,294.875
1764840191.7444072,0,0,603,75.375
1764840191.7484133,0,0,-1695,-211.875
1764840191.7526715,0,0,351,43.875
1764840191.756411,0,0,2502,312.750
1764840191.7604058,1,1,2088,261.000
1764840191.764391,0,0,686,85.750
1764840191.7683868,0,0,-1732,-216.500
1764840191.772401,0,0,451,56.375
1764840191.7764003,0,0,2698,337.250
1764840191.7804031,1,1,2232,279.000
1764840191.78439,0,0,811,101.375
1764840191.78839,0,0,-1834,-229.250
1764840191.7924054,0,0,818,102.250
1764840191.7964013,0,0,3121,390.125
1764840191.8004029,1,1,2463,307.875
1764840191.8043869,0,0,910,113.750
1764840191.8083866,0,0,-1783,-222.875
1764840191.8123982,0,0,727,90.875
1764840191.8164,0,0,3182,397.750
1764840191.8204024,1,1,2564,320.500
1764840191.8244154,0,0,1025,128.125
1764840191.8283982,0,0,-1907,-238.375
1764840191.8324063,0,0,763,95.375
1764840191.8363984,0,0,3237,404.625
1764840191.8404,1,1,2588,323.500
1764840191.8444002,0,0,1059,132.375
1764840191.848396,0,0,-1757,-219.625
1764840191.8523924,0,0,151,18.875
1764840191.8563836,0,0,2689,336.125
1764840191.8603992,1,1,2347,293.375
1764840191.864399,0,0,1086,135.750
1764840191.8683958,0,0,-1975,-246.875
1764840191.8724027,0,0,825,103.125
1764840191.876399,0,0,3474,434.250
1764840191.880602,1,1,2780,347.500
1764840191.8843927,0,0,1194,149.250
1764840191.8883834,0,0,-1758,-219.750
1764840191.892399,0,0,486,60.750
1764840191.8963993,0,0,3260,407.500
1764840191.900401,1,1,2728,341.000
1764840191.904388,0,0,1240,155.000
1764840191.9083843,0,0,-1572,-196.500
1764840191.912405,0,0,89,11.125
1764840191.916405,0,0,2988,373.500
1764840191.9204059,1,1,2665,333.125
1764840191.9244385,0,0,1306,163.250
1764840191.9284008,0,0,-1537,-192.125
1764840191.9324026,0,0,-74,-9.250
1764840191.936401,0,0,2884,360.500
1764840191.9404063,1,1,2652,331.500
1764840191.944404,0,0,1351,168.875
1764840191.9483993,0,0,-1491,-186.375
1764840191.9524035,0,0,-214,-26.750
1764840191.9563973,0,0,2785,348.125
1764840191.960404,1,1,2629,328.625
1764840191.9644032,0,0,1383,172.875
1764840191.968399,0,0,-1409,-176.125
1764840191.9724,0,0,-346,-43.250
1764840191.9763968,0,0,2700,337.500
1764840191.9804008,1,1,2623,327.875
1764840191.9844031,0,0,1417,177.125
1764840191.9884002,0,0,-1410,-176.250
1764840191.9923995,0,0,-322,-40.250
1764840191.9963963,0,0,2781,347.625
1764840192.0004032,1,1,2697,337.125
1764840192.0044012,0,0,1453,181.625
1764840192.008398,0,0,-1266,-158.250
1764840192.0124035,0,0,-484,-60.500
1764840192.0163972,0,0,2718,339.750
1764840192.0203998,1,1,2740,342.500
1764840192.0244007,0,0,1516,189.500
1764840192.0284135,0,0,-1192,-149.000
1764840192.032669,0,0,-605,-75.625
1764840192.036401,0,0,2657,332.125
1764840192.040401,1,1,2761,345.125
1764840192.0443876,0,0,1560,195.000
1764840192.0483835,0,0,-1199,-149.875
1764840192.0523968,0,0,-527,-65.875
1764840192.056394,0,0,2842,355.250
1764840192.0603945,1,1,2916,364.500
1764840192.064383,0,0,1616,202.000
1764840192.0683844,0,0,-1034,-129.250
1764840192.0723977,0,0,-757,-94.625
1764840192.0763931,0,0,2637,329.625
1764840192.0805948,1,1,1638,204.750
1764840192.0843964,0,0,1638,204.750
1764840192.088384,0,0,-1010,-126.250
1764840192.0923996,0,0,-908,-113.500
1764840192.0963993,0,0,2420,302.500
1764840192.1003973,1,1,2740,342.500
1764840192.1043842,0,0,-852,-106.500
1764840192.1083848,0,0,-951,-118.875
1764840192.1123998,0,0,2592,324.000
1764840192.1164012,0,0,2992,374.000
1764840192.1203997,1,1,1751,218.875
1764840192.1243963,0,0,-763,-95.375
1764840192.1284328,0,0,-1011,-126.375
1764840192.1324008,0,0,2597,324.625
1764840192.136398,0,0,3075,384.375
1764840192.1403978,1,1,1815,226.875
1764840192.1444004,0,0,-716,-89.500
1764840192.1483989,0,0,-1059,-132.375
1764840192.1526625,0,0,2563,320.375
1764840192.1564066,0,0,3104,388.000
1764840192.1604004,1,1,1841,230.125
1764840192.164382,0,0,-656,-82.000
1764840192.1683793,0,0,-1186,-148.250
1764840192.1723976,0,0,2318,289.750
1764840192.1763968,0,0,2999,374.875
1764840192.1804004,1,1,1830,228.750
1764840192.184382,0,0,-565,-70.625
1764840192.1883798,0,0,-1246,-155.750
1764840192.192395,0,0,2182,272.750
1764840192.196396,0,0,2999,374.875
1764840192.2004008,1,1,1875,234.375
1764840192.204397,0,0,-567,-70.875
1764840192.2083936,0,0,-1245,-155.625
1764840192.2123957,0,0,2297,287.125
1764840192.2163954,0,0,3109,388.625
1764840192.2204,1,1,1912,239.000
1764840192.224397,0,0,-525,-65.625
1764840192.2284062,0,0,-1235,-154.375
1764840192.2323954,0,0,2407,300.875
1764840192.2363963,0,0,3265,408.125
1764840192.2403991,1,1,1991,248.875
1764840192.2447348,0,0,-481,-60.125
1764840192.2485962,0,0,-1252,-156.500
1764840192.2524245,0,0,2415,301.875
1764840192.256395,0,0,3328,416.000
1764840192.2603936,1,1,2024,253.000
1764840192.264396,0,0,-409,-51.125
1764840192.2683902,0,0,-1284,-160.500
1764840192.2723908,0,0,2292,286.500
1764840192.2763872,0,0,3350,418.750
1764840192.2805843,1,1,2078,259.750
1764840192.284394,0,0,-338,-42.250
1764840192.2883809,0,0,-1374,-171.750
1764840192.2923925,0,0,2011,251.375
1764840192.2963946,0,0,3170,396.250
1764840192.3004026,1,1,2028,253.500
1764840192.3043852,0,0,-217,-27.125
1764840192.308379,0,0,-1446,-180.750
1764840192.3123949,0,0,942,117.750
1764840192.3163948,0,0,2581,322.625
1764840192.320396,1,1,1944,243.000
1764840192.324398,0,0,-111,-13.875
1764840192.3284326,0,0,-1482,-185.250
1764840192.3324022,0,0,1570,196.250
1764840192.3363924,0,0,3033,379.125
1764840192.3404405,1,1,2087,260.875
1764840192.3444138,0,0,-14,-1.750
1764840192.348401,0,0,-1605,-200.625
1764840192.3523896,0,0,1871,233.875
1764840192.356379,0,0,3299,412.375
1764840192.3604496,1,1,2185,273.125
1764840192.364405,0,0,43,5.375
1764840192.3683956,0,0,-1529,-191.125
1764840192.3723886,0,0,1790,223.750
1764840192.3763802,0,0,3372,421.500
1764840192.380414,1,1,2272,284.000
1764840192.384398,0,0,157,19.625
1764840192.3883924,0,0,-1587,-198.375
1764840192.3923945,0,0,1768,221.000
1764840192.3963952,0,0,3419,427.375
1764840192.400397,1,1,2309,288.625
1764840192.4043922,0,0,247,30.875
1764840192.4083908,0,0,-1614,-201.750
1764840192.4123852,0,0,1623,202.875
1764840192.4163778,0,0,3404,425.500
1764840192.4203863,1,1,2344,293.000
1764840192.4243927,0,0,336,42.000
1764840192.428393,0,0,-1591,-198.875
1764840192.4324355,0,0,1237,154.625
1764840192.4364357,0,0,3183,397.875
1764840192.4404428,1,1,2298,287.250
1764840192.4444356,0,0,439,54.875
1764840192.4484305,0,0,-1626,-203.250
1764840192.4524386,0,0,1469,183.625
1764840192.4564338,0,0,3515,439.375
1764840192.460438,1,1,2504,313.000
1764840192.4644384,0,0,578,72.250
1764840192.46844,0,0,-1695,-211.875
1764840192.4724362,0,0,1286,160.750
1764840192.4764318,0,0,3413,426.625
1764840192.4869359,0,0,-1940,-242.500
1764840192.488835,0,0,-1940,-242.500
1764840192.4924378,0,0,1652,206.500
1764840192.496416,0,0,3750,468.750
1764840192.5004385,1,1,2611,326.375
1764840192.5044458,0,0,685,85.625
1764840192.5084383,0,0,-1706,-213.250
1764840192.512431,0,0,736,92.000
1764840192.516417,0,0,3058,382.250
1764840192.5204403,1,1,2367,295.875
1764840192.5244424,0,0,771,96.375
1764840192.5284393,0,0,-1758,-219.750
1764840192.5325363,0,0,1047,130.875
1764840192.5363944,0,0,3457,432.125
1764840192.5403955,1,1,2598,324.750
1764840192.5443978,0,0,874,109.250
1764840192.548394,0,0,-1729,-216.125
1764840192.5523868,0,0,588,73.500
1764840192.5563748,0,0,3060,382.500
1764840192.5603833,1,1,2426,303.250
1764840192.564392,0,0,900,112.500
1764840192.568395,0,0,-1676,-209.500
1764840192.5723982,0,0,313,39.125
1764840192.5763946,0,0,2898,362.250
1764840192.5803945,1,1,2408,301.000
1764840192.5843942,0,0,992,124.000
1764840192.588389,0,0,-1674,-209.250
1764840192.5923922,0,0,458,57.250
1764840192.596392,0,0,3148,393.500
1764840192.6003919,1,1,2586,323.250
1764840192.6043925,0,0,1092,136.500
1764840192.6083913,0,0,-1712,-214.000
1764840192.6123948,0,0,439,54.875
1764840192.6163921,0,0,3216,402.000
1764840192.620397,1,1,2663,332.875
1764840192.6243947,0,0,1150,143.750
1764840192.6283898,0,0,-1664,-208.000
1764840192.6324089,0,0,335,41.875
1764840192.6363916,0,0,3190,398.750
1764840192.6403937,1,1,2684,335.500
1764840192.6443975,0,0,1199,149.875
1764840192.6483955,0,0,-1667,-208.375
1764840192.652387,0,0,443,55.375
1764840192.6563754,0,0,3423,427.875
1764840192.660402,1,1,2865,358.125
1764840192.6643894,0,0,1269,158.625
1764840192.6683886,0,0,-1528,-191.000
1764840192.6723833,0,0,11,1.375
1764840192.6763759,0,0,3036,379.500
1764840192.6804075,1,1,2701,337.625
1764840192.6844695,0,0,1281,160.125
1764840192.6884024,0,0,-1532,-191.500
1764840192.6923862,0,0,-80,-10.000
1764840192.6963751,0,0,2926,365.750
1764840192.7003996,1,1,2635,329.375
1764840192.7043977,0,0,1267,158.375
1764840192.7083907,0,0,-1399,-174.875
1764840192.7123797,0,0,-68,-8.500
1764840192.7163737,0,0,3191,398.875
1764840192.7204075,1,1,2917,364.625
1764840192.7243953,0,0,1422,177.750
1764840192.7283893,0,0,-1362,-170.250
1764840192.732418,0,0,-61,-7.625
1764840192.736375,0,0,3290,411.250
1764840192.7403865,1,1,3022,377.750
1764840192.7443917,0,0,1470,183.750
1764840192.7483866,0,0,-1329,-166.125
1764840192.7523875,0,0,-120,-15.000
1764840192.7564013,0,0,3067,383.375
1764840192.7604184,1,1,1494,186.750
1764840192.7644014,0,0,-1302,-162.750
1764840192.7683916,0,0,-143,-17.875
1764840192.772383,0,0,3379,422.375
1764840192.776372,0,0,3170,396.250
1764840192.7804022,1,1,1538,192.250
1764840192.7843916,0,0,-972,-121.500
1764840192.7883918,0,0,-774,-96.750
1764840192.7923813,0,0,2650,331.250
1764840192.7963703,0,0,2810,351.250
1764840192.8004172,1,1,1496,187.000
1764840192.8043766,0,0,-922,-115.250
1764840192.8083742,0,0,-750,-93.750
1764840192.812367,0,0,2820,352.500
1764840192.8163698,0,0,3002,375.250
1764840192.8203876,1,1,1596,199.500
1764840192.8243902,0,0,-876,-109.500
1764840192.8283904,0,0,-954,-119.250
1764840192.8324249,0,0,2510,313.750
1764840192.8363886,0,0,2823,352.875
1764840192.8403907,1,1,1549,193.625
1764840192.8443906,0,0,-832,-104.000
1764840192.848388,0,0,-1058,-132.250
1764840192.8523939,0,0,2391,298.875
1764840192.8563874,0,0,2807,350.875
1764840192.860391,1,1,1574,196.750
1764840192.864389,0,0,-767,-95.875
1764840192.8683867,0,0,-1032,-129.000
1764840192.8723845,0,0,2576,322.000
1764840192.8763711,0,0,3056,382.000
1764840192.8803828,1,1,1719,214.875
1764840192.884477,0,0,-768,-96.000
1764840192.8884006,0,0,-974,-121.750
1764840192.8923883,0,0,2770,346.250
1764840192.8963737,0,0,3205,400.625
1764840192.9003968,1,1,1755,219.375
1764840192.9043908,0,0,-661,-82.625
1764840192.9083912,0,0,-1118,-139.750
1764840192.9123821,0,0,2507,313.375
1764840192.9163725,0,0,3182,397.750
1764840192.9204247,1,1,1832,229.000
1764840192.9243855,0,0,-603,-75.375
1764840192.9283686,0,0,-1230,-153.750
1764840192.932387,0,0,2236,279.500
1764840192.9364254,0,0,2994,374.250
1764840192.9404027,1,1,1758,219.750
1764840192.9443898,0,0,-537,-67.125
1764840192.9483826,0,0,-1229,-153.625
1764840192.9523966,0,0,2304,288.000
1764840192.9563975,0,0,3123,390.375
1764840192.960392,1,1,1836,229.500
1764840192.9643817,0,0,-496,-62.000
1764840192.968367,0,0,-1320,-165.000
1764840192.9723835,0,0,1974,246.750
1764840192.9763856,0,0,2973,371.625
1764840192.9804015,1,1,1827,228.375
1764840192.9843714,0,0,-448,-56.000
1764840192.9883661,0,0,-1325,-165.625
1764840192.9923868,0,0,2017,252.125
1764840192.9963858,0,0,3092,386.500
1764840193.0003896,1,1,1908,238.500
1764840193.004389,0,0,-348,-43.500
1764840193.0083845,0,0,-1356,-169.500
1764840193.012389,0,0,1924,240.500
1764840193.0163865,0,0,3107,388.375
1764840193.0203917,1,1,1951,243.875
1764840193.0243897,0,0,-326,-40.750
1764840193.028384,0,0,-1403,-175.375
1764840193.0323865,0,0,1740,217.500
1764840193.0363889,0,0,3016,377.000
1764840193.0403912,1,1,1935,241.875
1764840193.044389,0,0,-271,-33.875
1764840193.0483818,0,0,-1408,-176.000
1764840193.0523767,0,0,1921,240.125
1764840193.0563679,0,0,3216,402.000
1764840193.0603867,1,1,2030,253.750
1764840193.064387,0,0,-191,-23.875
1764840193.068388,0,0,-1414,-176.750
1764840193.0723894,0,0,1672,209.000
1764840193.0763836,0,0,3158,394.750
1764840193.0803869,1,1,2076,259.500
1764840193.0844624,0,0,-58,-7.250
1764840193.0884023,0,0,-1409,-176.125
1764840193.0923827,0,0,2485,310.625
1764840193.096368,0,0,3913,489.125
1764840193.1004338,1,1,2426,303.250
1764840193.104391,0,0,37,4.625
1764840193.1083865,0,0,-1419,-177.375
1764840193.1123781,0,0,326,40.750
1764840193.116372,0,0,2361,295.125
1764840193.1203997,1,1,1943,242.875
1764840193.124387,0,0,300,37.500
1764840193.128382,0,0,-1826,-228.250
1764840193.1323872,0,0,1878,234.750
1764840193.136495,0,0,3527,440.875
1764840193.1404395,1,1,2331,291.375
1764840193.1444335,0,0,288,36.000
1764840193.1484244,0,0,-1670,-208.750
1764840193.1527307,0,0,1641,205.125
1764840193.156428,0,0,3459,432.375
1764840193.1604323,1,1,2352,294.000
1764840193.1644123,0,0,385,48.125
1764840193.1684074,0,0,-1689,-211.125
1764840193.172425,0,0,1557,194.625
1764840193.1764238,0,0,3484,435.500
1764840193.1804326,1,1,2398,299.750
1764840193.1844113,0,0,472,59.000
1764840193.1884081,0,0,-1664,-208.000
1764840193.1924276,0,0,1255,156.875
1764840193.196426,0,0,3349,418.625
1764840193.2004304,1,1,2399,299.875
1764840193.204436,0,0,578,72.250
1764840193.208424,0,0,-1716,-214.500
1764840193.2124312,0,0,987,123.375
1764840193.2164218,0,0,3186,398.250
1764840193.2204404,1,1,2361,295.125
1764840193.2244282,0,0,660,82.500
1764840193.2284265,0,0,-1709,-213.625
1764840193.2324317,0,0,672,84.000
1764840193.2364566,0,0,2970,371.250
1764840193.24039,1,1,2300,287.500
1764840193.24472,0,0,741,92.625
1764840193.2485816,0,0,-1726,-215.750
1764840193.252409,0,0,490,61.250
1764840193.2563837,0,0,2864,358.000
1764840193.2603934,1,1,2284,285.500
1764840193.2643845,0,0,817,102.125
1764840193.268381,0,0,-1752,-219.000
1764840193.2723806,0,0,835,104.375
1764840193.2763863,0,0,3333,416.625
1764840193.2803776,1,1,2574,321.750
1764840193.2845786,0,0,933,116.625
1764840193.288397,0,0,-1712,-214.000
1764840193.2923942,0,0,924,115.500
1764840193.296371,0,0,3556,444.500
1764840193.3003979,1,1,2745,343.125
1764840193.3043797,0,0,1027,128.375
1764840193.3083923,0,0,-1669,-208.625
1764840193.312374,0,0,512,64.000
1764840193.3163674,0,0,3234,404.250
1764840193.3203974,1,1,2632,329.000
1764840193.3243835,0,0,1081,135.125
1764840193.3283832,0,0,-1652,-206.500
1764840193.3323858,0,0,471,58.875
1764840193.336419,0,0,3256,407.000
1764840193.340388,1,1,2669,333.625
1764840193.344386,0,0,1127,140.875
1764840193.3483772,0,0,-1520,-190.000
1764840193.3523798,0,0,77,9.625
1764840193.3563917,0,0,2969,371.125
1764840193.3603876,1,1,2595,324.375
1764840193.3643649,0,0,1191,148.875
1764840193.3683653,0,0,-1624,-203.000
1764840193.372381,0,0,251,31.375
1764840193.3763804,0,0,3212,401.500
1764840193.3803837,1,1,2748,343.500
1764840193.3843682,0,0,1248,156.000
1764840193.3883631,0,0,-1377,-172.125
1764840193.3923867,0,0,-474,-59.250
1764840193.3963854,0,0,2404,300.500
1764840193.4003868,1,1,2329,291.125
1764840193.4043813,0,0,1205,150.625
1764840193.4083793,0,0,-1472,-184.000
1764840193.412383,0,0,3084,385.500
1764840193.416381,0,0,2802,350.250
1764840193.4203844,1,1,1373,171.625
1764840193.4243844,0,0,-1455,-181.875
1764840193.4283755,0,0,4,0.500
1764840193.4323723,0,0,3227,403.375
1764840193.4363654,0,0,2922,365.250
1764840193.4404347,1,1,1422,177.750
1764840193.4443924,0,0,-1440,-180.000
1764840193.448385,0,0,8,1.000
1764840193.4523866,0,0,3324,415.500
1764840193.4563804,0,0,3022,377.750
1764840193.460384,1,1,1462,182.750
1764840193.4643836,0,0,-1196,-149.500
1764840193.4683812,0,0,-380,-47.500
1764840193.4723852,0,0,3015,376.875
1764840193.476378,0,0,2938,367.250
1764840193.4803834,1,1,1501,187.625
1764840193.4896195,0,0,-46,-5.750
1764840193.4924335,0,0,3513,439.125
1764840193.4963865,0,0,3262,407.750
1764840193.5003848,1,1,1581,197.625
1764840193.5043688,0,0,-998,-124.750
1764840193.5083663,0,0,-621,-77.625
1764840193.5123832,0,0,2924,365.500
1764840193.5163825,0,0,3014,376.750
1764840193.520383,1,1,1581,197.625
1764840193.5243661,0,0,-1009,-126.125
1764840193.5283625,0,0,-560,-70.000
1764840193.5323656,0,0,3087,385.875
1764840193.5363657,0,0,3161,395.125
1764840193.540415,1,1,1635,204.375
1764840193.5444498,0,0,-1109,-138.625
1764840193.5483875,0,0,-341,-42.625
1764840193.5523758,0,0,3479,434.875
1764840193.556366,0,0,3444,430.500
1764840193.5603933,1,1,1710,213.750
1764840193.5643861,0,0,-1156,-144.500
1764840193.568379,0,0,-491,-61.375
1764840193.5723753,0,0,3268,408.500
1764840193.5763645,0,0,3315,414.375
1764840193.5804212,1,1,1649,206.125
1764840193.5843854,0,0,-921,-115.125
1764840193.5883784,0,0,-724,-90.500
1764840193.5923712,0,0,3068,383.500
1764840193.5963635,0,0,3270,408.750
1764840193.6004148,1,1,1664,208.000
1764840193.6043844,0,0,-767,-95.875
1764840193.6083794,0,0,-1133,-141.625
1764840193.6123796,0,0,2322,290.250
1764840193.6163807,0,0,2831,353.875
1764840193.6203837,1,1,1554,194.250
1764840193.6243937,0,0,-702,-87.750
1764840193.6283782,0,0,-1136,-142.000
1764840193.6323812,0,0,2420,302.500
1764840193.6363795,0,0,3040,380.000
1764840193.6404216,1,1,1697,212.125
1764840193.644382,0,0,-625,-78.125
1764840193.6483798,0,0,-1137,-142.125
1764840193.6523838,0,0,2492,311.500
1764840193.6563783,0,0,3210,401.250
1764840193.660384,1,1,1816,227.000
1764840193.6643825,0,0,-629,-78.625
1764840193.6683807,0,0,-1056,-132.000
1764840193.67238,0,0,2851,356.375
1764840193.6763768,0,0,3484,435.500
1764840193.6803825,1,1,1897,237.125
1764840193.6843815,0,0,-562,-70.250
1764840193.6884532,0,0,-1209,-151.125
1764840193.6923811,0,0,2378,297.250
1764840193.6963623,0,0,3246,405.750
1764840193.7004416,1,1,1858,232.250
1764840193.7043843,0,0,-509,-63.625
1764840193.7083764,0,0,-1228,-153.500
1764840193.7123697,0,0,2389,298.625
1764840193.7163632,0,0,3321,415.125
1764840193.7203975,1,1,1910,238.750
1764840193.7243805,0,0,-457,-57.125
1764840193.7283742,0,0,-1260,-157.500
1764840193.7323773,0,0,2318,289.750
1764840193.7363763,0,0,3345,418.125
1764840193.7404583,1,1,1946,243.250
1764840193.744412,0,0,-396,-49.500
1764840193.7484033,0,0,-1228,-153.500
1764840193.7524195,0,0,2500,312.500
1764840193.7564201,0,0,3601,450.125
1764840193.7604294,1,1,2091,261.375
1764840193.7644207,0,0,-311,-38.875
1764840193.7684176,0,0,-1408,-176.000
1764840193.7724078,0,0,1415,176.875
1764840193.7763994,0,0,2846,355.750
1764840193.7804186,1,1,1853,231.625
1764840193.7844236,0,0,-258,-32.250
1764840193.7884207,0,0,-1356,-169.500
1764840193.7924213,0,0,2108,263.500
1764840193.7964182,0,0,3467,433.375
1764840193.8004248,1,1,2123,265.375
1764840193.804401,0,0,-168,-21.000
1764840193.8084009,0,0,-1376,-172.000
1764840193.8124192,0,0,1967,245.875
1764840193.81643,0,0,3449,431.125
1764840193.8204265,1,1,2152,269.000
1764840193.8244054,0,0,-69,-8.625
1764840193.8284,0,0,-1443,-180.375
1764840193.8324144,0,0,1678,209.750
1764840193.8364167,0,0,3265,408.125
1764840193.8404202,1,1,2095,261.875
1764840193.8444827,0,0,4,0.500
1764840193.8483627,0,0,-1441,-180.125
1764840193.8523774,0,0,1773,221.625
1764840193.856375,0,0,3495,436.875
1764840193.8603797,1,1,2264,283.000
1764840193.8643796,0,0,154,19.250
1764840193.8683758,0,0,-1533,-191.625
1764840193.872375,0,0,1507,188.375
1764840193.876373,0,0,3331,416.375
1764840193.8803768,1,1,2218,277.250
1764840193.8843756,0,0,246,30.750
1764840193.888559,0,0,-1618,-202.250
1764840193.8923855,0,0,1532,191.500
1764840193.896361,0,0,3415,426.875
1764840193.900386,1,1,2286,285.750
1764840193.9043758,0,0,278,34.750
1764840193.908374,0,0,-1364,-170.500
1764840193.9123678,0,0,-328,-41.000
1764840193.9163601,0,0,1938,242.250
1764840193.9203954,1,1,1779,222.375
1764840193.9243777,0,0,554,69.250
1764840193.9283767,0,0,-1938,-242.250
1764840193.9323666,0,0,1778,222.250
1764840193.936357,0,0,3794,474.250
1764840193.9403691,1,1,2562,320.250
1764840193.944361,0,0,598,74.750
1764840193.9483547,0,0,-1709,-213.625
1764840193.9523716,0,0,1205,150.625
1764840193.9563751,0,0,3469,433.625
1764840193.9603765,1,1,2499,312.375
1764840193.9643712,0,0,702,87.750
1764840193.96837,0,0,-1662,-207.750
1764840193.9723759,0,0,735,91.875
1764840193.976373,0,0,3135,391.875
1764840193.980375,1,1,2398,299.750
1764840193.9843733,0,0,790,98.750
1764840193.9883828,0,0,-1800,-225.000
1764840193.9923718,0,0,937,117.125
1764840193.9963577,0,0,3376,422.000
1764840194.000391,1,1,2527,315.875
1764840194.0043716,0,0,848,106.000
1764840194.0083704,0,0,-1730,-216.250
1764840194.0123653,0,0,958,119.750
1764840194.016358,0,0,3550,443.750
1764840194.0203981,1,1,2684,335.500
1764840194.0243754,0,0,947,118.375
1764840194.0283704,0,0,-1823,-227.875
1764840194.0323737,0,0,1041,130.125
1764840194.036371,0,0,3709,463.625
1764840194.0403767,1,1,2790,348.750
1764840194.0444126,0,0,997,124.625
1764840194.048372,0,0,-1681,-210.125
1764840194.0523636,0,0,683,85.375
1764840194.0563579,0,0,3479,434.875
1764840194.0603786,1,1,2737,342.125
1764840194.0643766,0,0,-1635,-204.375
1764840194.068371,0,0,452,56.500
1764840194.0723739,0,0,3325,415.625
1764840194.0763705,0,0,2700,337.500
1764840194.0803769,1,1,1090,136.250
1764840194.0843737,0,0,-1493,-186.625
1764840194.0885713,0,0,263,32.875
1764840194.0923831,0,0,3278,409.750
1764840194.0963554,0,0,2760,345.000
1764840194.1003878,1,1,1178,147.250
1764840194.1043773,0,0,-1584,-198.000
1764840194.108373,0,0,328,41.000
1764840194.1123621,0,0,3425,428.125
1764840194.1163538,0,0,2877,359.625
1764840194.120393,1,1,1233,154.125
1764840194.124377,0,0,-1402,-175.250
1764840194.1283724,0,0,45,5.625
1764840194.132374,0,0,3279,409.875
1764840194.136367,0,0,2892,361.500
1764840194.1403716,1,1,1313,164.125
1764840194.1444113,0,0,-1365,-170.625
1764840194.1483707,0,0,1,0.125
1764840194.1523767,0,0,3312,414.000
1764840194.1563706,0,0,2961,370.125
1764840194.160372,1,1,1363,170.375
1764840194.1643715,0,0,-1257,-157.125
1764840194.16837,0,0,-279,-34.875
1764840194.1723769,0,0,3067,383.375
1764840194.1763678,0,0,2882,360.250
1764840194.1804547,1,1,1388,173.500
1764840194.1843889,0,0,-1200,-150.000
1764840194.1883721,0,0,-422,-52.750
1764840194.19236,0,0,2905,363.125
1764840194.1963542,0,0,2806,350.750
1764840194.2003765,1,1,1384,173.000
1764840194.2043693,0,0,-1255,-156.875
1764840194.208371,0,0,-79,-9.875
1764840194.2123632,0,0,3512,439.000
1764840194.216355,0,0,3244,405.500
1764840194.2203894,1,1,1528,191.000
1764840194.224371,0,0,-1049,-131.125
1764840194.2283728,0,0,-459,-57.375
1764840194.2323744,0,0,3164,395.500
1764840194.23637,0,0,3131,391.375
1764840194.2403727,1,1,1553,194.125
1764840194.2447019,0,0,-1012,-126.500
1764840194.2485602,0,0,-665,-83.125
1764840194.2523968,0,0,2863,357.875
1764840194.2563684,0,0,2949,368.625
1764840194.2603753,1,1,1496,187.000
1764840194.2643685,0,0,-893,-111.625
1764840194.2683656,0,0,-812,-101.500
1764840194.2723713,0,0,2770,346.250
1764840194.276366,0,0,2974,371.750
1764840194.2803714,1,1,1546,193.250
1764840194.2843697,0,0,-851,-106.375
1764840194.2885747,0,0,-912,-114.000
1764840194.2923818,0,0,2739,342.375
1764840194.2963567,0,0,3053,381.625
1764840194.3004014,1,1,1623,202.875
1764840194.3043716,0,0,-808,-101.000
1764840194.3083735,0,0,-887,-110.875
1764840194.312362,0,0,2868,358.500
1764840194.3163552,0,0,3195,399.375
1764840194.3203738,1,1,1685,210.625
1764840194.3243546,0,0,-696,-87.000
1764840194.3283508,0,0,-1060,-132.500
1764840194.3323662,0,0,2571,321.375
1764840194.3363636,0,0,3107,388.375
1764840194.3403664,1,1,1716,214.500
1764840194.3443656,0,0,-657,-82.125
1764840194.3484035,0,0,-1040,-130.000
1764840194.352363,0,0,2697,337.125
1764840194.3563714,0,0,3236,404.500
1764840194.3603687,1,1,1767,220.875
1764840194.3643718,0,0,-599,-74.875
1764840194.368369,0,0,-1124,-140.500
1764840194.3723783,0,0,2539,317.375
1764840194.376366,0,0,3222,402.750
1764840194.3803742,1,1,1807,225.875
1764840194.384372,0,0,-582,-72.750
1764840194.3883789,0,0,-1162,-145.250
1764840194.3923683,0,0,2496,312.000
1764840194.3963778,0,0,3261,407.625
1764840194.4003706,1,1,1847,230.875
1764840194.4043713,0,0,-539,-67.375
1764840194.4083667,0,0,-1168,-146.000
1764840194.412369,0,0,2566,320.750
1764840194.41635,0,0,3363,420.375
1764840194.420406,1,1,1893,236.625
1764840194.4246697,0,0,-489,-61.125
1764840194.4283786,0,0,-1204,-150.500
1764840194.4323626,0,0,2506,313.250
1764840194.4363513,0,0,3376,422.000
1764840194.4403813,1,1,1911,238.875
1764840194.4443696,0,0,-476,-59.500
1764840194.4484024,0,0,-1251,-156.375
1764840194.452362,0,0,2396,299.500
1764840194.4563491,0,0,3381,422.625
1764840194.4604619,1,1,1943,242.875
1764840194.4643855,0,0,-404,-50.500
1764840194.4683719,0,0,-1291,-161.375
1764840194.472372,0,0,2188,273.500
1764840194.476373,0,0,3338,417.250
1764840194.4803748,1,1,1979,247.375
1764840194.4843736,0,0,-318,-39.750
1764840194.5061648,0,0,-1460,-182.500
1764840194.5083966,0,0,-1460,-182.500
1764840194.5123818,0,0,2532,316.500
1764840194.5163672,0,0,3693,461.625
1764840194.5203748,1,1,2136,267.000
1764840194.5243747,0,0,-231,-28.875
1764840194.5283701,0,0,-1379,-172.375
1764840194.5323644,0,0,1733,216.625
1764840194.5363538,0,0,3251,406.375
1764840194.5404012,1,1,2059,257.375
1764840194.544375,0,0,-78,-9.750
1764840194.5484107,0,0,-1440,-180.000
1764840194.552364,0,0,1785,223.125
1764840194.5563536,0,0,3357,419.625
1764840194.560373,1,1,2124,265.500
1764840194.564372,0,0,1,0.125
1764840194.5683715,0,0,-1474,-184.250
1764840194.5723753,0,0,1390,173.750
1764840194.5763705,0,0,3125,390.625
1764840194.580373,1,1,2075,259.375
1764840194.5843759,0,0,131,16.375
1764840194.5883734,0,0,-1606,-200.750
1764840194.592381,0,0,1788,223.500
1764840194.596379,0,0,3506,438.250
1764840194.6003745,1,1,2244,280.500
1764840194.6043568,0,0,218,27.250
1764840194.6083527,0,0,-1702,-212.750
1764840194.6123714,0,0,1239,154.875
1764840194.6163714,0,0,3015,376.875
1764840194.6203718,1,1,2008,251.000
1764840194.6243572,0,0,238,29.750
1764840194.6283586,0,0,-1646,-205.750
1764840194.6323764,0,0,1458,182.250
1764840194.636373,0,0,3427,428.375
1764840194.6403735,1,1,2298,287.250
1764840194.6443703,0,0,396,49.500
1764840194.6483676,0,0,-1674,-209.250
1764840194.6524115,0,0,1123,140.375
1764840194.6563737,0,0,3215,401.875
1764840194.6603727,1,1,2255,281.875
1764840194.6643713,0,0,450,56.250
1764840194.6683714,0,0,-1419,-177.375
1764840194.6723752,0,0,-191,-23.875
1764840194.6763694,0,0,2245,280.625
1764840194.6803749,1,1,1987,248.375
1764840194.684372,0,0,699,87.375
1764840194.6883671,0,0,-1820,-227.500
1764840194.6923745,0,0,778,97.250
1764840194.6963687,0,0,3067,383.375
1764840194.7003777,1,1,2306,288.250
1764840194.704465,0,0,744,93.000
1764840194.7083857,0,0,-1868,-233.500
1764840194.7123687,0,0,659,82.375
1764840194.716353,0,0,2991,373.875
1764840194.7203865,1,1,2281,285.125
1764840194.724367,0,0,-1851,-231.375
1764840194.7283666,0,0,1124,140.500
1764840194.73236,0,0,3648,456.000
1764840194.7363534,0,0,2695,336.875
1764840194.740388,1,1,917,114.625
1764840194.7443697,0,0,-1845,-230.625
1764840194.74838,0,0,887,110.875
1764840194.7524083,0,0,3463,432.875
1764840194.7563727,0,0,2616,327.000
1764840194.7603803,1,1,937,117.125
1764840194.7643824,0,0,-1764,-220.500
1764840194.7683675,0,0,739,92.375
1764840194.7723722,0,0,3457,432.125
1764840194.7763698,0,0,2677,334.625
1764840194.780371,1,1,1001,125.125
1764840194.784374,0,0,-1631,-203.875
1764840194.7883668,0,0,366,45.750
1764840194.79237,0,0,3209,401.125
1764840194.7963681,0,0,2623,327.875
1764840194.8003693,1,1,1065,133.125
1764840194.8043644,0,0,-1666,-208.250
1764840194.8083713,0,0,539,67.375
1764840194.8123665,0,0,3477,434.625
1764840194.8163605,0,0,2801,350.125
1764840194.8203683,1,1,1127,140.875
1764840194.8243709,0,0,-1497,-187.125
1764840194.8283668,0,0,4,0.500
1764840194.8323562,0,0,3002,375.250
1764840194.8363502,0,0,2611,326.375
1764840194.840395,1,1,1154,144.250
1764840194.844369,0,0,-1571,-196.375
1764840194.848368,0,0,152,19.000
1764840194.85237,0,0,3213,401.625
1764840194.8563652,0,0,2746,343.250
1764840194.860368,1,1,1195,149.375
1764840194.8643706,0,0,-1295,-161.875
1764840194.8683677,0,0,-386,-48.250
1764840194.8723674,0,0,2773,346.625
1764840194.8763628,0,0,2617,327.125
1764840194.8803692,1,1,1260,157.500
1764840194.8843694,0,0,-1183,-147.875
1764840194.8883672,0,0,-686,-85.750
1764840194.8923569,0,0,2464,308.000
1764840194.8963466,0,0,2497,312.125
1764840194.900381,1,1,1290,161.250
1764840194.9044957,0,0,-1120,-140.000
1764840194.9084013,0,0,-719,-89.875
1764840194.9123693,0,0,2472,309.000
1764840194.9163504,0,0,2544,318.000
1764840194.9203794,1,1,1338,167.250
1764840194.9243658,0,0,-1159,-144.875
1764840194.9283686,0,0,-492,-61.500
1764840194.9323592,0,0,2902,362.750
1764840194.9363482,0,0,2872,359.000
1764840194.940386,1,1,1461,182.625
1764840194.9443693,0,0,-1131,-141.375
1764840194.948367,0,0,-575,-71.875
1764840194.952377,0,0,2826,353.250
1764840194.9563773,0,0,2853,356.625
1764840194.9603708,1,1,1463,182.875
1764840194.9643471,0,0,-1044,-130.500
1764840194.9683502,0,0,-647,-80.875
1764840194.9723606,0,0,2866,358.250
1764840194.9763508,0,0,2961,370.125
1764840194.9803605,1,1,1533,191.625
1764840194.9843493,0,0,-945,-118.125
1764840194.9883475,0,0,-807,-100.875
1764840194.9923687,0,0,2735,341.875
1764840194.9963672,0,0,2948,368.500
1764840195.000369,1,1,1559,194.875
1764840195.0043662,0,0,-918,-114.750
1764840195.008364,0,0,-782,-97.750
1764840195.0123725,0,0,2878,359.750
1764840195.0163662,0,0,3102,387.750
1764840195.0203705,1,1,1625,203.125
1764840195.0243664,0,0,-851,-106.375
1764840195.0283637,0,0,-866,-108.250
1764840195.0323715,0,0,2831,353.875
1764840195.036368,0,0,3127,390.875
1764840195.0403695,1,1,1648,206.000
1764840195.044369,0,0,-782,-97.750
1764840195.0483623,0,0,-993,-124.125
1764840195.0523577,0,0,2705,338.125
1764840195.0563862,0,0,3126,390.750
1764840195.060379,1,1,1680,210.000
1764840195.0643678,0,0,-689,-86.125
1764840195.0683632,0,0,-1181,-147.625
1764840195.0723674,0,0,2275,284.375
1764840195.076364,0,0,2905,363.125
1764840195.0803678,1,1,1643,205.375
1764840195.0843651,0,0,-700,-87.500
1764840195.0883625,0,0,-1084,-135.500
1764840195.092365,0,0,2665,333.125
1764840195.0963662,0,0,3254,406.750
1764840195.1003697,1,1,1787,223.375
1764840195.10448,0,0,-583,-72.875
1764840195.1083932,0,0,-1216,-152.000
1764840195.112362,0,0,2310,288.750
1764840195.1163714,0,0,3072,384.000
1764840195.1203713,1,1,1751,218.875
1764840195.1243489,0,0,-587,-73.375
1764840195.1283467,0,0,-1175,-146.875
1764840195.1323597,0,0,2568,321.000
1764840195.1363614,0,0,3343,417.875
1764840195.1403668,1,1,1875,234.375
1764840195.14435,0,0,-540,-67.500
1764840195.1483464,0,0,-1271,-158.875
1764840195.152363,0,0,2295,286.875
1764840195.1563735,0,0,3181,397.625
1764840195.1603668,1,1,1821,227.625
1764840195.164362,0,0,-490,-61.250
1764840195.1683624,0,0,-1276,-159.500
1764840195.1723623,0,0,2297,287.125
1764840195.1763601,0,0,3285,410.625
1764840195.1803615,1,1,1899,237.375
1764840195.1843626,0,0,-406,-50.750
1764840195.188364,0,0,-1355,-169.375
1764840195.1923645,0,0,1925,240.625
1764840195.1963592,0,0,3100,387.500
1764840195.2003675,1,1,1875,234.375
1764840195.2043517,0,0,-365,-45.625
1764840195.2083457,0,0,-1323,-165.375
1764840195.2123575,0,0,2244,280.500
1764840195.2163599,0,0,3429,428.625
1764840195.2203653,1,1,2033,254.125
1764840195.2243595,0,0,-288,-36.000
1764840195.22836,0,0,-1399,-174.875
1764840195.2323647,0,0,1704,213.000
1764840195.2363615,0,0,3113,389.125
1764840195.2403626,1,1,1959,244.875
1764840195.2446904,0,0,-186,-23.250
1764840195.248564,0,0,-1425,-178.125
1764840195.2523854,0,0,1677,209.625
1764840195.2564032,0,0,3161,395.125
1764840195.2603617,1,1,2006,250.750
1764840195.264351,0,0,-79,-9.875
1764840195.2683482,0,0,-1490,-186.250
1764840195.2723584,0,0,1664,208.000
1764840195.276356,0,0,3220,402.500
1764840195.280357,1,1,2058,257.250
1764840195.2843626,0,0,10,1.250
1764840195.2883599,0,0,-1531,-191.375
1764840195.292353,0,0,1466,183.250
1764840195.296347,0,0,3142,392.750
1764840195.3004296,1,1,2062,257.750
1764840195.3045642,0,0,102,12.750
1764840195.3083792,0,0,-1574,-196.750
1764840195.3123505,0,0,1577,197.125
1764840195.3163426,0,0,3330,416.250
1764840195.3203642,1,1,2183,272.875
1764840195.3243446,0,0,234,29.250
1764840195.3283417,0,0,-1670,-208.750
1764840195.3323503,0,0,1659,207.375
1764840195.3363504,0,0,3489,436.125
1764840195.340354,1,1,2285,285.625
1764840195.3443441,0,0,324,40.500
1764840195.3483415,0,0,-1729,-216.125
1764840195.3523402,0,0,1862,232.750
1764840195.3563397,0,0,3753,469.125
1764840195.3604143,1,1,2429,303.625
1764840195.3643973,0,0,389,48.625
1764840195.368384,0,0,-1659,-207.375
1764840195.3724003,0,0,3912,489.000
1764840195.3763995,0,0,2569,321.125
1764840195.3804047,1,1,440,55.000
1764840195.3843899,0,0,-1283,-160.375
1764840195.3883824,0,0,-524,-65.500
1764840195.3924026,0,0,1862,232.750
1764840195.396395,0,0,1775,221.875
1764840195.400401,1,1,653,81.625
1764840195.4043994,0,0,-1931,-241.375
1764840195.4084013,0,0,1278,159.750
1764840195.412403,0,0,3534,441.750
1764840195.416397,0,0,2516,314.500
1764840195.4203978,1,1,719,89.875
1764840195.4243996,0,0,-1724,-215.500
1764840195.4284,0,0,713,89.125
1764840195.4324028,0,0,3156,394.500
1764840195.4363961,0,0,2412,301.500
1764840195.4404013,1,1,812,101.500
1764840195.4443984,0,0,-1840,-230.000
1764840195.4483974,0,0,1044,130.500
1764840195.4523988,0,0,3536,442.000
1764840195.4563985,0,0,2617,327.125
1764840195.4604824,1,1,877,109.625
1764840195.4643579,0,0,-1801,-225.125
1764840195.4683537,0,0,950,118.750
1764840195.472347,0,0,3536,442.000
1764840195.476338,0,0,2650,331.250
1764840195.4803858,1,1,923,115.375
1764840195.484353,0,0,-1756,-219.500
1764840195.4883497,0,0,784,98.000
1764840195.4923508,0,0,3498,437.250
1764840195.4963508,0,0,2691,336.375
1764840195.500356,1,1,986,123.250
1764840195.509593,0,0,154,19.250
1764840195.512485,0,0,2966,370.750
1764840195.5163665,0,0,2487,310.875
1764840195.5203612,1,1,1031,128.875
1764840195.5243356,0,0,-1566,-195.750
1764840195.528338,0,0,164,20.500
1764840195.532354,0,0,3058,382.250
1764840195.5363538,0,0,2581,322.625
1764840195.5403576,1,1,1100,137.500
1764840195.5443423,0,0,-1580,-197.500
1764840195.548337,0,0,204,25.500
1764840195.5523555,0,0,3204,400.500
1764840195.556356,0,0,2712,339.000
1764840195.560359,1,1,1169,146.125
1764840195.5643566,0,0,-1400,-175.000
1764840195.5683522,0,0,-176,-22.000
1764840195.5723553,0,0,2890,361.250
1764840195.5763514,0,0,2609,326.125
1764840195.5803573,1,1,1210,151.250
1764840195.5846279,0,0,-1440,-180.000
1764840195.5883603,0,0,-62,-7.750
1764840195.592347,0,0,3095,386.875
1764840195.5963354,0,0,2761,345.125
1764840195.6003833,1,1,1272,159.000
1764840195.6043541,0,0,-1277,-159.625
1764840195.6083539,0,0,-356,-44.500
1764840195.6123438,0,0,2891,361.375
1764840195.616335,0,0,2736,342.000
1764840195.6203868,1,1,1330,166.250
1764840195.624358,0,0,-1207,-150.875
1764840195.6283548,0,0,-458,-57.250
1764840195.632353,0,0,2823,352.875
1764840195.6363487,0,0,2741,342.625
1764840195.6403525,1,1,1359,169.875
1764840195.6443517,0,0,-1173,-146.625
1764840195.6483357,0,0,-655,-81.875
1764840195.6523468,0,0,2549,318.625
1764840195.6563482,0,0,2580,322.500
1764840195.6603682,1,1,1321,165.125
1764840195.6643531,0,0,-1125,-140.625
1764840195.6683502,0,0,-420,-52.500
1764840195.6723564,0,0,3141,392.625
1764840195.6763453,0,0,3088,386.000
1764840195.6803532,1,1,1536,192.000
1764840195.684352,0,0,-1032,-129.000
1764840195.68835,0,0,-626,-78.250
1764840195.6923423,0,0,2915,364.375
1764840195.6963325,0,0,2991,373.875
1764840195.7003708,1,1,1528,191.000
1764840195.704349,0,0,-1023,-127.875
1764840195.708547,0,0,-601,-75.125
1764840195.7123597,0,0,3046,380.750
1764840195.7163382,0,0,3128,391.000
1764840195.7203743,1,1,1583,197.875
1764840195.7243476,0,0,-925,-115.625
1764840195.7283518,0,0,-751,-93.875
1764840195.7323458,0,0,2916,364.500
1764840195.736335,0,0,3104,388.000
1764840195.7403762,1,1,1595,199.375
1764840195.7443542,0,0,-889,-111.125
1764840195.7483578,0,0,-802,-100.250
1764840195.7523568,0,0,2915,364.375
1764840195.7563508,0,0,3154,394.250
1764840195.7603948,1,1,1622,202.750
1764840195.76435,0,0,-774,-96.750
1764840195.7683516,0,0,-1037,-129.625
1764840195.7723563,0,0,2580,322.500
1764840195.7763522,0,0,3027,378.375
1764840195.7803524,1,0,1629,203.625
1764840195.784619,0,0,-706,-88.250
1764840195.7883542,0,0,-1102,-137.750
1764840195.7923465,0,0,2508,313.500
1764840195.7963362,0,0,3076,384.500
1764840195.8003862,1,1,1691,211.375
1764840195.8043466,0,0,-670,-83.750
1764840195.8083448,0,0,-1184,-148.000
1764840195.8123395,0,0,2342,292.750
1764840195.8163357,0,0,3003,375.375
1764840195.8203816,1,0,1679,209.875
1764840195.8243535,0,0,-604,-75.500
1764840195.828349,0,0,-1207,-150.875
1764840195.832351,0,0,2347,293.375
1764840195.83636,0,0,3095,386.875
1764840195.8403537,1,1,1750,218.750
1764840195.8443508,0,0,-603,-75.375
1764840195.848347,0,0,-1196,-149.500
1764840195.85235,0,0,2485,310.625
1764840195.8563333,0,0,3257,407.125
1764840195.8603692,1,0,1822,227.750
1764840195.8643522,0,0,-562,-70.250
1764840195.8683558,0,0,-1229,-153.625
1764840195.8723524,0,0,2438,304.750
1764840195.876349,0,0,3287,410.875
1764840195.8803535,1,0,1852,231.500
1764840195.8843598,0,0,-482,-60.250
1764840195.888346,0,0,-1303,-162.875
1764840195.8923504,0,0,2100,262.500
1764840195.8963456,0,0,3154,394.250
1764840195.9003634,0,0,1859,232.375
1764840195.904349,0,0,-406,-50.750
1764840195.908546,0,0,-1373,-171.625
1764840195.9123573,0,0,1811,226.375
1764840195.9163425,0,0,2995,374.375
1764840195.9203866,1,0,1828,228.500
1764840195.924353,0,0,-355,-44.375
1764840195.928349,0,0,-1378,-172.250
1764840195.9323413,0,0,1802,225.250
1764840195.9363315,0,0,3098,387.250
1764840195.9403777,1,1,1920,240.000
1764840195.9443562,0,0,-279,-34.875
1764840195.9483478,0,0,-1440,-180.000
1764840195.952355,0,0,1713,214.125
1764840195.9563475,0,0,3050,381.250
1764840195.960349,1,0,1900,237.500
1764840195.9643857,0,0,-209,-26.125
1764840195.968349,0,0,-1440,-180.000
1764840195.9723537,0,0,1931,241.375
1764840195.9763467,0,0,3317,414.625
1764840195.9803495,0,0,2043,255.375
1764840195.9843376,0,0,-94,-11.750
1764840195.9883347,0,0,-1492,-186.500
1764840195.992352,0,0,1894,236.750
1764840195.9963472,0,0,3398,424.750
1764840196.000371,1,1,2121,265.125
1764840196.0043468,0,0,5,0.625
1764840196.0083468,0,0,-1519,-189.875
1764840196.012343,0,0,2236,279.500
1764840196.0163324,0,0,3784,473.000
1764840196.020386,1,0,2317,289.625
1764840196.0246296,0,0,-1544,-193.000
1764840196.0283535,0,0,1776,222.000
1764840196.0323453,0,0,3478,434.750
1764840196.036332,0,0,2215,276.875
1764840196.040366,0,0,174,21.750
1764840196.0443463,0,0,-1598,-199.750
1764840196.0483475,0,0,1495,186.875
1764840196.0523396,0,0,3337,417.125
1764840196.0563326,0,0,2207,275.875
1764840196.0603788,0,0,203,25.375
1764840196.0643632,0,0,-1334,-166.750
1764840196.068356,0,0,-40,-5.000
1764840196.0723517,0,0,2224,278.000
1764840196.0763464,0,0,1890,236.250
1764840196.0803509,0,0,515,64.375
1764840196.084344,0,0,-1971,-246.375
1764840196.0883448,0,0,1476,184.500
1764840196.0923498,0,0,3453,431.625
1764840196.096345,0,0,2348,293.500
1764840196.1003807,1,0,511,63.875
1764840196.1043446,0,0,-1715,-214.375
1764840196.1085458,0,0,1418,177.250
1764840196.1123538,0,0,3630,453.750
1764840196.1163323,0,0,2534,316.750
1764840196.1203842,1,1,644,80.500
1764840196.1243472,0,0,-1765,-220.625
1764840196.128344,0,0,843,105.375
1764840196.1323361,0,0,3099,387.375
1764840196.1363406,0,0,2279,284.875
1764840196.1403842,1,0,666,83.250
1764840196.144352,0,0,-1811,-226.375
1764840196.1483433,0,0,1228,153.500
1764840196.1523507,0,0,3611,451.375
1764840196.1563566,0,0,2590,323.750
1764840196.1603506,0,0,778,97.250
1764840196.1643832,0,0,-1728,-216.000
1764840196.168344,0,0,982,122.750
1764840196.1723573,0,0,3522,440.250
1764840196.1763434,0,0,2616,327.000
1764840196.1803515,0,0,858,107.250
1764840196.1843493,0,0,-1679,-209.875
1764840196.1883445,0,0,783,97.875
1764840196.1923485,0,0,3420,427.500
1764840196.1963525,0,0,2608,326.000
1764840196.2003505,0,0,917,114.625
1764840196.2043457,0,0,-1650,-206.250
1764840196.208346,0,0,384,48.000
1764840196.2123566,0,0,3050,381.250
1764840196.216343,0,0,2440,305.000
1764840196.220349,0,0,934,116.750
1764840196.2243476,0,0,-1717,-214.625
1764840196.2283545,0,0,578,72.250
1764840196.232346,0,0,3372,421.500
1764840196.2363663,0,0,2663,332.875
1764840196.2403834,0,0,1022,127.750
1764840196.244655,0,0,-1566,-195.750
1764840196.2485278,0,0,56,7.000
1764840196.2523947,0,0,2897,362.125
1764840196.2563443,0,0,2459,307.375
1764840196.2603724,0,0,1040,130.000
1764840196.2643354,0,0,-1616,-202.000
1764840196.2683842,0,0,280,35.000
1764840196.2723467,0,0,3267,408.375
1764840196.276338,0,0,2721,340.125
1764840196.2803571,0,0,1140,142.500
1764840196.2843487,0,0,-1489,-186.125
1764840196.288345,0,0,146,18.250
1764840196.2923486,0,0,3313,414.125
1764840196.2963407,0,0,2852,356.500
1764840196.3003638,0,0,1245,155.625
1764840196.3043299,0,0,-1448,-181.000
1764840196.3085408,0,0,243,30.375
1764840196.3123438,0,0,3582,447.750
1764840196.3163288,0,0,3081,385.125
1764840196.320363,0,0,1346,168.250
1764840196.3243442,0,0,-1376,-172.000
1764840196.3283403,0,0,-25,-3.125
1764840196.3323379,0,0,3279,409.875
1764840196.3363292,0,0,2917,364.625
1764840196.3403897,0,0,1310,163.750
1764840196.3443532,0,0,-1363,-170.375
1764840196.3483453,0,0,-28,-3.500
1764840196.3523474,0,0,3351,418.875
1764840196.3563547,0,0,3002,375.250
1764840196.360369,0,0,1349,168.625
1764840196.3643417,0,0,-1189,-148.625
1764840196.3683758,0,0,-386,-48.250
1764840196.3723593,0,0,3016,377.000
1764840196.3763413,0,0,2875,359.375
1764840196.3803682,0,0,1356,169.500
1764840196.3843434,0,0,-1160,-145.000
1764840196.3883538,0,0,-475,-59.375
1764840196.3923504,0,0,2950,368.750
1764840196.3963447,0,0,2868,358.500
1764840196.4003668,0,0,1367,170.875
1764840196.4043498,0,0,-1071,-133.875
1764840196.4083412,0,0,-505,-63.125
1764840196.4123464,0,0,3089,386.125
1764840196.4163415,0,0,3056,382.000
1764840196.4203794,0,0,1471,183.875
1764840196.4243436,0,0,-999,-124.875
1764840196.42834,0,0,-562,-70.250
1764840196.4323967,0,0,3136,392.000
1764840196.4363532,0,0,3161,395.125
1764840196.4403846,0,0,1533,191.625
1764840196.4443314,0,0,-970,-121.250
1764840196.4483256,0,0,-571,-71.375
1764840196.4523396,0,0,3240,405.000
1764840196.456342,0,0,3295,411.875
1764840196.4603672,0,0,1593,199.125
1764840196.4643304,0,0,-863,-107.875
1764840196.4683244,0,0,-826,-103.250
1764840196.4723425,0,0,2921,365.125
1764840196.4763417,0,0,3146,393.250
1764840196.4803653,0,0,1568,196.000
1764840196.4843404,0,0,-830,-103.750
1764840196.488339,0,0,-778,-97.250
1764840196.4923306,0,0,3149,393.625
1764840196.4963198,0,0,3389,423.625
1764840196.5003543,0,0,1678,209.750
1764840196.50434,0,0,-754,-94.250
1764840196.513682,0,0,3243,405.375
1764840196.516406,1,1,3243,405.375
1764840196.5203888,0,0,1656,207.000
1764840196.5243292,0,0,-730,-91.250
1764840196.5283267,0,0,-929,-116.125
1764840196.532338,0,0,3022,377.750
1764840196.536339,0,0,3458,432.250
1764840196.540371,0,0,1754,219.250
1764840196.5443287,0,0,-683,-85.375
1764840196.5483246,0,0,-1102,-137.750
1764840196.55234,0,0,2611,326.375
1764840196.5563397,0,1,3242,405.250
1764840196.560365,0,0,1710,213.750
1764840196.5643444,0,0,-599,-74.875
1764840196.5683413,0,0,-1174,-146.750
1764840196.572385,0,0,2440,305.000
1764840196.57634,0,1,3214,401.750
1764840196.5803661,0,0,1745,218.125
1764840196.5843449,0,0,-586,-73.250
1764840196.5883412,0,0,-1106,-138.250
1764840196.5923452,0,0,2799,349.875
1764840196.5963383,0,1,3532,441.500
1764840196.600366,0,0,1871,233.875
1764840196.60434,0,0,-494,-61.750
1764840196.608342,0,0,-1315,-164.375
1764840196.6123445,0,0,1992,249.000
1764840196.6163363,1,1,3001,375.125
1764840196.6203635,0,0,1707,213.375
1764840196.6243405,0,0,-490,-61.250
1764840196.6283402,0,0,-1300,-162.500
1764840196.6323454,0,0,2151,268.875
1764840196.6363397,1,1,3188,398.500
1764840196.6403666,0,0,1801,225.125
1764840196.644337,0,0,-447,-55.875
1764840196.6483407,0,0,-1280,-160.000
1764840196.6523457,0,0,2333,291.625
1764840196.6565595,1,1,1936,242.000
1764840196.6603713,0,0,1936,242.000
1764840196.6643245,0,0,-398,-49.750
1764840196.6683226,0,0,-1297,-162.125
1764840196.6723533,0,0,2325,290.625
1764840196.6763415,1,1,3527,440.875
1764840196.6803656,0,0,2012,251.500
1764840196.6843219,0,0,-1391,-173.875
1764840196.6883204,0,0,1826,228.250
1764840196.692337,0,0,3189,398.625
1764840196.6963403,1,1,1900,237.500
1764840196.700369,0,0,-223,-27.875
1764840196.7043412,0,0,-1390,-173.750
1764840196.7083366,0,0,2446,305.750
1764840196.712537,0,0,3798,474.750
1764840196.7163477,1,1,2185,273.125
1764840196.7203758,0,0,-128,-16.000
1764840196.7243223,0,0,-1401,-175.125
1764840196.728318,0,0,2292,286.500
1764840196.7323349,0,0,3807,475.875
1764840196.7363403,1,1,2257,282.125
1764840196.7403662,0,0,-91,-11.375
1764840196.7443266,0,0,-1320,-165.000
1764840196.7483213,0,0,-350,-43.750
1764840196.752339,0,0,1731,216.375
1764840196.7563388,1,1,1538,192.250
1764840196.7603714,0,0,233,29.125
1764840196.7643406,0,0,-1819,-227.375
1764840196.7683372,0,0,2084,260.500
1764840196.772379,0,0,3744,468.000
1764840196.7763398,1,1,2319,289.875
1764840196.780363,0,0,242,30.250
1764840196.7843451,0,0,-1677,-209.625
1764840196.7883496,0,0,1996,249.500
1764840196.7923312,0,0,3842,480.250
1764840196.7963214,1,1,2427,303.375
1764840196.8003592,0,0,335,41.875
1764840196.8043365,0,0,-1684,-210.500
1764840196.8083367,0,0,1725,215.625
1764840196.8123243,0,0,3714,464.250
1764840196.8163207,1,1,2414,301.750
1764840196.8203704,0,0,417,52.125
1764840196.8243427,0,0,-1713,-214.125
1764840196.8283365,0,0,1523,190.375
1764840196.83234,0,0,3635,454.375
1764840196.8363333,1,1,2415,301.875
1764840196.8403587,0,0,487,60.875
1764840196.8443353,0,0,-1757,-219.625
1764840196.848337,0,0,1039,129.875
1764840196.852337,0,0,3233,404.125
1764840196.856334,1,1,2245,280.625
1764840196.8603566,0,0,522,65.250
1764840196.8643382,0,0,-1790,-223.750
1764840196.868337,0,0,1250,156.250
1764840196.8723505,0,0,3560,445.000
1764840196.8763359,1,1,2458,307.250
1764840196.8803673,0,0,615,76.875
1764840196.8843367,0,0,-1754,-219.250
1764840196.8883348,0,0,1221,152.625
1764840196.892328,0,0,3683,460.375
1764840196.8963184,1,1,2584,323.000
1764840196.900351,0,0,701,87.625
1764840196.904333,0,0,-1698,-212.250
1764840196.9083354,0,0,828,103.500
1764840196.9125416,0,0,3412,426.500
1764840196.9163442,1,1,2507,313.375
1764840196.9203646,0,0,763,95.375
1764840196.9243193,0,0,-1736,-217.000
1764840196.9283211,0,0,948,118.500
1764840196.932333,0,0,3615,451.875
1764840196.936334,1,1,2644,330.500
1764840196.940362,0,0,824,103.000
1764840196.9443233,0,0,-1650,-206.250
1764840196.948321,0,0,590,73.750
1764840196.9523375,0,0,3381,422.625
1764840196.956338,1,1,2596,324.500
1764840196.9603655,0,0,888,111.000
1764840196.9643366,0,0,-1601,-200.125
1764840196.9683342,0,0,311,38.875
1764840196.972329,0,0,3099,387.375
1764840196.976359,1,1,2456,307.000
1764840196.980438,0,0,887,110.875
1764840196.9843404,0,0,-1546,-193.250
1764840196.988333,0,0,70,8.750
1764840196.9923363,0,0,2976,372.000
1764840196.996334,1,1,2471,308.875
1764840197.000362,0,0,957,119.625
1764840197.0043185,0,0,-1561,-195.125
1764840197.0083156,0,0,104,13.000
1764840197.012336,0,0,3081,385.125
1764840197.0163379,1,1,2565,320.625
1764840197.0203588,0,0,1008,126.000
1764840197.0243342,0,0,-1552,-194.000
1764840197.028332,0,0,264,33.000
1764840197.032338,0,0,3404,425.500
1764840197.036335,1,1,2813,351.625
1764840197.0403614,0,0,1105,138.125
1764840197.044422,0,0,-1320,-165.000
1764840197.0483363,0,0,-370,-46.250
1764840197.0523276,0,0,2777,347.125
1764840197.056316,1,1,2541,317.625
1764840197.0603523,0,0,1114,139.250
1764840197.0643358,0,0,-1420,-177.500
1764840197.0683308,0,0,-32,-4.000
1764840197.0723262,0,0,3244,405.500
1764840197.0763538,1,1,2842,355.250
1764840197.0803607,0,0,1194,149.250
1764840197.0843368,0,0,-1297,-162.125
1764840197.088332,0,0,-280,-35.000
1764840197.0923355,0,0,3030,378.750
1764840197.0963316,1,1,2770,346.250
1764840197.100357,0,0,1203,150.375
1764840197.1043348,0,0,-1213,-151.625
1764840197.1083338,0,0,-333,-41.625
1764840197.112555,0,0,3140,392.500
1764840197.1163454,1,1,2932,366.500
1764840197.1203651,0,0,1298,162.250
1764840197.124321,0,0,-1255,-156.875
1764840197.1283212,0,0,-127,-15.875
1764840197.132331,0,0,3536,442.000
1764840197.1363316,1,1,3237,404.625
1764840197.1403632,0,0,1397,174.625
1764840197.1443243,0,0,-1030,-128.750
1764840197.148319,0,0,-568,-71.000
1764840197.15233,0,0,3060,382.500
1764840197.156332,1,1,3024,378.000
1764840197.1603572,0,0,1377,172.125
1764840197.164333,0,0,-990,-123.750
1764840197.168333,0,0,-713,-89.125
1764840197.1723325,0,0,2897,362.125
1764840197.176378,1,1,2962,370.250
1764840197.1803596,0,0,1372,171.500
1764840197.184324,0,0,-945,-118.125
1764840197.1883173,0,0,-793,-99.125
1764840197.1923296,0,0,2877,359.625
1764840197.1963289,1,1,3019,377.375
1764840197.200355,0,0,1416,177.000
1764840197.2043157,0,0,-879,-109.875
1764840197.2083163,0,0,-872,-109.000
1764840197.2123327,0,0,2853,356.625
1764840197.216331,1,1,3077,384.625
1764840197.2203572,0,0,1464,183.000
1764840197.2243354,0,0,-836,-104.500
1764840197.2283337,0,0,-868,-108.500
1764840197.2323334,0,0,3006,375.750
1764840197.2363312,1,1,3281,410.125
1764840197.2403584,0,0,1570,196.250
1764840197.2446916,0,0,-789,-98.625
1764840197.2485323,0,0,-1054,-131.750
1764840197.2523587,0,0,2624,328.000
1764840197.25633,1,1,3071,383.875
1764840197.260363,0,0,1518,189.750
1764840197.2643337,0,0,-743,-92.875
1764840197.2683263,0,0,-1092,-136.500
1764840197.2723322,0,0,2605,325.625
1764840197.2763703,1,1,3143,392.875
1764840197.2803538,0,0,1577,197.125
1764840197.2843328,0,0,-689,-86.125
1764840197.2883306,0,0,-1072,-134.000
1764840197.2923334,0,0,2751,343.875
1764840197.2963321,1,1,3394,424.250
1764840197.3003538,0,0,1734,216.750
1764840197.3043168,0,0,-651,-81.375
1764840197.3083687,0,0,-1053,-131.625
1764840197.3129451,0,0,3547,443.375
1764840197.316408,1,1,3547,443.375
1764840197.320385,0,0,1787,223.375
1764840197.3243163,0,0,-590,-73.750
1764840197.3283145,0,0,-1171,-146.375
1764840197.332334,0,0,2591,323.875
1764840197.3363304,1,1,3370,421.250
1764840197.3403618,0,0,-577,-72.125
1764840197.3443184,0,0,-1226,-153.250
1764840197.3483126,0,0,2426,303.250
1764840197.352329,0,0,3357,419.625
1764840197.356328,1,1,1779,222.375
1764840197.3603551,0,0,-537,-67.125
1764840197.3643296,0,0,-1211,-151.375
1764840197.3683262,0,0,2638,329.750
1764840197.372329,0,0,3591,448.875
1764840197.3763306,1,1,1887,235.875
1764840197.3803673,0,0,-473,-59.125
1764840197.3846133,0,0,-1232,-154.000
1764840197.388337,0,0,2539,317.375
1764840197.3923254,0,0,3634,454.250
1764840197.3963113,1,1,1951,243.875
1764840197.4003472,0,0,-437,-54.625
1764840197.4043305,0,0,-1280,-160.000
1764840197.4083307,0,0,2354,294.250
1764840197.412322,0,0,3593,449.125
1764840197.416311,1,1,1978,247.250
1764840197.4203587,0,0,-353,-44.125
1764840197.4243321,0,0,-1328,-166.000
1764840197.428329,0,0,2115,264.375
1764840197.4323292,0,0,3506,438.250
1764840197.436324,1,1,2004,250.500
1764840197.4403574,0,0,-223,-27.875
1764840197.444329,0,0,-1424,-178.000
1764840197.448326,0,0,583,72.875
1764840197.4523268,0,0,2457,307.125
1764840197.4563236,1,1,1717,214.625
1764840197.460345,0,0,-19,-2.375
1764840197.464328,0,0,-1597,-199.625
1764840197.4683275,0,0,1836,229.500
1764840197.4723291,0,0,3420,427.500
1764840197.4763217,1,1,2056,257.000
1764840197.4803655,0,0,3,0.375
1764840197.484327,0,0,-1579,-197.375
1764840197.4883244,0,0,1088,136.000
1764840197.4923282,0,0,2850,356.250
1764840197.496323,1,1,1843,230.375
1764840197.5003428,0,0,97,12.125
1764840197.5043235,0,0,-1654,-206.750
1764840197.5083244,0,0,2197,274.625
1764840197.517691,1,1,2406,300.750
1764840197.5204275,0,0,247,30.875
1764840197.5243146,0,0,-1742,-217.750
1764840197.528315,0,0,2047,255.875
1764840197.532326,0,0,3884,485.500
1764840197.536327,1,1,2362,295.250
1764840197.540361,0,0,249,31.125
1764840197.5443144,0,0,-1620,-202.500
1764840197.5483127,0,0,1607,200.875
1764840197.5523286,0,0,3713,464.125
1764840197.556329,1,1,2390,298.750
1764840197.560354,0,0,374,46.750
1764840197.5643268,0,0,-1670,-208.750
1764840197.5683265,0,0,1682,210.250
1764840197.572333,0,0,3916,489.500
1764840197.5763283,1,1,2544,318.000
1764840197.580354,0,0,477,59.625
1764840197.5846038,0,0,-1748,-218.500
1764840197.5883305,0,0,1526,190.750
1764840197.5923238,0,0,3804,475.500
1764840197.596314,1,1,2495,311.875
1764840197.6003501,0,0,494,61.750
1764840197.6043258,0,0,-1662,-207.750
1764840197.6083267,0,0,1063,132.875
1764840197.61232,0,0,3485,435.625
1764840197.6163118,1,1,2402,300.250
1764840197.6203601,0,0,562,70.250
1764840197.6243298,0,0,-1655,-206.875
1764840197.6283252,0,0,603,75.375
1764840197.6323287,0,0,3106,388.250
1764840197.6363275,1,1,2258,282.250
1764840197.6403615,0,0,605,75.625
1764840197.6443279,0,0,-1673,-209.125
1764840197.6483223,0,0,558,69.750
1764840197.6523278,0,0,3138,392.250
1764840197.656325,1,1,2316,289.500
1764840197.6603544,0,0,673,84.125
1764840197.6643267,0,0,-1676,-209.500
1764840197.6683233,0,0,982,122.750
1764840197.6723278,0,0,3755,469.375
1764840197.6763248,1,1,2718,339.750
1764840197.6803684,0,0,808,101.000
1764840197.6843266,0,0,-1577,-197.125
1764840197.6883092,0,0,500,62.500
1764840197.6923237,0,0,3422,427.750
1764840197.6963222,1,1,2642,330.250
1764840197.7003498,0,0,885,110.625
1764840197.704326,0,0,-1644,-205.500
1764840197.7083251,0,0,772,96.500
1764840197.7123253,0,0,3795,474.375
1764840197.716523,1,1,2876,359.500
1764840197.720378,0,0,955,119.375
1764840197.7243161,0,0,-1625,-203.125
1764840197.7283118,0,0,538,67.250
1764840197.7323213,0,0,3589,448.625
1764840197.7363226,1,1,2787,348.375
1764840197.7403576,0,0,953,119.125
1764840197.7443128,0,0,-1529,-191.125
1764840197.7483091,0,0,346,43.250
1764840197.7523258,0,0,3521,440.125
1764840197.7563257,1,1,2829,353.625
1764840197.7603555,0,0,1012,126.500
1764840197.764331,0,0,-1485,-185.625
1764840197.7683272,0,0,212,26.500
1764840197.7723315,0,0,3468,433.500
1764840197.7763233,1,1,2856,357.000
1764840197.7803993,0,0,1051,131.375
1764840197.784328,0,0,-1363,-170.375
1764840197.7883255,0,0,45,5.625
1764840197.7923303,0,0,3422,427.750
1764840197.796322,1,1,2907,363.375
1764840197.8003492,0,0,1113,139.125
1764840197.804314,0,0,-1321,-165.125
1764840197.8083084,0,0,46,5.750
1764840197.8123248,0,0,3543,442.875
1764840197.816324,1,1,3048,381.000
1764840197.82035,0,0,1180,147.500
1764840197.8243237,0,0,-1242,-155.250
1764840197.8283248,0,0,-189,-23.625
1764840197.8323298,0,0,3336,417.000
1764840197.8363252,1,1,2979,372.375
1764840197.840354,0,0,1187,148.375
1764840197.8443253,0,0,-1219,-152.375
1764840197.8483245,0,0,-174,-21.750
1764840197.8523278,0,0,3468,433.500
1764840197.8563244,1,1,3122,390.250
1764840197.860348,0,0,1247,155.875
1764840197.864597,0,0,-1192,-149.000
1764840197.8683257,0,0,-176,-22.000
1764840197.8723202,0,0,3600,450.000
1764840197.8763099,1,1,3276,409.500
1764840197.8803444,0,0,1312,164.000
1764840197.8843246,0,0,-938,-117.250
1764840197.888321,0,0,-773,-96.625
1764840197.8923182,0,0,2897,362.125
1764840197.8963099,1,1,2953,369.125
1764840197.9003565,0,0,1295,161.875
1764840197.9043236,0,0,-942,-117.750
1764840197.9083207,0,0,-692,-86.500
1764840197.9123266,0,0,3080,385.000
1764840197.9165094,1,1,3110,388.750
1764840197.9203737,0,0,1350,168.750
1764840197.9243104,0,0,-931,-116.375
1764840197.9283054,0,0,-581,-72.625
1764840197.9323168,0,0,3447,430.875
1764840197.9363198,1,1,3456,432.000
1764840197.9403527,0,0,1497,187.125
1764840197.9443057,0,0,-870,-108.750
1764840197.9483037,0,0,-743,-92.875
1764840197.952325,0,0,3272,409.000
1764840197.9563253,1,1,3422,427.750
1764840197.9603534,0,0,1517,189.625
1764840197.9643266,0,0,-799,-99.875
1764840197.9683192,0,0,-876,-109.500
1764840197.972324,0,0,3050,381.250
1764840197.976323,1,1,3329,416.125
1764840197.9803503,0,0,1503,187.875
1764840197.9843614,0,0,-757,-94.625
1764840197.9883215,0,0,-1080,-135.000
1764840197.9923246,0,0,3076,384.500
1764840197.996321,1,1,1453,181.625
1764840198.0003467,0,0,-739,-92.375
1764840198.0043252,0,0,-1149,-143.625
1764840198.0085177,0,0,2440,305.000
1764840198.0123208,0,0,3074,384.250
1764840198.0163052,1,1,1502,187.750
1764840198.0203424,0,0,-674,-84.250
1764840198.0243213,0,0,-1077,-134.625
1764840198.0283198,0,0,2778,347.250
1764840198.0323083,0,0,3391,423.875
1764840198.0363033,1,1,1638,204.750
1764840198.040347,0,0,-704,-88.000
1764840198.0443263,0,0,-1057,-132.125
1764840198.0483217,0,0,2963,370.375
1764840198.0523136,0,0,3595,449.375
1764840198.0563035,1,1,1727,215.875
1764840198.0603347,0,0,-642,-80.250
1764840198.0643234,0,0,-1083,-135.375
1764840198.0683205,0,0,2908,363.500
1764840198.0723245,0,0,3734,466.750
1764840198.0763164,1,1,1860,232.500
1764840198.0803463,0,0,-573,-71.625
1764840198.0843363,0,0,-1161,-145.125
1764840198.0883212,0,0,2665,333.125
1764840198.0923133,0,0,3616,452.000
1764840198.0963013,1,1,1837,229.625
1764840198.1003368,0,0,-559,-69.875
1764840198.104324,0,0,-1142,-142.750
1764840198.108321,0,0,2911,363.875
1764840198.112322,0,0,3877,484.625
1764840198.1165173,1,1,1956,244.500
1764840198.1203675,0,0,-498,-62.250
1764840198.1243074,0,0,-1205,-150.625
1764840198.1283057,0,0,2631,328.875
1764840198.1323175,0,0,3807,475.875
1764840198.1363215,1,1,2003,250.375
1764840198.140349,0,0,-409,-51.125
1764840198.1443024,0,0,-1387,-173.375
1764840198.1483057,0,0,1234,154.250
1764840198.1523218,0,0,2813,351.625
1764840198.1563227,1,1,1689,211.125
1764840198.160346,0,0,-301,-37.625
1764840198.164322,0,0,-1422,-177.750
1764840198.1683197,0,0,1439,179.875
1764840198.1723213,0,0,2954,369.250
1764840198.1763203,1,1,1730,216.250
1764840198.1803434,0,0,-213,-26.625
1764840198.1843567,0,0,-1449,-181.125
1764840198.1883168,0,0,2500,312.500
1764840198.1923249,0,0,3951,493.875
1764840198.1963196,1,1,2187,273.375
1764840198.2003489,0,0,-146,-18.250
1764840198.2043204,0,0,-1423,-177.875
1764840198.2083216,0,0,2026,253.250
1764840198.212324,0,0,3702,462.750
1764840198.216318,1,1,2150,268.750
1764840198.2203436,0,0,-20,-2.500
1764840198.224317,0,0,-1507,-188.375
1764840198.2283173,0,0,1933,241.625
1764840198.2323215,0,0,3739,467.375
1764840198.2363183,1,1,2220,277.500
1764840198.24035,0,0,76,9.500
1764840198.2446823,0,0,-1555,-194.375
1764840198.248489,0,0,2030,253.750
1764840198.2523377,0,0,3947,493.375
1764840198.2563202,1,1,2364,295.500
1764840198.2603517,0,0,161,20.125
1764840198.2643228,0,0,-1599,-199.875
1764840198.2683134,0,0,1413,176.625
1764840198.2723148,0,0,3457,432.125
1764840198.2763143,1,1,2167,270.875
1764840198.280339,0,0,216,27.000
1764840198.2846348,0,0,-1663,-207.875
1764840198.288325,0,0,1428,178.500
1764840198.2923136,0,0,3563,445.375
1764840198.2963023,1,1,2258,282.250
1764840198.3003416,0,0,281,35.125
1764840198.3043182,0,0,-1582,-197.750
1764840198.3083222,0,0,941,117.625
1764840198.312311,0,0,3286,410.750
1764840198.3163846,1,1,2232,279.000
1764840198.3203504,0,0,419,52.375
1764840198.3243077,0,0,-1652,-206.500
1764840198.3283036,0,0,940,117.500
1764840198.332314,0,0,3323,415.375
1764840198.336311,1,1,2268,283.500
1764840198.340356,0,0,476,59.500
1764840198.3443084,0,0,-1706,-213.250
1764840198.3483052,0,0,1089,136.125
1764840198.352314,0,0,3596,449.500
1764840198.3563132,1,1,2465,308.125
1764840198.36034,0,0,574,71.750
1764840198.3643215,0,0,-1678,-209.750
1764840198.368315,0,0,801,100.125
1764840198.3723197,0,0,3416,427.000
1764840198.3763134,1,1,2433,304.125
1764840198.3803377,0,0,628,78.500
1764840198.3843138,0,0,-1570,-196.250
1764840198.388331,0,0,289,36.125
1764840198.3923109,0,0,2995,374.375
1764840198.3962982,1,1,2285,285.625
1764840198.4003363,0,0,692,86.500
1764840198.4043224,0,0,-1709,-213.625
1764840198.4083157,0,0,563,70.375
1764840198.412311,0,0,3315,414.375
1764840198.4162996,1,1,2469,308.625
1764840198.4203322,0,0,743,92.875
1764840198.424316,0,0,-1592,-199.000
1764840198.428316,0,0,375,46.875
1764840198.4323187,0,0,3300,412.500
1764840198.4363146,1,1,2561,320.125
1764840198.4403458,0,0,839,104.875
1764840198.444315,0,0,-1583,-197.875
1764840198.4483163,0,0,458,57.250
1764840198.452318,0,0,3534,441.750
1764840198.456314,1,1,2761,345.125
1764840198.460336,0,0,927,115.875
1764840198.4643147,0,0,-1477,-184.625
1764840198.468314,0,0,418,52.250
1764840198.472318,0,0,3720,465.000
1764840198.4763145,1,1,2987,373.375
1764840198.4803464,0,0,1060,132.500
1764840198.4843132,0,0,-1447,-180.875
1764840198.488346,0,0,129,16.125
1764840198.4923139,0,0,3409,426.125
1764840198.4963148,1,1,2831,353.875
1764840198.5003397,0,0,1040,130.000
1764840198.504311,0,0,-1429,-178.625
1764840198.50831,0,0,223,27.875
1764840198.5123146,0,0,3594,449.250
1764840198.5216603,0,0,-1691,-211.375
1764840198.5244188,0,0,-1691,-211.375
1764840198.5283184,0,0,1070,133.750
1764840198.532312,0,0,4656,582.000
1764840198.5363002,1,1,3603,450.375
1764840198.540356,0,0,1202,150.250
1764840198.5443158,0,0,-1179,-147.375
1764840198.548315,0,0,-281,-35.125
1764840198.5523024,0,0,3250,406.250
1764840198.5562983,1,1,2912,364.000
1764840198.5603395,0,0,1120,140.000
1764840198.5643198,0,0,-1268,-158.500
1764840198.5683126,0,0,-123,-15.375
1764840198.5723164,0,0,3477,434.625
1764840198.5763156,1,1,3069,383.625
1764840198.5803418,0,0,1155,144.375
1764840198.5843134,0,0,-1129,-141.125
1764840198.5883527,0,0,-271,-33.875
1764840198.5923173,0,0,3497,437.125
1764840198.596311,1,1,3198,399.750
1764840198.6003454,0,0,1248,156.000
1764840198.6043167,0,0,-1025,-128.125
1764840198.608313,0,0,-372,-46.500
1764840198.6123152,0,0,3551,443.875
1764840198.6163092,1,1,3349,418.625
1764840198.6203423,0,0,1347,168.375
1764840198.6243172,0,0,-954,-119.250
1764840198.6283152,0,0,-760,-95.000
1764840198.632313,0,0,3036,379.500
1764840198.63631,1,1,3107,388.375
1764840198.6403468,0,0,1323,165.375
1764840198.644314,0,0,-906,-113.250
1764840198.6483135,0,0,2817,352.125
1764840198.652314,0,0,2977,372.125
1764840198.6563106,1,1,1283,160.375
1764840198.660336,0,0,-935,-116.875
1764840198.664312,0,0,-692,-86.500
1764840198.6683106,0,0,3297,412.125
1764840198.6723185,0,0,3369,421.125
1764840198.67631,1,1,1427,178.375
1764840198.6805935,0,0,-855,-106.875
1764840198.684303,0,0,-984,-123.000
1764840198.6883307,0,0,2748,343.500
1764840198.692312,0,0,3088,386.000
1764840198.6963096,1,1,1380,172.500
1764840198.7003388,0,0,-803,-100.375
1764840198.704298,0,0,-1000,-125.000
1764840198.7082956,0,0,2788,348.500
1764840198.7123156,0,0,3197,399.625
1764840198.7163107,1,1,1453,181.625
1764840198.7205207,0,0,-827,-103.375
1764840198.7243094,0,0,-808,-101.000
1764840198.7283,0,0,3421,427.625
1764840198.7323127,0,0,3742,467.750
1764840198.7363164,1,1,1668,208.500
1764840198.7403471,0,0,-720,-90.000
1764840198.7442977,0,0,-1090,-136.250
1764840198.748297,0,0,2672,334.000
1764840198.7523146,0,0,3315,414.375
1764840198.7563143,1,1,1570,196.250
1764840198.7603412,0,0,-738,-92.250
1764840198.764317,0,0,-835,-104.375
1764840198.7683136,0,0,3643,455.375
1764840198.772317,0,0,4148,518.500
1764840198.776314,1,1,1910,238.750
1764840198.7803407,0,0,-657,-82.125
1764840198.78431,0,0,-1128,-141.000
1764840198.7883093,0,0,2699,337.375
1764840198.7923558,0,0,3529,441.125
1764840198.7963119,1,1,1713,214.125
1764840198.8003383,0,0,-633,-79.125
1764840198.8042958,0,0,-1191,-148.875
1764840198.8082933,0,0,2519,314.875
1764840198.8123102,0,0,3419,427.375
1764840198.816322,1,1,1673,209.125
1764840198.820342,0,0,-619,-77.375
1764840198.824294,0,0,-1210,-151.250
1764840198.8282928,0,0,2516,314.500
1764840198.8323104,0,0,3511,438.875
1764840198.8363116,1,1,1763,220.375
1764840198.840341,0,0,-499,-62.375
1764840198.8442953,0,0,-1386,-173.250
1764840198.848293,0,0,1249,156.125
1764840198.8523092,0,0,2805,350.625
1764840198.8563123,1,1,1667,208.375
1764840198.8603396,0,0,-356,-44.500
1764840198.8643131,0,0,-1362,-170.250
1764840198.8683085,0,0,2272,284.000
1764840198.872313,0,0,3547,443.375
1764840198.8763094,1,1,1905,238.125
1764840198.8803372,0,0,-343,-42.875
1764840198.8843112,0,0,-1349,-168.625
1764840198.8883095,0,0,2148,268.500
1764840198.8923285,0,0,3574,446.750
1764840198.8963099,1,1,1971,246.375
1764840198.9003382,0,0,-243,-30.375
1764840198.904311,0,0,-1397,-174.625
1764840198.9083073,0,0,2093,261.625
1764840198.9123113,0,0,3647,455.875
1764840198.9163065,1,1,2056,257.000
1764840198.9205248,0,0,-134,-16.750
1764840198.9243116,0,0,-1462,-182.750
1764840198.928298,0,0,2615,326.875
1764840198.932308,0,0,4160,520.000
1764840198.9363108,1,1,2289,286.125
1764840198.9403477,0,0,-84,-10.500
1764840198.9442961,0,0,-1454,-181.750
1764840198.9482956,0,0,1913,239.125
1764840198.9523108,0,0,3731,466.375
1764840198.9563084,1,1,2184,273.000
1764840198.960334,0,0,31,3.875
1764840198.9643133,0,0,-1557,-194.625
1764840198.9683113,0,0,1529,191.125
1764840198.9723024,0,0,3465,433.125
1764840198.9762897,1,1,2102,262.750
1764840198.980329,0,0,93,11.625
1764840198.984313,0,0,-1556,-194.500
1764840198.988312,0,0,1925,240.625
1764840198.992346,0,0,4014,501.750
1764840198.9963083,1,1,2444,305.500
1764840199.0003338,0,0,240,30.000
1764840199.0043116,0,0,-1634,-204.250
1764840199.00831,0,0,1034,129.250
1764840199.0123134,0,0,3195,399.375
1764840199.0163035,1,1,2067,258.375
1764840199.0203302,0,0,255,31.875
1764840199.0243084,0,0,-1674,-209.250
1764840199.0283062,0,0,1213,151.625
1764840199.0323105,0,0,3503,437.875
1764840199.0363088,1,1,2283,285.375
1764840199.0403354,0,0,365,45.625
1764840199.0442915,0,0,-1628,-203.500
1764840199.048291,0,0,1026,128.250
1764840199.0522919,0,0,3426,428.250
1764840199.0562928,1,1,2297,287.125
1764840199.060327,0,0,439,54.875
1764840199.0643103,0,0,-1617,-202.125
1764840199.0683103,0,0,727,90.875
1764840199.0723133,0,0,3291,411.375
1764840199.0763102,1,1,2325,290.625
1764840199.0803342,0,0,548,68.500
1764840199.0843096,0,0,-1635,-204.375
1764840199.0883067,0,0,531,66.375
1764840199.0923133,0,0,3158,394.750
1764840199.0963216,1,1,2302,287.750
1764840199.1003363,0,0,609,76.125
1764840199.1043067,0,0,-1636,-204.500
1764840199.1085703,0,0,519,64.875
1764840199.1123087,0,0,3229,403.625
1764840199.1162918,1,1,2384,298.000
1764840199.1204162,0,0,679,84.875
1764840199.1243052,0,0,-1810,-226.250
1764840199.1282911,0,0,1504,188.000
1764840199.1322908,0,0,4425,553.125
1764840199.136294,1,1,3079,384.875
1764840199.1403382,0,0,837,104.625
1764840199.1442943,0,0,-1600,-200.000
1764840199.1482918,0,0,603,75.375
1764840199.1523092,0,0,3590,448.750
1764840199.1563096,1,1,2699,337.375
1764840199.1603355,0,0,816,102.000
1764840199.16431,0,0,-1593,-199.125
1764840199.1683068,0,0,817,102.125
1764840199.172309,0,0,3966,495.750
1764840199.1763065,1,1,2967,370.875
1764840199.1803317,0,0,907,113.375
1764840199.1843061,0,0,-1593,-199.125
1764840199.188314,0,0,808,101.000
1764840199.1923022,0,0,4111,513.875
1764840199.1963277,1,1,3121,390.125
1764840199.200337,0,0,975,121.875
1764840199.2043104,0,0,-1452,-181.500
1764840199.2083044,0,0,425,53.125
1764840199.212298,0,0,3804,475.500
1764840199.2162864,1,1,3020,377.500
1764840199.2204242,0,0,995,124.375
1764840199.2243123,0,0,-1402,-175.250
1764840199.2283068,0,0,117,14.625
1764840199.23231,0,0,3486,435.750
1764840199.2363045,1,1,2871,358.875
1764840199.2403398,0,0,977,122.125
1764840199.244634,0,0,-1263,-157.875
1764840199.2485063,0,0,-177,-22.125
1764840199.2523289,0,0,3256,407.000
1764840199.2563024,1,1,2824,353.000
1764840199.2603283,0,0,1022,127.750
1764840199.2643154,0,0,-1271,-158.875
1764840199.268305,0,0,-74,-9.250
1764840199.2723062,0,0,3478,434.750
1764840199.2762995,1,1,3005,375.625
1764840199.2803302,0,0,1085,135.625
1764840199.28431,0,0,-1133,-141.625
1764840199.2883081,0,0,-350,-43.750
1764840199.2923083,0,0,3288,411.000
1764840199.2963033,1,1,2999,374.875
1764840199.3003335,0,0,1143,142.875
1764840199.3042934,0,0,-144,-18.000
1764840199.308327,0,0,3699,462.375
1764840199.3123128,0,0,3321,415.125
1764840199.3163004,1,1,1253,156.625
1764840199.320514,0,0,-1102,-137.750
1764840199.3243036,0,0,-60,-7.500
1764840199.3282905,0,0,4078,509.750
1764840199.332291,0,0,3694,461.750
1764840199.3362908,1,1,1415,176.875
1764840199.3403285,0,0,-922,-115.250
1764840199.3443081,0,0,-652,-81.500
1764840199.3483047,0,0,3269,408.625
1764840199.3523014,0,0,3253,406.625
1764840199.3562894,1,1,1324,165.500
1764840199.360336,0,0,-928,-116.000
1764840199.3643057,0,0,-768,-96.000
1764840199.368305,0,0,3080,385.000
1764840199.3723073,0,0,3151,393.875
1764840199.3763013,1,1,1295,161.875
1764840199.3803449,0,0,-888,-111.000
1764840199.384303,0,0,-802,-100.250
1764840199.3883014,0,0,3136,392.000
1764840199.392307,0,0,3306,413.250
1764840199.3963034,1,1,1403,175.375
1764840199.4003334,0,0,-787,-98.375
1764840199.4043021,0,0,-967,-120.875
1764840199.408299,0,0,2826,353.250
1764840199.4123287,0,0,3202,400.250
1764840199.416577,1,1,1425,178.125
1764840199.420337,0,0,-756,-94.500
1764840199.4242883,0,0,-981,-122.625
1764840199.4282851,0,0,2892,361.500
1764840199.4323015,0,0,3340,417.500
1764840199.436304,1,1,1512,189.000
1764840199.4403386,0,0,-760,-95.000
1764840199.444286,0,0,-1109,-138.625
1764840199.4482849,0,0,2548,318.500
1764840199.452306,0,0,3135,391.875
1764840199.4563024,1,1,1456,182.000
1764840199.4603302,0,0,-742,-92.750
1764840199.4643018,0,0,-1146,-143.250
1764840199.4683,0,0,2515,314.375
1764840199.472304,0,0,3168,396.000
1764840199.4762998,1,1,1488,186.000
1764840199.4803293,0,0,-746,-93.250
1764840199.484303,0,0,-975,-121.875
1764840199.4882987,0,0,3222,402.750
1764840199.4923015,0,0,3801,475.125
1764840199.4963014,1,1,1757,219.625
1764840199.5003288,0,0,-666,-83.250
1764840199.5042999,0,0,-1128,-141.000
1764840199.5082977,0,0,2717,339.625
1764840199.5122986,0,0,3547,443.375
1764840199.516294,1,1,1729,216.125
1764840199.5256927,0,0,-1327,-165.875
1764840199.528395,0,0,1774,221.750
1764840199.5323105,0,0,3048,381.000
1764840199.536286,1,1,1672,209.000
1764840199.5403547,0,0,-507,-63.375
1764840199.5443118,0,0,-1154,-144.250
1764840199.5483038,0,0,2804,350.500
1764840199.5522957,0,0,3925,490.625
1764840199.5562844,1,1,2040,255.000
1764840199.560339,0,0,-456,-57.000
1764840199.564305,0,0,-1192,-149.000
1764840199.568302,0,0,2826,353.250
1764840199.5722983,0,0,3964,495.500
1764840199.5762956,1,1,2042,255.250
1764840199.5803232,0,0,-424,-53.000
1764840199.5843003,0,0,-1269,-158.625
1764840199.5882998,0,0,2412,301.500
1764840199.5923014,0,0,3721,465.125
1764840199.5962956,1,1,1977,247.125
1764840199.6003666,0,0,-345,-43.125
1764840199.6043062,0,0,-1343,-167.875
1764840199.608317,0,0,2157,269.625
1764840199.6122987,0,0,3605,450.625
1764840199.6162834,1,1,1968,246.000
1764840199.6203234,0,0,-260,-32.500
1764840199.6242998,0,0,-1404,-175.500
1764840199.6283014,0,0,1929,241.125
1764840199.6322932,0,0,3500,437.500
1764840199.6362815,1,1,1961,245.125
1764840199.6403265,0,0,-183,-22.875
1764840199.6443017,0,0,-1437,-179.625
1764840199.6483016,0,0,2047,255.875
1764840199.6523054,0,0,3734,466.750
1764840199.6562998,1,1,2122,265.250
1764840199.660332,0,0,-69,-8.625
1764840199.6642966,0,0,-1499,-187.375
1764840199.668364,0,0,2031,253.875
1764840199.672306,0,0,3824,478.000
1764840199.6762993,1,1,2203,275.375
1764840199.6803308,0,0,17,2.125
1764840199.6842988,0,0,-1510,-188.750
1764840199.6882982,0,0,2045,255.625
1764840199.692305,0,0,4024,503.000
1764840199.6962996,1,1,2382,297.750
1764840199.7003417,0,0,135,16.875
1764840199.7042997,0,0,-1542,-192.750
1764840199.7082984,0,0,2010,251.250
1764840199.7123036,0,0,4104,513.000
1764840199.7162979,1,1,2463,307.875
1764840199.7203271,0,0,208,26.000
1764840199.7244809,0,0,-1583,-197.875
1764840199.7282977,0,0,1404,175.500
1764840199.732285,0,0,3663,457.875
1764840199.7362866,1,1,2323,290.375
1764840199.7403288,0,0,290,36.250
1764840199.744302,0,0,-1666,-208.250
1764840199.7482975,0,0,1378,172.250
1764840199.752289,0,0,3683,460.375
1764840199.7562819,1,1,2344,293.000
1764840199.7603202,0,0,340,42.500
1764840199.7643116,0,0,-1615,-201.875
1764840199.768298,0,0,884,110.500
1764840199.772302,0,0,3330,416.250
1764840199.7762966,1,1,2250,281.250
1764840199.7803268,0,0,414,51.750
1764840199.7842994,0,0,-1627,-203.375
1764840199.7882957,0,0,1116,139.500
1764840199.7922983,0,0,3738,467.250
1764840199.7962985,1,1,2544,318.000
1764840199.8003623,0,0,549,68.625
1764840199.804294,0,0,-1655,-206.875
1764840199.8083203,0,0,1160,145.000
1764840199.812285,0,0,3928,491.000
1764840199.8162796,1,1,2716,339.500
1764840199.8203187,0,0,646,80.750
1764840199.8243017,0,0,-1600,-200.000
1764840199.8282974,0,0,933,116.625
1764840199.8322883,0,0,3775,471.875
1764840199.8362794,1,1,2677,334.625
1764840199.8403258,0,0,681,85.125
1764840199.8443024,0,0,-1680,-210.000
1764840199.8483012,0,0,1062,132.750
1764840199.8523014,0,0,3977,497.125
1764840199.8562958,1,1,2809,351.125
1764840199.8603249,0,0,724,90.500
1764840199.8643,0,0,-1671,-208.875
1764840199.8682978,0,0,583,72.875
1764840199.8722997,0,0,3480,435.000
1764840199.876294,1,1,2555,319.375
1764840199.8803234,0,0,685,85.625
1764840199.8842988,0,0,-1552,-194.000
1764840199.8882966,0,0,445,55.625
1764840199.8923013,0,0,3478,434.750
1764840199.896295,1,1,2627,328.375
1764840199.9003716,0,0,756,94.500
1764840199.9043,0,0,-1516,-189.500
1764840199.9082973,0,0,404,50.500
1764840199.9123037,0,0,3658,457.250
1764840199.9162939,1,1,2853,356.625
1764840199.9203215,0,0,886,110.750
1764840199.9244893,0,0,-1418,-177.250
1764840199.9283147,0,0,116,14.500
1764840199.9322956,0,0,3413,426.625
1764840199.936278,1,1,2777,347.125
1764840199.9403365,0,0,908,113.500
1764840199.9442978,0,0,-1328,-166.000
1764840199.948298,0,0,-101,-12.625
1764840199.9522915,0,0,3250,406.250
1764840199.9562812,1,1,2745,343.125
1764840199.9603157,0,0,-1347,-168.375
1764840199.964313,0,0,136,17.000
1764840199.9682984,0,0,3693,461.625
1764840199.972301,0,0,3085,385.625
1764840199.9762976,1,1,1060,132.500
1764840199.9803243,0,0,-1208,-151.000
1764840199.9842935,0,0,-138,-17.250
1764840199.9883072,0,0,3518,439.750
1764840199.9922926,0,0,3083,385.375
1764840199.996282,1,1,1115,139.375
1764840200.000319,0,0,-1143,-142.875
1764840200.0042994,0,0,-144,-18.000
1764840200.0082934,0,0,3685,460.625
1764840200.0122888,0,0,3280,410.000
1764840200.0162804,1,1,1213,151.625
1764840200.020316,0,0,-1033,-129.125
1764840200.024303,0,0,-483,-60.375
1764840200.0282938,0,0,3280,410.000
1764840200.032302,0,0,3089,386.125
1764840200.0362954,1,1,1191,148.875
1764840200.0403304,0,0,-1122,-140.250
1764840200.044295,0,0,-270,-33.750
1764840200.048295,0,0,3668,458.500
1764840200.0522866,0,0,3376,422.000
1764840200.0562816,1,1,1273,159.125
1764840200.060321,0,0,-946,-118.250
1764840200.0642807,0,0,-810,-101.250
1764840200.0682783,0,0,2930,366.250
1764840200.0722911,0,0,3012,376.500
1764840200.0762932,1,1,1233,154.125
1764840200.0803227,0,0,-913,-114.125
1764840200.0842981,0,0,-864,-108.000
1764840200.0882926,0,0,2906,363.250
1764840200.0922956,0,0,3059,382.375
1764840200.0962946,1,1,1273,159.125
1764840200.100323,0,0,-917,-114.625
1764840200.1043713,0,0,-563,-70.375
1764840200.1083372,0,0,3707,463.375
1764840200.11234,0,0,3727,465.875
1764840200.116335,1,1,1532,191.500
1764840200.1203706,0,0,-853,-106.625
1764840200.1245577,0,0,-797,-99.625
1764840200.1283514,0,0,3303,412.875
1764840200.132332,0,0,3550,443.750
1764840200.1363192,1,1,1515,189.375
1764840200.1403751,0,0,-814,-101.750
1764840200.1443408,0,0,-828,-103.500
1764840200.148337,0,0,3297,412.125
1764840200.1523268,0,0,3572,446.500
1764840200.1563168,1,1,1516,189.500
1764840200.1603732,0,0,-786,-98.250
1764840200.164345,0,0,-1094,-136.750
1764840200.1683397,0,0,2591,323.875
1764840200.1723273,0,0,3191,398.875
1764840200.1763167,1,1,1446,180.750
1764840200.1803625,0,0,-789,-98.625
1764840200.1843452,0,0,-930,-116.250
1764840200.1883366,0,0,3253,406.625
1764840200.1923416,0,0,3749,468.625
1764840200.1963346,1,1,1673,209.125
1764840200.2003708,0,0,-673,-84.125
1764840200.2043478,0,0,-1169,-146.125
1764840200.208299,0,0,2469,308.625
1764840200.2122993,0,0,3425,428.125
1764840200.2162905,1,1,1713,214.125
1764840200.2203188,0,0,-589,-73.625
1764840200.2243025,0,0,-1279,-159.875
1764840200.2283232,0,0,2036,254.500
1764840200.2322905,0,0,3131,391.375
1764840200.236274,1,1,1619,202.375
1764840200.2403197,0,0,-588,-73.500
1764840200.2446287,0,0,-1108,-138.500
1764840200.2484994,0,0,3046,380.750
1764840200.2523067,0,0,3932,491.500
1764840200.256279,1,1,1915,239.375
1764840200.2603085,0,0,-557,-69.625
1764840200.2642846,0,0,-1165,-145.625
1764840200.2682796,0,0,2783,347.875
1764840200.2722964,0,0,3863,482.875
1764840200.2762945,1,1,1941,242.625
1764840200.2803187,0,0,-508,-63.500
1764840200.284297,0,0,-1171,-146.375
1764840200.2882907,0,0,2863,357.875
1764840200.2922993,0,0,4026,503.250
1764840200.296294,1,1,2040,255.000
1764840200.3003194,0,0,-455,-56.875
1764840200.3043191,0,0,-1251,-156.375
1764840200.308276,0,0,2410,301.250
1764840200.312293,0,0,3805,475.625
1764840200.316293,1,1,2020,252.500
1764840200.3203192,0,0,-350,-43.750
1764840200.3244903,0,0,-1313,-164.125
1764840200.328308,0,0,2116,264.500
1764840200.332293,0,0,3650,456.250
1764840200.3362782,1,1,1995,249.375
1764840200.3403409,0,0,-250,-31.250
1764840200.3442967,0,0,-1423,-177.875
1764840200.3482897,0,0,1701,212.625
1764840200.3522835,0,0,3336,417.000
1764840200.3562775,1,1,1877,234.625
1764840200.360314,0,0,-188,-23.500
1764840200.3642986,0,0,-1451,-181.375
1764840200.3682897,0,0,1868,233.500
1764840200.3722951,0,0,3641,455.125
1764840200.3762913,1,1,2093,261.625
1764840200.3803203,0,0,-51,-6.375
1764840200.3842895,0,0,-1512,-189.000
1764840200.3883002,0,0,2073,259.125
1764840200.3922863,0,0,3911,488.875
1764840200.3962777,1,1,2248,281.000
1764840200.400316,0,0,19,2.375
1764840200.4043288,0,0,-1561,-195.125
1764840200.4082894,0,0,1568,196.000
1764840200.4122815,0,0,3545,443.125
1764840200.4162736,1,1,2120,265.000
1764840200.4203138,0,0,90,11.250
1764840200.4242961,0,0,-1559,-194.875
1764840200.4282959,0,0,1595,199.375
1764840200.4322932,0,0,3759,469.875
1764840200.4362893,1,1,2318,289.750
1764840200.440333,0,0,228,28.500
1764840200.444295,0,0,-1611,-201.375
1764840200.4482913,0,0,1442,180.250
1764840200.452291,0,0,3761,470.125
1764840200.4562888,1,1,2393,299.125
1764840200.4603205,0,0,332,41.500
1764840200.4642935,0,0,-1654,-206.750
1764840200.4682903,0,0,1340,167.500
1764840200.4722924,0,0,3708,463.500
1764840200.47629,1,1,2385,298.125
1764840200.4803174,0,0,371,46.375
1764840200.4842932,0,0,-1698,-212.250
1764840200.4882932,0,0,1398,174.750
1764840200.4922945,0,0,3881,485.125
1764840200.4962864,1,1,2525,315.625
1764840200.500315,0,0,449,56.125
1764840200.5042903,0,0,-1680,-210.000
1764840200.508324,0,0,1102,137.750
1764840200.512293,0,0,3689,461.125
1764840200.5162873,1,1,2478,309.750
1764840200.5203168,0,0,499,62.375
1764840200.5295644,0,0,3589,448.625
1764840200.5324101,0,0,3589,448.625
1764840200.536293,1,1,2491,311.375
1764840200.5403385,0,0,563,70.375
1764840200.5442758,0,0,-1673,-209.125
1764840200.5482767,0,0,981,122.625
1764840200.5522916,0,0,3778,472.250
1764840200.5562901,1,1,2631,328.875
1764840200.5603173,0,0,620,77.500
1764840200.5642762,0,0,-1609,-201.125
1764840200.5682745,0,0,902,112.750
1764840200.57229,0,0,3883,485.375
1764840200.5762908,1,1,2783,347.875
1764840200.5803177,0,0,721,90.125
1764840200.5842884,0,0,-1613,-201.625
1764840200.5882885,0,0,730,91.250
1764840200.5922906,0,0,3780,472.500
1764840200.5962887,1,1,2771,346.375
1764840200.6003122,0,0,747,93.375
1764840200.6042898,0,0,-1541,-192.625
1764840200.6083272,0,0,3862,482.750
1764840200.6122935,0,0,2895,361.875
1764840200.616287,1,1,821,102.625
1764840200.6203148,0,0,-1461,-182.625
1764840200.624288,0,0,138,17.250
1764840200.6282873,0,0,3333,416.625
1764840200.6323078,0,0,2651,331.375
1764840200.6362987,1,1,811,101.375
1764840200.6403275,0,0,-1522,-190.250
1764840200.644274,0,0,430,53.750
1764840200.6482713,0,0,3750,468.750
1764840200.6522868,0,0,2925,365.625
1764840200.6562872,1,1,878,109.750
1764840200.6603158,0,0,-1369,-171.125
1764840200.664272,0,0,159,19.875
1764840200.6682696,0,0,3683,460.375
1764840200.6722903,0,0,3024,378.000
1764840200.6762886,1,1,987,123.375
1764840200.6803164,0,0,-1266,-158.250
1764840200.684291,0,0,-80,-10.000
1764840200.6882887,0,0,3457,432.125
1764840200.69229,0,0,2945,368.125
1764840200.6962867,1,1,995,124.375
1764840200.7003171,0,0,-1223,-152.875
1764840200.7042904,0,0,-180,-22.500
1764840200.7082846,0,0,3428,428.500
1764840200.7122898,0,0,2990,373.750
1764840200.7162852,1,1,1035,129.375
1764840200.720317,0,0,-1097,-137.125
1764840200.7242908,0,0,-482,-60.250
1764840200.7283626,0,0,3151,393.875
1764840200.7322924,0,0,2914,364.250
1764840200.7362714,1,1,1070,133.750
1764840200.7403216,0,0,-1077,-134.625
1764840200.7442832,0,0,-491,-61.375
1764840200.748272,0,0,3213,401.625
1764840200.7522702,0,0,3000,375.000
1764840200.7562687,1,1,1110,138.750
1764840200.7603269,0,0,-1015,-126.875
1764840200.764299,0,0,-562,-70.250
1764840200.768288,0,0,3307,413.375
1764840200.7722924,0,0,3188,398.500
1764840200.7762835,1,1,1227,153.375
1764840200.780312,0,0,-1059,-132.375
1764840200.784289,0,0,-266,-33.250
1764840200.7882876,0,0,3934,491.750
1764840200.7922912,0,0,3683,460.375
1764840200.796295,1,1,1400,175.000
1764840200.800311,0,0,-935,-116.875
1764840200.804274,0,0,-688,-86.000
1764840200.8082724,0,0,3359,419.875
1764840200.8122854,0,0,3412,426.500
1764840200.816284,1,1,1368,171.000
1764840200.8203228,0,0,-908,-113.500
1764840200.824297,0,0,-589,-73.625
1764840200.8282905,0,0,3678,459.750
1764840200.8322809,0,0,3695,461.875
1764840200.8362694,1,1,1470,183.750
1764840200.8403149,0,0,-893,-111.625
1764840200.8442848,0,0,-830,-103.750
1764840200.8482869,0,0,3204,400.500
1764840200.852279,0,0,3422,427.750
1764840200.8562691,1,1,1397,174.625
1764840200.8603077,0,0,-828,-103.500
1764840200.864287,0,0,-1022,-127.750
1764840200.8682861,0,0,2768,346.000
1764840200.8722901,0,0,3247,405.875
1764840200.876287,1,1,1417,177.125
1764840200.880314,0,0,-719,-89.875
1764840200.8842843,0,0,-1300,-162.500
1764840200.8882847,0,0,1809,226.125
1764840200.8922896,0,0,2749,343.625
1764840200.8962862,1,1,1371,171.375
1764840200.900313,0,0,-748,-93.500
1764840200.904284,0,0,-1104,-138.000
1764840200.908284,0,0,2759,344.875
1764840200.9123068,0,0,3375,421.875
1764840200.916285,1,1,1534,191.750
1764840200.9203131,0,0,-713,-89.125
1764840200.9242845,0,0,-1099,-137.375
1764840200.9283595,0,0,2791,348.875
1764840200.9322941,0,0,3605,450.625
1764840200.9362717,1,1,1723,215.375
1764840200.9403286,0,0,-622,-77.750
1764840200.9442854,0,0,-1125,-140.625
1764840200.9482818,0,0,2841,355.125
1764840200.9522765,0,0,3680,460.000
1764840200.956269,1,1,1752,219.000
1764840200.960324,0,0,-628,-78.500
1764840200.9642882,0,0,-1176,-147.000
1764840200.9682834,0,0,2659,332.375
1764840200.9722862,0,0,3681,460.125
1764840200.9762833,1,1,1816,227.000
1764840200.980315,0,0,-535,-66.875
1764840200.9842868,0,0,-1196,-149.500
1764840200.9882812,0,0,2671,333.875
1764840200.9922833,0,0,3805,475.625
1764840200.9962852,1,1,1912,239.000
1764840201.000313,0,0,-514,-64.250
1764840201.0042906,0,0,-1248,-156.000
1764840201.0082922,0,0,2489,311.125
1764840201.012315,0,0,3708,463.500
1764840201.0162659,1,1,1882,235.250
1764840201.0203114,0,0,-459,-57.375
1764840201.0242848,0,0,-1281,-160.125
1764840201.0282826,0,0,2300,287.500
1764840201.0322719,0,0,3712,464.000
1764840201.0362628,1,1,1963,245.375
1764840201.0403156,0,0,-349,-43.625
1764840201.0442874,0,0,-1322,-165.250
1764840201.048285,0,0,2195,274.375
1764840201.0522752,0,0,3751,468.875
1764840201.0562663,1,1,2039,254.875
1764840201.0603154,0,0,-236,-29.500
1764840201.0642858,0,0,-1380,-172.500
1764840201.0682843,0,0,2194,274.250
1764840201.0722845,0,0,3889,486.125
1764840201.07628,1,1,2163,270.375
1764840201.0803092,0,0,-127,-15.875
1764840201.08427,0,0,-1428,-178.500
1764840201.0882685,0,0,2391,298.875
1764840201.0922792,0,0,4152,519.000
1764840201.0962806,1,1,2311,288.875
1764840201.1003091,0,0,-50,-6.250
1764840201.1042833,0,0,-1498,-187.250
1764840201.1082842,0,0,1863,232.875
1764840201.112299,0,0,3782,472.750
1764840201.1162808,1,1,2189,273.625
1764840201.1203072,0,0,9,1.125
1764840201.1242838,0,0,-1533,-191.625
1764840201.1283627,0,0,1859,232.375
1764840201.1322942,0,0,3909,488.625
1764840201.1362662,1,1,2306,288.250
1764840201.1403978,0,0,119,14.875
1764840201.1442854,0,0,-1606,-200.750
1764840201.1482823,0,0,1921,240.125
1764840201.1522727,0,0,4028,503.500
1764840201.156265,1,1,2383,297.875
1764840201.1603084,0,0,167,20.875
1764840201.1642833,0,0,-1610,-201.250
1764840201.168285,0,0,2044,255.500
1764840201.1722884,0,0,4337,542.125
1764840201.1762822,1,1,2617,327.125
1764840201.1803112,0,0,278,34.750
1764840201.1842804,0,0,-1640,-205.000
1764840201.1882832,0,0,1527,190.875
1764840201.192286,0,0,3954,494.250
1764840201.1962812,1,1,2489,311.125
1764840201.2003088,0,0,330,41.250
1764840201.2042847,0,0,-1688,-211.000
1764840201.2082798,0,0,1674,209.250
1764840201.2122755,0,0,4204,525.500
1764840201.216303,1,1,2658,332.250
1764840201.220314,0,0,398,49.750
1764840201.2242823,0,0,-1628,-203.500
1764840201.2282782,0,0,1286,160.750
1764840201.2322817,0,0,3970,496.250
1764840201.2362814,1,1,2616,327.000
1764840201.2403164,0,0,464,58.000
1764840201.244611,0,0,1138,142.250
1764840201.2484772,0,0,3953,494.125
1764840201.252304,0,0,3953,494.125
1764840201.256281,1,1,2676,334.500
1764840201.260318,0,0,535,66.875
1764840201.2643065,0,0,794,99.250
1764840201.2682817,0,0,3674,459.250
1764840201.2722828,0,0,2580,322.500
1764840201.2762785,1,1,566,70.750
1764840201.280306,0,0,-1630,-203.750
1764840201.2842827,0,0,1146,143.250
1764840201.2882764,0,0,4216,527.000
1764840201.292279,0,0,2947,368.375
1764840201.2962806,1,1,687,85.875
1764840201.3003097,0,0,-1611,-201.375
1764840201.3042665,0,0,920,115.000
1764840201.308262,0,0,4068,508.500
1764840201.312287,0,0,2916,364.500
1764840201.3163147,1,1,708,88.500
1764840201.32031,0,0,-1514,-189.250
1764840201.324282,0,0,688,86.000
1764840201.3283565,0,0,4044,505.500
1764840201.3322842,0,0,3028,378.500
1764840201.3362632,1,1,816,102.000
1764840201.3403168,0,0,-1423,-177.875
1764840201.3442836,0,0,228,28.500
1764840201.3482797,0,0,3575,446.875
1764840201.3522663,0,0,2815,351.875
1764840201.3562615,1,1,808,101.000
1764840201.3603084,0,0,-1445,-180.625
1764840201.3642862,0,0,497,62.125
1764840201.368284,0,0,4079,509.875
1764840201.3722816,0,0,3198,399.750
1764840201.376276,1,1,946,118.250
1764840201.380321,0,0,-1377,-172.125
1764840201.3842826,0,0,469,58.625
1764840201.3882806,0,0,4201,525.125
1764840201.3922806,0,0,3349,418.625
1764840201.3962767,1,1,1018,127.250
1764840201.400307,0,0,-1191,-148.875
1764840201.404281,0,0,-245,-30.625
1764840201.4082801,0,0,3331,416.375
1764840201.4122841,0,0,2878,359.750
1764840201.416279,1,1,930,116.250
1764840201.420306,0,0,-1157,-144.625
1764840201.4242802,0,0,-283,-35.375
1764840201.4282782,0,0,3379,422.375
1764840201.4322798,0,0,2977,372.125
1764840201.4362748,1,1,992,124.000
1764840201.4403152,0,0,-1189,-148.625
1764840201.4442801,0,0,-122,-15.250
1764840201.4482799,0,0,3730,466.250
1764840201.4522836,0,0,3264,408.000
1764840201.4562862,1,1,1094,136.750
1764840201.4603155,0,0,-1121,-140.125
1764840201.4642634,0,0,-65,-8.125
1764840201.4682643,0,0,4098,512.250
1764840201.4722772,0,0,3649,456.125
1764840201.4762788,1,1,1272,159.000
1764840201.4803066,0,0,-1131,-141.375
1764840201.4842625,0,0,-75,-9.375
1764840201.4882615,0,0,4136,517.000
1764840201.4922771,0,0,3706,463.250
1764840201.4962754,1,1,1280,160.000
1764840201.5003033,0,0,-1001,-125.125
1764840201.5042758,0,0,-409,-51.125
1764840201.508274,0,0,3895,486.875
1764840201.5122752,0,0,3707,463.375
1764840201.5162752,1,1,1375,171.875
1764840201.5203106,0,0,-842,-105.250
1764840201.5242782,0,0,-1168,-146.000
1764840201.5335562,0,0,2807,350.875
1764840201.5363045,1,1,1257,157.125
1764840201.5403304,0,0,-944,-118.000
1764840201.5442603,0,0,-565,-70.625
1764840201.5482588,0,0,3738,467.250
1764840201.5522761,0,0,3732,466.500
1764840201.5562751,1,1,1455,181.875
1764840201.560304,0,0,-878,-109.750
1764840201.5642624,0,0,-636,-79.500
1764840201.5682583,0,0,3805,475.625
1764840201.5722787,0,0,3977,497.125
1764840201.576277,1,1,1626,203.250
1764840201.5803063,0,0,-845,-105.625
1764840201.584279,0,0,-910,-113.750
1764840201.588274,0,0,3137,392.125
1764840201.5922632,0,0,3521,440.125
1764840201.5962605,1,1,1465,183.125
1764840201.6002967,0,0,-808,-101.000
1764840201.60428,0,0,-822,-102.750
1764840201.6082752,0,0,3525,440.625
1764840201.6122754,0,0,3922,490.250
1764840201.6162748,1,1,1653,206.625
1764840201.6203432,0,0,-789,-98.625
1764840201.6242795,0,0,-878,-109.750
1764840201.6282752,0,0,3469,433.625
1764840201.6322753,0,0,4042,505.250
1764840201.636273,1,1,1769,221.125
1764840201.6403098,0,0,-723,-90.375
1764840201.6442788,0,0,-995,-124.375
1764840201.648277,0,0,3179,397.375
1764840201.6522777,0,0,3957,494.625
1764840201.6562724,1,1,1799,224.875
1764840201.6603053,0,0,-690,-86.250
1764840201.6642754,0,0,-1019,-127.375
1764840201.6682763,0,0,3181,397.625
1764840201.6722739,0,0,3956,494.500
1764840201.676274,1,1,1776,222.000
1764840201.6803052,0,0,-689,-86.125
1764840201.684277,0,0,-1107,-138.375
1764840201.6882732,0,0,2914,364.250
1764840201.6922784,0,0,3905,488.125
1764840201.6962721,1,1,1830,228.750
1764840201.700307,0,0,-634,-79.250
1764840201.704281,0,0,-1155,-144.375
1764840201.7082834,0,0,2778,347.250
1764840201.7122672,0,0,3917,489.625
1764840201.7162583,1,1,1888,236.000
1764840201.7203343,0,0,-611,-76.375
1764840201.7242763,0,0,-1247,-155.875
1764840201.7282743,0,0,2345,293.125
1764840201.7323444,0,0,3619,452.375
1764840201.736267,1,1,1789,223.625
1764840201.7403107,0,0,-535,-66.875
1764840201.7442758,0,0,-1245,-155.625
1764840201.7482748,0,0,2456,307.000
1764840201.7522647,0,0,3865,483.125
1764840201.756259,1,1,1967,245.875
1764840201.7603045,0,0,-434,-54.250
1764840201.7642677,0,0,-1286,-160.750
1764840201.7682564,0,0,2187,273.375
1764840201.7722723,0,0,3776,472.000
1764840201.7762754,1,1,1999,249.875
1764840201.780301,0,0,-306,-38.250
1764840201.7842696,0,0,-1388,-173.500
1764840201.7882729,0,0,2155,269.375
1764840201.7922752,0,0,3783,472.875
1764840201.7962723,1,1,2013,251.625
1764840201.8003,0,0,-252,-31.500
1764840201.8042667,0,0,-1428,-178.500
1764840201.8082957,0,0,2007,250.875
1764840201.8122773,0,0,3813,476.625
1764840201.8162818,1,1,2105,263.125
1764840201.8203354,0,0,-127,-15.875
1764840201.8242867,0,0,-1495,-186.875
1764840201.8282707,0,0,2077,259.625
1764840201.8322628,0,0,3976,497.000
1764840201.8362565,1,1,2223,277.875
1764840201.8403187,0,0,-49,-6.125
1764840201.8442726,0,0,-1554,-194.250
1764840201.8482718,0,0,1856,232.000
1764840201.8522778,0,0,3862,482.750
1764840201.8562713,1,1,2208,276.000
1764840201.860304,0,0,12,1.500
1764840201.8642726,0,0,-1597,-199.625
1764840201.868271,0,0,1807,225.875
1764840201.87227,0,0,3987,498.375
1764840201.8762722,1,1,2350,293.750
1764840201.8803053,0,0,116,14.500
1764840201.884276,0,0,-1603,-200.375
1764840201.8882694,0,0,1575,196.875
1764840201.8922727,0,0,3909,488.625
1764840201.8962731,1,1,2386,298.250
1764840201.9003065,0,0,209,26.125
1764840201.9042757,0,0,-1625,-203.125
1764840201.9082696,0,0,1926,240.750
1764840201.9122713,0,0,4423,552.875
1764840201.9162698,1,1,2719,339.875
1764840201.9203146,0,0,325,40.625
1764840201.924275,0,0,1780,222.500
1764840201.9282699,0,0,4447,555.875
1764840201.9323514,0,0,2807,350.875
1764840201.9362826,1,1,404,50.500
1764840201.9403188,0,0,-1607,-200.875
1764840201.9442625,0,0,1098,137.250
1764840201.948259,0,0,3793,474.125
1764840201.9522684,0,0,2496,312.000
1764840201.9562707,1,1,394,49.250
1764840201.9603047,0,0,-1637,-204.625
1764840201.964259,0,0,1261,157.625
1764840201.968258,0,0,4124,515.500
1764840201.97227,0,0,2751,343.875
1764840201.9762692,1,1,497,62.125
1764840201.980299,0,0,-1574,-196.750
1764840201.984274,0,0,1207,150.875
1764840201.9882715,0,0,4229,528.625
1764840201.9922695,0,0,2887,360.875
1764840201.9962656,1,1,582,72.750
1764840202.0002959,0,0,-1554,-194.250
1764840202.0042706,0,0,748,93.500
1764840202.0082736,0,0,3854,481.750
1764840202.012278,0,0,2756,344.500
1764840202.0162663,1,1,615,76.875
1764840202.0202968,0,0,-1530,-191.250
1764840202.0242734,0,0,715,89.375
1764840202.0282702,0,0,3967,495.875
1764840202.032269,0,0,2901,362.625
1764840202.036266,1,1,702,87.750
1764840202.0403054,0,0,-1594,-199.250
1764840202.0442681,0,0,1051,131.375
1764840202.0482695,0,0,4478,559.750
1764840202.052264,0,0,3249,406.125
1764840202.0562544,1,1,799,99.875
1764840202.060288,0,0,-1409,-176.125
1764840202.064277,0,0,114,14.250
1764840202.0682752,0,0,3473,434.125
1764840202.0722594,0,0,2747,343.375
1764840202.0762558,1,1,743,92.875
1764840202.080293,0,0,-1480,-185.000
1764840202.0842657,0,0,568,71.000
1764840202.0882704,0,0,4120,515.000
1764840202.092261,0,0,3164,395.500
1764840202.096253,1,1,852,106.500
1764840202.1002991,0,0,-1352,-169.000
1764840202.1042733,0,0,278,34.750
1764840202.108267,0,0,3971,496.375
1764840202.1122708,0,0,3191,398.875
1764840202.1162694,1,1,918,114.750
1764840202.120299,0,0,-1295,-161.875
1764840202.1243167,0,0,207,25.875
1764840202.1283128,0,0,3994,499.250
1764840202.1323993,0,0,3271,408.875
1764840202.1363418,1,1,976,122.000
1764840202.1403623,0,0,-1031,-128.875
1764840202.1442983,0,0,-875,-109.375
1764840202.148293,0,0,2544,318.000
1764840202.1523252,0,0,2484,310.500
1764840202.1563137,1,1,856,107.000
1764840202.1603444,0,0,-1017,-127.125
1764840202.1642923,0,0,-800,-100.000
1764840202.168304,0,0,2813,351.625
1764840202.1723123,0,0,2779,347.375
1764840202.1763127,1,1,1019,127.375
1764840202.1803424,0,0,-1175,-146.875
1764840202.1843166,0,0,-88,-11.000
1764840202.1883087,0,0,3981,497.625
1764840202.1923327,0,0,3544,443.000
1764840202.1963236,1,1,1220,152.500
1764840202.2003458,0,0,-1076,-134.500
1764840202.204296,0,0,-140,-17.500
1764840202.208292,0,0,4179,522.375
1764840202.2123075,0,0,3811,476.375
1764840202.2163105,1,1,1355,169.375
1764840202.2203405,0,0,-1030,-128.750
1764840202.224309,0,0,-175,-21.875
1764840202.2282538,0,0,4294,536.750
1764840202.232267,0,0,3982,497.750
1764840202.236265,1,1,1432,179.000
1764840202.2403054,0,0,-943,-117.875
1764840202.2445834,0,0,-666,-83.250
1764840202.2484708,0,0,3476,434.500
1764840202.2522862,0,0,3493,436.625
1764840202.2562673,1,1,1300,162.500
1764840202.2602975,0,0,-882,-110.250
1764840202.2642765,0,0,-720,-90.000
1764840202.2682676,0,0,3505,438.125
1764840202.2722707,0,0,3659,457.375
1764840202.2762642,1,1,1424,178.000
1764840202.2802906,0,0,-850,-106.250
1764840202.284266,0,0,-706,-88.250
1764840202.288267,0,0,3657,457.125
1764840202.2922645,0,0,3864,483.000
1764840202.2962615,1,1,1530,191.250
1764840202.3002908,0,0,-862,-107.750
1764840202.3042707,0,0,-807,-100.875
1764840202.3082724,0,0,3497,437.125
1764840202.312269,0,0,3849,481.125
1764840202.3162632,1,1,1563,195.375
1764840202.3202944,0,0,-810,-101.250
1764840202.3243082,0,0,-1000,-125.000
1764840202.3282676,0,0,2983,372.875
1764840202.3323684,0,0,3566,445.750
1764840202.3362796,1,1,1510,188.750
1764840202.3403187,0,0,-795,-99.375
1764840202.3442726,0,0,-927,-115.875
1764840202.348269,0,0,3353,419.125
1764840202.3522682,0,0,3964,495.500
1764840202.356265,1,1,1709,213.625
1764840202.3603008,0,0,-721,-90.125
1764840202.3642516,0,0,-1161,-145.125
1764840202.3682508,0,0,2530,316.250
1764840202.3722694,0,0,3435,429.375
1764840202.3762677,1,1,1560,195.000
1764840202.3802931,0,0,-685,-85.625
1764840202.3842657,0,0,-1041,-130.125
1764840202.3882654,0,0,3148,393.500
1764840202.3922696,0,0,4030,503.750
1764840202.3962662,1,1,1837,229.625
1764840202.4002953,0,0,-672,-84.000
1764840202.4042659,0,0,-1115,-139.375
1764840202.4082646,0,0,2927,365.875
1764840202.4122708,0,0,3939,492.375
1764840202.4162629,1,1,1830,228.750
1764840202.420293,0,0,-626,-78.250
1764840202.4242675,0,0,-1243,-155.375
1764840202.428301,0,0,2322,290.250
1764840202.4322658,0,0,3592,449.000
1764840202.4362643,1,1,1768,221.000
1764840202.440302,0,0,-558,-69.750
1764840202.4442632,0,0,-1213,-151.625
1764840202.4482598,0,0,2735,341.875
1764840202.4522696,0,0,3965,495.625
1764840202.4562674,1,1,1923,240.375
1764840202.460293,0,0,-520,-65.000
1764840202.464268,0,0,-1266,-158.250
1764840202.4682617,0,0,2429,303.625
1764840202.4722664,0,0,3820,477.500
1764840202.4762664,1,1,1907,238.375
1764840202.4803069,0,0,-411,-51.375
1764840202.4842522,0,0,-1369,-171.125
1764840202.488246,0,0,2605,325.625
1764840202.4922624,0,0,4037,504.625
1764840202.4962642,1,1,2021,252.625
1764840202.500292,0,0,-388,-48.500
1764840202.504249,0,0,-1361,-170.125
1764840202.5082445,0,0,2041,255.125
1764840202.5122645,0,0,3766,470.750
1764840202.5162642,1,1,2014,251.750
1764840202.5202942,0,0,-253,-31.625
1764840202.5242667,0,0,-1448,-181.000
1764840202.5282621,0,0,1993,249.125
1764840202.5375667,0,0,-132,-16.500
1764840202.5403354,0,0,-132,-16.500
1764840202.5442588,0,0,-1569,-196.125
1764840202.548248,0,0,3454,431.750
1764840202.5522583,0,0,5181,647.625
1764840202.5562613,1,1,2703,337.875
1764840202.560292,0,0,-124,-15.500
1764840202.5642483,0,0,-1444,-180.500
1764840202.5682504,0,0,1823,227.875
1764840202.5722618,0,0,3964,495.500
1764840202.576261,1,1,2273,284.125
1764840202.5802891,0,0,-1591,-198.875
1764840202.5842679,0,0,1927,240.875
1764840202.588264,0,0,4139,517.375
1764840202.592266,0,0,2390,298.750
1764840202.5962596,1,1,61,7.625
1764840202.6002872,0,0,-1630,-203.750
1764840202.604264,0,0,1697,212.125
1764840202.6082654,0,0,4069,508.625
1764840202.6122563,0,0,2431,303.875
1764840202.616244,1,1,147,18.375
1764840202.62028,0,0,-1613,-201.625
1764840202.6242685,0,0,1347,168.375
1764840202.6282785,0,0,3820,477.500
1764840202.6322682,0,0,2360,295.000
1764840202.6362572,1,1,202,25.250
1764840202.6402893,0,0,-1631,-203.875
1764840202.644263,0,0,1436,179.500
1764840202.6482635,0,0,4078,509.750
1764840202.6522558,0,0,2576,322.000
1764840202.6562424,1,1,312,39.000
1764840202.6602817,0,0,-1588,-198.500
1764840202.6642654,0,0,1095,136.875
1764840202.6682634,0,0,3855,481.875
1764840202.6722674,0,0,2534,316.750
1764840202.6762621,1,1,375,46.875
1764840202.6802886,0,0,-1570,-196.250
1764840202.6842601,0,0,946,118.250
1764840202.6882632,0,0,3809,476.125
1764840202.6922665,0,0,2574,321.750
1764840202.6962607,1,1,437,54.625
1764840202.7002952,0,0,-1555,-194.375
1764840202.7042627,0,0,900,112.500
1764840202.7082596,0,0,3871,483.875
1764840202.712268,0,0,2668,333.500
1764840202.7162638,1,1,507,63.375
1764840202.7202919,0,0,-1534,-191.750
1764840202.7242599,0,0,701,87.625
1764840202.7282763,0,0,3793,474.125
1764840202.7322645,0,0,2706,338.250
1764840202.7363343,1,1,577,72.125
1764840202.7403207,0,0,-1630,-203.750
1764840202.7442493,0,0,990,123.750
1764840202.7482445,0,0,4249,531.125
1764840202.752264,0,0,3022,377.750
1764840202.7562613,1,1,675,84.375
1764840202.7602913,0,0,-1553,-194.125
1764840202.7642503,0,0,769,96.125
1764840202.7682474,0,0,4168,521.000
1764840202.772262,0,0,3066,383.250
1764840202.7762609,1,1,743,92.875
1764840202.7802896,0,0,-1145,-143.125
1764840202.784258,0,0,-878,-109.750
1764840202.788243,0,0,2380,297.500
1764840202.7922568,0,0,2271,283.875
1764840202.7962568,1,1,764,95.500
1764840202.8002913,0,0,-1528,-191.000
1764840202.8042455,0,0,572,71.500
1764840202.8082404,0,0,4104,513.000
1764840202.8122594,0,0,3179,397.375
1764840202.8162634,1,1,890,111.250
1764840202.8202899,0,0,-1343,-167.875
1764840202.824263,0,0,246,30.750
1764840202.8282754,0,0,3958,494.750
1764840202.832266,0,0,3223,402.875
1764840202.8362572,1,1,968,121.000
1764840202.840294,0,0,-1277,-159.625
1764840202.8442593,0,0,106,13.250
1764840202.8482585,0,0,3908,488.500
1764840202.8522608,0,0,3265,408.125
1764840202.8562572,1,1,1008,126.000
1764840202.8602867,0,0,-1190,-148.750
1764840202.8642578,0,0,-102,-12.750
1764840202.8682601,0,0,3778,472.250
1764840202.8722644,0,0,3276,409.500
1764840202.8762574,1,1,1054,131.750
1764840202.8802862,0,0,-1175,-146.875
1764840202.88426,0,0,-213,-26.625
1764840202.8882604,0,0,3699,462.375
1764840202.8922603,0,0,3277,409.625
1764840202.896262,1,1,1063,132.875
1764840202.900296,0,0,-1082,-135.250
1764840202.9042478,0,0,-382,-47.750
1764840202.9082444,0,0,3614,451.750
1764840202.91226,0,0,3320,415.000
1764840202.916256,1,1,1118,139.750
1764840202.9202843,0,0,-1019,-127.375
1764840202.9242427,0,0,-501,-62.625
1764840202.928243,0,0,3653,456.625
1764840202.9322875,0,0,3490,436.250
1764840202.9363792,1,1,1242,155.250
1764840202.9403632,0,0,-986,-123.250
1764840202.9442897,0,0,-454,-56.750
1764840202.948287,0,0,3916,489.500
1764840202.9523022,0,0,3787,473.375
1764840202.9563007,1,1,1387,173.375
1764840202.9603336,0,0,-920,-115.000
1764840202.9642835,0,0,-937,-117.125
1764840202.968285,0,0,2857,357.125
1764840202.9723034,0,0,3122,390.250
1764840202.9763062,1,1,1207,150.875
1764840202.980333,0,0,-842,-105.250
1764840202.984305,0,0,-854,-106.750
1764840202.9883027,0,0,3226,403.250
1764840202.9923038,0,0,3545,443.125
1764840202.9963017,1,1,1437,179.625
1764840203.0003302,0,0,-808,-101.000
1764840203.0042999,0,0,-926,-115.750
1764840203.0083008,0,0,3085,385.625
1764840203.012308,0,0,3485,435.625
1764840203.0162997,1,1,1427,178.375
1764840203.0203326,0,0,-840,-105.000
1764840203.0243113,0,0,-957,-119.625
1764840203.0283072,0,0,3082,385.250
1764840203.0322983,0,0,3572,446.500
1764840203.036245,1,1,1496,187.000
1764840203.0402882,0,0,-805,-100.625
1764840203.0442567,0,0,-1106,-138.250
1764840203.0482533,0,0,2668,333.500
1764840203.0522504,0,0,3352,419.000
1764840203.0562422,1,1,1456,182.000
1764840203.0602803,0,0,-737,-92.125
1764840203.0642593,0,0,-1046,-130.750
1764840203.0682561,0,0,2988,373.500
1764840203.0722582,0,0,3714,464.250
1764840203.0762591,1,1,1644,205.500
1764840203.0802884,0,0,-719,-89.875
1764840203.0842574,0,0,-1062,-132.750
1764840203.0882528,0,0,3012,376.500
1764840203.0922573,0,0,3835,479.375
1764840203.096255,1,1,1731,216.375
1764840203.100291,0,0,-691,-86.375
1764840203.1042593,0,0,-1091,-136.375
1764840203.1082532,0,0,2987,373.375
1764840203.1122572,0,0,3958,494.750
1764840203.116256,1,1,1843,230.375
1764840203.1202857,0,0,-648,-81.000
1764840203.1242425,0,0,-1118,-139.750
1764840203.1282377,0,0,2986,373.250
1764840203.1322496,0,0,4030,503.750
1764840203.136329,1,1,1894,236.750
1764840203.1403108,0,0,-579,-72.375
1764840203.144262,0,0,-1162,-145.250
1764840203.1482558,0,0,2844,355.500
1764840203.1522567,0,0,4089,511.125
1764840203.1562552,1,1,1997,249.625
1764840203.160286,0,0,-527,-65.875
1764840203.1642423,0,0,-1176,-147.000
1764840203.168243,0,0,2884,360.500
1764840203.1722543,0,0,4240,530.000
1764840203.176253,1,1,2106,263.250
1764840203.180285,0,0,-458,-57.250
1764840203.1842606,0,0,-1227,-153.375
1764840203.1882567,0,0,2639,329.875
1764840203.1922543,0,0,4143,517.875
1764840203.1962514,1,1,2112,264.000
1764840203.200282,0,0,-369,-46.125
1764840203.2042549,0,0,-1337,-167.125
1764840203.2082534,0,0,2161,270.125
1764840203.2122474,0,0,3852,481.500
1764840203.216237,1,1,2048,256.000
1764840203.2202735,0,0,-265,-33.125
1764840203.2242615,0,0,-1421,-177.625
1764840203.228257,0,0,2367,295.875
1764840203.232273,0,0,2158,269.750
1764840203.2362552,1,1,-213,-26.625
1764840203.2402875,0,0,-1429,-178.625
1764840203.2445734,0,0,2316,289.500
1764840203.2484558,0,0,4204,525.500
1764840203.252279,0,0,2292,286.500
1764840203.2562501,1,1,-125,-15.625
1764840203.260281,0,0,-1450,-181.250
1764840203.264259,0,0,1801,225.125
1764840203.268254,0,0,3939,492.375
1764840203.272254,0,0,2283,285.375
1764840203.2762506,1,1,19,2.375
1764840203.280276,0,0,-1594,-199.250
1764840203.284256,0,0,1830,228.750
1764840203.2882552,0,0,3955,494.375
1764840203.2922494,0,0,2275,284.375
1764840203.296263,1,1,46,5.750
1764840203.300292,0,0,-1619,-202.375
1764840203.3044024,0,0,2099,262.375
1764840203.3083146,0,0,4376,547.000
1764840203.3123379,0,0,2554,319.250
1764840203.3162634,1,1,144,18.000
1764840203.320299,0,0,-1622,-202.750
1764840203.3242543,0,0,1357,169.625
1764840203.3282506,0,0,3758,469.750
1764840203.3322518,0,0,2302,287.750
1764840203.3363307,1,1,186,23.250
1764840203.3403018,0,0,-1657,-207.125
1764840203.344255,0,0,1754,219.250
1764840203.348236,0,0,4292,536.500
1764840203.3522537,0,0,2635,329.375
1764840203.3562534,1,1,283,35.375
1764840203.360283,0,0,-1659,-207.375
1764840203.364237,0,0,1467,183.375
1764840203.3682466,0,0,4161,520.125
1764840203.3722565,0,0,2642,330.250
1764840203.3762567,1,1,347,43.375
1764840203.3803003,0,0,-1645,-205.625
1764840203.3842576,0,0,1130,141.250
1764840203.3882525,0,0,3899,487.375
1764840203.392258,0,0,2555,319.375
1764840203.396253,1,1,378,47.250
1764840203.4002833,0,0,-1679,-209.875
1764840203.4042723,0,0,1411,176.375
1764840203.4082637,0,0,4377,547.125
1764840203.4122465,0,0,2896,362.000
1764840203.4162405,1,1,496,62.000
1764840203.4202816,0,0,-1381,-172.625
1764840203.4242568,0,0,118,14.750
1764840203.42825,0,0,3240,405.000
1764840203.4322455,0,0,2468,308.500
1764840203.4362724,1,1,584,73.000
1764840203.4402974,0,0,-1434,-179.250
1764840203.4442575,0,0,337,42.125
1764840203.448266,0,0,3521,440.125
1764840203.4522543,0,0,2651,331.375
1764840203.4562511,1,1,652,81.500
1764840203.4602792,0,0,-1555,-194.375
1764840203.4642656,0,0,654,81.750
1764840203.468252,0,0,3936,492.000
1764840203.4722517,0,0,2908,363.500
1764840203.4762478,1,1,713,89.125
1764840203.4802911,0,0,-1591,-198.875
1764840203.4842517,0,0,896,112.000
1764840203.48825,0,0,4390,548.750
1764840203.4922545,0,0,3248,406.000
1764840203.4962587,1,1,822,102.750
1764840203.5002801,0,0,-1462,-182.750
1764840203.504252,0,0,382,47.750
1764840203.50825,0,0,3888,486.000
1764840203.512265,0,0,3021,377.625
1764840203.5162477,1,1,800,100.000
1764840203.520274,0,0,-1377,-172.125
1764840203.52425,0,0,350,43.750
1764840203.5282617,0,0,4026,503.250
1764840203.532254,0,0,3197,399.625
1764840203.541565,0,0,-1548,-193.500
1764840203.544296,0,0,975,121.875
1764840203.5482554,0,0,4927,615.875
1764840203.5522473,0,0,3781,472.625
1764840203.5562363,1,1,1027,128.375
1764840203.560279,0,0,-1209,-151.125
1764840203.5642521,0,0,17,2.125
1764840203.568249,0,0,3924,490.500
1764840203.5722444,0,0,3301,412.625
1764840203.576235,1,1,973,121.625
1764840203.5802743,0,0,-1079,-134.875
1764840203.5842528,0,0,-397,-49.625
1764840203.5882516,0,0,3475,434.375
1764840203.5922563,0,0,3124,390.500
1764840203.5962493,1,1,986,123.250
1764840203.6002843,0,0,-1041,-130.125
1764840203.6042492,0,0,-547,-68.375
1764840203.6082492,0,0,3355,419.375
1764840203.6122553,0,0,3128,391.000
1764840203.6162517,1,1,1032,129.000
1764840203.620281,0,0,-1021,-127.625
1764840203.6242526,0,0,-518,-64.750
1764840203.6282475,0,0,3500,437.500
1764840203.6322436,0,0,3290,411.250
1764840203.636234,1,1,1108,138.500
1764840203.6402807,0,0,-1002,-125.250
1764840203.6442513,0,0,-698,-87.250
1764840203.648251,0,0,3266,408.250
1764840203.6522512,0,0,3224,403.000
1764840203.6562555,1,1,1131,141.375
1764840203.6602802,0,0,-968,-121.000
1764840203.6642506,0,0,-919,-114.875
1764840203.6682477,0,0,2846,355.750
1764840203.6722572,0,0,3039,379.875
1764840203.6762516,1,1,1131,141.375
1764840203.6802816,0,0,-951,-118.875
1764840203.684247,0,0,-798,-99.750
1764840203.6882594,0,0,3286,410.750
1764840203.6922517,0,0,3473,434.125
1764840203.6962504,1,1,1335,166.875
1764840203.700281,0,0,-892,-111.500
1764840203.7042637,0,0,-715,-89.375
1764840203.7082481,0,0,3605,450.625
1764840203.7122526,0,0,3789,473.625
1764840203.7162497,1,0,1474,184.250
1764840203.7202897,0,0,-833,-104.125
1764840203.7242494,0,0,-864,-108.000
1764840203.7282462,0,0,3311,413.875
1764840203.7322502,0,0,3687,460.875
1764840203.7362556,1,1,1485,185.625
1764840203.7404082,0,0,-887,-110.875
1764840203.7442582,0,0,-837,-104.625
1764840203.7482336,0,0,3509,438.625
1764840203.7522583,0,0,3950,493.750
1764840203.7562475,1,1,1627,203.375
1764840203.7602782,0,0,-800,-100.000
1764840203.7642727,0,0,-834,-104.250
1764840203.7682679,0,0,3650,456.250
1764840203.7722478,0,0,4179,522.375
1764840203.7762449,1,1,1757,219.625
1764840203.7802737,0,0,-730,-91.250
1764840203.7842631,0,0,-1020,-127.500
1764840203.788249,0,0,3097,387.125
1764840203.7922392,0,0,3838,479.750
1764840203.7962308,1,1,1659,207.375
1764840203.8002837,0,0,-761,-95.125
1764840203.804237,0,0,-1071,-133.875
1764840203.8082328,0,0,2982,372.750
1764840203.812251,0,0,3793,474.125
1764840203.816246,1,1,1648,206.000
1764840203.8202815,0,0,-765,-95.625
1764840203.8242393,0,0,-1026,-128.250
1764840203.828233,0,0,3284,410.500
1764840203.8322437,0,0,4175,521.875
1764840203.836244,1,0,1857,232.125
1764840203.8402932,0,0,-733,-91.625
1764840203.8442335,0,0,-1086,-135.750
1764840203.8482327,0,0,3123,390.375
1764840203.8522491,0,0,4215,526.875
1764840203.8562493,1,0,1950,243.750
1764840203.8602767,0,0,-651,-81.375
1764840203.8642468,0,0,-1161,-145.125
1764840203.8682482,0,0,2867,358.375
1764840203.8722622,0,0,4114,514.250
1764840203.876247,1,1,1954,244.250
1764840203.8802733,0,0,-575,-71.875
1764840203.8842447,0,0,-1254,-156.750
1764840203.888246,0,0,3820,477.500
1764840203.8922505,0,0,1852,231.500
1764840203.8962471,1,1,-525,-65.625
1764840203.9002755,0,0,-1286,-160.750
1764840203.9042468,0,0,2400,300.000
1764840203.9082477,0,0,3937,492.125
1764840203.9122524,0,0,1976,247.000
1764840203.9162462,1,1,-409,-51.125
1764840203.9202719,0,0,-1336,-167.000
1764840203.9242456,0,0,2586,323.250
1764840203.9282427,0,0,4182,522.750
1764840203.9322507,0,0,2114,264.250
1764840203.9362457,1,0,-353,-44.125
1764840203.9403696,0,0,-1361,-170.125
1764840203.9442544,0,0,2309,288.625
1764840203.94823,0,0,4148,518.500
1764840203.9522467,0,0,2203,275.375
1764840203.9562473,1,1,-222,-27.750
1764840203.9602764,0,0,-1447,-180.875
1764840203.9642303,0,0,1986,248.250
1764840203.968229,0,0,3987,498.375
1764840203.9722433,0,0,2199,274.875
1764840203.976246,1,1,-124,-15.500
1764840203.980273,0,0,-1566,-195.750
1764840203.9842498,0,0,2025,253.125
1764840203.9882445,0,0,4110,513.750
1764840203.9922464,0,0,2290,286.250
1764840203.9962447,1,1,-50,-6.250
1764840204.0002768,0,0,-1577,-197.125
1764840204.0042462,0,0,2007,250.875
1764840204.008244,0,0,4236,529.500
1764840204.0122483,0,0,2422,302.750
1764840204.0162458,1,1,40,5.000
1764840204.0202734,0,0,-1625,-203.125
1764840204.0242457,0,0,2000,250.000
1764840204.028241,0,0,4311,538.875
1764840204.0322454,0,0,2491,311.375
1764840204.0362413,0,0,89,11.125
1764840204.0402973,0,0,-1611,-201.375
1764840204.0442479,0,0,1193,149.125
1764840204.0482433,0,0,3642,455.250
1764840204.0522337,0,0,2232,279.000
1764840204.0562255,0,0,138,17.250
1764840204.0602276,0,0,-1672,-209.000
1764840204.0642464,0,0,1540,192.500
1764840204.068242,0,0,4116,514.500
1764840204.072244,0,0,2529,316.125
1764840204.0762405,0,0,231,28.875
1764840204.0802705,0,0,-1615,-201.875
1764840204.084246,0,0,1617,202.125
1764840204.0882425,0,0,4383,547.875
1764840204.0922437,0,0,2758,344.750
1764840204.0962422,0,0,333,41.625
1764840204.1002722,0,0,-1626,-203.250
1764840204.104242,0,0,1583,197.875
1764840204.1082435,0,0,4550,568.750
1764840204.1122472,0,0,2948,368.500
1764840204.116244,0,0,446,55.750
1764840204.1202807,0,0,-1478,-184.750
1764840204.1242309,0,0,470,58.750
1764840204.1282265,0,0,3520,440.000
1764840204.1322422,0,0,2499,312.375
1764840204.1362383,0,0,455,56.875
1764840204.1404016,0,0,-1629,-203.625
1764840204.144241,0,0,914,114.250
1764840204.1482284,0,0,3999,499.875
1764840204.1522415,0,0,2763,345.375
1764840204.1562405,0,1,508,63.500
1764840204.160267,0,0,-1596,-199.500
1764840204.1642292,0,0,1034,129.250
1764840204.1682274,0,0,4357,544.625
1764840204.1722383,0,0,3072,384.000
1764840204.1762297,0,0,634,79.250
1764840204.1802664,0,0,-1575,-196.875
1764840204.1842446,0,0,837,104.625
1764840204.1882448,0,0,4230,528.750
1764840204.1922479,0,0,3053,381.625
1764840204.1962442,0,0,654,81.750
1764840204.2002716,0,0,-1567,-195.875
1764840204.204251,0,0,909,113.625
1764840204.2082536,0,0,4484,560.500
1764840204.21224,0,0,3279,409.875
1764840204.216228,0,0,740,92.500
1764840204.2202663,0,0,-1446,-180.750
1764840204.2242434,0,0,617,77.125
1764840204.2282405,0,0,4337,542.125
1764840204.2322369,0,0,3305,413.125
1764840204.236227,0,0,802,100.250
1764840204.2402844,0,0,-1338,-167.250
1764840204.2445688,0,0,284,35.500
1764840204.248456,0,0,4072,509.000
1764840204.2522714,0,0,3236,404.500
1764840204.2562406,0,0,835,104.375
1764840204.2602742,0,0,-1242,-155.250
1764840204.264247,0,0,-10,-1.250
1764840204.2682405,0,0,3788,473.500
1764840204.2722409,0,0,3134,391.750
1764840204.2762384,0,0,845,105.625
1764840204.2802649,0,0,-1162,-145.250
1764840204.2842417,0,0,-192,-24.000
1764840204.2882383,0,0,3669,458.625
1764840204.2922432,0,0,3149,393.625
1764840204.2962408,0,0,897,112.125
1764840204.3002675,0,0,-1104,-138.000
1764840204.3042262,0,0,-262,-32.750
1764840204.3082235,0,0,3806,475.750
1764840204.3122408,0,0,3381,422.625
1764840204.3162408,0,0,1043,130.375
1764840204.3202665,0,0,-1042,-130.250
1764840204.324244,0,0,-587,-73.375
1764840204.3282402,0,0,3330,416.250
1764840204.3322308,0,0,3121,390.125
1764840204.336222,0,0,992,124.000
1764840204.3403654,0,0,-1019,-127.375
1764840204.3442676,0,0,-566,-70.750
1764840204.3482401,0,0,3538,442.250
1764840204.3522387,0,0,3389,423.625
1764840204.3562372,0,0,1145,143.125
1764840204.3602679,0,0,-986,-123.250
1764840204.3642278,0,0,-622,-77.750
1764840204.3682232,0,0,3564,445.500
1764840204.3722413,0,0,3528,441.000
1764840204.3762426,0,0,1250,156.250
1764840204.3802724,0,0,-954,-119.250
1764840204.3842442,0,0,-584,-73.000
1764840204.3882418,0,0,3732,466.500
1764840204.392243,0,0,3705,463.125
1764840204.3962393,0,0,1322,165.250
1764840204.4002662,0,0,-960,-120.000
1764840204.4042432,0,0,-575,-71.875
1764840204.4082434,0,0,3858,482.250
1764840204.4122448,0,0,3864,483.000
1764840204.4162433,0,0,1393,174.125
1764840204.4202774,0,0,-924,-115.500
1764840204.4242282,0,0,-763,-95.375
1764840204.4282248,0,0,3516,439.500
1764840204.4322398,0,0,3726,465.750
1764840204.436238,0,0,1386,173.250
1764840204.4402726,0,0,-893,-111.625
1764840204.4442654,0,0,-807,-100.875
1764840204.4482255,0,0,3485,435.625
1764840204.4522412,0,0,3775,471.875
1764840204.4562364,0,0,1424,178.000
1764840204.460262,0,0,-883,-110.375
1764840204.464237,0,0,-956,-119.500
1764840204.468239,0,0,3164,395.500
1764840204.4722412,0,0,3733,466.625
1764840204.4762394,0,0,1513,189.125
1764840204.4802618,0,0,-837,-104.625
1764840204.4842362,0,0,-918,-114.750
1764840204.4882343,0,0,3390,423.750
1764840204.4922402,0,0,3960,495.000
1764840204.496238,0,0,1611,201.375
1764840204.5002644,0,0,-772,-96.500
1764840204.504234,0,0,-1050,-131.250
1764840204.508239,0,0,2996,374.500
1764840204.5122418,0,0,3793,474.125
1764840204.5162387,0,0,1613,201.625
1764840204.520233,0,0,-774,-96.750
1764840204.524234,0,0,-1039,-129.875
1764840204.528235,0,0,3158,394.750
1764840204.5322406,0,0,4008,501.000
1764840204.5362356,0,0,1730,216.250
1764840204.5455847,0,0,3024,378.000
1764840204.5482595,0,0,4049,506.125
1764840204.5522404,0,0,1815,226.875
1764840204.556223,0,0,-740,-92.500
1764840204.5602708,0,0,-1125,-140.625
1764840204.5642393,0,0,2974,371.750
1764840204.5682347,0,0,4120,515.000
1764840204.5722315,0,0,1889,236.125
1764840204.5762231,0,0,-660,-82.500
1764840204.5802667,0,0,-1042,-130.250
1764840204.5842412,0,0,3564,445.500
1764840204.5882373,0,0,4772,596.500
1764840204.59224,0,0,2227,278.375
1764840204.5962381,0,0,-583,-72.875
1764840204.6002672,0,0,-1176,-147.000
1764840204.6042414,0,0,2859,357.375
1764840204.608237,0,0,4283,535.375
1764840204.6122391,0,0,2059,257.375
1764840204.6162386,0,0,-517,-64.625
1764840204.6202662,0,0,-1262,-157.750
1764840204.6242404,0,0,2586,323.250
1764840204.6282349,0,0,4127,515.875
1764840204.6322405,0,0,2024,253.000
1764840204.6362371,0,0,-449,-56.125
1764840204.640285,0,0,-1345,-168.125
1764840204.644267,0,0,2393,299.125
1764840204.6482224,0,0,4088,511.000
1764840204.6522176,0,0,2068,258.500
1764840204.6562214,0,0,-359,-44.875
1764840204.6602232,0,0,-1415,-176.875
1764840204.664251,0,0,2287,285.875
1764840204.6682394,0,0,4084,510.500
1764840204.6722379,0,1,2104,263.000
1764840204.6762338,0,0,-300,-37.500
1764840204.6802645,0,0,-1443,-180.375
1764840204.6842406,0,0,2072,259.000
1764840204.6882358,0,0,4093,511.625
1764840204.6922376,0,1,2216,277.000
1764840204.6962345,0,0,-161,-20.125
1764840204.7002332,0,0,-1579,-197.375
1764840204.7042363,0,0,1942,242.750
1764840204.708235,0,0,4034,504.250
1764840204.7122376,1,1,2215,276.875
1764840204.7162337,0,0,-112,-14.000
1764840204.720232,0,0,-1578,-197.250
1764840204.7242377,0,0,1712,214.000
1764840204.728235,0,0,3958,494.750
1764840204.7322385,1,1,2256,282.000
1764840204.7362316,0,0,-24,-3.000
1764840204.7402315,0,0,-1624,-203.000
1764840204.7443182,0,0,1900,237.500
1764840204.7482526,0,0,4294,536.750
1764840204.7522335,1,1,2494,311.750
1764840204.7562182,0,0,84,10.500
1764840204.7602315,0,0,-1675,-209.375
1764840204.7642384,0,0,1816,227.000
1764840204.7682383,0,0,4278,534.750
1764840204.772229,1,1,2511,313.875
1764840204.7762175,0,0,107,13.375
1764840204.7802293,0,0,-1628,-203.500
1764840204.7842364,0,0,1213,151.625
1764840204.7882354,0,0,3726,465.750
1764840204.792241,1,1,2258,282.250
1764840204.796236,0,0,106,13.250
1764840204.800234,0,0,-1675,-209.375
1764840204.8042238,0,0,1294,161.750
1764840204.8082209,0,0,3954,494.250
1764840204.8122342,1,1,2454,306.750
1764840204.8162346,0,0,201,25.125
1764840204.8202345,0,0,-1451,-181.375
1764840204.8242297,0,0,402,50.250
1764840204.8282151,0,0,3318,414.750
1764840204.8322318,1,1,2310,288.750
1764840204.8362422,0,0,348,43.500
1764840204.840282,0,0,-1572,-196.500
1764840204.8442233,0,0,890,111.250
1764840204.8482535,0,0,3959,494.875
1764840204.852236,1,1,2718,339.750
1764840204.8562353,0,0,472,59.000
1764840204.8602607,0,0,-1651,-206.375
1764840204.8642163,0,0,1228,153.500
1764840204.8682146,0,0,4418,552.250
1764840204.8722332,1,1,3004,375.500
1764840204.8762329,0,0,538,67.250
1764840204.8802714,0,0,-1551,-193.875
1764840204.8842373,0,0,375,46.875
1764840204.8882313,0,0,3474,434.250
1764840204.8922324,1,1,2505,313.125
1764840204.896236,0,0,454,56.750
1764840204.9002607,0,0,-1587,-198.375
1764840204.904234,0,0,925,115.625
1764840204.908229,0,0,4398,549.750
1764840204.9122338,1,1,3170,396.250
1764840204.9162316,0,0,673,84.125
1764840204.9202323,0,0,-1468,-183.500
1764840204.9242342,0,0,662,82.750
1764840204.928229,0,0,4259,532.375
1764840204.9322343,1,1,3179,397.375
1764840204.9362316,0,0,723,90.375
1764840204.9402313,0,0,-1425,-178.125
1764840204.9443138,0,0,609,76.125
1764840204.9482472,0,0,4396,549.500
1764840204.9522307,1,1,3371,421.375
1764840204.9562142,0,0,821,102.625
1764840204.9602308,0,0,-1341,-167.625
1764840204.9642365,0,0,337,42.125
1764840204.9682343,0,0,4163,520.375
1764840204.9722238,1,1,3295,411.875
1764840204.9762151,0,0,827,103.375
1764840204.9802306,0,0,-1272,-159.000
1764840204.9842355,0,0,149,18.625
1764840204.9882345,0,0,4078,509.750
1764840204.9922345,1,1,3334,416.750
1764840204.9962306,0,0,881,110.125
1764840205.0002303,0,0,-1151,-143.875
1764840205.0042384,0,0,-249,-31.125
1764840205.008232,0,0,3642,455.250
1764840205.0122354,1,1,3146,393.250
1764840205.0162303,0,0,873,109.125
1764840205.0202296,0,0,-1120,-140.000
1764840205.0242314,0,0,-255,-31.875
1764840205.0282311,0,0,3792,474.000
1764840205.032241,1,1,3338,417.250
1764840205.0362391,0,0,973,121.625
1764840205.0402327,0,0,-1060,-132.500
1764840205.0442216,0,0,-454,-56.750
1764840205.048229,0,0,3656,457.000
1764840205.052233,1,1,3365,420.625
1764840205.0562315,0,0,1042,130.250
1764840205.0602295,0,0,-1027,-128.375
1764840205.0642145,0,0,-598,-74.750
1764840205.068217,0,0,3513,439.125
1764840205.0722308,1,1,3383,422.875
1764840205.0762296,0,0,1105,138.125
1764840205.0802295,0,0,-1038,-129.750
1764840205.0842292,0,0,-496,-62.000
1764840205.088232,0,0,3790,473.750
1764840205.0922315,1,1,3614,451.750
1764840205.0962312,0,0,1182,147.750
1764840205.1002264,0,0,-1032,-129.000
1764840205.104229,0,0,-600,-75.000
1764840205.1082296,0,0,3680,460.000
1764840205.112235,1,1,3620,452.500
1764840205.1162293,0,0,1212,151.500
1764840205.1202261,0,0,-1030,-128.750
1764840205.1242294,0,0,-460,-57.500
1764840205.1282287,0,0,4175,521.875
1764840205.1322327,1,1,4096,512.000
1764840205.13623,0,0,1415,176.875
1764840205.1402276,0,0,-920,-115.000
1764840205.1443088,0,0,-904,-113.000
1764840205.1482408,0,0,3138,392.250
1764840205.1522672,1,1,3476,434.500
1764840205.1562157,0,0,1266,158.250
1764840205.1602263,0,0,-924,-115.500
1764840205.1642156,0,0,-836,-104.500
1764840205.1682127,0,0,3448,431.000
1764840205.172215,1,1,3772,471.500
1764840205.1762137,0,0,1394,174.250
1764840205.180229,0,0,-944,-118.000
1764840205.1842303,0,0,-821,-102.625
1764840205.18823,0,0,3614,451.750
1764840205.192243,1,1,4033,504.125
1764840205.1962302,0,0,1547,193.375
1764840205.2002296,0,0,-850,-106.250
1764840205.2042384,0,0,3664,458.000
1764840205.208235,0,0,4223,527.875
1764840205.2122252,1,1,1683,210.375
1764840205.2162135,0,0,-805,-100.625
1764840205.2202291,0,0,-1011,-126.375
1764840205.224235,0,0,3182,397.750
1764840205.228229,0,0,3967,495.875
1764840205.2322192,1,1,1638,204.750
1764840205.2362165,0,0,-814,-101.750
1764840205.240229,0,0,-993,-124.125
1764840205.2445543,0,0,3372,421.500
1764840205.2484407,0,0,4238,529.750
1764840205.252297,1,1,1794,224.250
1764840205.2562253,0,0,-794,-99.250
1764840205.2602262,0,0,-1101,-137.625
1764840205.2642326,0,0,3001,375.125
1764840205.2682347,0,0,4026,503.250
1764840205.2722235,1,1,1744,218.000
1764840205.2762249,0,0,-786,-98.250
1764840205.2802272,0,0,-1073,-134.125
1764840205.2842343,0,0,3255,406.875
1764840205.2882264,0,0,4356,544.500
1764840205.2922199,1,1,1928,241.000
1764840205.2962108,0,0,-717,-89.625
1764840205.3002114,0,0,-1128,-141.000
1764840205.3042188,0,0,3089,386.125
1764840205.308215,0,0,4337,542.125
1764840205.312226,1,1,1968,246.000
1764840205.3162267,0,0,-654,-81.750
1764840205.3202262,0,0,-1152,-144.000
1764840205.3242323,0,0,3054,381.750
1764840205.3282294,0,0,4491,561.375
1764840205.3322325,1,1,2117,264.625
1764840205.336226,0,0,-555,-69.375
1764840205.3402274,0,0,-1235,-154.375
1764840205.344306,0,0,2767,345.875
1764840205.3482406,0,0,4351,543.875
1764840205.352261,1,1,2106,263.250
1764840205.356214,0,0,-484,-60.500
1764840205.3602245,0,0,-1309,-163.625
1764840205.364231,0,0,2648,331.000
1764840205.36823,0,0,4393,549.125
1764840205.372222,1,1,2190,273.750
1764840205.3762112,0,0,-394,-49.250
1764840205.3802242,0,0,-1380,-172.500
1764840205.3842347,0,0,2277,284.625
1764840205.38823,0,0,4204,525.500
1764840205.3922331,1,1,2182,272.750
1764840205.396227,0,0,-296,-37.000
1764840205.4002223,0,0,-1482,-185.250
1764840205.4042292,0,0,2030,253.750
1764840205.4082258,0,0,4048,506.000
1764840205.412229,1,1,2142,267.750
1764840205.416227,0,0,-234,-29.250
1764840205.4202232,0,0,-1580,-197.500
1764840205.4242237,0,0,1910,238.750
1764840205.4282246,0,0,4028,503.500
1764840205.4322302,1,1,2177,272.125
1764840205.4362257,0,0,-174,-21.750
1764840205.44022,0,0,-1592,-199.000
1764840205.444227,0,0,2008,251.000
1764840205.4482248,0,0,4206,525.750
1764840205.4522293,1,1,2298,287.250
1764840205.4562602,0,0,-114,-14.250
1764840205.460229,0,0,-1606,-200.750
1764840205.464225,0,0,2137,267.125
1764840205.4682226,0,0,4599,574.875
1764840205.4722276,1,1,2624,328.000
1764840205.476227,0,0,29,3.625
1764840205.4802258,0,0,-1593,-199.125
1764840205.4842618,0,0,1889,236.125
1764840205.488236,0,0,4479,559.875
1764840205.4922168,1,1,2624,328.000
1764840205.496209,0,0,84,10.500
1764840205.5002224,0,0,-1604,-200.500
1764840205.5042276,0,0,1616,202.000
1764840205.5082233,0,0,4321,540.125
1764840205.5122137,1,1,2611,326.375
1764840205.5162094,0,0,140,17.500
1764840205.5202243,0,0,-1469,-183.625
1764840205.524229,0,0,402,50.250
1764840205.5282245,0,0,3277,409.625
1764840205.5322256,1,1,2213,276.625
1764840205.5362258,0,0,215,26.875
1764840205.5402272,0,0,-1672,-209.000
1764840205.549542,0,0,4426,553.250
1764840205.5522711,1,1,2838,354.750
1764840205.5562558,0,0,336,42.000
1764840205.5602136,0,0,-1654,-206.750
1764840205.5642152,0,0,1438,179.750
1764840205.5682123,0,0,4542,567.750
1764840205.572222,1,1,2955,369.375
1764840205.576223,0,0,380,47.500
1764840205.5802276,0,0,-1590,-198.750
1764840205.5842113,0,0,1074,134.250
1764840205.5882103,0,0,4375,546.875
1764840205.592225,1,1,2990,373.750
1764840205.5962212,0,0,469,58.625
1764840205.6002243,0,0,-1526,-190.750
1764840205.6042283,0,0,911,113.875
1764840205.6082277,0,0,4305,538.125
1764840205.6122265,1,1,3012,376.500
1764840205.6162288,0,0,506,63.250
1764840205.6202269,0,0,-1503,-187.875
1764840205.6242108,0,0,664,83.000
1764840205.628209,0,0,4195,524.375
1764840205.632224,1,1,3053,381.625
1764840205.6362216,0,0,577,72.125
1764840205.6402192,0,0,-1529,-191.125
1764840205.644214,0,0,886,110.750
1764840205.6482105,0,0,4600,575.000
1764840205.6522248,1,1,3356,419.500
1764840205.6562226,0,0,670,83.750
1764840205.6602237,0,0,-1380,-172.500
1764840205.6642241,0,0,192,24.000
1764840205.6682246,0,0,3857,482.125
1764840205.6722176,1,1,2998,374.750
1764840205.676206,0,0,632,79.000
1764840205.6802053,0,0,-1357,-169.625
1764840205.6842628,0,0,338,42.250
1764840205.688224,0,0,4194,524.250
1764840205.6922252,1,1,3281,410.125
1764840205.6962225,0,0,739,92.375
1764840205.7002215,0,0,-1211,-151.375
1764840205.7042222,0,0,-73,-9.125
1764840205.7082236,0,0,3853,481.625
1764840205.7122276,1,1,3203,400.375
1764840205.7162223,0,0,795,99.375
1764840205.7202222,0,0,-1186,-148.250
1764840205.724223,0,0,-126,-15.750
1764840205.728221,0,0,3900,487.500
1764840205.7322273,1,1,3310,413.750
1764840205.736223,0,0,861,107.625
1764840205.7402196,0,0,-1119,-139.875
1764840205.7442217,0,0,-322,-40.250
1764840205.7483008,0,0,3805,475.625
1764840205.752232,1,1,3376,422.000
1764840205.7562099,0,0,948,118.500
1764840205.7602232,0,0,-1077,-134.625
1764840205.7642274,0,0,-478,-59.750
1764840205.7682245,0,0,3585,448.125
1764840205.7722173,1,1,3270,408.750
1764840205.7762084,0,0,926,115.750
1764840205.7802203,0,0,-1073,-134.125
1764840205.7842247,0,0,-587,-73.375
1764840205.7882204,0,0,3538,442.250
1764840205.7922242,1,1,3379,422.375
1764840205.7962196,0,0,1035,129.375
1764840205.8002212,0,0,-1061,-132.625
1764840205.8042128,0,0,-535,-66.875
1764840205.8082056,0,0,3762,470.250
1764840205.8122206,1,1,3605,450.625
1764840205.8162196,0,0,1132,141.500
1764840205.820222,0,0,-1058,-132.250
1764840205.8242245,0,0,-495,-61.875
1764840205.8282194,0,0,4032,504.000
1764840205.83222,1,1,3945,493.125
1764840205.8362193,0,0,1311,163.875
1764840205.8402216,0,0,-1024,-128.000
1764840205.8442214,0,0,-568,-71.000
1764840205.848202,0,0,3972,496.500
1764840205.8522167,1,1,1340,167.500
1764840205.8562186,0,0,-1014,-126.750
1764840205.8602214,0,0,-689,-86.125
1764840205.8642192,0,0,3802,475.250
1764840205.8682199,0,0,3977,497.125
1764840205.8722231,1,1,1391,173.875
1764840205.8762262,0,0,-967,-120.875
1764840205.8802292,0,0,-732,-91.500
1764840205.8842096,0,0,3787,473.375
1764840205.8882027,0,0,4058,507.250
1764840205.8922153,1,1,1452,181.500
1764840205.8962193,0,0,-975,-121.875
1764840205.9002202,0,0,-838,-104.750
1764840205.9042027,0,0,3597,449.625
1764840205.9082043,0,0,4051,506.375
1764840205.9122193,1,1,1509,188.625
1764840205.916218,0,0,-917,-114.625
1764840205.9202194,0,0,-1036,-129.500
1764840205.924224,0,0,2992,374.000
1764840205.9282215,0,0,3677,459.625
1764840205.9322221,1,1,1411,176.375
1764840205.9362187,0,0,-917,-114.625
1764840205.940218,0,0,-992,-124.000
1764840205.9442196,0,0,3290,411.250
1764840205.948294,0,0,4055,506.875
1764840205.9522305,1,1,1624,203.000
1764840205.9562042,0,0,-910,-113.750
1764840205.9602323,0,0,-991,-123.875
1764840205.9642253,0,0,3404,425.500
1764840205.9682205,0,0,4244,530.500
1764840205.9722157,1,1,1734,216.750
1764840205.9762018,0,0,-846,-105.750
1764840205.9802134,0,0,-1142,-142.750
1764840205.9842327,0,0,2808,351.000
1764840205.9882212,0,0,3880,485.000
1764840205.992225,1,1,1642,205.250
1764840205.9962199,0,0,-823,-102.875
1764840206.0002136,0,0,-1150,-143.750
1764840206.004221,0,0,2880,360.000
1764840206.0082207,0,0,4100,512.500
1764840206.012225,1,1,1813,226.625
1764840206.016218,0,0,-728,-91.000
1764840206.0202165,0,0,-1139,-142.375
1764840206.0242176,0,0,3082,385.250
1764840206.028217,0,0,4354,544.250
1764840206.0322218,1,1,1950,243.750
1764840206.0362194,0,0,-673,-84.125
1764840206.0402167,0,0,-1207,-150.875
1764840206.0442195,0,0,2745,343.125
1764840206.048226,0,0,4214,526.750
1764840206.052216,1,1,1960,245.000
1764840206.0562005,0,0,-586,-73.250
1764840206.0602293,0,0,-1279,-159.875
1764840206.064221,0,0,2652,331.500
1764840206.0682154,0,0,4275,534.375
1764840206.0722096,1,1,2053,256.625
1764840206.0762017,0,0,-492,-61.500
1764840206.0802152,0,0,-1403,-175.375
1764840206.0842204,0,0,1978,247.250
1764840206.0882156,0,0,3785,473.125
1764840206.0922194,1,1,1894,236.750
1764840206.096218,0,0,-407,-50.875
1764840206.1002176,0,0,-1447,-180.875
1764840206.104216,0,0,2597,324.625
1764840206.1082146,0,0,4451,556.375
1764840206.1122205,1,1,2241,280.125
1764840206.1162186,0,0,-328,-41.000
1764840206.120219,0,0,-1486,-185.750
1764840206.124219,0,0,2270,283.750
1764840206.1282153,0,0,4303,537.875
1764840206.1322186,1,1,2245,280.625
1764840206.1362178,0,0,-250,-31.250
1764840206.1402187,0,0,-1552,-194.000
1764840206.1442206,0,0,2284,285.500
1764840206.1482859,0,0,4463,557.875
1764840206.152224,1,1,2389,298.625
1764840206.1562004,0,0,-167,-20.875
1764840206.1602883,0,0,-1549,-193.625
1764840206.164223,0,0,2104,263.000
1764840206.1682184,0,0,4469,558.625
1764840206.1722097,1,1,2482,310.250
1764840206.1762035,0,0,-79,-9.875
1764840206.1802135,0,0,-1604,-200.500
1764840206.1842155,0,0,2088,261.000
1764840206.1882033,0,0,4558,569.750
1764840206.192216,1,1,2571,321.375
1764840206.196213,0,0,-23,-2.875
1764840206.200226,0,0,-1651,-206.375
1764840206.20422,0,0,1810,226.250
1764840206.2082167,0,0,4401,550.125
1764840206.2122192,1,1,2559,319.875
1764840206.216221,0,0,24,3.000
1764840206.220215,0,0,-1415,-176.875
1764840206.224218,0,0,141,17.625
1764840206.228217,0,0,2917,364.625
1764840206.2322292,1,1,1969,246.125
1764840206.2362163,0,0,119,14.875
1764840206.240233,0,0,-1822,-227.750
1764840206.2445261,0,0,2138,267.250
1764840206.248433,0,0,4987,623.375
1764840206.2522445,1,1,3015,376.875
1764840206.2562258,0,0,247,30.875
1764840206.260214,0,0,-1639,-204.875
1764840206.2642221,0,0,1382,172.750
1764840206.268222,0,0,4470,558.750
1764840206.272223,1,1,2879,359.875
1764840206.2762156,0,0,313,39.125
1764840206.280212,0,0,-1576,-197.000
1764840206.2842171,0,0,906,113.250
1764840206.2882187,0,0,3994,499.250
1764840206.2922215,1,1,2655,331.875
1764840206.2962153,0,0,293,36.625
1764840206.3002138,0,0,-1543,-192.875
1764840206.3041995,0,0,773,96.625
1764840206.308223,0,0,4091,511.375
1764840206.3122184,1,1,2848,356.000
1764840206.316214,0,0,429,53.625
1764840206.3202121,0,0,-1586,-198.250
1764840206.3242157,0,0,980,122.500
1764840206.3282123,0,0,4458,557.250
1764840206.3322139,1,1,3123,390.375
1764840206.3362126,0,0,518,64.750
1764840206.3402112,0,0,-1503,-187.875
1764840206.344217,0,0,859,107.375
1764840206.3482862,0,0,4527,565.875
1764840206.3522255,1,1,3273,409.125
1764840206.356203,0,0,608,76.000
1764840206.3602107,0,0,-1476,-184.500
1764840206.364218,0,0,634,79.250
1764840206.3682132,0,0,4377,547.125
1764840206.3722076,1,1,3255,406.875
1764840206.3761988,0,0,636,79.500
1764840206.3802125,0,0,-1384,-173.000
1764840206.384219,0,0,349,43.625
1764840206.3882134,0,0,4142,517.750
1764840206.392228,1,1,3190,398.750
1764840206.396215,0,0,654,81.750
1764840206.4002147,0,0,-1289,-161.125
1764840206.4042144,0,0,143,17.875
1764840206.4082232,0,0,4086,510.750
1764840206.412205,1,1,3280,410.000
1764840206.4161985,0,0,746,93.250
1764840206.4202085,0,0,-1205,-150.625
1764840206.4242296,0,0,-77,-9.625
1764840206.428224,0,0,3936,492.000
1764840206.4322102,1,1,3299,412.375
1764840206.4361992,0,0,807,100.875
1764840206.4402194,0,0,-1170,-146.250
1764840206.4442174,0,0,-363,-45.375
1764840206.448212,0,0,3534,441.750
1764840206.452204,1,1,3064,383.000
1764840206.4562051,0,0,749,93.625
1764840206.4602108,0,0,-1172,-146.500
1764840206.4643254,0,0,-232,-29.000
1764840206.4682624,0,0,3967,495.875
1764840206.4722621,1,1,3478,434.750
1764840206.4762552,0,0,933,116.625
1764840206.4802957,0,0,-1119,-139.875
1764840206.4842606,0,0,-292,-36.500
1764840206.4882553,0,0,4020,502.500
1764840206.4922578,1,1,3606,450.750
1764840206.4962533,0,0,1007,125.875
1764840206.5002906,0,0,-1121,-140.125
1764840206.5042548,0,0,3838,479.750
1764840206.5082552,0,0,3602,450.250
1764840206.5122597,1,1,1061,132.625
1764840206.516253,0,0,-1049,-131.125
1764840206.5202851,0,0,-843,-105.375
1764840206.5242574,0,0,3066,383.250
1764840206.5282571,0,0,3134,391.750
1764840206.5322607,1,1,942,117.750
1764840206.53625,0,0,-1070,-133.750
1764840206.5402946,0,0,-666,-83.250
1764840206.5442564,0,0,3645,455.625
1764840206.5547738,1,1,1171,146.375
1764840206.5566602,0,0,-1145,-143.125
1764840206.560306,0,0,-332,-41.500
1764840206.5643504,0,0,4510,563.750
1764840206.5682037,0,0,4311,538.875
1764840206.572215,1,1,1379,172.375
1764840206.576225,0,0,-1037,-129.625
1764840206.5802114,0,0,-656,-82.000
1764840206.5841968,0,0,3929,491.125
1764840206.588198,0,0,4089,511.125
1764840206.5922115,1,1,1392,174.000
1764840206.596223,0,0,-1037,-129.625
1764840206.6002097,0,0,-783,-97.875
1764840206.6042128,0,0,3698,462.250
1764840206.608213,0,0,4030,503.750
1764840206.6122243,1,1,1415,176.875
1764840206.6162114,0,0,-994,-124.250
1764840206.6202092,0,0,-1032,-129.000
1764840206.6242087,0,0,2968,371.000
1764840206.6282115,0,0,3615,451.875
1764840206.632216,1,1,1337,167.125
1764840206.6362085,0,0,-958,-119.750
1764840206.6402075,0,0,-1108,-138.500
1764840206.6442554,0,0,2728,341.000
1764840206.6482081,0,0,3453,431.625
1764840206.652213,1,1,1278,159.750
1764840206.6562114,0,0,-948,-118.500
1764840206.6602137,0,0,-951,-118.875
1764840206.6642423,0,0,3498,437.250
1764840206.6682067,0,0,4252,531.500
1764840206.6722147,1,1,1682,210.250
1764840206.6762133,0,0,-882,-110.250
1764840206.6802175,0,0,-1090,-136.250
1764840206.684198,0,0,2990,373.750
1764840206.6881912,0,0,3960,495.000
1764840206.692194,1,1,1618,202.250
1764840206.696194,0,0,-898,-112.250
1764840206.7001936,0,0,-1109,-138.625
1764840206.7041929,0,0,3054,381.750
1764840206.7081916,0,0,4143,517.875
1764840206.712223,1,1,1753,219.125
1764840206.7162137,0,0,-805,-100.625
1764840206.720211,0,0,-1112,-139.000
1764840206.7242136,0,0,3139,392.375
1764840206.7282212,0,0,4360,545.000
1764840206.7322128,1,1,1908,238.500
1764840206.7362099,0,0,-736,-92.000
1764840206.740211,0,0,-1149,-143.625
1764840206.7442226,0,0,3046,380.750
1764840206.7482076,0,0,4426,553.250
1764840206.7522933,1,1,2001,250.125
1764840206.756223,0,0,-648,-81.000
1764840206.7602262,0,0,-1277,-159.625
1764840206.7642338,0,0,2601,325.125
1764840206.7681994,0,0,4112,514.000
1764840206.7722075,1,1,1892,236.500
1764840206.7762203,0,0,-613,-76.625
1764840206.7802124,0,0,-1323,-165.375
1764840206.7841957,0,0,2476,309.500
1764840206.788194,0,0,4194,524.250
1764840206.7922087,1,1,2030,253.750
1764840206.7962084,0,0,-491,-61.375
1764840206.800208,0,0,-1373,-171.625
1764840206.8041975,0,0,2572,321.500
1764840206.8081927,0,0,4415,551.875
1764840206.812206,1,1,2194,274.250
1764840206.8162074,0,0,-401,-50.125
1764840206.8202064,0,0,-1407,-175.875
1764840206.8242347,0,0,2587,323.375
1764840206.8282082,0,0,4624,578.000
1764840206.8322113,1,1,2384,298.000
1764840206.836203,0,0,-276,-34.500
1764840206.8402038,0,0,-1493,-186.625
1764840206.844244,0,0,2635,329.375
1764840206.848208,0,0,4762,595.250
1764840206.8522096,1,1,2487,310.875
1764840206.8562033,0,0,-235,-29.375
1764840206.8602057,0,0,-1546,-193.250
1764840206.8642364,0,0,2012,251.500
1764840206.8682294,0,0,4313,539.125
1764840206.872208,1,1,2342,292.750
1764840206.8762064,0,0,-175,-21.875
1764840206.8802059,0,0,-1603,-200.375
1764840206.8842323,0,0,2111,263.875
1764840206.8882065,0,0,4551,568.875
1764840206.8922114,1,1,2528,316.000
1764840206.8962066,0,0,-94,-11.750
1764840206.900202,0,0,-1550,-193.750
1764840206.9042287,0,0,1784,223.000
1764840206.908208,0,0,4442,555.250
1764840206.9122102,1,1,2592,324.000
1764840206.9162066,0,0,8,1.000
1764840206.9202073,0,0,-1448,-181.000
1764840206.9242086,0,0,177,22.125
1764840206.9282084,0,0,2942,367.750
1764840206.9322095,1,1,1964,245.500
1764840206.936206,0,0,83,10.375
1764840206.940208,0,0,-1760,-220.000
1764840206.9442043,0,0,2131,266.375
1764840206.9482048,0,0,4994,624.250
1764840206.9522893,1,1,3011,376.375
1764840206.9562166,0,0,223,27.875
1764840206.960207,0,0,-1633,-204.125
1764840206.9642277,0,0,1785,223.125
1764840206.9681923,0,0,4866,608.250
1764840206.972208,1,1,3052,381.500
1764840206.976229,0,0,293,36.625
1764840206.9802125,0,0,-1616,-202.000
1764840206.9841902,0,0,1329,166.125
1764840206.988187,0,0,4495,561.875
1764840206.9922068,1,1,2917,364.625
1764840206.996206,0,0,304,38.000
1764840207.0002067,0,0,-1530,-191.250
1764840207.0042174,0,0,864,108.000
1764840207.0081873,0,0,4112,514.000
1764840207.0122085,1,1,2786,348.250
1764840207.0162075,0,0,331,41.375
1764840207.020209,0,0,-1533,-191.625
1764840207.0242088,0,0,889,111.125
1764840207.0282042,0,0,4315,539.375
1764840207.0322082,1,1,2995,374.375
1764840207.036208,0,0,431,53.875
1764840207.0402071,0,0,-1558,-194.750
1764840207.0442414,0,0,988,123.500
1764840207.0482018,0,0,4605,575.625
1764840207.0521955,1,1,3251,406.375
1764840207.0561893,0,0,530,66.250
1764840207.0601904,0,0,-1472,-184.000
1764840207.0641906,0,0,503,62.875
1764840207.0681884,0,0,4241,530.125
1764840207.0722013,1,1,3174,396.750
1764840207.0762048,0,0,593,74.125
1764840207.080206,0,0,-1363,-170.375
1764840207.0842347,0,0,250,31.250
1764840207.088205,0,0,4075,509.375
1764840207.0922062,1,1,3169,396.125
1764840207.0962007,0,0,651,81.375
1764840207.1002054,0,0,-1312,-164.000
1764840207.104231,0,0,182,22.750
1764840207.108205,0,0,4080,510.000
1764840207.1122057,1,1,3236,404.500
1764840207.1162016,0,0,697,87.125
1764840207.1202016,0,0,-1208,-151.000
1764840207.1242316,0,0,-154,-19.250
1764840207.128205,0,0,3782,472.750
1764840207.1322067,1,1,3161,395.125
1764840207.1362026,0,0,740,92.500
1764840207.140203,0,0,-1153,-144.125
1764840207.1442344,0,0,-106,-13.250
1764840207.1482055,0,0,4086,510.750
1764840207.1522844,1,1,3489,436.125
1764840207.156217,0,0,903,112.875
1764840207.1602058,0,0,-1168,-146.000
1764840207.1642258,0,0,4274,534.250
1764840207.1682227,0,0,3680,460.000
1764840207.1722045,1,1,979,122.375
1764840207.176203,0,0,-1097,-137.125
1764840207.1802058,0,0,-231,-28.875
1764840207.184214,0,0,4224,528.000
1764840207.1881893,0,0,3786,473.250
1764840207.1922038,1,1,1076,134.500
1764840207.1962047,0,0,-1127,-140.875
1764840207.2002006,0,0,-271,-33.875
1764840207.2042162,0,0,4226,528.250
1764840207.2081888,0,0,3835,479.375
1764840207.212201,1,1,1095,136.875
1764840207.2162037,0,0,-1102,-137.750
1764840207.220201,0,0,-479,-59.875
1764840207.224229,0,0,3989,498.625
1764840207.2282038,0,0,3825,478.125
1764840207.2322068,1,1,1166,145.750
1764840207.2362041,0,0,-1023,-127.875
1764840207.2402,0,0,-752,-94.000
1764840207.244574,0,0,3428,428.500
1764840207.2484126,0,0,3517,439.625
1764840207.2522445,1,1,1107,138.375
1764840207.2562013,0,0,-1046,-130.750
1764840207.2601979,0,0,-731,-91.375
1764840207.2641995,0,0,3536,442.000
1764840207.2682018,0,0,3621,452.625
1764840207.2722032,1,1,1140,142.500
1764840207.2761967,0,0,-1057,-132.125
1764840207.280198,0,0,-672,-84.000
1764840207.2842045,0,0,3860,482.500
1764840207.2882106,0,0,4023,502.875
1764840207.2922018,1,1,1359,169.875
1764840207.2961864,0,0,-1041,-130.125
1764840207.3001943,0,0,-656,-82.000
1764840207.3043344,0,0,4084,510.500
1764840207.3082073,0,0,4341,542.625
1764840207.3122044,1,1,1536,192.000
1764840207.3162003,0,0,-931,-116.375
1764840207.3201993,0,0,-899,-112.375
1764840207.3242033,0,0,3444,430.500
1764840207.3281975,0,0,4006,500.750
1764840207.332201,1,1,1486,185.750
1764840207.3362012,0,0,-957,-119.625
1764840207.3402004,0,0,-908,-113.500
1764840207.3442016,0,0,3525,440.625
1764840207.3481982,0,0,4171,521.375
1764840207.3522835,1,1,1591,198.875
1764840207.356219,0,0,-959,-119.875
1764840207.3602028,0,0,-895,-111.875
1764840207.3642237,0,0,3677,459.625
1764840207.3681867,0,0,4343,542.875
1764840207.3722205,1,1,1664,208.000
1764840207.3761852,0,0,-948,-118.500
1764840207.3801887,0,0,-937,-117.125
1764840207.3841896,0,0,3656,457.000
1764840207.3881888,0,0,4513,564.125
1764840207.3921986,1,1,1814,226.750
1764840207.3962026,0,0,-879,-109.875
1764840207.4002018,0,0,-1079,-134.875
1764840207.404233,0,0,3146,393.250
1764840207.4082017,0,0,4206,525.750
1764840207.412203,1,1,1737,217.125
1764840207.4161987,0,0,-875,-109.375
1764840207.4201994,0,0,-1040,-130.000
1764840207.4242015,0,0,3463,432.875
1764840207.42821,0,0,4616,577.000
1764840207.432198,1,1,1972,246.500
1764840207.4361854,0,0,-794,-99.250
1764840207.4401972,0,0,-1194,-149.250
1764840207.444209,0,0,2655,331.875
1764840207.4482007,0,0,4008,501.000
1764840207.4521928,1,1,1746,218.250
1764840207.4561834,0,0,-756,-94.500
1764840207.4601963,0,0,-1204,-150.500
1764840207.4642057,0,0,2714,339.250
1764840207.4681978,0,0,4272,534.000
1764840207.4722147,1,1,1973,246.625
1764840207.4762,0,0,-608,-76.000
1764840207.4801955,0,0,-1256,-157.000
1764840207.4842265,0,0,3053,381.625
1764840207.4882002,0,0,4705,588.125
1764840207.4922037,1,1,2224,278.000
1764840207.4961956,0,0,-532,-66.500
1764840207.5001943,0,0,-1340,-167.500
1764840207.5041962,0,0,2631,328.875
1764840207.5081987,0,0,4447,555.875
1764840207.5121999,1,1,2161,270.125
1764840207.5161958,0,0,-467,-58.375
1764840207.520195,0,0,-1411,-176.375
1764840207.524199,0,0,2525,315.625
1764840207.5281997,0,0,4484,560.500
1764840207.532201,1,1,2242,280.250
1764840207.5361977,0,0,-388,-48.500
1764840207.5401993,0,0,-1508,-188.500
1764840207.544197,0,0,2252,281.500
1764840207.5481951,0,0,4373,546.625
1764840207.5574856,0,0,-295,-36.875
1764840207.5602121,0,0,-1558,-194.750
1764840207.5641913,0,0,3124,390.500
1764840207.5681827,0,0,5261,657.625
1764840207.5721977,1,1,2701,337.625
1764840207.5762405,0,0,-270,-33.750
1764840207.5801988,0,0,-1505,-188.125
1764840207.5841825,0,0,2040,255.000
1764840207.5881822,0,0,4557,569.625
1764840207.5922008,1,1,2544,318.000
1764840207.5962043,0,0,-125,-15.625
1764840207.6002007,0,0,-1462,-182.750
1764840207.6042283,0,0,699,87.375
1764840207.6081965,0,0,3384,423.000
1764840207.612202,1,1,2081,260.125
1764840207.6161995,0,0,-38,-4.750
1764840207.6202009,0,0,-1604,-200.500
1764840207.6242263,0,0,1590,198.750
1764840207.6281962,0,0,4307,538.375
1764840207.6321998,1,1,2556,319.500
1764840207.6361978,0,0,45,5.625
1764840207.6401985,0,0,-1677,-209.625
1764840207.6442056,0,0,1910,238.750
1764840207.6481974,0,0,4767,595.875
1764840207.6521995,1,1,2850,356.250
1764840207.6561975,0,0,120,15.000
1764840207.660199,0,0,-1632,-204.000
1764840207.6641989,0,0,1617,202.125
1764840207.6681957,0,0,4685,585.625
1764840207.6721973,1,1,2923,365.375
1764840207.676228,0,0,210,26.250
1764840207.6801991,0,0,-1609,-201.125
1764840207.6842005,0,0,1270,158.750
1764840207.6881979,0,0,4447,555.875
1764840207.6922011,1,1,2871,358.875
1764840207.6961958,0,0,253,31.625
1764840207.7001982,0,0,-1637,-204.625
1764840207.7042036,0,0,1132,141.500
1764840207.7082078,0,0,4386,548.250
1764840207.7121928,1,1,2889,361.125
1764840207.7161806,0,0,282,35.250
1764840207.7201846,0,0,-1580,-197.500
1764840207.7242017,0,0,989,123.625
1764840207.728198,0,0,4393,549.125
1764840207.7321851,1,1,2989,373.625
1764840207.73618,0,0,358,44.750
1764840207.7401936,0,0,-1576,-197.000
1764840207.7442005,0,0,1005,125.625
1764840207.7481976,0,0,4600,575.000
1764840207.7522001,1,1,3203,400.375
1764840207.7562764,0,0,454,56.750
1764840207.760208,0,0,-1521,-190.125
1764840207.7641866,0,0,712,89.000
1764840207.7681863,0,0,4413,551.625
1764840207.772196,1,1,3188,398.500
1764840207.7761946,0,0,498,62.250
1764840207.7801933,0,0,-1447,-180.875
1764840207.7841792,0,0,633,79.125
1764840207.788181,0,0,4545,568.125
1764840207.7921991,1,1,3394,424.250
1764840207.796195,0,0,617,77.125
1764840207.8001928,0,0,-1337,-167.125
1764840207.8041828,0,0,267,33.375
1764840207.8081815,0,0,4221,527.625
1764840207.8121984,1,1,3291,411.375
1764840207.8161976,0,0,643,80.375
1764840207.8201933,0,0,47,5.875
1764840207.8241942,0,0,4083,510.375
1764840207.8282015,0,0,3311,413.875
1764840207.832198,1,1,705,88.125
1764840207.8361828,0,0,-1257,-157.125
1764840207.8401926,0,0,116,14.500
1764840207.8441973,0,0,4325,540.625
1764840207.848192,0,0,3548,443.500
1764840207.8521886,1,1,803,100.375
1764840207.8561816,0,0,-1174,-146.750
1764840207.8601906,0,0,-259,-32.375
1764840207.8641963,0,0,3915,489.375
1764840207.868194,0,0,3388,423.500
1764840207.8721955,1,1,808,101.000
1764840207.8761945,0,0,-1152,-144.000
1764840207.8802755,0,0,-494,-61.750
1764840207.8842385,0,0,3679,459.875
1764840207.8882189,0,0,3370,421.250
1764840207.8922386,1,1,882,110.250
1764840207.8962395,0,0,-1151,-143.875
1764840207.9002702,0,0,-264,-33.000
1764840207.9042404,0,0,4245,530.625
1764840207.9082384,0,0,3832,479.000
1764840207.9122407,1,1,1052,131.500
1764840207.9162369,0,0,-1117,-139.625
1764840207.9202676,0,0,-464,-58.000
1764840207.9242406,0,0,4021,502.625
1764840207.9282362,0,0,3834,479.250
1764840207.9322379,1,1,1130,141.250
1764840207.9362376,0,0,-1106,-138.250
1764840207.9402707,0,0,-408,-51.000
1764840207.9442382,0,0,4286,535.750
1764840207.9482334,0,0,4119,514.875
1764840207.9522393,1,1,1261,157.625
1764840207.9563196,0,0,-1092,-136.500
1764840207.9602947,0,0,-435,-54.375
1764840207.9642258,0,0,4344,543.000
1764840207.9682224,0,0,4249,531.125
1764840207.9722335,1,1,1330,166.250
1764840207.976235,0,0,-1042,-130.250
1764840207.9803572,0,0,-709,-88.625
1764840207.984183,0,0,3777,472.125
1764840207.9881797,0,0,3984,498.000
1764840207.9921923,1,1,1308,163.500
1764840207.9961927,0,0,-1026,-128.250
1764840208.000195,0,0,-808,-101.000
1764840208.004197,0,0,3589,448.625
1764840208.008194,0,0,3932,491.500
1764840208.0121992,1,1,1326,165.750
1764840208.0161924,0,0,-1045,-130.625
1764840208.0201948,0,0,-719,-89.875
1764840208.024194,0,0,3994,499.250
1764840208.0281954,0,0,4347,543.375
1764840208.0321953,1,1,1517,189.625
1764840208.0361905,0,0,-976,-122.000
1764840208.0401914,0,0,-837,-104.625
1764840208.0441966,0,0,3754,469.250
1764840208.048194,0,0,4326,540.750
1764840208.0521853,1,1,1586,198.250
1764840208.0561743,0,0,-982,-122.750
1764840208.0601768,0,0,-901,-112.625
1764840208.0641959,0,0,3648,456.000
1764840208.0681915,0,0,4363,545.375
1764840208.072195,1,1,1651,206.375
1764840208.0761893,0,0,-933,-116.625
1764840208.0802035,0,0,-1012,-126.500
1764840208.084224,0,0,3333,416.625
1764840208.088193,0,0,4260,532.500
1764840208.092195,1,1,1680,210.000
1764840208.0961876,0,0,-930,-116.250
1764840208.100189,0,0,-1076,-134.500
1764840208.1041884,0,0,3137,392.125
1764840208.1081927,0,0,4195,524.375
1764840208.1121972,1,1,1696,212.000
1764840208.116218,0,0,-920,-115.000
1764840208.1202025,0,0,-1130,-141.250
1764840208.1242087,0,0,2938,367.250
1764840208.1281767,0,0,4115,514.375
1764840208.132192,1,1,1703,212.875
1764840208.1361923,0,0,-864,-108.000
1764840208.1401877,0,0,-1155,-144.375
1764840208.1441739,0,0,2918,364.750
1764840208.1481729,0,0,4299,537.375
1764840208.152192,1,1,1881,235.125
1764840208.1562624,0,0,-750,-93.750
1764840208.1602,0,0,-1174,-146.750
1764840208.164216,0,0,3082,385.250
1764840208.1681752,0,0,4580,572.500
1764840208.1721902,1,1,2069,258.625
1764840208.1761901,0,0,-665,-83.125
1764840208.1802292,0,0,-1245,-155.625
1764840208.1841774,0,0,2843,355.375
1764840208.1881738,0,0,4529,566.125
1764840208.1921923,1,1,2122,265.250
1764840208.1961923,0,0,-566,-70.750
1764840208.2001905,0,0,-1332,-166.500
1764840208.2041905,0,0,3013,376.625
1764840208.208189,0,0,4789,598.625
1764840208.212193,1,1,2283,285.375
1764840208.2161913,0,0,-515,-64.375
1764840208.220192,0,0,-1395,-174.375
1764840208.2241788,0,0,2376,297.000
1764840208.228174,0,0,4361,545.125
1764840208.232188,1,1,2164,270.500
1764840208.2361882,0,0,-434,-54.250
1764840208.2401934,0,0,-1462,-182.750
1764840208.244486,0,0,2597,324.625
1764840208.2484105,0,0,4686,585.750
1764840208.25223,1,1,2368,296.000
1764840208.2561924,0,0,-360,-45.000
1764840208.2601914,0,0,-1497,-187.125
1764840208.264194,0,0,2456,307.000
1764840208.2681937,0,0,4788,598.500
1764840208.2721918,1,1,2543,317.875
1764840208.2761872,0,0,-247,-30.875
1764840208.2801898,0,0,-1405,-175.625
1764840208.2841842,0,0,530,66.250
1764840208.288176,0,0,3096,387.000
1764840208.292188,1,1,1867,233.375
1764840208.296188,0,0,-129,-16.125
1764840208.3001902,0,0,-1692,-211.500
1764840208.304178,0,0,2237,279.625
1764840208.308174,0,0,4768,596.000
1764840208.3121858,1,1,2671,333.875
1764840208.3161886,0,0,-52,-6.500
1764840208.32019,0,0,-1612,-201.500
1764840208.3241892,0,0,2175,271.875
1764840208.3281882,0,0,4972,621.500
1764840208.3321788,1,1,2900,362.500
1764840208.336171,0,0,60,7.500
1764840208.340183,0,0,-1573,-196.625
1764840208.3441951,0,0,1592,199.000
1764840208.3481908,0,0,4493,561.625
1764840208.3521938,1,1,2718,339.750
1764840208.3562636,0,0,85,10.625
1764840208.3602023,0,0,-1630,-203.750
1764840208.364222,0,0,1954,244.250
1764840208.3681748,0,0,5061,632.625
1764840208.3721867,1,1,3106,388.250
1764840208.3761857,0,0,197,24.625
1764840208.3801866,0,0,-1657,-207.125
1764840208.3842156,0,0,1956,244.500
1764840208.388173,0,0,5273,659.125
1764840208.3921914,1,1,3318,414.750
1764840208.3961873,0,0,282,35.250
1764840208.400189,0,0,-1581,-197.625
1764840208.404188,0,0,1488,186.000
1764840208.4081886,0,0,4949,618.625
1764840208.4121926,1,1,3244,405.500
1764840208.4161894,0,0,327,40.875
1764840208.4201884,0,0,-1559,-194.875
1764840208.4241903,0,0,1071,133.875
1764840208.4281895,0,0,4615,576.875
1764840208.432193,1,1,3137,392.125
1764840208.4361885,0,0,354,44.250
1764840208.4401858,0,0,-1476,-184.500
1764840208.4441862,0,0,793,99.125
1764840208.4481866,0,0,4451,556.375
1764840208.4521918,1,1,3144,393.000
1764840208.456188,0,0,416,52.000
1764840208.4601853,0,0,-1467,-183.375
1764840208.4641895,0,0,657,82.125
1764840208.4681864,0,0,4419,552.375
1764840208.4721906,1,1,473,59.125
1764840208.4761872,0,0,-1421,-177.625
1764840208.4801886,0,0,471,58.875
1764840208.4841998,0,0,4372,546.500
1764840208.488186,0,0,3287,410.875
1764840208.4921818,1,1,557,69.625
1764840208.4961724,0,0,-1308,-163.500
1764840208.5001843,0,0,89,11.125
1764840208.5041857,0,0,3996,499.500
1764840208.508185,0,0,3147,393.375
1764840208.5121882,1,1,573,71.625
1764840208.516187,0,0,-1285,-160.625
1764840208.5201917,0,0,169,21.125
1764840208.5241938,0,0,4284,535.500
1764840208.5281885,0,0,3433,429.125
1764840208.5321777,1,1,704,88.000
1764840208.536172,0,0,-1238,-154.750
1764840208.5401866,0,0,202,25.250
1764840208.5441887,0,0,4588,573.500
1764840208.5481856,0,0,3774,471.750
1764840208.5521772,1,1,870,108.750
1764840208.5614123,0,0,312,39.000
1764840208.564202,0,0,4877,609.625
1764840208.5681849,0,0,4023,502.875
1764840208.572186,1,1,951,118.875
1764840208.5761862,0,0,-1163,-145.375
1764840208.5801883,0,0,-127,-15.875
1764840208.584212,0,0,4418,552.250
1764840208.5881746,0,0,3860,482.500
1764840208.5921855,1,1,969,121.125
1764840208.5961845,0,0,-1159,-144.875
1764840208.6001825,0,0,-402,-50.250
1764840208.6041896,0,0,3974,496.750
1764840208.6081858,0,0,3626,453.250
1764840208.6121862,1,1,921,115.125
1764840208.6161838,0,0,-1164,-145.500
1764840208.620187,0,0,-428,-53.500
1764840208.624189,0,0,4061,507.625
1764840208.6281857,0,0,3793,474.125
1764840208.6321912,1,1,1022,127.750
1764840208.6361895,0,0,-1112,-139.000
1764840208.640193,0,0,-406,-50.750
1764840208.6441746,0,0,4302,537.750
1764840208.6481724,0,0,4119,514.875
1764840208.6521847,1,1,1203,150.375
1764840208.6561828,0,0,-1109,-138.625
1764840208.6601856,0,0,-417,-52.125
1764840208.6641746,0,0,4439,554.875
1764840208.6681707,0,0,4345,543.125
1764840208.672187,1,1,1331,166.375
1764840208.6761844,0,0,-1069,-133.625
1764840208.6801844,0,0,-692,-86.500
1764840208.684188,0,0,3831,478.875
1764840208.688223,0,0,4010,501.250
1764840208.6921897,1,1,1264,158.000
1764840208.6961823,0,0,-1070,-133.750
1764840208.7001848,0,0,-737,-92.125
1764840208.704187,0,0,3835,479.375
1764840208.708186,0,0,4136,517.000
1764840208.712189,1,1,1365,170.625
1764840208.716185,0,0,-1073,-134.125
1764840208.7201824,0,0,-767,-95.875
1764840208.7241824,0,0,3856,482.000
1764840208.7281837,0,0,4262,532.750
1764840208.7321768,1,1,1457,182.125
1764840208.7361684,0,0,-1043,-130.375
1764840208.7401674,0,0,-831,-103.875
1764840208.7441866,0,0,3809,476.125
1764840208.748185,0,0,4413,551.625
1764840208.7521856,1,1,1606,200.750
1764840208.7561831,0,0,-950,-118.750
1764840208.7603061,0,0,-894,-111.750
1764840208.7641835,0,0,3684,460.500
1764840208.7681687,0,0,4409,551.125
1764840208.7721856,1,1,1643,205.375
1764840208.7761853,0,0,-963,-120.375
1764840208.780185,0,0,-1027,-128.375
1764840208.7841709,0,0,3292,411.500
1764840208.7882044,0,0,4257,532.125
1764840208.7921872,1,1,1663,207.875
1764840208.7961848,0,0,-948,-118.500
1764840208.8001838,0,0,-1067,-133.375
1764840208.8041668,0,0,3220,402.500
1764840208.808166,0,0,4347,543.375
1764840208.8121784,1,1,1778,222.250
1764840208.8161829,0,0,-914,-114.250
1764840208.8201838,0,0,-1084,-135.500
1764840208.8241847,0,0,3250,406.250
1764840208.8281794,0,0,4488,561.000
1764840208.8321836,1,1,1888,236.000
1764840208.8361843,0,0,-848,-106.000
1764840208.8401828,0,0,-1137,-142.125
1764840208.844183,0,0,3053,381.625
1764840208.8481805,0,0,4435,554.375
1764840208.8521848,1,1,1918,239.750
1764840208.856182,0,0,-786,-98.250
1764840208.860181,0,0,-1157,-144.625
1764840208.8641887,0,0,3032,379.000
1764840208.8681786,0,0,4580,572.500
1764840208.8721814,1,1,2061,257.625
1764840208.8761764,0,0,-689,-86.125
1764840208.8801808,0,0,-1235,-154.375
1764840208.8841813,0,0,2937,367.125
1764840208.8881915,0,0,4666,583.250
1764840208.8921847,1,1,2185,273.125
1764840208.89618,0,0,-585,-73.125
1764840208.9001813,0,0,-1298,-162.250
1764840208.904184,0,0,3092,386.500
1764840208.9081655,0,0,4933,616.625
1764840208.9121757,1,1,2358,294.750
1764840208.9161787,0,0,-515,-64.375
1764840208.9201818,0,0,-1363,-170.375
1764840208.9241817,0,0,2987,373.375
1764840208.9281797,0,0,4994,624.250
1764840208.932183,1,1,2458,307.250
1764840208.936183,0,0,-443,-55.375
1764840208.9401896,0,0,-1451,-181.375
1764840208.9441714,0,0,2357,294.625
1764840208.9481645,0,0,4586,573.250
1764840208.9521797,1,1,2362,295.250
1764840208.9561784,0,0,-368,-46.000
1764840208.96029,0,0,-1456,-182.000
1764840208.9641836,0,0,1305,163.125
1764840208.9681668,0,0,3804,475.500
1764840208.9721835,1,1,2140,267.500
1764840208.9761782,0,0,-204,-25.500
1764840208.98018,0,0,-1615,-201.875
1764840208.9841752,0,0,2579,322.375
1764840208.988166,0,0,5019,627.375
1764840208.9921875,1,1,2705,338.125
1764840208.9961843,0,0,-170,-21.250
1764840209.0001814,0,0,-1560,-195.000
1764840209.0041797,0,0,2235,279.375
1764840209.00818,0,0,4905,613.125
1764840209.0121887,1,1,2758,344.750
1764840209.0161808,0,0,-86,-10.750
1764840209.020178,0,0,-1596,-199.500
1764840209.0241861,0,0,1682,210.250
1764840209.0282123,0,0,4518,564.750
1764840209.0321794,1,1,2660,332.500
1764840209.036167,0,0,-11,-1.375
1764840209.0401785,0,0,-1662,-207.750
1764840209.0441818,0,0,2194,274.250
1764840209.0481813,0,0,5165,645.625
1764840209.0521755,1,1,3045,380.625
1764840209.0561645,0,0,69,8.625
1764840209.0601761,0,0,-1621,-202.625
1764840209.064182,0,0,1703,212.875
1764840209.0681777,0,0,4873,609.125
1764840209.072182,1,1,3013,376.625
1764840209.0761793,0,0,142,17.750
1764840209.080179,0,0,-1591,-198.875
1764840209.0841775,0,0,1416,177.000
1764840209.0881758,0,0,4733,591.625
1764840209.0922172,1,1,3032,379.000
1764840209.0961797,0,0,208,26.000
1764840209.1001823,0,0,-1620,-202.500
1764840209.1041765,0,0,1450,181.250
1764840209.1081762,0,0,4933,616.625
1764840209.1121798,1,1,3226,403.250
1764840209.1161795,0,0,290,36.250
1764840209.120179,0,0,-1563,-195.375
1764840209.1241748,0,0,1149,143.625
1764840209.128174,0,0,3250,406.250
1764840209.1321805,1,1,357,44.625
1764840209.1361763,0,0,-1474,-184.250
1764840209.1401775,0,0,892,111.500
1764840209.1441824,0,0,4669,583.625
1764840209.1481779,0,0,3297,412.125
1764840209.1521823,1,1,435,54.375
1764840209.1561759,0,0,-1466,-183.250
1764840209.1602938,0,0,755,94.375
1764840209.1641815,0,0,4648,581.000
1764840209.1681626,0,0,3371,421.375
1764840209.1721725,1,1,499,62.375
1764840209.176175,0,0,-1417,-177.125
1764840209.1801796,0,0,557,69.625
1764840209.1841743,0,0,4621,577.625
1764840209.18816,0,0,3488,436.000
1764840209.1922174,1,1,601,75.125
1764840209.196181,0,0,-1338,-167.250
1764840209.200181,0,0,339,42.375
1764840209.20418,0,0,4395,549.375
1764840209.20818,0,0,3395,424.375
1764840209.2121794,1,1,592,74.000
1764840209.216175,0,0,-1297,-162.125
1764840209.2201786,0,0,127,15.875
1764840209.2241857,0,0,4232,529.000
1764840209.2281797,0,0,3375,421.875
1764840209.2321796,1,1,626,78.250
1764840209.2361774,0,0,-1257,-157.125
1764840209.2401767,0,0,128,16.000
1764840209.244462,0,0,4473,559.125
1764840209.248363,0,0,3666,458.250
1764840209.2522094,1,1,776,97.000
1764840209.2561774,0,0,-1204,-150.500
1764840209.2601776,0,0,-11,-1.375
1764840209.2641764,0,0,4430,553.750
1764840209.2681804,0,0,3742,467.750
1764840209.2721791,1,1,842,105.250
1764840209.2761748,0,0,-1198,-149.750
1764840209.2801735,0,0,-5,-0.625
1764840209.2841792,0,0,4623,577.875
1764840209.2881787,0,0,3977,497.125
1764840209.292223,1,1,954,119.250
1764840209.2961774,0,0,-1187,-148.375
1764840209.3001764,0,0,-299,-37.375
1764840209.3041697,0,0,4235,529.375
1764840209.308195,0,0,3815,476.875
1764840209.312216,1,1,946,118.250
1764840209.3162363,0,0,-1303,-162.875
1764840209.3201826,0,0,423,52.875
1764840209.3241644,0,0,5712,714.000
1764840209.3281603,0,0,4934,616.750
1764840209.332176,1,1,1324,165.500
1764840209.3361764,0,0,-1178,-147.250
1764840209.340176,0,0,-455,-56.875
1764840209.3441703,0,0,4234,529.250
1764840209.348175,0,0,4087,510.875
1764840209.3521893,1,1,1135,141.875
1764840209.356179,0,0,-1149,-143.625
1764840209.360285,0,0,-444,-55.500
1764840209.3641727,0,0,4405,550.625
1764840209.3681593,0,0,4317,539.625
1764840209.3721795,1,1,1257,157.125
1764840209.3761752,0,0,-1121,-140.125
1764840209.380176,0,0,-613,-76.625
1764840209.3841748,0,0,4116,514.500
1764840209.3881702,0,0,4256,532.000
1764840209.3921795,1,1,1310,163.750
1764840209.396215,0,0,-1120,-140.000
1764840209.4001772,0,0,-618,-77.250
1764840209.4041758,0,0,4232,529.000
1764840209.4081736,0,0,4448,556.000
1764840209.4121802,1,1,1421,177.625
1764840209.4161768,0,0,-1117,-139.625
1764840209.4201772,0,0,-659,-82.375
1764840209.424181,0,0,4251,531.375
1764840209.4281776,0,0,4596,574.500
1764840209.4321754,1,1,1531,191.375
1764840209.4361622,0,0,-1083,-135.375
1764840209.4401746,0,0,-821,-102.625
1764840209.4441762,0,0,3835,479.375
1764840209.4481742,0,0,4391,548.875
1764840209.4521651,1,1,1505,188.125
1764840209.4561586,0,0,-1094,-136.750
1764840209.460161,0,0,-771,-96.375
1764840209.464183,0,0,4170,521.250
1764840209.4681737,0,0,4814,601.750
1764840209.472176,1,1,1740,217.500
1764840209.476172,0,0,-1049,-131.125
1764840209.4801743,0,0,-956,-119.500
1764840209.4841735,0,0,3608,451.000
1764840209.4881732,0,0,4513,564.125
1764840209.4921749,1,1,1695,211.875
1764840209.4961848,0,0,-1018,-127.250
1764840209.500174,0,0,-1017,-127.125
1764840209.5041761,0,0,3451,431.375
1764840209.5081751,0,0,4499,562.375
1764840209.5121748,1,1,1743,217.875
1764840209.5161712,0,0,-964,-120.500
1764840209.5201743,0,0,-1059,-132.375
1764840209.5241733,0,0,3366,420.750
1764840209.528173,0,0,4595,574.375
1764840209.5321643,1,1,1866,233.250
1764840209.5361555,0,0,-928,-116.000
1764840209.540169,0,0,-1100,-137.500
1764840209.5441759,0,0,3259,407.375
1764840209.5481737,0,0,4642,580.250
1764840209.5521643,1,1,1954,244.250
1764840209.5561557,0,0,-866,-108.250
1764840209.5654528,0,0,3342,417.750
1764840209.5682118,0,0,4851,606.375
1764840209.5721774,1,1,2105,263.125
1764840209.576157,0,0,-789,-98.625
1764840209.5801709,0,0,-1210,-151.250
1764840209.5841773,0,0,3076,384.500
1764840209.5881746,0,0,4781,597.625
1764840209.5921676,1,1,2156,269.500
1764840209.5961576,0,0,-711,-88.875
1764840209.600171,0,0,-1269,-158.625
1764840209.6041737,0,0,2949,368.625
1764840209.6081743,0,0,4809,601.125
1764840209.6121664,1,1,2239,279.875
1764840209.6161578,0,0,-629,-78.625
1764840209.6201558,0,0,-1349,-168.625
1764840209.6242416,0,0,2913,364.125
1764840209.6281812,0,0,4911,613.875
1764840209.6321816,1,1,2351,293.875
1764840209.6361723,0,0,-544,-68.000
1764840209.640171,0,0,-1393,-174.125
1764840209.6441715,0,0,3318,414.750
1764840209.6481736,0,0,5467,683.375
1764840209.652176,1,1,2698,337.250
1764840209.656186,0,0,-459,-57.375
1764840209.660216,0,0,-1462,-182.750
1764840209.6641746,0,0,1639,204.875
1764840209.6681573,0,0,4005,500.625
1764840209.6721714,1,1,2071,258.875
1764840209.6761723,0,0,-433,-54.125
1764840209.680171,0,0,-1553,-194.125
1764840209.6841593,0,0,2525,315.625
1764840209.688155,0,0,5055,631.875
1764840209.6921759,1,1,2691,336.375
1764840209.6961746,0,0,-269,-33.625
1764840209.7001746,0,0,-1548,-193.500
1764840209.7041776,0,0,2385,298.125
1764840209.7081707,0,0,5093,636.625
1764840209.712176,1,1,2799,349.875
1764840209.7161734,0,0,-195,-24.375
1764840209.720176,0,0,-1608,-201.000
1764840209.7241702,0,0,2160,270.000
1764840209.72817,0,0,4986,623.250
1764840209.7321737,1,1,2803,350.375
1764840209.736172,0,0,-156,-19.500
1764840209.7401743,0,0,-1570,-196.250
1764840209.7441783,0,0,1906,238.250
1764840209.7481694,0,0,4954,619.250
1764840209.7521625,1,1,2908,363.500
1764840209.7561579,0,0,-49,-6.125
1764840209.760158,0,0,-1627,-203.375
1764840209.7642632,0,0,1972,246.500
1764840209.76819,0,0,5164,645.500
1764840209.7721758,1,1,3094,386.750
1764840209.776169,0,0,21,2.625
1764840209.78017,0,0,-1592,-199.000
1764840209.784173,0,0,5390,673.750
1764840209.788169,0,0,3332,416.500
1764840209.7921612,1,1,126,15.750
1764840209.7961538,0,0,-1567,-195.875
1764840209.800205,0,0,1309,163.625
1764840209.8042023,0,0,4823,602.875
1764840209.808169,0,0,3126,390.750
1764840209.8121672,1,1,157,19.625
1764840209.8161678,0,0,-1576,-197.000
1764840209.820169,0,0,1413,176.625
1764840209.8241663,0,0,5130,641.250
1764840209.8281567,0,0,3398,424.750
1764840209.832165,1,1,268,33.500
1764840209.836167,0,0,-1542,-192.750
1764840209.8401668,0,0,1293,161.625
1764840209.8441703,0,0,5156,644.500
1764840209.8481684,0,0,3501,437.625
1764840209.852168,1,1,332,41.500
1764840209.856165,0,0,-1424,-178.000
1764840209.8601673,0,0,896,112.000
1764840209.8641758,0,0,4948,618.500
1764840209.8681774,0,0,3543,442.875
1764840209.8721697,1,1,439,54.875
1764840209.8761518,0,0,-1404,-175.500
1764840209.880164,0,0,529,66.125
1764840209.8841705,0,0,4624,578.000
1764840209.8881698,0,0,3446,430.750
1764840209.8921604,1,1,473,59.125
1764840209.8961494,0,0,-1374,-171.750
1764840209.9001818,0,0,460,57.500
1764840209.9041731,0,0,4660,582.500
1764840209.9081712,0,0,3544,443.000
1764840209.9121737,1,1,534,66.750
1764840209.9161675,0,0,-1312,-164.000
1764840209.9201663,0,0,275,34.375
1764840209.924157,0,0,4576,572.000
1764840209.9281542,0,0,3601,450.125
1764840209.9321656,1,1,604,75.500
1764840209.9361691,0,0,-1268,-158.500
1764840209.940166,0,0,204,25.500
1764840209.9441717,0,0,4631,578.875
1764840209.9481688,0,0,3732,466.500
1764840209.9521701,1,1,685,85.625
1764840209.9561682,0,0,-1258,-157.250
1764840209.960166,0,0,201,25.125
1764840209.9642518,0,0,4890,611.250
1764840209.9681785,0,0,4053,506.625
1764840209.972168,1,1,850,106.250
1764840209.9761543,0,0,-1233,-154.125
1764840209.980169,0,0,33,4.125
1764840209.9841683,0,0,4748,593.500
1764840209.9881666,0,0,4033,504.125
1764840209.9921577,1,1,869,108.625
1764840209.996154,0,0,-1248,-156.000
1764840210.0002034,0,0,2,0.250
1764840210.0042248,0,0,4900,612.500
1764840210.0081666,0,0,4264,533.000
1764840210.0121727,1,1,992,124.000
1764840210.0161676,0,0,-1178,-147.250
1764840210.0201676,0,0,-162,-20.250
1764840210.024167,0,0,4810,601.250
1764840210.0281668,0,0,4380,547.500
1764840210.032168,1,1,1116,139.500
1764840210.0361652,0,0,-1200,-150.000
1764840210.0401652,0,0,-383,-47.875
1764840210.0441701,0,0,4451,556.375
1764840210.0481627,0,0,4237,529.625
1764840210.0521562,1,1,1118,139.750
1764840210.0561543,0,0,-1142,-142.750
1764840210.0601716,0,0,-588,-73.500
1764840210.06417,0,0,4122,515.250
1764840210.0681615,0,0,4194,524.250
1764840210.0721624,1,1,1212,151.500
1764840210.0761657,0,0,-1166,-145.750
1764840210.0801654,0,0,-587,-73.375
1764840210.0841575,0,0,4229,528.625
1764840210.088147,0,0,4346,543.250
1764840210.0921638,1,1,1294,161.750
1764840210.0961647,0,0,-1167,-145.875
1764840210.100166,0,0,-619,-77.375
1764840210.1041853,0,0,4246,530.750
1764840210.1081676,0,0,4448,556.000
1764840210.1121671,1,1,1363,170.375
1764840210.116162,0,0,-1131,-141.375
1764840210.1201644,0,0,-839,-104.875
1764840210.1241674,0,0,3701,462.625
1764840210.1281662,0,0,4204,525.500
1764840210.132168,1,1,1364,170.500
1764840210.1361647,0,0,-1120,-140.000
1764840210.1401653,0,0,-796,-99.500
1764840210.1441703,0,0,3960,495.000
1764840210.1481636,0,0,4507,563.375
1764840210.1521654,1,1,1523,190.375
1764840210.1561627,0,0,-1116,-139.500
1764840210.160162,0,0,-873,-109.125
1764840210.1642466,0,0,3853,481.625
1764840210.1681795,0,0,4613,576.625
1764840210.1721642,1,1,1658,207.250
1764840210.1761491,0,0,-1065,-133.125
1764840210.1801598,0,0,-923,-115.375
1764840210.1841671,0,0,3819,477.375
1764840210.1881652,0,0,4772,596.500
1764840210.1921587,1,1,1816,227.000
1764840210.1961477,0,0,-1026,-128.250
1764840210.20016,0,0,-988,-123.500
1764840210.2042053,0,0,3622,452.750
1764840210.2081661,0,0,4669,583.625
1764840210.2121682,1,1,1794,224.250
1764840210.2161615,0,0,-1002,-125.250
1764840210.220163,0,0,-1155,-144.375
1764840210.2241607,0,0,2846,355.750
1764840210.2281635,0,0,4133,516.625
1764840210.2321672,1,1,1631,203.875
1764840210.2361653,0,0,-982,-122.750
1764840210.240162,0,0,-1059,-132.375
1764840210.2444766,0,0,3557,444.625
1764840210.248385,0,0,4912,614.000
1764840210.252195,1,1,2042,255.250
1764840210.256172,0,0,-894,-111.750
1764840210.260172,0,0,-1075,-134.375
1764840210.264156,0,0,3608,451.000
1764840210.268146,0,0,5174,646.750
1764840210.2721736,1,1,2265,283.125
1764840210.2761633,0,0,-790,-98.750
1764840210.280163,0,0,-1179,-147.375
1764840210.2841644,0,0,3320,415.000
1764840210.2881591,0,0,5079,634.875
1764840210.2921653,1,1,2299,287.375
1764840210.2961652,0,0,-715,-89.375
1764840210.3001626,0,0,-1276,-159.500
1764840210.3041615,0,0,3120,390.000
1764840210.308173,0,0,5014,626.750
1764840210.3121681,1,1,2321,290.125
1764840210.316163,0,0,-659,-82.375
1764840210.320166,0,0,-1376,-172.000
1764840210.3241642,0,0,2546,318.250
1764840210.3281598,0,0,4604,575.500
1764840210.3321626,1,1,2194,274.250
1764840210.3361607,0,0,-596,-74.500
1764840210.3401632,0,0,-1404,-175.500
1764840210.3441644,0,0,3191,398.875
1764840210.348162,0,0,5421,677.625
1764840210.3521655,1,1,2681,335.125
1764840210.356162,0,0,-480,-60.000
1764840210.3601644,0,0,-1461,-182.625
1764840210.3642657,0,0,2826,353.250
1764840210.3681765,0,0,5258,657.250
1764840210.3721616,1,1,2691,336.375
1764840210.3761504,0,0,-402,-50.250
1764840210.3801591,0,0,-1533,-191.625
1764840210.3841648,0,0,2897,362.125
1764840210.3881655,0,0,5472,684.000
1764840210.392155,1,1,2867,358.375
1764840210.3961453,0,0,-342,-42.750
1764840210.4001615,0,0,-1471,-183.875
1764840210.4041684,0,0,1701,212.625
1764840210.4082031,0,0,4468,558.500
1764840210.4121518,1,1,2480,310.000
1764840210.4161437,0,0,-281,-35.125
1764840210.4201612,0,0,-1497,-187.125
1764840210.4241645,0,0,1467,183.375
1764840210.428162,0,0,4423,552.875
1764840210.4321623,1,1,2588,323.500
1764840210.4361598,0,0,-149,-18.625
1764840210.440161,0,0,2060,257.500
1764840210.4441655,0,0,5149,643.625
1764840210.448164,0,0,3014,376.750
1764840210.452165,1,1,-56,-7.000
1764840210.456162,0,0,-1602,-200.250
1764840210.4601727,0,0,2030,253.750
1764840210.4641566,0,0,5325,665.625
1764840210.468145,0,0,3216,402.000
1764840210.4721587,1,1,41,5.125
1764840210.4761586,0,0,-1636,-204.500
1764840210.4801579,0,0,1731,216.375
1764840210.48415,0,0,5134,641.750
1764840210.488145,0,0,3183,397.875
1764840210.492161,1,1,71,8.875
1764840210.4961617,0,0,-1591,-198.875
1764840210.5001616,0,0,1801,225.125
1764840210.5041625,0,0,5453,681.625
1764840210.5081978,0,0,3484,435.500
1764840210.5121622,1,1,194,24.250
1764840210.5161598,0,0,-1513,-189.125
1764840210.5201588,0,0,1200,150.000
1764840210.5241609,0,0,4874,609.250
1764840210.5281625,0,0,3225,403.125
1764840210.532166,1,1,179,22.375
1764840210.5361602,0,0,-1525,-190.625
1764840210.5401602,0,0,1182,147.750
1764840210.544163,0,0,5125,640.625
1764840210.5481606,0,0,3524,440.500
1764840210.5521545,1,1,331,41.375
1764840210.5561473,0,0,-1476,-184.500
1764840210.5601444,0,0,788,98.500
1764840210.569466,0,0,3435,429.375
1764840210.5722082,1,1,370,46.250
1764840210.576164,0,0,-1480,-185.000
1764840210.5801587,0,0,819,102.375
1764840210.5841584,0,0,5010,626.250
1764840210.5881543,0,0,3654,456.750
1764840210.59216,1,1,467,58.375
1764840210.5961604,0,0,-1375,-171.875
1764840210.600161,0,0,534,66.750
1764840210.6041512,0,0,4906,613.250
1764840210.608182,0,0,3751,468.875
1764840210.6121604,1,1,581,72.625
1764840210.6161606,0,0,-1342,-167.750
1764840210.6201615,0,0,559,69.875
1764840210.6241608,0,0,5088,636.000
1764840210.6281552,0,0,3947,493.375
1764840210.6321602,1,1,665,83.125
1764840210.636161,0,0,-1253,-156.625
1764840210.640159,0,0,-28,-3.500
1764840210.644161,0,0,4438,554.750
1764840210.6481547,0,0,3676,459.500
1764840210.6521623,1,1,673,84.125
1764840210.656159,0,0,-1255,-156.875
1764840210.6601577,0,0,4,0.500
1764840210.6641624,0,0,4615,576.875
1764840210.6681561,0,0,3875,484.375
1764840210.6721582,1,1,766,95.750
1764840210.676173,0,0,-1220,-152.500
1764840210.6801853,0,0,-57,-7.125
1764840210.684151,0,0,4704,588.000
1764840210.688141,0,0,4063,507.875
1764840210.6921535,1,1,885,110.625
1764840210.6961563,0,0,-1222,-152.750
1764840210.7001557,0,0,-174,-21.750
1764840210.7041512,0,0,4646,580.750
1764840210.7081754,0,0,4152,519.000
1764840210.7121577,1,1,972,121.500
1764840210.716158,0,0,-1238,-154.750
1764840210.7201598,0,0,-202,-25.250
1764840210.7241607,0,0,4711,588.875
1764840210.7281587,0,0,4287,535.875
1764840210.7321615,1,1,1048,131.000
1764840210.7361555,0,0,-1223,-152.875
1764840210.7401612,0,0,-205,-25.625
1764840210.7441628,0,0,4892,611.500
1764840210.7481594,0,0,4553,569.125
1764840210.7521598,1,1,1192,149.000
1764840210.7561574,0,0,-1253,-156.625
1764840210.7601547,0,0,-582,-72.750
1764840210.7641616,0,0,4043,505.375
1764840210.7682312,0,0,4000,500.000
1764840210.7721767,1,1,1020,127.500
1764840210.7761428,0,0,-1192,-149.000
1764840210.7801423,0,0,-340,-42.500
1764840210.7841601,0,0,4943,617.875
1764840210.788159,0,0,4895,611.875
1764840210.7921479,1,1,1450,181.250
1764840210.7961397,0,0,-1132,-141.500
1764840210.8001494,0,0,-567,-70.875
1764840210.8041606,0,0,4506,563.250
1764840210.8081548,0,0,4746,593.250
1764840210.8121598,1,1,1483,185.375
1764840210.8161561,0,0,-1125,-140.625
1764840210.8201554,0,0,-602,-75.250
1764840210.8241584,0,0,4494,561.750
1764840210.828155,0,0,4807,600.875
1764840210.8321605,1,1,1525,190.625
1764840210.8361561,0,0,-1110,-138.750
1764840210.8401544,0,0,-726,-90.750
1764840210.8441553,0,0,4279,534.875
1764840210.8481572,0,0,4836,604.500
1764840210.852161,1,1,1635,204.375
1764840210.8561554,0,0,-1136,-142.000
1764840210.8601537,0,0,-850,-106.250
1764840210.8641589,0,0,3962,495.250
1764840210.8681562,0,0,4697,587.125
1764840210.8721602,1,1,1628,203.500
1764840210.8761616,0,0,-1117,-139.625
1764840210.8801658,0,0,-908,-113.500
1764840210.8841457,0,0,3852,481.500
1764840210.888137,0,0,4725,590.625
1764840210.892156,1,1,1694,211.750
1764840210.8961573,0,0,-1126,-140.750
1764840210.9001532,0,0,-871,-108.875
1764840210.904146,0,0,4168,521.000
1764840210.9081373,0,0,5154,644.250
1764840210.912161,1,1,1947,243.375
1764840210.9161596,0,0,-1120,-140.000
1764840210.920157,0,0,-913,-114.125
1764840210.9241574,0,0,4106,513.250
1764840210.928153,0,0,5218,652.250
1764840210.9321575,1,1,2018,252.250
1764840210.9361572,0,0,-1063,-132.875
1764840210.9401567,0,0,-1086,-135.750
1764840210.9441533,0,0,3358,419.750
1764840210.9481404,0,0,4780,597.500
1764840210.9521537,1,1,1935,241.875
1764840210.956156,0,0,-994,-124.250
1764840210.9601564,0,0,-1092,-136.500
1764840210.96416,0,0,3456,432.000
1764840210.9682374,0,0,5003,625.375
1764840210.9721637,1,1,2106,263.250
1764840210.9761436,0,0,-920,-115.000
1764840210.9801571,0,0,-1164,-145.500
1764840210.9841583,0,0,3237,404.625
1764840210.988154,0,0,4983,622.875
1764840210.992147,1,1,2180,272.500
1764840210.9961398,0,0,-828,-103.500
1764840211.0001514,0,0,-1274,-159.250
1764840211.0041592,0,0,2905,363.125
1764840211.008154,0,0,4834,604.250
1764840211.0121932,1,1,2192,274.000
1764840211.0161545,0,0,-746,-93.250
1764840211.0201526,0,0,-1324,-165.500
1764840211.0241578,0,0,3091,386.375
1764840211.0281541,0,0,5166,645.750
1764840211.0321538,1,1,2428,303.500
1764840211.0361505,0,0,-659,-82.375
1764840211.0401556,0,0,-1438,-179.750
1764840211.0441544,0,0,2473,309.125
1764840211.048152,0,0,4745,593.125
1764840211.0521433,1,1,2320,290.000
1764840211.0561347,0,0,-578,-72.250
1764840211.0601346,0,0,-1480,-185.000
1764840211.0641556,0,0,2682,335.250
1764840211.0681531,0,0,5101,637.625
1764840211.0721576,1,1,2570,321.250
1764840211.076158,0,0,-490,-61.250
1764840211.0801587,0,0,-1544,-193.000
1764840211.0841496,0,0,2727,340.875
1764840211.0881367,0,0,5398,674.750
1764840211.0921526,1,1,2851,356.375
1764840211.0961516,0,0,-1547,-193.375
1764840211.1001484,0,0,2623,327.875
1764840211.1041455,0,0,5452,681.500
1764840211.1081362,0,0,2957,369.625
1764840211.1121643,1,1,-287,-35.875
1764840211.1161537,0,0,-1608,-201.000
1764840211.120152,0,0,2878,359.750
1764840211.1241562,0,0,5860,732.500
1764840211.128154,0,0,3232,404.000
1764840211.1321585,1,1,-221,-27.625
1764840211.1361523,0,0,-1570,-196.250
1764840211.140152,0,0,2023,252.875
1764840211.1441548,0,0,5197,649.625
1764840211.148153,0,0,3012,376.500
1764840211.1521566,1,1,-160,-20.000
1764840211.1561527,0,0,-1456,-182.000
1764840211.16015,0,0,724,90.500
1764840211.1641507,0,0,3968,496.000
1764840211.1682208,0,0,2497,312.125
1764840211.1721644,1,1,-114,-14.250
1764840211.1761384,0,0,-1711,-213.875
1764840211.1801498,0,0,2231,278.875
1764840211.184152,0,0,5690,711.250
1764840211.1881495,0,0,3452,431.500
1764840211.1921449,1,1,45,5.625
1764840211.1961381,0,0,-1588,-198.500
1764840211.200147,0,0,1808,226.000
1764840211.2041528,0,0,5618,702.250
1764840211.208148,0,0,3624,453.000
1764840211.212155,1,1,209,26.125
1764840211.2161896,0,0,-1592,-199.000
1764840211.2201507,0,0,1798,224.750
1764840211.224154,0,0,5759,719.875
1764840211.2281516,0,0,3786,473.250
1764840211.2321525,1,1,274,34.250
1764840211.23615,0,0,-1493,-186.625
1764840211.240151,0,0,1146,143.250
1764840211.2444568,0,0,5192,649.000
1764840211.2483644,0,0,3581,447.625
1764840211.2521734,1,1,305,38.125
1764840211.2561498,0,0,-1522,-190.250
1764840211.2601476,0,0,1178,147.250
1764840211.2641523,0,0,5398,674.750
1764840211.2681437,0,0,3798,474.750
1764840211.2721527,1,1,399,49.875
1764840211.276149,0,0,-1460,-182.500
1764840211.280145,0,0,779,97.375
1764840211.2841418,0,0,5031,628.875
1764840211.2881377,0,0,3667,458.375
1764840211.2921402,1,1,412,51.500
1764840211.296135,0,0,-1381,-172.625
1764840211.3001459,0,0,318,39.750
1764840211.3042758,0,0,4543,567.875
1764840211.3081553,0,0,3458,432.250
1764840211.312153,1,1,412,51.500
1764840211.3161836,0,0,-1364,-170.500
1764840211.32015,0,0,562,70.250
1764840211.3241518,0,0,5130,641.250
1764840211.3281472,0,0,3963,495.375
1764840211.332149,1,1,617,77.125
1764840211.3361478,0,0,-1274,-159.250
1764840211.3401508,0,0,229,28.625
1764840211.3441498,0,0,4891,611.375
1764840211.3481495,0,0,3962,495.250
1764840211.3521488,1,1,696,87.000
1764840211.356146,0,0,-1222,-152.750
1764840211.3601468,0,0,-27,-3.375
1764840211.3641536,0,0,4703,587.875
1764840211.3682287,0,0,3993,499.125
1764840211.3721628,1,1,794,99.250
1764840211.3761327,0,0,-1225,-153.125
1764840211.3801503,0,0,-200,-25.000
1764840211.3841486,0,0,4494,561.750
1764840211.3881526,0,0,3956,494.500
1764840211.3921437,1,1,837,104.625
1764840211.396135,0,0,-1224,-153.000
1764840211.400146,0,0,-324,-40.500
1764840211.404157,0,0,4307,538.375
1764840211.4081497,0,0,3887,485.875
1764840211.412155,1,1,841,105.125
1764840211.416187,0,0,-1246,-155.750
1764840211.4201477,0,0,-275,-34.375
1764840211.4241502,0,0,4639,579.875
1764840211.4281502,0,0,4302,537.750
1764840211.432155,1,1,1069,133.625
1764840211.4361475,0,0,-1173,-146.625
1764840211.4401479,0,0,-466,-58.250
1764840211.4441504,0,0,4324,540.500
1764840211.4481509,0,0,4200,525.000
1764840211.4521513,1,1,1097,137.125
1764840211.4561357,0,0,-1236,-154.500
1764840211.4601421,0,0,-334,-41.750
1764840211.4641483,0,0,4759,594.875
1764840211.4681492,0,0,4585,573.125
1764840211.4721415,1,1,1246,155.750
1764840211.4761322,0,0,-1207,-150.875
1764840211.4801424,0,0,-538,-67.250
1764840211.4841492,0,0,4366,545.750
1764840211.4881458,0,0,4430,553.750
1764840211.4921548,1,1,1253,156.625
1764840211.4961503,0,0,-1208,-151.000
1764840211.5001493,0,0,-590,-73.750
1764840211.5041494,0,0,4448,556.000
1764840211.5081456,0,0,4709,588.625
1764840211.5121527,1,1,1466,183.250
1764840211.5161486,0,0,-1148,-143.500
1764840211.5201905,0,0,-663,-82.875
1764840211.5242033,0,0,4415,551.875
1764840211.5281901,0,0,4877,609.625
1764840211.5321815,1,1,1625,203.125
1764840211.536175,0,0,-1136,-142.000
1764840211.540177,0,0,-705,-88.125
1764840211.5441942,0,0,4383,547.875
1764840211.5481892,0,0,4928,616.000
1764840211.552181,1,1,1669,208.625
1764840211.556173,0,0,-1136,-142.000
1764840211.5601737,0,0,-758,-94.750
1764840211.564196,0,0,4366,545.750
1764840211.574729,0,0,-1132,-141.500
1764840211.5766304,0,0,-1132,-141.500
1764840211.5801997,0,0,-636,-79.500
1764840211.584248,0,0,4932,616.500
1764840211.5881853,0,0,5643,705.375
1764840211.5921898,1,1,2063,257.875
1764840211.5961912,0,0,-1075,-134.375
1764840211.6001918,0,0,-957,-119.625
1764840211.6041765,0,0,3856,482.000
1764840211.6081717,0,0,4988,623.500
1764840211.6121743,1,1,1907,238.375
1764840211.6161714,0,0,-1078,-134.750
1764840211.6202965,0,0,-961,-120.125
1764840211.6241553,0,0,3952,494.000
1764840211.62815,0,0,5186,648.250
1764840211.6321497,1,1,2042,255.250
1764840211.636144,0,0,-1050,-131.250
1764840211.6401503,0,0,-997,-124.625
1764840211.6441524,0,0,3879,484.875
1764840211.6481469,0,0,5262,657.750
1764840211.6521473,1,1,2138,267.250
1764840211.6561434,0,0,-1007,-125.875
1764840211.6601462,0,0,-1100,-137.500
1764840211.664151,0,0,3430,428.750
1764840211.6681483,0,0,5092,636.500
1764840211.6721497,1,1,2181,272.625
1764840211.6761441,0,0,-898,-112.250
1764840211.6801445,0,0,-1160,-145.000
1764840211.6841476,0,0,3349,418.625
1764840211.6881464,0,0,5173,646.625
1764840211.6921523,1,1,2296,287.000
1764840211.696147,0,0,-811,-101.375
1764840211.7001505,0,0,-1240,-155.000
1764840211.704155,0,0,3248,406.000
1764840211.7081509,0,0,5226,653.250
1764840211.7121396,1,1,2393,299.125
1764840211.7161286,0,0,-740,-92.500
1764840211.720174,0,0,-1304,-163.000
1764840211.7241468,0,0,3319,414.875
1764840211.728146,0,0,5512,689.000
1764840211.7321405,1,1,2639,329.875
1764840211.736131,0,0,-626,-78.250
1764840211.7401414,0,0,-1421,-177.625
1764840211.7441459,0,0,2735,341.875
1764840211.7481482,0,0,2440,305.000
1764840211.7521505,1,1,-609,-76.125
1764840211.756144,0,0,-1459,-182.375
1764840211.7601402,0,0,2758,344.750
1764840211.7641451,0,0,5318,664.750
1764840211.7681448,0,0,2728,341.000
1764840211.7722445,1,1,-458,-57.250
1764840211.7761598,0,0,-1449,-181.125
1764840211.7801461,0,0,3141,392.625
1764840211.7841382,0,0,5858,732.250
1764840211.7881253,0,0,3075,384.375
1764840211.7921286,1,1,-372,-46.500
1764840211.7961292,0,0,-1465,-183.125
1764840211.8001282,0,0,2690,336.250
1764840211.80413,0,0,5638,704.750
1764840211.808128,0,0,3087,385.875
1764840211.8121483,1,1,-280,-35.000
1764840211.8161457,0,0,-1534,-191.750
1764840211.8201826,0,0,2319,289.875
1764840211.8241444,0,0,5353,669.125
1764840211.828143,0,0,2990,373.750
1764840211.8321497,1,1,-258,-32.250
1764840211.8361452,0,0,-1567,-195.875
1764840211.840145,0,0,2235,279.375
1764840211.8441453,0,0,5472,684.000
1764840211.8481472,0,0,3168,396.000
1764840211.8521445,1,1,-156,-19.500
1764840211.856131,0,0,-1590,-198.750
1764840211.8601408,0,0,2044,255.500
1764840211.864144,0,0,5476,684.500
1764840211.8681407,0,0,3288,411.000
1764840211.8721335,1,1,-45,-5.625
1764840211.8761287,0,0,-1387,-173.375
1764840211.8801417,0,0,728,91.000
1764840211.8841486,0,0,4278,534.750
1764840211.8881404,0,0,2818,352.250
1764840211.8921437,1,1,14,1.750
1764840211.896139,0,0,-1646,-205.750
1764840211.9001446,0,0,1783,222.875
1764840211.9041436,0,0,5499,687.375
1764840211.9081392,0,0,3506,438.250
1764840211.9121416,1,1,136,17.000
1764840211.9161394,0,0,-1606,-200.750
1764840211.920143,0,0,1703,212.875
1764840211.9242473,0,0,5694,711.750
1764840211.928189,0,0,3767,470.875
1764840211.9321876,1,1,269,33.625
1764840211.9361823,0,0,-1541,-192.625
1764840211.9401863,0,0,1382,172.750
1764840211.9441872,0,0,5503,687.875
1764840211.9481843,0,0,3763,470.375
1764840211.9521875,1,1,323,40.375
1764840211.956188,0,0,-1481,-185.125
1764840211.9601834,0,0,910,113.750
1764840211.9641833,0,0,5116,639.500
1764840211.968168,0,0,3656,457.000
1764840211.9722657,1,1,368,46.000
1764840211.9761982,0,0,-1502,-187.750
1764840211.9801838,0,0,1155,144.375
1764840211.9841673,0,0,5593,699.125
1764840211.9881685,0,0,4032,504.000
1764840211.9921834,1,1,491,61.375
1764840211.9961824,0,0,-1437,-179.625
1764840212.0001826,0,0,951,118.875
1764840212.004175,0,0,5592,699.000
1764840212.00817,0,0,4174,521.750
1764840212.0122,1,1,597,74.625
1764840212.0161877,0,0,-1353,-169.125
1764840212.0201817,0,0,371,46.375
1764840212.0242686,0,0,4837,604.625
1764840212.0281463,0,0,3745,468.125
1764840212.032147,1,1,495,61.875
1764840212.0361428,0,0,-1295,-161.875
1764840212.0401406,0,0,366,45.750
1764840212.0441415,0,0,5186,648.250
1764840212.0481381,0,0,4175,521.875
1764840212.0521324,1,1,729,91.125
1764840212.056125,0,0,-1228,-153.500
1764840212.0601237,0,0,42,5.250
1764840212.0641418,0,0,4879,609.875
1764840212.0681415,0,0,4119,514.875
1764840212.0721462,1,1,798,99.750
1764840212.0761418,0,0,-1244,-155.500
1764840212.0801392,0,0,-156,-19.500
1764840212.0841413,0,0,4650,581.250
1764840212.0881395,0,0,4088,511.000
1764840212.0921426,1,1,854,106.750
1764840212.0961428,0,0,-1249,-156.125
1764840212.1001413,0,0,-55,-6.875
1764840212.104143,0,0,4985,623.125
1764840212.1081405,0,0,4406,550.750
1764840212.1121466,1,1,989,123.625
1764840212.116141,0,0,-1229,-153.625
1764840212.1201475,0,0,-344,-43.000
1764840212.1241496,0,0,4535,566.875
1764840212.1281388,0,0,4257,532.125
1764840212.1321309,1,1,1030,128.750
1764840212.136125,0,0,-1220,-152.500
1764840212.14014,0,0,-288,-36.000
1764840212.144138,0,0,4775,596.875
1764840212.1481369,0,0,4506,563.250
1764840212.152131,1,1,1139,142.375
1764840212.1561239,0,0,-1243,-155.375
1764840212.1601374,0,0,-336,-42.000
1764840212.164146,0,0,4868,608.500
1764840212.168136,0,0,4752,594.000
1764840212.17221,1,1,1312,164.000
1764840212.1761532,0,0,-1215,-151.875
1764840212.1801481,0,0,-393,-49.125
1764840212.1841292,0,0,4912,614.000
1764840212.188121,0,0,4953,619.125
1764840212.1921322,1,1,1461,182.625
1764840212.1961465,0,0,-1220,-152.500
1764840212.2001398,0,0,-501,-62.625
1764840212.2041314,0,0,4753,594.125
1764840212.2081206,0,0,4956,619.500
1764840212.2121396,1,1,1513,189.125
1764840212.216139,0,0,-1171,-146.375
1764840212.2201424,0,0,-598,-74.750
1764840212.2241447,0,0,4600,575.000
1764840212.228177,0,0,4957,619.625
1764840212.232142,1,1,1562,195.250
1764840212.2361395,0,0,-1204,-150.500
1764840212.2401402,0,0,-691,-86.375
1764840212.2444339,0,0,4459,557.375
1764840212.2483299,0,0,5009,626.125
1764840212.2521865,1,1,1658,207.250
1764840212.25614,0,0,-1173,-146.625
1764840212.260139,0,0,-828,-103.500
1764840212.2641418,0,0,4130,516.250
1764840212.2681363,0,0,4911,613.875
1764840212.2721424,1,1,1704,213.000
1764840212.2761354,0,0,-1157,-144.625
1764840212.2801359,0,0,-764,-95.500
1764840212.2841368,0,0,4549,568.625
1764840212.2881246,0,0,5422,677.750
1764840212.292139,1,1,1988,248.500
1764840212.2961378,0,0,-1125,-140.625
1764840212.3001347,0,0,-904,-113.000
1764840212.3041315,0,0,4086,510.750
1764840212.308124,0,0,5159,644.875
1764840212.3121367,1,1,1933,241.625
1764840212.3161376,0,0,-1089,-136.125
1764840212.3201363,0,0,-962,-120.250
1764840212.3241372,0,0,3981,497.625
1764840212.3281796,0,0,5255,656.875
1764840212.3321297,1,1,2065,258.125
1764840212.33612,0,0,-1064,-133.000
1764840212.340119,0,0,-995,-124.375
1764840212.3441422,0,0,3944,493.000
1764840212.3481386,0,0,5397,674.625
1764840212.3521419,1,1,2209,276.125
1764840212.3561356,0,0,-1014,-126.750
1764840212.360133,0,0,-1048,-131.000
1764840212.3641376,0,0,3796,474.500
1764840212.3681393,0,0,5440,680.000
1764840212.3722155,1,1,2313,289.125
1764840212.3761504,0,0,-934,-116.750
1764840212.3801372,0,0,-1125,-140.625
1764840212.3841298,0,0,3574,446.750
1764840212.3881197,0,0,5308,663.500
1764840212.392135,1,1,2277,284.625
1764840212.3961396,0,0,-911,-113.875
1764840212.4001377,0,0,-1216,-152.000
1764840212.4041257,0,0,3247,405.875
1764840212.4081194,0,0,2331,291.375
1764840212.4121382,1,1,-816,-102.000
1764840212.4161396,0,0,-1284,-160.500
1764840212.4201393,0,0,3442,430.250
1764840212.4241388,0,0,5609,701.125
1764840212.428173,0,0,2635,329.375
1764840212.432141,1,1,-702,-87.750
1764840212.4361377,0,0,-1393,-174.125
1764840212.440138,0,0,3069,383.625
1764840212.4441397,0,0,5471,683.875
1764840212.4481354,0,0,2684,335.500
1764840212.452136,1,1,-604,-75.500
1764840212.4561367,0,0,-1407,-175.875
1764840212.4601367,0,0,2596,324.500
1764840212.4641407,0,0,5198,649.750
1764840212.4681349,0,0,2659,332.375
1764840212.4721384,1,1,-505,-63.125
1764840212.4761364,0,0,-1508,-188.500
1764840212.480137,0,0,2179,272.375
1764840212.48414,0,0,4892,611.500
1764840212.488134,0,0,2575,321.875
1764840212.4921215,1,1,-454,-56.750
1764840212.4961214,0,0,-1512,-189.000
1764840212.5001354,0,0,2581,322.625
1764840212.504139,0,0,5488,686.000
1764840212.5081422,0,0,2975,371.875
1764840212.5121326,1,1,-327,-40.875
1764840212.5161183,0,0,-1543,-192.875
1764840212.520134,0,0,2742,342.750
1764840212.5241482,0,0,5848,731.000
1764840212.528146,0,0,3262,407.750
1764840212.5321329,1,1,-234,-29.250
1764840212.536133,0,0,-1569,-196.125
1764840212.540149,0,0,2734,341.750
1764840212.5441377,0,0,6075,759.375
1764840212.5481348,0,0,3502,437.750
1764840212.5521214,1,1,-125,-15.625
1764840212.5561166,0,0,-1587,-198.375
1764840212.5601187,0,0,2031,253.875
1764840212.5641363,0,0,5455,681.875
1764840212.568135,0,0,3239,404.875
1764840212.577496,0,0,-1688,-211.000
1764840212.5801775,0,0,2856,357.000
1764840212.5841289,0,0,6454,806.750
1764840212.588119,0,0,3930,491.250
1764840212.5921328,1,1,98,12.250
1764840212.5961347,0,0,-1286,-160.750
1764840212.6001315,0,0,129,16.125
1764840212.6041286,0,0,3672,459.000
1764840212.6081188,0,0,2523,315.375
1764840212.6121466,1,1,-68,-8.500
1764840212.6161332,0,0,-1614,-201.750
1764840212.620134,0,0,1526,190.750
1764840212.6241376,0,0,5326,665.750
1764840212.6281366,0,0,3449,431.125
1764840212.632178,1,1,96,12.000
1764840212.6361334,0,0,-1553,-194.125
1764840212.6401346,0,0,1471,183.875
1764840212.64414,0,0,5681,710.125
1764840212.6481352,0,0,3883,485.375
1764840212.6521277,1,1,323,40.375
1764840212.6561198,0,0,-1496,-187.000
1764840212.6601362,0,0,1121,140.125
1764840212.6641417,0,0,5421,677.625
1764840212.6681383,0,0,3828,478.500
1764840212.672128,1,1,364,45.500
1764840212.6761198,0,0,-1461,-182.625
1764840212.6801286,0,0,1092,136.500
1764840212.6841333,0,0,5561,695.125
1764840212.68813,0,0,4013,501.625
1764840212.6921272,1,1,454,56.750
1764840212.6961179,0,0,-1413,-176.625
1764840212.7001278,0,0,758,94.750
1764840212.704132,0,0,5375,671.875
1764840212.7081301,0,0,4052,506.500
1764840212.7121317,1,1,546,68.250
1764840212.7161307,0,0,-1359,-169.875
1764840212.7201314,0,0,674,84.250
1764840212.7241325,0,0,5415,676.875
1764840212.7281284,0,0,4166,520.750
1764840212.7321377,1,1,613,76.625
1764840212.736131,0,0,-1318,-164.750
1764840212.7401326,0,0,446,55.750
1764840212.744134,0,0,5310,663.750
1764840212.7481284,0,0,4233,529.125
1764840212.7521322,1,1,698,87.250
1764840212.756133,0,0,-1275,-159.375
1764840212.7601318,0,0,187,23.375
1764840212.7641342,0,0,5079,634.875
1764840212.7681272,0,0,4190,523.750
1764840212.7721345,1,1,739,92.375
1764840212.7762072,0,0,-1276,-159.500
1764840212.7801468,0,0,-96,-12.000
1764840212.7841303,0,0,4719,589.875
1764840212.7881153,0,0,4071,508.875
1764840212.7921264,1,1,768,96.000
1764840212.7961314,0,0,-1230,-153.750
1764840212.8001304,0,0,-128,-16.000
1764840212.804129,0,0,4901,612.625
1764840212.808116,0,0,4392,549.000
1764840212.812118,1,1,978,122.250
1764840212.8161151,0,0,-1256,-157.000
1764840212.820115,0,0,-178,-22.250
1764840212.8241324,0,0,4931,616.375
1764840212.828135,0,0,4521,565.125
1764840212.8321679,1,1,1068,133.500
1764840212.8361325,0,0,-1258,-157.250
1764840212.8401332,0,0,-362,-45.250
1764840212.8441396,0,0,4655,581.875
1764840212.848132,0,0,4459,557.375
1764840212.8521333,1,1,1116,139.500
1764840212.8561292,0,0,-1254,-156.750
1764840212.860135,0,0,-409,-51.125
1764840212.8641412,0,0,4728,591.000
1764840212.8681328,0,0,4683,585.375
1764840212.8721213,1,1,1284,160.500
1764840212.8761144,0,0,-1237,-154.625
1764840212.8801258,0,0,-435,-54.375
1764840212.884135,0,0,4792,599.000
1764840212.8881302,0,0,4844,605.500
1764840212.8921251,1,1,1389,173.625
1764840212.896112,0,0,-1244,-155.500
1764840212.9001234,0,0,-444,-55.500
1764840212.9041328,0,0,4929,616.125
1764840212.9081311,0,0,5087,635.875
1764840212.912134,1,1,1537,192.125
1764840212.9161253,0,0,-1179,-147.375
1764840212.9201274,0,0,-626,-78.250
1764840212.9241295,0,0,4544,568.000
1764840212.9281297,0,0,4947,618.375
1764840212.932145,1,1,1557,194.625
1764840212.9361293,0,0,-1151,-143.875
1764840212.9401283,0,0,-696,-87.000
1764840212.9441314,0,0,4480,560.000
1764840212.9481282,0,0,5054,631.750
1764840212.9521313,1,1,1674,209.250
1764840212.95613,0,0,-1180,-147.500
1764840212.960126,0,0,-784,-98.000
1764840212.9641304,0,0,4329,541.125
1764840212.9681294,0,0,5092,636.500
1764840212.9721234,1,1,1767,220.875
1764840212.9762022,0,0,-1152,-144.000
1764840212.9801388,0,0,-846,-105.750
1764840212.9841266,0,0,4228,528.500
1764840212.9881134,0,0,5160,645.000
1764840212.9921095,1,1,1866,233.250
1764840212.9961133,0,0,-1145,-143.125
1764840213.000111,0,0,-911,-113.875
1764840213.0041163,0,0,4100,512.500
1764840213.0081105,0,0,5214,651.750
1764840213.012133,1,1,1968,246.000
1764840213.0161319,0,0,-1087,-135.875
1764840213.0201309,0,0,-968,-121.000
1764840213.0241313,0,0,3945,493.125
1764840213.0281272,0,0,5209,651.125
1764840213.0321352,1,1,2022,252.750
1764840213.036168,0,0,-1082,-135.250
1764840213.0401309,0,0,-1006,-125.750
1764840213.0441341,0,0,3889,486.125
1764840213.0481284,0,0,5347,668.375
1764840213.0521219,1,1,2176,272.000
1764840213.0561144,0,0,-1019,-127.375
1764840213.0601172,0,0,-1048,-131.000
1764840213.0641303,0,0,5459,682.375
1764840213.0681272,0,0,2322,290.250
1764840213.0721316,1,1,-940,-117.500
1764840213.0761278,0,0,-1102,-137.750
1764840213.0801303,0,0,3616,452.000
1764840213.084135,0,0,5471,683.875
1764840213.088127,0,0,2416,302.000
1764840213.09213,1,1,-857,-107.125
1764840213.0961287,0,0,-1225,-153.125
1764840213.1001337,0,0,3302,412.750
1764840213.1041338,0,0,5299,662.375
1764840213.108126,0,0,2394,299.250
1764840213.1121294,1,1,-800,-100.000
1764840213.116127,0,0,-1335,-166.875
1764840213.1201277,0,0,2851,356.375
1764840213.1241329,0,0,5038,629.750
1764840213.128148,0,0,2360,295.000
1764840213.1321266,1,1,-718,-89.750
1764840213.1361272,0,0,-1369,-171.125
1764840213.140126,0,0,3407,425.875
1764840213.1441298,0,0,5727,715.875
1764840213.1481295,0,0,2764,345.500
1764840213.1521184,1,1,-632,-79.000
1764840213.156112,0,0,-1402,-175.250
1764840213.1601284,0,0,2629,328.625
1764840213.1641293,0,0,5213,651.625
1764840213.1681275,0,0,2648,331.000
1764840213.1721282,1,1,-532,-66.500
1764840213.1761985,0,0,-1485,-185.625
1764840213.1801388,0,0,2608,326.000
1764840213.1841254,0,0,5367,670.875
1764840213.1881144,0,0,2822,352.750
1764840213.1921244,1,1,-433,-54.125
1764840213.1961253,0,0,-1532,-191.500
1764840213.200123,0,0,2813,351.625
1764840213.204124,0,0,5743,717.875
1764840213.2081134,0,0,3098,387.250
1764840213.2121289,1,1,-341,-42.625
1764840213.2161274,0,0,-1525,-190.625
1764840213.2201254,0,0,2715,339.375
1764840213.2241323,0,0,5869,733.625
1764840213.228128,0,0,3283,410.375
1764840213.232133,1,1,-238,-29.750
1764840213.2361605,0,0,-1559,-194.875
1764840213.2401283,0,0,2268,283.500
1764840213.2444272,0,0,5600,700.000
1764840213.2483401,0,0,3249,406.125
1764840213.2521865,1,1,-171,-21.375
1764840213.2561314,0,0,-1559,-194.875
1764840213.260125,0,0,2598,324.750
1764840213.264125,0,0,6125,765.625
1764840213.268129,0,0,3632,454.000
1764840213.27214,1,1,-50,-6.250
1764840213.2761257,0,0,-1539,-192.375
1764840213.2801247,0,0,1591,198.875
1764840213.284127,0,0,5187,648.375
1764840213.2881227,0,0,3205,400.625
1764840213.292142,1,1,-62,-7.750
1764840213.2961247,0,0,-1431,-178.875
1764840213.3001244,0,0,748,93.500
1764840213.304121,0,0,4440,555.000
1764840213.3081205,0,0,2961,370.125
1764840213.3121269,1,1,25,3.125
1764840213.3161256,0,0,-1611,-201.375
1764840213.320125,0,0,1724,215.500
1764840213.3241167,0,0,5720,715.000
1764840213.3281076,0,0,3755,469.375
1764840213.3321254,1,1,209,26.125
1764840213.3361251,0,0,-1541,-192.625
1764840213.340125,0,0,1485,185.625
1764840213.3441231,0,0,5764,720.500
1764840213.3481197,0,0,3961,495.125
1764840213.3521264,1,1,357,44.625
1764840213.356127,0,0,-1497,-187.125
1764840213.3601255,0,0,1124,140.500
1764840213.3641274,0,0,5426,678.250
1764840213.3681204,0,0,3828,478.500
1764840213.3721278,1,1,354,44.250
1764840213.3761997,0,0,-1465,-183.125
1764840213.3801394,0,0,1051,131.375
1764840213.3841226,0,0,5488,686.000
1764840213.3881073,0,0,3952,494.000
1764840213.39212,1,1,421,52.625
1764840213.3961236,0,0,-1443,-180.375
1764840213.4001243,0,0,917,114.625
1764840213.4041214,0,0,5595,699.375
1764840213.408107,0,0,4179,522.375
1764840213.4121242,1,1,563,70.375
1764840213.4161232,0,0,-1357,-169.625
1764840213.4201267,0,0,644,80.500
1764840213.4241273,0,0,5425,678.125
1764840213.4281247,0,0,4196,524.500
1764840213.4321244,1,1,627,78.375
1764840213.4361205,0,0,-1272,-159.000
1764840213.4401593,0,0,7,0.875
1764840213.4441316,0,0,4577,572.125
1764840213.448125,0,0,3737,467.125
1764840213.4521255,1,1,549,68.625
1764840213.4561224,0,0,-1293,-161.625
1764840213.4601278,0,0,-56,-7.000
1764840213.4641287,0,0,4619,577.375
1764840213.4681232,0,0,3876,484.500
1764840213.472127,1,1,654,81.750
1764840213.4761202,0,0,-1282,-160.250
1764840213.4801204,0,0,25,3.125
1764840213.4841292,0,0,5012,626.500
1764840213.4881217,0,0,4309,538.625
1764840213.4921274,1,1,874,109.250
1764840213.4961195,0,0,-1215,-151.875
1764840213.5001202,0,0,-88,-11.000
1764840213.5041265,0,0,5035,629.375
1764840213.5081267,0,0,4531,566.375
1764840213.5121284,1,1,1057,132.125
1764840213.516119,0,0,-1218,-152.250
1764840213.520119,0,0,-371,-46.375
1764840213.5241277,0,0,4543,567.875
1764840213.5281231,0,0,4313,539.125
1764840213.5321147,1,1,1058,132.250
1764840213.5361216,0,0,-1214,-151.750
1764840213.5401523,0,0,-368,-46.000
1764840213.5441248,0,0,4636,579.500
1764840213.548121,0,0,4443,555.375
1764840213.5521147,1,1,1121,140.125
1764840213.5561085,0,0,-1246,-155.750
1764840213.5601046,0,0,-393,-49.125
1764840213.5641208,0,0,4759,594.875
1764840213.5681224,0,0,4700,587.500
1764840213.5721223,1,1,1295,161.875
1764840213.5813951,0,0,4599,574.875
1764840213.5841477,0,0,4599,574.875
1764840213.588127,0,0,4698,587.250
1764840213.5921195,1,1,1347,168.375
1764840213.5961072,0,0,-1234,-154.250
1764840213.6001194,0,0,-542,-67.750
1764840213.6041238,0,0,4626,578.250
1764840213.60812,0,0,4850,606.250
1764840213.6121159,1,1,1461,182.625
1764840213.616107,0,0,-1172,-146.500
1764840213.6201081,0,0,-598,-74.750
1764840213.624126,0,0,4628,578.500
1764840213.6281214,0,0,5008,626.000
1764840213.6321268,1,1,1592,199.000
1764840213.636121,0,0,-1183,-147.875
1764840213.640161,0,0,-743,-92.875
1764840213.6441352,0,0,4309,538.625
1764840213.64812,0,0,4916,614.500
1764840213.6521144,1,1,1635,204.375
1764840213.6561065,0,0,-1139,-142.375
1764840213.6601198,0,0,-681,-85.125
1764840213.664121,0,0,4673,584.125
1764840213.6681201,0,0,5343,667.875
1764840213.6721108,1,1,1861,232.625
1764840213.6761053,0,0,-1167,-145.875
1764840213.6801198,0,0,-778,-97.250
1764840213.6841273,0,0,4463,557.875
1764840213.6881177,0,0,5314,664.250
1764840213.69211,1,1,1910,238.750
1764840213.6961043,0,0,-1149,-143.625
1764840213.7001293,0,0,-977,-122.125
1764840213.7041206,0,0,3782,472.750
1764840213.7081153,0,0,4928,616.000
1764840213.7121193,1,1,1843,230.375
1764840213.7161298,0,0,-985,-123.125
1764840213.7201219,0,0,3859,482.375
1764840213.7241244,0,0,5129,641.125
1764840213.7281146,0,0,1994,249.250
1764840213.732131,1,1,-1078,-134.750
1764840213.7361174,0,0,-992,-124.000
1764840213.740118,0,0,3967,495.875
1764840213.7441907,0,0,5423,677.875
1764840213.748164,0,0,2220,277.500
1764840213.752164,1,1,-1013,-126.625
1764840213.756172,0,0,-1027,-128.375
1764840213.7601633,0,0,3918,489.750
1764840213.7641668,0,0,5521,690.125
1764840213.768163,0,0,2328,291.000
1764840213.7721848,1,1,-954,-119.250
1764840213.7761607,0,0,-1131,-141.375
1764840213.7802951,0,0,3399,424.875
1764840213.7841597,0,0,5246,655.750
1764840213.788162,0,0,2303,287.875
1764840213.7921617,1,1,-870,-108.750
1764840213.7961607,0,0,-1252,-156.500
1764840213.800161,0,0,2982,372.750
1764840213.8041697,0,0,4998,624.750
1764840213.8081446,0,0,2264,283.000
1764840213.8121657,1,1,-792,-99.000
1764840213.8161602,0,0,-1275,-159.375
1764840213.8201609,0,0,3536,442.000
1764840213.8241668,0,0,5676,709.500
1764840213.8281634,0,0,2662,332.750
1764840213.832154,1,1,-699,-87.375
1764840213.8361442,0,0,-1410,-176.250
1764840213.8401425,0,0,2827,353.375
1764840213.8442543,0,0,5206,650.750
1764840213.848123,0,0,2545,318.125
1764840213.8521206,1,1,-612,-76.500
1764840213.8561196,0,0,-1455,-181.875
1764840213.8601174,0,0,2860,357.500
1764840213.86412,0,0,5406,675.750
1764840213.8681178,0,0,2732,341.500
1764840213.8721235,1,1,-520,-65.000
1764840213.8761203,0,0,-1456,-182.000
1764840213.880119,0,0,2900,362.500
1764840213.8841238,0,0,5584,698.000
1764840213.8881183,0,0,2887,360.875
1764840213.8921223,1,1,-457,-57.125
1764840213.8961167,0,0,-1532,-191.500
1764840213.9001155,0,0,2710,338.750
1764840213.9041197,0,0,5613,701.625
1764840213.9081154,0,0,3017,377.125
1764840213.9121227,1,1,-361,-45.125
1764840213.9161167,0,0,-1577,-197.125
1764840213.9201262,0,0,2607,325.875
1764840213.9241278,0,0,5669,708.625
1764840213.9281175,0,0,3130,391.250
1764840213.932112,1,1,-296,-37.000
1764840213.9361017,0,0,-1567,-195.875
1764840213.9401164,0,0,2252,281.500
1764840213.9441166,0,0,5482,685.250
1764840213.9481173,0,0,3134,391.750
1764840213.9521096,1,1,-220,-27.500
1764840213.9561017,0,0,-1470,-183.750
1764840213.9601178,0,0,1087,135.875
1764840213.9641166,0,0,4511,563.875
1764840213.9681146,0,0,2810,351.250
1764840213.9721162,1,1,-105,-13.125
1764840213.9761178,0,0,-1494,-186.750
1764840213.9801915,0,0,1211,151.375
1764840213.9841197,0,0,4738,592.250
1764840213.988099,0,0,3008,376.000
1764840213.9921136,1,1,-14,-1.750
1764840213.9961174,0,0,-1668,-208.500
1764840214.0001154,0,0,2231,278.875
1764840214.0041113,0,0,6072,759.000
1764840214.0080976,0,0,3835,479.375
1764840214.0121217,1,1,171,21.375
1764840214.0161011,0,0,-1599,-199.875
1764840214.0201118,0,0,1654,206.750
1764840214.0241168,0,0,5629,703.625
1764840214.0281172,0,0,3696,462.000
1764840214.0321164,1,1,199,24.875
1764840214.036124,0,0,-1549,-193.625
1764840214.040117,0,0,1218,152.250
1764840214.0441227,0,0,5197,649.625
1764840214.048162,0,0,3504,438.000
1764840214.0521452,1,1,181,22.625
1764840214.056118,0,0,-1528,-191.000
1764840214.0601277,0,0,1412,176.500
1764840214.064117,0,0,5795,724.375
1764840214.0681129,0,0,4051,506.375
1764840214.0721126,1,1,416,52.000
1764840214.076123,0,0,-1453,-181.625
1764840214.0801125,0,0,925,115.625
1764840214.084109,0,0,5356,669.500
1764840214.0880995,0,0,3898,487.250
1764840214.0921123,1,1,436,54.500
1764840214.0961137,0,0,-1437,-179.625
1764840214.100111,0,0,919,114.875
1764840214.1041174,0,0,5563,695.375
1764840214.1081145,0,0,4146,518.250
1764840214.1121156,1,1,557,69.625
1764840214.116111,0,0,-1380,-172.500
1764840214.1201096,0,0,770,96.250
1764840214.1241164,0,0,5557,694.625
1764840214.1281133,0,0,4253,531.625
1764840214.132119,1,1,635,79.375
1764840214.1361146,0,0,-1286,-160.750
1764840214.1401103,0,0,338,42.250
1764840214.144115,0,0,5165,645.625
1764840214.1481278,0,0,4147,518.375
1764840214.1521194,1,1,685,85.625
1764840214.1561117,0,0,-1262,-157.750
1764840214.1601102,0,0,22,2.750
1764840214.1641157,0,0,4819,602.375
1764840214.1681104,0,0,4044,505.500
1764840214.1721163,1,1,725,90.625
1764840214.1761127,0,0,-1272,-159.000
1764840214.1802084,0,0,63,7.875
1764840214.1841147,0,0,5051,631.375
1764840214.1881003,0,0,4312,539.000
1764840214.1921134,1,1,860,107.500
1764840214.1961153,0,0,-1274,-159.250
1764840214.200114,0,0,-47,-5.875
1764840214.2041068,0,0,5026,628.250
1764840214.208094,0,0,4441,555.125
1764840214.2121274,1,1,971,121.375
1764840214.2161152,0,0,-1262,-157.750
1764840214.2201157,0,0,-106,-13.250
1764840214.2241144,0,0,5049,631.125
1764840214.22811,0,0,4568,571.000
1764840214.2321184,1,1,1057,132.125
1764840214.2361147,0,0,-1276,-159.500
1764840214.2401142,0,0,-307,-38.375
1764840214.2444117,0,0,4740,592.500
1764840214.2483575,0,0,4472,559.000
1764840214.2521617,1,1,1087,135.875
1764840214.2561152,0,0,-1238,-154.750
1764840214.260113,0,0,-272,-34.000
1764840214.2641141,0,0,5034,629.250
1764840214.2681081,0,0,4858,607.250
1764840214.2721162,1,1,1302,162.750
1764840214.2761135,0,0,-1228,-153.500
1764840214.280114,0,0,-337,-42.125
1764840214.2841175,0,0,5047,630.875
1764840214.2881103,0,0,5021,627.625
1764840214.2921174,1,1,1432,179.000
1764840214.2961125,0,0,-1221,-152.625
1764840214.3001144,0,0,-444,-55.500
1764840214.3041048,0,0,4953,619.125
1764840214.308115,0,0,5131,641.375
1764840214.312113,1,1,1561,195.125
1764840214.3161104,0,0,-1215,-151.875
1764840214.3201098,0,0,-589,-73.625
1764840214.3241153,0,0,4644,580.500
1764840214.3281066,0,0,4998,624.750
1764840214.3321092,1,0,1553,194.125
1764840214.3361073,0,0,-1161,-145.125
1764840214.3401103,0,0,-710,-88.750
1764840214.3441,0,0,4382,547.750
1764840214.348135,0,0,4930,616.250
1764840214.3521414,0,0,1593,199.125
1764840214.356113,0,0,-1180,-147.500
1764840214.360119,0,0,-692,-86.500
1764840214.3641288,0,0,4582,572.750
1764840214.368125,0,0,5202,650.250
1764840214.372104,1,1,-1140,-142.500
1764840214.376094,0,0,-815,-101.875
1764840214.3801806,0,0,4340,542.500
1764840214.384166,0,0,5234,654.250
1764840214.3881104,0,0,1875,234.375
1764840214.3921108,1,1,-1158,-144.750
1764840214.39611,0,0,-803,-100.375
1764840214.4001112,0,0,4505,563.125
1764840214.4041085,0,0,5485,685.625
1764840214.4080973,0,0,2027,253.375
1764840214.4121137,1,1,-1132,-141.500
1764840214.4161093,0,0,-913,-114.125
1764840214.4201086,0,0,4215,526.875
1764840214.4241152,0,0,5463,682.875
1764840214.42811,0,0,2130,266.250
1764840214.4321153,1,0,-1053,-131.625
1764840214.4361093,0,0,-1029,-128.625
1764840214.4401069,0,0,3728,466.000
1764840214.444114,0,0,5170,646.250
1764840214.4481118,0,0,2065,258.125
1764840214.452127,1,1,-1061,-132.625
1764840214.4561143,0,0,-1053,-131.625
1764840214.4601097,0,0,3719,464.875
1764840214.4641016,0,0,5289,661.125
1764840214.4680943,0,0,2179,272.375
1764840214.4721072,0,0,-1009,-126.125
1764840214.4761114,0,0,-1082,-135.250
1764840214.4801083,0,0,3666,458.250
1764840214.4841018,0,0,5366,670.750
1764840214.4880924,0,0,2272,284.000
1764840214.4921246,0,0,-951,-118.875
1764840214.4961123,0,0,-1144,-143.000
1764840214.5001092,0,0,3563,445.375
1764840214.5041113,0,0,5521,690.125
1764840214.508109,0,0,2472,309.000
1764840214.5121148,0,0,-835,-104.375
1764840214.5161083,0,0,-1274,-159.250
1764840214.52011,0,0,3289,411.125
1764840214.524111,0,0,5466,683.250
1764840214.5281067,0,0,2552,319.000
1764840214.5321143,0,0,-737,-92.125
1764840214.5361106,0,0,-1371,-171.375
1764840214.5401115,0,0,2794,349.250
1764840214.5441122,0,0,5027,628.375
1764840214.5481083,0,0,2359,294.875
1764840214.5522075,1,0,-728,-91.000
1764840214.5561383,0,0,-1375,-171.875
1764840214.5601356,0,0,3140,392.500
1764840214.5641537,0,0,5680,710.000
1764840214.5681505,0,0,2846,355.750
1764840214.5721407,0,1,-547,-68.375
1764840214.576134,0,0,-1453,-181.625
1764840214.5866253,0,0,5506,688.250
1764840214.5885239,1,1,2832,354.000
1764840214.592149,0,0,-486,-60.750
1764840214.5961354,0,0,-1524,-190.500
1764840214.6001508,0,0,3093,386.625
1764840214.6041553,0,0,5965,745.625
1764840214.6081505,0,0,3166,395.750
1764840214.6121423,0,0,-387,-48.375
1764840214.616134,0,0,-1526,-190.750
1764840214.620151,0,0,2789,348.625
1764840214.6241546,0,0,5885,735.625
1764840214.6281483,0,0,3241,405.125
1764840214.6321547,0,0,-300,-37.500
1764840214.6361473,0,0,-1564,-195.500
1764840214.6401508,0,0,2625,328.125
1764840214.6441605,0,0,5895,736.875
1764840214.6481504,0,0,3345,418.125
1764840214.6521335,0,0,-212,-26.500
1764840214.6561096,0,0,-1411,-176.375
1764840214.6601064,0,0,990,123.750
1764840214.6641495,0,0,4335,541.875
1764840214.6681209,0,0,2658,332.250
1764840214.6721005,1,0,-199,-24.875
1764840214.676091,0,0,-1635,-204.375
1764840214.6801014,0,0,2204,275.500
1764840214.6841102,0,0,5762,720.250
1764840214.688106,0,0,3479,434.875
1764840214.6920981,0,0,-35,-4.375
1764840214.6960888,0,0,-1651,-206.375
1764840214.7000976,0,0,2188,273.500
1764840214.7041104,0,0,5989,748.625
1764840214.7081106,0,0,3734,466.750
1764840214.7121122,0,0,79,9.875
1764840214.716105,0,0,-1545,-193.125
1764840214.7201054,0,0,1903,237.875
1764840214.7241163,0,0,5996,749.500
1764840214.7281077,0,0,3920,490.000
1764840214.7320993,0,0,223,27.875
1764840214.7360897,0,0,-1570,-196.250
1764840214.7401,0,0,1379,172.375
1764840214.7441077,0,0,5317,664.625
1764840214.7481065,0,0,3496,437.000
1764840214.7521262,0,0,95,11.875
1764840214.7561078,0,0,-1529,-191.125
1764840214.7601063,0,0,1482,185.250
1764840214.76411,0,0,5781,722.625
1764840214.7681072,0,0,3956,494.500
1764840214.7721128,0,0,304,38.000
1764840214.7761085,0,0,-1473,-184.125
1764840214.7801049,0,0,1100,137.500
1764840214.7841814,0,0,5548,693.500
1764840214.7881193,0,0,3963,495.375
1764840214.792106,1,0,386,48.250
1764840214.7960913,0,0,-1428,-178.500
1764840214.8000994,0,0,913,114.125
1764840214.8041003,0,0,5465,683.125
1764840214.808102,0,0,4007,500.875
1764840214.8121066,0,0,445,55.625
1764840214.816097,0,0,-1386,-173.250
1764840214.8201025,0,0,672,84.000
1764840214.8241084,0,0,5423,677.875
1764840214.828103,0,0,4150,518.750
1764840214.832108,0,0,579,72.375
1764840214.8361056,0,0,-1327,-165.875
1764840214.8401053,0,0,482,60.250
1764840214.8441033,0,0,5268,658.500
1764840214.8481019,0,0,4127,515.875
1764840214.8521345,0,0,603,75.375
1764840214.8560898,0,0,-1304,-163.000
1764840214.8600903,0,0,359,44.875
1764840214.8641076,0,0,5367,670.875
1764840214.868102,0,0,4363,545.375
1764840214.8721025,0,0,763,95.375
1764840214.8761063,0,0,-1253,-156.625
1764840214.880103,0,0,155,19.375
1764840214.8841128,0,0,5196,649.500
1764840214.8881073,0,0,4366,545.750
1764840214.892098,0,0,823,102.875
1764840214.896086,0,0,-1255,-156.875
1764840214.9000962,0,0,-64,-8.000
1764840214.9041193,0,0,4974,621.750
1764840214.9080992,0,0,4378,547.250
1764840214.9120991,0,0,916,114.500
1764840214.9161005,0,0,-1268,-158.500
1764840214.920102,0,0,78,9.750
1764840214.9241037,0,0,5416,677.000
1764840214.9280999,0,0,4792,599.000
1764840214.932099,0,0,1093,136.625
1764840214.9360964,0,0,-1239,-154.875
1764840214.9401007,0,0,-35,-4.375
1764840214.944103,0,0,5349,668.625
1764840214.9481,0,0,4875,609.375
1764840214.9520986,0,0,1176,147.000
1764840214.9561944,0,0,-1276,-159.500
1764840214.9601448,0,0,-290,-36.250
1764840214.9641464,0,0,4898,612.250
1764840214.9681447,0,0,4665,583.125
1764840214.9721463,0,0,1154,144.250
1764840214.9761407,0,0,-1280,-160.000
1764840214.9801445,0,0,-335,-41.875
1764840214.9842403,0,0,4902,612.750
1764840214.9881656,0,1,4764,595.500
1764840214.9921427,0,0,1227,153.375
1764840214.9961257,0,0,-1287,-160.875
1764840215.0001378,0,0,-369,-46.125
1764840215.004148,0,0,5044,630.500
1764840215.0081458,0,0,5072,634.000
1764840215.0121398,0,0,1439,179.875
1764840215.016126,0,0,-1263,-157.875
1764840215.020139,0,0,-481,-60.125
1764840215.024154,0,0,5080,635.000
1764840215.0281472,0,1,1501,187.625
1764840215.0321484,0,0,-1248,-156.000
1764840215.0361266,0,0,-653,-81.625
1764840215.0401247,0,0,4523,565.375
1764840215.044143,0,0,4978,622.250
1764840215.0481472,0,1,1550,193.750
1764840215.0521398,0,0,-1239,-154.875
1764840215.056121,0,0,-641,-80.125
1764840215.060088,0,0,4740,592.500
1764840215.0641036,0,0,5316,664.500
1764840215.0681021,0,0,1765,220.625
1764840215.0721045,0,0,-1165,-145.625
1764840215.076103,0,0,-713,-89.125
1764840215.0801,0,0,4640,580.000
1764840215.0841057,0,0,5377,672.125
1764840215.0881038,0,1,1853,231.625
1764840215.092094,0,0,-1201,-150.125
1764840215.0960848,0,0,-884,-110.500
1764840215.1000936,0,0,4107,513.375
1764840215.1040998,0,0,5077,634.625
1764840215.108097,0,1,1795,224.375
1764840215.1120944,0,0,-1200,-150.000
1764840215.116087,0,0,-853,-106.625
1764840215.120094,0,0,4353,544.125
1764840215.124101,0,0,5396,674.500
1764840215.128099,0,1,1979,247.375
1764840215.1321034,0,0,-1170,-146.250
1764840215.136099,0,0,-920,-115.000
1764840215.1401002,0,0,4215,526.875
1764840215.144103,0,0,5482,685.250
1764840215.1480973,0,1,2114,264.250
1764840215.1521022,0,0,-1100,-137.500
1764840215.1561134,0,0,-973,-121.625
1764840215.160101,0,0,4122,515.250
1764840215.1641,0,0,5618,702.250
1764840215.1680956,0,1,2287,285.875
1764840215.1721005,0,0,-1057,-132.125
1764840215.1760993,0,0,-1071,-133.875
1764840215.1800995,0,0,3648,456.000
1764840215.1841764,0,0,5297,662.125
1764840215.1881104,1,1,2187,273.375
1764840215.1920955,0,0,-1023,-127.875
1764840215.1960855,0,0,-1101,-137.625
1764840215.2000945,0,0,3617,452.125
1764840215.2040992,0,0,5456,682.000
1764840215.2080984,1,1,2355,294.375
1764840215.2120926,0,0,-929,-116.125
1764840215.216087,0,0,-1200,-150.000
1764840215.2200928,0,0,3446,430.750
1764840215.224107,0,0,5474,684.250
1764840215.2280965,1,1,2457,307.125
1764840215.2321,0,0,-848,-106.000
1764840215.2361062,0,0,-1296,-162.000
1764840215.2400978,0,0,3169,396.125
1764840215.2443883,0,0,5349,668.625
1764840215.2483122,1,1,2467,308.375
1764840215.2521393,0,0,-783,-97.875
1764840215.2560937,0,0,-1355,-169.375
1764840215.2600973,0,0,3447,430.875
1764840215.2641003,0,0,5804,725.500
1764840215.2681117,1,1,2782,347.750
1764840215.2721076,0,0,-677,-84.625
1764840215.2761059,0,0,-1416,-177.000
1764840215.2800953,0,0,3352,419.000
1764840215.2840958,0,0,5875,734.375
1764840215.2880838,1,1,2899,362.375
1764840215.2920973,0,0,-622,-77.750
1764840215.2960951,0,0,-1451,-181.375
1764840215.3000975,0,0,2709,338.625
1764840215.304213,0,0,5465,683.125
1764840215.3081844,1,1,2817,352.125
1764840215.3121917,0,0,-521,-65.125
1764840215.316109,0,0,-1513,-189.125
1764840215.3200998,0,0,3471,433.875
1764840215.324103,0,0,6266,783.250
1764840215.3280997,1,1,3289,411.125
1764840215.3321002,0,0,-429,-53.625
1764840215.3360944,0,0,-1529,-191.125
1764840215.340097,0,0,2620,327.500
1764840215.3441002,0,0,5687,710.875
1764840215.3480976,1,1,3084,385.500
1764840215.352115,0,0,-411,-51.375
1764840215.3560975,0,0,-1562,-195.250
1764840215.3600984,0,0,2167,270.875
1764840215.364092,0,0,5383,672.875
1764840215.368087,1,1,3026,378.250
1764840215.3720984,0,0,-337,-42.125
1764840215.3761008,0,0,-1461,-182.625
1764840215.3801,0,0,1002,125.250
1764840215.3841903,0,0,4379,547.375
1764840215.3881137,1,1,2668,333.500
1764840215.392098,0,0,-247,-30.875
1764840215.3960853,0,0,-1659,-207.375
1764840215.4000962,0,0,2027,253.375
1764840215.4040976,0,0,5504,688.000
1764840215.4080958,1,1,3276,409.500
1764840215.4120903,0,0,-157,-19.625
1764840215.4160838,0,0,-1535,-191.875
1764840215.4200943,0,0,1785,223.125
1764840215.4241002,0,0,5615,701.875
1764840215.4280953,1,1,3548,443.500
1764840215.4321017,0,0,30,3.750
1764840215.4361002,0,0,-1597,-199.625
1764840215.440099,0,0,1593,199.125
1764840215.4440994,0,0,5495,686.875
1764840215.4480941,1,1,3543,442.875
1764840215.452103,0,0,55,6.875
1764840215.4560974,0,0,-1574,-196.750
1764840215.4601352,0,0,1568,196.000
1764840215.464101,0,0,5688,711.000
1764840215.4680955,1,1,3774,471.750
1764840215.4720984,0,0,168,21.000
1764840215.4760962,0,0,-1467,-183.375
1764840215.4801016,0,0,1134,141.750
1764840215.4841022,0,0,5444,680.500
1764840215.4880953,1,1,3800,475.000
1764840215.492087,0,0,277,34.625
1764840215.4960833,0,0,-1536,-192.000
1764840215.5000947,0,0,1215,151.875
1764840215.5040967,0,0,5671,708.875
1764840215.5080914,1,1,4009,501.125
1764840215.512086,0,0,350,43.750
1764840215.5160835,0,0,-1467,-183.375
1764840215.5200934,0,0,803,100.375
1764840215.5241098,0,0,5307,663.375
1764840215.528095,1,1,3889,486.125
1764840215.5320995,0,0,372,46.500
1764840215.5360963,0,0,-1387,-173.375
1764840215.5401099,0,0,548,68.500
1764840215.544102,0,0,5204,650.500
1764840215.5480962,1,1,3976,497.000
1764840215.5520883,0,0,480,60.000
1764840215.5560796,0,0,-1327,-165.875
1764840215.5601819,0,0,356,44.500
1764840215.564156,0,0,5114,639.250
1764840215.5681412,1,1,4037,504.625
1764840215.5721428,0,0,560,70.000
1764840215.5761366,0,0,-1297,-162.125
1764840215.580153,0,0,17,2.125
1764840215.5906513,1,1,640,80.000
1764840215.5925553,0,0,640,80.000
1764840215.5961664,0,0,-1352,-169.000
1764840215.6001384,0,0,392,49.000
1764840215.6041358,0,0,5479,684.875
1764840215.6081219,1,1,4472,559.000
1764840215.6121101,0,0,777,97.125
1764840215.6161182,0,0,-1286,-160.750
1764840215.6201196,0,0,112,14.000
1764840215.6242287,0,0,5313,664.125
1764840215.6281707,1,1,4573,571.625
1764840215.6321623,0,0,916,114.500
1764840215.6361353,0,0,-1369,-171.125
1764840215.6401374,0,0,548,68.500
1764840215.6441445,0,0,6040,755.000
1764840215.6481376,1,1,5164,645.500
1764840215.6521459,0,0,1171,146.375
1764840215.6561363,0,0,-1333,-166.625
1764840215.660222,0,0,93,11.625
1764840215.6640983,0,0,5603,700.375
1764840215.6680946,1,1,5022,627.750
1764840215.6720998,0,0,1151,143.875
1764840215.6760943,0,0,-1307,-163.375
1764840215.6800916,0,0,-123,-15.375
1764840215.684094,0,0,4888,611.000
1764840215.688096,1,1,1133,141.625
1764840215.6920877,0,0,-1301,-162.625
1764840215.6960778,0,0,-180,-22.500
1764840215.7001026,0,0,5302,662.750
1764840215.7041178,0,0,5031,628.875
1764840215.708097,1,1,1235,154.375
1764840215.7120893,0,0,-1353,-169.125
1764840215.71608,0,0,-267,-33.375
1764840215.7200904,0,0,5266,658.250
1764840215.724092,0,0,5171,646.375
1764840215.7280934,1,1,1364,170.500
1764840215.732089,0,0,-1352,-169.000
1764840215.7360775,0,0,-241,-30.125
1764840215.7400913,0,0,5439,679.875
1764840215.744094,0,0,5464,683.000
1764840215.7480934,1,1,1582,197.750
1764840215.7520986,0,0,-1293,-161.625
1764840215.7560904,0,0,-385,-48.125
1764840215.7601268,0,0,5258,657.250
1764840215.764098,0,0,5481,685.125
1764840215.7680898,1,1,1645,205.625
1764840215.7720816,0,0,-1313,-164.125
1764840215.7760816,0,0,-492,-61.500
1764840215.7800903,0,0,5093,636.625
1764840215.7841055,0,0,5456,682.000
1764840215.7881603,1,1,1659,207.375
1764840215.7921014,0,0,-1324,-165.500
1764840215.796081,0,0,-609,-76.125
1764840215.8000896,0,0,4932,616.500
1764840215.8040934,0,0,5530,691.250
1764840215.8080907,1,1,1788,223.500
1764840215.812092,0,0,-1260,-157.500
1764840215.816091,0,0,-674,-84.250
1764840215.8200905,0,0,4851,606.375
1764840215.8240848,0,0,5608,701.000
1764840215.8280764,1,1,1891,236.375
1764840215.8320875,0,0,-1299,-162.375
1764840215.8360927,0,0,-708,-88.500
1764840215.8400958,0,0,4852,606.500
1764840215.8440993,0,0,5796,724.500
1764840215.848093,1,1,2096,262.000
1764840215.8520944,0,0,-1243,-155.375
1764840215.85609,0,0,-818,-102.250
1764840215.8600912,0,0,4627,578.375
1764840215.8641398,0,0,5806,725.750
1764840215.8680937,1,1,2185,273.125
1764840215.8720827,0,0,-1201,-150.125
1764840215.876075,0,0,-855,-106.875
1764840215.8800793,0,0,4562,570.250
1764840215.8840947,0,0,5873,734.125
1764840215.8880928,1,1,2283,285.375
1764840215.8920903,0,0,-1198,-149.750
1764840215.8960917,0,0,-963,-120.375
1764840215.9000976,0,0,4223,527.875
1764840215.9041011,0,0,5743,717.875
1764840215.9080944,1,1,2256,282.000
1764840215.912087,0,0,-1209,-151.125
1764840215.916075,0,0,-1060,-132.500
1764840215.9200864,0,0,3798,474.750
1764840215.9240901,0,0,5482,685.250
1764840215.9280932,1,1,2164,270.500
1764840215.9320858,0,0,-1197,-149.625
1764840215.9360738,0,0,-1110,-138.750
1764840215.940087,0,0,3657,457.125
1764840215.9440942,0,0,5531,691.375
1764840215.9480917,1,1,2279,284.875
1764840215.9520965,0,0,-1121,-140.125
1764840215.956091,0,0,-1186,-148.250
1764840215.960088,0,0,3613,451.625
1764840215.9641292,0,0,5707,713.375
1764840215.9680912,1,1,2487,310.875
1764840215.9720926,0,0,-1009,-126.125
1764840215.9760897,0,0,-1218,-152.250
1764840215.980089,0,0,3886,485.750
1764840215.9840925,0,0,6168,771.000
1764840215.9881685,1,1,2946,368.250
1764840215.9921017,0,0,-767,-95.875
1764840215.9960775,0,0,-1286,-160.750
1764840216.0000858,0,0,4002,500.250
1764840216.0040882,0,0,6377,797.125
1764840216.0080907,1,1,3231,403.875
1764840216.0120873,0,0,-598,-74.750
1764840216.0160747,0,0,-1395,-174.375
1764840216.0200827,0,0,3543,442.875
1764840216.0240932,0,0,6201,775.125
1764840216.0280886,1,1,3163,395.375
1764840216.032096,0,0,-626,-78.250
1764840216.0360904,0,0,-1441,-180.125
1764840216.040092,0,0,3344,418.000
1764840216.0440931,0,0,6132,766.500
1764840216.0480883,1,1,3155,394.375
1764840216.0520837,0,0,-631,-78.875
1764840216.056075,0,0,-1429,-178.625
1764840216.060077,0,0,3100,387.500
1764840216.064096,0,0,6123,765.375
1764840216.0680902,1,1,3273,409.125
1764840216.072092,0,0,-530,-66.250
1764840216.0760908,0,0,-1439,-179.875
1764840216.080089,0,0,2268,283.500
1764840216.0840912,0,0,5596,699.500
1764840216.0880866,1,1,3068,383.500
1764840216.092093,0,0,-527,-65.875
1764840216.0960894,0,0,-1490,-186.250
1764840216.100095,0,0,2033,254.125
1764840216.1041017,0,0,5522,690.250
1764840216.1080902,1,1,3152,394.000
1764840216.1120813,0,0,-419,-52.375
1764840216.1160762,0,0,-1550,-193.750
1764840216.1200871,0,0,2577,322.125
1764840216.1240907,0,0,6197,774.625
1764840216.1280851,1,1,3697,462.125
1764840216.1320806,0,0,-185,-23.125
1764840216.1360738,0,0,-1597,-199.625
1764840216.1400883,0,0,2362,295.250
1764840216.1440916,0,0,6143,767.875
1764840216.148083,1,1,3744,468.000
1764840216.1520908,0,0,-143,-17.875
1764840216.1560867,0,0,-1611,-201.375
1764840216.1600895,0,0,2040,255.000
1764840216.1640916,0,0,5962,745.250
1764840216.1681602,1,1,3677,459.625
1764840216.1721365,0,0,-168,-21.000
1764840216.1761296,0,0,-1563,-195.375
1764840216.18013,0,0,2143,267.875
1764840216.184138,0,0,6216,777.000
1764840216.1882074,1,1,4050,506.250
1764840216.1921327,0,0,80,10.000
1764840216.1961105,0,0,-1613,-201.625
1764840216.200126,0,0,2183,272.875
1764840216.2041328,0,0,6351,793.875
1764840216.2081308,1,1,4345,543.125
1764840216.2121198,0,0,300,37.500
1764840216.216109,0,0,-1489,-186.125
1764840216.2201262,0,0,1251,156.375
1764840216.224138,0,0,5757,719.625
1764840216.2281313,1,1,3957,494.625
1764840216.2321362,0,0,90,11.250
1764840216.2361295,0,0,-1538,-192.250
1764840216.2401302,0,0,1337,167.125
1764840216.2443972,0,0,5974,746.750
1764840216.2483559,1,1,4246,530.750
1764840216.2521653,0,0,272,34.000
1764840216.2561324,0,0,-1486,-185.750
1764840216.2601273,0,0,1038,129.750
1764840216.2641318,0,0,5814,726.750
1764840216.268239,1,1,4225,528.125
1764840216.272095,0,0,288,36.000
1764840216.276094,0,0,-1444,-180.500
1764840216.2800865,0,0,798,99.750
1764840216.2840848,0,0,5709,713.625
1764840216.288086,1,1,4272,534.000
1764840216.2920883,0,0,354,44.250
1764840216.2960854,0,0,-1394,-174.250
1764840216.3000824,0,0,736,92.000
1764840216.3040857,0,0,5829,728.625
1764840216.3080883,1,1,4545,568.125
1764840216.3120978,0,0,564,70.500
1764840216.3160906,0,0,-1337,-167.125
1764840216.3200881,0,0,507,63.375
1764840216.3240788,0,0,5728,716.000
1764840216.3280685,1,1,4610,576.250
1764840216.33207,0,0,642,80.250
1764840216.3360868,0,0,-1345,-168.125
1764840216.3400884,0,0,5708,713.500
1764840216.3440754,0,0,4744,593.000
1764840216.3480682,1,1,766,95.750
1764840216.3521647,0,0,-1369,-171.125
1764840216.356088,0,0,132,16.500
1764840216.3600864,0,0,5430,678.750
1764840216.364092,0,0,4627,578.375
1764840216.368158,1,1,731,91.375
1764840216.3721387,0,0,-1420,-177.500
1764840216.3761263,0,0,304,38.000
1764840216.3801243,0,0,5776,722.000
1764840216.3841224,0,0,5104,638.000
1764840216.3881974,1,1,1088,136.000
1764840216.3921292,0,0,-1367,-170.875
1764840216.3961241,0,0,140,17.500
1764840216.4001265,0,0,5644,705.500
1764840216.4041288,0,0,5103,637.875
1764840216.4081304,1,1,1107,138.375
1764840216.4121184,0,0,-1393,-174.125
1764840216.4161088,0,0,-105,-13.125
1764840216.4201152,0,0,5391,673.875
1764840216.424135,0,0,5043,630.375
1764840216.4281318,1,1,1106,138.250
1764840216.4321349,0,0,-1404,-175.500
1764840216.436131,0,0,-137,-17.125
1764840216.4401298,0,0,5432,679.000
1764840216.444134,0,0,5267,658.375
1764840216.4481313,1,1,1324,165.500
1764840216.4521348,0,0,-1330,-166.250
1764840216.4561288,0,0,-259,-32.375
1764840216.4601297,0,0,5321,665.125
1764840216.4641373,0,0,5335,666.875
1764840216.4681325,1,1,1420,177.500
1764840216.4721189,0,0,-1350,-168.750
1764840216.4760725,0,0,-355,-44.375
1764840216.4800777,0,0,5229,653.625
1764840216.4840848,0,0,5414,676.750
1764840216.4880867,1,1,1528,191.000
1764840216.4920807,0,0,-1353,-169.125
1764840216.4960704,0,0,-483,-60.375
1764840216.50008,0,0,5080,635.000
1764840216.5040846,0,0,5485,685.625
1764840216.5080795,1,1,1651,206.375
1764840216.5120876,0,0,-1312,-164.000
1764840216.5160859,0,0,-547,-68.375
1764840216.5200853,0,0,5008,626.000
1764840216.5240912,0,0,5545,693.125
1764840216.5280812,1,1,1732,216.500
1764840216.532085,0,0,-1364,-170.500
1764840216.536083,0,0,-578,-72.250
1764840216.5400956,0,0,4994,624.250
1764840216.5440881,0,0,5676,709.500
1764840216.548082,1,1,1888,236.000
1764840216.5520751,0,0,-1283,-160.375
1764840216.5560756,0,0,-755,-94.375
1764840216.5600688,0,0,4650,581.250
1764840216.5640848,0,0,5539,692.375
1764840216.56808,1,1,1830,228.750
1764840216.572118,0,0,-1365,-170.625
1764840216.5760818,0,0,-773,-96.625
1764840216.5800855,0,0,4675,584.375
1764840216.5840883,0,0,5740,717.500
1764840216.5934641,0,0,-1327,-165.875
1764840216.5961041,0,0,-689,-86.125
1764840216.6000886,0,0,4889,611.125
1764840216.6040936,0,0,6046,755.750
1764840216.6080637,1,1,2396,299.500
1764840216.6121154,0,0,-1172,-146.500
1764840216.6160812,0,0,-918,-114.750
1764840216.620078,0,0,4357,544.625
1764840216.6240788,0,0,5827,728.375
1764840216.6280665,1,1,2280,285.000
1764840216.6320615,0,0,-1250,-156.250
1764840216.6360776,0,0,-1035,-129.375
1764840216.6400747,0,0,3918,489.750
1764840216.644095,0,0,5617,702.125
1764840216.6480796,1,1,2191,273.875
1764840216.6520824,0,0,-1275,-159.375
1764840216.6560738,0,0,-1066,-133.250
1764840216.6600847,0,0,3864,483.000
1764840216.6640892,0,0,5747,718.375
1764840216.668082,1,1,2374,296.750
1764840216.6721199,0,0,-1183,-147.875
1764840216.676077,0,0,-1142,-142.750
1764840216.6800737,0,0,3819,477.375
1764840216.684094,0,0,5848,731.000
1764840216.6880798,1,1,2520,315.000
1764840216.692082,0,0,-1094,-136.750
1764840216.6960728,0,0,-1180,-147.500
1764840216.7000833,0,0,3633,454.125
1764840216.7040849,0,0,5857,732.125
1764840216.7080803,1,1,2611,326.375
1764840216.712078,0,0,-1022,-127.750
1764840216.7160845,0,0,-1242,-155.250
1764840216.7200778,0,0,3677,459.625
1764840216.724096,0,0,6077,759.625
1764840216.7280834,1,1,2908,363.500
1764840216.7320733,0,0,-838,-104.750
1764840216.7360644,0,0,-1343,-167.875
1764840216.7400692,0,0,3588,448.500
1764840216.744079,0,0,6182,772.750
1764840216.748077,1,1,3125,390.625
1764840216.7520716,0,0,-690,-86.250
1764840216.7560754,0,0,-1370,-171.250
1764840216.7600577,0,0,3311,413.875
1764840216.7640781,0,0,6086,760.750
1764840216.7680767,1,1,3108,388.500
1764840216.77208,0,0,-694,-86.750
1764840216.7760804,0,0,-1458,-182.250
1764840216.7800736,0,0,3212,401.500
1764840216.7840836,0,0,6127,765.875
1764840216.7880764,1,1,3232,404.000
1764840216.7922633,0,0,-598,-74.750
1764840216.7960854,0,0,-1450,-181.250
1764840216.8000777,0,0,1875,234.375
1764840216.8040721,0,0,5116,639.500
1764840216.8080614,1,1,2740,342.500
1764840216.8120651,0,0,-671,-83.875
1764840216.8160655,0,0,-1540,-192.500
1764840216.8200605,0,0,2528,316.000
1764840216.8240638,0,0,5956,744.500
1764840216.8280706,1,1,3341,417.625
1764840216.8320653,0,0,-456,-57.000
1764840216.8360746,0,0,-1580,-197.500
1764840216.8400764,0,0,2672,334.000
1764840216.8440928,0,0,6150,768.750
1764840216.8480752,1,1,3572,446.500
1764840216.8521152,0,0,-324,-40.500
1764840216.8560786,0,0,-1540,-192.500
1764840216.8601186,0,0,2500,312.500
1764840216.8641737,0,0,6228,778.500
1764840216.8680778,1,1,3842,480.250
1764840216.872067,0,0,-115,-14.375
1764840216.8761075,0,0,-1571,-196.375
1764840216.8800595,0,0,2449,306.125
1764840216.8840792,0,0,6306,788.250
1764840216.8880768,1,1,4054,506.750
1764840216.892067,0,0,45,5.625
1764840216.89607,0,0,-1552,-194.000
1764840216.9000566,0,0,2117,264.625
1764840216.9040751,0,0,6189,773.625
1764840216.9080632,1,1,4060,507.500
1764840216.9120579,0,0,60,7.500
1764840216.9160814,0,0,-1520,-190.000
1764840216.9200718,0,0,1658,207.250
1764840216.9240768,0,0,5934,741.750
1764840216.928076,1,1,3911,488.875
1764840216.9320772,0,0,-29,-3.625
1764840216.9360704,0,0,-1545,-193.125
1764840216.9400804,0,0,1607,200.875
1764840216.9440835,0,0,6034,754.250
1764840216.9480755,1,1,4149,518.625
1764840216.952077,0,0,153,19.125
1764840216.9560802,0,0,-1494,-186.750
1764840216.9600706,0,0,1398,174.750
1764840216.9640808,0,0,6002,750.250
1764840216.9680743,1,1,4273,534.125
1764840216.9720857,0,0,264,33.000
1764840216.9760828,0,0,-1478,-184.750
1764840216.9800708,0,0,1065,133.125
1764840216.984078,0,0,5832,729.000
1764840216.9880843,1,1,4233,529.125
1764840216.992279,0,0,-1512,-189.000
1764840216.9960847,0,0,1135,141.875
1764840217.000074,0,0,5994,749.250
1764840217.0040815,0,0,4516,564.500
1764840217.0080616,1,1,474,59.250
1764840217.0120752,0,0,-1371,-171.375
1764840217.0160708,0,0,387,48.375
1764840217.020085,0,0,5396,674.500
1764840217.0240715,0,0,4201,525.125
1764840217.0280638,1,1,358,44.750
1764840217.0320663,0,0,-1383,-172.875
1764840217.036073,0,0,515,64.375
1764840217.0400703,0,0,5697,712.125
1764840217.0440779,0,0,4545,568.125
1764840217.048074,1,1,566,70.750
1764840217.0520687,0,0,-1387,-173.375
1764840217.0560617,0,0,620,77.500
1764840217.0600545,0,0,5909,738.625
1764840217.0640757,0,0,4926,615.750
1764840217.0680702,1,1,875,109.375
1764840217.0720758,0,0,-1365,-170.625
1764840217.0761173,0,0,533,66.625
1764840217.0800807,0,0,5917,739.625
1764840217.0840619,0,0,5142,642.750
1764840217.088057,1,1,1092,136.500
1764840217.0920596,0,0,-1348,-168.500
1764840217.0960722,0,0,164,20.500
1764840217.1000721,0,0,5576,697.000
1764840217.1040688,0,0,4905,613.125
1764840217.1080582,1,1,912,114.000
1764840217.112065,0,0,-1351,-168.875
1764840217.1160836,0,0,136,17.000
1764840217.1200714,0,0,5624,703.000
1764840217.1240776,0,0,5126,640.750
1764840217.1280713,1,1,1119,139.875
1764840217.1320827,0,0,-1383,-172.875
1764840217.1360712,0,0,-112,-14.000
1764840217.140071,0,0,5353,669.125
1764840217.1440785,0,0,4994,624.250
1764840217.1480818,1,1,1045,130.625
1764840217.1520731,0,0,-1417,-177.125
1764840217.1560688,0,0,-155,-19.375
1764840217.1600704,0,0,5390,673.750
1764840217.1640875,0,0,5250,656.250
1764840217.1680706,1,1,1303,162.875
1764840217.172071,0,0,-1336,-167.000
1764840217.1760662,0,0,-147,-18.375
1764840217.1800697,0,0,5462,682.750
1764840217.1840777,0,0,5507,688.375
1764840217.1880698,1,1,1570,196.250
1764840217.192276,0,0,-1340,-167.500
1764840217.19608,0,0,-235,-29.375
1764840217.200072,0,0,5377,672.125
1764840217.2040687,0,0,5565,695.625
1764840217.2080593,1,1,1654,206.750
1764840217.2120697,0,0,-1333,-166.625
1764840217.2160664,0,0,-469,-58.625
1764840217.2200696,0,0,5074,634.250
1764840217.2240722,0,0,5463,682.875
1764840217.2280579,1,1,1614,201.750
1764840217.2321057,0,0,-1356,-169.500
1764840217.23607,0,0,-469,-58.625
1764840217.2400682,0,0,5123,640.375
1764840217.2443616,0,0,5679,709.875
1764840217.248278,1,1,1855,231.875
1764840217.252096,0,0,-1319,-164.875
1764840217.2560678,0,0,-610,-76.250
1764840217.2600636,0,0,4904,613.000
1764840217.2640715,0,0,5597,699.625
1764840217.2680686,1,1,1813,226.625
1764840217.2720728,0,0,-1322,-165.250
1764840217.2760673,0,0,-602,-75.250
1764840217.2800663,0,0,4965,620.625
1764840217.2840729,0,0,5855,731.875
1764840217.2880766,1,1,2123,265.375
1764840217.2921689,0,0,-1239,-154.875
1764840217.2960823,0,0,-683,-85.375
1764840217.3000782,0,0,4840,605.000
1764840217.3040793,0,0,5861,732.625
1764840217.3080778,1,1,2165,270.625
1764840217.3120801,0,0,-1308,-163.500
1764840217.316077,0,0,-889,-111.125
1764840217.320078,0,0,4364,545.500
1764840217.3240674,0,0,5648,706.000
1764840217.328057,1,1,2045,255.625
1764840217.3320758,0,0,-1341,-167.625
1764840217.3360786,0,0,-940,-117.500
1764840217.3400753,0,0,4250,531.250
1764840217.344079,0,0,5717,714.625
1764840217.3480768,1,1,2174,271.750
1764840217.3520784,0,0,-1294,-161.750
1764840217.356078,0,0,-1003,-125.375
1764840217.3600807,0,0,4073,509.125
1764840217.3640761,0,0,5755,719.375
1764840217.368074,1,1,2293,286.625
1764840217.3720834,0,0,-1239,-154.875
1764840217.3760774,0,0,-1044,-130.500
1764840217.3802028,0,0,3956,494.500
1764840217.3841267,0,0,5819,727.375
1764840217.3881211,1,1,2422,302.750
1764840217.3922226,0,0,-1175,-146.875
1764840217.39614,0,0,-1033,-129.125
1764840217.4001262,0,0,4097,512.125
1764840217.404116,0,0,6060,757.500
1764840217.4081016,1,1,2712,339.000
1764840217.412129,0,0,-1010,-126.250
1764840217.4161372,0,0,-1163,-145.375
1764840217.420122,0,0,3843,480.375
1764840217.4241092,0,0,6030,753.750
1764840217.4280999,1,1,2771,346.375
1764840217.4321163,0,0,-957,-119.625
1764840217.4361212,0,0,-1267,-158.375
1764840217.440121,0,0,3659,457.375
1764840217.4441226,0,0,5990,748.750
1764840217.4481173,1,1,2791,348.875
1764840217.452121,0,0,-939,-117.375
1764840217.4561205,0,0,-1309,-163.625
1764840217.4601219,0,0,3362,420.250
1764840217.4641237,0,0,5895,736.875
1764840217.4681149,1,1,2789,348.625
1764840217.472122,0,0,-925,-115.625
1764840217.476116,0,0,-1357,-169.625
1764840217.4802196,0,0,3423,427.875
1764840217.484082,0,0,6130,766.250
1764840217.4880736,1,1,3131,391.375
1764840217.4920774,0,0,-701,-87.625
1764840217.4960744,0,0,-1440,-180.000
1764840217.5000765,0,0,3181,397.625
1764840217.5040715,0,0,6115,764.375
1764840217.508072,1,1,3237,404.625
1764840217.5120778,0,0,-608,-76.000
1764840217.5160701,0,0,-1359,-169.875
1764840217.5200727,0,0,1691,211.375
1764840217.5240784,0,0,4977,622.125
1764840217.5280745,1,1,2698,337.250
1764840217.5320783,0,0,-670,-83.750
1764840217.5360827,0,0,-1516,-189.500
1764840217.5400765,0,0,2866,358.250
1764840217.5440621,0,0,6145,768.125
1764840217.5480576,1,1,3446,430.750
1764840217.5520751,0,0,-430,-53.750
1764840217.5560725,0,0,-1575,-196.875
1764840217.560072,0,0,2815,351.875
1764840217.5640748,0,0,6238,779.750
1764840217.5680761,1,1,3660,457.500
1764840217.572078,0,0,-281,-35.125
1764840217.5760703,0,0,-1533,-191.625
1764840217.580111,0,0,2525,315.625
1764840217.5840747,0,0,6216,777.000
1764840217.5880735,1,1,3816,477.000
1764840217.5976496,0,0,2702,337.750
1764840217.6000993,0,0,2702,337.750
1764840217.6040757,0,0,6445,805.625
1764840217.608059,1,1,4233,529.125
1764840217.6120777,0,0,170,21.250
1764840217.6160753,0,0,-1563,-195.375
1764840217.6200707,0,0,2072,259.000
1764840217.6240592,0,0,6049,756.125
1764840217.6280682,1,1,3830,478.750
1764840217.6320894,0,0,-142,-17.750
1764840217.6360757,0,0,-1568,-196.000
1764840217.6400704,0,0,1991,248.875
1764840217.6440725,0,0,6150,768.750
1764840217.6480582,1,1,4114,514.250
1764840217.6520689,0,0,-1533,-191.625
1764840217.6560738,0,0,1628,203.500
1764840217.6600707,0,0,6042,755.250
1764840217.664072,0,0,4178,522.250
1764840217.6680696,1,1,158,19.750
1764840217.6720848,0,0,-1512,-189.000
1764840217.6760812,0,0,1586,198.250
1764840217.6801114,0,0,6124,765.500
1764840217.6840687,0,0,4422,552.750
1764840217.6880558,1,1,362,45.250
1764840217.6920757,0,0,-1487,-185.875
1764840217.6960735,0,0,1242,155.250
1764840217.7000744,0,0,5945,743.125
1764840217.7040586,0,0,4327,540.875
1764840217.7080543,1,1,296,37.000
1764840217.7120748,0,0,-1454,-181.750
1764840217.7160738,0,0,969,121.125
1764840217.7200758,0,0,5825,728.125
1764840217.724077,0,0,4333,541.625
1764840217.7280722,1,1,320,40.000
1764840217.7320743,0,0,-1417,-177.125
1764840217.736073,0,0,749,93.625
1764840217.740073,0,0,5791,723.875
1764840217.744073,0,0,4494,561.750
1764840217.7480686,1,1,477,59.625
1764840217.7520738,0,0,-1371,-171.375
1764840217.756073,0,0,447,55.875
1764840217.7600713,0,0,5619,702.375
1764840217.7640781,0,0,4489,561.125
1764840217.7680712,1,1,510,63.750
1764840217.7720635,0,0,-1352,-169.000
1764840217.7760804,0,0,486,60.750
1764840217.7800734,0,0,5753,719.125
1764840217.7840748,0,0,4751,593.875
1764840217.78807,1,1,722,90.250
1764840217.7920744,0,0,-1392,-174.000
1764840217.7961621,0,0,622,77.750
1764840217.8000877,0,0,5953,744.125
1764840217.8040717,0,0,5161,645.125
1764840217.8080568,1,1,1091,136.375
1764840217.81208,0,0,-1360,-170.000
1764840217.816068,0,0,165,20.625
1764840217.82007,0,0,5528,691.000
1764840217.8240602,0,0,4803,600.375
1764840217.8280535,1,1,804,100.500
1764840217.8320704,0,0,-1435,-179.375
1764840217.836069,0,0,284,35.500
1764840217.8400683,0,0,5734,716.750
1764840217.8440754,0,0,5195,649.375
1764840217.8480704,1,1,1157,144.625
1764840217.8520584,0,0,-1402,-175.250
1764840217.8560514,0,0,178,22.250
1764840217.86007,0,0,5675,709.375
1764840217.864071,0,0,5313,664.125
1764840217.86807,1,1,1293,161.625
1764840217.872073,0,0,-1366,-170.750
1764840217.8760676,0,0,-36,-4.500
1764840217.8800678,0,0,5471,683.875
1764840217.8841133,0,0,5215,651.875
1764840217.8880708,1,1,1223,152.875
1764840217.8920727,0,0,-1401,-175.125
1764840217.8960688,0,0,-141,-17.625
1764840217.900068,0,0,5398,674.750
1764840217.904068,0,0,5348,668.500
1764840217.90807,1,1,1388,173.500
1764840217.9120648,0,0,-1382,-172.750
1764840217.9160523,0,0,-320,-40.000
1764840217.92005,0,0,5213,651.625
1764840217.9240696,0,0,5364,670.500
1764840217.928072,1,1,1452,181.500
1764840217.9320722,0,0,-1374,-171.750
1764840217.9360707,0,0,-445,-55.625
1764840217.9400666,0,0,5047,630.875
1764840217.944069,0,0,5304,663.000
1764840217.9480689,1,1,1423,177.875
1764840217.9520736,0,0,-1417,-177.125
1764840217.9560697,0,0,-484,-60.500
1764840217.960066,0,0,5053,631.625
1764840217.9640708,0,0,5530,691.250
1764840217.968067,1,1,1686,210.750
1764840217.9720724,0,0,-1365,-170.625
1764840217.9760683,0,0,-555,-69.375
1764840217.9800699,0,0,4983,622.875
1764840217.9841,0,0,5666,708.250
1764840217.9880683,1,1,1873,234.125
1764840217.992071,0,0,-1337,-167.125
1764840217.9961712,0,0,-590,-73.750
1764840218.0000963,0,0,4959,619.875
1764840218.0040686,0,0,5806,725.750
1764840218.0080538,1,1,2059,257.375
1764840218.01208,0,0,-1299,-162.375
1764840218.016072,0,0,-804,-100.500
1764840218.0200703,0,0,4538,567.250
1764840218.0240552,0,0,5560,695.000
1764840218.0280502,1,1,1873,234.125
1764840218.032073,0,0,-1342,-167.750
1764840218.0360694,0,0,-827,-103.375
1764840218.0400684,0,0,4515,564.375
1764840218.0440736,0,0,5645,705.625
1764840218.0480666,1,1,1983,247.875
1764840218.052059,0,0,-1338,-167.250
1764840218.0560493,0,0,-849,-106.125
1764840218.060054,0,0,4516,564.500
1764840218.0640721,0,0,5897,737.125
1764840218.0682182,1,1,2324,290.500
1764840218.0720823,0,0,-1222,-152.750
1764840218.0760686,0,0,-1010,-126.250
1764840218.0800688,0,0,4022,502.750
1764840218.0841079,0,0,5657,707.125
1764840218.0880675,1,1,2181,272.625
1764840218.0920799,0,0,-1290,-161.250
1764840218.0960717,0,0,-1089,-136.125
1764840218.1000686,0,0,3643,455.375
1764840218.1040576,0,0,5472,684.000
1764840218.1080496,1,1,2134,266.750
1764840218.1120627,0,0,-1299,-162.375
1764840218.1160638,0,0,-1158,-144.750
1764840218.1200678,0,0,3511,438.875
1764840218.1240602,0,0,5557,694.625
1764840218.1280491,1,1,2305,288.125
1764840218.1320703,0,0,-1195,-149.375
1764840218.136067,0,0,-1156,-144.500
1764840218.1400683,0,0,3551,443.875
1764840218.1440678,0,0,5765,720.625
1764840218.1480646,1,1,2528,316.000
1764840218.1520638,0,0,-1072,-134.000
1764840218.156064,0,0,-1245,-155.625
1764840218.1600642,0,0,3264,408.000
1764840218.1640732,0,0,5729,716.125
1764840218.168064,1,1,2632,329.000
1764840218.172068,0,0,-969,-121.125
1764840218.1760628,0,0,-1338,-167.250
1764840218.180063,0,0,3200,400.000
1764840218.184066,0,0,5798,724.750
1764840218.1880825,1,1,2754,344.250
1764840218.1920726,0,0,-885,-110.625
1764840218.1961608,0,0,-1351,-168.875
1764840218.2000804,0,0,3236,404.500
1764840218.2040644,0,0,6058,757.250
1764840218.208052,1,1,3096,387.000
1764840218.2120783,0,0,-667,-83.375
1764840218.2160656,0,0,-1388,-173.500
1764840218.2200637,0,0,1708,213.500
1764840218.2240536,0,0,4745,593.125
1764840218.2280486,1,1,2474,309.250
1764840218.232072,0,0,-708,-88.500
1764840218.2360659,0,0,-1556,-194.500
1764840218.2400641,0,0,2955,369.375
1764840218.2443557,0,0,6093,761.625
1764840218.2482893,1,1,3293,411.625
1764840218.2521088,0,0,-499,-62.375
1764840218.2560697,0,0,-1546,-193.250
1764840218.2600632,0,0,2632,329.000
1764840218.264067,0,0,6009,751.125
1764840218.2680635,1,1,3359,419.875
1764840218.2720814,0,0,-429,-53.625
1764840218.2760746,0,0,-1575,-196.875
1764840218.2800632,0,0,2536,317.000
1764840218.284064,0,0,6037,754.625
1764840218.2881048,1,1,3460,432.500
1764840218.2920673,0,0,-362,-45.250
1764840218.2960649,0,0,-1534,-191.750
1764840218.3000638,0,0,1931,241.375
1764840218.304063,0,0,5679,709.875
1764840218.30807,1,1,-300,-37.500
1764840218.3120713,0,0,-1546,-193.250
1764840218.316063,0,0,1911,238.875
1764840218.3200676,0,0,5760,720.000
1764840218.3240676,0,0,3501,437.625
1764840218.3280666,1,1,-242,-30.250
1764840218.332064,0,0,-1587,-198.375
1764840218.3360646,0,0,1991,248.875
1764840218.3400645,0,0,6079,759.875
1764840218.3440654,0,0,3891,486.375
1764840218.3480625,1,1,-15,-1.875
1764840218.3520625,0,0,-1551,-193.875
1764840218.3560596,0,0,1748,218.500
1764840218.3600614,0,0,6006,750.750
1764840218.3640697,0,0,3954,494.250
1764840218.3680637,1,1,45,5.625
1764840218.3720667,0,0,-1515,-189.375
1764840218.3760672,0,0,1017,127.125
1764840218.3800666,0,0,5235,654.375
1764840218.3840678,0,0,3523,440.375
1764840218.3881018,1,1,-60,-7.500
1764840218.3920686,0,0,-1495,-186.875
1764840218.3961773,0,0,1192,149.000
1764840218.400098,0,0,5751,718.875
1764840218.4040706,0,0,4015,501.875
1764840218.4080498,1,1,171,21.375
1764840218.4120843,0,0,-1493,-186.625
1764840218.4160645,0,0,1145,143.125
1764840218.4200768,0,0,5950,743.750
1764840218.4240594,0,0,4352,544.000
1764840218.4280486,1,1,400,50.000
1764840218.4320784,0,0,-1434,-179.250
1764840218.4360626,0,0,730,91.250
1764840218.4400656,0,0,5568,696.000
1764840218.4440587,0,0,4160,520.000
1764840218.4480484,1,1,344,43.000
1764840218.45207,0,0,-1393,-174.125
1764840218.4560616,0,0,519,64.875
1764840218.460061,0,0,5503,687.875
1764840218.464066,0,0,4267,533.375
1764840218.4680624,1,1,456,57.000
1764840218.4720702,0,0,-1393,-174.125
1764840218.4760587,0,0,760,95.000
1764840218.4800596,0,0,5954,744.250
1764840218.4840698,0,0,4761,595.125
1764840218.4880629,1,1,747,93.375
1764840218.4920819,0,0,-1323,-165.375
1764840218.4960618,0,0,265,33.125
1764840218.50006,0,0,5513,689.125
1764840218.5040612,0,0,4568,571.000
1764840218.5080605,1,1,694,86.750
1764840218.512066,0,0,-1384,-173.000
1764840218.516058,0,0,271,33.875
1764840218.520059,0,0,5570,696.250
1764840218.524064,0,0,4652,581.500
1764840218.5280616,1,1,731,91.375
1764840218.5320642,0,0,-1360,-170.000
1764840218.5360625,0,0,43,5.375
1764840218.5400598,0,0,5332,666.500
1764840218.5440593,0,0,4626,578.250
1764840218.5480626,1,1,786,98.250
1764840218.5520563,0,0,-1389,-173.625
1764840218.5560453,0,0,71,8.875
1764840218.560045,0,0,5547,693.375
1764840218.5640612,0,0,4962,620.250
1764840218.5680614,1,1,1014,126.750
1764840218.572066,0,0,-1328,-166.000
1764840218.576062,0,0,-70,-8.750
1764840218.5800593,0,0,5482,685.250
1764840218.5840585,0,0,5147,643.375
1764840218.5880575,1,1,1215,151.875
1764840218.592097,0,0,-1347,-168.375
1764840218.6016266,0,0,5511,688.875
1764840218.6040833,0,0,5354,669.250
1764840218.6080632,1,1,1416,177.000
1764840218.6120582,0,0,-1346,-168.250
1764840218.6160464,0,0,-247,-30.875
1764840218.6200628,0,0,5354,669.250
1764840218.6240625,0,0,5332,666.500
1764840218.6280606,1,1,1425,178.125
1764840218.6320512,0,0,-1345,-168.125
1764840218.6360447,0,0,-305,-38.125
1764840218.6400585,0,0,5309,663.625
1764840218.6440666,0,0,5408,676.000
1764840218.6480606,1,1,1508,188.500
1764840218.652066,0,0,-1353,-169.125
1764840218.6560624,0,0,-563,-70.375
1764840218.6600657,0,0,4825,603.125
1764840218.6640558,0,0,5147,643.375
1764840218.6680427,1,1,1400,175.000
1764840218.672076,0,0,-1379,-172.375
1764840218.6760619,0,0,-499,-62.375
1764840218.6800628,0,0,5104,638.000
1764840218.6840692,0,0,5578,697.250
1764840218.6880608,1,1,1752,219.000
1764840218.6920807,0,0,-1345,-168.125
1764840218.6960611,0,0,-616,-77.000
1764840218.7000635,0,0,4960,620.000
1764840218.7040644,0,0,5683,710.375
1764840218.7080636,1,1,1918,239.750
1764840218.7120647,0,0,-1284,-160.500
1764840218.71606,0,0,-663,-82.875
1764840218.720062,0,0,4911,613.875
1764840218.7240632,0,0,5811,726.375
1764840218.7280629,1,1,2088,261.000
1764840218.7320626,0,0,-1238,-154.750
1764840218.7360566,0,0,-813,-101.625
1764840218.7400591,0,0,4565,570.625
1764840218.7440615,0,0,5612,701.500
1764840218.7480605,1,1,1960,245.000
1764840218.7520633,0,0,-1302,-162.750
1764840218.75606,0,0,-847,-105.875
1764840218.760065,0,0,4562,570.250
1764840218.7640653,0,0,5856,732.000
1764840218.7680628,1,1,2255,281.875
1764840218.772053,0,0,-1179,-147.375
1764840218.7760549,0,0,-957,-119.625
1764840218.7800553,0,0,4208,526.000
1764840218.7840614,0,0,5678,709.750
1764840218.7880585,1,1,2169,271.125
1764840218.792064,0,0,-1231,-153.875
1764840218.796042,0,0,-1063,-132.875
1764840218.8001535,0,0,3689,461.125
1764840218.8040733,0,0,5302,662.750
1764840218.8080454,1,1,2014,251.750
1764840218.812074,0,0,-1269,-158.625
1764840218.8160589,0,0,-992,-124.000
1764840218.8200743,0,0,4217,527.125
1764840218.824049,0,0,6007,750.875
1764840218.828043,1,1,2573,321.625
1764840218.8320727,0,0,-1055,-131.875
1764840218.8360586,0,0,-1065,-133.125
1764840218.8400571,0,0,4077,509.625
1764840218.8440506,0,0,6057,757.125
1764840218.8480444,1,1,2698,337.250
1764840218.8520713,0,0,-975,-121.875
1764840218.8560588,0,0,-1187,-148.375
1764840218.8600574,0,0,3596,449.500
1764840218.8640573,0,0,5809,726.125
1764840218.8680573,1,1,2586,323.250
1764840218.8720624,0,0,-993,-124.125
1764840218.876058,0,0,-1239,-154.875
1764840218.8800547,0,0,3798,474.750
1764840218.8840594,0,0,6086,760.750
1764840218.8880553,1,1,2863,357.875
1764840218.8920493,0,0,-847,-105.875
1764840218.8960805,0,0,-1333,-166.625
1764840218.9000547,0,0,2174,271.750
1764840218.9040554,0,0,4889,611.125
1764840218.9080553,1,1,2384,298.000
1764840218.9120636,0,0,-814,-101.750
1764840218.916057,0,0,-1487,-185.875
1764840218.920057,0,0,2763,345.375
1764840218.9240599,0,0,5512,689.000
1764840218.928056,1,1,2725,340.625
1764840218.9320476,0,0,-743,-92.875
1764840218.9360406,0,0,-1472,-184.000
1764840218.9400403,0,0,3093,386.625
1764840218.9440548,0,0,6055,756.875
1764840218.9480553,1,1,3166,395.750
1764840218.9520562,0,0,-562,-70.250
1764840218.9560573,0,0,-1514,-189.250
1764840218.9600575,0,0,3024,378.000
1764840218.9640646,0,0,3243,405.375
1764840218.968054,1,1,-519,-64.875
1764840218.9720588,0,0,-1508,-188.500
1764840218.9760575,0,0,2696,337.000
1764840218.9800582,0,0,6070,758.750
1764840218.9840577,0,0,3410,426.250
1764840218.9880548,1,1,-378,-47.250
1764840218.992058,0,0,-1580,-197.500
1764840218.9960873,0,0,2495,311.875
1764840219.0001612,1,0,5969,746.125
1764840219.0040646,0,0,3395,424.375
1764840219.0080414,1,1,-369,-46.125
1764840219.0120711,0,0,-1528,-191.000
1764840219.016056,0,0,2475,309.375
1764840219.0200558,0,0,6203,775.375
1764840219.0240455,0,0,3764,470.500
1764840219.02804,1,1,-130,-16.250
1764840219.0320709,0,0,-1557,-194.625
1764840219.036056,0,0,2202,275.250
1764840219.0400586,0,0,6040,755.000
1764840219.0440636,0,0,3679,459.875
1764840219.0480576,1,1,-175,-21.875
1764840219.0520468,0,0,-1527,-190.875
1764840219.0560381,0,0,1983,247.875
1764840219.0600512,0,0,6077,759.625
1764840219.0640714,0,0,3892,486.500
1764840219.068058,1,1,-6,-0.750
1764840219.0720494,0,0,-1525,-190.625
1764840219.0760365,0,0,1808,226.000
1764840219.08005,0,0,6044,755.500
1764840219.084057,0,0,3971,496.375
1764840219.088054,1,1,59,7.375
1764840219.0920477,0,0,-1486,-185.750
1764840219.0960371,0,0,1242,155.250
1764840219.1000514,0,0,5582,697.750
1764840219.104059,0,0,3765,470.625
1764840219.108054,1,1,31,3.875
1764840219.1120596,0,0,-1511,-188.875
1764840219.1160524,0,0,1444,180.500
1764840219.1200514,0,0,5971,746.375
1764840219.1240506,0,0,4131,516.375
1764840219.1280546,1,1,205,25.625
1764840219.1320446,0,0,-1481,-185.125
1764840219.1360357,0,0,929,116.125
1764840219.140047,0,0,5543,692.875
1764840219.144055,0,0,3962,495.250
1764840219.1480536,1,1,196,24.500
1764840219.1520562,0,0,-1483,-185.375
1764840219.1560504,0,0,933,116.625
1764840219.1600506,0,0,5717,714.625
1764840219.1640546,0,0,4182,522.750
1764840219.1680508,1,1,312,39.000
1764840219.1720588,0,0,-1469,-183.625
1764840219.176056,0,0,1114,139.250
1764840219.1800508,0,0,6092,761.500
1764840219.1840508,0,0,4682,585.250
1764840219.18805,1,1,647,80.875
1764840219.1920576,0,0,-1353,-169.125
1764840219.1960526,0,0,686,85.750
1764840219.2001717,0,0,5851,731.375
1764840219.2041273,0,0,4635,579.375
1764840219.208038,1,1,653,81.625
1764840219.212071,0,0,-1359,-169.875
1764840219.2160547,0,0,518,64.750
1764840219.2200608,0,0,5768,721.000
1764840219.2240472,0,0,4667,583.375
1764840219.2280347,1,1,690,86.250
1764840219.2320704,0,0,-1376,-172.000
1764840219.236055,0,0,320,40.000
1764840219.2400541,0,0,5622,702.750
1764840219.2443383,0,0,4668,583.500
1764840219.248267,1,1,723,90.375
1764840219.2520895,0,0,-1386,-173.250
1764840219.256052,0,0,470,58.750
1764840219.2600496,0,0,5896,737.000
1764840219.2640555,0,0,5071,633.875
1764840219.268048,1,1,1030,128.750
1764840219.2720501,0,0,-1329,-166.125
1764840219.2760549,0,0,-60,-7.500
1764840219.2800524,0,0,5200,650.000
1764840219.2840528,0,0,4583,572.875
1764840219.2880452,1,1,763,95.375
1764840219.2920518,0,0,-1415,-176.875
1764840219.2960472,0,0,76,9.500
1764840219.300051,0,0,5591,698.875
1764840219.3041918,0,0,5083,635.375
1764840219.3080437,1,1,1102,137.750
1764840219.3120942,0,0,-1389,-173.625
1764840219.3160374,0,0,-183,-22.875
1764840219.3200371,0,0,5309,663.625
1764840219.324041,0,0,5043,630.375
1764840219.3280387,1,1,1141,142.625
1764840219.3320549,0,0,-1363,-170.375
1764840219.3360362,0,0,-285,-35.625
1764840219.3400395,0,0,5219,652.375
1764840219.3440573,0,0,5118,639.750
1764840219.3480544,1,1,1241,155.125
1764840219.352057,0,0,-1334,-166.750
1764840219.3560507,0,0,-294,-36.750
1764840219.3600535,0,0,5304,663.000
1764840219.364062,0,0,5368,671.000
1764840219.368054,1,1,1469,183.625
1764840219.3720577,0,0,-1370,-171.250
1764840219.376051,0,0,-491,-61.375
1764840219.3800519,0,0,4964,620.500
1764840219.3840406,0,0,5184,648.000
1764840219.3880355,1,1,1379,172.375
1764840219.3920712,0,0,-1382,-172.750
1764840219.3960512,0,0,-683,-85.375
1764840219.400199,0,0,4514,564.250
1764840219.4040635,0,0,4965,620.625
1764840219.4080393,1,1,1353,169.125
1764840219.4120743,0,0,-1355,-169.375
1764840219.4160504,0,0,-614,-76.750
1764840219.4200506,0,0,4895,611.875
1764840219.4240391,0,0,5474,684.250
1764840219.4280376,1,1,1702,212.750
1764840219.4320872,0,0,-1346,-168.250
1764840219.4360523,0,0,-690,-86.250
1764840219.440048,0,0,4793,599.125
1764840219.444043,0,0,5558,694.750
1764840219.4480305,1,1,1824,228.000
1764840219.4520714,0,0,-1269,-158.625
1764840219.4560513,0,0,-798,-99.750
1764840219.4600472,0,0,4598,574.750
1764840219.4640448,0,0,5622,702.750
1764840219.4680479,1,1,1967,245.875
1764840219.4720545,0,0,-1334,-166.750
1764840219.4760497,0,0,-801,-100.125
1764840219.480053,0,0,4656,582.000
1764840219.4840593,0,0,5793,724.125
1764840219.4880476,1,1,2139,267.375
1764840219.4920423,0,0,-1258,-157.250
1764840219.4960332,0,0,-861,-107.625
1764840219.5000634,0,0,4531,566.375
1764840219.504049,0,0,5837,729.625
1764840219.5080473,1,1,2236,279.500
1764840219.5120413,0,0,-1249,-156.125
1764840219.5160322,0,0,-915,-114.375
1764840219.5200493,0,0,4399,549.875
1764840219.5240507,0,0,5855,731.875
1764840219.5280492,1,1,2303,287.875
1764840219.5320525,0,0,-1226,-153.250
1764840219.53605,0,0,-977,-122.125
1764840219.5400503,0,0,4234,529.250
1764840219.5440476,0,0,5922,740.250
1764840219.548046,1,1,2452,306.500
1764840219.5520396,0,0,-1135,-141.875
1764840219.5560348,0,0,-983,-122.875
1764840219.5600414,0,0,4277,534.625
1764840219.5640528,0,0,6046,755.750
1764840219.5680478,1,1,2608,326.000
1764840219.572052,0,0,-1050,-131.250
1764840219.576051,0,0,-1249,-156.125
1764840219.5800512,0,0,2678,334.750
1764840219.58405,0,0,4955,619.375
1764840219.5880487,1,1,2158,269.750
1764840219.5920525,0,0,-1040,-130.000
1764840219.5960479,0,0,-1217,-152.125
1764840219.6056516,1,1,2944,368.000
1764840219.6080706,1,1,2944,368.000
1764840219.6120512,0,0,-796,-99.500
1764840219.6160312,0,0,-1276,-159.500
1764840219.6200516,0,0,6354,794.250
1764840219.6240547,0,0,3180,397.500
1764840219.6280508,1,1,-653,-81.625
1764840219.63204,0,0,-1380,-172.500
1764840219.6360302,0,0,3682,460.250
1764840219.6400504,0,0,6179,772.375
1764840219.6440556,0,0,3056,382.000
1764840219.648051,1,1,-734,-91.750
1764840219.6520507,0,0,-1393,-174.125
1764840219.656047,0,0,3071,383.875
1764840219.6600463,0,0,5779,722.375
1764840219.664046,0,0,2791,348.875
1764840219.6680472,1,1,-856,-107.000
1764840219.6720526,0,0,-1443,-180.375
1764840219.676045,0,0,3138,392.250
1764840219.6800458,0,0,6043,755.375
1764840219.6840508,0,0,3112,389.000
1764840219.6880317,1,1,-672,-84.000
1764840219.6920898,0,0,-1459,-182.375
1764840219.6960526,0,0,2934,366.750
1764840219.7000446,0,0,6083,760.375
1764840219.7040722,0,0,3294,411.750
1764840219.7080312,1,1,-535,-66.875
1764840219.7120764,0,0,-1524,-190.500
1764840219.7160442,0,0,2660,332.500
1764840219.720043,0,0,5983,747.875
1764840219.7240372,0,0,3297,412.125
1764840219.7280297,1,1,-514,-64.250
1764840219.7320638,0,0,-1551,-193.875
1764840219.736048,0,0,2236,279.500
1764840219.7400448,0,0,5715,714.375
1764840219.744045,0,0,3207,400.875
1764840219.7480428,1,1,-510,-63.750
1764840219.7520514,0,0,-1556,-194.500
1764840219.7560446,0,0,2324,290.500
1764840219.7600439,0,0,5957,744.625
1764840219.7640476,0,0,3467,433.375
1764840219.7680447,1,1,-374,-46.750
1764840219.772049,0,0,-1564,-195.500
1764840219.7760465,0,0,2164,270.500
1764840219.7800462,0,0,6108,763.500
1764840219.7840426,0,0,3824,478.000
1764840219.7880414,1,1,-107,-13.375
1764840219.792048,0,0,-1566,-195.750
1764840219.7960436,0,0,1790,223.750
1764840219.8000464,0,0,5922,740.250
1764840219.8041751,0,0,3780,472.500
1764840219.8080578,1,1,-105,-13.125
1764840219.8120618,0,0,-1565,-195.625
1764840219.8160315,0,0,1821,227.625
1764840219.8200462,0,0,6029,753.625
1764840219.824045,0,0,3938,492.250
1764840219.8280427,1,1,-10,-1.250
1764840219.8320413,0,0,-1577,-197.125
1764840219.8360608,0,0,1822,227.750
1764840219.8400507,0,0,6180,772.500
1764840219.8440332,0,0,4251,531.375
1764840219.848027,1,1,223,27.875
1764840219.852064,0,0,-1563,-195.375
1764840219.8560445,0,0,1546,193.250
1764840219.8600461,0,0,6083,760.375
1764840219.8640397,0,0,4287,535.875
1764840219.8680274,1,1,264,33.000
1764840219.8720589,0,0,-1527,-190.875
1764840219.8760478,0,0,1253,156.625
1764840219.8800476,0,0,5924,740.500
1764840219.8840508,0,0,4232,529.000
1764840219.8880439,1,1,234,29.250
1764840219.892046,0,0,-1482,-185.250
1764840219.8960464,0,0,1001,125.125
1764840219.9000478,0,0,5822,727.750
1764840219.9040594,0,0,4273,534.125
1764840219.908044,1,1,287,35.875
1764840219.9120476,0,0,-1438,-179.750
1764840219.916042,0,0,817,102.125
1764840219.9200442,0,0,5833,729.125
1764840219.92405,0,0,4475,559.375
1764840219.9280455,1,1,466,58.250
1764840219.9320354,0,0,-1404,-175.500
1764840219.9360273,0,0,822,102.750
1764840219.9400444,0,0,5934,741.750
1764840219.9440477,0,0,4707,588.375
1764840219.948047,1,1,650,81.250
1764840219.9520357,0,0,-1378,-172.250
1764840219.9560263,0,0,640,80.000
1764840219.960028,0,0,5871,733.875
1764840219.9640477,0,0,4793,599.125
1764840219.9680452,1,1,737,92.125
1764840219.972045,0,0,-1348,-168.500
1764840219.976044,0,0,292,36.500
1764840219.9800427,0,0,5602,700.250
1764840219.9840336,0,0,4689,586.125
1764840219.9880285,1,1,695,86.875
1764840219.9920604,0,0,-1407,-175.875
1764840219.9960427,0,0,230,28.750
1764840220.0000424,0,0,5625,703.125
1764840220.004169,0,0,4867,608.375
1764840220.0080786,1,1,858,107.250
1764840220.0120485,0,0,-1410,-176.250
1764840220.016027,0,0,193,24.125
1764840220.0200422,0,0,5644,705.500
1764840220.0240438,0,0,5015,626.875
1764840220.0280454,1,1,991,123.875
1764840220.0320368,0,0,-1367,-170.875
1764840220.036023,0,0,47,5.875
1764840220.0400424,0,0,5528,691.000
1764840220.0440447,0,0,5045,630.625
1764840220.0480447,1,1,1042,130.250
1764840220.0520527,0,0,-1426,-178.250
1764840220.0560489,0,0,1,0.125
1764840220.0600398,0,0,5547,693.375
1764840220.0640397,0,0,5261,657.625
1764840220.0680408,1,1,1262,157.750
1764840220.0720406,0,0,-1354,-169.250
1764840220.0760398,0,0,-106,-13.250
1764840220.0800402,0,0,5466,683.250
1764840220.0840333,0,0,5360,670.000
1764840220.0880213,1,1,1386,173.250
1764840220.0920696,0,0,-1391,-173.875
1764840220.096043,0,0,-266,-33.250
1764840220.100041,0,0,5318,664.750
1764840220.104041,0,0,5438,679.750
1764840220.1080792,1,1,1513,189.125
1764840220.1120403,0,0,-1372,-171.500
1764840220.1160407,0,0,-426,-53.250
1764840220.1200435,0,0,5103,637.875
1764840220.1240447,0,0,5347,668.375
1764840220.1280377,1,1,1462,182.750
1764840220.1320467,0,0,-1355,-169.375
1764840220.1360412,0,0,-539,-67.375
1764840220.1400406,0,0,4960,620.000
1764840220.144042,0,0,5388,673.500
1764840220.1480386,1,1,1546,193.250
1764840220.152044,0,0,-1441,-180.125
1764840220.1560414,0,0,-639,-79.875
1764840220.1600425,0,0,4791,598.875
1764840220.164036,0,0,5349,668.625
1764840220.168023,1,1,1552,194.000
1764840220.1720421,0,0,-1436,-179.500
1764840220.1760263,0,0,-673,-84.125
1764840220.1800396,0,0,4778,597.250
1764840220.184043,0,0,5473,684.125
1764840220.1880379,1,1,1689,211.125
1764840220.1920424,0,0,-1421,-177.625
1764840220.1960409,0,0,-728,-91.000
1764840220.2000418,0,0,4724,590.500
1764840220.2041626,0,0,5633,704.125
1764840220.2080748,1,1,1897,237.125
1764840220.2120395,0,0,-1340,-167.500
1764840220.2160242,0,0,-827,-103.375
1764840220.2200408,0,0,4512,564.000
1764840220.224045,0,0,5588,698.500
1764840220.2280414,1,1,1911,238.875
1764840220.2320318,0,0,-1349,-168.625
1764840220.2360241,0,0,-931,-116.375
1764840220.240044,0,0,4248,531.000
1764840220.2443368,0,0,5578,697.250
1764840220.2482593,1,1,1997,249.625
1764840220.2520676,0,0,-1399,-174.875
1764840220.2560403,0,0,-824,-103.000
1764840220.260039,0,0,4654,581.750
1764840220.2640486,0,0,5974,746.750
1764840220.2680483,1,1,2369,296.125
1764840220.2720408,0,0,-1169,-146.125
1764840220.2760391,0,0,2881,360.125
1764840220.280039,0,0,4766,595.750
1764840220.284042,0,0,1814,226.750
1764840220.2880402,1,1,-1307,-163.375
1764840220.29203,0,0,-1064,-133.000
1764840220.2960243,0,0,3999,499.875
1764840220.3000374,0,0,5782,722.750
1764840220.3040435,0,0,2349,293.625
1764840220.308081,1,1,-1208,-151.000
1764840220.3120449,0,0,-1075,-134.375
1764840220.3160386,0,0,4054,506.750
1764840220.3200388,0,0,6021,752.625
1764840220.3240464,0,0,2651,331.375
1764840220.3280437,1,1,-1039,-129.875
1764840220.3320458,0,0,-1231,-153.875
1764840220.3360367,0,0,3717,464.625
1764840220.3400366,0,0,5927,740.875
1764840220.3440392,0,0,2664,333.000
1764840220.3480408,1,1,-1015,-126.875
1764840220.3520448,0,0,-1302,-162.750
1764840220.3560395,0,0,3573,446.625
1764840220.3600373,0,0,6001,750.125
1764840220.3640332,0,0,2835,354.375
1764840220.3680232,1,1,-896,-112.000
1764840220.3720694,0,0,-1332,-166.500
1764840220.3760412,0,0,3514,439.250
1764840220.3800387,0,0,6116,764.500
1764840220.384036,0,0,3046,380.750
1764840220.3880355,1,1,-760,-95.000
1764840220.3920426,0,0,-1427,-178.375
1764840220.3960392,0,0,3071,383.875
1764840220.400036,0,0,5895,736.875
1764840220.40415,0,0,2928,366.000
1764840220.408095,1,1,-807,-100.875
1764840220.4120355,0,0,-1462,-182.750
1764840220.416024,0,0,2775,346.875
1764840220.4200377,0,0,5802,725.250
1764840220.424039,0,0,2969,371.125
1764840220.4280355,1,1,-748,-93.500
1764840220.4320304,0,0,-1451,-181.375
1764840220.436021,0,0,2723,340.375
1764840220.4400394,0,0,5916,739.500
1764840220.4440372,0,0,3154,394.250
1764840220.4480348,1,1,-626,-78.250
1764840220.4520376,0,0,-1545,-193.125
1764840220.456037,0,0,2544,318.000
1764840220.4600377,0,0,5908,738.500
1764840220.464024,0,0,3251,406.375
1764840220.4680185,1,1,-547,-68.375
1764840220.472058,0,0,-1561,-195.125
1764840220.4760332,0,0,2199,274.875
1764840220.4800358,0,0,5693,711.625
1764840220.4840422,0,0,3189,398.625
1764840220.4880369,1,1,-535,-66.875
1764840220.4920368,0,0,-1519,-189.875
1764840220.4960346,0,0,2223,277.875
1764840220.500043,0,0,5989,748.625
1764840220.5040483,0,0,3579,447.375
1764840220.5080485,1,1,-297,-37.125
1764840220.5120294,0,0,-1564,-195.500
1764840220.5160174,0,0,2117,264.625
1764840220.5200393,0,0,6057,757.125
1764840220.5240383,0,0,3765,470.625
1764840220.528034,1,1,-161,-20.125
1764840220.5320258,0,0,-1586,-198.250
1764840220.5360181,0,0,2045,255.625
1764840220.540037,0,0,6114,764.250
1764840220.5440376,0,0,3933,491.625
1764840220.5480359,1,1,-42,-5.250
1764840220.5520258,0,0,-1597,-199.625
1764840220.5560162,0,0,1824,228.000
1764840220.5600212,0,0,6048,756.000
1764840220.56404,0,0,3984,498.000
1764840220.5680363,1,1,4,0.500
1764840220.5720391,0,0,-1544,-193.000
1764840220.5760376,0,0,1527,190.875
1764840220.5800352,0,0,5923,740.375
1764840220.5840373,0,0,3989,498.625
1764840220.588035,1,1,27,3.375
1764840220.5920396,0,0,-1575,-196.875
1764840220.5960336,0,0,1625,203.125
1764840220.6000335,0,0,6148,768.500
1764840220.6099997,0,0,321,40.125
1764840220.6120822,0,0,-1666,-208.250
1764840220.6160464,0,0,2031,253.875
1764840220.6200354,0,0,6469,808.625
1764840220.6240218,0,0,4964,620.500
1764840220.6280203,1,1,811,101.375
1764840220.6320643,0,0,-1428,-178.500
1764840220.6360347,0,0,1127,140.875
1764840220.640034,0,0,5925,740.625
1764840220.644028,0,0,4400,550.000
1764840220.6480207,1,1,341,42.625
1764840220.652055,0,0,-1453,-181.625
1764840220.6560347,0,0,925,115.625
1764840220.6600635,0,0,5906,738.250
1764840220.6640437,0,0,4577,572.125
1764840220.6680365,1,1,508,63.500
1764840220.6720293,0,0,-1384,-173.000
1764840220.6760159,0,0,532,66.500
1764840220.680032,0,0,5628,703.500
1764840220.6840327,0,0,4403,550.375
1764840220.6880333,1,1,399,49.875
1764840220.6920269,0,0,-1399,-174.875
1764840220.696015,0,0,566,70.750
1764840220.7000325,0,0,5746,718.250
1764840220.7040236,0,0,4626,578.250
1764840220.7080142,1,1,570,71.250
1764840220.7120826,0,0,-1372,-171.500
1764840220.7160354,0,0,306,38.250
1764840220.720033,0,0,5604,700.500
1764840220.724032,0,0,4698,587.250
1764840220.728032,1,1,673,84.125
1764840220.732037,0,0,-1422,-177.750
1764840220.736033,0,0,176,22.000
1764840220.740032,0,0,5503,687.875
1764840220.744033,0,0,4700,587.500
1764840220.7480307,1,1,692,86.500
1764840220.7520337,0,0,-1407,-175.875
1764840220.7560318,0,0,170,21.250
1764840220.7600331,0,0,5612,701.500
1764840220.7640376,0,0,5035,629.375
1764840220.7680283,1,1,1001,125.125
1764840220.7720249,0,0,-1407,-175.875
1764840220.7760189,0,0,48,6.000
1764840220.780038,0,0,5536,692.000
1764840220.7840354,0,0,5128,641.000
1764840220.7880287,1,1,1112,139.000
1764840220.7920358,0,0,-1413,-176.625
1764840220.796032,0,0,-54,-6.750
1764840220.8000338,0,0,5453,681.625
1764840220.8040295,0,0,5166,645.750
1764840220.808116,1,1,1166,145.750
1764840220.8120685,0,0,-1434,-179.250
1764840220.8160343,0,0,-134,-16.750
1764840220.8200362,0,0,5414,676.750
1764840220.8240337,0,0,5320,665.000
1764840220.8280318,1,1,1341,167.625
1764840220.8320239,0,0,-1413,-176.625
1764840220.836014,0,0,-403,-50.375
1764840220.840034,0,0,5054,631.750
1764840220.8440363,0,0,5120,640.000
1764840220.848034,1,1,1217,152.125
1764840220.8520339,0,0,-1440,-180.000
1764840220.8560286,0,0,-347,-43.375
1764840220.8600316,0,0,5226,653.250
1764840220.864033,0,0,5492,686.500
1764840220.8680317,1,1,1585,198.125
1764840220.8720322,0,0,-1374,-171.750
1764840220.8760276,0,0,-574,-71.750
1764840220.8800304,0,0,4870,608.750
1764840220.8840392,0,0,5290,661.250
1764840220.8880317,1,1,1449,181.125
1764840220.8920345,0,0,-1421,-177.625
1764840220.8960302,0,0,-582,-72.750
1764840220.9000301,0,0,4909,613.625
1764840220.9040303,0,0,5441,680.125
1764840220.908031,1,1,1603,200.375
1764840220.9120617,0,0,-1432,-179.000
1764840220.9161656,0,0,-639,-79.875
1764840220.920047,0,0,4864,608.000
1764840220.9240363,0,0,5618,702.250
1764840220.9280303,1,1,1832,229.000
1764840220.9320354,0,0,-708,-88.500
1764840220.9360294,0,0,4764,595.500
1764840220.9400287,0,0,5693,711.625
1764840220.9440255,0,0,1955,244.375
1764840220.9480283,1,1,-1347,-168.375
1764840220.9520376,0,0,-810,-101.250
1764840220.9560301,0,0,4563,570.375
1764840220.960029,0,0,5668,708.500
1764840220.9640288,0,0,1985,248.125
1764840220.968031,1,1,-1379,-172.375
1764840220.9720361,0,0,-831,-103.875
1764840220.9760296,0,0,4548,568.500
1764840220.9800258,0,0,5802,725.250
1764840220.9840298,0,0,2172,271.500
1764840220.988025,1,1,-1267,-158.375
1764840220.9920359,0,0,-1122,-140.250
1764840220.9960322,0,0,3342,417.750
1764840221.0000281,0,0,5037,629.625
1764840221.0040336,0,0,1832,229.000
1764840221.0081308,1,1,-1381,-172.625
1764840221.012046,0,0,-985,-123.125
1764840221.0160584,0,0,4168,521.000
1764840221.0200315,0,0,5770,721.250
1764840221.02403,0,0,2256,282.000
1764840221.0280256,1,1,-1288,-161.000
1764840221.0320237,0,0,-1041,-130.125
1764840221.0360138,0,0,4026,503.250
1764840221.0400274,0,0,5925,740.625
1764840221.0440307,0,0,2528,316.000
1764840221.048027,1,1,-1125,-140.625
1764840221.052019,0,0,-1126,-140.750
1764840221.0560129,0,0,3934,491.750
1764840221.060014,0,0,5922,740.250
1764840221.0640302,0,0,2561,320.125
1764840221.0680246,1,1,-1106,-138.250
1764840221.07203,0,0,-1270,-158.750
1764840221.0760274,0,0,3436,429.500
1764840221.0800288,0,0,5661,707.625
1764840221.0840333,0,0,2438,304.750
1764840221.0880237,1,1,-1137,-142.125
1764840221.092029,0,0,-1274,-159.250
1764840221.0960305,0,0,3560,445.000
1764840221.1000276,0,0,5850,731.250
1764840221.1040277,0,0,2620,327.500
1764840221.108025,1,1,-1052,-131.500
1764840221.1120305,0,0,-1267,-158.375
1764840221.1160557,0,0,3529,441.125
1764840221.1200292,0,0,6092,761.500
1764840221.1240404,0,0,3004,375.500
1764840221.1280348,1,1,-804,-100.500
1764840221.1320205,0,0,-1422,-177.750
1764840221.1360106,0,0,3169,396.125
1764840221.1400266,0,0,5937,742.125
1764840221.1440275,0,0,2940,367.500
1764840221.1480272,1,1,-828,-103.500
1764840221.152048,0,0,-1437,-179.625
1764840221.1560116,0,0,3257,407.125
1764840221.1600285,0,0,6163,770.375
1764840221.1640337,0,0,3269,408.625
1764840221.1680295,1,1,-615,-76.875
1764840221.1720555,0,0,-1503,-187.875
1764840221.176028,0,0,2969,371.125
1764840221.1800256,0,0,6115,764.375
1764840221.1840293,0,0,3348,418.500
1764840221.1880307,1,1,-546,-68.250
1764840221.1920588,0,0,-1513,-189.125
1764840221.1960285,0,0,2613,326.625
1764840221.2000277,0,0,5969,746.125
1764840221.2040331,0,0,3307,413.375
1764840221.2081277,1,0,-550,-68.750
1764840221.212044,0,0,-1567,-195.875
1764840221.216013,0,0,2425,303.125
1764840221.2200277,0,0,5926,740.750
1764840221.2240324,0,0,3353,419.125
1764840221.2280293,1,1,-509,-63.625
1764840221.2320225,0,0,-1504,-188.000
1764840221.2360108,0,0,2174,271.750
1764840221.2400253,0,0,5904,738.000
1764840221.244312,0,0,3481,435.125
1764840221.2482498,0,1,-398,-49.750
1764840221.252067,0,0,-1711,-213.875
1764840221.2560298,0,0,2772,346.500
1764840221.2600238,0,0,6340,792.500
1764840221.264028,0,0,3951,493.875
1764840221.2680264,1,1,-106,-13.250
1764840221.2720637,0,0,-1576,-197.000
1764840221.2760255,0,0,1934,241.750
1764840221.2800276,0,0,5976,747.000
1764840221.2840304,0,0,3788,473.500
1764840221.2880268,1,1,-186,-23.250
1764840221.2920592,0,0,-1543,-192.875
1764840221.296025,0,0,1758,219.750
1764840221.3000226,0,0,5991,748.875
1764840221.3040237,0,0,3956,494.500
1764840221.3080397,1,1,-46,-5.750
1764840221.3120894,0,0,-1519,-189.875
1764840221.3160877,0,0,1699,212.375
1764840221.3200433,0,0,6046,755.750
1764840221.3240259,0,0,4129,516.125
1764840221.3280075,1,0,86,10.750
1764840221.3320684,0,0,-1562,-195.250
1764840221.3360424,0,0,1467,183.375
1764840221.34003,0,0,5959,744.875
1764840221.3440127,0,0,4145,518.125
1764840221.3480058,1,0,108,13.500
1764840221.352055,0,0,-1564,-195.500
1764840221.3560266,0,0,1479,184.875
1764840221.3600273,0,0,6079,759.875
1764840221.3640194,0,0,4430,553.750
1764840221.3680086,1,1,338,42.250
1764840221.372056,0,0,-1532,-191.500
1764840221.3760304,0,0,1349,168.625
1764840221.3800266,0,0,6103,762.875
1764840221.3840258,0,0,4665,583.125
1764840221.3880231,1,0,551,68.875
1764840221.3920515,0,0,-1429,-178.625
1764840221.3960252,0,0,948,118.500
1764840221.4000282,0,0,5897,737.125
1764840221.4040325,0,0,4564,570.500
1764840221.4081464,0,0,480,60.000
1764840221.4120882,0,0,-1471,-183.875
1764840221.416013,0,0,1085,135.625
1764840221.4200702,0,0,6055,756.875
1764840221.4240289,0,0,4896,612.000
1764840221.4280248,0,0,770,96.250
1764840221.432039,0,0,-1410,-176.250
1764840221.436009,0,0,671,83.875
1764840221.4400282,0,0,5856,732.000
1764840221.4440327,0,0,4863,607.875
1764840221.4480274,1,0,770,96.250
1764840221.4520557,0,0,-1400,-175.000
1764840221.456022,0,0,584,73.000
1764840221.4600275,0,0,5835,729.375
1764840221.4640267,0,0,4976,622.000
1764840221.4680245,1,1,880,110.000
1764840221.4720495,0,0,-1399,-174.875
1764840221.4760215,0,0,471,58.875
1764840221.480031,0,0,5807,725.875
1764840221.4840572,0,0,5172,646.500
1764840221.4880323,1,1,1093,136.625
1764840221.4920528,0,0,-1377,-172.125
1764840221.496024,0,0,312,39.000
1764840221.5000236,0,0,5701,712.625
1764840221.5040236,0,0,5198,649.750
1764840221.5080242,0,0,1137,142.125
1764840221.512035,0,0,-1387,-173.375
1764840221.5160046,0,0,165,20.625
1764840221.520037,0,0,5598,699.750
1764840221.524031,0,0,5244,655.500
1764840221.5280256,1,1,1205,150.625
1764840221.5320544,0,0,-1412,-176.500
1764840221.5360224,0,0,-26,-3.250
1764840221.540025,0,0,5434,679.250
1764840221.544022,0,0,5212,651.500
1764840221.5480256,0,0,1201,150.125
1764840221.5520375,0,0,-1409,-176.125
1764840221.5560083,0,0,-44,-5.500
1764840221.5600088,0,0,5465,683.125
1764840221.5640235,0,0,5475,684.375
1764840221.5680256,0,0,1503,187.875
1764840221.5720534,0,0,-1383,-172.875
1764840221.5760238,0,0,-173,-21.625
1764840221.5800219,0,0,5348,668.500
1764840221.5840228,0,0,5498,687.250
1764840221.588024,0,0,-1337,-167.125
1764840221.5920374,0,0,-394,-49.250
1764840221.5960095,0,0,5101,637.625
1764840221.6000237,0,0,5422,677.750
1764840221.6040246,0,0,1526,190.750
1764840221.613517,0,0,-215,-26.875
1764840221.6160421,0,0,5343,667.875
1764840221.6200345,0,0,5774,721.750
1764840221.6240926,0,0,1898,237.250
1764840221.6280432,1,0,-1362,-170.250
1764840221.6320674,0,0,-256,-32.000
1764840221.6360264,0,0,5301,662.625
1764840221.6400237,0,0,5966,745.750
1764840221.6440153,0,0,2181,272.625
1764840221.648004,0,0,-1298,-162.250
1764840221.6520572,0,0,-449,-56.125
1764840221.6560233,0,0,5057,632.125
1764840221.6600232,0,0,5808,726.000
1764840221.664022,0,0,2030,253.750
1764840221.668022,0,0,-1360,-170.000
1764840221.6720498,0,0,-550,-68.750
1764840221.6760201,0,0,4911,613.875
1764840221.6800218,0,0,5741,717.625
1764840221.6840284,0,0,1975,246.875
1764840221.6880171,0,0,-1386,-173.250
1764840221.6920495,0,0,-556,-69.500
1764840221.6960218,0,0,4917,614.625
1764840221.700022,0,0,6007,750.875
1764840221.7040207,0,0,2374,296.750
1764840221.7080178,0,0,-1266,-158.250
1764840221.7120507,0,0,-658,-82.250
1764840221.7160206,0,0,4762,595.250
1764840221.7200203,0,0,6071,758.875
1764840221.7240403,0,0,2547,318.375
1764840221.7280037,0,0,-1160,-145.000
1764840221.7320452,0,0,-1076,-134.500
1764840221.7360172,0,0,3637,454.625
1764840221.7400239,0,0,5237,654.625
1764840221.7440298,0,0,1770,221.250
1764840221.748024,0,0,-1485,-185.625
1764840221.752037,0,0,-734,-91.750
1764840221.7560015,0,0,4666,583.250
1764840221.7600205,0,0,6311,788.875
1764840221.7640238,0,0,2982,372.750
1764840221.7680235,0,0,-948,-118.500
1764840221.7720437,0,0,-898,-112.250
1764840221.7760003,0,0,4413,551.625
1764840221.7800212,0,0,6209,776.125
1764840221.7840245,0,0,2920,365.000
1764840221.7880235,0,0,-990,-123.750
1764840221.7920463,0,0,-1032,-129.000
1764840221.7960205,0,0,4071,508.875
1764840221.8000193,0,0,5974,746.750
1764840221.804014,0,0,2654,331.750
1764840221.808005,0,0,-1159,-144.875
1764840221.8121583,0,0,-1090,-136.250
1764840221.816037,0,0,3984,498.000
1764840221.8200219,0,0,6103,762.875
1764840221.8240464,0,0,2928,366.000
1764840221.8280072,0,0,-974,-121.750
1764840221.8320498,0,0,-1166,-145.750
1764840221.8360198,0,0,3840,480.000
1764840221.8400173,0,0,6111,763.875
1764840221.8440127,0,0,3021,377.625
1764840221.848007,0,0,-912,-114.000
1764840221.852049,0,0,-1279,-159.875
1764840221.8560205,0,0,3597,449.625
1764840221.8600194,0,0,6017,752.125
1764840221.8640187,0,1,2964,370.500
1764840221.8680165,0,0,-950,-118.750
1764840221.8720558,0,0,-1291,-161.375
1764840221.8760202,0,0,3497,437.125
1764840221.8800423,0,0,6119,764.875
1764840221.8840363,0,1,3220,402.500
1764840221.8880274,0,0,-759,-94.875
1764840221.8920414,0,0,-1401,-175.125
1764840221.896005,0,0,3192,399.000
1764840221.9000201,0,0,5998,749.750
1764840221.9040186,0,1,3141,392.625
1764840221.9080176,0,0,-809,-101.125
1764840221.9120314,0,0,-1438,-179.750
1764840221.9160025,0,0,3204,400.500
1764840221.9200213,0,0,6143,767.875
1764840221.9240363,1,1,3447,430.875
1764840221.9280202,0,0,-581,-72.625
1764840221.932035,0,0,-1445,-180.625
1764840221.9360054,0,0,2941,367.625
1764840221.940005,0,0,6057,757.125
1764840221.944021,1,1,3420,427.500
1764840221.948017,0,0,-597,-74.625
1764840221.9520433,0,0,-1454,-181.750
1764840221.9560177,0,0,2754,344.250
1764840221.9600184,0,0,6052,756.500
1764840221.9640212,1,1,3530,441.250
1764840221.9680164,0,0,-506,-63.250
1764840221.9720466,0,0,-1472,-184.000
1764840221.976019,0,0,2525,315.625
1764840221.9800174,0,0,6024,753.000
1764840221.984019,1,1,3621,452.625
1764840221.9880157,0,0,-428,-53.500
1764840221.9920256,0,0,-1506,-188.250
1764840221.9959993,0,0,2542,317.750
1764840222.000002,0,0,6133,766.625
1764840222.0040185,1,1,3881,485.125
1764840222.008013,0,0,-219,-27.375
1764840222.012146,0,0,-1568,-196.000
1764840222.0160363,0,0,2406,300.750
1764840222.0200179,0,0,6147,768.375
1764840222.0240297,1,1,4051,506.375
1764840222.0280147,0,0,-73,-9.125
1764840222.0320382,0,0,-1621,-202.625
1764840222.0360138,0,0,2202,275.250
1764840222.0400157,0,0,6115,764.375
1764840222.044012,1,1,4157,519.625
1764840222.0480044,0,0,21,2.625
1764840222.0520482,0,0,-1594,-199.250
1764840222.0560179,0,0,2037,254.625
1764840222.0600173,0,0,6099,762.375
1764840222.064019,1,1,4291,536.375
1764840222.0680177,0,0,142,17.750
1764840222.0720432,0,0,-1589,-198.625
1764840222.0760136,0,0,1954,244.250
1764840222.0800178,0,0,6126,765.750
1764840222.0840247,1,1,4499,562.375
1764840222.088018,0,0,335,41.875
1764840222.0920408,0,0,-1546,-193.250
1764840222.096016,0,0,1552,194.000
1764840222.1000137,0,0,5954,744.250
1764840222.1042192,1,1,4396,549.500
1764840222.1080213,0,0,248,31.000
1764840222.1120498,0,0,-1489,-186.125
1764840222.1160135,0,0,1256,157.000
1764840222.1200144,0,0,5840,730.000
1764840222.1240218,1,1,4366,545.750
1764840222.1280503,0,0,228,28.500
1764840222.1320484,0,0,-1411,-176.375
1764840222.1360164,0,0,974,121.750
1764840222.1400132,0,0,5760,720.000
1764840222.1440148,1,1,4441,555.125
1764840222.1480172,0,0,314,39.250
1764840222.1520472,0,0,-1438,-179.750
1764840222.1560218,0,0,837,104.625
1764840222.1600194,0,0,5766,720.750
1764840222.1640096,1,1,4629,578.625
1764840222.1680026,0,0,503,62.875
1764840222.17205,0,0,-1393,-174.125
1764840222.17602,0,0,639,79.875
1764840222.1800141,0,0,5695,711.875
1764840222.184004,1,1,4682,585.250
1764840222.1880007,0,0,568,71.000
1764840222.1920433,0,0,-1405,-175.625
1764840222.1960175,0,0,457,57.125
1764840222.2000139,0,0,5599,699.875
1764840222.204017,1,1,4690,586.250
1764840222.2080133,0,0,589,73.625
1764840222.2121472,0,0,-1418,-177.250
1764840222.216033,0,0,334,41.750
1764840222.2200189,0,0,5563,695.375
1764840222.2240045,1,1,4840,605.000
1764840222.2280126,0,0,754,94.250
1764840222.2320457,0,0,-1423,-177.875
1764840222.236017,0,0,208,26.000
1764840222.2400181,0,0,5487,685.875
1764840222.2443,1,1,789,98.625
1764840222.248236,0,0,-1522,-190.250
1764840222.2520957,0,0,738,92.250
1764840222.2560189,0,0,5957,744.625
1764840222.2600157,0,0,5775,721.875
1764840222.2640247,1,1,1774,221.750
1764840222.2680135,0,0,-1285,-160.625
1764840222.2720509,0,0,-27,-3.375
1764840222.2760136,0,0,5325,665.625
1764840222.2800388,0,0,5081,635.125
1764840222.284024,1,1,1056,132.000
1764840222.2880177,0,0,-1437,-179.625
1764840222.292048,0,0,-212,-26.500
1764840222.2960124,0,0,5151,643.875
1764840222.3000124,0,0,5028,628.500
1764840222.3040078,1,1,1033,129.125
1764840222.308004,0,0,-1425,-178.125
1764840222.3120039,0,0,-228,-28.500
1764840222.3159983,0,0,5192,649.000
1764840222.3199978,0,0,5280,660.000
1764840222.3240166,1,1,1317,164.625
1764840222.3280475,0,0,-1388,-173.500
1764840222.3320417,0,0,-382,-47.750
1764840222.336009,0,0,5036,629.500
1764840222.3400118,0,0,5271,658.875
1764840222.3440123,1,1,1346,168.250
1764840222.3480103,0,0,-1452,-181.500
1764840222.3520446,0,0,-391,-48.875
1764840222.3560066,0,0,5068,633.500
1764840222.36001,0,0,5488,686.000
1764840222.3640122,1,1,1604,200.500
1764840222.3680115,0,0,-1421,-177.625
1764840222.3720434,0,0,-491,-61.375
1764840222.3760114,0,0,4963,620.375
1764840222.3800094,0,0,5562,695.250
1764840222.3840122,1,1,1727,215.875
1764840222.3880107,0,0,-1368,-171.000
1764840222.3920403,0,0,-539,-67.375
1764840222.396012,0,0,4913,614.125
1764840222.4000103,0,0,5648,706.000
1764840222.4040184,1,1,1850,231.250
1764840222.4080138,0,0,-1390,-173.750
1764840222.412144,0,0,-642,-80.250
1764840222.416028,0,0,4766,595.750
1764840222.4200118,0,0,5643,705.375
1764840222.4240034,1,1,1892,236.500
1764840222.4279966,0,0,-1371,-171.375
1764840222.4321072,0,0,-853,-106.625
1764840222.4360013,0,0,4384,548.000
1764840222.440003,0,0,5534,691.750
1764840222.443998,1,1,1873,234.125
1764840222.447992,0,0,-1347,-168.375
1764840222.4520035,0,0,-1010,-126.250
1764840222.4560008,0,0,3936,492.000
1764840222.46,0,0,5383,672.875
1764840222.464004,1,1,1847,230.875
1764840222.4680052,0,0,-1408,-176.000
1764840222.4720073,0,0,-795,-99.375
1764840222.476002,0,0,4594,574.250
1764840222.479998,0,0,6066,758.250
1764840222.4840043,1,1,2555,319.375
1764840222.4880023,0,0,-1183,-147.875
1764840222.492004,0,0,-929,-116.125
1764840222.4960012,0,0,4293,536.625
1764840222.500001,0,0,5916,739.500
1764840222.503995,1,1,2435,304.375
1764840222.5079894,0,0,-1259,-157.375
1764840222.5120044,0,0,-951,-118.875
1764840222.5160005,0,0,4234,529.250
1764840222.519999,0,0,6054,756.750
1764840222.524005,1,1,2680,335.000
1764840222.528002,0,0,-1115,-139.375
1764840222.5320036,0,0,-978,-122.250
1764840222.536,0,0,4213,526.625
1764840222.5400002,0,0,6207,775.875
1764840222.544003,1,1,2962,370.250
1764840222.5480015,0,0,-933,-116.625
1764840222.5520015,0,0,-1128,-141.000
1764840222.5560021,0,0,4032,504.000
1764840222.5599902,0,0,6182,772.750
1764840222.56399,1,1,3007,375.875
1764840222.5679877,0,0,-899,-112.375
1764840222.5719981,0,0,-1222,-152.750
1764840222.5759995,0,0,3793,474.125
1764840222.5800028,0,0,6097,762.125
1764840222.5839968,1,1,2968,371.000
1764840222.587987,0,0,-922,-115.250
1764840222.5919986,0,0,-1220,-152.500
1764840222.5959969,0,0,3741,467.625
1764840222.6,0,0,6210,776.250
1764840222.6040053,1,1,3217,402.125
1764840222.607998,0,0,-745,-93.125
1764840222.617294,0,0,3447,430.875
1764840222.6201053,0,0,6104,763.000
1764840222.6239967,1,1,3170,396.250
1764840222.6279855,0,0,-776,-97.000
1764840222.6319988,0,0,-1361,-170.125
1764840222.6359985,0,0,3136,392.000
1764840222.6399984,0,0,6046,755.750
1764840222.6439972,1,1,3223,402.875
1764840222.6479905,0,0,-722,-90.250
1764840222.651998,0,0,-1373,-171.625
1764840222.6559987,0,0,2875,359.375
1764840222.659998,0,0,5997,749.625
1764840222.6640031,1,1,3268,408.500
1764840222.6680007,0,0,-675,-84.375
1764840222.6720026,0,0,-1438,-179.750
1764840222.675995,0,0,2786,348.250
1764840222.6799974,0,0,6033,754.125
1764840222.6840057,1,1,3387,423.375
1764840222.6880019,0,0,-582,-72.750
1764840222.6920033,0,0,-1504,-188.000
1764840222.6961856,0,0,2687,335.875
1764840222.7000015,0,0,6095,761.875
1764840222.7039938,1,1,3586,448.250
1764840222.7079887,0,0,-427,-53.375
1764840222.712001,0,0,-1551,-193.875
1764840222.7159967,0,0,2545,318.125
1764840222.7199988,0,0,6113,764.125
1764840222.723997,1,1,3733,466.625
1764840222.7279894,0,0,-311,-38.875
1764840222.7320151,0,0,-1584,-198.000
1764840222.7359965,0,0,2347,293.375
1764840222.7399948,0,0,6013,751.625
1764840222.7439995,1,1,3653,456.625
1764840222.748001,0,0,-377,-47.125
1764840222.7519984,0,0,-1550,-193.750
1764840222.755994,0,0,2091,261.375
1764840222.7599943,0,0,5958,744.750
1764840222.7639997,1,1,3719,464.875
1764840222.767995,0,0,-315,-39.375
1764840222.771997,0,0,-1569,-196.125
1764840222.7759974,0,0,2137,267.125
1764840222.7799938,0,0,6145,768.125
1764840222.7839968,1,1,4137,517.125
1764840222.7879982,0,0,29,3.625
1764840222.792002,0,0,-1568,-196.000
1764840222.7959962,0,0,1826,228.250
1764840222.7999954,0,0,6035,754.375
1764840222.8039908,1,1,4136,517.000
1764840222.8079863,0,0,36,4.500
1764840222.811996,0,0,-1471,-183.875
1764840222.8161967,0,0,1507,188.375
1764840222.8200088,0,0,5928,741.000
1764840222.8239975,1,1,4156,519.500
1764840222.8279839,0,0,68,8.500
1764840222.8320348,0,0,-1502,-187.750
1764840222.835997,0,0,1520,190.000
1764840222.8399982,0,0,6027,753.375
1764840222.843993,1,1,4425,553.125
1764840222.8479836,0,0,299,37.375
1764840222.8519988,0,0,-1507,-188.375
1764840222.8560066,0,0,1172,146.500
1764840222.8599951,0,0,5832,729.000
1764840222.8640006,1,1,4266,533.250
1764840222.8679957,0,0,166,20.750
1764840222.8720462,0,0,-1450,-181.250
1764840222.8759975,0,0,949,118.625
1764840222.8799968,0,0,5813,726.625
1764840222.8840024,1,1,4452,556.500
1764840222.8879967,0,0,350,43.750
1764840222.8919957,0,0,-1465,-183.125
1764840222.895995,0,0,991,123.875
1764840222.8999958,0,0,5926,740.750
1764840222.904003,1,1,620,77.500
1764840222.9079967,0,0,-1397,-174.625
1764840222.911996,0,0,707,88.375
1764840222.9159951,0,0,5773,721.625
1764840222.9199927,0,0,4681,585.125
1764840222.9240036,1,1,566,70.750
1764840222.9279964,0,0,-1397,-174.625
1764840222.9319944,0,0,518,64.750
1764840222.9360385,0,0,5727,715.875
1764840222.9399946,0,0,4862,607.750
1764840222.9440024,1,1,764,95.500
1764840222.9479983,0,0,-1412,-176.500
1764840222.9519963,0,0,378,47.250
1764840222.9559925,0,0,5651,706.375
1764840222.95999,0,0,4915,614.375
1764840222.9640002,1,1,829,103.625
1764840222.967998,0,0,-1428,-178.500
1764840222.9719923,0,0,225,28.125
1764840222.9760082,0,0,5547,693.375
1764840222.9800086,0,0,4923,615.375
1764840222.9839962,1,1,853,106.625
1764840222.9879856,0,0,-1414,-176.750
1764840222.991996,0,0,188,23.500
1764840222.9959912,0,0,5582,697.750
1764840222.9999938,0,0,5208,651.000
1764840223.0039952,1,1,1159,144.875
1764840223.007986,0,0,-1398,-174.750
1764840223.011997,0,0,-68,-8.500
1764840223.0161865,0,0,5355,669.375
1764840223.0200026,0,0,5107,638.375
1764840223.0239918,1,1,1094,136.750
1764840223.0279858,0,0,-1449,-181.125
1764840223.031997,0,0,-73,-9.125
1764840223.0360281,0,0,5398,674.750
1764840223.0399957,0,0,5324,665.500
1764840223.043994,1,1,1328,166.000
1764840223.0479827,0,0,-1381,-172.625
1764840223.0519896,0,0,-103,-12.875
1764840223.0559819,0,0,5396,674.500
1764840223.059976,0,0,5498,687.250
1764840223.063998,1,1,1532,191.500
1764840223.0679967,0,0,-1420,-177.500
1764840223.0719976,0,0,-130,-16.250
1764840223.0759954,0,0,5385,673.125
1764840223.079992,0,0,5665,708.125
1764840223.0840023,1,1,1742,217.750
1764840223.0882323,0,0,-1368,-171.000
1764840223.091993,0,0,-174,-21.750
1764840223.0959876,0,0,5340,667.500
1764840223.0999784,0,0,5748,718.500
1764840223.1039944,1,1,1862,232.750
1764840223.1079938,0,0,-1327,-165.875
1764840223.111993,0,0,-373,-46.625
1764840223.1159842,0,0,5111,638.875
1764840223.1199768,0,0,5669,708.625
1764840223.1239948,1,1,1827,228.375
1764840223.1279948,0,0,-1336,-167.000
1764840223.131997,0,0,-825,-103.125
1764840223.1360052,0,0,4301,537.625
1764840223.1399925,0,0,5035,629.375
1764840223.1439998,1,1,1296,162.000
1764840223.147993,0,0,-1467,-183.375
1764840223.1519935,0,0,-827,-103.375
1764840223.1559916,0,0,4427,553.375
1764840223.1599927,0,0,5433,679.125
1764840223.1639955,1,1,1723,215.375
1764840223.167988,0,0,-1457,-182.125
1764840223.1719909,0,0,-633,-79.125
1764840223.1759927,0,0,4848,606.000
1764840223.1799912,0,0,5961,745.125
1764840223.1839948,1,1,2306,288.250
1764840223.1879919,0,0,-1289,-161.125
1764840223.1919928,0,0,-692,-86.500
1764840223.195992,0,0,4752,594.000
1764840223.1999884,0,0,6030,753.750
1764840223.2039943,1,1,2447,305.875
1764840223.207992,0,0,-1238,-154.750
1764840223.21199,0,0,-832,-104.000
1764840223.2161822,0,0,4481,560.125
1764840223.2200031,0,0,5881,735.125
1764840223.2239983,1,1,2317,289.625
1764840223.2279785,0,0,-1286,-160.750
1764840223.2319887,0,0,-908,-113.500
1764840223.2359886,0,0,4312,539.000
1764840223.2399957,0,0,5914,739.250
1764840223.2442548,1,1,2434,304.250
1764840223.2481928,0,0,-1276,-159.500
1764840223.2520256,0,0,-691,-86.375
1764840223.255993,0,0,4836,604.500
1764840223.2599893,0,0,6558,819.750
1764840223.2639906,1,1,3382,422.750
1764840223.267981,0,0,-671,-83.875
1764840223.271984,0,0,-1129,-141.125
1764840223.2759786,0,0,4020,502.500
1764840223.2799823,0,0,5938,742.250
1764840223.2839959,1,1,2613,326.625
1764840223.287996,0,0,-1185,-148.125
1764840223.2919865,0,0,-1122,-140.250
1764840223.2959797,0,0,3729,466.125
1764840223.2999742,0,0,5840,730.000
1764840223.3039832,1,1,2570,321.250
1764840223.3080018,0,0,-1203,-150.375
1764840223.3119993,0,0,-1150,-143.750
1764840223.315988,0,0,3622,452.750
1764840223.319987,0,0,5963,745.375
1764840223.3239822,1,1,2825,353.125
1764840223.327981,0,0,-1027,-128.375
1764840223.3319893,0,0,-1281,-160.125
1764840223.3359892,0,0,3269,408.625
1764840223.3400235,0,0,5815,726.875
1764840223.343995,1,1,2734,341.750
1764840223.347993,0,0,-1069,-133.625
1764840223.3519957,0,0,-1276,-159.500
1764840223.355992,0,0,3289,411.125
1764840223.359988,0,0,6012,751.500
1764840223.3639953,1,1,3065,383.125
1764840223.3679943,0,0,-836,-104.500
1764840223.3719919,0,0,-1402,-175.250
1764840223.375989,0,0,3125,390.625
1764840223.3799877,0,0,5991,748.875
1764840223.3839989,1,1,3110,388.750
1764840223.388003,0,0,-801,-100.125
1764840223.3919914,0,0,-1378,-172.250
1764840223.395981,0,0,2860,357.500
1764840223.3999732,0,0,5940,742.500
1764840223.4039917,1,1,3157,394.625
1764840223.4079964,0,0,-754,-94.250
1764840223.4119852,0,0,-1439,-179.875
1764840223.4160733,0,0,2954,369.250
1764840223.42,0,0,6147,768.375
1764840223.4239852,1,1,3519,439.875
1764840223.4279778,0,0,-487,-60.875
1764840223.4319935,0,0,-1484,-185.500
1764840223.4359915,0,0,2747,343.375
1764840223.4400318,0,0,6110,763.750
1764840223.443987,1,1,3581,447.625
1764840223.4479785,0,0,-440,-55.000
1764840223.451991,0,0,-1558,-194.750
1764840223.4559882,0,0,2684,335.500
1764840223.4599867,0,0,6162,770.250
1764840223.4639933,1,1,3749,468.625
1764840223.4679875,0,0,-312,-39.000
1764840223.471988,0,0,-1535,-191.875
1764840223.475988,0,0,2411,301.375
1764840223.4799905,0,0,6122,765.250
1764840223.4839883,1,1,3864,483.000
1764840223.4879863,0,0,-208,-26.000
1764840223.4919946,0,0,-1571,-196.375
1764840223.495997,0,0,2259,282.375
1764840223.4999955,0,0,6108,763.500
1764840223.5039868,1,1,3961,495.125
1764840223.5079746,0,0,-130,-16.250
1764840223.5119846,0,0,-1608,-201.000
1764840223.5159876,0,0,2120,265.000
1764840223.5199904,0,0,6128,766.000
1764840223.5239863,1,1,4137,517.125
1764840223.527974,0,0,24,3.000
1764840223.531989,0,0,-1579,-197.375
1764840223.535987,0,0,1945,243.125
1764840223.539999,0,0,6102,762.750
1764840223.5440662,1,1,114,14.250
1764840223.5479922,0,0,114,14.250
1764840223.551983,0,0,-1528,-191.000
1764840223.5559745,0,0,1678,209.750
1764840223.5599723,0,0,4342,542.750
1764840223.5639908,1,1,214,26.750
1764840223.5679896,0,0,-1537,-192.125
1764840223.5719886,0,0,1488,186.000
1764840223.5759869,0,0,5968,746.000
1764840223.5799847,0,0,4336,542.000
1764840223.5839932,1,1,211,26.375
1764840223.587991,0,0,-1478,-184.750
1764840223.5919824,0,0,793,99.125
1764840223.595985,0,0,5400,675.000
1764840223.5999854,0,0,3748,468.500
1764840223.6039934,1,1,-223,-27.875
1764840223.6079886,0,0,-1489,-186.125
1764840223.6119921,0,0,1113,139.125
1764840223.6213455,0,0,4539,567.375
1764840223.6241062,1,1,410,51.250
1764840223.6279943,0,0,-1572,-196.500
1764840223.6320472,0,0,1484,185.500
1764840223.6359854,0,0,6184,773.000
1764840223.6399748,0,0,5131,641.375
1764840223.6439967,1,1,971,121.375
1764840223.6479945,0,0,-1344,-168.000
1764840223.6519847,0,0,596,74.500
1764840223.655975,0,0,5664,708.000
1764840223.6599755,0,0,4580,572.500
1764840223.6639924,1,1,473,59.125
1764840223.667992,0,0,-1403,-175.375
1764840223.6719928,0,0,594,74.250
1764840223.6759913,0,0,5779,722.375
1764840223.679989,0,0,5001,625.125
1764840223.6839912,1,1,898,112.250
1764840223.6879883,0,0,-1386,-173.250
1764840223.6919918,0,0,279,34.875
1764840223.6959953,0,0,5526,690.750
1764840223.699988,0,0,4769,596.125
1764840223.7039895,1,1,689,86.125
1764840223.7079892,0,0,-1426,-178.250
1764840223.7119946,0,0,371,46.375
1764840223.7159896,0,0,5670,708.750
1764840223.7199893,0,0,5111,638.875
1764840223.7239914,1,1,1024,128.000
1764840223.7279885,0,0,-1373,-171.625
1764840223.7319949,0,0,198,24.750
1764840223.7359896,0,0,5547,693.375
1764840223.7399902,0,0,5111,638.875
1764840223.7440953,1,1,1044,130.500
1764840223.748032,0,0,-1414,-176.750
1764840223.75204,0,0,189,23.625
1764840223.756033,0,0,5571,696.375
1764840223.7600322,0,0,5323,665.375
1764840223.7640352,1,1,1280,160.000
1764840223.7680302,0,0,-1400,-175.000
1764840223.7720344,0,0,-15,-1.875
1764840223.7760322,0,0,5411,676.375
1764840223.7800336,0,0,5358,669.750
1764840223.7843354,1,1,1358,169.750
1764840223.7880359,0,0,-1399,-174.875
1764840223.792024,0,0,-4,-0.500
1764840223.796017,0,0,5444,680.500
1764840223.8000157,0,0,5568,696.000
1764840223.8040137,1,1,1622,202.750
1764840223.808013,0,0,-1280,-160.000
1764840223.812014,0,0,-673,-84.125
1764840223.8160126,0,0,4519,564.875
1764840223.8201113,0,0,4864,608.000
1764840223.8240397,1,1,1044,130.500
1764840223.828011,0,0,-1523,-190.375
1764840223.8320339,0,0,-309,-38.625
1764840223.836032,0,0,5176,647.000
1764840223.8400314,0,0,5548,693.500
1764840223.8440943,1,1,1643,205.375
1764840223.8479767,0,0,-1394,-174.250
1764840223.85199,0,0,-410,-51.250
1764840223.8559911,0,0,5068,633.500
1764840223.8599913,0,0,5572,696.500
1764840223.8639936,1,1,1699,212.375
1764840223.8679886,0,0,-1391,-173.875
1764840223.8719902,0,0,-537,-67.125
1764840223.875986,0,0,4915,614.375
1764840223.8799903,0,0,5633,704.125
1764840223.8839931,1,1,1826,228.250
1764840223.8879895,0,0,-1398,-174.750
1764840223.8919914,0,0,-587,-73.375
1764840223.8962567,0,0,4867,608.375
1764840223.8999877,0,0,5795,724.375
1764840223.9039829,1,1,2066,258.250
1764840223.907973,0,0,-1350,-168.750
1764840223.911988,0,0,-781,-97.625
1764840223.9159856,0,0,4531,566.375
1764840223.9199867,0,0,5593,699.125
1764840223.923984,1,1,1890,236.250
1764840223.9279747,0,0,-1378,-172.250
1764840223.9319894,0,0,-825,-103.125
1764840223.9359856,0,0,4463,557.875
1764840223.9399848,0,0,5706,713.250
1764840223.9440084,1,1,2069,258.625
1764840223.9479892,0,0,-1386,-173.250
1764840223.9519885,0,0,-974,-121.750
1764840223.9559848,0,0,4047,505.875
1764840223.9599922,0,0,5433,679.125
1764840223.9639888,1,1,1843,230.375
1764840223.9679854,0,0,-1450,-181.250
1764840223.9719925,0,0,-928,-116.000
1764840223.975997,0,0,4253,531.625
1764840223.9799843,0,0,5828,728.500
1764840223.9839854,1,1,2315,289.375
1764840223.9879847,0,0,-1328,-166.000
1764840223.9919996,0,0,-976,-122.000
1764840223.9959865,0,0,4142,517.750
1764840223.999983,0,0,5913,739.125
1764840224.0039902,1,1,2488,311.000
1764840224.0079975,0,0,-1231,-153.875
1764840224.011982,0,0,-1089,-136.125
1764840224.0159693,0,0,3857,482.125
1764840224.020179,0,0,5866,733.250
1764840224.024,1,1,2533,316.625
1764840224.027971,0,0,-1191,-148.875
1764840224.0319767,0,0,-1136,-142.000
1764840224.035971,0,0,3732,466.500
1764840224.0399847,0,0,5896,737.000
1764840224.043974,1,1,2627,328.375
1764840224.0480042,0,0,-1128,-141.000
1764840224.051973,0,0,-1201,-150.125
1764840224.0559835,0,0,3733,466.625
1764840224.0599837,0,0,6102,762.750
1764840224.0639834,1,1,2976,372.000
1764840224.067983,0,0,-895,-111.875
1764840224.0720007,0,0,-1307,-163.375
1764840224.0759861,0,0,3643,455.375
1764840224.0799859,0,0,6152,769.000
1764840224.083987,1,1,3119,389.875
1764840224.0879936,0,0,-796,-99.500
1764840224.0919862,0,0,-1384,-173.000
1764840224.0962358,0,0,3510,438.750
1764840224.0999744,0,0,6118,764.750
1764840224.1039813,1,1,3134,391.750
1764840224.1079674,0,0,-793,-99.125
1764840224.1119835,0,0,-1349,-168.625
1764840224.1159854,0,0,3471,433.875
1764840224.119996,0,0,6280,785.000
1764840224.123977,1,1,3495,436.875
1764840224.1279657,0,0,-525,-65.625
1764840224.1319847,0,0,-1481,-185.125
1764840224.135989,0,0,3269,408.625
1764840224.139988,0,0,6233,779.125
1764840224.143991,1,1,3535,441.875
1764840224.147985,0,0,-496,-62.000
1764840224.151986,0,0,-1510,-188.750
1764840224.1559846,0,0,3019,377.375
1764840224.1599874,0,0,6176,772.000
1764840224.1639907,1,1,3578,447.250
1764840224.1679847,0,0,-462,-57.750
1764840224.1719863,0,0,-1553,-194.125
1764840224.175983,0,0,2980,372.500
1764840224.1799839,0,0,6244,780.500
1764840224.1839867,1,1,3782,472.750
1764840224.1879845,0,0,-303,-37.875
1764840224.1919813,0,0,-1548,-193.500
1764840224.1959822,0,0,2385,298.125
1764840224.199983,0,0,5895,736.875
1764840224.203988,1,1,3403,425.375
1764840224.207986,0,0,-590,-73.750
1764840224.2119858,0,0,2557,319.625
1764840224.2159824,0,0,6197,774.625
1764840224.2201715,0,0,3991,498.875
1764840224.2239857,1,1,-122,-15.250
1764840224.2279704,0,0,-1600,-200.000
1764840224.2319875,0,0,2264,283.000
1764840224.2359838,0,0,6071,758.875
1764840224.2399838,0,0,3917,489.625
1764840224.2442422,1,1,-184,-23.000
1764840224.248239,0,0,-1668,-208.500
1764840224.252016,0,0,2801,350.125
1764840224.2559845,0,0,6493,811.625
1764840224.2599826,0,0,4815,601.875
1764840224.263984,1,1,617,77.125
1764840224.267981,0,0,-1571,-196.375
1764840224.2719815,0,0,1770,221.250
1764840224.2759764,0,0,5904,738.000
1764840224.279978,0,0,3980,497.500
1764840224.2839806,1,1,-133,-16.625
1764840224.2879848,0,0,-1536,-192.000
1764840224.2919865,0,0,1770,221.250
1764840224.2959836,0,0,6051,756.375
1764840224.2999809,0,0,4413,551.625
1764840224.3039804,1,1,258,32.250
1764840224.3079925,0,0,-1505,-188.125
1764840224.3119822,0,0,1408,176.000
1764840224.3159697,0,0,5870,733.750
1764840224.3199656,0,0,4245,530.625
1764840224.3239825,1,1,113,14.125
1764840224.32798,0,0,-1483,-185.375
1764840224.3319795,0,0,1314,164.250
1764840224.3359668,0,0,5893,736.625
1764840224.339967,0,0,4422,552.750
1764840224.3439932,1,1,274,34.250
1764840224.3479822,0,0,-1479,-184.875
1764840224.3520548,0,0,1053,131.625
1764840224.355983,0,0,5814,726.750
1764840224.359996,0,0,4486,560.750
1764840224.3639848,1,1,346,43.250
1764840224.36798,0,0,-1479,-184.875
1764840224.3719862,0,0,1089,136.125
1764840224.3759928,0,0,5909,738.625
1764840224.3799822,0,0,4786,598.250
1764840224.3839862,1,1,630,78.750
1764840224.3879795,0,0,-1416,-177.000
1764840224.3919945,0,0,924,115.500
1764840224.3959832,0,0,5874,734.250
1764840224.3999848,0,0,4944,618.000
1764840224.403986,1,1,802,100.250
1764840224.407992,0,0,-1393,-174.125
1764840224.411985,0,0,530,66.250
1764840224.4159825,0,0,5641,705.125
1764840224.420165,0,0,4765,595.625
1764840224.423998,1,1,645,80.625
1764840224.4279656,0,0,-1429,-178.625
1764840224.4319801,0,0,432,54.000
1764840224.435985,0,0,5613,701.625
1764840224.4399939,0,0,4894,611.750
1764840224.4439752,1,1,784,98.000
1764840224.4479666,0,0,-1385,-173.125
1764840224.4519787,0,0,341,42.625
1764840224.4559755,0,0,5592,699.000
1764840224.459979,0,0,5068,633.500
1764840224.4639802,1,1,1000,125.000
1764840224.4679773,0,0,-1381,-172.625
1764840224.4719799,0,0,-435,-54.375
1764840224.4759748,0,0,4644,580.500
1764840224.4799783,0,0,4348,543.500
1764840224.48398,1,1,496,62.000
1764840224.4879785,0,0,-1490,-186.250
1764840224.491978,0,0,197,24.625
1764840224.495972,0,0,5568,696.000
1764840224.4999766,0,0,5280,660.000
1764840224.5039768,1,1,1222,152.750
1764840224.507978,0,0,-1416,-177.000
1764840224.5119808,0,0,54,6.750
1764840224.5159733,0,0,5473,684.125
1764840224.5199757,0,0,5420,677.500
1764840224.5239806,1,1,1413,176.625
1764840224.527977,0,0,-1374,-171.750
1764840224.5319777,0,0,35,4.375
1764840224.5359833,0,0,5479,684.875
1764840224.5399756,0,0,5673,709.125
1764840224.5440435,1,1,1739,217.375
1764840224.547967,0,0,-1325,-165.625
1764840224.551988,0,0,-174,-21.750
1764840224.5559778,0,0,5266,658.250
1764840224.5599768,0,0,5513,689.125
1764840224.5639648,1,1,1579,197.375
1764840224.5679631,0,0,-1384,-173.000
1764840224.571981,0,0,-252,-31.500
1764840224.5759795,0,0,5194,649.250
1764840224.5799782,0,0,5609,701.125
1764840224.5839798,1,1,1723,215.375
1764840224.5879786,0,0,-1413,-176.625
1764840224.5919862,0,0,-438,-54.750
1764840224.5959814,0,0,4979,622.375
1764840224.5999777,0,0,5518,689.750
1764840224.6039803,1,1,1658,207.250
1764840224.6079805,0,0,-1437,-179.625
1764840224.611991,0,0,-471,-58.875
1764840224.6159801,0,0,4957,619.625
1764840224.6252732,1,1,1892,236.500
1764840224.6280942,0,0,-1432,-179.000
1764840224.6319928,0,0,-494,-61.750
1764840224.6359673,0,0,4935,616.875
1764840224.6399627,0,0,5810,726.250
1764840224.6439772,1,1,2079,259.875
1764840224.647978,0,0,-1364,-170.500
1764840224.6520169,0,0,-701,-87.625
1764840224.6559658,0,0,4633,579.125
1764840224.659964,0,0,5725,715.625
1764840224.6639798,1,1,2056,257.000
1764840224.6679769,0,0,-1370,-171.250
1764840224.6719882,0,0,-753,-94.125
1764840224.6759787,0,0,4552,569.000
1764840224.6799762,0,0,5779,722.375
1764840224.6839795,1,1,2162,270.250
1764840224.6879747,0,0,-1345,-168.125
1764840224.6919785,0,0,-833,-104.125
1764840224.6959763,0,0,4406,550.750
1764840224.699977,0,0,5852,731.500
1764840224.7039814,1,1,2328,291.000
1764840224.7079737,0,0,-1288,-161.000
1764840224.7119792,0,0,-971,-121.375
1764840224.715974,0,0,4061,507.625
1764840224.719979,0,0,5596,699.500
1764840224.7239819,1,1,2061,257.625
1764840224.7279744,0,0,-1449,-181.125
1764840224.7319772,0,0,-913,-114.125
1764840224.735977,0,0,4251,531.375
1764840224.7399771,0,0,6030,753.750
1764840224.74415,1,1,2675,334.375
1764840224.747989,0,0,-1159,-144.875
1764840224.751974,0,0,-1017,-127.125
1764840224.755959,0,0,4017,502.125
1764840224.759963,0,0,5895,736.875
1764840224.7639768,1,1,2544,318.000
1764840224.7679753,0,0,-1243,-155.375
1764840224.7719722,0,0,-1079,-134.875
1764840224.7759597,0,0,3999,499.875
1764840224.7799637,0,0,6099,762.375
1764840224.7839777,1,1,2919,364.875
1764840224.7879777,0,0,-998,-124.750
1764840224.7919788,0,0,-1184,-148.000
1764840224.795975,0,0,3827,478.375
1764840224.7999787,0,0,6123,765.375
1764840224.80397,1,1,3059,382.375
1764840224.8079622,0,0,-897,-112.125
1764840224.8119733,0,0,-1206,-150.750
1764840224.8159735,0,0,3769,471.125
1764840224.8199751,0,0,6181,772.625
1764840224.8241823,1,1,3222,402.750
1764840224.8279896,0,0,-781,-97.625
1764840224.8319817,0,0,-1356,-169.500
1764840224.8359616,0,0,3603,450.375
1764840224.8399606,0,0,6149,768.625
1764840224.8439767,1,1,3261,407.625
1764840224.8479767,0,0,-756,-94.500
1764840224.85201,0,0,-1387,-173.375
1764840224.8559604,0,0,3351,418.875
1764840224.8599594,0,0,6067,758.375
1764840224.8639765,1,1,3239,404.875
1764840224.867976,0,0,-1396,-174.500
1764840224.8719845,0,0,2900,362.500
1764840224.8759744,0,0,5851,731.375
1764840224.879974,0,0,3047,380.875
1764840224.883977,1,1,-901,-112.625
1764840224.8879752,0,0,-1360,-170.000
1764840224.891975,0,0,3151,393.875
1764840224.8959868,0,0,6234,779.250
1764840224.8999755,0,0,3757,469.625
1764840224.9039674,1,1,-351,-43.875
1764840224.907959,0,0,-1564,-195.500
1764840224.9119778,0,0,2944,368.000
1764840224.915974,0,0,6150,768.750
1764840224.9199724,0,0,3712,464.000
1764840224.9239647,1,1,-395,-49.375
1764840224.927958,0,0,-1541,-192.625
1764840224.9319758,0,0,2526,315.750
1764840224.935977,0,0,5982,747.750
1764840224.9399738,0,0,3596,449.500
1764840224.943978,1,1,-484,-60.500
1764840224.9479728,0,0,-1535,-191.875
1764840224.9519773,0,0,2381,297.625
1764840224.9559913,0,0,5986,748.250
1764840224.959977,0,0,3710,463.750
1764840224.9639757,1,1,-383,-47.875
1764840224.9679708,0,0,-1542,-192.750
1764840224.9719741,0,0,2242,280.250
1764840224.975976,0,0,6019,752.375
1764840224.9799762,0,0,3910,488.750
1764840224.983974,1,1,-215,-26.875
1764840224.987972,0,0,-1550,-193.750
1764840224.9919739,0,0,1927,240.875
1764840224.995975,0,0,5924,740.500
1764840224.9999743,0,0,3921,490.125
1764840225.0039809,1,1,-194,-24.250
1764840225.0079718,0,0,-1502,-187.750
1764840225.0119722,0,0,1761,220.125
1764840225.0159726,0,0,5912,739.000
1764840225.0199733,0,0,4029,503.625
1764840225.0241814,1,1,-100,-12.500
1764840225.0279882,0,0,-1514,-189.250
1764840225.0319755,0,0,1886,235.750
1764840225.0359604,0,0,6109,763.625
1764840225.039962,0,0,4529,566.125
1764840225.0439754,1,1,355,44.375
1764840225.0479722,0,0,-1549,-193.625
1764840225.051969,0,0,1641,205.125
1764840225.0559936,0,0,5998,749.750
1764840225.0599601,0,0,4462,557.750
1764840225.063963,1,1,288,36.000
1764840225.0679588,0,0,-1534,-191.750
1764840225.0719714,0,0,1358,169.750
1764840225.0759711,0,0,5850,731.250
1764840225.079973,0,0,4321,540.125
1764840225.0839758,1,1,157,19.625
1764840225.0879703,0,0,-1523,-190.375
1764840225.0919704,0,0,1339,167.375
1764840225.0962346,0,0,5972,746.500
1764840225.0999768,0,0,4792,599.000
1764840225.1039667,1,1,620,77.500
1764840225.1079583,0,0,-1441,-180.125
1764840225.1119714,0,0,1058,132.250
1764840225.1159706,0,0,5843,730.375
1764840225.11997,0,0,4739,592.375
1764840225.1239638,1,1,580,72.500
1764840225.1279564,0,0,-1383,-172.875
1764840225.131961,0,0,577,72.125
1764840225.1359546,0,0,5606,700.750
1764840225.1399572,0,0,4608,576.000
1764840225.1439807,1,1,492,61.500
1764840225.147976,0,0,-1384,-173.000
1764840225.1519797,0,0,181,22.625
1764840225.1559715,0,0,5324,665.500
1764840225.1599712,0,0,4459,557.375
1764840225.1639762,1,1,390,48.750
1764840225.1679726,0,0,-1422,-177.750
1764840225.171972,0,0,597,74.625
1764840225.1759694,0,0,5766,720.750
1764840225.17997,0,0,5196,649.500
1764840225.1839728,1,1,1095,136.875
1764840225.1879733,0,0,-1373,-171.625
1764840225.1919742,0,0,427,53.375
1764840225.1959717,0,0,5660,707.500
1764840225.1999698,0,0,5214,651.750
1764840225.2039735,1,1,1131,141.375
1764840225.2079716,0,0,-1431,-178.875
1764840225.2119713,0,0,370,46.250
1764840225.2159703,0,0,5637,704.625
1764840225.2199686,0,0,5364,670.500
1764840225.2241762,1,1,1311,163.875
1764840225.2279844,0,0,-1419,-177.375
1764840225.231977,0,0,296,37.000
1764840225.2359579,0,0,5588,698.500
1764840225.2399564,0,0,5474,684.250
1764840225.2442613,1,1,1460,182.500
1764840225.248197,0,0,-1454,-181.750
1764840225.2519944,0,0,424,53.000
1764840225.2559586,0,0,5688,711.000
1764840225.2599585,0,0,5843,730.375
1764840225.2639716,1,1,1939,242.375
1764840225.2679665,0,0,-1317,-164.625
1764840225.2719653,0,0,-68,-8.500
1764840225.2759662,0,0,5261,657.625
1764840225.2799695,0,0,5436,679.500
1764840225.2839687,1,1,1491,186.375
1764840225.2879674,0,0,-1364,-170.500
1764840225.291971,0,0,-243,-30.375
1764840225.2959702,0,0,5094,636.750
1764840225.2999706,0,0,5417,677.125
1764840225.30396,1,1,1508,188.500
1764840225.3079526,0,0,-1434,-179.250
1764840225.311969,0,0,-358,-44.750
1764840225.3159719,0,0,4992,624.000
1764840225.3199706,0,0,5484,685.500
1764840225.3242016,1,1,1625,203.125
1764840225.3279762,0,0,-1428,-178.500
1764840225.331965,0,0,-432,-54.000
1764840225.3359551,0,0,4925,615.625
1764840225.3399577,0,0,5583,697.875
1764840225.3439703,1,1,1779,222.375
1764840225.3479686,0,0,-1409,-176.125
1764840225.3519661,0,0,-567,-70.875
1764840225.3559518,0,0,4757,594.625
1764840225.359954,0,0,5481,685.125
1764840225.3639731,1,1,1678,209.750
1764840225.3679724,0,0,-1446,-180.750
1764840225.3719637,0,0,-647,-80.875
1764840225.3759525,0,0,4667,583.375
1764840225.3799565,0,0,5613,701.625
1764840225.3839734,1,1,1892,236.500
1764840225.3879719,0,0,-1382,-172.750
1764840225.391975,0,0,-815,-101.875
1764840225.3959687,0,0,4375,546.875
1764840225.3999703,0,0,5379,672.375
1764840225.4039729,1,1,1649,206.125
1764840225.4079685,0,0,-1455,-181.875
1764840225.4119663,0,0,-769,-96.125
1764840225.4159658,0,0,4507,563.375
1764840225.4199674,0,0,5782,722.750
1764840225.4241707,1,1,2186,273.250
1764840225.4279845,0,0,-1367,-170.875
1764840225.4319732,0,0,-769,-96.125
1764840225.4359534,0,0,4520,565.000
1764840225.4399507,0,0,5985,748.125
1764840225.4439683,1,1,2508,313.500
1764840225.4479702,0,0,-1273,-159.125
1764840225.4519653,0,0,-845,-105.625
1764840225.4559505,0,0,4380,547.500
1764840225.4599926,0,0,5965,745.625
1764840225.463968,1,1,2535,316.875
1764840225.4679668,0,0,-1266,-158.250
1764840225.4719825,0,0,-919,-114.875
1764840225.475966,0,0,4215,526.875
1764840225.4799652,0,0,5985,748.125
1764840225.4839659,1,1,2643,330.375
1764840225.4879746,0,0,-1203,-150.375
1764840225.4919658,0,0,-957,-119.625
1764840225.4959645,0,0,4134,516.750
1764840225.4999642,0,0,6068,758.500
1764840225.5039666,1,1,2839,354.875
1764840225.5079646,0,0,-1079,-134.875
1764840225.5119693,0,0,-1090,-136.250
1764840225.5159645,0,0,3931,491.375
1764840225.519962,0,0,6036,754.500
1764840225.523963,1,1,2881,360.125
1764840225.527966,0,0,-1137,-142.125
1764840225.531967,0,0,3902,487.750
1764840225.5359652,0,0,6185,773.125
1764840225.5399616,0,0,3213,401.625
1764840225.5440204,1,1,-813,-101.625
1764840225.547967,0,0,-1224,-153.000
1764840225.5519638,0,0,3618,452.250
1764840225.556067,0,0,6080,760.000
1764840225.560018,0,0,3154,394.250
1764840225.5639575,1,1,-854,-106.750
1764840225.5679498,0,0,-1294,-161.750
1764840225.5719645,0,0,3508,438.500
1764840225.5759673,0,0,6108,763.500
1764840225.579966,0,0,3281,410.125
1764840225.583958,1,1,-759,-94.875
1764840225.587948,0,0,-1365,-170.625
1764840225.5919642,0,0,3457,432.125
1764840225.5959702,0,0,6184,773.000
1764840225.5999687,0,0,3509,438.625
1764840225.603972,1,1,-583,-72.875
1764840225.6079657,0,0,-1402,-175.250
1764840225.6119661,0,0,3153,394.125
1764840225.6159654,0,0,6090,761.250
1764840225.6199682,0,0,3490,436.250
1764840225.629237,0,0,-1480,-185.000
1764840225.632121,0,0,3433,429.125
1764840225.6359563,0,0,6351,793.875
1764840225.6399531,0,0,4046,505.750
1764840225.6439693,1,1,-135,-16.875
1764840225.6479664,0,0,-1534,-191.750
1764840225.6519623,0,0,2862,357.750
1764840225.6559494,0,0,6043,755.375
1764840225.6599877,0,0,3647,455.875
1764840225.6639702,1,1,-482,-60.250
1764840225.6679642,0,0,-1472,-184.000
1764840225.6719692,0,0,2526,315.750
1764840225.6759636,0,0,5986,748.250
1764840225.6799684,0,0,3746,468.250
1764840225.68397,1,1,-385,-48.125
1764840225.6879652,0,0,-1524,-190.500
1764840225.691964,0,0,2432,304.000
1764840225.6959636,0,0,6031,753.875
1764840225.6999679,0,0,3946,493.250
1764840225.7039945,1,1,-207,-25.875
1764840225.7079794,0,0,-1549,-193.625
1764840225.7119596,0,0,2318,289.750
1764840225.715949,0,0,6048,756.000
1764840225.7199519,0,0,4108,513.500
1764840225.7239664,1,1,-64,-8.000
1764840225.727965,0,0,-1572,-196.500
1764840225.7319615,0,0,2186,273.250
1764840225.735946,0,0,6029,753.625
1764840225.7399478,0,0,4193,524.125
1764840225.7439659,1,1,11,1.375
1764840225.7479687,0,0,-1555,-194.375
1764840225.7519698,0,0,1936,242.000
1764840225.7559626,0,0,5964,745.500
1764840225.7599633,0,0,4246,530.750
1764840225.764006,1,1,64,8.000
1764840225.7679753,0,0,-1529,-191.125
1764840225.7719653,0,0,1885,235.625
1764840225.7759633,0,0,6012,751.500
1764840225.7799644,0,0,4505,563.125
1764840225.7839785,1,1,313,39.125
1764840225.7879639,0,0,-1533,-191.625
1764840225.7919693,0,0,1534,191.750
1764840225.7959669,0,0,5876,734.500
1764840225.799973,0,0,4440,555.000
1764840225.8039546,1,1,258,32.250
1764840225.8079457,0,0,-1472,-184.000
1764840225.8119645,0,0,1430,178.750
1764840225.815976,0,0,5891,736.375
1764840225.8199642,0,0,4649,581.125
1764840225.8239665,1,1,485,60.625
1764840225.8280413,0,0,-1337,-167.125
1764840225.831993,0,0,432,54.000
1764840225.835951,0,0,5323,665.375
1764840225.8399482,0,0,4051,506.375
1764840225.8439646,1,1,-37,-4.625
1764840225.8479624,0,0,-1444,-180.500
1764840225.8519616,0,0,1019,127.375
1764840225.8559492,0,0,5826,728.250
1764840225.859949,0,0,4844,605.500
1764840225.8640068,1,1,687,85.875
1764840225.8679633,0,0,-1395,-174.375
1764840225.8719676,0,0,824,103.000
1764840225.875964,0,0,5740,717.500
1764840225.879964,0,0,4838,604.750
1764840225.8839633,1,1,685,85.625
1764840225.8879576,0,0,-1381,-172.625
1764840225.8919642,0,0,678,84.750
1764840225.8959599,0,0,5706,713.250
1764840225.8999624,0,0,5010,626.250
1764840225.9039648,1,1,884,110.500
1764840225.9079592,0,0,-1379,-172.375
1764840225.9119613,0,0,518,64.750
1764840225.9159646,0,0,5626,703.250
1764840225.9199638,0,0,5071,633.875
1764840225.923967,1,1,966,120.750
1764840225.9279585,0,0,-1415,-176.875
1764840225.9319596,0,0,419,52.375
1764840225.9359725,0,0,5589,698.625
1764840225.9399664,0,0,5247,655.875
1764840225.9439573,1,1,1185,148.125
1764840225.9479423,0,0,-1400,-175.000
1764840225.9519584,0,0,243,30.375
1764840225.9559593,0,0,5468,683.500
1764840225.9599643,0,0,5238,654.750
1764840225.963988,1,1,1195,149.375
1764840225.9679441,0,0,-1433,-179.125
1764840225.9719605,0,0,160,20.000
1764840225.9759617,0,0,5424,678.000
1764840225.9799635,0,0,5389,673.625
1764840225.983968,1,1,1395,174.375
1764840225.9879618,0,0,-1404,-175.500
1764840225.9919608,0,0,-16,-2.000
1764840225.9959602,0,0,5269,658.625
1764840225.9999619,0,0,5246,655.750
1764840226.0039687,1,1,1239,154.875
1764840226.0079615,0,0,-1456,-182.000
1764840226.0119624,0,0,-121,-15.125
1764840226.0159602,0,0,5206,650.750
1764840226.0199594,0,0,5464,683.000
1764840226.0239668,1,1,1542,192.750
1764840226.0280428,0,0,-1370,-171.250
1764840226.0319731,0,0,-259,-32.375
1764840226.035946,0,0,5077,634.625
1764840226.039945,0,0,5432,679.000
1764840226.0439634,1,1,1529,191.125
1764840226.0479622,0,0,-1388,-173.500
1764840226.0519595,0,0,-308,-38.500
1764840226.0559437,0,0,5043,630.375
1764840226.0599546,0,0,5572,696.500
1764840226.0639668,1,1,1729,216.125
1764840226.0680053,0,0,-1353,-169.125
1764840226.0719602,0,0,-434,-54.250
1764840226.075944,0,0,4910,613.750
1764840226.0799434,0,0,5567,695.875
1764840226.0839558,1,1,1755,219.375
1764840226.0879433,0,0,-1423,-177.875
1764840226.0919487,0,0,-523,-65.375
1764840226.0959468,0,0,4813,601.625
1764840226.099951,0,0,5645,705.625
1764840226.103959,1,1,1897,237.125
1764840226.1079583,0,0,-1409,-176.125
1764840226.1119666,0,0,-585,-73.125
1764840226.1159625,0,0,4743,592.875
1764840226.1199605,0,0,5780,722.500
1764840226.1239636,1,1,2123,265.375
1764840226.1279602,0,0,-1362,-170.250
1764840226.1319616,0,0,-641,-80.125
1764840226.135961,0,0,4669,583.625
1764840226.1399584,0,0,5833,729.125
1764840226.1439626,1,1,2230,278.750
1764840226.147978,0,0,-1327,-165.875
1764840226.1519623,0,0,-728,-91.000
1764840226.1559463,0,0,4532,566.500
1764840226.1599462,0,0,5870,733.750
1764840226.1639595,1,1,2342,292.750
1764840226.1679718,0,0,-1318,-164.750
1764840226.1719596,0,0,-806,-100.750
1764840226.1759455,0,0,4394,549.250
1764840226.1799443,0,0,5880,735.000
1764840226.1839583,1,1,-1303,-162.875
1764840226.1879544,0,0,-828,-103.500
1764840226.191963,0,0,4352,544.000
1764840226.1959574,0,0,5996,749.500
1764840226.1999543,0,0,2638,329.750
1764840226.2039583,1,1,-1227,-153.375
1764840226.2079544,0,0,-923,-115.375
1764840226.2119534,0,0,4155,519.375
1764840226.2159534,0,0,5960,745.000
1764840226.219956,0,0,2663,332.875
1764840226.2239604,1,1,-1213,-151.625
1764840226.2280314,0,0,-940,-117.500
1764840226.2319643,0,0,4122,515.250
1764840226.2359464,0,0,6088,761.000
1764840226.2399454,0,0,2930,366.250
1764840226.2442439,1,1,-1034,-129.250
1764840226.248172,0,0,-974,-121.750
1764840226.2519848,0,0,4289,536.125
1764840226.2559574,0,0,6340,792.500
1764840226.2599561,0,0,3431,428.875
1764840226.2639651,1,1,-681,-85.125
1764840226.2679956,0,0,-1245,-155.625
1764840226.2719574,0,0,3673,459.125
1764840226.275954,0,0,5903,737.875
1764840226.2799573,0,0,2825,353.125
1764840226.2839627,1,1,-1126,-140.750
1764840226.2879565,0,0,-1144,-143.000
1764840226.2919602,0,0,3578,447.250
1764840226.2959542,0,0,6008,751.000
1764840226.299959,0,0,3097,387.125
1764840226.3041325,1,1,-925,-115.625
1764840226.3079445,0,0,-1305,-163.125
1764840226.3119462,0,0,3520,440.000
1764840226.3159392,0,0,6120,765.000
1764840226.3199422,0,0,3403,425.375
1764840226.3239453,1,1,-689,-86.125
1764840226.327942,0,0,-1394,-174.250
1764840226.331944,0,0,3155,394.375
1764840226.335938,0,0,5932,741.500
1764840226.33994,0,0,3186,398.250
1764840226.343968,1,1,-854,-106.750
1764840226.3479693,0,0,-1389,-173.625
1764840226.3519604,0,0,3193,399.125
1764840226.3559391,0,0,6037,754.625
1764840226.3599408,0,0,3411,426.375
1764840226.3639603,1,1,-683,-85.375
1764840226.3679576,0,0,-1438,-179.750
1764840226.3719854,0,0,2883,360.375
1764840226.3759398,0,0,5979,747.375
1764840226.3799407,0,0,3478,434.750
1764840226.3839583,1,1,-624,-78.000
1764840226.3879561,0,0,-1465,-183.125
1764840226.3919625,0,0,2677,334.625
1764840226.395954,0,0,5933,741.625
1764840226.399954,0,0,3502,437.750
1764840226.4039557,1,1,-603,-75.375
1764840226.407957,0,0,-1458,-182.250
1764840226.4119484,0,0,2565,320.625
1764840226.4159398,0,0,6022,752.750
1764840226.419938,0,0,3818,477.250
1764840226.4239597,1,1,-329,-41.125
1764840226.4280322,0,0,-1524,-190.500
1764840226.4319675,0,0,2420,302.500
1764840226.4359446,0,0,6025,753.125
1764840226.4399412,0,0,3956,494.500
1764840226.4439547,1,1,-207,-25.875
1764840226.4479518,0,0,-1559,-194.875
1764840226.4519525,0,0,2285,285.625
1764840226.4559417,0,0,5997,749.625
1764840226.459941,0,0,4005,500.625
1764840226.463957,1,1,-170,-21.250
1764840226.467952,0,0,-1536,-192.000
1764840226.471999,0,0,2226,278.250
1764840226.4759579,0,0,6055,756.875
1764840226.4799533,0,0,4279,534.875
1764840226.4839568,1,1,81,10.125
1764840226.4879518,0,0,-1614,-201.750
1764840226.4919553,0,0,1860,232.500
1764840226.4959528,0,0,5880,735.000
1764840226.4999535,0,0,4088,511.000
1764840226.503955,1,1,-96,-12.000
1764840226.507951,0,0,-1537,-192.125
1764840226.5119545,0,0,1739,217.375
1764840226.5159528,0,0,5906,738.250
1764840226.5199533,0,0,4307,538.375
1764840226.5239568,1,1,120,15.000
1764840226.5279496,0,0,-1394,-174.250
1764840226.531951,0,0,1147,143.375
1764840226.535953,0,0,5657,707.125
1764840226.5399508,0,0,4119,514.875
1764840226.5439496,1,1,-23,-2.875
1764840226.5479534,0,0,-1397,-174.625
1764840226.5519617,0,0,1021,127.625
1764840226.5559638,0,0,5693,711.625
1764840226.5599608,0,0,4355,544.375
1764840226.5639539,1,1,199,24.875
1764840226.5679536,0,0,-1509,-188.625
1764840226.5719874,0,0,1324,165.500
1764840226.5759532,0,0,5946,743.250
1764840226.579956,0,0,4927,615.875
1764840226.5839472,1,1,760,95.000
1764840226.587938,0,0,-1446,-180.750
1764840226.5919516,0,0,1084,135.500
1764840226.5959527,0,0,5824,728.000
1764840226.599955,0,0,4841,605.125
1764840226.6039581,1,1,673,84.125
1764840226.6079495,0,0,-1407,-175.875
1764840226.6119504,0,0,773,96.625
1764840226.6159527,0,0,5702,712.750
1764840226.6199524,0,0,4869,608.625
1764840226.623953,1,1,722,90.250
1764840226.6332715,0,0,5624,703.000
1764840226.6359723,0,0,5624,703.000
1764840226.6399517,0,0,4925,615.625
1764840226.6439548,1,1,796,99.500
1764840226.6479383,0,0,-1373,-171.625
1764840226.6519537,0,0,380,47.500
1764840226.6559484,0,0,5468,683.500
1764840226.6599514,0,0,4760,595.000
1764840226.6639402,1,1,627,78.375
1764840226.6679397,0,0,-1436,-179.500
1764840226.6719935,0,0,259,32.375
1764840226.6759553,0,0,5453,681.625
1764840226.6799517,0,0,5056,632.000
1764840226.6839538,1,1,976,122.000
1764840226.6879542,0,0,-1432,-179.000
1764840226.691955,0,0,231,28.875
1764840226.6959515,0,0,5461,682.625
1764840226.699952,0,0,5220,652.500
1764840226.7039552,1,1,1167,145.875
1764840226.707953,0,0,-1432,-179.000
1764840226.711957,0,0,57,7.125
1764840226.7159526,0,0,5335,666.875
1764840226.7199512,0,0,5236,654.500
1764840226.7239542,1,1,1212,151.500
1764840226.7279522,0,0,-1439,-179.875
1764840226.7319522,0,0,-2,-0.250
1764840226.7359529,0,0,5309,663.625
1764840226.7399502,0,0,5414,676.750
1764840226.7439544,1,1,1446,180.750
1764840226.7479503,0,0,-1420,-177.500
1764840226.7519593,0,0,-232,-29.000
1764840226.7559652,0,0,5095,636.875
1764840226.7599514,0,0,5284,660.500
1764840226.7639444,1,1,1326,165.750
1764840226.7679355,0,0,-1458,-182.250
1764840226.771952,0,0,-285,-35.625
1764840226.7759688,0,0,5070,633.750
1764840226.7799537,0,0,5470,683.750
1764840226.7839525,1,1,1574,196.750
1764840226.787934,0,0,-1425,-178.125
1764840226.7919621,0,0,-358,-44.750
1764840226.7959535,0,0,5011,626.375
1764840226.799954,0,0,5594,699.250
1764840226.803941,1,1,1757,219.625
1764840226.8079429,0,0,-1418,-177.250
1764840226.811947,0,0,-398,-49.750
1764840226.815952,0,0,4980,622.500
1764840226.8199515,0,0,5748,718.500
1764840226.8239658,1,1,1991,248.875
1764840226.8279488,0,0,-1371,-171.375
1764840226.8320365,0,0,4875,609.375
1764840226.8359654,0,0,5736,717.000
1764840226.8399632,0,0,2004,250.500
1764840226.8439486,1,1,-1372,-171.500
1764840226.8479352,0,0,-579,-72.375
1764840226.8519485,0,0,4754,594.250
1764840226.85596,0,0,5770,721.250
1764840226.8599508,0,0,2095,261.875
1764840226.8639443,1,1,-1376,-172.000
1764840226.8679323,0,0,-591,-73.875
1764840226.8719504,0,0,4739,592.375
1764840226.875987,0,0,5967,745.875
1764840226.879952,0,0,2424,303.000
1764840226.8839555,1,1,-1230,-153.750
1764840226.8879497,0,0,-714,-89.250
1764840226.89195,0,0,4547,568.375
1764840226.895946,0,0,5940,742.500
1764840226.8999512,0,0,2456,307.000
1764840226.9039578,1,1,-1275,-159.375
1764840226.9079587,0,0,-778,-97.250
1764840226.9119484,0,0,4437,554.625
1764840226.9159324,0,0,5981,747.625
1764840226.9199374,0,0,2577,322.125
1764840226.9239526,1,1,-1225,-153.125
1764840226.927949,0,0,-941,-117.625
1764840226.9319432,0,0,4094,511.750
1764840226.9359329,0,0,5734,716.750
1764840226.939934,0,0,2291,286.375
1764840226.9439623,1,1,-1387,-173.375
1764840226.9479501,0,0,-917,-114.625
1764840226.951956,0,0,4152,519.000
1764840226.9559472,0,0,5975,746.875
1764840226.9599564,0,0,2689,336.125
1764840226.9639547,1,1,-1199,-149.875
1764840226.9679506,0,0,-975,-121.875
1764840226.97195,0,0,4041,505.125
1764840226.9759583,0,0,6026,753.250
1764840226.9799469,0,0,2841,355.125
1764840226.9839513,1,1,-1102,-137.750
1764840226.9879491,0,0,-1085,-135.625
1764840226.9919608,0,0,3903,487.875
1764840226.9959464,0,0,6040,755.000
1764840226.999947,0,0,2946,368.250
1764840227.0039537,1,1,-1029,-128.625
1764840227.0079603,0,0,-1168,-146.000
1764840227.0119495,0,0,3802,475.250
1764840227.0159485,0,0,6108,763.500
1764840227.0199456,0,0,3153,394.125
1764840227.0239604,1,1,-879,-109.875
1764840227.0279477,0,0,-1214,-151.750
1764840227.0320337,0,0,3649,456.125
1764840227.0359628,0,0,6100,762.500
1764840227.0399592,0,0,3233,404.125
1764840227.0439441,1,1,-820,-102.500
1764840227.0479321,0,0,-1316,-164.500
1764840227.0519423,0,0,3473,434.125
1764840227.0559587,0,0,6114,764.250
1764840227.0599446,0,0,3387,423.375
1764840227.0639398,1,1,-700,-87.500
1764840227.0679312,0,0,-1324,-165.500
1764840227.071951,0,0,3392,424.000
1764840227.0759487,0,0,6155,769.375
1764840227.0799491,0,0,3565,445.625
1764840227.08395,1,1,-559,-69.875
1764840227.0879447,0,0,-1427,-178.375
1764840227.091941,0,0,3205,400.625
1764840227.0959408,0,0,6108,763.500
1764840227.0999346,0,0,3597,449.625
1764840227.1039414,1,1,-536,-67.000
1764840227.1079297,0,0,-1479,-184.875
1764840227.111958,0,0,2949,368.625
1764840227.115948,0,0,6013,751.625
1764840227.1199496,0,0,3537,442.125
1764840227.1239505,1,1,-587,-73.375
1764840227.127957,0,0,-1460,-182.500
1764840227.1319463,0,0,2726,340.750
1764840227.135948,0,0,6048,756.000
1764840227.139947,0,0,3800,475.000
1764840227.1439598,1,1,-351,-43.875
1764840227.1479456,0,0,-1541,-192.625
1764840227.1519456,0,0,2621,327.625
1764840227.155947,0,0,6068,758.500
1764840227.1599572,0,0,3960,495.000
1764840227.1639526,1,1,-212,-26.500
1764840227.1679623,0,0,-1575,-196.875
1764840227.1719398,0,0,2443,305.375
1764840227.1759396,0,0,5993,749.125
1764840227.1799839,0,0,3906,488.250
1764840227.184009,1,1,-269,-33.625
1764840227.1879897,0,0,-1525,-190.625
1764840227.1919863,0,0,2354,294.250
1764840227.1959686,0,0,6033,754.125
1764840227.1999843,0,0,4136,517.000
1764840227.2039917,1,1,-60,-7.500
1764840227.2079895,0,0,-1506,-188.250
1764840227.2119803,0,0,1990,248.750
1764840227.2159662,0,0,5910,738.750
1764840227.2199726,0,0,4101,512.625
1764840227.2239895,1,1,-85,-10.625
1764840227.2279878,0,0,-1577,-197.125
1764840227.2320955,0,0,2044,255.500
1764840227.2360065,0,0,6042,755.250
1764840227.2399893,0,0,4539,567.375
1764840227.2442284,0,0,345,43.125
1764840227.2482388,0,0,-1522,-190.250
1764840227.252025,0,0,1712,214.000
1764840227.2559812,0,0,5917,739.625
1764840227.2599819,0,0,4473,559.125
1764840227.2639885,1,1,289,36.125
1764840227.2679868,0,0,-1408,-176.000
1764840227.2720032,0,0,1200,150.000
1764840227.275984,0,0,5702,712.750
1764840227.2800765,0,0,4295,536.875
1764840227.2839582,1,1,123,15.375
1764840227.2879448,0,0,-1511,-188.875
1764840227.2919445,0,0,1422,177.750
1764840227.295949,0,0,5891,736.375
1764840227.29994,0,0,4745,593.125
1764840227.303957,1,0,561,70.125
1764840227.3080752,0,0,-1482,-185.250
1764840227.3120449,0,0,1188,148.500
1764840227.3159573,0,0,5823,727.875
1764840227.3199558,0,0,4840,605.000
1764840227.323944,1,1,674,84.250
1764840227.3279417,0,0,-1406,-175.750
1764840227.3319411,0,0,938,117.250
1764840227.3359506,0,0,5717,714.625
1764840227.3399403,0,0,4810,601.250
1764840227.343942,1,1,649,81.125
1764840227.347944,0,0,-1421,-177.625
1764840227.3519511,0,0,874,109.250
1764840227.3559446,0,0,5738,717.250
1764840227.3599417,0,0,5070,633.750
1764840227.3639429,1,1,946,118.250
1764840227.3679407,0,0,-1361,-170.125
1764840227.3719456,0,0,570,71.250
1764840227.3759434,0,0,5574,696.750
1764840227.3799813,0,0,4991,623.875
1764840227.3839457,0,0,878,109.750
1764840227.3879418,0,0,-1423,-177.875
1764840227.3919446,0,0,480,60.000
1764840227.3959424,0,0,5529,691.125
1764840227.3999422,0,0,5043,630.375
1764840227.403945,1,0,941,117.625
1764840227.40794,0,0,-1376,-172.000
1764840227.4119408,0,0,293,36.625
1764840227.4159408,0,0,5410,676.250
1764840227.419945,0,0,5020,627.500
1764840227.4239426,1,1,931,116.375
1764840227.427938,0,0,-1431,-178.875
1764840227.4320292,0,0,127,15.875
1764840227.4359608,0,0,5315,664.375
1764840227.4399445,0,0,5119,639.875
1764840227.4439425,1,0,1075,134.375
1764840227.4479268,0,0,-1443,-180.375
1764840227.4519284,0,0,81,10.125
1764840227.4559276,0,0,5319,664.875
1764840227.4599288,0,0,5363,670.375
1764840227.463931,0,0,1388,173.500
1764840227.4679217,0,0,-1413,-176.625
1764840227.4719427,0,0,-51,-6.375
1764840227.4759407,0,0,5220,652.500
1764840227.4799423,0,0,5404,675.500
1764840227.4839807,1,0,1461,182.625
1764840227.4879377,0,0,-1411,-176.375
1764840227.4919395,0,0,-141,-17.625
1764840227.4959364,0,0,5493,686.625
1764840227.4999409,0,0,1596,199.500
1764840227.503943,1,1,-1414,-176.750
1764840227.5079398,0,0,-349,-43.625
1764840227.5119395,0,0,4938,617.250
1764840227.5159366,0,0,5302,662.750
1764840227.5199404,0,0,1384,173.000
1764840227.5239434,0,0,-1460,-182.500
1764840227.527939,0,0,-315,-39.375
1764840227.5319386,0,0,5009,626.125
1764840227.535937,0,0,5636,704.500
1764840227.5399373,0,0,1829,228.625
1764840227.5439396,1,0,-1402,-175.250
1764840227.5479422,0,0,-439,-54.875
1764840227.5519397,0,0,4877,609.625
1764840227.5559251,0,0,5629,703.625
1764840227.5599403,0,0,1857,232.125
1764840227.5639393,0,0,-1386,-173.250
1764840227.567942,0,0,-469,-58.625
1764840227.5719457,0,0,4854,606.750
1764840227.5759513,0,0,5819,727.375
1764840227.5799434,0,0,2157,269.625
1764840227.5839489,0,0,-1358,-169.750
1764840227.5879278,0,0,-508,-63.500
1764840227.5919406,0,0,4803,600.375
1764840227.5959413,0,0,5968,746.000
1764840227.599941,0,0,2431,303.875
1764840227.6039317,1,1,-1230,-153.750
1764840227.6079261,0,0,-623,-77.875
1764840227.6119316,0,0,4641,580.125
1764840227.6159246,0,0,5911,738.875
1764840227.6199234,0,0,2399,299.875
1764840227.6240156,0,0,-1335,-166.875
1764840227.6279488,0,0,-502,-62.750
1764840227.637337,0,0,6298,787.250
1764840227.639971,0,0,3098,387.250
1764840227.6439457,0,0,-954,-119.250
1764840227.647927,0,0,-808,-101.000
1764840227.6519406,0,0,4335,541.875
1764840227.65594,0,0,5854,731.750
1764840227.65994,0,0,2455,306.875
1764840227.6639314,0,0,-1303,-162.875
1764840227.667921,0,0,-908,-113.500
1764840227.6719441,0,0,4093,511.625
1764840227.6759417,0,0,5790,723.750
1764840227.6799433,0,0,2439,304.875
1764840227.6839838,0,0,-1340,-167.500
1764840227.687937,0,0,-877,-109.625
1764840227.6919425,0,0,4162,520.250
1764840227.6959414,0,0,6056,757.000
1764840227.6999414,0,0,2931,366.375
1764840227.7039406,0,0,-1071,-133.875
1764840227.7079387,0,0,-983,-122.875
1764840227.711941,0,0,3950,493.750
1764840227.7159395,0,0,5944,743.000
1764840227.7199392,0,0,2807,350.875
1764840227.7239475,0,0,-1154,-144.250
1764840227.7279444,0,0,-1045,-130.625
1764840227.7319336,0,0,3850,481.250
1764840227.735926,0,0,6053,756.625
1764840227.7399242,0,0,3102,387.750
1764840227.7439423,0,0,-944,-118.000
1764840227.7479384,0,0,-1159,-144.875
1764840227.7519355,0,0,3750,468.750
1764840227.755924,0,0,6110,763.750
1764840227.759925,0,0,3305,413.125
1764840227.7639425,0,0,-788,-98.500
1764840227.767936,0,0,-1296,-162.000
1764840227.7719386,0,0,3540,442.500
1764840227.7759356,0,0,5991,748.875
1764840227.7799392,0,0,3158,394.750
1764840227.7839565,0,0,-905,-113.125
1764840227.7879362,0,0,-1246,-155.750
1764840227.7919421,0,0,3334,416.750
1764840227.7959373,0,0,5959,744.875
1764840227.7999382,0,0,3213,401.625
1764840227.8039293,0,0,-860,-107.500
1764840227.8079221,0,0,-1331,-166.375
1764840227.811934,0,0,3264,408.000
1764840227.8159342,0,0,6064,758.000
1764840227.8199363,0,0,3531,441.375
1764840227.8239286,0,0,-603,-75.375
1764840227.8279238,0,0,-1446,-180.750
1764840227.831933,0,0,2778,347.250
1764840227.8360133,0,0,5784,723.000
1764840227.8399477,0,0,3150,393.750
1764840227.8439367,0,0,-902,-112.750
1764840227.847924,0,0,-1396,-174.500
1764840227.851933,0,0,2834,354.250
1764840227.8559358,0,0,5950,743.750
1764840227.8599365,0,0,3513,439.125
1764840227.8639305,0,0,-616,-77.000
1764840227.8679218,0,0,-1468,-183.500
1764840227.8719394,0,0,2791,348.875
1764840227.8759353,0,0,6072,759.000
1764840227.8799345,0,0,3895,486.875
1764840227.8839393,0,0,-286,-35.750
1764840227.8879797,0,0,-1542,-192.750
1764840227.891943,0,0,2609,326.125
1764840227.8959353,0,0,6038,754.750
1764840227.8999355,0,1,3976,497.000
1764840227.9039354,0,0,-216,-27.000
1764840227.9079366,0,0,-1560,-195.000
1764840227.9119437,0,0,2383,297.875
1764840227.9159367,0,0,5985,748.125
1764840227.919935,0,1,4028,503.500
1764840227.923933,0,0,-164,-20.500
1764840227.927933,0,0,-1586,-198.250
1764840227.931943,0,0,2208,276.000
1764840227.9359376,0,0,5918,739.750
1764840227.939935,0,1,4000,500.000
1764840227.9439373,0,0,-200,-25.000
1764840227.947937,0,0,-1526,-190.750
1764840227.9519432,0,0,1956,244.500
1764840227.9559376,0,0,5885,735.625
1764840227.9599361,1,1,4127,515.875
1764840227.9639335,0,0,-55,-6.875
1764840227.9679332,0,0,-1358,-169.750
1764840227.971943,0,0,890,111.250
1764840227.9759352,0,0,5306,663.250
1764840227.979936,1,1,3513,439.125
1764840227.9839365,0,0,-548,-68.500
1764840227.987965,0,0,-1488,-186.000
1764840227.991939,0,0,1787,223.375
1764840227.9959424,0,0,6003,750.375
1764840227.9999447,1,1,4610,576.250
1764840228.0039234,0,0,408,51.000
1764840228.0079186,0,0,-1585,-198.125
1764840228.0119338,0,0,1596,199.500
1764840228.015938,0,0,5936,742.000
1764840228.019937,1,1,4652,581.500
1764840228.0239255,0,0,452,56.500
1764840228.027917,0,0,-1532,-191.500
1764840228.0319319,0,0,1340,167.500
1764840228.0360153,0,0,5848,731.000
1764840228.0399468,1,1,4689,586.125
1764840228.0439262,0,0,499,62.375
1764840228.0479176,0,0,-1515,-189.375
1764840228.051929,0,0,1254,156.750
1764840228.0559344,0,0,5835,729.375
1764840228.0599344,1,1,4822,602.750
1764840228.0639293,0,0,638,79.750
1764840228.0679157,0,0,-1421,-177.625
1764840228.071934,0,0,907,113.375
1764840228.0759337,0,0,5682,710.250
1764840228.079936,1,1,4741,592.625
1764840228.0839353,0,0,564,70.500
1764840228.0879707,0,0,-1438,-179.750
1764840228.0919409,0,0,853,106.625
1764840228.0959332,0,0,5710,713.750
1764840228.0999444,1,1,5017,627.125
1764840228.1039414,0,0,878,109.750
1764840228.1079373,0,0,-1440,-180.000
1764840228.111928,0,0,710,88.750
1764840228.1159172,0,0,5651,706.375
1764840228.119918,1,1,5106,638.250
1764840228.123935,0,0,991,123.875
1764840228.1279185,0,0,-1420,-177.500
1764840228.1319187,0,0,456,57.000
1764840228.1359162,0,0,5495,686.875
1764840228.1399162,1,1,5022,627.750
1764840228.1439369,0,0,916,114.500
1764840228.1479354,0,0,-1444,-180.500
1764840228.1519375,0,0,5353,669.125
1764840228.1559327,0,0,4992,624.000
1764840228.1599317,1,1,906,113.250
1764840228.1639318,0,0,-1462,-182.750
1764840228.1679318,0,0,74,9.250
1764840228.1719306,0,0,5238,654.750
1764840228.175915,0,0,4958,619.750
1764840228.179924,1,1,884,110.500
1764840228.1839368,0,0,-1486,-185.750
1764840228.1879334,0,0,126,15.750
1764840228.1919742,0,0,5336,667.000
1764840228.1959326,0,0,5398,674.750
1764840228.1999338,1,1,1423,177.875
1764840228.203931,0,0,-1434,-179.250
1764840228.207933,0,0,-12,-1.500
1764840228.2119381,0,0,5226,653.250
1764840228.2159338,0,0,5384,673.000
1764840228.2199287,1,1,1426,178.250
1764840228.2239325,0,0,-1407,-175.875
1764840228.2279317,0,0,-132,-16.500
1764840228.2319336,0,0,5128,641.000
1764840228.2360158,0,0,5441,680.125
1764840228.2399433,1,1,1527,190.875
1764840228.2442029,0,0,-1450,-181.250
1764840228.248153,0,0,-93,-11.625
1764840228.2519598,0,0,5180,647.500
1764840228.25592,0,0,5801,725.125
1764840228.2599173,1,1,2050,256.250
1764840228.2639394,0,0,-1352,-169.000
1764840228.2679274,0,0,-289,-36.125
1764840228.271933,0,0,4977,622.125
1764840228.2759287,0,0,5579,697.375
1764840228.2799277,1,1,1769,221.125
1764840228.283931,0,0,-1426,-178.250
1764840228.2879279,0,0,-371,-46.375
1764840228.291977,0,0,4888,611.000
1764840228.295931,0,0,5675,709.375
1764840228.299931,1,1,1947,243.375
1764840228.3039167,0,0,-1418,-177.250
1764840228.3079152,0,0,-483,-60.375
1764840228.311932,0,0,4762,595.250
1764840228.315938,0,0,5682,710.250
1764840228.319939,1,1,2002,250.250
1764840228.323918,0,0,-1407,-175.875
1764840228.3279145,0,0,-618,-77.250
1764840228.3319306,0,0,4582,572.750
1764840228.335932,0,0,5559,694.875
1764840228.3399317,1,1,1862,232.750
1764840228.3439236,0,0,-1463,-182.875
1764840228.3479145,0,0,-622,-77.750
1764840228.3519325,0,0,4591,573.875
1764840228.3559334,0,0,5860,732.500
1764840228.3599324,1,1,2361,295.125
1764840228.363931,0,0,-1333,-166.625
1764840228.3679266,0,0,-758,-94.750
1764840228.3719323,0,0,4379,547.375
1764840228.3759305,0,0,5762,720.250
1764840228.3799322,1,1,2276,284.500
1764840228.3839343,0,0,-1377,-172.125
1764840228.3879282,0,0,-796,-99.500
1764840228.391932,0,0,4313,539.125
1764840228.3959284,0,0,5833,729.125
1764840228.3999317,1,1,2433,304.125
1764840228.4039319,0,0,-1350,-168.750
1764840228.4079318,0,0,-826,-103.250
1764840228.4119325,0,0,4247,530.875
1764840228.4159265,0,0,5970,746.250
1764840228.4199324,1,1,2727,340.875
1764840228.4239342,0,0,-1215,-151.875
1764840228.4279304,0,0,-940,-117.500
1764840228.4319265,0,0,4020,502.500
1764840228.4360113,0,0,5852,731.500
1764840228.4399428,1,1,2604,325.500
1764840228.4439223,0,0,-1284,-160.500
1764840228.447916,0,0,-970,-121.250
1764840228.4519293,0,0,3948,493.500
1764840228.4559262,0,0,5933,741.625
1764840228.459929,1,1,2805,350.625
1764840228.4639227,0,0,-1165,-145.625
1764840228.467915,0,0,-1079,-134.875
1764840228.47193,0,0,3742,467.750
1764840228.475928,0,0,5912,739.000
1764840228.4799259,1,1,2871,358.875
1764840228.483929,0,0,-1116,-139.500
1764840228.4879272,0,0,-1113,-139.125
1764840228.491962,0,0,3619,452.375
1764840228.495912,0,0,5957,744.625
1764840228.499911,1,1,3040,380.000
1764840228.5039263,0,0,-998,-124.750
1764840228.5079293,0,0,-1260,-157.500
1764840228.5119328,0,0,3480,435.000
1764840228.5159216,0,0,5957,744.625
1764840228.5199232,1,1,3126,390.750
1764840228.523927,0,0,-933,-116.625
1764840228.5279336,0,0,-1246,-155.750
1764840228.5319266,0,0,3480,435.000
1764840228.5359142,0,0,6104,763.000
1764840228.539908,1,1,3509,438.625
1764840228.5439224,0,0,-632,-79.000
1764840228.5479982,0,0,-1465,-183.125
1764840228.551927,0,0,3189,398.625
1764840228.5559106,0,0,5957,744.625
1764840228.559925,1,1,3341,417.625
1764840228.563928,0,0,-775,-96.875
1764840228.5679266,0,0,-1389,-173.625
1764840228.571934,0,0,3131,391.375
1764840228.5759258,0,0,6058,757.250
1764840228.5799274,1,1,3667,458.375
1764840228.5839252,0,0,-502,-62.750
1764840228.5879245,0,0,-1561,-195.125
1764840228.5919292,0,0,2884,360.500
1764840228.5959444,0,0,5942,742.750
1764840228.5999286,1,1,3551,443.875
1764840228.603927,0,0,-608,-76.000
1764840228.6079254,0,0,-1494,-186.750
1764840228.6119328,0,0,2794,349.250
1764840228.6159265,0,0,5980,747.500
1764840228.619928,1,1,3739,467.375
1764840228.623918,0,0,-447,-55.875
1764840228.627908,0,0,-1546,-193.250
1764840228.6319242,0,0,2644,330.500
1764840228.641177,1,1,-239,-29.875
1764840228.6439517,0,0,-239,-29.875
1764840228.647928,0,0,-1476,-184.500
1764840228.651926,0,0,2022,252.750
1764840228.6559103,0,0,5713,714.125
1764840228.659912,1,1,3609,451.125
1764840228.6639311,0,0,-539,-67.375
1764840228.6679263,0,0,-1479,-184.875
1764840228.6719236,0,0,2065,258.125
1764840228.6759124,0,0,5856,732.000
1764840228.679912,1,1,3985,498.125
1764840228.6839335,0,0,-213,-26.625
1764840228.6879272,0,0,-1571,-196.375
1764840228.6919274,0,0,2189,273.625
1764840228.6959608,0,0,5985,748.125
1764840228.6999276,1,1,4338,542.250
1764840228.7039301,0,0,114,14.250
1764840228.7079232,0,0,-1569,-196.125
1764840228.7119298,0,0,1908,238.500
1764840228.7159245,0,0,5900,737.500
1764840228.7199254,1,1,4368,546.000
1764840228.7239265,0,0,149,18.625
1764840228.727925,0,0,-1560,-195.000
1764840228.7319262,0,0,1752,219.000
1764840228.7359226,0,0,5878,734.750
1764840228.7399282,1,1,4520,565.000
1764840228.7439294,0,0,308,38.500
1764840228.7479239,0,0,-1570,-196.250
1764840228.7519283,0,0,1514,189.250
1764840228.7559242,0,0,5796,724.500
1764840228.7599232,1,1,4531,566.375
1764840228.7639248,0,0,324,40.500
1764840228.767926,0,0,-1498,-187.250
1764840228.7719305,0,0,1164,145.500
1764840228.775923,0,0,5655,706.875
1764840228.779921,1,1,4443,555.375
1764840228.7839272,0,0,242,30.250
1764840228.7879255,0,0,-1477,-184.625
1764840228.7919314,0,0,1198,149.750
1764840228.7959213,0,0,5752,719.000
1764840228.799921,1,1,4840,605.000
1764840228.803912,0,0,668,83.500
1764840228.8079102,0,0,789,98.625
1764840228.8119214,0,0,5551,693.875
1764840228.8159304,0,0,4624,578.000
1764840228.8199272,1,1,450,56.250
1764840228.823919,0,0,-1432,-179.000
1764840228.8279114,0,0,705,88.125
1764840228.8319244,0,0,5569,696.125
1764840228.835923,0,0,4877,609.625
1764840228.8399947,1,1,736,92.000
1764840228.843921,0,0,-1426,-178.250
1764840228.84791,0,0,537,67.125
1764840228.851926,0,0,5483,685.375
1764840228.8559248,0,0,4882,610.250
1764840228.8599193,1,1,753,94.125
1764840228.8639145,0,0,-1425,-178.125
1764840228.8679078,0,0,217,27.125
1764840228.871928,0,0,5279,659.875
1764840228.8759284,0,0,4772,596.500
1764840228.8799229,1,1,662,82.750
1764840228.8839219,0,0,-1459,-182.375
1764840228.8879225,0,0,299,37.375
1764840228.891931,0,0,5397,674.625
1764840228.8959243,0,0,5130,641.250
1764840228.8999245,1,1,1065,133.125
1764840228.9039252,0,0,-1460,-182.500
1764840228.9079204,0,0,215,26.875
1764840228.9119303,0,0,5351,668.875
1764840228.915925,0,0,5226,653.250
1764840228.9199233,1,1,1191,148.875
1764840228.9239287,0,0,-1418,-177.250
1764840228.9279253,0,0,66,8.250
1764840228.9319246,0,0,5243,655.375
1764840228.93591,0,0,5250,656.250
1764840228.9399111,1,1,1245,155.625
1764840228.9439278,0,0,-1479,-184.875
1764840228.947923,0,0,-1,-0.125
1764840228.9519186,0,0,5206,650.750
1764840228.9559073,0,0,5434,679.250
1764840228.959907,1,1,1505,188.125
1764840228.9639273,0,0,-1424,-178.000
1764840228.9679213,0,0,-166,-20.750
1764840228.971925,0,0,5056,632.000
1764840228.9759243,0,0,5321,665.125
1764840228.9799206,1,1,1380,172.500
1764840228.983927,0,0,-1461,-182.625
1764840228.98792,0,0,-270,-33.750
1764840228.9919245,0,0,4968,621.000
1764840228.9959195,0,0,5412,676.500
1764840229.000028,1,1,1532,191.500
1764840229.0039654,0,0,-1496,-187.000
1764840229.0079648,0,0,-301,-37.625
1764840229.0119743,0,0,4957,619.625
1764840229.015963,0,0,5651,706.375
1764840229.0199645,1,1,1886,235.750
1764840229.0239685,0,0,-1435,-179.375
1764840229.0279663,0,0,-351,-43.875
1764840229.031966,0,0,4904,613.000
1764840229.035959,0,0,5742,717.750
1764840229.0400453,1,1,2049,256.125
1764840229.0439725,0,0,-1415,-176.875
1764840229.0479498,0,0,-539,-67.375
1764840229.051965,0,0,4674,584.250
1764840229.0559568,0,0,5543,692.875
1764840229.0599582,1,1,1813,226.625
1764840229.063958,0,0,-1471,-183.875
1764840229.0679476,0,0,-543,-67.875
1764840229.0719666,0,0,4677,584.625
1764840229.0759652,0,0,5837,729.625
1764840229.0799632,1,1,2298,287.250
1764840229.0839665,0,0,-1353,-169.125
1764840229.0879648,0,0,-642,-80.250
1764840229.0919702,0,0,4539,567.375
1764840229.0959604,0,0,5799,724.875
1764840229.1000495,1,1,2288,286.000
1764840229.1039264,0,0,-1351,-168.875
1764840229.1079223,0,0,-705,-88.125
1764840229.1119273,0,0,4438,554.750
1764840229.115918,0,0,5859,732.375
1764840229.1199193,1,1,2440,305.000
1764840229.1239188,0,0,-1340,-167.500
1764840229.127921,0,0,-761,-95.125
1764840229.1319182,0,0,4343,542.875
1764840229.1359072,0,0,5944,743.000
1764840229.1399045,1,1,2658,332.250
1764840229.1439152,0,0,-1246,-155.750
1764840229.1479075,0,0,-824,-103.000
1764840229.1519222,0,0,4225,528.125
1764840229.1559227,0,0,5972,746.500
1764840229.1599176,1,1,2784,348.000
1764840229.1639163,0,0,-1190,-148.750
1764840229.167916,0,0,-947,-118.375
1764840229.1719234,0,0,3981,497.625
1764840229.175919,0,0,5808,726.000
1764840229.179917,1,1,2575,321.875
1764840229.1839209,0,0,-1312,-164.000
1764840229.1879191,0,0,-1006,-125.750
1764840229.1919236,0,0,3868,483.500
1764840229.195919,0,0,5896,737.000
1764840229.1999319,1,1,2814,351.750
1764840229.20392,0,0,-1171,-146.375
1764840229.2079186,0,0,-1093,-136.625
1764840229.2119234,0,0,3664,458.000
1764840229.2159188,0,0,5851,731.375
1764840229.2199202,1,1,2822,352.750
1764840229.2239199,0,0,-1165,-145.625
1764840229.227925,0,0,-1134,-141.750
1764840229.2319176,0,0,3658,457.250
1764840229.235905,0,0,6007,750.875
1764840229.2399905,1,1,3184,398.000
1764840229.244195,0,0,-900,-112.500
1764840229.248142,0,0,-1203,-150.375
1764840229.2519495,0,0,3699,462.375
1764840229.2559173,0,0,6182,772.750
1764840229.2599165,1,1,3650,456.250
1764840229.2639213,0,0,-526,-65.750
1764840229.2679138,0,0,-1380,-172.500
1764840229.2719173,0,0,3282,410.250
1764840229.2759156,0,0,5895,736.875
1764840229.2799163,1,1,3196,399.500
1764840229.283915,0,0,-904,-113.000
1764840229.2879016,0,0,-1341,-167.625
1764840229.291903,0,0,3116,389.500
1764840229.2959015,0,0,5906,738.250
1764840229.299905,1,1,3338,417.250
1764840229.3039021,0,0,-793,-99.125
1764840229.307904,0,0,-1393,-174.125
1764840229.3119304,0,0,3130,391.250
1764840229.315918,0,0,6032,754.000
1764840229.3199153,1,1,3701,462.625
1764840229.3239143,0,0,-484,-60.500
1764840229.3279128,0,0,-1474,-184.250
1764840229.331919,0,0,2587,323.375
1764840229.3359156,0,0,5749,718.625
1764840229.3399189,1,1,3312,414.000
1764840229.3439107,0,0,-794,-99.250
1764840229.347903,0,0,-1310,-163.750
1764840229.3519177,0,0,2058,257.250
1764840229.355917,0,0,5587,698.375
1764840229.3599179,1,1,3243,405.375
1764840229.3639183,0,0,-836,-104.500
1764840229.367917,0,0,-1420,-177.500
1764840229.3719244,0,0,2562,320.250
1764840229.375915,0,0,6005,750.625
1764840229.3799179,1,1,3990,498.750
1764840229.383922,0,0,-214,-26.750
1764840229.3879175,0,0,-1598,-199.750
1764840229.3919246,0,0,2401,300.125
1764840229.395917,0,0,5988,748.500
1764840229.3999176,1,1,4124,515.500
1764840229.4040215,0,0,-90,-11.250
1764840229.4079626,0,0,-1623,-202.875
1764840229.4119678,0,0,2240,280.000
1764840229.4159586,0,0,5943,742.875
1764840229.41996,1,1,4166,520.750
1764840229.4239633,0,0,-53,-6.625
1764840229.4279592,0,0,-1590,-198.750
1764840229.4319668,0,0,2078,259.750
1764840229.4359615,0,0,5949,743.625
1764840229.4400384,1,1,4405,550.625
1764840229.4439628,0,0,187,23.375
1764840229.4479442,0,0,-1620,-202.500
1764840229.451964,0,0,1973,246.625
1764840229.4559622,0,0,5914,739.250
1764840229.4599593,1,1,226,28.250
1764840229.463949,0,0,-1536,-192.000
1764840229.4679456,0,0,1529,191.125
1764840229.4719632,0,0,5743,717.875
1764840229.475961,0,0,4336,542.000
1764840229.4799557,1,1,123,15.375
1764840229.4839585,0,0,-1497,-187.125
1764840229.4879563,0,0,1409,176.125
1764840229.4919622,0,0,5762,720.250
1764840229.4959595,0,0,4586,573.250
1764840229.4999616,1,1,388,48.500
1764840229.5040452,0,0,-1507,-188.375
1764840229.5079181,0,0,1232,154.000
1764840229.5119224,0,0,5704,713.000
1764840229.5159152,0,0,4611,576.375
1764840229.5199153,1,1,417,52.125
1764840229.5239203,0,0,-1466,-183.250
1764840229.5279233,0,0,1054,131.750
1764840229.5319152,0,0,5661,707.625
1764840229.535901,0,0,4719,589.875
1764840229.5398998,1,1,540,67.500
1764840229.5439117,0,0,-1436,-179.500
1764840229.5479343,0,0,874,109.250
1764840229.5519137,0,0,5617,702.125
1764840229.5559013,0,0,4852,606.500
1764840229.5599122,1,1,700,87.500
1764840229.5639207,0,0,-1424,-178.000
1764840229.5679152,0,0,657,82.125
1764840229.57192,0,0,5520,690.000
1764840229.5759156,0,0,4838,604.750
1764840229.5799162,1,1,692,86.500
1764840229.5839188,0,0,-1423,-177.875
1764840229.587913,0,0,553,69.125
1764840229.59192,0,0,5504,688.000
1764840229.5959117,0,0,5067,633.375
1764840229.599915,1,1,971,121.375
1764840229.6039503,0,0,-1444,-180.500
1764840229.6079137,0,0,425,53.125
1764840229.6119177,0,0,5426,678.250
1764840229.6159122,0,0,5068,633.500
1764840229.6199164,1,1,982,122.750
1764840229.6239178,0,0,-1459,-182.375
1764840229.6279142,0,0,332,41.500
1764840229.6319182,0,0,5378,672.250
1764840229.6359127,0,0,5175,646.875
1764840229.6452115,0,0,-1450,-181.250
1764840229.64792,0,0,408,51.000
1764840229.6519077,0,0,5442,680.250
1764840229.6559446,0,0,5442,680.250
1764840229.6599205,1,1,1469,183.625
1764840229.6639185,0,0,-1444,-180.500
1764840229.667916,0,0,118,14.750
1764840229.6719143,0,0,5223,652.875
1764840229.675898,0,0,5312,664.000
1764840229.6798973,1,1,1343,167.875
1764840229.6839168,0,0,-1462,-182.750
1764840229.687914,0,0,72,9.000
1764840229.691917,0,0,5195,649.375
1764840229.6959102,0,0,5530,691.250
1764840229.6999118,1,1,1668,208.500
1764840229.7039168,0,0,-1422,-177.750
1764840229.7079515,0,0,-180,-22.500
1764840229.7119212,0,0,4965,620.625
1764840229.7159123,0,0,5281,660.125
1764840229.7199101,1,1,1366,170.750
1764840229.7239149,0,0,-1495,-186.875
1764840229.7279212,0,0,-155,-19.375
1764840229.7319133,0,0,5009,626.125
1764840229.7358987,0,0,5627,703.375
1764840229.7398932,1,1,1872,234.000
1764840229.743914,0,0,-1423,-177.875
1764840229.747914,0,0,-333,-41.625
1764840229.7519095,0,0,4831,603.875
1764840229.7558954,0,0,5512,689.000
1764840229.7598934,1,1,1748,218.500
1764840229.7639122,0,0,-1467,-183.375
1764840229.7679129,0,0,-417,-52.125
1764840229.771917,0,0,4745,593.125
1764840229.775914,0,0,5570,696.250
1764840229.77991,1,1,1864,233.000
1764840229.7839148,0,0,-1422,-177.750
1764840229.7879088,0,0,-573,-71.625
1764840229.7919197,0,0,4559,569.875
1764840229.7959132,0,0,5471,683.875
1764840229.7999156,1,1,1764,220.500
1764840229.8039002,0,0,-1471,-183.875
1764840229.8078966,0,0,-566,-70.750
1764840229.8119125,0,0,4583,572.875
1764840229.815912,0,0,5754,719.250
1764840229.8199134,1,1,2226,278.250
1764840229.8239138,0,0,-1403,-175.375
1764840229.8279092,0,0,-605,-75.625
1764840229.831918,0,0,4530,566.250
1764840229.8359122,0,0,5864,733.000
1764840229.839911,1,1,2457,307.125
1764840229.8439965,0,0,-1285,-160.625
1764840229.847923,0,0,-702,-87.750
1764840229.8519118,0,0,4388,548.500
1764840229.855897,0,0,5817,727.125
1764840229.8598983,1,1,2436,304.500
1764840229.863915,0,0,-1315,-164.375
1764840229.86791,0,0,-816,-102.000
1764840229.8719091,0,0,4185,523.125
1764840229.8758972,0,0,5758,719.750
1764840229.8798969,1,1,2416,302.000
1764840229.8839166,0,0,-1365,-170.625
1764840229.8879094,0,0,-911,-113.875
1764840229.8919086,0,0,3992,499.000
1764840229.8959093,0,0,5698,712.250
1764840229.8999119,1,1,2384,298.000
1764840229.903915,0,0,-1428,-178.500
1764840229.907907,0,0,-929,-116.125
1764840229.9119127,0,0,3966,495.750
1764840229.9159112,0,0,5834,729.250
1764840229.9199095,1,1,2662,332.750
1764840229.9239087,0,0,-1273,-159.125
1764840229.9279094,0,0,-1045,-130.625
1764840229.9319122,0,0,3766,470.750
1764840229.9359112,0,0,5782,722.750
1764840229.9399168,1,1,2650,331.250
1764840229.9439042,0,0,-1287,-160.875
1764840229.947895,0,0,-1084,-135.500
1764840229.951912,0,0,3670,458.750
1764840229.9559083,0,0,5891,736.375
1764840229.959908,1,1,2935,366.875
1764840229.9638965,0,0,-1097,-137.125
1764840229.9678943,0,0,-1120,-140.000
1764840229.9719095,0,0,3592,449.000
1764840229.9759092,0,0,5972,746.500
1764840229.9799073,1,1,3174,396.750
1764840229.9839137,0,0,-918,-114.750
1764840229.9879105,0,0,-1260,-157.500
1764840229.9919157,0,0,3510,438.750
1764840229.9959078,0,0,5991,748.875
1764840229.9999075,1,1,3296,412.000
1764840230.003912,0,0,-830,-103.750
1764840230.0079224,0,0,-1359,-169.875
1764840230.0119174,0,0,3348,418.500
1764840230.015909,0,0,5968,746.000
1764840230.0199084,1,1,3367,420.875
1764840230.0239108,0,0,-778,-97.250
1764840230.027909,0,0,-1327,-165.875
1764840230.031914,0,0,3259,407.375
1764840230.0359106,0,0,6041,755.125
1764840230.0399091,1,1,3666,458.250
1764840230.0440078,0,0,-516,-64.500
1764840230.0479262,0,0,-1405,-175.625
1764840230.0519097,0,0,2749,343.625
1764840230.0558946,0,0,5810,726.250
1764840230.0599022,1,1,3386,423.250
1764840230.0639105,0,0,-746,-93.250
1764840230.0679111,0,0,-1409,-176.125
1764840230.0719087,0,0,2550,318.750
1764840230.0758946,0,0,5770,721.250
1764840230.0798924,1,1,3398,424.750
1764840230.0839112,0,0,-741,-92.625
1764840230.0879073,0,0,-1434,-179.250
1764840230.091913,0,0,2872,359.000
1764840230.0959072,0,0,6110,763.750
1764840230.099911,1,1,4217,527.125
1764840230.1039102,0,0,-8,-1.000
1764840230.1079059,0,0,-1602,-200.250
1764840230.111947,0,0,6020,752.500
1764840230.1159098,0,0,6020,752.500
1764840230.1199093,1,1,-74,-9.250
1764840230.123907,0,0,-1601,-200.125
1764840230.1279035,0,0,2321,290.125
1764840230.131912,0,0,5864,733.000
1764840230.1359076,0,0,3991,498.875
1764840230.1399074,1,1,-233,-29.125
1764840230.143908,0,0,-1557,-194.625
1764840230.147909,0,0,2084,260.500
1764840230.1519122,0,0,5809,726.125
1764840230.1558933,0,0,4049,506.125
1764840230.1598923,1,1,-174,-21.750
1764840230.1639078,0,0,-1519,-189.875
1764840230.1678889,0,0,2060,257.500
1764840230.1718917,0,0,5898,737.250
1764840230.1758933,0,0,4453,556.625
1764840230.1798918,1,1,233,29.125
1764840230.1839108,0,0,-1568,-196.000
1764840230.187906,0,0,1753,219.125
1764840230.1919093,0,0,5764,720.500
1764840230.1959083,0,0,4309,538.625
1764840230.199909,1,1,85,10.625
1764840230.2039087,0,0,-1536,-192.000
1764840230.2079055,0,0,1521,190.125
1764840230.2119443,0,0,5703,712.875
1764840230.2159054,0,0,4359,544.875
1764840230.2199078,1,1,140,17.500
1764840230.2239125,0,0,-1481,-185.125
1764840230.2279072,0,0,1457,182.125
1764840230.2319088,0,0,5742,717.750
1764840230.2359045,0,0,4635,579.375
1764840230.2399077,1,1,438,54.750
1764840230.2442079,0,0,-1519,-189.875
1764840230.2481303,0,0,1301,162.625
1764840230.251936,0,0,5697,712.125
1764840230.2559042,0,0,4715,589.375
1764840230.259905,1,1,528,66.000
1764840230.2639153,0,0,-1444,-180.500
1764840230.2679062,0,0,948,118.500
1764840230.271904,0,0,5556,694.500
1764840230.275902,0,0,4630,578.750
1764840230.2798994,1,1,448,56.000
1764840230.283916,0,0,-1405,-175.625
1764840230.287907,0,0,715,89.375
1764840230.2919104,0,0,5480,685.000
1764840230.2959015,0,0,4684,585.500
1764840230.2999046,1,1,518,64.750
1764840230.3040853,0,0,-1430,-178.750
1764840230.3078938,0,0,674,84.250
1764840230.3119273,0,0,5504,688.000
1764840230.3158894,0,0,4912,614.000
1764840230.3198888,1,1,780,97.500
1764840230.3238895,0,0,-1435,-179.375
1764840230.3278887,0,0,543,67.875
1764840230.3318932,0,0,5454,681.750
1764840230.3358884,0,0,5039,629.875
1764840230.3398886,1,1,944,118.000
1764840230.343905,0,0,-1446,-180.750
1764840230.3479173,0,0,389,48.625
1764840230.3519087,0,0,5356,669.500
1764840230.3558903,0,0,4994,624.250
1764840230.3598893,1,1,900,112.500
1764840230.3639054,0,0,-1456,-182.000
1764840230.3679066,0,0,364,45.500
1764840230.371903,0,0,5375,671.875
1764840230.3758907,0,0,5327,665.875
1764840230.3798866,1,1,1337,167.125
1764840230.3839042,0,0,-1414,-176.750
1764840230.3879006,0,0,258,32.250
1764840230.391907,0,0,5303,662.875
1764840230.3959014,0,0,5378,672.250
1764840230.3999026,1,1,1424,178.000
1764840230.4039035,0,0,-1398,-174.750
1764840230.4079003,0,0,31,3.875
1764840230.4119034,0,0,5117,639.625
1764840230.41594,0,0,5190,648.750
1764840230.4199047,1,1,1201,150.125
1764840230.4239032,0,0,-1515,-189.375
1764840230.4278965,0,0,-59,-7.375
1764840230.4319057,0,0,5059,632.375
1764840230.435904,0,0,5335,666.875
1764840230.4399016,1,1,1421,177.625
1764840230.443997,0,0,-1479,-184.875
1764840230.4479146,0,0,-46,-5.750
1764840230.4519022,0,0,5084,635.500
1764840230.4558895,0,0,5604,700.500
1764840230.4598882,1,1,1820,227.500
1764840230.463907,0,0,-1370,-171.250
1764840230.467902,0,0,-262,-32.750
1764840230.4718978,0,0,4878,609.750
1764840230.4758842,0,0,5466,683.250
1764840230.4798865,1,1,1669,208.625
1764840230.4839091,0,0,-1468,-183.500
1764840230.4879007,0,0,-339,-42.375
1764840230.4919052,0,0,4806,600.750
1764840230.4959025,0,0,5543,692.875
1764840230.4999027,1,1,1809,226.125
1764840230.5039165,0,0,-1454,-181.750
1764840230.507899,0,0,-504,-63.000
1764840230.511903,0,0,4620,577.500
1764840230.5159156,0,0,5361,670.125
1764840230.5199027,1,1,1579,197.375
1764840230.5239031,0,0,-1473,-184.125
1764840230.5279014,0,0,-458,-57.250
1764840230.531904,0,0,4695,586.875
1764840230.5358994,0,0,5801,725.125
1764840230.5399015,1,1,2280,285.000
1764840230.5439065,0,0,-1353,-169.125
1764840230.5479932,0,0,-602,-75.250
1764840230.5519042,0,0,4512,564.000
1764840230.555886,0,0,5711,713.875
1764840230.5599067,1,1,2198,274.750
1764840230.5639048,0,0,-1389,-173.625
1764840230.5679018,0,0,-643,-80.375
1764840230.5718973,0,0,4451,556.375
1764840230.5758843,0,0,5813,726.625
1764840230.5798848,1,1,2413,301.625
1764840230.5839088,0,0,-1332,-166.500
1764840230.5879042,0,0,-735,-91.875
1764840230.5919054,0,0,4307,538.375
1764840230.595898,0,0,5817,727.125
1764840230.5998993,1,1,2493,311.625
1764840230.6039033,0,0,-1331,-166.375
1764840230.607901,0,0,-832,-104.000
1764840230.6119032,0,0,4139,517.375
1764840230.6158972,0,0,5765,720.625
1764840230.6198986,1,1,2466,308.250
1764840230.6238995,0,0,-1355,-169.375
1764840230.6279,0,0,-839,-104.875
1764840230.6319036,0,0,4125,515.625
1764840230.6358976,0,0,5947,743.375
1764840230.6398988,1,1,2862,357.750
1764840230.6492524,0,0,4026,503.250
1764840230.6519406,0,0,4026,503.250
1764840230.6559057,0,0,6005,750.625
1764840230.659899,1,1,3073,384.125
1764840230.663893,0,0,-1008,-126.000
1764840230.6678872,0,0,-1066,-133.250
1764840230.6719022,0,0,3776,472.000
1764840230.675901,0,0,5888,736.000
1764840230.6798966,1,1,2957,369.625
1764840230.683893,0,0,-1096,-137.000
1764840230.6878834,0,0,-1114,-139.250
1764840230.6919036,0,0,3650,456.250
1764840230.6959023,0,0,5887,735.875
1764840230.6998997,1,1,3032,379.000
1764840230.7039032,0,0,-1047,-130.875
1764840230.707898,0,0,-1169,-146.125
1764840230.7119026,0,0,3601,450.125
1764840230.7159011,0,0,5988,748.500
1764840230.7199,1,1,3335,416.875
1764840230.7239003,0,0,-814,-101.750
1764840230.7278976,0,0,-1274,-159.250
1764840230.731904,0,0,3325,415.625
1764840230.7359004,0,0,5861,732.625
1764840230.7399006,1,1,3200,400.000
1764840230.7439017,0,0,-923,-115.375
1764840230.7478988,0,0,-1244,-155.500
1764840230.7519004,0,0,3280,410.000
1764840230.755904,0,0,5946,743.250
1764840230.7599103,1,1,3473,434.125
1764840230.7638948,0,0,-700,-87.500
1764840230.7678843,0,0,-1360,-170.000
1764840230.771899,0,0,3031,378.875
1764840230.7758977,0,0,3413,426.625
1764840230.779901,1,1,-740,-92.500
1764840230.7839,0,0,-1332,-166.500
1764840230.7878966,0,0,2137,267.125
1764840230.7919004,0,0,5398,674.750
1764840230.7958994,0,0,2830,353.750
1764840230.7998981,1,1,-1172,-146.500
1764840230.80389,0,0,-1304,-163.000
1764840230.807881,0,0,2773,346.625
1764840230.8118944,0,0,5955,744.375
1764840230.8158965,0,0,3786,473.250
1764840230.819903,1,1,-413,-51.625
1764840230.8239021,0,0,-1540,-192.500
1764840230.827897,0,0,2585,323.125
1764840230.8319,0,0,5932,741.500
1764840230.8358965,0,0,3894,486.750
1764840230.8399003,1,1,-314,-39.250
1764840230.8438995,0,0,-1533,-191.625
1764840230.8479872,0,0,2463,307.875
1764840230.8519132,0,0,5933,741.625
1764840230.8558824,0,0,4038,504.750
1764840230.8598843,1,1,-183,-22.875
1764840230.863903,0,0,-1578,-197.250
1764840230.8679004,0,0,2245,280.625
1764840230.8718932,0,0,5871,733.875
1764840230.8758802,0,0,4059,507.375
1764840230.8798797,1,1,-164,-20.500
1764840230.883904,0,0,-1535,-191.875
1764840230.8879008,0,0,1814,226.750
1764840230.8918972,0,0,5672,709.000
1764840230.8958817,0,0,3813,476.625
1764840230.8998823,1,1,-390,-48.750
1764840230.9039004,0,0,-1481,-185.125
1764840230.9078984,0,0,1976,247.000
1764840230.9118998,0,0,5897,737.125
1764840230.9158955,0,0,4454,556.750
1764840230.9199128,1,1,236,29.500
1764840230.9239006,0,0,-1570,-196.250
1764840230.9278991,0,0,1693,211.625
1764840230.931903,0,0,5782,722.750
1764840230.935895,0,0,4371,546.375
1764840230.9398959,1,1,151,18.875
1764840230.9438987,0,0,-1552,-194.000
1764840230.9478974,0,0,1401,175.125
1764840230.9519036,0,0,5688,711.000
1764840230.9559062,0,0,4367,545.875
1764840230.9599023,1,1,156,19.500
1764840230.9638898,0,0,-1459,-182.375
1764840230.9678853,0,0,1173,146.625
1764840230.9718995,0,0,5629,703.625
1764840230.9758976,0,0,4429,553.625
1764840230.9798965,1,1,226,28.250
1764840230.9838881,0,0,-1463,-182.875
1764840230.9878795,0,0,1056,132.000
1764840230.991898,0,0,5643,705.375
1764840230.9958968,0,0,4658,582.250
1764840230.999894,1,1,476,59.500
1764840231.003896,0,0,-1451,-181.375
1764840231.0078938,0,0,963,120.375
1764840231.011904,0,0,5644,705.500
1764840231.0158942,0,0,4849,606.125
1764840231.0199347,1,1,690,86.250
1764840231.023897,0,0,-1428,-178.500
1764840231.0278916,0,0,712,89.000
1764840231.0318992,0,0,5536,692.000
1764840231.0358965,0,0,4823,602.875
1764840231.0398934,1,1,670,83.750
1764840231.0438924,0,0,-1432,-179.000
1764840231.0479794,0,0,580,72.500
1764840231.0519094,0,0,5494,686.750
1764840231.0558825,0,0,4972,621.500
1764840231.0598915,1,1,856,107.000
1764840231.063899,0,0,-1430,-178.750
1764840231.0678942,0,0,549,68.625
1764840231.071892,0,0,5502,687.750
1764840231.0758815,0,0,5187,648.375
1764840231.0798814,1,1,1120,140.000
1764840231.0839002,0,0,-1416,-177.000
1764840231.0878937,0,0,370,46.250
1764840231.091898,0,0,5387,673.375
1764840231.0958965,0,0,5159,644.875
1764840231.0998957,1,1,1106,138.250
1764840231.1039007,0,0,-1429,-178.625
1764840231.1078932,0,0,345,43.125
1764840231.111896,0,0,5384,673.000
1764840231.1158934,0,0,5367,670.875
1764840231.1199334,1,1,1385,173.125
1764840231.1239002,0,0,-1448,-181.000
1764840231.1278954,0,0,108,13.500
1764840231.1318953,0,0,5202,650.250
1764840231.1358924,0,0,5248,656.000
1764840231.1398919,1,1,1262,157.750
1764840231.1438975,0,0,-1458,-182.250
1764840231.1478927,0,0,43,5.375
1764840231.1518943,0,0,5166,645.750
1764840231.1559083,0,0,5422,677.750
1764840231.1599019,1,1,1517,189.625
1764840231.1638887,0,0,-1400,-175.000
1764840231.1678815,0,0,-94,-11.750
1764840231.1718814,0,0,5051,631.375
1764840231.1758761,0,0,5431,678.875
1764840231.1798766,1,1,1561,195.125
1764840231.1838787,0,0,-1410,-176.250
1764840231.1878781,0,0,-261,-32.625
1764840231.1918945,0,0,4899,612.375
1764840231.1958916,0,0,5391,673.875
1764840231.1998909,1,1,1542,192.750
1764840231.2038934,0,0,-1469,-183.625
1764840231.207896,0,0,-330,-41.250
1764840231.2118993,0,0,4841,605.125
1764840231.2158906,0,0,5482,685.250
1764840231.2198894,1,1,1693,211.625
1764840231.2239103,0,0,-1417,-177.125
1764840231.2278938,0,0,-395,-49.375
1764840231.231896,0,0,4785,598.125
1764840231.2358882,0,0,5613,701.625
1764840231.2398884,1,1,1915,239.375
1764840231.2441585,0,0,-1409,-176.125
1764840231.2481353,0,0,-522,-65.250
1764840231.2519367,0,0,4639,579.875
1764840231.255894,0,0,5550,693.750
1764840231.2598913,1,1,1860,232.500
1764840231.2638934,0,0,-1468,-183.500
1764840231.26789,0,0,-695,-86.875
1764840231.2718928,0,0,4407,550.875
1764840231.275888,0,0,5400,675.000
1764840231.2798874,1,1,1696,212.000
1764840231.2839007,0,0,-1499,-187.375
1764840231.2878938,0,0,-631,-78.875
1764840231.291899,0,0,4521,565.125
1764840231.2958937,0,0,5836,729.500
1764840231.2998924,1,1,2382,297.750
1764840231.3038833,0,0,-1335,-166.875
1764840231.3078947,0,0,-687,-85.875
1764840231.3118966,0,0,4441,555.125
1764840231.3158891,0,0,5888,736.000
1764840231.319889,1,1,2523,315.375
1764840231.32389,0,0,-1294,-161.750
1764840231.327887,0,0,-772,-96.500
1764840231.3318896,0,0,4292,536.500
1764840231.3358886,0,0,5925,740.625
1764840231.3398907,1,1,2675,334.375
1764840231.3438895,0,0,-1254,-156.750
1764840231.3478897,0,0,-900,-112.500
1764840231.3518925,0,0,4051,506.375
1764840231.355895,0,0,5772,721.500
1764840231.3599017,1,1,2488,311.000
1764840231.3638856,0,0,-1338,-167.250
1764840231.367876,0,0,-945,-118.125
1764840231.371879,0,0,3952,494.000
1764840231.375878,0,0,5813,726.625
1764840231.3798792,1,1,2610,326.250
1764840231.3838785,0,0,-1297,-162.125
1764840231.3878736,0,0,-995,-124.375
1764840231.3918877,0,0,3888,486.000
1764840231.3958905,0,0,5960,745.000
1764840231.399889,1,1,2956,369.500
1764840231.403889,0,0,-1078,-134.750
1764840231.407885,0,0,-1086,-135.750
1764840231.411893,0,0,3744,468.000
1764840231.4158893,0,0,5934,741.750
1764840231.4198875,1,1,2986,373.250
1764840231.4239268,0,0,-1059,-132.375
1764840231.427891,0,0,-1187,-148.375
1764840231.4318912,0,0,5950,743.750
1764840231.4358857,0,0,3119,389.875
1764840231.4398878,1,1,-965,-120.625
1764840231.443891,0,0,-1258,-157.250
1764840231.4479778,0,0,3463,432.875
1764840231.4519064,0,0,5940,742.500
1764840231.4558754,0,0,3194,399.250
1764840231.4598806,1,1,-908,-113.500
1764840231.4638944,0,0,-1287,-160.875
1764840231.4678912,0,0,3365,420.625
1764840231.4718845,0,0,6017,752.125
1764840231.4758747,0,0,3473,434.125
1764840231.4798725,1,1,-682,-85.250
1764840231.4838922,0,0,-1404,-175.500
1764840231.4878893,0,0,3162,395.250
1764840231.4918933,0,0,5997,749.625
1764840231.4958863,0,0,3591,448.875
1764840231.499888,1,1,-568,-71.000
1764840231.5038943,0,0,-1431,-178.875
1764840231.507888,0,0,2337,292.125
1764840231.5118926,0,0,5512,689.000
1764840231.5158873,0,0,2898,362.250
1764840231.5198865,1,1,-1113,-139.125
1764840231.5239255,0,0,-1299,-162.375
1764840231.5278904,0,0,3000,375.000
1764840231.531893,0,0,6100,762.500
1764840231.5358884,0,0,3976,497.000
1764840231.5398865,1,1,-236,-29.500
1764840231.5438864,0,0,-1553,-194.125
1764840231.547883,0,0,2724,340.500
1764840231.5518873,0,0,5978,747.250
1764840231.5558772,0,0,3862,482.750
1764840231.5598848,1,1,-343,-42.875
1764840231.5638902,0,0,-1522,-190.250
1764840231.5678904,0,0,2555,319.375
1764840231.571895,0,0,5957,744.625
1764840231.5758991,0,0,3974,496.750
1764840231.5798988,1,1,-242,-30.250
1764840231.5838833,0,0,-1555,-194.375
1764840231.5878744,0,0,2294,286.750
1764840231.5918875,0,0,5873,734.125
1764840231.5958912,0,0,3952,494.000
1764840231.5998878,1,1,-262,-32.750
1764840231.6038785,0,0,-1576,-197.000
1764840231.607871,0,0,2195,274.375
1764840231.6118786,0,0,5906,738.250
1764840231.6158721,0,0,4190,523.750
1764840231.6198719,1,1,-34,-4.250
1764840231.6238918,0,0,-1565,-195.625
1764840231.62792,0,0,1860,232.500
1764840231.6318944,0,0,5790,723.750
1764840231.6358871,0,0,4139,517.375
1764840231.6398842,1,1,-80,-10.000
1764840231.6438866,0,0,-1552,-194.000
1764840231.653166,0,0,5882,735.250
1764840231.6559114,0,0,4525,565.625
1764840231.6598942,1,1,313,39.125
1764840231.6638834,0,0,-1521,-190.125
1764840231.6678684,0,0,1553,194.125
1764840231.6718867,0,0,5746,718.250
1764840231.6758902,0,0,4394,549.250
1764840231.6798873,1,1,178,22.250
1764840231.683879,0,0,-1476,-184.500
1764840231.6878712,0,0,1352,169.000
1764840231.691889,0,0,5700,712.500
1764840231.6958897,0,0,4478,559.750
1764840231.699888,1,1,272,34.000
1764840231.7038934,0,0,-1491,-186.375
1764840231.707884,0,0,1194,149.250
1764840231.7118876,0,0,5695,711.875
1764840231.7158854,0,0,4708,588.500
1764840231.7198882,1,1,528,66.000
1764840231.7238905,0,0,-1460,-182.500
1764840231.727885,0,0,997,124.625
1764840231.731891,0,0,5613,701.625
1764840231.735886,0,0,4670,583.750
1764840231.7398877,1,1,487,60.875
1764840231.743892,0,0,-1435,-179.375
1764840231.7478878,0,0,757,94.625
1764840231.7518895,0,0,5535,691.875
1764840231.7558842,0,0,4740,592.500
1764840231.7598882,1,1,576,72.000
1764840231.76389,0,0,-1439,-179.875
1764840231.7678876,0,0,748,93.500
1764840231.7718887,0,0,5577,697.125
1764840231.7758846,0,0,5013,626.625
1764840231.7798836,1,1,890,111.250
1764840231.7838914,0,0,-1435,-179.375
1764840231.7878902,0,0,621,77.625
1764840231.7918928,0,0,5518,689.750
1764840231.7958844,0,0,5106,638.250
1764840231.799886,1,1,1014,126.750
1764840231.8038807,0,0,-1455,-181.875
1764840231.8078725,0,0,535,66.875
1764840231.8118868,0,0,5481,685.125
1764840231.8158844,0,0,5278,659.750
1764840231.819884,1,1,1247,155.875
1764840231.8238943,0,0,-1385,-173.125
1764840231.8279727,0,0,276,34.500
1764840231.8319337,0,0,5297,662.125
1764840231.8359158,0,0,5117,639.625
1764840231.8399127,1,1,1071,133.875
1764840231.8439295,0,0,-1473,-184.125
1764840231.8479302,0,0,175,21.875
1764840231.8520195,0,0,5238,654.750
1764840231.8559253,0,0,5215,651.875
1764840231.8599126,1,1,1211,151.375
1764840231.8639305,0,0,-1471,-183.875
1764840231.8679302,0,0,117,14.625
1764840231.8719258,0,0,5209,651.125
1764840231.8759124,0,0,5428,678.500
1764840231.8799095,1,1,1517,189.625
1764840231.8839343,0,0,-1423,-177.875
1764840231.887931,0,0,-108,-13.500
1764840231.891936,0,0,5023,627.875
1764840231.8959277,0,0,5316,664.500
1764840231.8999255,1,1,1405,175.625
1764840231.90393,0,0,-1441,-180.125
1764840231.9079247,0,0,-85,-10.625
1764840231.9119322,0,0,5059,632.375
1764840231.9159257,0,0,5582,697.750
1764840231.919927,1,1,1789,223.625
1764840231.9239435,0,0,-1399,-174.875
1764840231.9279346,0,0,-290,-36.250
1764840231.932028,0,0,4856,607.000
1764840231.9358842,0,0,5356,669.500
1764840231.9398828,1,1,1503,187.875
1764840231.9438818,0,0,-1451,-181.375
1764840231.947881,0,0,-291,-36.375
1764840231.9518812,0,0,4868,608.500
1764840231.9558704,0,0,5629,703.625
1764840231.9598691,1,1,1923,240.375
1764840231.9638848,0,0,-1404,-175.500
1764840231.9678817,0,0,-389,-48.625
1764840231.9718843,0,0,4766,595.750
1764840231.9758844,0,0,5680,710.000
1764840231.9798841,1,1,2046,255.750
1764840231.983889,0,0,-1402,-175.250
1764840231.9878817,0,0,-446,-55.750
1764840231.991886,0,0,4698,587.250
1764840231.9958866,0,0,5850,731.250
1764840231.9998844,1,1,2383,297.875
1764840232.0038862,0,0,-1342,-167.750
1764840232.0078819,0,0,-500,-62.500
1764840232.011888,0,0,4632,579.000
1764840232.0158818,0,0,5882,735.250
1764840232.0198843,1,1,2492,311.500
1764840232.0238888,0,0,-1300,-162.500
1764840232.027881,0,0,-636,-79.500
1764840232.0319211,0,0,4433,554.125
1764840232.0358827,0,0,5814,726.750
1764840232.039896,1,1,2459,307.375
1764840232.0438864,0,0,-1318,-164.750
1764840232.047884,0,0,-751,-93.875
1764840232.0519695,0,0,4248,531.000
1764840232.0558825,0,0,5777,722.125
1764840232.0598834,1,1,2474,309.250
1764840232.0638802,0,0,-1308,-163.500
1764840232.0678809,0,0,-777,-97.125
1764840232.071884,0,0,4200,525.000
1764840232.0758817,0,0,5896,737.000
1764840232.0798817,1,1,2753,344.125
1764840232.0838776,0,0,-1233,-154.125
1764840232.087868,0,0,-872,-109.000
1764840232.0918818,0,0,5831,728.875
1764840232.0958805,0,0,2710,338.750
1764840232.0998807,1,1,-1252,-156.500
1764840232.1038868,0,0,-897,-112.125
1764840232.1078815,0,0,3972,496.500
1764840232.111886,0,0,5937,742.125
1764840232.1158805,0,0,2991,373.875
1764840232.119881,1,1,-1080,-135.000
1764840232.123882,0,0,-1020,-127.500
1764840232.1278808,0,0,3824,478.000
1764840232.1319253,0,0,5917,739.625
1764840232.1358817,0,0,3048,381.000
1764840232.1398795,1,1,-1044,-130.500
1764840232.1438828,0,0,-1106,-138.250
1764840232.1478827,0,0,3708,463.500
1764840232.151887,0,0,5953,744.125
1764840232.1558802,0,0,3238,404.750
1764840232.1598768,1,1,-900,-112.500
1764840232.1638803,0,0,-1202,-150.250
1764840232.1678805,0,0,3572,446.500
1764840232.171884,0,0,5959,744.875
1764840232.1758816,0,0,3382,422.750
1764840232.179877,1,1,-776,-97.000
1764840232.1838822,0,0,-1319,-164.875
1764840232.1878848,0,0,2826,353.250
1764840232.191887,0,0,5515,689.375
1764840232.195869,0,0,2715,339.375
1764840232.1998634,1,1,-1268,-158.500
1764840232.2038708,0,0,-1131,-141.375
1764840232.2078638,0,0,3134,391.750
1764840232.2118654,0,0,5841,730.125
1764840232.2158642,0,0,3284,410.500
1764840232.2198663,1,1,-860,-107.500
1764840232.2238796,0,0,-1329,-166.125
1764840232.2278793,0,0,3085,385.625
1764840232.2318847,0,0,5936,742.000
1764840232.235953,0,0,3601,450.125
1764840232.2399294,1,1,-593,-74.125
1764840232.2441704,0,0,-1472,-184.000
1764840232.2481697,0,0,2924,365.500
1764840232.2520673,0,0,5887,735.875
1764840232.255939,0,0,3601,450.125
1764840232.259924,1,1,-598,-74.750
1764840232.263922,0,0,-1472,-184.000
1764840232.2679183,0,0,2733,341.625
1764840232.2719173,0,0,5864,733.000
1764840232.2759206,0,0,3706,463.250
1764840232.2799222,1,1,-507,-63.375
1764840232.2839236,0,0,-1504,-188.000
1764840232.2879212,0,0,2615,326.875
1764840232.291926,0,0,5876,734.500
1764840232.2959256,0,0,3869,483.625
1764840232.2999227,1,1,-357,-44.625
1764840232.3039157,0,0,-1511,-188.875
1764840232.3079033,0,0,2471,308.875
1764840232.3119195,0,0,5879,734.875
1764840232.3159215,0,0,4052,506.500
1764840232.3199227,1,1,-182,-22.750
1764840232.32395,0,0,-1547,-193.375
1764840232.3279347,0,0,2202,275.250
1764840232.3319194,0,0,5783,722.875
1764840232.3359895,0,0,3991,498.875
1764840232.3398836,1,1,-242,-30.250
1764840232.343886,0,0,-1519,-189.875
1764840232.347879,0,0,2007,250.875
1764840232.3518746,0,0,5733,716.625
1764840232.3558636,0,0,4017,502.125
1764840232.3598652,1,1,-220,-27.500
1764840232.3638816,0,0,-1529,-191.125
1764840232.367879,0,0,1922,240.250
1764840232.3718817,0,0,5792,724.000
1764840232.3758745,0,0,4355,544.375
1764840232.3798752,1,1,127,15.875
1764840232.3838801,0,0,-1500,-187.500
1764840232.3878796,0,0,1589,198.625
1764840232.391882,0,0,5673,709.125
1764840232.3958747,0,0,4290,536.250
1764840232.3998775,1,1,67,8.375
1764840232.4038818,0,0,-1496,-187.000
1764840232.4078782,0,0,1480,185.000
1764840232.4118745,0,0,5685,710.625
1764840232.41586,0,0,4491,561.375
1764840232.4198616,1,1,279,34.875
1764840232.423875,0,0,-1462,-182.750
1764840232.427875,0,0,1226,153.250
1764840232.4318786,0,0,5617,702.125
1764840232.4358735,0,0,4565,570.625
1764840232.4398723,1,1,367,45.875
1764840232.443873,0,0,-1473,-184.125
1764840232.4478743,0,0,1061,132.625
1764840232.4519696,0,0,5569,696.125
1764840232.4558895,0,0,4618,577.250
1764840232.459876,1,1,425,53.125
1764840232.4638708,0,0,-1457,-182.125
1764840232.4678636,0,0,1024,128.000
1764840232.4718814,0,0,5601,700.125
1764840232.4758794,0,0,4892,611.500
1764840232.4798763,1,1,741,92.625
1764840232.48387,0,0,-1427,-178.375
1764840232.4878635,0,0,762,95.250
1764840232.4918778,0,0,5503,687.875
1764840232.4958758,0,0,4939,617.375
1764840232.4998748,1,1,816,102.000
1764840232.5038772,0,0,-1442,-180.250
1764840232.5078738,0,0,632,79.000
1764840232.5118809,0,0,5435,679.375
1764840232.515876,0,0,4949,618.625
1764840232.519875,1,1,832,104.000
1764840232.5238745,0,0,-1417,-177.125
1764840232.527872,0,0,521,65.125
1764840232.5318773,0,0,5393,674.125
1764840232.5358744,0,0,5121,640.125
1764840232.539877,1,1,1062,132.750
1764840232.5438743,0,0,-1456,-182.000
1764840232.5478764,0,0,395,49.375
1764840232.5518334,0,0,5311,663.875
1764840232.5558636,0,0,5108,638.500
1764840232.5598779,1,1,1059,132.375
1764840232.5638778,0,0,-1416,-177.000
1764840232.5678756,0,0,291,36.375
1764840232.5718718,0,0,5258,657.250
1764840232.5758626,0,0,5298,662.250
1764840232.579863,1,1,1336,167.000
1764840232.583879,0,0,-1401,-175.125
1764840232.5878754,0,0,132,16.500
1764840232.5918787,0,0,5138,642.250
1764840232.595872,0,0,5233,654.125
1764840232.599876,1,1,1269,158.625
1764840232.603882,0,0,-1431,-178.875
1764840232.6078734,0,0,15,1.875
1764840232.611876,0,0,5056,632.000
1764840232.6158736,0,0,5324,665.500
1764840232.6198766,1,1,1423,177.875
1764840232.623877,0,0,-1478,-184.750
1764840232.6278741,0,0,11,1.375
1764840232.6318772,0,0,5064,633.000
1764840232.6358736,0,0,5636,704.500
1764840232.6398914,1,1,1913,239.125
1764840232.6438763,0,0,-1395,-174.375
1764840232.647875,0,0,-197,-24.625
1764840232.6572182,1,1,1703,212.875
1764840232.659882,1,1,1703,212.875
1764840232.6638725,0,0,-1470,-183.750
1764840232.6678722,0,0,-209,-26.125
1764840232.6718771,0,0,4861,607.625
1764840232.6758747,0,0,5646,705.750
1764840232.679876,1,1,2008,251.000
1764840232.6838775,0,0,-1389,-173.625
1764840232.68786,0,0,-395,-49.375
1764840232.6918738,0,0,4667,583.375
1764840232.6958745,0,0,5517,689.625
1764840232.699873,1,1,1860,232.500
1764840232.703869,0,0,-1453,-181.625
1764840232.7078607,0,0,-460,-57.500
1764840232.7118764,0,0,4595,574.375
1764840232.7158718,0,0,5680,710.000
1764840232.7198732,1,1,2176,272.000
1764840232.723879,0,0,-1393,-174.125
1764840232.7278752,0,0,-569,-71.125
1764840232.7318776,0,0,4466,558.250
1764840232.7358713,0,0,5635,704.375
1764840232.7398877,1,1,2143,267.875
1764840232.7438772,0,0,-558,-69.750
1764840232.7478745,0,0,4478,559.750
1764840232.7518787,0,0,5821,727.625
1764840232.7558715,0,0,2506,313.250
1764840232.7598727,1,1,-1308,-163.500
1764840232.7638729,0,0,-751,-93.875
1764840232.767873,0,0,4197,524.625
1764840232.7718782,0,0,5592,699.000
1764840232.775876,0,0,2183,272.875
1764840232.779872,1,1,-1436,-179.500
1764840232.7838745,0,0,-731,-91.375
1764840232.7878776,0,0,4224,528.000
1764840232.791878,0,0,5851,731.375
1764840232.7958744,0,0,2702,337.750
1764840232.7998753,1,1,-1273,-159.125
1764840232.8038654,0,0,-771,-96.375
1764840232.807857,0,0,4174,521.750
1764840232.8118758,0,0,5944,743.000
1764840232.8158767,0,0,2972,371.500
1764840232.8198707,1,1,-1111,-138.875
1764840232.8238945,0,0,-920,-115.000
1764840232.8278887,0,0,3911,488.875
1764840232.831876,0,0,5717,714.625
1764840232.83586,0,0,2619,327.375
1764840232.8398912,1,1,-1273,-159.125
1764840232.843876,0,0,-1155,-144.375
1764840232.8478718,0,0,3280,410.000
1764840232.8518717,0,0,5332,666.500
1764840232.8559582,0,0,2110,263.750
1764840232.8598864,1,1,-1468,-183.500
1764840232.8638697,0,0,-1034,-129.250
1764840232.8678565,0,0,3719,464.875
1764840232.871874,0,0,5909,738.625
1764840232.8758745,0,0,3107,388.375
1764840232.8798742,1,1,-1006,-125.750
1764840232.8838663,0,0,-1141,-142.625
1764840232.887857,0,0,3650,456.250
1764840232.8918731,0,0,5988,748.500
1764840232.8958693,0,0,3394,424.250
1764840232.8998706,1,1,-778,-97.250
1764840232.903875,0,0,-1285,-160.625
1764840232.9078693,0,0,3542,442.750
1764840232.911873,0,0,5996,749.500
1764840232.9158726,0,0,3551,443.875
1764840232.9198725,1,1,-651,-81.375
1764840232.9238741,0,0,-1365,-170.625
1764840232.9278677,0,0,3387,423.375
1764840232.9318705,0,0,5959,744.875
1764840232.935874,0,0,3619,452.375
1764840232.939884,1,1,-598,-74.750
1764840232.9439042,0,0,-1391,-173.875
1764840232.9478593,0,0,3202,400.250
1764840232.9518678,0,0,5910,738.750
1764840232.955869,0,0,3662,457.750
1764840232.9598682,1,1,-561,-70.125
1764840232.9638638,0,0,-1419,-177.375
1764840232.9678547,0,0,2976,372.000
1764840232.971873,0,0,5866,733.250
1764840232.9758704,0,0,3754,469.250
1764840232.9798744,1,1,-475,-59.375
1764840232.9838774,0,0,-1477,-184.625
1764840232.9878793,0,0,2881,360.125
1764840232.9918735,0,0,5877,734.625
1764840232.9958692,0,0,3930,491.250
1764840232.9998689,1,1,-309,-38.625
1764840233.0038843,0,0,-1544,-193.000
1764840233.007871,0,0,2567,320.875
1764840233.0118787,0,0,5741,717.625
1764840233.0158684,0,0,3770,471.250
1764840233.0198827,1,1,-467,-58.375
1764840233.0238762,0,0,-1492,-186.500
1764840233.0278714,0,0,2517,314.625
1764840233.031876,0,0,5813,726.625
1764840233.0358787,0,0,4123,515.375
1764840233.0398676,1,1,-115,-14.375
1764840233.043875,0,0,-1546,-193.250
1764840233.04787,0,0,2202,275.250
1764840233.0518787,0,0,5695,711.875
1764840233.0559464,0,0,4011,501.375
1764840233.0598788,1,1,-229,-28.625
1764840233.063868,0,0,-1510,-188.750
1764840233.0678687,0,0,2064,258.000
1764840233.0718741,0,0,5717,714.625
1764840233.0758824,0,0,4277,534.625
1764840233.0798702,1,1,51,6.375
1764840233.0838633,0,0,-1539,-192.375
1764840233.087856,0,0,1847,230.875
1764840233.0918756,0,0,5650,706.250
1764840233.0958698,0,0,4273,534.125
1764840233.0998657,1,1,45,5.625
1764840233.1038716,0,0,-1544,-193.000
1764840233.1078684,0,0,1770,221.250
1764840233.1118717,0,0,5666,708.250
1764840233.1158664,0,0,4482,560.250
1764840233.1198654,1,1,271,33.875
1764840233.123871,0,0,-1569,-196.125
1764840233.127867,0,0,1715,214.375
1764840233.1318684,0,0,5668,708.500
1764840233.1358676,0,0,4665,583.125
1764840233.1398675,1,1,477,59.625
1764840233.1438868,0,0,-1563,-195.375
1764840233.1478648,0,0,1420,177.500
1764840233.1518736,0,0,5548,693.500
1764840233.155869,0,0,4566,570.750
1764840233.159868,1,1,370,46.250
1764840233.1638713,0,0,-1502,-187.750
1764840233.1678658,0,0,1198,149.750
1764840233.1718695,0,0,5490,686.250
1764840233.1758692,0,0,4664,583.000
1764840233.1798682,1,1,491,61.375
1764840233.1838696,0,0,-1466,-183.250
1764840233.1878674,0,0,1047,130.875
1764840233.19187,0,0,5463,682.875
1764840233.1958666,0,0,4836,604.500
1764840233.199866,1,1,711,88.875
1764840233.2038803,0,0,-1449,-181.125
1764840233.2078772,0,0,890,111.250
1764840233.2118666,0,0,5410,676.250
1764840233.2158544,0,0,4929,616.125
1764840233.2198513,1,1,838,104.750
1764840233.2238686,0,0,-1461,-182.625
1764840233.2278516,0,0,697,87.125
1764840233.2318535,0,0,5342,667.750
1764840233.2358496,0,0,5057,632.125
1764840233.239853,1,1,1025,128.125
1764840233.2441726,0,0,-1403,-175.375
1764840233.2480955,0,0,503,62.875
1764840233.2518969,0,0,5237,654.625
1764840233.255941,0,0,5043,630.375
1764840233.2598774,1,1,1025,128.125
1764840233.2638717,0,0,-1409,-176.125
1764840233.267864,0,0,423,52.875
1764840233.2718658,0,0,5192,649.000
1764840233.2758603,0,0,5095,636.875
1764840233.2798681,1,1,1101,137.625
1764840233.2838707,0,0,-1450,-181.250
1764840233.2878692,0,0,239,29.875
1764840233.2918687,0,0,5078,634.750
1764840233.295865,0,0,5082,635.250
1764840233.2998674,1,1,1105,138.125
1764840233.3038607,0,0,-1461,-182.625
1764840233.3078735,0,0,161,20.125
1764840233.311927,0,0,5042,630.250
1764840233.3160937,0,0,5271,658.875
1764840233.319943,1,1,1396,174.500
1764840233.3238833,0,0,-1418,-177.250
1764840233.327868,0,0,60,7.500
1764840233.3318706,0,0,4970,621.250
1764840233.3358512,0,0,5298,662.250
1764840233.3398535,1,1,1454,181.750
1764840233.3438685,0,0,-1461,-182.625
1764840233.3479095,0,0,-78,-9.750
1764840233.3518655,0,0,4866,608.250
1764840233.35585,0,0,5353,669.125
1764840233.3598504,1,1,1571,196.375
1764840233.363868,0,0,-1456,-182.000
1764840233.3678656,0,0,-160,-20.000
1764840233.3718646,0,0,4803,600.375
1764840233.375863,0,0,5482,685.250
1764840233.379866,1,1,1806,225.750
1764840233.3838687,0,0,-1434,-179.250
1764840233.3878639,0,0,-205,-25.625
1764840233.3918703,0,0,4763,595.375
1764840233.395867,0,0,5618,702.250
1764840233.3998637,1,1,2065,258.125
1764840233.4038646,0,0,-280,-35.000
1764840233.4078655,0,0,4685,585.625
1764840233.411866,0,0,5659,707.375
1764840233.415864,0,0,2186,273.250
1764840233.4198635,1,1,-1332,-166.500
1764840233.4238653,0,0,-406,-50.750
1764840233.4278643,0,0,4547,568.375
1764840233.431869,0,0,5610,701.250
1764840233.4358647,0,0,2156,269.500
1764840233.4398654,1,1,-1418,-177.250
1764840233.4438705,0,0,-468,-58.500
1764840233.4479365,0,0,4470,558.750
1764840233.451906,0,0,5675,709.375
1764840233.45598,0,0,2329,291.125
1764840233.4599075,1,1,-1320,-165.000
1764840233.4638908,0,0,-552,-69.000
1764840233.4678907,0,0,4361,545.125
1764840233.4719083,0,0,5745,718.125
1764840233.4759085,0,0,2563,320.375
1764840233.479911,1,1,-1244,-155.500
1764840233.483902,0,0,-952,-119.000
1764840233.4878871,0,0,3713,464.125
1764840233.4919083,0,0,5130,641.250
1764840233.4959037,0,0,1617,202.125
1764840233.4999073,1,1,-1534,-191.750
1764840233.5039105,0,0,-716,-89.500
1764840233.5079043,0,0,4177,522.125
1764840233.5119064,0,0,5855,731.875
1764840233.5159051,0,0,2836,354.500
1764840233.5199046,1,1,-1195,-149.375
1764840233.5239136,0,0,-820,-102.500
1764840233.5279117,0,0,4017,502.125
1764840233.5319061,0,0,5756,719.500
1764840233.5358899,0,0,2707,338.375
1764840233.5398912,1,1,-1273,-159.125
1764840233.5439057,0,0,-863,-107.875
1764840233.5479224,0,0,3920,490.000
1764840233.5518851,0,0,5836,729.500
1764840233.5558498,0,0,2975,371.875
1764840233.5598607,1,1,-1123,-140.375
1764840233.563868,0,0,-948,-118.500
1764840233.5678654,0,0,3775,471.875
1764840233.5718641,0,0,5781,722.625
1764840233.575863,0,0,2942,367.750
1764840233.5798647,1,1,-1154,-144.250
1764840233.5838664,0,0,-994,-124.250
1764840233.5878625,0,0,3654,456.750
1764840233.591866,0,0,5836,729.500
1764840233.5958638,0,0,3191,398.875
1764840233.5998623,1,1,-964,-120.500
1764840233.6038675,0,0,-1166,-145.750
1764840233.6078627,0,0,3473,434.125
1764840233.6118639,0,0,5745,718.125
1764840233.6158602,0,0,3082,385.250
1764840233.6198587,1,1,-1055,-131.875
1764840233.6238625,0,0,-1165,-145.625
1764840233.6278627,0,0,3406,425.750
1764840233.631865,0,0,5802,725.250
1764840233.6358573,0,0,3308,413.500
1764840233.6398585,1,1,-881,-110.125
1764840233.6438665,0,0,-1218,-152.250
1764840233.647862,0,0,3244,405.500
1764840233.651877,0,0,5772,721.500
1764840233.6611302,0,0,-838,-104.750
1764840233.6638875,0,0,-1270,-158.750
1764840233.6678658,0,0,3277,409.625
1764840233.6718597,0,0,5922,740.250
1764840233.675848,0,0,3910,488.750
1764840233.6798542,1,1,-330,-41.250
1764840233.683862,0,0,-1498,-187.250
1764840233.6878614,0,0,2876,359.500
1764840233.6918573,0,0,5722,715.250
1764840233.6958466,0,0,3601,450.125
1764840233.6998441,1,1,-627,-78.375
1764840233.7038713,0,0,-1425,-178.125
1764840233.7078645,0,0,2621,327.625
1764840233.7118664,0,0,5641,705.125
1764840233.7158647,0,0,3548,443.500
1764840233.7198596,1,1,-678,-84.750
1764840233.7238533,0,0,-1417,-177.125
1764840233.727844,0,0,2444,305.500
1764840233.7318592,0,0,5609,701.125
1764840233.7358613,0,0,3574,446.750
1764840233.7398603,1,1,-657,-82.125
1764840233.743862,0,0,-1391,-173.875
1764840233.7478938,0,0,2451,306.375
1764840233.7518842,0,0,5732,716.500
1764840233.7558506,0,0,4019,502.375
1764840233.759847,1,1,-226,-28.250
1764840233.7638607,0,0,-1536,-192.000
1764840233.7678592,0,0,2232,279.000
1764840233.7718573,0,0,5654,706.750
1764840233.7758467,0,0,3963,495.375
1764840233.7798445,1,1,-289,-36.125
1764840233.7838585,0,0,-1491,-186.375
1764840233.7878613,0,0,2102,262.750
1764840233.7918627,0,0,5669,708.625
1764840233.7958593,0,0,4189,523.625
1764840233.7998605,1,1,-53,-6.625
1764840233.8038588,0,0,-1547,-193.375
1764840233.8078442,0,0,1955,244.375
1764840233.811858,0,0,5640,705.000
1764840233.8158615,0,0,4279,534.875
1764840233.819863,1,1,40,5.000
1764840233.823864,0,0,-1560,-195.000
1764840233.8278565,0,0,1795,224.375
1764840233.8318586,0,0,5605,700.625
1764840233.8358564,0,0,4366,545.750
1764840233.8398576,1,1,133,16.625
1764840233.8438656,0,0,-1516,-189.500
1764840233.8478558,0,0,1552,194.000
1764840233.851935,0,0,5533,691.625
1764840233.8559055,0,0,4386,548.250
1764840233.8599966,1,0,161,20.125
1764840233.8639166,0,0,-1484,-185.500
1764840233.8678901,0,0,1420,177.500
1764840233.8719037,0,0,5519,689.875
1764840233.8759005,0,0,4555,569.375
1764840233.8799007,1,1,355,44.375
1764840233.883898,0,0,-1498,-187.250
1764840233.8878882,0,0,1191,148.875
1764840233.891903,0,0,5473,684.125
1764840233.8959029,0,0,4743,592.875
1764840233.899901,1,0,597,74.625
1764840233.9039092,0,0,-1466,-183.250
1764840233.9079068,0,0,1017,127.125
1764840233.911909,0,0,5409,676.125
1764840233.9159002,0,0,4758,594.750
1764840233.9199011,1,1,618,77.250
1764840233.923913,0,0,-1440,-180.000
1764840233.9279032,0,0,772,96.500
1764840233.9319026,0,0,5325,665.625
1764840233.9358985,0,0,4794,599.250
1764840233.9398992,1,1,677,84.625
1764840233.943909,0,0,-1428,-178.500
1764840233.947902,0,0,631,78.875
1764840233.9519901,0,0,5277,659.625
1764840233.955861,0,0,4888,611.000
1764840233.9598587,1,0,804,100.500
1764840233.963866,0,0,-1395,-174.375
1764840233.9678607,0,0,514,64.250
1764840233.9718597,0,0,5229,653.625
1764840233.9758582,0,0,5000,625.000
1764840233.979858,1,1,961,120.125
1764840233.9838614,0,0,-1389,-173.625
1764840233.9878561,0,0,380,47.500
1764840233.9918613,0,0,5161,645.125
1764840233.9958591,0,0,5093,636.625
1764840233.9998565,1,0,1106,138.250
1764840234.0038626,0,0,-1462,-182.750
1764840234.0078588,0,0,287,35.875
1764840234.0118616,0,0,5107,638.375
1764840234.0158591,0,0,5133,641.625
1764840234.0198562,1,1,1169,146.125
1764840234.023858,0,0,-1455,-181.875
1764840234.0278676,0,0,220,27.500
1764840234.031859,0,0,5073,634.125
1764840234.0358455,0,0,5362,670.250
1764840234.0398433,1,0,1531,191.375
1764840234.0438561,0,0,-1397,-174.625
1764840234.0478537,0,0,22,2.750
1764840234.0518522,0,0,4923,615.375
1764840234.0558288,0,0,5286,660.750
1764840234.059942,0,0,-1503,-187.875
1764840234.063868,0,0,-11,-1.375
1764840234.0678508,0,0,4898,612.250
1764840234.0718615,0,0,5341,667.625
1764840234.0758593,0,0,1543,192.875
1764840234.079859,1,0,-1474,-184.250
1764840234.0838513,0,0,-108,-13.500
1764840234.087842,0,0,4820,602.500
1764840234.0918574,0,0,5532,691.500
1764840234.0958576,0,0,1923,240.375
1764840234.0998595,1,0,-1355,-169.375
1764840234.103859,0,0,-742,-92.750
1764840234.1078527,0,0,4094,511.750
1764840234.111859,0,0,4582,572.750
1764840234.1158595,0,0,663,82.875
1764840234.1198559,1,1,-1510,-188.750
1764840234.1238608,0,0,-375,-46.875
1764840234.1278577,0,0,4637,579.625
1764840234.1318533,0,0,5556,694.500
1764840234.1358418,0,0,1961,245.125
1764840234.1398487,0,0,-1427,-178.375
1764840234.1438563,0,0,-418,-52.250
1764840234.1478522,0,0,4596,574.500
1764840234.1518488,0,0,5741,717.625
1764840234.1558657,0,0,2333,291.625
1764840234.159842,1,0,-1316,-164.500
1764840234.163859,0,0,-506,-63.250
1764840234.1678574,0,0,4486,560.750
1764840234.1718554,0,0,5790,723.750
1764840234.1758523,0,0,2500,312.500
1764840234.1798582,0,0,-1311,-163.875
1764840234.1838608,0,0,-659,-82.375
1764840234.1878564,0,0,4281,535.125
1764840234.1918576,0,0,5636,704.500
1764840234.1958537,0,0,2287,285.875
1764840234.1998527,0,0,-1374,-171.750
1764840234.2038603,0,0,-799,-99.875
1764840234.2078557,0,0,4064,508.000
1764840234.2118556,0,0,5476,684.500
1764840234.215852,0,0,2067,258.375
1764840234.2198527,1,0,-1468,-183.500
1764840234.2238588,0,0,-816,-102.000
1764840234.2278564,0,0,4046,505.750
1764840234.231852,0,0,5603,700.375
1764840234.235837,0,0,2307,288.375
1764840234.239838,1,0,-1405,-175.625
1764840234.2441218,0,0,-863,-107.875
1764840234.248059,0,0,3957,494.625
1764840234.2518892,0,0,5756,719.500
1764840234.2558534,0,0,2678,334.750
1764840234.2599325,0,0,-1289,-161.125
1764840234.2638748,0,0,-963,-120.375
1764840234.2678547,0,0,3763,470.375
1764840234.2718544,0,0,5657,707.125
1764840234.275849,0,0,2558,319.750
1764840234.2798507,1,1,-1335,-166.875
1764840234.2838483,0,0,-1073,-134.125
1764840234.287845,0,0,3578,447.250
1764840234.2918658,0,0,5705,713.125
1764840234.2958553,0,0,2752,344.000
1764840234.2998495,1,1,-1246,-155.750
1764840234.3040278,0,0,-1122,-140.250
1764840234.307853,0,0,3417,427.125
1764840234.3118443,0,0,5699,712.375
1764840234.3158364,0,0,2820,352.500
1764840234.3198354,0,0,-1209,-151.125
1764840234.3238382,0,0,-1105,-138.125
1764840234.3278346,0,0,3311,413.875
1764840234.331836,0,0,5729,716.125
1764840234.3358357,0,0,2933,366.625
1764840234.339837,0,0,-1130,-141.250
1764840234.3438537,0,0,-1168,-146.000
1764840234.3478518,0,0,3168,396.000
1764840234.3518567,0,0,5765,720.625
1764840234.3558505,0,0,3095,386.875
1764840234.359855,0,0,-1007,-125.875
1764840234.3638575,0,0,-1261,-157.625
1764840234.3678522,0,0,3161,395.125
1764840234.3718529,0,0,5923,740.375
1764840234.3758543,0,0,3534,441.750
1764840234.3798528,0,0,-648,-81.000
1764840234.3838532,0,0,-1416,-177.000
1764840234.3878477,0,0,2924,365.500
1764840234.3918524,0,0,5851,731.375
1764840234.3958528,0,0,3512,439.000
1764840234.3998544,0,0,-667,-83.375
1764840234.403857,0,0,-1431,-178.875
1764840234.4078493,0,0,2628,328.500
1764840234.4118419,0,0,5734,716.750
1764840234.4158344,0,0,3386,423.250
1764840234.419849,0,0,-770,-96.250
1764840234.423859,0,0,-1409,-176.125
1764840234.4278517,0,0,2527,315.875
1764840234.4318554,0,0,5803,725.375
1764840234.4358537,0,0,3644,455.500
1764840234.439855,0,0,-542,-67.750
1764840234.4438598,0,0,-1470,-183.750
1764840234.4478514,0,0,2343,292.875
1764840234.451851,0,0,5789,723.625
1764840234.4558501,0,0,3744,468.000
1764840234.460021,0,0,-447,-55.875
1764840234.463884,0,0,-1493,-186.625
1764840234.4678438,0,0,2218,277.250
1764840234.4718537,0,0,5794,724.250
1764840234.4758599,0,0,3879,484.875
1764840234.4798546,0,0,-326,-40.750
1764840234.483849,0,0,-1461,-182.625
1764840234.4878378,0,0,1707,213.375
1764840234.4918392,0,0,5570,696.250
1764840234.4958348,0,0,3625,453.125
1764840234.4998364,1,0,-541,-67.625
1764840234.5038502,0,0,-1411,-176.375
1764840234.5078504,0,0,1598,199.750
1764840234.5118494,0,0,5614,701.750
1764840234.5158453,0,0,3810,476.250
1764840234.5198448,0,0,-371,-46.375
1764840234.523854,0,0,-1373,-171.625
1764840234.5278482,0,0,1371,171.375
1764840234.5318515,0,0,5608,701.000
1764840234.535845,0,0,3979,497.375
1764840234.5398579,0,0,-201,-25.125
1764840234.543848,0,0,-1463,-182.875
1764840234.5478356,0,0,1346,168.250
1764840234.5518672,0,0,5699,712.375
1764840234.5558457,0,0,4291,536.375
1764840234.5598867,0,0,102,12.750
1764840234.5638397,0,0,-1396,-174.500
1764840234.5678346,0,0,803,100.375
1764840234.571863,0,0,5456,682.000
1764840234.5758507,0,0,4099,512.375
1764840234.5798495,0,0,-51,-6.375
1764840234.5838525,0,0,-1376,-172.000
1764840234.5878613,0,0,686,85.750
1764840234.5918562,0,0,5502,687.750
1764840234.5958521,0,0,4347,543.375
1764840234.5998483,0,0,201,25.125
1764840234.6038554,0,0,-1389,-173.625
1764840234.607852,0,0,582,72.750
1764840234.611865,0,0,5507,688.375
1764840234.6158512,0,0,4500,562.500
1764840234.6198483,0,0,359,44.875
1764840234.6238515,0,0,-1439,-179.875
1764840234.6278584,0,0,550,68.750
1764840234.6318572,0,0,5539,692.375
1764840234.6358504,0,0,4683,585.375
1764840234.6398485,0,0,548,68.500
1764840234.6438644,0,0,-1397,-174.625
1764840234.6478484,0,0,208,26.000
1764840234.651856,0,0,5262,657.750
1764840234.6558506,0,0,4374,546.750
1764840234.6652246,0,0,570,71.250
1764840234.6678727,0,0,570,71.250
1764840234.6718588,0,0,5664,708.000
1764840234.6758363,0,0,5249,656.125
1764840234.6798348,0,0,1176,147.000
1764840234.683853,0,0,-1405,-175.625
1764840234.6878476,0,0,-86,-10.750
1764840234.6918447,0,0,5091,636.375
1764840234.6958354,0,0,4585,573.125
1764840234.6998494,0,0,526,65.750
1764840234.703853,0,0,-1468,-183.500
1764840234.7078485,0,0,-79,-9.875
1764840234.711852,0,0,5201,650.125
1764840234.7158482,0,0,1013,126.625
1764840234.7198477,0,0,-1436,-179.500
1764840234.7238545,0,0,-632,-79.000
1764840234.727846,0,0,4452,556.500
1764840234.7318428,0,0,4534,566.750
1764840234.7358334,0,0,693,86.625
1764840234.7398336,0,0,-1489,-186.125
1764840234.7438376,0,0,-558,-69.750
1764840234.7478502,0,0,4641,580.125
1764840234.7518525,0,0,4713,589.125
1764840234.7558424,0,0,820,102.500
1764840234.7598448,0,0,-1542,-192.750
1764840234.7638497,0,0,-480,-60.000
1764840234.7678487,0,0,4887,610.875
1764840234.7718434,0,0,5167,645.875
1764840234.7758293,0,0,1261,157.625
1764840234.77983,0,0,-1482,-185.250
1764840234.783852,0,0,-582,-72.750
1764840234.7878528,0,0,4794,599.250
1764840234.791851,0,0,5319,664.875
1764840234.7958481,0,0,1482,185.250
1764840234.7998512,0,0,-1400,-175.000
1764840234.803842,0,0,-789,-98.625
1764840234.8078341,0,0,4411,551.375
1764840234.8118486,0,0,5130,641.250
1764840234.8158467,0,1,1378,172.250
1764840234.8198485,0,0,-1498,-187.250
1764840234.8238533,0,0,-819,-102.375
1764840234.8278487,0,0,4391,548.875
1764840234.8318505,0,0,5246,655.750
1764840234.835846,0,1,1522,190.250
1764840234.8398485,0,0,-1484,-185.500
1764840234.8438544,0,0,-961,-120.125
1764840234.8478491,0,0,3990,498.750
1764840234.8518522,0,0,5132,641.500
1764840234.855846,0,1,1567,195.875
1764840234.859847,0,0,-1474,-184.250
1764840234.8639765,0,0,-1023,-127.875
1764840234.8678663,0,0,3816,477.000
1764840234.871848,0,0,5210,651.250
1764840234.875831,0,1,1746,218.250
1764840234.8798306,0,0,-1433,-179.125
1764840234.8838494,0,0,-1044,-130.500
1764840234.8878486,0,0,3795,474.375
1764840234.8918457,0,0,5331,666.375
1764840234.8958328,0,1,1893,236.625
1764840234.8998308,0,0,-1390,-173.750
1764840234.9038467,0,0,-1139,-142.375
1764840234.9078467,0,0,3438,429.750
1764840234.9118512,0,0,5275,659.375
1764840234.915846,1,1,2027,253.375
1764840234.9198444,0,0,-1334,-166.750
1764840234.9238503,0,0,-1192,-149.000
1764840234.9278421,0,0,3244,405.500
1764840234.931847,0,0,5254,656.750
1764840234.9358428,1,1,2116,264.500
1764840234.9398453,0,0,-1246,-155.750
1764840234.9438493,0,0,-1227,-153.375
1764840234.947843,0,0,2995,374.375
1764840234.9518502,0,0,5173,646.625
1764840234.9558463,1,1,2179,272.375
1764840234.9598455,0,0,-1158,-144.750
1764840234.963849,0,0,-1245,-155.625
1764840234.9678407,0,0,2720,340.000
1764840234.9718502,0,0,5189,648.625
1764840234.9758441,1,1,2365,295.625
1764840234.9798443,0,0,-985,-123.125
1764840234.9838457,0,0,-1340,-167.500
1764840234.9878423,0,0,2440,305.000
1764840234.991844,0,0,5065,633.125
1764840234.995845,1,1,2410,301.250
1764840234.9998446,0,0,-880,-110.000
1764840235.0038507,0,0,-1417,-177.125
1764840235.0078433,0,0,2556,319.500
1764840235.0118465,0,0,5279,659.875
1764840235.015845,1,1,2581,322.625
1764840235.0198462,0,0,-807,-100.875
1764840235.0238485,0,0,-1489,-186.125
1764840235.0278406,0,0,1961,245.125
1764840235.0318432,0,0,4833,604.125
1764840235.0358438,1,1,2465,308.125
1764840235.0398438,0,0,-724,-90.500
1764840235.0438504,0,0,-1502,-187.750
1764840235.0478396,0,0,2371,296.375
1764840235.0518384,0,0,5583,697.875
1764840235.0558338,1,1,3038,379.750
1764840235.0598562,0,0,-505,-63.125
1764840235.063956,0,0,-1538,-192.250
1764840235.0678601,0,0,2012,251.500
1764840235.071843,0,0,5388,673.500
1764840235.0758255,1,1,3056,382.000
1764840235.079828,0,0,-411,-51.375
1764840235.0838492,0,0,-1510,-188.750
1764840235.0878448,0,0,1676,209.500
1764840235.0918374,0,0,5163,645.375
1764840235.0958245,1,1,3030,378.750
1764840235.099831,0,0,-342,-42.750
1764840235.103849,0,0,-1564,-195.500
1764840235.1078436,0,0,1664,208.000
1764840235.1118495,0,0,5420,677.500
1764840235.115842,1,1,3338,417.250
1764840235.119842,0,0,-164,-20.500
1764840235.1238499,0,0,-1569,-196.125
1764840235.1278477,0,0,4065,508.125
1764840235.131856,0,0,6885,860.625
1764840235.135846,1,1,4218,527.250
1764840235.1398416,0,0,130,16.250
1764840235.1438375,0,0,-1610,-201.250
1764840235.147829,0,0,4182,522.750
1764840235.151843,0,0,7194,899.250
1764840235.1558409,1,1,5213,651.625
1764840235.1598413,0,0,1014,126.750
1764840235.1638715,0,0,-1678,-209.750
1764840235.1678298,0,0,3423,427.875
1764840235.171844,0,0,6743,842.875
1764840235.1758394,1,1,4597,574.625
1764840235.1798403,0,0,435,54.375
1764840235.1838431,0,0,-1870,-233.750
1764840235.1878436,0,0,2435,304.375
1764840235.1918454,0,0,6248,781.000
1764840235.1958396,1,1,4113,514.125
1764840235.1998403,0,0,31,3.875
1764840235.2038467,0,0,-1749,-218.625
1764840235.2078433,0,0,2098,262.250
1764840235.2118452,0,0,6190,773.750
1764840235.2158403,1,1,4288,536.000
1764840235.2198396,0,0,195,24.375
1764840235.223843,0,0,-1785,-223.125
1764840235.22784,0,0,1955,244.375
1764840235.2318451,0,0,6107,763.375
1764840235.2358418,1,1,4250,531.250
1764840235.2398388,0,0,149,18.625
1764840235.2441056,0,0,-1786,-223.250
1764840235.2480547,0,0,1785,223.125
1764840235.251867,0,0,6040,755.000
1764840235.2558422,1,1,4282,535.250
1764840235.2598403,0,0,172,21.500
1764840235.2639692,0,0,-1784,-223.000
1764840235.267843,0,0,1833,229.125
1764840235.2718298,0,0,6174,771.750
1764840235.275827,1,1,4749,593.625
1764840235.2798276,0,0,611,76.375
1764840235.2838407,0,0,-1896,-237.000
1764840235.2878392,0,0,1699,212.375
1764840235.291838,0,0,6034,754.250
1764840235.2958322,1,1,4528,566.000
1764840235.2998304,0,0,377,47.125
1764840235.303854,0,0,-1828,-228.500
1764840235.3078423,0,0,1555,194.375
1764840235.311842,0,0,6035,754.375
1764840235.3158374,1,1,4819,602.375
1764840235.3198388,0,0,680,85.000
1764840235.3238397,0,0,-1883,-235.375
1764840235.3278344,0,0,1418,177.250
1764840235.3318355,0,0,5943,742.875
1764840235.3358364,1,1,4777,597.125
1764840235.339839,0,0,635,79.375
1764840235.3438416,0,0,-1632,-204.000
1764840235.34784,0,0,880,110.000
1764840235.3518438,0,0,5714,714.250
1764840235.355844,1,1,4749,593.625
1764840235.359852,0,0,655,81.875
1764840235.3638768,0,0,-1595,-199.375
1764840235.3678265,0,0,408,51.000
1764840235.3718364,0,0,4375,546.875
1764840235.3758366,1,1,292,36.500
1764840235.3798416,0,0,-1609,-201.125
1764840235.3838394,0,0,387,48.375
1764840235.3878372,0,0,5456,682.000
1764840235.3918412,0,0,4695,586.875
1764840235.3958356,1,1,616,77.000
1764840235.39984,0,0,-1650,-206.250
1764840235.4038484,0,0,387,48.375
1764840235.4078414,0,0,5509,688.625
1764840235.411841,0,0,5021,627.625
1764840235.4158368,1,1,981,122.625
1764840235.4198399,0,0,-1639,-204.875
1764840235.4238431,0,0,317,39.625
1764840235.4278376,0,0,5468,683.500
1764840235.431844,0,0,5127,640.875
1764840235.435837,1,1,1114,139.250
1764840235.4398384,0,0,-1640,-205.000
1764840235.4438384,0,0,32,4.000
1764840235.4478393,0,0,5224,653.000
1764840235.4518452,0,0,4920,615.000
1764840235.4558375,1,1,911,113.875
1764840235.4598372,0,0,-1742,-217.750
1764840235.4639318,0,0,274,34.250
1764840235.467894,0,0,5457,682.125
1764840235.471841,0,0,5551,693.875
1764840235.4758232,1,1,1687,210.875
1764840235.4798222,0,0,-1544,-193.000
1764840235.4838398,0,0,-200,-25.000
1764840235.4878387,0,0,5018,627.250
1764840235.491835,0,0,5030,628.750
1764840235.4958231,1,1,1093,136.625
1764840235.4998229,0,0,-1633,-204.125
1764840235.503841,0,0,-377,-47.125
1764840235.5078416,0,0,4818,602.250
1764840235.5118442,0,0,4979,622.375
1764840235.5158389,1,1,1077,134.625
1764840235.5198371,0,0,-1577,-197.125
1764840235.5238423,0,0,-426,-53.250
1764840235.5278397,0,0,4790,598.750
1764840235.5318365,0,0,5292,661.500
1764840235.535823,1,1,1508,188.500
1764840235.5398235,0,0,-1555,-194.375
1764840235.5438335,0,0,-791,-98.875
1764840235.5478354,0,0,4193,524.125
1764840235.5519164,0,0,4634,579.250
1764840235.555855,1,1,828,103.500
1764840235.5598502,0,0,-1628,-203.500
1764840235.5638402,0,0,-776,-97.000
1764840235.5678685,0,0,4345,543.125
1764840235.5718417,0,0,5259,657.375
1764840235.5758402,1,1,1587,198.375
1764840235.579839,0,0,-1532,-191.500
1764840235.5838304,0,0,-1008,-126.000
1764840235.587819,0,0,3784,473.000
1764840235.5918365,0,0,4977,622.125
1764840235.59584,1,1,1406,175.750
1764840235.5998375,0,0,-1618,-202.250
1764840235.6038392,0,0,-978,-122.250
1764840235.6078365,0,0,3946,493.250
1764840235.6118414,0,0,5262,657.750
1764840235.6158385,1,1,1714,214.250
1764840235.619849,0,0,-1577,-197.125
1764840235.6238358,0,0,-1037,-129.625
1764840235.627845,0,0,3780,472.500
1764840235.6318367,0,0,5269,658.625
1764840235.635838,1,1,1783,222.875
1764840235.6398373,0,0,-1608,-201.000
1764840235.643853,0,0,-1008,-126.000
1764840235.6478338,0,0,3947,493.375
1764840235.651838,0,0,5531,691.375
1764840235.6558328,1,1,2092,261.500
1764840235.659846,0,0,-1506,-188.250
1764840235.6692328,0,0,3607,450.875
1764840235.6718884,0,0,5349,668.625
1764840235.6758573,1,1,1953,244.125
1764840235.67984,0,0,-1562,-195.250
1764840235.683835,0,0,-1159,-144.875
1764840235.6878216,0,0,3520,440.000
1764840235.6918335,0,0,5548,693.500
1764840235.6958342,1,1,2282,285.250
1764840235.6998377,0,0,-1387,-173.375
1764840235.7038298,0,0,-1251,-156.375
1764840235.7078216,0,0,3217,402.125
1764840235.7118368,0,0,5405,675.625
1764840235.715833,1,1,2204,275.500
1764840235.7198339,0,0,-1411,-176.375
1764840235.7238402,0,0,-1269,-158.625
1764840235.7278378,0,0,3338,417.250
1764840235.7318394,0,0,5693,711.625
1764840235.735834,1,1,2592,324.000
1764840235.7398338,0,0,-1188,-148.500
1764840235.7438378,0,0,-1357,-169.625
1764840235.7478335,0,0,2821,352.625
1764840235.7518394,0,0,5538,692.250
1764840235.7558336,1,1,2591,323.875
1764840235.759833,0,0,-1152,-144.000
1764840235.7638257,0,0,-1368,-171.000
1764840235.7678347,0,0,2643,330.375
1764840235.771827,0,0,5548,693.500
1764840235.7758179,1,1,2702,337.750
1764840235.779823,0,0,-1060,-132.500
1764840235.78385,0,0,-1449,-181.125
1764840235.7878413,0,0,2777,347.125
1764840235.7918344,0,0,5839,729.875
1764840235.7958221,1,1,3122,390.250
1764840235.7998202,0,0,-780,-97.500
1764840235.8038306,0,0,-1458,-182.250
1764840235.80783,0,0,2135,266.875
1764840235.8118324,0,0,5491,686.375
1764840235.8158216,1,1,2914,364.250
1764840235.819817,0,0,-868,-108.500
1764840235.8238354,0,0,-1470,-183.750
1764840235.827835,0,0,2019,252.375
1764840235.831838,0,0,5559,694.875
1764840235.8358347,1,1,3094,386.750
1764840235.8398352,0,0,-732,-91.500
1764840235.8438377,0,0,-1482,-185.250
1764840235.8478332,0,0,1585,198.125
1764840235.8518388,0,0,5184,648.000
1764840235.8558307,1,1,2910,363.750
1764840235.8598344,0,0,-759,-94.875
1764840235.8638344,0,0,-1662,-207.750
1764840235.8679206,0,0,2011,251.375
1764840235.8718889,0,0,5741,717.625
1764840235.8758252,1,1,3405,425.625
1764840235.87982,0,0,-515,-64.375
1764840235.8838344,0,0,-1687,-210.875
1764840235.887833,0,0,1928,241.000
1764840235.891833,0,0,5824,728.000
1764840235.8958197,1,1,3627,453.375
1764840235.8998225,0,0,-350,-43.750
1764840235.9038355,0,0,-1765,-220.625
1764840235.9078321,0,0,1817,227.125
1764840235.9118354,0,0,5802,725.250
1764840235.9158344,1,1,3684,460.500
1764840235.9198365,0,0,-314,-39.250
1764840235.9238405,0,0,-1780,-222.500
1764840235.927833,0,0,1816,227.000
1764840235.9318438,0,0,5910,738.750
1764840235.9358337,1,1,3948,493.500
1764840235.9398346,0,0,-109,-13.625
1764840235.9438381,0,0,-1785,-223.125
1764840235.9478421,0,0,1711,213.875
1764840235.9518332,0,0,5920,740.000
1764840235.9558325,1,1,4102,512.750
1764840235.9598343,0,0,15,1.875
1764840235.9638505,0,0,-1770,-221.250
1764840235.9678314,0,0,1527,190.875
1764840235.9718735,0,0,5894,736.750
1764840235.9758496,1,1,4256,532.000
1764840235.9798539,0,0,154,19.250
1764840235.9838328,0,0,-1753,-219.125
1764840235.987819,0,0,1474,184.250
1764840235.9918294,0,0,5994,749.250
1764840235.9958315,1,1,4719,589.875
1764840235.9998338,0,0,610,76.250
1764840236.0038283,0,0,-1478,-184.750
1764840236.0078187,0,0,373,46.625
1764840236.0118291,0,0,5177,647.125
1764840236.015831,1,1,3820,477.500
1764840236.0198328,0,0,-120,-15.000
1764840236.0238354,0,0,-1578,-197.250
1764840236.0278304,0,0,5544,693.000
1764840236.0318322,0,0,4287,535.875
1764840236.0358298,1,1,221,27.625
1764840236.0398285,0,0,-1641,-205.125
1764840236.0438356,0,0,795,99.375
1764840236.0478308,0,0,5734,716.750
1764840236.0518303,0,0,4797,599.625
1764840236.0558128,1,1,710,88.750
1764840236.0598218,0,0,-1650,-206.250
1764840236.0638318,0,0,549,68.625
1764840236.0679355,0,0,5565,695.625
1764840236.0718844,0,0,4648,581.000
1764840236.0758154,1,1,570,71.250
1764840236.0798163,0,0,-1769,-221.125
1764840236.0838313,0,0,748,93.500
1764840236.0878322,0,0,5736,717.000
1764840236.0918276,0,0,5092,636.500
1764840236.0958135,1,1,1031,128.875
1764840236.0998158,0,0,-1993,-249.125
1764840236.1038318,0,0,1099,137.375
1764840236.1078339,0,0,5871,733.875
1764840236.1118345,0,0,5364,670.500
1764840236.1158316,1,1,1333,166.625
1764840236.1198285,0,0,-1900,-237.500
1764840236.1238344,0,0,1098,137.250
1764840236.1278327,0,0,5813,726.625
1764840236.1318345,0,0,5352,669.000
1764840236.1358316,1,1,1328,166.000
1764840236.139829,0,0,-1691,-211.375
1764840236.1438313,0,0,475,59.375
1764840236.1478274,0,0,5500,687.500
1764840236.1518328,0,0,5161,645.125
1764840236.15583,1,1,1163,145.375
1764840236.1598306,0,0,-1982,-247.750
1764840236.163831,0,0,733,91.625
1764840236.1678252,0,0,5625,703.125
1764840236.171831,0,0,5616,702.000
1764840236.1758807,1,1,1773,221.625
1764840236.1798925,0,0,-1761,-220.125
1764840236.183871,0,0,633,79.125
1764840236.187855,0,0,5507,688.375
1764840236.1918697,0,0,5470,683.750
1764840236.1958742,1,1,1595,199.375
1764840236.1998737,0,0,-1862,-232.750
1764840236.2038634,0,0,498,62.250
1764840236.207853,0,0,5398,674.750
1764840236.2118735,0,0,5422,677.750
1764840236.2158728,1,1,1565,195.625
1764840236.219871,0,0,-1844,-230.500
1764840236.2238748,0,0,7,0.875
1764840236.2278695,0,0,5097,637.125
1764840236.2318723,0,0,5159,644.875
1764840236.2358692,1,1,1271,158.875
1764840236.2398713,0,0,-1806,-225.750
1764840236.2441034,0,0,-14,-1.750
1764840236.2481003,0,0,5069,633.625
1764840236.2518976,0,0,5531,691.375
1764840236.2558722,1,1,1871,233.875
1764840236.2598722,0,0,-1615,-201.875
1764840236.2638698,0,0,-318,-39.750
1764840236.2679484,0,0,4746,593.250
1764840236.2718854,0,0,5340,667.500
1764840236.2759557,1,1,1679,209.875
1764840236.279833,0,0,-1658,-207.250
1764840236.2838347,0,0,-442,-55.250
1764840236.2878308,0,0,4592,574.000
1764840236.291819,0,0,5313,664.125
1764840236.2958124,1,1,1692,211.500
1764840236.2998164,0,0,-1658,-207.250
1764840236.3038325,0,0,-404,-50.500
1764840236.307827,0,0,4657,582.125
1764840236.311826,0,0,5651,706.375
1764840236.3158267,1,1,2288,286.000
1764840236.3198295,0,0,-1552,-194.000
1764840236.3238356,0,0,-649,-81.125
1764840236.32783,0,0,4610,576.250
1764840236.3318334,0,0,5629,703.625
1764840236.3358274,1,1,2296,287.000
1764840236.339827,0,0,-1564,-195.500
1764840236.3438323,0,0,-734,-91.750
1764840236.3478503,0,0,4499,562.375
1764840236.3518333,0,0,5471,683.875
1764840236.355814,1,1,2056,257.000
1764840236.3598135,0,0,-1649,-206.125
1764840236.363831,0,0,-586,-73.250
1764840236.3678262,0,0,4536,567.000
1764840236.371825,0,0,5730,716.250
1764840236.375811,1,1,2613,326.625
1764840236.3798127,0,0,-1397,-174.625
1764840236.3838284,0,0,-895,-111.875
1764840236.387826,0,0,4339,542.375
1764840236.3918302,0,0,5581,697.625
1764840236.395821,1,1,2427,303.375
1764840236.3998258,0,0,-1490,-186.250
1764840236.4038298,0,0,-818,-102.250
1764840236.407826,0,0,4183,522.875
1764840236.4118283,0,0,5659,707.375
1764840236.4158254,1,1,2747,343.375
1764840236.4198267,0,0,-1308,-163.500
1764840236.423828,0,0,-936,-117.000
1764840236.4278238,0,0,3915,489.375
1764840236.4318302,0,0,5494,686.750
1764840236.435827,1,1,2537,317.125
1764840236.4398215,0,0,-1434,-179.250
1764840236.443827,0,0,-949,-118.625
1764840236.447823,0,0,3916,489.500
1764840236.4518316,0,0,5563,695.375
1764840236.4558258,1,1,2741,342.625
1764840236.4598255,0,0,-1319,-164.875
1764840236.4638236,0,0,-993,-124.125
1764840236.4679115,0,0,3841,480.125
1764840236.471839,0,0,5731,716.375
1764840236.475812,1,1,3378,422.250
1764840236.4798133,0,0,-827,-103.375
1764840236.4838297,0,0,-1563,-195.375
1764840236.4878252,0,0,3571,446.375
1764840236.491821,0,0,5457,682.125
1764840236.4958117,1,1,2804,350.500
1764840236.4998229,0,0,-1267,-158.375
1764840236.5038257,0,0,-1102,-137.750
1764840236.5078177,0,0,3476,434.500
1764840236.5118246,0,0,5519,689.875
1764840236.5158238,1,1,3111,388.875
1764840236.519823,0,0,-1060,-132.500
1764840236.5238268,0,0,-1241,-155.125
1764840236.5278215,0,0,3375,421.875
1764840236.531824,0,0,5549,693.625
1764840236.5358207,1,1,3373,421.625
1764840236.5398228,0,0,-836,-104.500
1764840236.5438273,0,0,-1458,-182.250
1764840236.5478203,0,0,3198,399.750
1764840236.5518167,0,0,5511,688.875
1764840236.5558083,1,1,3491,436.375
1764840236.559824,0,0,-724,-90.500
1764840236.5638306,0,0,-1607,-200.875
1764840236.5678263,0,0,3150,393.750
1764840236.5718188,0,0,5516,689.500
1764840236.5758085,1,1,3686,460.750
1764840236.5798812,0,0,-530,-66.250
1764840236.5838742,0,0,-1792,-224.000
1764840236.5878716,0,0,2933,366.625
1764840236.591872,0,0,5395,674.375
1764840236.5958652,1,1,3522,440.250
1764840236.5998735,0,0,-695,-86.875
1764840236.6038785,0,0,-1521,-190.125
1764840236.6078727,0,0,2790,348.750
1764840236.6118639,0,0,5369,671.125
1764840236.6158473,1,1,3663,457.875
1764840236.6198516,0,0,-548,-68.500
1764840236.6238673,0,0,-1518,-189.750
1764840236.6278687,0,0,2457,307.125
1764840236.631861,0,0,5271,658.875
1764840236.6358447,1,1,3675,459.375
1764840236.6398466,0,0,-516,-64.500
1764840236.6438727,0,0,-1491,-186.375
1764840236.6478705,0,0,2218,277.250
1764840236.6518753,0,0,5202,650.250
1764840236.6558661,1,1,3673,459.125
1764840236.6598668,0,0,-508,-63.500
1764840236.6638727,0,0,-1499,-187.375
1764840236.6744707,0,0,3685,460.625
1764840236.676377,1,1,-504,-63.000
1764840236.6798923,0,0,-1520,-190.000
1764840236.6838152,0,0,-1520,-190.000
1764840236.6878095,0,0,5341,667.625
1764840236.6918266,0,0,4553,569.125
1764840236.695823,1,1,556,69.500
1764840236.6998222,0,0,-2158,-269.750
1764840236.7038155,0,0,2032,254.000
1764840236.7078094,0,0,5139,642.375
1764840236.7118287,0,0,3879,484.875
1764840236.7158248,1,1,-294,-36.750
1764840236.7198212,0,0,-1498,-187.250
1764840236.7238247,0,0,1730,216.250
1764840236.727823,0,0,5089,636.125
1764840236.731827,0,0,4147,518.375
1764840236.7358224,1,1,51,6.375
1764840236.7398167,0,0,-1636,-204.500
1764840236.7438202,0,0,1535,191.875
1764840236.747821,0,0,5031,628.875
1764840236.7518258,0,0,4211,526.375
1764840236.7558205,1,1,145,18.125
1764840236.759821,0,0,-1598,-199.750
1764840236.7638264,0,0,1264,158.000
1764840236.7678213,0,0,4965,620.625
1764840236.7718244,0,0,4405,550.625
1764840236.7758212,1,1,431,53.875
1764840236.7798362,0,0,-1429,-178.625
1764840236.7838144,0,0,763,95.375
1764840236.787803,0,0,4779,597.375
1764840236.791826,0,0,4144,518.000
1764840236.7958245,1,1,110,13.750
1764840236.7998335,0,0,-1499,-187.375
1764840236.8038228,0,0,1158,144.750
1764840236.807804,0,0,4979,622.375
1764840236.811805,0,0,4902,612.750
1764840236.8158088,1,1,1200,150.000
1764840236.8198087,0,0,-1896,-237.000
1764840236.8238077,0,0,806,100.750
1764840236.8278017,0,0,4772,596.500
1764840236.8318183,0,0,4252,531.500
1764840236.8358252,1,1,247,30.875
1764840236.8398242,0,0,-1438,-179.750
1764840236.8438287,0,0,808,101.000
1764840236.847819,0,0,4833,604.125
1764840236.8518267,0,0,4870,608.750
1764840236.8558226,1,1,1200,150.000
1764840236.859823,0,0,-1547,-193.375
1764840236.8638256,0,0,432,54.000
1764840236.8678203,0,0,4642,580.250
1764840236.871913,0,0,4431,553.875
1764840236.8758366,1,1,541,67.625
1764840236.8798256,0,0,-1405,-175.625
1764840236.8838584,0,0,452,56.500
1764840236.8878071,0,0,4688,586.000
1764840236.8918197,0,0,4914,614.250
1764840236.8958192,1,1,1329,166.125
1764840236.8998203,0,0,-1679,-209.875
1764840236.9038167,0,0,448,56.000
1764840236.9078057,0,0,4662,582.750
1764840236.9118233,0,0,4986,623.250
1764840236.9158208,1,1,1493,186.625
1764840236.919821,0,0,-1607,-200.875
1764840236.9238253,0,0,169,21.125
1764840236.9278197,0,0,4514,564.250
1764840236.9318266,0,0,4877,609.625
1764840236.9358177,1,1,1358,169.750
1764840236.9398267,0,0,-1500,-187.500
1764840236.9438252,0,0,52,6.500
1764840236.9478211,0,0,4433,554.125
1764840236.9518259,0,0,4845,605.625
1764840236.9558299,1,1,1332,166.500
1764840236.9598181,0,0,-1469,-183.625
1764840236.9638262,0,0,-22,-2.750
1764840236.9678214,0,0,4378,547.250
1764840236.9718351,0,0,5062,632.750
1764840236.9758177,1,1,1821,227.625
1764840236.9798205,0,0,-1512,-189.000
1764840236.9838586,0,0,-155,-19.375
1764840236.9878297,0,0,4295,536.875
1764840236.9918242,0,0,5069,633.625
1764840236.9958181,1,1,1910,238.750
1764840236.9998288,0,0,-1560,-195.000
1764840237.003821,0,0,-312,-39.000
1764840237.0078065,0,0,4181,522.625
1764840237.01183,0,0,4950,618.750
1764840237.01582,1,1,1713,214.125
1764840237.0198185,0,0,-1395,-174.375
1764840237.0238104,0,0,-317,-39.625
1764840237.027814,0,0,4102,512.750
1764840237.031821,0,0,5169,646.125
1764840237.035819,1,1,2327,290.875
1764840237.0398178,0,0,-1474,-184.250
1764840237.0438242,0,0,-532,-66.500
1764840237.0478184,0,0,3985,498.125
1764840237.0518172,0,0,4992,624.000
1764840237.0558045,1,1,1963,245.375
1764840237.0598118,0,0,-1418,-177.250
1764840237.063818,0,0,-504,-63.000
1764840237.0678146,0,0,3926,490.750
1764840237.0719168,0,0,5016,627.000
1764840237.0758355,1,1,2068,258.500
1764840237.0798228,0,0,-1390,-173.750
1764840237.0838485,0,0,-561,-70.125
1764840237.0878026,0,0,3867,483.375
1764840237.0918162,0,0,5260,657.500
1764840237.0958202,1,1,2917,364.625
1764840237.0998178,0,0,-1213,-151.625
1764840237.1038105,0,0,-889,-111.125
1764840237.1078014,0,0,3798,474.750
1764840237.1118214,0,0,5207,650.875
1764840237.115832,1,1,2903,362.875
1764840237.1198204,0,0,-1215,-151.875
1764840237.1238217,0,0,-932,-116.500
1764840237.1278167,0,0,3572,446.500
1764840237.1318297,0,0,5002,625.250
1764840237.1358192,1,1,2440,305.000
1764840237.1398177,0,0,-1301,-162.625
1764840237.1438196,0,0,-926,-115.750
1764840237.1478255,0,0,3212,401.500
1764840237.1518195,0,0,4974,621.750
1764840237.155818,1,1,2622,327.750
1764840237.15982,0,0,-1282,-160.250
1764840237.1638246,0,0,-1182,-147.750
1764840237.1678162,0,0,2493,311.625
1764840237.1718295,0,0,4561,570.125
1764840237.175815,1,1,1812,226.500
1764840237.1798184,0,0,-1357,-169.625
1764840237.1838515,0,0,-1161,-145.125
1764840237.187831,0,0,2641,330.125
1764840237.191819,0,0,4898,612.250
1764840237.195834,1,1,2500,312.500
1764840237.1998277,0,0,-1305,-163.125
1764840237.2038205,0,0,-1191,-148.875
1764840237.2078042,0,0,2436,304.500
1764840237.2118278,0,0,4837,604.625
1764840237.2158165,1,1,2335,291.875
1764840237.2198179,0,0,-1347,-168.375
1764840237.223812,0,0,-1181,-147.625
1764840237.2278025,0,0,2415,301.875
1764840237.2318172,0,0,5073,634.125
1764840237.2358136,1,1,2953,369.125
1764840237.2398148,0,0,-1146,-143.250
1764840237.2440975,0,0,-1183,-147.875
1764840237.2480373,0,0,2102,262.750
1764840237.251846,0,0,4924,615.500
1764840237.2558112,1,1,2614,326.750
1764840237.2598126,0,0,-1283,-160.375
1764840237.2638156,0,0,-1166,-145.750
1764840237.2678244,0,0,2092,261.500
1764840237.2719,0,0,5116,639.500
1764840237.2758274,1,1,3098,387.250
1764840237.2798152,0,0,-1032,-129.000
1764840237.2838273,0,0,-1100,-137.500
1764840237.2878556,0,0,1371,171.375
1764840237.291819,0,0,4759,594.875
1764840237.2958095,1,1,2497,312.125
1764840237.299823,0,0,-1370,-171.250
1764840237.303812,0,0,-1085,-135.625
1764840237.3078122,0,0,1612,201.500
1764840237.311813,0,0,5137,642.125
1764840237.3158004,1,1,3240,405.000
1764840237.319799,0,0,-907,-113.375
1764840237.3238153,0,0,-1266,-158.250
1764840237.3278139,0,0,1814,226.750
1764840237.3318174,0,0,5375,671.875
1764840237.335814,1,1,3810,476.250
1764840237.3398106,0,0,-382,-47.750
1764840237.343813,0,0,1538,192.250
1764840237.347811,0,0,5273,659.125
1764840237.3518167,0,0,3682,460.250
1764840237.355812,1,1,-509,-63.625
1764840237.35981,0,0,-1390,-173.750
1764840237.3638153,0,0,1399,174.875
1764840237.3678122,0,0,5302,662.750
1764840237.371818,0,0,3906,488.250
1764840237.3758123,1,1,-277,-34.625
1764840237.379813,0,0,-1460,-182.500
1764840237.383814,0,0,1416,177.000
1764840237.387888,0,0,5394,674.250
1764840237.3918653,0,0,4282,535.250
1764840237.3958552,1,1,127,15.875
1764840237.3998547,0,0,-1557,-194.625
1764840237.4038558,0,0,1314,164.250
1764840237.4078536,0,0,5382,672.750
1764840237.4118564,0,0,4424,553.000
1764840237.415853,1,1,289,36.125
1764840237.4198642,0,0,-1573,-196.625
1764840237.423864,0,0,1210,151.250
1764840237.4278529,0,0,5376,672.000
1764840237.4318511,0,0,4660,582.500
1764840237.4358552,1,1,583,72.875
1764840237.4398587,0,0,-1725,-215.625
1764840237.443851,0,0,1259,157.375
1764840237.4478366,0,0,5400,675.000
1764840237.4518564,0,0,4936,617.000
1764840237.455857,1,1,951,118.875
1764840237.4598684,0,0,-1715,-214.375
1764840237.46386,0,0,950,118.750
1764840237.4678519,0,0,5242,655.250
1764840237.4719508,0,0,4749,593.625
1764840237.475888,1,1,734,91.750
1764840237.4798615,0,0,-1767,-220.875
1764840237.4838622,0,0,1049,131.125
1764840237.4879327,0,0,5287,660.875
1764840237.4918156,0,0,5141,642.625
1764840237.495814,1,1,1303,162.875
1764840237.4998262,0,0,-1923,-240.375
1764840237.503807,0,0,841,105.125
1764840237.5077996,0,0,5157,644.625
1764840237.5118124,0,0,4995,624.375
1764840237.5158074,1,1,1116,139.500
1764840237.5198116,0,0,-1555,-194.375
1764840237.523815,0,0,375,46.875
1764840237.5278091,0,0,4928,616.000
1764840237.53181,0,0,4807,600.875
1764840237.5358074,1,1,899,112.375
1764840237.5398073,0,0,-1519,-189.875
1764840237.5438132,0,0,316,39.500
1764840237.5478148,0,0,4903,612.875
1764840237.5518134,0,0,5093,636.625
1764840237.555794,1,1,1358,169.750
1764840237.559806,0,0,-1573,-196.625
1764840237.5638132,0,0,180,22.500
1764840237.5678127,0,0,4812,601.500
1764840237.5718079,0,0,5108,638.500
1764840237.5757973,1,1,1418,177.250
1764840237.5797935,0,0,-1584,-198.000
1764840237.5838156,0,0,121,15.125
1764840237.5878139,0,0,4764,595.500
1764840237.5918536,0,0,5218,652.250
1764840237.5958097,1,1,1632,204.000
1764840237.5998113,0,0,-1531,-191.375
1764840237.603817,0,0,7,0.875
1764840237.6078126,0,0,4668,583.500
1764840237.6118083,0,0,5319,664.875
1764840237.6157963,1,1,1879,234.875
1764840237.6197948,0,0,-1537,-192.125
1764840237.6238108,0,0,-141,-17.625
1764840237.6278093,0,0,4539,567.375
1764840237.6318157,0,0,5258,657.250
1764840237.6358109,1,1,1826,228.250
1764840237.6398096,0,0,-1455,-181.875
1764840237.6438136,0,0,-262,-32.750
1764840237.6478128,0,0,4404,550.500
1764840237.6518173,0,0,5313,664.125
1764840237.655811,1,1,2013,251.625
1764840237.6598115,0,0,-1415,-176.875
1764840237.6638238,0,0,-471,-58.875
1764840237.667808,0,0,4186,523.250
1764840237.6771512,1,1,1659,207.375
1764840237.6798332,0,0,-1511,-188.875
1764840237.6838136,0,0,-416,-52.000
1764840237.6877952,0,0,4259,532.375
1764840237.6917982,0,0,5394,674.250
1764840237.6957965,1,1,2260,282.500
1764840237.6997988,0,0,-1375,-171.875
1764840237.7038841,0,0,-611,-76.375
1764840237.707821,0,0,4025,503.125
1764840237.7118192,0,0,5214,651.750
1764840237.7158124,1,1,1983,247.875
1764840237.7198098,0,0,-1455,-181.875
1764840237.7238123,0,0,-696,-87.000
1764840237.727808,0,0,3910,488.750
1764840237.7318144,0,0,5275,659.375
1764840237.7358098,1,1,2162,270.250
1764840237.7398262,0,0,-1411,-176.375
1764840237.7438157,0,0,-763,-95.375
1764840237.7478075,0,0,3829,478.625
1764840237.7518125,0,0,5272,659.000
1764840237.7558088,1,1,2182,272.750
1764840237.7598066,0,0,-1379,-172.375
1764840237.7638106,0,0,-877,-109.625
1764840237.7678072,0,0,3641,455.125
1764840237.7718103,0,0,5205,650.625
1764840237.7758052,1,1,2107,263.375
1764840237.7798095,0,0,-1420,-177.500
1764840237.7838147,0,0,-962,-120.250
1764840237.787807,0,0,3500,437.500
1764840237.7918491,0,0,5338,667.250
1764840237.7958064,1,1,2469,308.625
1764840237.799812,0,0,-1368,-171.000
1764840237.8038037,0,0,-929,-116.125
1764840237.807793,0,0,3578,447.250
1764840237.811805,0,0,5479,684.875
1764840237.8158069,1,1,2768,346.000
1764840237.8198092,0,0,-1279,-159.875
1764840237.8238108,0,0,-1050,-131.250
1764840237.8278136,0,0,3382,422.750
1764840237.8318105,0,0,5477,684.625
1764840237.835792,1,1,2898,362.250
1764840237.8397942,0,0,-1200,-150.000
1764840237.843811,0,0,-1047,-130.875
1764840237.8478076,0,0,3378,422.250
1764840237.8518023,0,0,5581,697.625
1764840237.855791,1,1,3242,405.250
1764840237.8597896,0,0,-935,-116.875
1764840237.8638175,0,0,-1214,-151.750
1764840237.8678105,0,0,3208,401.000
1764840237.871812,0,0,5497,687.125
1764840237.8758934,1,1,3126,390.750
1764840237.879822,0,0,-1036,-129.500
1764840237.8838074,0,0,-1210,-151.250
1764840237.887794,0,0,3117,389.625
1764840237.891846,0,0,5530,691.250
1764840237.8958087,1,1,3335,416.875
1764840237.8998077,0,0,-859,-107.375
1764840237.9037995,0,0,-1307,-163.375
1764840237.907793,0,0,2831,353.875
1764840237.9118104,0,0,5423,677.875
1764840237.9158077,1,1,3229,403.625
1764840237.9198055,0,0,-935,-116.875
1764840237.9238102,0,0,-1229,-153.625
1764840237.9278078,0,0,2111,263.875
1764840237.9318113,0,0,5050,631.250
1764840237.9358084,1,1,2604,325.500
1764840237.939805,0,0,-1343,-167.875
1764840237.943807,0,0,-1171,-146.375
1764840237.9478118,0,0,2789,348.625
1764840237.95181,0,0,5664,708.000
1764840237.9557924,1,1,4018,502.250
1764840237.95979,0,0,-187,-23.375
1764840237.963805,0,0,-1646,-205.750
1764840237.967804,0,0,2587,323.375
1764840237.9718037,0,0,5582,697.750
1764840237.975792,1,1,3995,499.375
1764840237.9797895,0,0,-213,-26.625
1764840237.9838061,0,0,-1637,-204.625
1764840237.9878054,0,0,2403,300.375
1764840237.9918118,0,0,5531,691.375
1764840237.9958436,1,1,-124,-15.500
1764840237.9998102,0,0,-1716,-214.500
1764840238.0038114,0,0,2239,279.875
1764840238.0078044,0,0,5458,682.250
1764840238.0118127,0,0,4017,502.125
1764840238.015808,1,1,-186,-23.250
1764840238.0198078,0,0,-1537,-192.125
1764840238.0238094,0,0,2002,250.250
1764840238.0278032,0,0,5437,679.625
1764840238.031808,0,0,4317,539.625
1764840238.0358064,1,1,174,21.750
1764840238.0398078,0,0,-1623,-202.875
1764840238.043812,0,0,1728,216.000
1764840238.0478072,0,0,5308,663.500
1764840238.051798,0,0,4068,508.500
1764840238.0557902,1,1,-115,-14.375
1764840238.059801,0,0,-1498,-187.250
1764840238.0638087,0,0,1553,194.125
1764840238.0678043,0,0,5279,659.875
1764840238.0718083,0,0,4186,523.250
1764840238.0758922,1,1,25,3.125
1764840238.079824,0,0,-1542,-192.750
1764840238.0838082,0,0,1405,175.625
1764840238.0877895,0,0,5274,659.250
1764840238.0918043,0,0,4423,552.875
1764840238.095841,1,1,316,39.500
1764840238.099809,0,0,-1533,-191.625
1764840238.1038005,0,0,1156,144.500
1764840238.107791,0,0,5181,647.625
1764840238.1118057,0,0,4339,542.375
1764840238.1158004,1,1,220,27.500
1764840238.1198018,0,0,-1417,-177.125
1764840238.1238072,0,0,881,110.125
1764840238.1278026,0,0,5108,638.500
1764840238.1318033,0,0,4392,549.000
1764840238.1357987,1,1,293,36.625
1764840238.1397986,0,0,-1441,-180.125
1764840238.1438022,0,0,839,104.875
1764840238.1478035,0,0,5137,642.125
1764840238.1518018,0,0,4663,582.875
1764840238.155797,1,1,639,79.875
1764840238.1598005,0,0,-1478,-184.750
1764840238.163806,0,0,682,85.250
1764840238.167799,0,0,5094,636.750
1764840238.1718042,0,0,4822,602.750
1764840238.1757972,1,1,870,108.750
1764840238.1797981,0,0,-1433,-179.125
1764840238.1838043,0,0,470,58.750
1764840238.187801,0,0,4991,623.875
1764840238.191804,0,0,4800,600.000
1764840238.1958005,1,1,859,107.375
1764840238.1998014,0,0,-1408,-176.000
1764840238.2038035,0,0,293,36.625
1764840238.2078001,0,0,4897,612.125
1764840238.2118044,0,0,4801,600.125
1764840238.2157974,1,1,879,109.875
1764840238.2197976,0,0,-1478,-184.750
1764840238.2237997,0,0,292,36.500
1764840238.2278292,0,0,4920,615.000
1764840238.2318168,0,0,5076,634.500
1764840238.2358034,1,1,1285,160.625
1764840238.239801,0,0,-1511,-188.875
1764840238.244049,0,0,141,17.625
1764840238.24802,0,0,4817,602.125
1764840238.2518327,0,0,5013,626.625
1764840238.255803,1,1,1215,151.875
1764840238.2597985,0,0,-1499,-187.375
1764840238.2637997,0,0,102,12.750
1764840238.2677956,0,0,4795,599.375
1764840238.2718103,0,0,5180,647.500
1764840238.2758803,1,1,1496,187.000
1764840238.2798183,0,0,-1520,-190.000
1764840238.2838058,0,0,75,9.375
1764840238.2877982,0,0,4774,596.750
1764840238.2918043,0,0,5428,678.500
1764840238.2958019,1,1,1975,246.875
1764840238.2998047,0,0,-1422,-177.750
1764840238.3039804,0,0,-173,-21.625
1764840238.3077886,0,0,4557,569.625
1764840238.311798,0,0,5198,649.750
1764840238.3157887,1,1,1637,204.625
1764840238.3197868,0,0,-1430,-178.750
1764840238.3237875,0,0,-259,-32.375
1764840238.3277845,0,0,4470,558.750
1764840238.3317912,0,0,5318,664.750
1764840238.3357844,1,1,1900,237.500
1764840238.339787,0,0,-1415,-176.875
1764840238.3437865,0,0,-379,-47.375
1764840238.3477883,0,0,4353,544.125
1764840238.351809,0,0,5355,669.375
1764840238.3557878,1,1,2025,253.125
1764840238.359788,0,0,-1467,-183.375
1764840238.3637896,0,0,-420,-52.500
1764840238.3677862,0,0,4318,539.750
1764840238.371799,0,0,5409,676.125
1764840238.3758025,1,1,2160,270.000
1764840238.379804,0,0,-1414,-176.750
1764840238.383793,0,0,-582,-72.750
1764840238.3877835,0,0,4123,515.375
1764840238.391798,0,0,5335,666.875
1764840238.3957975,1,1,2100,262.500
1764840238.3998415,0,0,-1439,-179.875
1764840238.4038064,0,0,-649,-81.125
1764840238.4077992,0,0,4037,504.625
1764840238.4118006,0,0,5375,671.875
1764840238.4157963,1,1,2229,278.625
1764840238.4198008,0,0,-1420,-177.500
1764840238.4237995,0,0,-712,-89.000
1764840238.4277992,0,0,3958,494.750
1764840238.4318,0,0,5354,669.250
1764840238.4357948,1,1,2218,277.250
1764840238.4397988,0,0,-1431,-178.875
1764840238.4437985,0,0,-736,-92.000
1764840238.4477978,0,0,3916,489.500
1764840238.451801,0,0,5565,695.625
1764840238.4557972,1,1,2762,345.250
1764840238.459797,0,0,-1290,-161.250
1764840238.4637992,0,0,-844,-105.500
1764840238.467798,0,0,3771,471.375
1764840238.471803,0,0,5486,685.750
1764840238.4760015,1,1,2664,333.000
1764840238.4798162,0,0,-1337,-167.125
1764840238.4838052,0,0,-870,-108.750
