Timestamp,LO_plus,LO_minus,Raw_ADC,Voltage_mV
1765544817.4491148,0,0,10630,1328.750
1765544817.4509094,0,0,10630,1328.750
1765544817.4526162,0,0,7836,979.500
1765544817.455262,0,0,14653,1831.625
1765544817.4592607,0,0,17094,2136.750
1765544817.4632607,0,0,14152,1769.000
1765544817.4672556,1,1,10511,1313.875
1765544817.4712613,0,0,8266,1033.250
1765544817.4752612,0,0,15604,1950.500
1765544817.4792585,0,0,18098,2262.250
1765544817.4832597,0,0,14785,1848.125
1765544817.487257,1,1,10746,1343.250
1765544817.4912653,0,0,8170,1021.250
1765544817.4952605,0,0,15443,1930.375
1765544817.49926,0,0,18216,2277.000
1765544817.50327,0,0,15007,1875.875
1765544817.507271,1,1,10918,1364.750
1765544817.5113127,0,0,8180,1022.500
1765544817.5152676,0,0,15368,1921.000
1765544817.5192606,0,0,18382,2297.750
1765544817.5232737,0,0,15285,1910.625
1765544817.5272748,1,1,11120,1390.000
1765544817.531308,0,0,7967,995.875
1765544817.5352693,0,0,14397,1799.625
1765544817.5392604,0,0,17610,2201.250
1765544817.543269,0,0,14799,1849.875
1765544817.547256,1,1,10957,1369.625
1765544817.5512576,0,0,8266,1033.250
1765544817.5552568,0,0,15267,1908.375
1765544817.5592582,0,0,18626,2328.250
1765544817.5632706,0,0,15747,1968.375
1765544817.5672696,1,1,11479,1434.875
1765544817.5713127,0,0,8162,1020.250
1765544817.5752661,0,0,14752,1844.000
1765544817.5792656,0,0,18510,2313.750
1765544817.583266,0,0,15802,1975.250
1765544817.5872664,1,1,11554,1444.250
1765544817.5912654,0,0,8255,1031.875
1765544817.5952542,0,0,14711,1838.875
1765544817.599256,0,0,18622,2327.750
1765544817.6032703,0,0,16046,2005.750
1765544817.6072693,1,1,11740,1467.500
1765544817.611308,0,0,8066,1008.250
1765544817.6152644,0,0,13896,1737.000
1765544817.6192575,0,0,18252,2281.500
1765544817.6232667,0,0,15821,1977.625
1765544817.627266,1,1,11622,1452.750
1765544817.6312675,0,0,8072,1009.000
1765544817.6352522,0,0,13935,1741.875
1765544817.639261,0,0,18475,2309.375
1765544817.6433315,0,0,16212,2026.500
1765544817.6472905,1,1,11919,1489.875
1765544817.6512725,0,0,8307,1038.375
1765544817.6552565,0,0,13816,1727.000
1765544817.6592584,0,0,18451,2306.375
1765544817.6632676,0,0,16257,2032.125
1765544817.667264,1,1,11958,1494.750
1765544817.6712685,0,0,8261,1032.625
1765544817.6752539,0,0,13445,1680.625
1765544817.6792543,0,0,18412,2301.500
1765544817.6832697,0,0,16436,2054.500
1765544817.6872714,1,1,12129,1516.125
1765544817.6912692,0,0,8272,1034.000
1765544817.6952631,0,0,13159,1644.875
1765544817.699265,0,0,18415,2301.875
1765544817.7032704,0,0,16676,2084.500
1765544817.7073154,1,1,12353,1544.125
1765544817.7112734,0,0,8358,1044.750
1765544817.7152555,0,0,12644,1580.500
1765544817.719255,0,0,18202,2275.250
1765544817.723268,0,0,16611,2076.375
1765544817.7272637,1,1,12336,1542.000
1765544817.7312906,0,0,8417,1052.125
1765544817.7352781,0,0,12467,1558.375
1765544817.7392569,0,0,18214,2276.750
1765544817.743266,0,0,16801,2100.125
1765544817.7472637,1,1,12515,1564.375
1765544817.751266,0,0,8513,1064.125
1765544817.7552497,0,0,12228,1528.500
1765544817.7592533,0,0,18222,2277.750
1765544817.7634647,0,0,17073,2134.125
1765544817.7674615,1,1,12784,1598.000
1765544817.771288,0,0,8673,1084.125
1765544817.7752624,0,0,11872,1484.000
1765544817.7792625,0,0,18071,2258.875
1765544817.7832727,0,0,17070,2133.750
1765544817.787299,1,1,12813,1601.625
1765544817.791287,0,0,8738,1092.250
1765544817.7952662,0,0,11553,1444.125
1765544817.799261,0,0,17930,2241.250
1765544817.8032653,0,0,17065,2133.125
1765544817.8072639,1,1,12838,1604.750
1765544817.811314,0,0,8807,1100.875
1765544817.8152647,0,0,11186,1398.250
1765544817.8192542,0,0,17821,2227.625
1765544817.8232563,0,0,17217,2152.125
1765544817.827254,1,1,13024,1628.000
1765544817.8312552,0,0,8953,1119.125
1765544817.8352537,0,0,10742,1342.750
1765544817.8392527,0,0,17657,2207.125
1765544817.8433547,0,0,17366,2170.750
1765544817.8473034,1,1,13224,1653.000
1765544817.8512857,0,0,9151,1143.875
1765544817.8552604,0,0,10744,1343.000
1765544817.8592541,0,0,17625,2203.125
1765544817.8632562,0,0,17350,2168.750
1765544817.8672528,1,1,13208,1651.000
1765544817.871254,0,0,9120,1140.000
1765544817.8752542,0,0,9776,1222.000
1765544817.8792522,0,0,17083,2135.375
1765544817.8832572,0,0,17316,2164.500
1765544817.8872514,1,1,13327,1665.875
1765544817.8912566,0,0,9301,1162.625
1765544817.8952634,0,0,9923,1240.375
1765544817.8992631,0,0,17348,2168.500
1765544817.9032624,0,0,17793,2224.125
1765544817.9073355,1,1,13801,1725.125
1765544817.9112916,0,0,9659,1207.375
1765544817.9152637,0,0,9929,1241.125
1765544817.9192598,0,0,17290,2161.250
1765544817.9232647,0,0,17820,2227.500
1765544817.9272606,1,1,13850,1731.250
1765544817.931263,0,0,9736,1217.000
1765544817.935293,0,0,9606,1200.750
1765544817.9392774,0,0,17138,2142.250
1765544817.9432604,0,0,17991,2248.875
1765544817.947252,1,1,14114,1764.250
1765544817.9512553,0,0,9964,1245.500
1765544817.9552598,0,0,9402,1175.250
1765544817.959262,0,0,16887,2110.875
1765544817.9632573,0,0,17878,2234.750
1765544817.9673717,1,1,14043,1755.375
1765544817.9713504,0,0,9968,1246.000
1765544817.975326,0,0,9515,1189.375
1765544817.9793472,0,0,17104,2138.000
1765544817.983337,0,0,14643,1830.375
1765544817.9873352,1,1,10375,1296.875
1765544817.9913368,0,0,8967,1120.875
1765544817.9953196,0,0,16561,2070.125
1765544817.9993858,0,0,18145,2268.125
1765544818.0033453,0,0,14509,1813.625
1765544818.007325,1,1,10329,1291.125
1765544818.0113273,0,0,8320,1040.000
1765544818.015335,0,0,15811,1976.375
1765544818.0193348,0,0,17804,2225.500
1765544818.02333,0,0,14303,1787.875
1765544818.0273216,1,1,10280,1285.000
1765544818.0313275,0,0,8452,1056.500
1765544818.0353227,0,0,16003,2000.375
1765544818.0393221,0,0,18106,2263.250
1765544818.0434096,0,0,14646,1830.750
1765544818.0473926,1,1,10511,1313.875
1765544818.051377,0,0,8585,1073.125
1765544818.0553274,0,0,16147,2018.375
1765544818.0593457,0,0,18429,2303.625
1765544818.0633526,0,0,15106,1888.250
1765544818.0674472,1,0,10843,1355.375
1765544818.0714004,0,0,8308,1038.500
1765544818.075396,0,0,15583,1947.875
1765544818.0794044,0,0,18180,2272.500
1765544818.0834038,0,0,14922,1865.250
1765544818.0873954,1,1,10751,1343.875
1765544818.0914,0,0,7890,986.250
1765544818.0953953,0,0,14840,1855.000
1765544818.0993927,0,0,17900,2237.500
1765544818.1034112,0,0,14820,1852.500
1765544818.1074085,1,1,10741,1342.625
1765544818.1114144,0,0,7905,988.125
1765544818.115408,0,0,14857,1857.125
1765544818.1194072,0,0,18134,2266.750
1765544818.1234121,0,0,15161,1895.125
1765544818.1274047,1,0,10979,1372.375
1765544818.131409,0,0,7895,986.875
1765544818.1354177,0,0,14695,1836.875
1765544818.1394658,0,0,18245,2280.625
1765544818.1434188,0,0,15426,1928.250
1765544818.14739,1,1,11188,1398.500
1765544818.1514013,0,0,7855,981.875
1765544818.155466,0,0,14202,1775.250
1765544818.1594229,0,0,18037,2254.625
1765544818.1634068,0,0,15325,1915.625
1765544818.1674845,1,1,11150,1393.750
1765544818.1713572,0,0,8005,1000.625
1765544818.175353,0,0,14592,1824.000
1765544818.1793518,0,0,18503,2312.875
1765544818.1833537,0,0,16008,2001.000
1765544818.187355,1,1,11653,1456.625
1765544818.1913543,0,0,8036,1004.500
1765544818.1953518,0,0,13884,1735.500
1765544818.1993523,0,0,18133,2266.625
1765544818.203398,0,0,15674,1959.250
1765544818.207413,1,0,11427,1428.375
1765544818.2113793,0,0,7899,987.375
1765544818.2153525,0,0,13456,1682.000
1765544818.2193534,0,0,18037,2254.625
1765544818.2233684,0,0,15747,1968.375
1765544818.2273684,1,1,11516,1439.500
1765544818.2313666,0,0,8000,1000.000
1765544818.2353773,0,0,13549,1693.625
1765544818.2393515,0,0,18305,2288.125
1765544818.243441,0,0,16246,2030.750
1765544818.2473836,1,0,11912,1489.000
1765544818.2513711,0,0,8142,1017.750
1765544818.2553658,0,0,13369,1671.125
1765544818.259364,0,0,18348,2293.500
1765544818.2634084,0,0,16511,2063.875
1765544818.2674289,1,0,12154,1519.250
1765544818.2713776,0,0,8074,1009.250
1765544818.275349,0,0,12450,1556.250
1765544818.279349,0,0,17930,2241.250
1765544818.2833683,0,0,16254,2031.750
1765544818.287364,1,1,11997,1499.625
1765544818.29137,0,0,8067,1008.375
1765544818.2953563,0,0,12320,1540.000
1765544818.29935,0,0,18020,2252.500
1765544818.303353,0,0,16564,2070.500
1765544818.3073533,1,1,12271,1533.875
1765544818.3113527,0,0,8235,1029.375
1765544818.3153648,0,0,11947,1493.375
1765544818.3193617,0,0,17846,2230.750
1765544818.3233564,0,0,16511,2063.875
1765544818.3273475,1,1,12259,1532.375
1765544818.3313513,0,0,8244,1030.500
1765544818.3353658,0,0,11521,1440.125
1765544818.339367,0,0,17685,2210.625
1765544818.343372,0,0,16548,2068.500
1765544818.3474302,1,0,12332,1541.500
1765544818.3514104,0,0,8475,1059.375
1765544818.3553789,0,0,11957,1494.625
1765544818.359367,0,0,18064,2258.000
1765544818.3633513,0,0,17130,2141.250
1765544818.367385,1,0,12841,1605.125
1765544818.3713505,0,0,8640,1080.000
1765544818.3753486,0,0,11041,1380.125
1765544818.3793511,0,0,17619,2202.375
1765544818.3833508,0,0,16941,2117.625
1765544818.3873444,1,0,12747,1593.375
1765544818.391356,0,0,8646,1080.750
1765544818.3953648,0,0,10480,1310.000
1765544818.3993657,0,0,17294,2161.750
1765544818.4033704,0,0,16847,2105.875
1765544818.4074144,0,0,12735,1591.875
1765544818.4113781,0,0,8765,1095.625
1765544818.4153512,0,0,10576,1322.000
1765544818.419346,0,0,17503,2187.875
1765544818.4233694,0,0,17249,2156.125
1765544818.4273646,1,1,13107,1638.375
1765544818.4313667,0,0,8995,1124.375
1765544818.4353502,0,0,10094,1261.750
1765544818.4393468,0,0,17180,2147.500
1765544818.4490216,0,0,9108,1138.500
1765544818.4513826,0,0,9108,1138.500
1765544818.4553497,0,0,10602,1325.250
1765544818.4593458,0,0,17603,2200.375
1765544818.4633622,0,0,17676,2209.500
1765544818.4673922,1,1,13577,1697.125
1765544818.4713516,0,0,9361,1170.125
1765544818.4753444,0,0,9561,1195.125
1765544818.4793437,0,0,16978,2122.250
1765544818.4833503,0,0,17484,2185.500
1765544818.4873466,1,1,13520,1690.000
1765544818.4913476,0,0,9427,1178.375
1765544818.4953501,0,0,9311,1163.875
1765544818.4993453,0,0,16807,2100.875
1765544818.5033543,0,0,17534,2191.750
1765544818.5073473,1,1,13627,1703.375
1765544818.511348,0,0,9575,1196.875
1765544818.5153482,0,0,16916,2114.500
1765544818.519346,0,0,17841,2230.125
1765544818.5233657,0,0,13986,1748.250
1765544818.527362,1,1,9837,1229.625
1765544818.5313683,0,0,9094,1136.750
1765544818.5353675,0,0,16686,2085.750
1765544818.5393643,0,0,17879,2234.875
1765544818.5433745,0,0,14106,1763.250
1765544818.5473633,1,1,9970,1246.250
1765544818.551369,0,0,8963,1120.375
1765544818.5553482,0,0,16536,2067.000
1765544818.5593476,0,0,17902,2237.750
1765544818.563363,0,0,14187,1773.375
1765544818.567383,1,0,10050,1256.250
1765544818.571347,0,0,8409,1051.125
1765544818.5753496,0,0,15933,1991.625
1765544818.5793633,0,0,17693,2211.625
1765544818.5833652,0,0,14102,1762.750
1765544818.58736,1,1,10062,1257.750
1765544818.5913608,0,0,8369,1046.125
1765544818.595364,0,0,15988,1998.500
1765544818.5993614,0,0,17981,2247.625
1765544818.6033633,0,0,14487,1810.875
1765544818.6073577,1,1,10341,1292.625
1765544818.6113658,0,0,8336,1042.000
1765544818.6153631,0,0,15917,1989.625
1765544818.6193612,0,0,18187,2273.375
1765544818.6233652,0,0,14835,1854.375
1765544818.6273587,1,1,10601,1325.125
1765544818.6313598,0,0,7997,999.625
1765544818.635357,0,0,15190,1898.750
1765544818.6393592,0,0,17792,2224.000
1765544818.6433632,0,0,14519,1814.875
1765544818.6474419,0,1,10448,1306.000
1765544818.6513846,0,0,8006,1000.750
1765544818.6553524,0,0,15277,1909.625
1765544818.6593425,0,0,18056,2257.000
1765544818.663363,0,0,14875,1859.375
1765544818.6674013,1,1,10692,1336.500
1765544818.6713662,0,0,7964,995.500
1765544818.675343,0,0,15043,1880.375
1765544818.679342,0,0,18092,2261.500
1765544818.6833658,0,0,15037,1879.625
1765544818.6873643,0,0,10830,1353.750
1765544818.6913688,0,0,7976,997.000
1765544818.6953638,0,0,14925,1865.625
1765544818.6993587,0,0,18186,2273.250
1765544818.7033625,0,0,15257,1907.125
1765544818.7073617,1,1,11008,1376.000
1765544818.711364,0,0,8044,1005.500
1765544818.71536,0,0,14848,1856.000
1765544818.7193604,0,0,18321,2290.125
1765544818.7233703,0,0,15565,1945.625
1765544818.7273788,1,1,11248,1406.000
1765544818.731369,0,0,8007,1000.875
1765544818.7353501,0,0,14552,1819.000
1765544818.739342,0,0,18312,2289.000
1765544818.7433603,0,0,15714,1964.250
1765544818.74736,1,0,11383,1422.875
1765544818.751364,0,0,7940,992.500
1765544818.7553473,0,0,14051,1756.375
1765544818.759345,0,0,18114,2264.250
1765544818.7635365,0,0,15594,1949.250
1765544818.767656,1,0,11311,1413.875
1765544818.7714043,0,0,8457,1057.125
1765544818.7753613,0,0,15172,1896.500
1765544818.7793596,0,0,18916,2364.500
1765544818.7833586,0,0,17017,2127.125
1765544818.7873535,1,1,12521,1565.125
1765544818.791356,0,0,8161,1020.125
1765544818.7953568,0,0,12896,1612.000
1765544818.7993543,0,0,17632,2204.000
1765544818.8033617,0,0,15476,1934.500
1765544818.8073556,0,0,11313,1414.125
1765544818.8113625,0,0,7692,961.500
1765544818.8153644,0,0,12989,1623.625
1765544818.8193588,0,0,18025,2253.125
1765544818.8233511,0,0,16117,2014.625
1765544818.8273427,0,0,11803,1475.375
1765544818.8313475,0,0,7993,999.125
1765544818.8353581,0,0,13022,1627.750
1765544818.8393593,0,0,18160,2270.000
1765544818.8433647,0,0,16464,2058.000
1765544818.8474283,1,1,12108,1513.500
1765544818.8513765,0,0,8028,1003.500
1765544818.855344,0,0,12317,1539.625
1765544818.859356,0,0,17836,2229.500
1765544818.8633633,0,0,16239,2029.875
1765544818.867402,1,1,11956,1494.500
1765544818.8713624,0,0,8004,1000.500
1765544818.875343,0,0,11984,1498.000
1765544818.8793402,0,0,17763,2220.375
1765544818.8833485,0,0,16356,2044.500
1765544818.8873432,1,1,12086,1510.750
1765544818.8913522,0,0,8125,1015.625
1765544818.895359,0,0,11807,1475.875
1765544818.8993587,0,0,17765,2220.625
1765544818.9033628,0,0,16540,2067.500
1765544818.9073596,1,1,12268,1533.500
1765544818.9113612,0,0,8245,1030.625
1765544818.9153593,0,0,11475,1434.375
1765544818.9193573,0,0,17671,2208.875
1765544818.9233613,0,0,16649,2081.125
1765544818.927357,1,0,12401,1550.125
1765544818.9313803,0,0,8297,1037.125
1765544818.9353738,0,0,10904,1363.000
1765544818.939362,0,0,17449,2181.125
1765544818.9433503,0,0,16701,2087.625
1765544818.9473424,0,0,12508,1563.500
1765544818.9513469,0,0,8484,1060.500
1765544818.9553587,0,0,10725,1340.625
1765544818.9593563,0,0,17393,2174.125
1765544818.96335,0,0,16814,2101.750
1765544818.9673734,1,1,12642,1580.250
1765544818.9713492,0,0,8607,1075.875
1765544818.9753602,0,0,10611,1326.375
1765544818.9793594,0,0,17432,2179.000
1765544818.9833612,0,0,17077,2134.625
1765544818.987354,0,0,12914,1614.250
1765544818.9913597,0,0,8782,1097.750
1765544818.9953597,0,0,9862,1232.750
1765544818.9993582,0,0,16689,2086.125
1765544819.0033576,0,0,16527,2065.875
1765544819.0073538,1,0,12568,1571.000
1765544819.011361,0,0,8771,1096.375
1765544819.015356,0,0,10053,1256.625
1765544819.0193565,0,0,17198,2149.750
1765544819.0233617,0,0,17261,2157.625
1765544819.027353,1,1,13182,1647.750
1765544819.0313578,0,0,9106,1138.250
1765544819.0353556,0,0,9758,1219.750
1765544819.039356,0,0,17037,2129.625
1765544819.0433614,0,0,17355,2169.375
1765544819.0474288,1,1,9263,1157.875
1765544819.0513737,0,0,9568,1196.000
1765544819.0553432,0,0,16926,2115.750
1765544819.059343,0,0,17438,2179.750
1765544819.063359,0,0,13465,1683.125
1765544819.0673947,1,1,9414,1176.750
1765544819.0713556,0,0,9514,1189.250
1765544819.0753407,0,0,16942,2117.750
1765544819.0793517,0,0,17697,2212.125
1765544819.0833583,0,0,13792,1724.000
1765544819.0873551,0,0,9665,1208.125
1765544819.0913556,0,0,9445,1180.625
1765544819.0953546,0,0,16933,2116.625
1765544819.099353,0,0,17980,2247.500
1765544819.103358,0,0,14187,1773.375
1765544819.1073546,0,0,9951,1243.875
1765544819.1113584,0,0,9006,1125.750
1765544819.1153543,0,0,16471,2058.875
1765544819.1193507,0,0,17673,2209.125
1765544819.1233573,0,0,13903,1737.875
1765544819.1273549,1,0,9822,1227.750
1765544819.131404,0,0,8524,1065.500
1765544819.1353638,0,0,16092,2011.500
1765544819.1393547,0,0,17689,2211.125
1765544819.1433444,0,0,14047,1755.875
1765544819.1473393,0,0,9954,1244.250
1765544819.151349,0,0,8358,1044.750
1765544819.1553571,0,0,15967,1995.875
1765544819.1593533,0,0,17840,2230.000
1765544819.1633453,0,0,14305,1788.125
1765544819.1673527,1,1,10167,1270.875
1765544819.1713455,0,0,8378,1047.250
1765544819.175357,0,0,15891,1986.375
1765544819.1793547,0,0,17926,2240.750
1765544819.1833568,0,0,14459,1807.375
1765544819.187355,0,0,10290,1286.250
1765544819.1913567,0,0,8016,1002.000
1765544819.1953552,0,0,15455,1931.875
1765544819.1993525,0,0,17901,2237.625
1765544819.2033532,0,0,14584,1823.000
1765544819.2073512,0,0,10415,1301.875
1765544819.2113564,0,0,7703,962.875
1765544819.215343,0,0,14879,1859.875
1765544819.219336,0,0,17724,2215.500
1765544819.2233555,0,0,14549,1818.625
1765544819.2273517,0,0,10446,1305.750
1765544819.2313557,0,0,7738,967.250
1765544819.2353508,0,0,14817,1852.125
1765544819.239352,0,0,17844,2230.500
1765544819.2433574,0,0,14757,1844.625
1765544819.247421,1,0,10604,1325.500
1765544819.2513695,0,0,7805,975.625
1765544819.2553434,0,0,14923,1865.375
1765544819.2593393,0,0,18157,2269.625
1765544819.2633545,0,0,15251,1906.375
1765544819.2673905,1,1,10970,1371.250
1765544819.271354,0,0,7819,977.375
1765544819.2753344,0,0,14460,1807.500
1765544819.2793381,0,0,17934,2241.750
1765544819.2833595,0,0,15072,1884.000
1765544819.2873569,1,1,10860,1357.500
1765544819.2913544,0,0,7526,940.750
1765544819.295353,0,0,13711,1713.875
1765544819.2993524,0,0,17627,2203.375
1765544819.3033588,0,0,14968,1871.000
1765544819.307355,1,1,10857,1357.125
1765544819.3113546,0,0,7643,955.375
1765544819.315354,0,0,13848,1731.000
1765544819.319359,0,0,17910,2238.750
1765544819.3233547,0,0,15335,1916.875
1765544819.3273382,1,1,11098,1387.250
1765544819.3313453,0,0,7731,966.375
1765544819.3353524,0,0,13723,1715.375
1765544819.3393521,0,0,18002,2250.250
1765544819.3433423,0,0,15590,1948.750
1765544819.3473365,0,0,11309,1413.625
1765544819.3513436,0,0,7707,963.375
1765544819.355353,0,0,13395,1674.375
1765544819.35935,0,0,18020,2252.500
1765544819.3633513,0,0,15836,1979.500
1765544819.3673692,0,0,11527,1440.875
1765544819.3713565,0,0,7734,966.750
1765544819.3753538,0,0,12967,1620.875
1765544819.3793485,0,0,17928,2241.000
1765544819.383352,0,0,15936,1992.000
1765544819.3873494,0,0,11643,1455.375
1765544819.3913548,0,0,7911,988.875
1765544819.3953364,0,0,13021,1627.625
1765544819.399331,0,0,18053,2256.625
1765544819.403352,0,0,16203,2025.375
1765544819.407349,0,0,11866,1483.250
1765544819.411357,0,0,7947,993.375
1765544819.4153535,0,0,12639,1579.875
1765544819.4193494,0,0,17976,2247.000
1765544819.4233513,0,0,16332,2041.500
1765544819.4273481,0,0,12005,1500.625
1765544819.4313538,0,0,8007,1000.875
1765544819.4353511,0,0,12242,1530.250
1765544819.439348,0,0,17850,2231.250
1765544819.4433546,0,0,16369,2046.125
1765544819.452661,0,0,12670,1583.750
1765544819.4553668,0,0,12670,1583.750
1765544819.4593546,0,0,18161,2270.125
1765544819.4633536,0,0,16923,2115.375
1765544819.467384,1,0,12566,1570.750
1765544819.4713614,0,0,8365,1045.625
1765544819.4753525,0,0,11667,1458.375
1765544819.479353,0,0,17698,2212.250
1765544819.4833438,0,0,16591,2073.875
1765544819.4873457,0,0,12321,1540.125
1765544819.4913414,0,0,8201,1025.125
1765544819.4953506,0,0,10984,1373.000
1765544819.4993508,0,0,17440,2180.000
1765544819.5033603,0,0,16622,2077.750
1765544819.507355,0,0,12413,1551.625
1765544819.5113518,0,0,8413,1051.625
1765544819.515333,0,0,11208,1401.000
1765544819.51933,0,0,17633,2204.125
1765544819.5233512,0,0,16945,2118.125
1765544819.5273623,0,1,12707,1588.375
1765544819.5313547,0,0,8472,1059.000
1765544819.535338,0,0,10022,1252.750
1765544819.5393295,0,0,16877,2109.625
1765544819.5433583,0,0,16520,2065.000
1765544819.5473528,0,0,12464,1558.000
1765544819.5513504,0,0,8457,1057.125
1765544819.5553484,0,0,9605,1200.625
1765544819.5593476,0,0,16633,2079.125
1765544819.5633519,0,0,16555,2069.375
1765544819.567365,0,0,12585,1573.125
1765544819.5713537,0,0,8702,1087.750
1765544819.575337,0,0,10034,1254.250
1765544819.5793414,0,0,17130,2141.250
1765544819.5833385,0,0,17108,2138.500
1765544819.5873318,0,0,8964,1120.500
1765544819.591337,0,0,9803,1225.375
1765544819.595348,0,0,17002,2125.250
1765544819.5993433,0,0,17184,2148.000
1765544819.6033487,0,0,13140,1642.500
1765544819.607344,1,1,9078,1134.750
1765544819.6113493,0,0,9444,1180.500
1765544819.6153476,0,0,16884,2110.500
1765544819.619346,0,0,17446,2180.750
1765544819.623348,0,0,13489,1686.125
1765544819.6273427,0,0,9362,1170.250
1765544819.6313443,0,0,9323,1165.375
1765544819.635343,0,0,16789,2098.625
1765544819.639582,0,0,17521,2190.125
1765544819.6434102,0,0,13608,1701.000
1765544819.6489313,0,0,9517,1189.625
1765544819.6515925,0,0,9878,1234.750
1765544819.6577032,0,0,17181,2147.625
1765544819.6599293,0,0,18008,2251.000
1765544819.6635835,0,0,14151,1768.875
1765544819.6674895,1,0,9878,1234.750
1765544819.671426,0,0,9540,1192.500
1765544819.675447,0,0,16952,2119.000
1765544819.679514,0,0,18067,2258.375
1765544819.6834753,0,0,14320,1790.000
1765544819.687578,0,0,10042,1255.250
1765544819.6915152,0,0,9293,1161.625
1765544819.6955724,0,0,16728,2091.000
1765544819.6994624,0,0,18001,2250.125
1765544819.7033796,0,0,14295,1786.875
1765544819.707333,1,1,10050,1256.250
1765544819.711331,0,0,8384,1048.000
1765544819.715331,0,0,15855,1981.875
1765544819.7193303,0,0,17555,2194.375
1765544819.7236285,1,1,13947,1743.375
1765544819.7273366,1,1,9872,1234.000
1765544819.731335,0,0,8004,1000.500
1765544819.7353306,0,0,15580,1947.500
1765544819.7393296,0,0,17665,2208.125
1765544819.743333,0,0,14196,1774.500
1765544819.7473273,1,1,10084,1260.500
1765544819.7513328,0,0,7888,986.000
1765544819.7553415,0,0,15267,1908.375
1765544819.7593415,0,0,17591,2198.875
1765544819.7635412,0,0,14207,1775.875
1765544819.7680907,0,0,10147,1268.375
1765544819.7713826,0,0,8868,1108.500
1765544819.7753086,0,0,16428,2053.500
1765544819.7793002,0,0,18720,2340.000
1765544819.7833066,0,0,15753,1969.125
1765544819.7872996,0,0,11251,1406.375
1765544819.791299,0,0,7939,992.375
1765544819.7952957,0,0,14658,1832.250
1765544819.799299,0,0,17514,2189.250
1765544819.8033004,0,0,14362,1795.250
1765544819.8072994,1,0,10304,1288.000
1765544819.8113225,0,0,7534,941.750
1765544819.8156228,0,0,14404,1800.500
1765544819.8194757,0,0,17553,2194.125
1765544819.8234332,0,0,14513,1814.125
1765544819.8273838,0,0,10431,1303.875
1765544819.8314629,0,0,7981,997.625
1765544819.8355858,0,0,15224,1903.000
1765544819.8394127,0,0,18355,2294.375
1765544819.8434117,0,0,15563,1945.375
1765544819.8474352,1,1,11178,1397.250
1765544819.8515198,0,0,8150,1018.750
1765544819.8554657,0,0,15022,1877.750
1765544819.8595028,0,0,18339,2292.375
1765544819.863359,0,0,15652,1956.500
1765544819.8673487,0,1,11260,1407.500
1765544819.8714256,0,0,8014,1001.750
1765544819.875465,0,0,14574,1821.750
1765544819.879572,0,0,18204,2275.500
1765544819.883537,0,0,15607,1950.875
1765544819.8875792,0,0,11241,1405.125
1765544819.8914254,0,0,8103,1012.875
1765544819.8954296,0,0,14683,1835.375
1765544819.8994844,0,0,18414,2301.750
1765544819.9034588,0,0,16081,2010.125
1765544819.9075453,0,0,11638,1454.750
1765544819.9113636,0,0,8025,1003.125
1765544819.9153388,0,0,14144,1768.000
1765544819.9193242,0,0,18267,2283.375
1765544819.9233375,0,0,16080,2010.000
1765544819.9273155,0,0,11663,1457.875
1765544819.9315124,0,0,7918,989.750
1765544819.9355705,0,0,13568,1696.000
1765544819.939596,0,0,18056,2257.000
1765544819.9435549,1,1,15943,1992.875
1765544819.9474082,0,0,11571,1446.375
1765544819.9514248,0,0,7893,986.625
1765544819.955505,0,0,13361,1670.125
1765544819.9594429,0,0,18035,2254.375
1765544819.963541,0,1,16050,2006.250
1765544819.9674337,1,0,11680,1460.000
1765544819.9712799,0,0,7824,978.000
1765544819.9752758,0,0,12866,1608.250
1765544819.979312,0,0,17965,2245.625
1765544819.9843504,1,1,16263,2032.875
1765544819.9875324,0,1,11892,1486.500
1765544819.9914093,0,0,8700,1087.500
1765544819.9954257,0,0,14802,1850.250
1765544819.9994102,0,0,18865,2358.125
1765544820.0034306,0,0,18124,2265.500
1765544820.0074854,0,0,13841,1730.125
1765544820.0114748,0,0,9201,1150.125
1765544820.0154781,0,0,13142,1642.750
1765544820.0223582,0,0,16508,2063.500
1765544820.024251,1,1,12101,1512.625
1765544820.0274222,1,0,12101,1512.625
1765544820.0313601,0,0,8102,1012.750
1765544820.0356522,0,0,12323,1540.375
1765544820.0397851,0,0,17915,2239.375
1765544820.0436819,1,1,16818,2102.250
1765544820.047502,0,0,12470,1558.750
1765544820.0514143,0,0,8777,1097.125
1765544820.0571127,0,0,18613,2326.625
1765544820.059611,0,0,18613,2326.625
1765544820.063523,1,1,18439,2304.875
1765544820.0674715,0,0,14404,1800.500
1765544820.071392,0,0,9490,1186.250
1765544820.0754476,0,0,11653,1456.625
1765544820.0794454,0,0,17483,2185.375
1765544820.0833008,0,0,16417,2052.125
1765544820.0872507,0,0,12123,1515.375
1765544820.0912654,0,0,8141,1017.625
1765544820.0954123,0,0,10997,1374.625
1765544820.0993955,0,0,17428,2178.500
1765544820.1033318,0,0,16860,2107.500
1765544820.107287,0,0,12624,1578.000
1765544820.1116383,0,0,10106,1263.250
1765544820.1163068,0,0,16946,2118.250
1765544820.119562,0,0,16599,2074.875
1765544820.1233895,0,0,12455,1556.875
1765544820.1273427,1,0,8468,1058.500
1765544820.1314435,0,0,10678,1334.750
1765544820.1354628,0,0,17399,2174.875
1765544820.1394393,0,0,17311,2163.875
1765544820.1433988,0,0,13170,1646.250
1765544820.1472642,1,0,8814,1101.750
1765544820.1512282,0,0,9163,1145.375
1765544820.1552262,0,0,16407,2050.875
1765544820.159224,0,0,16661,2082.625
1765544820.1632295,0,0,12678,1584.750
1765544820.1672242,0,0,8692,1086.500
1765544820.1712234,0,0,9257,1157.125
1765544820.1752238,0,0,16609,2076.125
1765544820.1792233,0,0,16998,2124.750
1765544820.183227,0,0,13003,1625.375
1765544820.1872308,0,1,8934,1116.750
1765544820.1912267,0,0,9192,1149.000
1765544820.1952236,0,0,16616,2077.000
1765544820.1992257,0,0,17224,2153.000
1765544820.2032351,0,0,13280,1660.000
1765544820.2072296,1,1,9192,1149.000
1765544820.21123,0,0,9152,1144.000
1765544820.2152297,0,0,16563,2070.375
1765544820.2192307,0,0,17317,2164.625
1765544820.2232327,0,0,13411,1676.375
1765544820.2272224,0,0,9326,1165.750
1765544820.231228,0,0,8977,1122.125
1765544820.2356262,0,0,16482,2060.250
1765544820.2394705,0,0,17512,2189.000
1765544820.2433572,0,0,13694,1711.750
1765544820.2475157,0,0,9564,1195.500
1765544820.251456,0,0,9859,1232.375
1765544820.2553556,0,0,17100,2137.500
1765544820.2594004,0,0,18401,2300.125
1765544820.263432,1,1,14893,1861.625
1765544820.2674336,0,0,10420,1302.500
1765544820.2715013,0,0,9779,1222.375
1765544820.275474,0,0,16921,2115.125
1765544820.2795436,0,0,18327,2290.875
1765544820.2834904,1,1,14840,1855.000
1765544820.287458,0,0,10390,1298.750
1765544820.2914085,0,0,9189,1148.625
1765544820.2953875,0,0,16526,2065.750
1765544820.2993083,0,0,18191,2273.875
1765544820.3034825,1,1,14763,1845.375
1765544820.3074796,0,0,10370,1296.250
1765544820.311356,0,0,9112,1139.000
1765544820.3154159,0,0,16445,2055.625
1765544820.3193836,0,0,18283,2285.375
1765544820.3234196,1,1,14985,1873.125
1765544820.3274927,0,0,10553,1319.125
1765544820.3315063,0,0,8531,1066.375
1765544820.3357244,0,0,15857,1982.125
1765544820.3395147,0,0,17941,2242.625
1765544820.3433843,0,1,14594,1824.250
1765544820.347364,1,0,10286,1285.750
1765544820.351414,0,0,8170,1021.250
1765544820.3554435,0,0,15553,1944.125
1765544820.359397,0,0,17955,2244.375
1765544820.363474,1,1,14751,1843.875
1765544820.3674343,0,0,10432,1304.000
1765544820.3714232,0,0,8461,1057.625
1765544820.3781908,0,0,18338,2292.250
1765544820.3800344,0,0,18338,2292.250
1765544820.3833601,1,1,15439,1929.875
1765544820.3873982,1,0,10978,1372.250
1765544820.3913927,0,0,8540,1067.500
1765544820.3954527,0,0,15653,1956.625
1765544820.399385,0,0,18376,2297.000
1765544820.403363,1,1,15638,1954.750
1765544820.4074934,0,0,11156,1394.500
1765544820.4114773,0,0,8467,1058.375
1765544820.4154866,0,0,15485,1935.625
1765544820.419441,0,0,18417,2302.125
1765544820.4234345,1,1,15881,1985.125
1765544820.4274676,1,0,11377,1422.125
1765544820.4314725,0,0,8475,1059.375
1765544820.4354818,0,0,15313,1914.125
1765544820.4394457,0,0,18417,2302.125
1765544820.4434493,1,1,16032,2004.000
1765544820.447489,0,0,11519,1439.875
1765544820.454129,0,0,14954,1869.250
1765544820.456047,0,0,14954,1869.250
1765544820.459459,0,0,18328,2291.000
1765544820.4634585,1,1,16058,2007.250
1765544820.4674783,0,0,11561,1445.125
1765544820.4714801,0,0,8196,1024.500
1765544820.4754753,0,0,14578,1822.250
1765544820.479444,0,0,18209,2276.125
1765544820.4834466,1,1,15992,1999.000
1765544820.4874845,0,0,11515,1439.375
1765544820.4914722,0,0,8035,1004.375
1765544820.495495,0,0,14194,1774.250
1765544820.4994407,0,0,18116,2264.500
1765544820.50334,1,1,16014,2001.750
1765544820.5080986,0,0,11552,1444.000
1765544820.511822,0,0,7942,992.750
1765544820.515903,0,0,13825,1728.125
1765544820.519603,0,0,18053,2256.625
1765544820.523417,1,1,16128,2016.000
1765544820.5274637,0,0,11676,1459.500
1765544820.5314336,0,0,7961,995.125
1765544820.5354466,0,0,13510,1688.750
1765544820.5394125,0,0,18000,2250.000
1765544820.5434432,1,1,16243,2030.375
1765544820.5474377,0,0,11802,1475.250
1765544820.5514503,0,0,8109,1013.625
1765544820.5554516,0,0,13465,1683.125
1765544820.5594366,0,0,18043,2255.375
1765544820.5634272,1,1,16471,2058.875
1765544820.5674586,0,0,12033,1504.125
1765544820.5714352,0,0,8189,1023.625
1765544820.5754352,0,0,13235,1654.375
1765544820.5794156,0,0,18034,2254.250
1765544820.5834475,1,1,16724,2090.500
1765544820.5874388,0,0,12310,1538.750
1765544820.5914447,0,0,8293,1036.625
1765544820.5954502,0,0,12893,1611.625
1765544820.5994473,0,0,17931,2241.375
1765544820.603416,1,1,16738,2092.250
1765544820.6074321,0,0,12350,1543.750
1765544820.611441,0,0,8329,1041.125
1765544820.6154368,0,0,12540,1567.500
1765544820.619409,0,0,17821,2227.625
1765544820.6234245,1,1,16746,2093.250
1765544820.6274357,0,0,12379,1547.375
1765544820.6314273,0,0,8303,1037.875
1765544820.6354365,0,0,12134,1516.750
1765544820.6394167,0,0,17729,2216.125
1765544820.643435,1,1,16927,2115.875
1765544820.6474557,0,0,12618,1577.250
1765544820.651455,0,0,8418,1052.250
1765544820.6554468,0,0,17515,2189.375
1765544820.6594207,0,0,16797,2099.625
1765544820.6634467,1,1,12506,1563.250
1765544820.6674418,0,0,8404,1050.500
1765544820.671495,0,0,11559,1444.875
1765544820.675427,0,0,17587,2198.375
1765544820.6794224,0,0,17225,2153.125
1765544820.6834316,1,1,13015,1626.875
1765544820.6874607,0,0,8719,1089.875
1765544820.69144,0,0,11082,1385.250
1765544820.6954439,0,0,17366,2170.750
1765544820.6994183,0,0,17049,2131.125
1765544820.7034311,1,1,12846,1605.750
1765544820.7073967,0,0,8695,1086.875
1765544820.7113764,0,0,10934,1366.750
1765544820.7153742,0,0,17351,2168.875
1765544820.7193594,0,0,17303,2162.875
1765544820.7233992,1,1,13178,1647.250
1765544820.727391,0,0,8918,1114.750
1765544820.7313762,0,0,10659,1332.375
1765544820.7353795,0,0,17242,2155.250
1765544820.739364,0,0,17392,2174.000
1765544820.7433662,1,1,13326,1665.750
1765544820.7473693,0,0,9059,1132.375
1765544820.751373,0,0,10355,1294.375
1765544820.75537,0,0,17113,2139.125
1765544820.7593598,0,0,17487,2185.875
1765544820.7634547,1,1,13497,1687.125
1765544820.7677739,0,0,9221,1152.625
1765544820.7713852,0,0,10164,1270.500
1765544820.7753615,0,0,17020,2127.500
1765544820.779352,0,0,17587,2198.375
1765544820.7833815,1,1,13671,1708.875
1765544820.7873635,0,0,9378,1172.250
1765544820.7913609,0,0,9912,1239.000
1765544820.795371,0,0,16897,2112.125
1765544820.7993503,0,0,17725,2215.625
1765544820.8033779,1,1,13926,1740.750
1765544820.8073637,0,0,9593,1199.125
1765544820.8113687,0,0,9688,1211.000
1765544820.8153582,0,0,16758,2094.750
1765544820.8193605,0,0,17785,2223.125
1765544820.8233874,1,1,14071,1758.875
1765544820.82737,0,0,9706,1213.250
1765544820.8313754,0,0,9374,1171.750
1765544820.8353698,0,0,16587,2073.375
1765544820.8393624,0,0,17899,2237.375
1765544820.8433669,1,1,14334,1791.750
1765544820.8473759,0,0,9948,1243.500
1765544820.8515303,0,0,9249,1156.125
1765544820.855373,0,0,16429,2053.625
1765544820.8593502,0,0,17820,2227.500
1765544820.863371,1,1,14259,1782.375
1765544820.8673582,0,0,9900,1237.500
1765544820.871371,0,0,8681,1085.125
1765544820.8753676,0,0,16066,2008.250
1765544820.879345,0,0,17819,2227.375
1765544820.8833663,1,1,14403,1800.375
1765544820.8873594,0,0,10042,1255.250
1765544820.8913653,0,0,8594,1074.250
1765544820.895362,0,0,15924,1990.500
1765544820.8993552,0,0,17814,2226.750
1765544820.9033628,1,1,14453,1806.625
1765544820.9073741,0,0,10105,1263.125
1765544820.9113681,0,0,8373,1046.625
1765544820.915366,0,0,15667,1958.375
1765544820.9193563,0,0,17763,2220.375
1765544820.9233892,1,1,14463,1807.875
1765544820.9273748,0,0,10136,1267.000
1765544820.9313765,0,0,8366,1045.750
1765544820.9353716,0,0,15656,1957.000
1765544820.9393826,0,0,18014,2251.750
1765544820.9433677,1,1,14979,1872.375
1765544820.9473586,0,0,10552,1319.000
1765544820.9513733,0,0,8431,1053.875
1765544820.9553657,0,0,15534,1941.750
1765544820.9593534,0,0,18032,2254.000
1765544820.9633584,1,1,15086,1885.750
1765544820.9673622,0,0,10643,1330.375
1765544820.971361,0,0,8143,1017.875
1765544820.9753716,0,0,15138,1892.250
1765544820.9793513,0,0,17935,2241.875
1765544820.9833734,1,1,15079,1884.875
1765544820.9873688,0,0,10658,1332.250
1765544820.9913616,0,0,8156,1019.500
1765544820.9953678,0,0,15098,1887.250
1765544820.999359,0,0,18084,2260.500
1765544821.0033677,1,1,15480,1935.000
1765544821.0073662,0,0,11003,1375.375
1765544821.0113776,0,0,8151,1018.875
1765544821.0153673,0,0,14867,1858.375
1765544821.019349,0,0,18073,2259.125
1765544821.0233579,1,1,15614,1951.750
1765544821.0273678,0,0,11134,1391.750
1765544821.0313678,0,0,8071,1008.875
1765544821.035366,0,0,14577,1822.125
1765544821.0393538,0,0,18039,2254.875
1765544821.0433683,1,1,15735,1966.875
1765544821.0473638,0,0,11254,1406.750
1765544821.0515351,0,0,7949,993.625
1765544821.055358,0,0,14171,1771.375
1765544821.059349,0,0,17924,2240.500
1765544821.0633671,1,1,15699,1962.375
1765544821.0673707,0,0,11237,1404.625
1765544821.0713625,0,0,7886,985.750
1765544821.0753622,0,0,14002,1750.250
1765544821.0793457,0,0,17988,2248.500
1765544821.0833607,1,1,16054,2006.750
1765544821.0873632,0,0,11584,1448.000
1765544821.0913591,0,0,7994,999.250
1765544821.0953608,0,0,13747,1718.375
1765544821.0993505,0,0,17932,2241.500
1765544821.103367,1,1,16104,2013.000
1765544821.1073592,0,0,11641,1455.125
1765544821.1113687,0,0,8027,1003.375
1765544821.1154542,0,0,13568,1696.000
1765544821.1193593,0,0,17942,2242.750
1765544821.1233659,1,1,16340,2042.500
1765544821.1273615,0,0,11889,1486.125
1765544821.131363,0,0,7993,999.125
1765544821.1353667,0,0,12943,1617.875
1765544821.139345,0,0,17715,2214.375
1765544821.1433635,1,1,16134,2016.750
1765544821.147358,0,0,11716,1464.500
1765544821.1513555,0,0,7952,994.000
1765544821.1553574,0,0,12876,1609.500
1765544821.159359,0,0,17802,2225.250
1765544821.1633563,1,1,16578,2072.250
1765544821.1673565,0,0,12181,1522.625
1765544821.1713588,0,0,8156,1019.500
1765544821.1753726,0,0,12577,1572.125
1765544821.1793585,0,0,17738,2217.250
1765544821.183366,1,1,16714,2089.250
1765544821.1873603,0,0,12351,1543.875
1765544821.1913822,0,0,8284,1035.500
1765544821.1953735,0,0,12337,1542.125
1765544821.1993556,0,0,17687,2210.875
1765544821.203365,1,1,12537,1567.125
1765544821.2073584,0,0,8378,1047.250
1765544821.2113652,0,0,12136,1517.000
1765544821.2153692,0,0,17660,2207.500
1765544821.2193453,0,0,17116,2139.500
1765544821.2233639,1,1,12862,1607.750
1765544821.2273777,0,0,8588,1073.500
1765544821.2313752,0,0,11752,1469.000
1765544821.2353737,0,0,17521,2190.125
1765544821.2393467,0,0,17098,2137.250
1765544821.2433665,1,1,12872,1609.000
1765544821.2473645,0,0,8556,1069.500
1765544821.2516806,0,0,11113,1389.125
1765544821.2553725,0,0,17270,2158.750
1765544821.2593477,0,0,16947,2118.375
1765544821.2633545,1,1,12745,1593.125
1765544821.267361,0,0,8535,1066.875
1765544821.271361,0,0,10858,1357.250
1765544821.2753608,0,0,17195,2149.375
1765544821.279344,0,0,17073,2134.125
1765544821.2833612,1,1,12925,1615.625
1765544821.2873604,0,0,8703,1087.875
1765544821.291354,0,0,10752,1344.000
1765544821.2953565,0,0,17192,2149.000
1765544821.2993598,0,0,17386,2173.250
1765544821.3033864,1,1,13356,1669.500
1765544821.307357,0,0,9046,1130.750
1765544821.311356,0,0,10706,1338.250
1765544821.3153698,0,0,17166,2145.750
1765544821.3193624,0,0,17551,2193.875
1765544821.3233547,1,1,13606,1700.750
1765544821.3273504,0,0,9206,1150.750
1765544821.331359,0,0,10018,1252.250
1765544821.3353643,0,0,16824,2103.000
1765544821.3393552,0,0,17307,2163.375
1765544821.343359,1,1,13354,1669.250
1765544821.34736,0,0,9092,1136.500
1765544821.351385,0,0,9739,1217.375
1765544821.3553607,0,0,16735,2091.875
1765544821.3593504,0,0,17579,2197.375
1765544821.3633707,1,1,13797,1724.625
1765544821.3673794,0,0,9430,1178.750
1765544821.37136,0,0,9646,1205.750
1765544821.3753545,0,0,16655,2081.875
1765544821.379355,0,0,17646,2205.750
1765544821.383385,1,1,13937,1742.125
1765544821.3873534,0,0,9568,1196.000
1765544821.391359,0,0,9419,1177.375
1765544821.3953667,0,0,16511,2063.875
1765544821.3993464,0,0,17684,2210.500
1765544821.4033623,1,1,14052,1756.500
1765544821.4073448,0,0,9690,1211.250
1765544821.411363,0,0,9334,1166.750
1765544821.415369,0,0,16455,2056.875
1765544821.4193463,0,0,17902,2237.750
1765544821.4233582,1,1,14480,1810.000
1765544821.4273574,0,0,10032,1254.000
1765544821.4313588,0,0,9153,1144.125
1765544821.4353561,0,0,16270,2033.750
1765544821.4393494,0,0,17849,2231.125
1765544821.4433594,1,1,14461,1807.625
1765544821.4473557,0,0,10031,1253.875
1765544821.4540339,0,0,15970,1996.250
1765544821.4559808,0,0,15970,1996.250
1765544821.4593396,0,0,17795,2224.375
1765544821.463354,1,1,14494,1811.750
1765544821.4673452,0,0,10091,1261.375
1765544821.471349,0,0,8677,1084.625
1765544821.4753547,0,0,15892,1986.500
1765544821.479352,0,0,17938,2242.250
1765544821.4833524,1,1,14831,1853.875
1765544821.4873562,0,0,10365,1295.625
1765544821.4913511,0,0,8582,1072.750
1765544821.4953709,0,0,15753,1969.125
1765544821.4993484,0,0,18014,2251.750
1765544821.5033653,1,1,15092,1886.500
1765544821.507357,0,0,10602,1325.250
1765544821.5113616,0,0,8580,1072.500
1765544821.5154057,0,0,15602,1950.250
1765544821.5195687,0,0,17973,2246.625
1765544821.5233572,1,1,15084,1885.500
1765544821.5273497,0,0,10603,1325.375
1765544821.5313592,0,0,8402,1050.250
1765544821.5353522,0,0,15423,1927.875
1765544821.539337,0,0,18072,2259.000
1765544821.5433502,1,1,15472,1934.000
1765544821.5473363,0,0,10949,1368.625
1765544821.551348,0,0,8334,1041.750
1765544821.555364,0,0,15178,1897.250
1765544821.5593593,0,0,18023,2252.875
1765544821.5632706,1,1,15516,1939.500
1765544821.5672517,0,0,10997,1374.625
1765544821.5712714,0,0,8071,1008.875
1765544821.5761256,0,0,14820,1852.500
1765544821.579415,0,0,17969,2246.125
1765544821.5834148,1,1,15630,1953.750
1765544821.5873997,0,0,11120,1390.000
1765544821.5914233,0,0,8051,1006.375
1765544821.5954106,0,0,14595,1824.375
1765544821.5994017,0,0,17932,2241.500
1765544821.603415,1,1,15698,1962.250
1765544821.607414,0,0,11194,1399.250
1765544821.6114082,0,0,7909,988.625
1765544821.615426,0,0,14232,1779.000
1765544821.6193907,0,0,17862,2232.750
1765544821.6234033,1,1,15762,1970.250
1765544821.6274269,0,0,11273,1409.125
1765544821.6314213,0,0,7835,979.375
1765544821.635428,0,0,13975,1746.875
1765544821.6393926,0,0,17861,2232.625
1765544821.6434207,1,1,15999,1999.875
1765544821.6474218,0,0,11516,1439.500
1765544821.651579,0,0,7926,990.750
1765544821.655416,0,0,13787,1723.375
1765544821.6593914,0,0,17845,2230.625
1765544821.6634142,1,1,16137,2017.125
1765544821.667431,0,0,11664,1458.000
1765544821.6714227,0,0,7873,984.125
1765544821.675427,0,0,13352,1669.000
1765544821.6793997,0,0,17734,2216.750
1765544821.6833982,1,1,16156,2019.500
1765544821.687439,0,0,11709,1463.625
1765544821.6914234,0,0,7913,989.125
1765544821.6954293,0,0,13242,1655.250
1765544821.699406,0,0,17770,2221.250
1765544821.7034292,1,1,16464,2058.000
1765544821.7076442,0,0,8101,1012.625
1765544821.7114217,0,0,8101,1012.625
1765544821.715413,0,0,13062,1632.750
1765544821.7193978,0,0,17755,2219.375
1765544821.7234018,1,1,16676,2084.500
1765544821.7274146,0,0,12292,1536.500
1765544821.731404,0,0,8181,1022.625
1765544821.7353947,0,0,12652,1581.500
1765544821.7393856,0,0,17615,2201.875
1765544821.7433898,1,1,12205,1525.625
1765544821.7474113,0,0,8089,1011.125
1765544821.7514114,0,0,12247,1530.875
1765544821.7554123,0,0,17522,2190.250
1765544821.7593868,0,0,16724,2090.500
1765544821.7635458,1,1,12406,1550.750
1765544821.768179,0,0,8396,1049.500
1765544821.7715914,0,0,12967,1620.875
1765544821.7754028,0,0,17840,2230.000
1765544821.779364,0,0,17780,2222.500
1765544821.7833927,1,1,13791,1723.875
1765544821.787387,0,0,9055,1131.875
1765544821.7914026,0,0,11568,1446.000
1765544821.795413,0,0,17249,2156.125
1765544821.7993817,0,0,16644,2080.500
1765544821.8034134,1,1,12374,1546.750
1765544821.807413,0,0,8169,1021.125
1765544821.811409,0,0,10919,1364.875
1765544821.815412,0,0,17080,2135.000
1765544821.8194027,0,0,16814,2101.750
1765544821.8234122,1,1,12634,1579.250
1765544821.8274145,0,0,8336,1042.000
1765544821.831413,0,0,10477,1309.625
1765544821.8354182,0,0,16923,2115.375
1765544821.8394077,0,0,16867,2108.375
1765544821.8434172,1,1,12745,1593.125
1765544821.8474073,0,0,8488,1061.000
1765544821.8515697,0,0,10234,1279.250
1765544821.8554163,0,0,16803,2100.375
1765544821.8593907,0,0,16803,2100.375
1765544821.8634086,1,1,12688,1586.000
1765544821.8674269,0,0,8513,1064.125
1765544821.871423,0,0,10101,1262.625
1765544821.8754215,0,0,16798,2099.750
1765544821.8793948,0,0,17097,2137.125
1765544821.8834012,1,1,13084,1635.500
1765544821.887418,0,0,8780,1097.500
1765544821.891432,0,0,9714,1214.250
1765544821.895422,0,0,16639,2079.875
1765544821.8993974,0,0,17251,2156.375
1765544821.9034219,1,1,13356,1669.500
1765544821.9074233,0,0,9067,1133.375
1765544821.9114194,0,0,10122,1265.250
1765544821.9154212,0,0,16834,2104.250
1765544821.919369,0,0,17688,2211.000
1765544821.9235706,1,1,13994,1749.250
1765544821.9274745,0,0,9541,1192.625
1765544821.9314835,0,0,10153,1269.125
1765544821.935523,0,0,16817,2102.125
1765544821.9393547,0,0,17879,2234.875
1765544821.9433706,1,1,14362,1795.250
1765544821.9474013,0,0,9820,1227.500
1765544821.9514456,0,0,9568,1196.000
1765544821.9553978,0,0,16487,2060.875
1765544821.9594517,0,0,17701,2212.625
1765544821.9634116,1,1,14167,1770.875
1765544821.973023,0,0,9572,1196.500
1765544821.9748456,0,0,16505,2063.125
1765544821.9766016,0,0,16505,2063.125
1765544821.9793484,0,0,17986,2248.250
1765544821.9833736,1,1,14753,1844.125
1765544821.9874249,0,0,10191,1273.875
1765544821.991455,0,0,9036,1129.500
1765544821.9954631,0,0,16083,2010.375
1765544821.9997833,0,0,17631,2203.875
1765544822.0034914,1,1,14216,1777.000
1765544822.0073948,0,0,9802,1225.250
1765544822.0113597,0,0,8979,1122.375
1765544822.0153997,0,0,16108,2013.500
1765544822.0193944,0,0,17966,2245.750
1765544822.0233836,1,1,14934,1866.750
1765544822.0274785,0,0,10391,1298.875
1765544822.031406,0,0,8850,1106.250
1765544822.0354648,0,0,15910,1988.750
1765544822.039477,0,0,17916,2239.500
1765544822.0433424,1,1,14934,1866.750
1765544822.0473924,0,0,10407,1300.875
1765544822.0514185,0,0,8425,1053.125
1765544822.055444,0,0,15521,1940.125
1765544822.0594409,0,0,17735,2216.875
1765544822.0634496,1,1,14726,1840.750
1765544822.0674865,0,0,10258,1282.250
1765544822.071514,0,0,8506,1063.250
1765544822.075453,0,0,15616,1952.000
1765544822.0793157,0,0,18036,2254.500
1765544822.0834038,1,1,15467,1933.375
1765544822.0873933,0,0,10911,1363.875
1765544822.0914488,0,0,8660,1082.500
1765544822.0954702,0,0,15503,1937.875
1765544822.0994346,0,0,18010,2251.250
1765544822.1034636,1,1,15489,1936.125
1765544822.1075294,0,0,10934,1366.750
1765544822.111364,0,0,8485,1060.625
1765544822.1153643,0,0,15314,1914.250
1765544822.1193705,0,0,18055,2256.875
1765544822.1234267,1,1,15822,1977.750
1765544822.1274238,0,0,11262,1407.750
1765544822.131494,0,0,8309,1038.625
1765544822.1354117,0,0,14918,1864.750
1765544822.1394968,0,0,17888,2236.000
1765544822.1434138,1,1,15598,1949.750
1765544822.14734,0,0,11062,1382.750
1765544822.1514132,0,0,7994,999.250
1765544822.155379,0,0,14573,1821.625
1765544822.1594028,0,0,17836,2229.500
1765544822.1634476,1,1,15723,1965.375
1765544822.1674626,0,0,11201,1400.125
1765544822.1714845,0,0,8146,1018.250
1765544822.1755269,0,0,14619,1827.375
1765544822.1793995,0,0,17953,2244.125
1765544822.1833622,1,1,16164,2020.500
1765544822.187395,0,0,11650,1456.250
1765544822.1914127,0,0,8120,1015.000
1765544822.1954188,0,0,14203,1775.375
1765544822.1994734,0,0,17824,2228.000
1765544822.2034452,1,1,16083,2010.375
1765544822.2076888,0,0,11585,1448.125
1765544822.2115316,0,0,7922,990.250
1765544822.2153473,0,0,13784,1723.000
1765544822.2193623,0,0,17694,2211.750
1765544822.2233756,1,1,15988,1998.500
1765544822.227434,0,0,11506,1438.250
1765544822.2314746,0,0,7815,976.875
1765544822.2354717,0,0,13463,1682.875
1765544822.2394588,0,0,17637,2204.625
1765544822.2434576,1,1,16103,2012.875
1765544822.2474513,0,0,11643,1455.375
1765544822.2513843,0,0,7925,990.625
1765544822.2554033,0,0,13447,1680.875
1765544822.259353,0,0,17709,2213.625
1765544822.2634203,1,1,16500,2062.500
1765544822.2674882,0,0,12085,1510.625
1765544822.2714603,0,0,8035,1004.375
1765544822.2754683,0,0,17497,2187.125
1765544822.2795107,0,0,16205,2025.625
1765544822.2833595,1,1,11787,1473.375
1765544822.2873583,0,0,7854,981.750
1765544822.291399,0,0,12630,1578.750
1765544822.295438,0,0,17497,2187.125
1765544822.2993834,0,0,16569,2071.125
1765544822.3034418,1,1,12218,1527.250
1765544822.3074183,0,0,8194,1024.250
1765544822.313221,0,0,12780,1597.500
1765544822.315325,0,0,17606,2200.750
1765544822.319314,0,0,17126,2140.750
1765544822.3233902,1,1,12919,1614.875
1765544822.327375,0,0,8498,1062.250
1765544822.3314304,0,0,12183,1522.875
1765544822.3354733,0,0,17379,2172.375
1765544822.3394294,0,0,16783,2097.875
1765544822.3434584,1,1,12519,1564.875
1765544822.3475225,0,0,8282,1035.250
1765544822.3513916,0,0,11851,1481.375
1765544822.3553503,0,0,17299,2162.375
1765544822.3593774,0,0,16953,2119.125
1765544822.3633957,1,1,12768,1596.000
1765544822.367378,0,0,8430,1053.750
1765544822.3714733,0,0,11614,1451.750
1765544822.375409,0,0,17249,2156.125
1765544822.3831918,1,1,13178,1647.250
1765544822.3850253,1,1,13178,1647.250
1765544822.3872635,0,0,8740,1092.500
1765544822.3913918,0,0,11369,1421.125
1765544822.3953662,0,0,17137,2142.125
1765544822.3994148,0,0,17080,2135.000
1765544822.4034197,1,1,12994,1624.250
1765544822.4074554,0,0,8635,1079.375
1765544822.4117203,0,0,11003,1375.375
1765544822.4155223,0,0,17029,2128.625
1765544822.419461,0,0,17265,2158.125
1765544822.4232707,1,1,13308,1663.500
1765544822.4272017,0,0,8771,1096.375
1765544822.4313102,0,0,9195,1149.375
1765544822.4352133,0,0,16092,2011.500
1765544822.4391992,0,0,16257,2032.125
1765544822.4431987,1,1,12189,1523.625
1765544822.447198,0,0,8137,1017.125
1765544822.4665477,1,0,8696,1087.000
1765544822.4683008,0,0,8696,1087.000
1765544822.4712071,0,0,10136,1267.000
1765544822.4751987,0,0,16762,2095.250
1765544822.4791946,0,0,17758,2219.750
1765544822.4832017,1,1,14245,1780.625
1765544822.4871984,0,0,9642,1205.250
1765544822.491199,0,0,9051,1131.375
1765544822.495194,0,0,16047,2005.875
1765544822.499194,0,0,16883,2110.375
1765544822.5031989,1,1,13034,1629.250
1765544822.5071955,0,0,8818,1102.250
1765544822.5111997,0,0,8332,1041.500
1765544822.5151985,0,0,15719,1964.875
1765544822.5191941,0,0,16886,2110.750
1765544822.523197,1,1,13141,1642.625
1765544822.5272038,0,0,8959,1119.875
1765544822.531202,0,0,8321,1040.125
1765544822.5351987,0,0,15706,1963.250
1765544822.539194,0,0,17104,2138.000
1765544822.543205,1,1,13475,1684.375
1765544822.547194,0,0,9210,1151.250
1765544822.5511968,0,0,8119,1014.875
1765544822.555196,0,0,15549,1943.625
1765544822.5591953,0,0,17225,2153.125
1765544822.5631967,1,1,13729,1716.125
1765544822.567195,0,0,9429,1178.625
1765544822.5711954,0,0,7998,999.750
1765544822.5751972,0,0,15389,1923.625
1765544822.5791957,0,0,17264,2158.000
1765544822.5831947,1,1,13853,1731.625
1765544822.5871933,0,0,9555,1194.375
1765544822.5911949,0,0,7960,995.000
1765544822.5951946,0,0,15316,1914.500
1765544822.5991957,0,0,17430,2178.750
1765544822.6032002,1,1,14187,1773.375
1765544822.6071918,0,0,9830,1228.750
1765544822.6111953,0,0,7833,979.125
1765544822.615195,0,0,15097,1887.125
1765544822.6191945,0,0,17468,2183.500
1765544822.6231952,1,1,14361,1795.125
1765544822.6271906,0,0,9980,1247.500
1765544822.631194,0,0,7737,967.125
1765544822.6351936,0,0,14959,1869.875
1765544822.6391933,0,0,17582,2197.750
1765544822.643206,1,1,14672,1834.000
1765544822.6472049,0,0,10243,1280.375
1765544822.651203,0,0,7530,941.250
1765544822.6551929,0,0,14504,1813.000
1765544822.6592004,0,0,17395,2174.375
1765544822.6632822,1,1,14492,1811.500
1765544822.6672184,0,0,10131,1266.375
1765544822.6712046,0,0,7380,922.500
1765544822.6751957,0,0,14254,1781.750
1765544822.679194,0,0,17414,2176.750
1765544822.683204,1,1,14651,1831.375
1765544822.6872041,0,0,10261,1282.625
1765544822.6912103,0,0,7427,928.375
1765544822.6951938,0,0,14236,1779.500
1765544822.6991937,0,0,17578,2197.250
1765544822.7032084,1,1,15056,1882.000
1765544822.707205,0,0,10612,1326.500
1765544822.7112079,0,0,7331,916.375
1765544822.715199,0,0,13689,1711.125
1765544822.719202,0,0,17381,2172.625
1765544822.7232108,1,1,14890,1861.250
1765544822.7272115,0,0,10498,1312.250
1765544822.7312074,0,0,7479,934.875
1765544822.7351942,0,0,13960,1745.000
1765544822.7391922,0,0,17700,2212.500
1765544822.7432039,1,1,15596,1949.500
1765544822.7472024,0,0,11122,1390.250
1765544822.751205,0,0,7541,942.625
1765544822.7551918,0,0,13394,1674.250
1765544822.7591906,0,0,17480,2185.000
1765544822.7634144,1,1,15356,1919.500
1765544822.7674034,0,0,10923,1365.375
1765544822.7712219,0,0,8028,1003.500
1765544822.7752025,0,0,14517,1814.625
1765544822.779201,0,0,18165,2270.625
1765544822.783203,1,1,17201,2150.125
1765544822.7873325,0,0,12851,1606.375
1765544822.7913144,0,0,8296,1037.000
1765544822.7953098,0,0,12799,1599.875
1765544822.7993078,0,0,17317,2164.625
1765544822.803316,1,1,15423,1927.875
1765544822.8073115,0,0,11010,1376.250
1765544822.8113139,0,0,7287,910.875
1765544822.8153167,0,0,12215,1526.875
1765544822.819312,0,0,17212,2151.500
1765544822.823307,1,1,15583,1947.875
1765544822.8273141,0,0,11195,1399.375
1765544822.8314624,0,0,12255,1531.875
1765544822.8354862,0,0,17373,2171.625
1765544822.83934,0,0,16114,2014.250
1765544822.843319,1,1,11728,1466.000
1765544822.8473175,0,0,7650,956.250
1765544822.8513172,0,0,11746,1468.250
1765544822.8553002,0,0,17203,2150.375
1765544822.8593132,0,0,16058,2007.250
1765544822.863387,1,1,11702,1462.750
1765544822.8673065,0,0,7726,965.750
1765544822.8713062,0,0,11691,1461.375
1765544822.875313,0,0,17255,2156.875
1765544822.8793128,0,0,16352,2044.000
1765544822.8833063,1,1,12024,1503.000
1765544822.887336,0,0,7889,986.125
1765544822.8913226,0,0,11295,1411.875
1765544822.8953154,0,0,17136,2142.000
1765544822.8993099,0,0,16408,2051.000
1765544822.9033203,1,1,12118,1514.750
1765544822.907295,0,0,7970,996.250
1765544822.9113016,0,0,10888,1361.000
1765544822.9153104,0,0,16983,2122.875
1765544822.9193099,0,0,16368,2046.000
1765544822.9233122,1,1,12106,1513.250
1765544822.9273117,0,0,7965,995.625
1765544822.931315,0,0,10416,1302.000
1765544822.9353178,0,0,16829,2103.625
1765544822.9393106,0,0,16457,2057.125
1765544822.943312,1,1,12248,1531.000
1765544822.9472978,0,0,8143,1017.875
1765544822.9512982,0,0,10277,1284.625
1765544822.9553115,0,0,16789,2098.625
1765544822.9593093,0,0,16570,2071.250
1765544822.9633014,1,1,12393,1549.125
1765544822.967294,0,0,8274,1034.250
1765544822.9713068,0,0,10109,1263.625
1765544822.9753206,0,0,16799,2099.875
1765544822.9793184,0,0,16993,2124.125
1765544822.9833186,1,1,12945,1618.125
1765544822.987346,0,0,8672,1084.000
1765544822.9913185,0,0,9869,1233.625
1765544822.9953148,0,0,16648,2081.000
1765544822.9993138,0,0,16902,2112.750
1765544823.0033143,1,1,12862,1607.750
1765544823.0073102,0,0,8633,1079.125
1765544823.01131,0,0,9308,1163.500
1765544823.0153134,0,0,16376,2047.000
1765544823.0193112,0,0,16848,2106.000
1765544823.0233142,1,1,12865,1608.125
1765544823.0273087,0,0,8669,1083.625
1765544823.0313146,0,0,8805,1100.625
1765544823.0353134,0,0,16120,2015.000
1765544823.039313,0,0,16891,2111.375
1765544823.0433152,1,1,12997,1624.625
1765544823.047307,0,0,8839,1104.875
1765544823.0513093,0,0,8930,1116.250
1765544823.0553122,0,0,16220,2027.500
1765544823.0593104,0,0,17236,2154.500
1765544823.0633929,1,1,13470,1683.750
1765544823.0673256,0,0,9192,1149.000
1765544823.0713172,0,0,8877,1109.625
1765544823.075292,0,0,16148,2018.500
1765544823.0792964,0,0,17328,2166.000
1765544823.0833116,1,1,13637,1704.625
1765544823.0873296,0,0,9339,1167.375
1765544823.0913124,0,0,8547,1068.375
1765544823.095297,0,0,15917,1989.625
1765544823.0992923,0,0,17368,2171.000
1765544823.103316,1,1,13786,1723.250
1765544823.1073105,0,0,9489,1186.125
1765544823.1113136,0,0,8320,1040.000
1765544823.1153085,0,0,15685,1960.625
1765544823.1193087,0,0,17305,2163.125
1765544823.1233118,1,1,13762,1720.250
1765544823.1273074,0,0,9505,1188.125
1765544823.131312,0,0,8176,1022.000
1765544823.1353137,0,0,15565,1945.625
1765544823.1393092,0,0,17446,2180.750
1765544823.1433103,1,1,14052,1756.500
1765544823.147308,0,0,9731,1216.375
1765544823.1513145,0,0,7809,976.125
1765544823.1553175,0,0,15141,1892.625
1765544823.1593199,0,0,17316,2164.500
1765544823.1633039,1,1,13988,1748.500
1765544823.1672895,0,0,9715,1214.375
1765544823.1712968,0,0,7776,972.000
1765544823.1753113,0,0,15137,1892.125
1765544823.1793058,0,0,17565,2195.625
1765544823.183294,1,1,14459,1807.375
1765544823.1872933,0,0,10087,1260.875
1765544823.1913111,0,0,7783,972.875
1765544823.1953115,0,0,14930,1866.250
1765544823.1993086,0,0,17528,2191.000
1765544823.2033093,1,1,14475,1809.375
1765544823.2073033,0,0,10113,1264.125
1765544823.2113106,0,0,7702,962.750
1765544823.215314,0,0,14806,1850.750
1765544823.2193093,0,0,17651,2206.375
1765544823.2233093,1,1,14809,1851.125
1765544823.227306,0,0,10396,1299.500
1765544823.2313085,0,0,7614,951.750
1765544823.2353098,0,0,14474,1809.250
1765544823.2393136,0,0,17588,2198.500
1765544823.2433147,1,1,14840,1855.000
1765544823.2473068,0,0,10435,1304.375
1765544823.2513096,0,0,7490,936.250
1765544823.2553144,0,0,14203,1775.375
1765544823.259308,0,0,17600,2200.000
1765544823.263395,1,1,15027,1878.375
1765544823.2673209,0,0,10607,1325.875
1765544823.2713132,0,0,7797,974.625
1765544823.2752917,0,0,14494,1811.750
1765544823.2792923,0,0,17898,2237.250
1765544823.2833068,1,1,15680,1960.000
1765544823.2873247,0,0,11179,1397.375
1765544823.2913084,0,0,7607,950.875
1765544823.2952952,0,0,13612,1701.500
1765544823.2992897,0,0,17497,2187.125
1765544823.3033116,1,1,15155,1894.375
1765544823.3073077,0,0,10746,1343.250
1765544823.3113058,0,0,7337,917.125
1765544823.315305,0,0,13276,1659.500
1765544823.319306,0,0,17493,2186.625
1765544823.323298,1,1,15376,1922.000
1765544823.3272898,0,0,10955,1369.375
1765544823.3312917,0,0,7418,927.250
1765544823.335305,0,0,13063,1632.875
1765544823.3393042,0,0,17500,2187.500
1765544823.343308,1,1,15565,1945.625
1765544823.3473034,0,0,11144,1393.000
1765544823.3513117,0,0,7499,937.375
1765544823.3553138,0,0,12906,1613.250
1765544823.3593102,0,0,17544,2193.000
1765544823.3632963,1,1,15851,1981.375
1765544823.3672879,0,0,11424,1428.000
1765544823.3712947,0,0,7624,953.000
1765544823.3753016,0,0,17480,2185.000
1765544823.3792977,0,0,15922,1990.250
1765544823.3833005,1,1,11512,1439.000
1765544823.387334,0,0,7614,951.750
1765544823.3913066,0,0,12177,1522.125
1765544823.395329,0,0,17369,2171.125
1765544823.3993094,0,0,15982,1997.750
1765544823.4033067,1,1,11600,1450.000
1765544823.407304,0,0,7774,971.750
1765544823.4113092,0,0,12242,1530.250
1765544823.415309,0,0,17482,2185.250
1765544823.4193013,0,0,16376,2047.000
1765544823.4233046,1,1,12004,1500.500
1765544823.4273012,0,0,7948,993.500
1765544823.4313078,0,0,11840,1480.000
1765544823.4353068,0,0,17356,2169.500
1765544823.4393046,0,0,16388,2048.500
1765544823.4433062,1,1,12046,1505.750
1765544823.447303,0,0,7979,997.375
1765544823.4513047,0,0,11540,1442.500
1765544823.455306,0,0,17299,2162.375
1765544823.4593048,0,0,16598,2074.750
1765544823.4687626,0,0,8221,1027.625
1765544823.4713383,0,0,11738,1467.250
1765544823.475288,0,0,17433,2179.125
1765544823.4792898,0,0,17081,2135.125
1765544823.4833095,1,1,12884,1610.500
1765544823.4873452,0,0,8478,1059.750
1765544823.4913042,0,0,10675,1334.375
1765544823.495288,0,0,16950,2118.750
1765544823.4992886,0,0,16536,2067.000
1765544823.503311,1,1,12314,1539.250
1765544823.5073016,0,0,8189,1023.625
1765544823.5113049,0,0,10413,1301.625
1765544823.5153017,0,0,16925,2115.625
1765544823.5193021,0,0,16848,2106.000
1765544823.523306,1,1,12712,1589.000
1765544823.527302,0,0,8502,1062.750
1765544823.5313003,0,0,10361,1295.125
1765544823.535305,0,0,16924,2115.500
1765544823.5392997,0,0,17081,2135.125
1765544823.543307,1,1,13023,1627.875
1765544823.5473027,0,0,8716,1089.500
1765544823.5513058,0,0,9921,1240.125
1765544823.5553029,0,0,16726,2090.750
1765544823.5592995,0,0,17090,2136.250
1765544823.5633051,1,1,13095,1636.875
1765544823.5673041,0,0,8810,1101.250
1765544823.5713053,0,0,9454,1181.750
1765544823.5752883,0,0,16479,2059.875
1765544823.5792885,0,0,17003,2125.375
1765544823.5832868,1,1,13043,1630.375
1765544823.5873,0,0,8847,1105.875
1765544823.5912921,0,0,9423,1177.875
1765544823.5953007,0,0,16499,2062.375
1765544823.5992987,0,0,17299,2162.375
1765544823.60329,1,1,13469,1683.625
1765544823.607285,0,0,9149,1143.625
1765544823.611292,0,0,8950,1118.750
1765544823.6153173,0,0,16183,2022.875
1765544823.6193004,0,0,17133,2141.625
1765544823.6233006,1,1,13321,1665.125
1765544823.6272976,0,0,9114,1139.250
1765544823.6313045,0,0,8901,1112.625
1765544823.6353018,0,0,16199,2024.875
1765544823.6392996,0,0,17469,2183.625
1765544823.643299,1,1,13845,1730.625
1765544823.6472964,0,0,9496,1187.000
1765544823.6512988,0,0,8628,1078.500
1765544823.6553051,0,0,15953,1994.125
1765544823.6592999,0,0,17395,2174.375
1765544823.6633017,1,1,13809,1726.125
1765544823.667378,0,0,9523,1190.375
1765544823.6713145,0,0,8889,1111.125
1765544823.6753032,0,0,16120,2015.000
1765544823.6793008,0,0,17741,2217.625
1765544823.6832995,1,1,14369,1796.125
1765544823.687316,0,0,9938,1242.250
1765544823.6913056,0,0,8353,1044.125
1765544823.69529,0,0,15641,1955.125
1765544823.6993015,0,0,17530,2191.250
1765544823.7033086,1,1,14173,1771.625
1765544823.7073119,0,0,9835,1229.375
1765544823.7113047,0,0,8389,1048.625
1765544823.7153003,0,0,15669,1958.625
1765544823.7193131,0,0,17766,2220.750
1765544823.7233136,1,1,14632,1829.000
1765544823.727303,0,0,10196,1274.500
1765544823.7313142,0,0,8066,1008.250
1765544823.735288,0,0,15270,1908.750
1765544823.7392976,0,0,17662,2207.750
1765544823.7433045,1,1,14609,1826.125
1765544823.7473006,0,0,10199,1274.875
1765544823.7512996,0,0,7926,990.750
1765544823.7552934,0,0,15087,1885.875
1765544823.7592838,0,0,17713,2214.125
1765544823.76349,1,1,14820,1852.500
1765544823.7675629,0,0,10388,1298.500
1765544823.7713642,0,0,8320,1040.000
1765544823.7753036,0,0,15384,1923.000
1765544823.779306,0,0,18024,2253.000
1765544823.7833006,1,1,15455,1931.875
1765544823.787352,0,0,10917,1364.625
1765544823.7913043,0,0,7813,976.625
1765544823.7953033,0,0,14503,1812.875
1765544823.799297,0,0,17598,2199.750
1765544823.8033128,1,1,14890,1861.250
1765544823.8073,0,0,10468,1308.500
1765544823.8112996,0,0,7534,941.750
1765544823.8152947,0,0,14243,1780.375
1765544823.819308,0,0,17624,2203.000
1765544823.8232915,1,1,15109,1888.625
1765544823.8272953,0,0,10669,1333.625
1765544823.831293,0,0,7500,937.500
1765544823.8353128,0,0,13937,1742.125
1765544823.8392975,0,0,17574,2196.750
1765544823.843297,1,1,15169,1896.125
1765544823.8472967,0,0,10735,1341.875
1765544823.8513064,0,0,7547,943.375
1765544823.8552983,0,0,13879,1734.875
1765544823.859295,0,0,17699,2212.375
1765544823.863299,1,1,15574,1946.750
1765544823.8673937,0,0,11106,1388.250
1765544823.871323,0,0,7689,961.125
1765544823.875292,0,0,13806,1725.750
1765544823.8792832,0,0,17781,2222.625
1765544823.8833172,1,1,15928,1991.000
1765544823.8873343,0,0,11450,1431.250
1765544823.8913026,0,0,7714,964.250
1765544823.8952858,0,0,13289,1661.125
1765544823.8992946,0,0,17590,2198.750
1765544823.9032989,1,1,15735,1966.875
1765544823.907298,0,0,11287,1410.875
1765544823.9113011,0,0,7615,951.875
1765544823.9153,0,0,17563,2195.375
1765544823.9193,0,0,15917,1989.625
1765544823.923302,1,1,11484,1435.500
1765544823.92728,0,0,7591,948.875
1765544823.9312875,0,0,12477,1559.625
1765544823.9353027,0,0,17412,2176.500
1765544823.9393005,0,0,15892,1986.500
1765544823.9433053,1,1,11486,1435.750
1765544823.947297,0,0,7606,950.750
1765544823.9513075,0,0,12222,1527.750
1765544823.955307,0,0,17387,2173.375
1765544823.959299,0,0,16076,2009.500
1765544823.9632924,1,1,11691,1461.375
1765544823.9672828,0,0,7795,974.375
1765544823.9712985,0,0,12182,1522.750
1765544823.9753017,0,0,17440,2180.000
1765544823.9793,0,0,16371,2046.375
1765544823.9832947,1,1,12013,1501.625
1765544823.9873154,0,0,7884,985.500
1765544823.9912894,0,0,11491,1436.375
1765544823.9952984,0,0,17198,2149.750
1765544823.9992962,0,0,16263,2032.875
1765544824.0032969,1,1,11936,1492.000
1765544824.007298,0,0,7861,982.625
1765544824.0112977,0,0,11221,1402.625
1765544824.0152962,0,0,17147,2143.375
1765544824.019293,0,0,16438,2054.750
1765544824.023301,1,1,12153,1519.125
1765544824.0272977,0,0,8062,1007.750
1765544824.031296,0,0,11177,1397.125
1765544824.0352912,0,0,17178,2147.250
1765544824.039292,0,0,16685,2085.625
1765544824.0432978,1,1,12441,1555.125
1765544824.0472946,0,0,8220,1027.500
1765544824.0512924,0,0,10631,1328.875
1765544824.0552952,0,0,16961,2120.125
1765544824.0592937,0,0,16619,2077.375
1765544824.063297,1,1,12415,1551.875
1765544824.0673723,0,0,8357,1044.625
1765544824.0713205,0,0,11193,1399.125
1765544824.0752852,0,0,17272,2159.000
1765544824.0792804,0,0,17366,2170.750
1765544824.0832944,1,1,13328,1666.000
1765544824.0873342,0,0,8873,1109.125
1765544824.0913,0,0,10132,1266.500
1765544824.0952857,0,0,16716,2089.500
1765544824.09929,0,0,16665,2083.125
1765544824.1032996,1,1,12529,1566.125
1765544824.1072981,0,0,8426,1053.250
1765544824.1113045,0,0,9779,1222.375
1765544824.1153011,0,0,16642,2080.250
1765544824.1192994,0,0,16941,2117.625
1765544824.1233008,1,1,12915,1614.375
1765544824.1272979,0,0,8727,1090.875
1765544824.1312969,0,0,9809,1226.125
1765544824.1352997,0,0,16693,2086.625
1765544824.1392996,0,0,17314,2164.250
1765544824.143303,1,1,13431,1678.875
1765544824.1472995,0,0,9103,1137.875
1765544824.1512995,0,0,9552,1194.000
1765544824.1552825,0,0,16527,2065.875
1765544824.1592958,0,0,17278,2159.750
1765544824.1632998,1,1,13429,1678.625
1765544824.1672962,0,0,9139,1142.375
1765544824.171298,0,0,9353,1169.125
1765544824.1752796,0,0,16443,2055.375
1765544824.1792815,0,0,17497,2187.125
1765544824.1833003,1,1,13811,1726.375
1765544824.1873345,0,0,9450,1181.250
1765544824.1912966,0,0,9139,1142.375
1765544824.195291,0,0,16278,2034.750
1765544824.1992936,0,0,17508,2188.500
1765544824.2032962,1,1,13890,1736.250
1765544824.2072952,0,0,9529,1191.125
1765544824.2112956,0,0,8806,1100.750
1765544824.2152953,0,0,16055,2006.875
1765544824.2192936,0,0,17507,2188.375
1765544824.2232985,1,1,13974,1746.750
1765544824.2272952,0,0,9627,1203.375
1765544824.2313015,0,0,8612,1076.500
1765544824.2352953,0,0,15886,1985.750
1765544824.2392938,0,0,17542,2192.750
1765544824.2432985,1,1,14104,1763.000
1765544824.247295,0,0,9745,1218.125
1765544824.2512982,0,0,8480,1060.000
1765544824.255297,0,0,15775,1971.875
1765544824.2592943,0,0,17686,2210.750
1765544824.2632954,1,1,14435,1804.375
1765544824.2673733,0,0,10017,1252.125
1765544824.271318,0,0,8436,1054.500
1765544824.2752848,0,0,15669,1958.625
1765544824.279277,0,0,17772,2221.500
1765544824.283294,1,1,14666,1833.250
1765544824.2873306,0,0,10220,1277.500
1765544824.2913017,0,0,8177,1022.125
1765544824.2952826,0,0,15291,1911.375
1765544824.2992756,0,0,17573,2196.625
1765544824.3032973,1,1,14428,1803.500
1765544824.3072934,0,0,10044,1255.500
1765544824.3112984,0,0,7866,983.250
1765544824.315296,0,0,15036,1879.500
1765544824.3192937,0,0,17627,2203.375
1765544824.3232853,1,1,14673,1834.125
1765544824.3272748,0,0,10259,1282.375
1765544824.3312929,0,0,7643,955.375
1765544824.3353078,0,0,14604,1825.500
1765544824.3392951,0,0,17503,2187.875
1765544824.3432844,1,1,14616,1827.000
1765544824.3472762,0,0,10235,1279.375
1765544824.3512824,0,0,7581,947.625
1765544824.3553076,0,0,14502,1812.750
1765544824.359294,0,0,17637,2204.625
1765544824.3632867,1,1,14983,1872.875
1765544824.3672752,0,0,10549,1318.625
1765544824.3712971,0,0,7680,960.000
1765544824.3752952,0,0,14350,1793.750
1765544824.3792996,0,0,17651,2206.375
1765544824.3832996,1,1,15108,1888.500
1765544824.3873322,0,0,10665,1333.125
1765544824.3912957,0,0,7696,962.000
1765544824.3952944,0,0,14245,1780.625
1765544824.3992956,0,0,17751,2218.875
1765544824.4032967,1,1,15463,1932.875
1765544824.4072926,0,0,10985,1373.125
1765544824.4112937,0,0,7547,943.375
1765544824.415276,0,0,13630,1703.750
1765544824.4192758,0,0,17541,2192.625
1765544824.4232929,1,1,15296,1912.000
1765544824.4272943,0,0,10864,1358.000
1765544824.4312935,0,0,7368,921.000
1765544824.4352925,0,0,13191,1648.875
1765544824.4392886,0,0,17445,2180.625
1765544824.4432952,1,1,15336,1917.000
1765544824.4472923,0,0,10919,1364.875
1765544824.4512947,0,0,7491,936.375
1765544824.4552906,0,0,13223,1652.875
1765544824.459289,0,0,17562,2195.250
1765544824.4632952,1,1,11224,1403.000
1765544824.4726882,0,0,13241,1655.125
1765544824.4753175,0,0,17690,2211.250
1765544824.4792907,0,0,16117,2014.625
1765544824.4832864,1,1,11669,1458.625
1765544824.4872675,0,0,7762,970.250
1765544824.4912765,0,0,12610,1576.250
1765544824.4952748,0,0,17450,2181.250
1765544824.4992712,0,0,15880,1985.000
1765544824.5032766,1,1,11465,1433.125
1765544824.5072877,0,0,7636,954.500
1765544824.5112827,0,0,12145,1518.125
1765544824.5153008,0,0,17329,2166.125
1765544824.519294,0,0,15930,1991.250
1765544824.5232947,1,1,11543,1442.875
1765544824.5272899,0,0,7633,954.125
1765544824.5312989,0,0,11838,1479.750
1765544824.535301,0,0,17307,2163.375
1765544824.5392978,0,0,16200,2025.000
1765544824.5432837,1,1,11843,1480.375
1765544824.5472744,0,0,7873,984.125
1765544824.551283,0,0,11646,1455.750
1765544824.5552952,0,0,17263,2157.875
1765544824.5592916,0,0,16291,2036.375
1765544824.563282,1,1,11953,1494.125
1765544824.5672715,0,0,7989,998.625
1765544824.5712779,0,0,11616,1452.000
1765544824.5752752,0,0,17325,2165.625
1765544824.5792735,0,0,16647,2080.875
1765544824.58329,1,1,12358,1544.750
1765544824.5873232,0,0,8178,1022.250
1765544824.591293,0,0,11130,1391.250
1765544824.5952938,0,0,17165,2145.625
1765544824.5992908,0,0,16704,2088.000
1765544824.6032922,1,1,12466,1558.250
1765544824.6072881,0,0,8272,1034.000
1765544824.6112897,0,0,10748,1343.500
1765544824.615287,0,0,17018,2127.250
1765544824.6192875,0,0,16692,2086.500
1765544824.6232898,1,1,12488,1561.000
1765544824.6272874,0,0,8311,1038.875
1765544824.63129,0,0,10335,1291.875
1765544824.635288,0,0,16863,2107.875
1765544824.639289,0,0,16736,2092.000
1765544824.6432939,1,1,12589,1573.625
1765544824.6472907,0,0,8385,1048.125
1765544824.6512902,0,0,9564,1195.500
1765544824.6552727,0,0,16471,2058.875
1765544824.6592786,0,0,16512,2064.000
1765544824.663292,1,1,12402,1550.250
1765544824.6672893,0,0,8377,1047.125
1765544824.6713703,0,0,9980,1247.500
1765544824.6753016,0,0,16800,2100.000
1765544824.6792834,0,0,17254,2156.750
1765544824.683291,1,1,13307,1663.375
1765544824.687328,0,0,9008,1126.000
1765544824.6912916,0,0,9818,1227.250
1765544824.6952925,0,0,16666,2083.250
1765544824.6992817,0,0,17195,2149.375
1765544824.7032914,1,1,13256,1657.000
1765544824.70729,0,0,9010,1126.250
1765544824.7112935,0,0,9484,1185.500
1765544824.7152925,0,0,16515,2064.375
1765544824.7192857,0,0,17317,2164.625
1765544824.7232904,1,1,13489,1686.125
1765544824.727288,0,0,9205,1150.625
1765544824.7312877,0,0,9322,1165.250
1765544824.7352781,0,0,16426,2053.250
1765544824.739305,0,0,17481,2185.125
1765544824.7434154,1,1,13778,1722.250
1765544824.747288,0,0,9425,1178.125
1765544824.751289,0,0,8878,1109.750
1765544824.7552893,0,0,16102,2012.750
1765544824.7592888,0,0,17274,2159.250
1765544824.7634468,1,1,13559,1694.875
1765544824.7675354,0,0,9341,1167.625
1765544824.771341,0,0,9559,1194.875
1765544824.7752929,0,0,16558,2069.750
1765544824.7792878,0,0,18115,2264.375
1765544824.7832868,1,1,14959,1869.875
1765544824.7873285,0,0,10378,1297.250
1765544824.7912862,0,0,8733,1091.625
1765544824.7952886,0,0,15799,1974.875
1765544824.799285,0,0,17351,2168.875
1765544824.8032892,1,1,13797,1724.625
1765544824.8072848,0,0,9522,1190.250
1765544824.8112907,0,0,8203,1025.375
1765544824.8152735,0,0,15587,1948.375
1765544824.8192706,0,0,17541,2192.625
1765544824.823293,1,1,14222,1777.750
1765544824.8272767,0,0,9868,1233.500
1765544824.831281,0,0,8132,1016.500
1765544824.8352885,0,0,15411,1926.375
1765544824.8392894,0,0,17591,2198.875
1765544824.8432894,1,1,14395,1799.375
1765544824.8472862,0,0,10011,1251.375
1765544824.8512828,0,0,7887,985.875
1765544824.855282,0,0,15091,1886.375
1765544824.8592858,0,0,17498,2187.250
1765544824.863288,1,1,14355,1794.375
1765544824.867285,0,0,10001,1250.125
1765544824.871369,0,0,7751,968.875
1765544824.8753006,0,0,14934,1866.750
1765544824.879284,0,0,17616,2202.000
1765544824.883278,1,1,14676,1834.500
1765544824.8873084,0,0,10273,1284.125
1765544824.8912783,0,0,7827,978.375
1765544824.8952856,0,0,14842,1855.250
1765544824.8992817,0,0,17704,2213.000
1765544824.9032764,1,1,14926,1865.750
1765544824.90727,0,0,10487,1310.875
1765544824.9112842,0,0,7884,985.500
1765544824.9152882,0,0,14769,1846.125
1765544824.919283,0,0,17810,2226.250
1765544824.923295,1,1,15246,1905.750
1765544824.9272935,0,0,10769,1346.125
1765544824.9312937,0,0,7898,987.250
1765544824.9352705,0,0,14536,1817.000
1765544824.9392862,0,0,17761,2220.125
1765544824.943281,1,1,15268,1908.500
1765544824.9472718,0,0,10792,1349.000
1765544824.9512696,0,0,7661,957.625
1765544824.9552722,0,0,14136,1767.000
1765544824.9592674,0,0,17734,2216.750
1765544824.9632897,1,1,15484,1935.500
1765544824.9672847,0,0,11010,1376.250
1765544824.97129,0,0,7816,977.000
1765544824.9752874,0,0,14157,1769.625
1765544824.9792852,0,0,17883,2235.375
1765544824.9832842,1,1,15988,1998.500
1765544824.9873216,0,0,11492,1436.500
1765544824.991291,0,0,7941,992.625
1765544824.995288,0,0,13696,1712.000
1765544824.9992843,0,0,17599,2199.875
1765544825.0032737,1,1,15427,1928.375
1765544825.0072668,0,0,10975,1371.875
1765544825.011283,0,0,13456,1682.000
1765544825.0152862,0,0,17723,2215.375
1765544825.0192838,0,0,16077,2009.625
1765544825.023286,1,1,11617,1452.125
1765544825.0272832,0,0,7882,985.250
1765544825.0312858,0,0,13235,1654.375
1765544825.0352845,0,0,17668,2208.500
1765544825.0392828,0,0,16112,2014.000
1765544825.0432868,1,1,11664,1458.000
1765544825.0472796,0,0,7858,982.250
1765544825.0512798,0,0,12905,1613.125
1765544825.0552793,0,0,17612,2201.500
1765544825.059283,0,0,16272,2034.000
1765544825.0632837,1,1,11853,1481.625
1765544825.0672798,0,0,7862,982.750
1765544825.071366,0,0,12473,1559.125
1765544825.0752804,0,0,17514,2189.250
1765544825.0792687,0,0,16408,2051.000
1765544825.0832858,1,1,12030,1503.750
1765544825.087323,0,0,7999,999.875
1765544825.0912864,0,0,12331,1541.375
1765544825.0952656,0,0,17497,2187.125
1765544825.0992718,0,0,16553,2069.125
1765544825.1032896,1,1,12202,1525.250
1765544825.1072881,0,0,8148,1018.500
1765544825.1112905,0,0,12196,1524.500
1765544825.1152897,0,0,17486,2185.750
1765544825.119285,0,0,16768,2096.000
1765544825.1232908,1,1,12464,1558.000
1765544825.1272862,0,0,8275,1034.375
1765544825.1313002,0,0,11800,1475.000
1765544825.1352692,0,0,17370,2171.250
1765544825.1392667,0,0,16852,2106.500
1765544825.1432853,1,1,12600,1575.000
1765544825.1472852,0,0,8337,1042.125
1765544825.1512856,0,0,11258,1407.250
1765544825.155275,0,0,17159,2144.875
1765544825.1592836,0,0,16704,2088.000
1765544825.1632884,1,1,12465,1558.125
1765544825.167285,0,0,8269,1033.625
1765544825.171301,0,0,10908,1363.500
1765544825.1752844,0,0,17078,2134.750
1765544825.1792812,0,0,16944,2118.000
1765544825.183279,1,1,12800,1600.000
1765544825.1873193,0,0,8510,1063.750
1765544825.1912851,0,0,10488,1311.000
1765544825.1952882,0,0,16836,2104.500
1765544825.1992805,0,0,16569,2071.125
1765544825.2032824,1,1,12378,1547.250
1765544825.2072785,0,0,8324,1040.500
1765544825.2112858,0,0,10433,1304.125
1765544825.2152836,0,0,16946,2118.250
1765544825.2192862,0,0,17321,2165.125
1765544825.22328,1,1,13374,1671.750
1765544825.227278,0,0,8984,1123.000
1765544825.2312808,0,0,10300,1287.500
1765544825.235286,0,0,16855,2106.875
1765544825.239281,0,0,17346,2168.250
1765544825.2432854,1,1,13445,1680.625
1765544825.2472796,0,0,9067,1133.375
1765544825.2512848,0,0,9878,1234.750
1765544825.2552843,0,0,16635,2079.375
1765544825.25928,0,0,17199,2149.875
1765544825.263286,1,1,13291,1661.375
1765544825.267284,0,0,9016,1127.000
1765544825.271365,0,0,9675,1209.375
1765544825.2752976,0,0,16574,2071.750
1765544825.2792847,0,0,17513,2189.125
1765544825.2832825,1,1,13816,1727.000
1765544825.2873192,0,0,9419,1177.375
1765544825.2912853,0,0,9615,1201.875
1765544825.295265,0,0,16515,2064.375
1765544825.2992637,0,0,17669,2208.625
1765544825.3032863,1,1,14123,1765.375
1765544825.3072832,0,0,9661,1207.625
1765544825.311283,0,0,9003,1125.375
1765544825.315284,0,0,16123,2015.375
1765544825.3192823,0,0,17432,2179.000
1765544825.3232741,1,1,13844,1730.500
1765544825.327265,0,0,9480,1185.000
1765544825.3312774,0,0,8945,1118.125
1765544825.3352985,0,0,16136,2017.000
1765544825.3392813,0,0,17771,2221.375
1765544825.3432744,1,1,14494,1811.750
1765544825.3472652,0,0,10006,1250.750
1765544825.3512733,0,0,8754,1094.250
1765544825.3552783,0,0,15893,1986.625
1765544825.3592768,0,0,17638,2204.750
1765544825.363268,1,1,14332,1791.500
1765544825.3672621,0,0,9902,1237.750
1765544825.3712661,0,0,8593,1074.125
1765544825.3752809,0,0,15789,1973.625
1765544825.379275,0,0,17790,2223.750
1765544825.3832793,1,1,14717,1839.625
1765544825.3872962,0,0,10233,1279.125
1765544825.391283,0,0,8538,1067.250
1765544825.3952813,0,0,15629,1953.625
1765544825.3992755,0,0,17765,2220.625
1765544825.403283,1,1,14749,1843.625
1765544825.407276,0,0,10270,1283.750
1765544825.41128,0,0,8222,1027.750
1765544825.4152784,0,0,15320,1915.000
1765544825.4192803,0,0,17699,2212.375
1765544825.4232798,1,1,14768,1846.000
1765544825.4272735,0,0,10303,1287.875
1765544825.4312809,0,0,8068,1008.500
1765544825.4352841,0,0,15144,1893.000
1765544825.4392774,0,0,17802,2225.250
1765544825.4432786,1,1,15142,1892.750
1765544825.447274,0,0,10634,1329.250
1765544825.4512815,0,0,7987,998.375
1765544825.4552624,0,0,14888,1861.000
1765544825.4592605,0,0,17734,2216.750
1765544825.4632802,1,1,15121,1890.125
1765544825.467277,0,0,10630,1328.750
1765544825.4767623,0,0,17770,2221.250
1765544825.4793022,0,0,17770,2221.250
1765544825.48328,1,1,15346,1918.250
1765544825.4872966,0,0,10839,1354.875
1765544825.4912686,0,0,7778,972.250
1765544825.4952772,0,0,14369,1796.125
1765544825.49928,0,0,17703,2212.875
1765544825.503269,1,1,15399,1924.875
1765544825.5072582,0,0,10904,1363.000
1765544825.5112631,0,0,7744,968.000
1765544825.5152602,0,0,14131,1766.375
1765544825.5192578,0,0,17655,2206.875
1765544825.523292,1,1,15430,1928.750
1765544825.527281,0,0,10944,1368.000
1765544825.531282,0,0,7710,963.750
1765544825.5352817,0,0,13964,1745.500
1765544825.5392864,0,0,17715,2214.375
1765544825.5432742,1,1,15781,1972.625
1765544825.5472622,0,0,11291,1411.375
1765544825.5512693,0,0,7702,962.750
1765544825.5552783,0,0,17655,2206.875
1765544825.559276,0,0,15913,1989.125
1765544825.5632687,1,1,11440,1430.000
1765544825.567262,0,0,7731,966.375
1765544825.5712688,0,0,13356,1669.500
1765544825.575261,0,0,17623,2202.875
1765544825.579257,0,0,16046,2005.750
1765544825.583274,1,1,11589,1448.625
1765544825.5872931,0,0,7704,963.000
1765544825.5912805,0,0,12666,1583.250
1765544825.5952775,0,0,17264,2158.000
1765544825.599273,0,0,15412,1926.500
1765544825.6032777,1,1,10997,1374.625
1765544825.6072724,0,0,7422,927.750
1765544825.611278,0,0,12770,1596.250
1765544825.615275,0,0,17576,2197.000
1765544825.6192758,0,0,16549,2068.625
1765544825.6232748,1,1,12180,1522.500
1765544825.627272,0,0,8030,1003.750
1765544825.6312783,0,0,12456,1557.000
1765544825.635279,0,0,17430,2178.750
1765544825.6392715,0,0,16289,2036.125
1765544825.643275,1,1,11904,1488.000
1765544825.6472704,0,0,7853,981.625
1765544825.6512775,0,0,12068,1508.500
1765544825.655276,0,0,17358,2169.750
1765544825.659272,0,0,16495,2061.875
1765544825.6632738,1,1,12163,1520.375
1765544825.6672742,0,0,8051,1006.375
1765544825.6712778,0,0,11958,1494.750
1765544825.6753576,0,0,17368,2171.000
1765544825.6792905,0,0,16790,2098.750
1765544825.6832745,1,1,12528,1566.000
1765544825.6873026,0,0,8267,1033.375
1765544825.6913245,0,0,11731,1466.375
1765544825.6952999,0,0,17315,2164.375
1765544825.6992798,0,0,16980,2122.500
1765544825.703282,1,1,12796,1599.500
1765544825.7072742,0,0,8436,1054.500
1765544825.711276,0,0,11285,1410.625
1765544825.715276,0,0,17141,2142.625
1765544825.7192621,0,0,16853,2106.625
1765544825.7232857,1,1,12670,1583.750
1765544825.7272806,0,0,8406,1050.750
1765544825.7312908,0,0,11059,1382.375
1765544825.7352595,0,0,17092,2136.500
1765544825.739261,0,0,17092,2136.500
1765544825.743277,1,1,13010,1626.250
1765544825.7472746,0,0,8670,1083.750
1765544825.7512755,0,0,10771,1346.375
1765544825.7552614,0,0,16949,2118.625
1765544825.7592592,0,0,16931,2116.375
1765544825.763445,1,1,12828,1603.500
1765544825.7675228,0,0,8622,1077.750
1765544825.7713172,0,0,11123,1390.375
1765544825.775276,0,0,17161,2145.125
1765544825.7792718,0,0,17818,2227.250
1765544825.7832813,1,1,14179,1772.375
1765544825.7873142,0,0,9494,1186.750
1765544825.7912774,0,0,9963,1245.375
1765544825.7952714,0,0,16577,2072.125
1765544825.799269,0,0,17041,2130.125
1765544825.803279,1,1,13098,1637.250
1765544825.8072736,0,0,8796,1099.500
1765544825.8112764,0,0,9617,1202.125
1765544825.8152716,0,0,16496,2062.000
1765544825.819274,0,0,17310,2163.750
1765544825.8232648,1,1,13544,1693.000
1765544825.8272572,0,0,9139,1142.375
1765544825.8312633,0,0,9342,1167.750
1765544825.835289,0,0,16318,2039.750
1765544825.839273,0,0,17231,2153.875
1765544825.843273,1,1,13473,1684.125
1765544825.8472743,0,0,9144,1143.000
1765544825.851291,0,0,9332,1166.500
1765544825.8552766,0,0,16336,2042.000
1765544825.8592703,0,0,17552,2194.000
1765544825.8632743,1,1,14022,1752.750
1765544825.8672833,0,0,9568,1196.000
1765544825.8712783,0,0,9128,1141.000
1765544825.8753605,0,0,16167,2020.875
1765544825.8792865,0,0,17532,2191.500
1765544825.8832724,1,1,14054,1756.750
1765544825.8872955,0,0,9628,1203.500
1765544825.8912685,0,0,8933,1116.625
1765544825.8952754,0,0,16040,2005.000
1765544825.899276,0,0,17663,2207.875
1765544825.9032633,1,1,14377,1797.125
1765544825.9072528,0,0,9895,1236.875
1765544825.9112656,0,0,8750,1093.750
1765544825.9152765,0,0,15881,1985.125
1765544825.9192753,0,0,17748,2218.500
1765544825.9232743,1,1,14646,1830.750
1765544825.92727,0,0,10132,1266.500
1765544825.931272,0,0,8509,1063.625
1765544825.9352717,0,0,15646,1955.750
1765544825.939273,0,0,17690,2211.250
1765544825.94328,1,1,14641,1830.125
1765544825.947277,0,0,10153,1269.125
1765544825.9512725,0,0,8333,1041.625
1765544825.9552548,0,0,15448,1931.000
1765544825.9592772,0,0,17654,2206.750
1765544825.9632628,1,1,14665,1833.125
1765544825.9672554,0,0,10190,1273.750
1765544825.9712548,0,0,8220,1027.500
1765544825.9752545,0,0,15320,1915.000
1765544825.9792583,0,0,17759,2219.875
1765544825.9832778,1,1,15009,1876.125
1765544825.9873095,0,0,10497,1312.125
1765544825.9912755,0,0,8117,1014.625
1765544825.9952762,0,0,15076,1884.500
1765544825.9992702,0,0,17706,2213.250
1765544826.0032704,1,1,15027,1878.375
1765544826.0072706,0,0,10525,1315.625
1765544826.0112793,0,0,7670,958.750
1765544826.0152678,0,0,14518,1814.750
1765544826.0192678,0,0,17514,2189.250
1765544826.0232627,1,1,14861,1857.625
1765544826.0272553,0,0,10403,1300.375
1765544826.0312576,0,0,7750,968.750
1765544826.0352685,0,0,14632,1829.000
1765544826.0392683,0,0,17776,2222.000
1765544826.043266,1,1,15553,1944.125
1765544826.0472698,0,0,11028,1378.500
1765544826.0512755,0,0,7844,980.500
1765544826.0552711,0,0,14356,1794.500
1765544826.059266,0,0,17721,2215.125
1765544826.0632682,1,1,15604,1950.500
1765544826.0672688,0,0,11093,1386.625
1765544826.0712702,0,0,7726,965.750
1765544826.0753303,0,0,14016,1752.000
1765544826.0792654,0,0,17627,2203.375
1765544826.0832558,1,1,15569,1946.125
1765544826.0872672,0,0,11075,1384.375
1765544826.0912595,0,0,7541,942.625
1765544826.095269,0,0,13516,1689.500
1765544826.09927,0,0,17484,2185.500
1765544826.1032588,1,1,15504,1938.000
1765544826.1072488,0,0,7690,961.250
1765544826.1112616,0,0,13741,1717.625
1765544826.1152754,0,0,17696,2212.000
1765544826.1192713,0,0,16111,2013.875
1765544826.1232722,1,1,11640,1455.000
1765544826.1272688,0,0,7859,982.375
1765544826.131294,0,0,13385,1673.125
1765544826.135281,0,0,17621,2202.625
1765544826.1392732,0,0,16210,2026.250
1765544826.1432643,1,1,11767,1470.875
1765544826.1472538,0,0,7933,991.625
1765544826.1512625,0,0,13232,1654.000
1765544826.155271,0,0,17619,2202.375
1765544826.159272,0,0,16446,2055.750
1765544826.163261,1,1,12039,1504.875
1765544826.1672533,0,0,7977,997.125
1765544826.1712635,0,0,12855,1606.875
1765544826.1752682,0,0,17515,2189.375
1765544826.17927,0,0,16467,2058.375
1765544826.1832733,1,1,12092,1511.500
1765544826.1873045,0,0,7968,996.000
1765544826.1912668,0,0,12416,1552.000
1765544826.1952755,0,0,17377,2172.125
1765544826.1992698,0,0,16399,2049.875
1765544826.2032685,1,1,12038,1504.750
1765544826.2072692,0,0,7968,996.000
1765544826.2112706,0,0,12281,1535.125
1765544826.2152662,0,0,17395,2174.375
1765544826.219264,0,0,16768,2096.000
1765544826.2232702,1,1,12495,1561.875
1765544826.2272692,0,0,8229,1028.625
1765544826.2312672,0,0,11916,1489.500
1765544826.235264,0,0,17260,2157.500
1765544826.2392633,0,0,16651,2081.375
1765544826.2432685,1,1,12379,1547.375
1765544826.2472653,0,0,8061,1007.625
1765544826.2512677,0,0,11108,1388.500
1765544826.2552643,0,0,16989,2123.625
1765544826.2592642,0,0,16549,2068.625
1765544826.2632675,1,1,12320,1540.000
1765544826.2672665,0,0,8107,1013.375
1765544826.2712667,0,0,11026,1378.250
1765544826.2753434,0,0,17008,2126.000
1765544826.2792814,0,0,16865,2108.125
1765544826.283254,1,1,12731,1591.375
1765544826.287271,0,0,8400,1050.000
1765544826.2912614,0,0,10781,1347.625
1765544826.2952688,0,0,16924,2115.500
1765544826.2992656,0,0,16961,2120.125
1765544826.303258,1,1,12887,1610.875
1765544826.3072488,0,0,8503,1062.875
1765544826.3112605,0,0,10255,1281.875
1765544826.3152738,0,0,16700,2087.500
1765544826.3192704,0,0,16806,2100.750
1765544826.323257,1,1,12733,1591.625
1765544826.3272507,0,0,8489,1061.125
1765544826.3312721,0,0,10213,1276.625
1765544826.3352637,0,0,16733,2091.625
1765544826.339254,0,0,17215,2151.875
1765544826.3432853,1,1,13325,1665.625
1765544826.3472726,0,0,8919,1114.875
1765544826.3512697,0,0,10119,1264.875
1765544826.3552682,0,0,16690,2086.250
1765544826.3592694,0,0,17415,2176.875
1765544826.363257,1,1,13667,1708.375
1765544826.3672493,0,0,9206,1150.750
1765544826.3712606,0,0,9909,1238.625
1765544826.3752658,0,0,16567,2070.875
1765544826.3792672,0,0,17421,2177.625
1765544826.3832686,1,1,13727,1715.875
1765544826.387302,0,0,9285,1160.625
1765544826.3912666,0,0,9577,1197.125
1765544826.3952653,0,0,16403,2050.375
1765544826.3992646,0,0,17472,2184.000
1765544826.4032626,1,1,13885,1735.625
1765544826.4072669,0,0,9417,1177.125
1765544826.4112687,0,0,9140,1142.500
1765544826.4152625,0,0,16155,2019.375
1765544826.419265,0,0,17408,2176.000
1765544826.4232683,1,1,13866,1733.250
1765544826.4272668,0,0,9439,1179.875
1765544826.4312656,0,0,8754,1094.250
1765544826.4352632,0,0,15918,1989.750
1765544826.4392626,0,0,17393,2174.125
1765544826.4432654,1,1,13933,1741.625
1765544826.4472654,0,0,9519,1189.875
1765544826.4512687,0,0,8657,1082.125
1765544826.4552643,0,0,15862,1982.750
1765544826.4592633,0,0,17625,2203.125
1765544826.4632697,1,1,14429,1803.625
1765544826.4672647,0,0,9937,1242.125
1765544826.4712672,0,0,8574,1071.750
1765544826.4807036,0,0,14358,1794.750
1765544826.4832988,1,1,14358,1794.750
1765544826.487287,0,0,9913,1239.125
1765544826.4912736,0,0,8924,1115.500
1765544826.4952495,0,0,15922,1990.250
1765544826.4992447,0,0,17997,2249.625
1765544826.5032723,1,1,15364,1920.500
1765544826.5072682,0,0,10768,1346.000
1765544826.5112698,0,0,8458,1057.250
1765544826.515253,0,0,15368,1921.000
1765544826.5192463,0,0,17634,2204.250
1765544826.523268,1,1,14738,1842.250
1765544826.5272634,0,0,10239,1279.875
1765544826.5312707,0,0,7884,985.500
1765544826.5352542,0,0,14924,1865.500
1765544826.5392563,0,0,17459,2182.375
1765544826.5432496,1,1,14560,1820.000
1765544826.5472486,0,0,10110,1263.750
1765544826.551258,0,0,7606,950.750
1765544826.5552666,0,0,14651,1831.375
1765544826.5592666,0,0,17489,2186.125
1765544826.563256,1,1,14787,1848.375
1765544826.5672445,0,0,10324,1290.500
1765544826.571249,0,0,7646,955.750
1765544826.5752487,0,0,14565,1820.625
1765544826.5792515,0,0,17612,2201.500
1765544826.5832665,1,1,15175,1896.875
1765544826.5872989,0,0,10672,1334.000
1765544826.591267,0,0,7729,966.125
1765544826.5952702,0,0,14397,1799.625
1765544826.5992637,0,0,17586,2198.250
1765544826.6032667,1,1,15212,1901.500
1765544826.6072607,0,0,10714,1339.250
1765544826.6112654,0,0,7562,945.250
1765544826.6152642,0,0,14034,1754.250
1765544826.6192644,0,0,17524,2190.500
1765544826.6232667,1,1,15290,1911.250
1765544826.6272657,0,0,10804,1350.500
1765544826.6312637,0,0,7489,936.125
1765544826.6352608,0,0,13823,1727.875
1765544826.6392624,0,0,17582,2197.750
1765544826.6432672,1,1,15664,1958.000
1765544826.6472614,0,0,11177,1397.125
1765544826.6512594,0,0,7624,953.000
1765544826.655256,0,0,17603,2200.375
1765544826.6592605,0,0,15917,1989.625
1765544826.663266,1,1,11440,1430.000
1765544826.6672597,0,0,7667,958.375
1765544826.6712635,0,0,13266,1658.250
1765544826.6752653,0,0,17455,2181.875
1765544826.6793337,0,0,15721,1965.125
1765544826.6832652,1,1,11258,1407.250
1765544826.6872635,0,0,7694,961.750
1765544826.6912525,0,0,13390,1673.750
1765544826.6952713,0,0,17644,2205.500
1765544826.6992612,0,0,16472,2059.000
1765544826.7032511,1,1,12066,1508.250
1765544826.707247,0,0,7998,999.750
1765544826.7112534,0,0,12986,1623.250
1765544826.715264,0,0,17495,2186.875
1765544826.7192612,0,0,16277,2034.625
1765544826.7232664,1,1,11869,1483.625
1765544826.727262,0,0,7746,968.250
1765544826.7312646,0,0,12296,1537.000
1765544826.7352636,0,0,17277,2159.625
1765544826.7392654,0,0,16139,2017.375
1765544826.7432609,1,1,11757,1469.625
1765544826.747246,0,0,7825,978.125
1765544826.7512546,0,0,12509,1563.625
1765544826.7552683,0,0,17443,2180.375
1765544826.759263,0,0,16777,2097.125
1765544826.7634196,1,1,12499,1562.375
1765544826.7674985,0,0,8399,1049.875
1765544826.7713134,0,0,12964,1620.500
1765544826.7752697,0,0,17622,2202.750
1765544826.779263,0,0,17460,2182.500
1765544826.783264,1,1,13429,1678.625
1765544826.7873037,0,0,8705,1088.125
1765544826.791264,0,0,11549,1443.625
1765544826.7952604,0,0,17061,2132.625
1765544826.7992601,0,0,16411,2051.375
1765544826.80326,1,1,12128,1516.000
1765544826.8072598,0,0,7952,994.000
1765544826.8112645,0,0,11197,1399.625
1765544826.8152468,0,0,17020,2127.500
1765544826.8192601,0,0,16782,2097.750
1765544826.8232524,1,1,12622,1577.750
1765544826.8272438,0,0,8275,1034.375
1765544826.8312538,0,0,10914,1364.250
1765544826.8352642,0,0,16926,2115.750
1765544826.8392603,0,0,16862,2107.750
1765544826.8432653,1,1,12758,1594.750
1765544826.847256,0,0,8405,1050.625
1765544826.8512602,0,0,10603,1325.375
1765544826.8552585,0,0,16813,2101.625
1765544826.8592613,0,0,16894,2111.750
1765544826.863264,1,1,12836,1604.500
1765544826.8672566,0,0,8477,1059.625
1765544826.8712606,0,0,10255,1281.875
1765544826.8752642,0,0,16714,2089.250
1765544826.8793366,0,0,17170,2146.250
1765544826.8832743,1,1,13279,1659.875
1765544826.8872855,0,0,8845,1105.625
1765544826.8912508,0,0,10210,1276.250
1765544826.89526,0,0,16683,2085.375
1765544826.8992577,0,0,17304,2163.000
1765544826.9032547,1,1,13505,1688.125
1765544826.9072454,0,0,9041,1130.125
1765544826.9112628,0,0,10085,1260.625
1765544826.915265,0,0,16630,2078.750
1765544826.9192624,0,0,17482,2185.250
1765544826.9232872,1,1,13840,1730.000
1765544826.927279,0,0,9308,1163.500
1765544826.9312725,0,0,9757,1219.625
1765544826.9352438,0,0,16443,2055.375
1765544826.9392438,0,0,17335,2166.875
1765544826.9432616,1,1,13652,1706.500
1765544826.9472609,0,0,9198,1149.750
1765544826.9512627,0,0,9252,1156.500
1765544826.9552495,0,0,16213,2026.625
1765544826.9592438,0,0,17409,2176.125
1765544826.9632611,1,1,13879,1734.875
1765544826.9672616,0,0,9405,1175.625
1765544826.9712658,0,0,8963,1120.375
1765544826.9752624,0,0,16023,2002.875
1765544826.979258,0,0,17384,2173.000
1765544826.9832578,1,1,13910,1738.750
1765544826.9872751,0,0,9470,1183.750
1765544826.991246,0,0,8745,1093.125
1765544826.995262,0,0,15884,1985.500
1765544826.9992585,0,0,17482,2185.250
1765544827.0032628,1,1,14160,1770.000
1765544827.0072563,0,0,9693,1211.625
1765544827.0112588,0,0,8536,1067.000
1765544827.015259,0,0,15686,1960.750
1765544827.0192602,0,0,17428,2178.500
1765544827.0232575,1,1,14139,1767.375
1765544827.0272546,0,0,9697,1212.125
1765544827.0312588,0,0,8229,1028.625
1765544827.0352597,0,0,15463,1932.875
1765544827.0392578,0,0,17458,2182.250
1765544827.0432484,1,1,14308,1788.500
1765544827.047237,0,0,9854,1231.750
1765544827.051247,0,0,8090,1011.250
1765544827.0552597,0,0,15315,1914.375
1765544827.0592697,0,0,17560,2195.000
1765544827.063261,1,1,14615,1826.875
1765544827.0672548,0,0,10129,1266.125
1765544827.0712576,0,0,8193,1024.125
1765544827.0752442,0,0,15270,1908.750
1765544827.079315,0,0,17633,2204.125
1765544827.083262,1,1,14822,1852.750
1765544827.087279,0,0,10315,1289.375
1765544827.0912488,0,0,8100,1012.500
1765544827.0952578,0,0,15106,1888.250
1765544827.0992556,0,0,17683,2210.375
1765544827.1032481,1,1,15071,1883.875
1765544827.1072426,0,0,10543,1317.875
1765544827.11125,0,0,7878,984.750
1765544827.115259,0,0,14800,1850.000
1765544827.1192558,0,0,17670,2208.750
1765544827.1232626,1,1,15257,1907.125
1765544827.1272566,0,0,10730,1341.250
1765544827.1312633,0,0,7785,973.125
1765544827.1352599,0,0,14524,1815.500
1765544827.1392572,0,0,17595,2199.375
1765544827.1432652,1,1,15232,1904.000
1765544827.147282,0,0,10721,1340.125
1765544827.1512628,0,0,7861,982.625
1765544827.155244,0,0,14503,1812.875
1765544827.1592586,0,0,17665,2208.125
1765544827.163255,1,1,15480,1935.000
1765544827.1672542,0,0,10956,1369.500
1765544827.1712625,0,0,7674,959.250
1765544827.175244,0,0,14028,1753.500
1765544827.1792374,0,0,17556,2194.500
1765544827.1832602,1,1,15514,1939.250
1765544827.1873004,0,0,11013,1376.625
1765544827.1912632,0,0,7557,944.625
1765544827.1952648,0,0,13751,1718.875
1765544827.199255,0,0,17529,2191.125
1765544827.2032611,1,1,11178,1397.250
1765544827.2072556,0,0,7581,947.625
1765544827.2112598,0,0,13493,1686.625
1765544827.2152576,0,0,17497,2187.125
1765544827.2192583,0,0,15798,1974.750
1765544827.223257,1,1,11326,1415.750
1765544827.2272525,0,0,7474,934.250
1765544827.2312598,0,0,12979,1622.375
1765544827.2352636,0,0,17362,2170.250
1765544827.239257,0,0,15784,1973.000
1765544827.2432585,1,1,11340,1417.500
1765544827.2472546,0,0,7442,930.250
1765544827.2512586,0,0,12607,1575.875
1765544827.2552571,0,0,17266,2158.250
1765544827.2592564,0,0,15786,1973.250
1765544827.263257,1,1,11359,1419.875
1765544827.2672524,0,0,7487,935.875
1765544827.2712562,0,0,12459,1557.375
1765544827.2752564,0,0,17278,2159.750
1765544827.2793248,0,0,15995,1999.375
1765544827.2832644,1,1,11588,1448.500
1765544827.2872546,0,0,7608,951.000
1765544827.2912445,0,0,12262,1532.750
1765544827.2952538,0,0,17292,2161.500
1765544827.299256,0,0,16338,2042.250
1765544827.3032458,1,1,11984,1498.000
1765544827.3072367,0,0,7867,983.375
1765544827.311247,0,0,12104,1513.000
1765544827.3152573,0,0,17258,2157.250
1765544827.3192568,0,0,16426,2053.250
1765544827.323246,1,1,12101,1512.625
1765544827.3272376,0,0,7943,992.875
1765544827.3312454,0,0,11829,1478.625
1765544827.3352644,0,0,17205,2150.625
1765544827.339256,0,0,16633,2079.125
1765544827.3432477,1,1,12373,1546.625
1765544827.3472378,0,0,8089,1011.125
1765544827.3512485,0,0,11535,1441.875
1765544827.3552563,0,0,17137,2142.125
1765544827.3592541,0,0,16834,2104.250
1765544827.3632483,1,1,12660,1582.500
1765544827.3672388,0,0,8281,1035.125
1765544827.3712456,0,0,11109,1388.625
1765544827.3752575,0,0,16979,2122.375
1765544827.3792531,0,0,16755,2094.375
1765544827.3832552,1,1,12596,1574.500
1765544827.387292,0,0,8289,1036.125
1765544827.3912597,0,0,10921,1365.125
1765544827.395259,0,0,16935,2116.875
1765544827.3992517,0,0,16937,2117.125
1765544827.4032564,1,1,12863,1607.875
1765544827.4072535,0,0,8464,1058.000
1765544827.4112566,0,0,10382,1297.750
1765544827.4152532,0,0,16723,2090.375
1765544827.4192498,0,0,16867,2108.375
1765544827.4232526,1,1,12819,1602.375
1765544827.4272487,0,0,8497,1062.125
1765544827.4312534,0,0,10295,1286.875
1765544827.435255,0,0,16721,2090.125
1765544827.4392529,0,0,17166,2145.750
1765544827.4432511,1,1,13269,1658.625
1765544827.447249,0,0,8842,1105.250
1765544827.451257,0,0,10082,1260.250
1765544827.4552517,0,0,16627,2078.375
1765544827.459248,0,0,17309,2163.625
1765544827.463251,1,1,13538,1692.250
1765544827.467249,0,0,9079,1134.875
1765544827.4712522,0,0,9941,1242.625
1765544827.4752522,0,0,16553,2069.125
1765544827.4847689,1,1,13748,1718.500
1765544827.4873035,0,0,9317,1164.625
1765544827.4912739,0,0,10565,1320.625
1765544827.495238,0,0,16813,2101.625
1765544827.4992368,0,0,17988,2248.500
1765544827.5032544,1,1,14839,1854.875
1765544827.507251,0,0,10128,1266.000
1765544827.5112522,0,0,9495,1186.875
1765544827.5152407,0,0,16212,2026.500
1765544827.519236,0,0,17327,2165.875
1765544827.5232568,1,1,13740,1717.500
1765544827.527255,0,0,9301,1162.625
1765544827.5312555,0,0,8832,1104.000
1765544827.535251,0,0,15922,1990.250
1765544827.539265,0,0,17283,2160.375
1765544827.5432606,1,1,13778,1722.250
1765544827.5472555,0,0,9386,1173.250
1765544827.5512495,0,0,8858,1107.250
1765544827.5552373,0,0,15926,1990.750
1765544827.5592363,0,0,17540,2192.500
1765544827.5632362,1,1,14286,1785.750
1765544827.5672374,0,0,9793,1224.125
1765544827.571236,0,0,8676,1084.500
1765544827.5752337,0,0,15745,1968.125
1765544827.5792317,0,0,17557,2194.625
1765544827.5832477,1,1,14418,1802.250
1765544827.5872903,0,0,9922,1240.250
1765544827.5912564,0,0,8455,1056.875
1765544827.5952508,0,0,15568,1946.000
1765544827.5992472,0,0,17657,2207.125
1765544827.6032512,1,1,14762,1845.250
1765544827.6072514,0,0,10227,1278.375
1765544827.6112528,0,0,8211,1026.375
1765544827.6152453,0,0,15266,1908.250
1765544827.6192472,0,0,17495,2186.875
1765544827.6232483,1,1,14533,1816.625
1765544827.627245,0,0,10049,1256.125
1765544827.6312518,0,0,8008,1001.000
1765544827.6352534,0,0,15115,1889.375
1765544827.639245,0,0,17580,2197.500
1765544827.6432486,1,1,14834,1854.250
1765544827.6472464,0,0,10325,1290.625
1765544827.6512542,0,0,8047,1005.875
1765544827.655252,0,0,15031,1878.875
1765544827.6592467,0,0,17673,2209.125
1765544827.6632483,1,1,15157,1894.625
1765544827.6672475,0,0,10617,1327.125
1765544827.67125,0,0,7895,986.875
1765544827.6752515,0,0,14726,1840.750
1765544827.6792505,0,0,17606,2200.750
1765544827.6833322,1,1,15184,1898.000
1765544827.68728,0,0,10660,1332.500
1765544827.6912558,0,0,8060,1007.500
1765544827.695257,0,0,14830,1853.750
1765544827.6992533,0,0,17770,2221.250
1765544827.7032528,1,1,15669,1958.625
1765544827.7072482,0,0,11122,1390.250
1765544827.7112508,0,0,7884,985.500
1765544827.7152405,0,0,14322,1790.250
1765544827.7192352,0,0,17606,2200.750
1765544827.7232533,1,1,15540,1942.500
1765544827.7272496,0,0,11020,1377.500
1765544827.731252,0,0,7657,957.125
1765544827.7352507,0,0,13950,1743.750
1765544827.739255,0,0,17511,2188.875
1765544827.743259,1,1,15527,1940.875
1765544827.7472517,0,0,11025,1378.125
1765544827.7512517,0,0,7654,956.750
1765544827.7552488,0,0,17547,2193.375
1765544827.7592514,0,0,15795,1974.375
1765544827.763412,1,1,11306,1413.250
1765544827.767493,0,0,8006,1000.750
1765544827.771301,0,0,14165,1770.625
1765544827.775251,0,0,17788,2223.500
1765544827.7792513,0,0,16667,2083.375
1765544827.7832544,1,1,12270,1533.750
1765544827.7872908,0,0,8104,1013.000
1765544827.7912488,0,0,13231,1653.875
1765544827.7952468,0,0,17390,2173.750
1765544827.7992458,0,0,15829,1978.625
1765544827.8032513,1,1,11368,1421.000
1765544827.8072493,0,0,7484,935.500
1765544827.8112547,0,0,12606,1575.750
1765544827.815247,0,0,17222,2152.750
1765544827.8192472,0,0,15800,1975.000
1765544827.8232403,1,1,11373,1421.625
1765544827.8272388,0,0,7481,935.125
1765544827.8312433,0,0,12431,1553.875
1765544827.835251,0,0,17257,2157.125
1765544827.8392477,0,0,16180,2022.500
1765544827.843249,1,1,11802,1475.250
1765544827.8472486,0,0,7721,965.125
1765544827.8512542,0,0,12227,1528.375
1765544827.8552501,0,0,17218,2152.250
1765544827.859248,0,0,16283,2035.375
1765544827.8632524,1,1,11933,1491.625
1765544827.8672512,0,0,7792,974.000
1765544827.8712533,0,0,11891,1486.375
1765544827.875253,0,0,17134,2141.750
1765544827.879247,0,0,16364,2045.500
1765544827.8833325,1,1,12052,1506.500
1765544827.887298,0,0,7952,994.000
1765544827.8912551,0,0,11965,1495.625
1765544827.8952336,0,0,17227,2153.375
1765544827.8992326,0,0,16896,2112.000
1765544827.903252,1,1,12729,1591.125
1765544827.9072454,0,0,8282,1035.250
1765544827.9112518,0,0,11350,1418.750
1765544827.9152367,0,0,16992,2124.000
1765544827.9192507,0,0,16612,2076.500
1765544827.923247,1,1,12403,1550.375
1765544827.9272444,0,0,8141,1017.625
1765544827.9312487,0,0,11082,1385.250
1765544827.935247,0,0,16932,2116.500
1765544827.9392455,0,0,16812,2101.500
1765544827.9432502,1,1,12694,1586.750
1765544827.9472487,0,0,8364,1045.500
1765544827.951246,0,0,10903,1362.875
1765544827.955236,0,0,16884,2110.500
1765544827.9592307,0,0,17002,2125.250
1765544827.963247,1,1,12985,1623.125
1765544827.9672477,0,0,8558,1069.750
1765544827.9712512,0,0,10444,1305.500
1765544827.9752283,0,0,16695,2086.875
1765544827.9792287,0,0,16889,2111.125
1765544827.9832506,1,1,12875,1609.375
1765544827.987285,0,0,8523,1065.375
1765544827.9912496,0,0,10023,1252.875
1765544827.9952502,0,0,16543,2067.875
1765544827.9992483,0,0,16977,2122.125
1765544828.0032432,1,1,13052,1631.500
1765544828.007232,0,0,8683,1085.375
1765544828.011238,0,0,9856,1232.000
1765544828.0152462,0,0,16480,2060.000
1765544828.0192482,0,0,17133,2141.625
1765544828.0232499,1,1,13319,1664.875
1765544828.0272472,0,0,8926,1115.750
1765544828.03125,0,0,9676,1209.500
1765544828.035247,0,0,16388,2048.500
1765544828.039243,0,0,17254,2156.750
1765544828.0432503,1,1,13554,1694.250
1765544828.0472445,0,0,9123,1140.375
1765544828.051248,0,0,9293,1161.625
1765544828.0552425,0,0,16182,2022.750
1765544828.059244,0,0,17220,2152.500
1765544828.0632348,1,1,13571,1696.375
1765544828.0672286,0,0,9159,1144.875
1765544828.0712273,0,0,9094,1136.750
1765544828.07523,0,0,16093,2011.625
1765544828.079226,0,0,17420,2177.500
1765544828.0833242,1,1,13977,1747.125
1765544828.0872765,0,0,9500,1187.500
1765544828.0912526,0,0,8979,1122.375
1765544828.095228,0,0,15973,1996.625
1765544828.0992482,0,0,17425,2178.125
1765544828.1032434,1,1,14042,1755.250
1765544828.1072404,0,0,9573,1196.625
1765544828.111243,0,0,8717,1089.625
1765544828.115232,0,0,15809,1976.125
1765544828.1192288,0,0,17508,2188.500
1765544828.1232493,1,1,14294,1786.750
1765544828.1272466,0,0,9806,1225.750
1765544828.1312523,0,0,8580,1072.500
1765544828.1352637,0,0,15656,1957.000
1765544828.1392522,0,0,17543,2192.875
1765544828.1432357,1,1,14456,1807.000
1765544828.147227,0,0,9949,1243.625
1765544828.1512349,0,0,8140,1017.500
1765544828.1552484,0,0,15265,1908.125
1765544828.159245,0,0,17356,2169.500
1765544828.1632366,1,1,14231,1778.875
1765544828.1672258,0,0,9793,1224.125
1765544828.1712394,0,0,8080,1010.000
1765544828.1752524,0,0,15254,1906.750
1765544828.1792505,0,0,17583,2197.875
1765544828.1832492,1,1,14773,1846.625
1765544828.1872785,0,0,10256,1282.000
1765544828.1912487,0,0,8206,1025.750
1765544828.1952467,0,0,15208,1901.000
1765544828.1992505,0,0,17718,2214.750
1765544828.2032485,1,1,15196,1899.500
1765544828.207242,0,0,10643,1330.375
1765544828.2112443,0,0,8132,1016.500
1765544828.215242,0,0,14966,1870.750
1765544828.2192433,0,0,17635,2204.375
1765544828.2232456,1,1,15129,1891.125
1765544828.2272437,0,0,10597,1324.625
1765544828.2312434,0,0,7937,992.125
1765544828.2352414,0,0,14727,1840.875
1765544828.2392423,0,0,17621,2202.625
1765544828.243248,1,1,15273,1909.125
1765544828.2472425,0,0,10739,1342.375
1765544828.2512455,0,0,7831,978.875
1765544828.2552412,0,0,14531,1816.375
1765544828.2592416,0,0,17682,2210.250
1765544828.2632456,1,1,15678,1959.750
1765544828.2672422,0,0,11148,1393.500
1765544828.2712438,0,0,7888,986.000
1765544828.275249,0,0,14173,1771.625
1765544828.27924,0,0,17491,2186.375
1765544828.2833273,1,1,15298,1912.250
1765544828.287298,0,0,10789,1348.625
1765544828.2912512,0,0,7713,964.125
1765544828.295228,0,0,14142,1767.750
1765544828.299225,0,0,17637,2204.625
1765544828.3032436,1,1,15906,1988.250
1765544828.3072455,0,0,7822,977.750
1765544828.311247,0,0,13793,1724.125
1765544828.3152323,0,0,17552,2194.000
1765544828.319226,0,0,15933,1991.625
1765544828.3232303,1,1,11451,1431.375
1765544828.3272245,0,0,7679,959.875
1765544828.331248,0,0,13287,1660.875
1765544828.3352506,0,0,17368,2171.000
1765544828.3392475,0,0,15691,1961.375
1765544828.3432345,1,1,11222,1402.750
1765544828.347222,0,0,7643,955.375
1765544828.3512309,0,0,13307,1663.375
1765544828.355244,0,0,17486,2185.750
1765544828.3592412,0,0,16231,2028.875
1765544828.3632314,1,1,11806,1475.750
1765544828.3672225,0,0,7870,983.750
1765544828.3712413,0,0,13039,1629.875
1765544828.3752477,0,0,17445,2180.625
1765544828.3792448,0,0,16434,2054.250
1765544828.383249,1,1,12064,1508.000
1765544828.3872774,0,0,8006,1000.750
1765544828.391244,0,0,12743,1592.875
1765544828.3952556,0,0,17318,2164.750
1765544828.3992414,0,0,16183,2022.875
1765544828.4032445,1,1,11784,1473.000
1765544828.407237,0,0,7817,977.125
1765544828.4112413,0,0,12431,1553.875
1765544828.4152431,0,0,17290,2161.250
1765544828.4192395,0,0,16547,2068.375
1765544828.4232414,1,1,12247,1530.875
1765544828.427236,0,0,8047,1005.875
1765544828.4312396,0,0,12026,1503.250
1765544828.4352345,0,0,17157,2144.625
1765544828.439248,0,0,16465,2058.125
1765544828.4432435,1,1,12171,1521.375
1765544828.4472399,0,0,7967,995.875
1765544828.451241,0,0,11612,1451.500
1765544828.4552495,0,0,17048,2131.000
1765544828.459241,0,0,16571,2071.375
1765544828.4632452,1,1,12338,1542.250
1765544828.4672396,0,0,8078,1009.750
1765544828.4712515,0,0,11344,1418.000
1765544828.47524,0,0,16987,2123.375
1765544828.4792387,0,0,16769,2096.125
1765544828.488735,0,0,8387,1048.375
1765544828.4912746,0,0,11785,1473.125
1765544828.495228,0,0,17175,2146.875
1765544828.4992254,0,0,17465,2183.125
1765544828.5032566,1,1,13648,1706.000
1765544828.5072439,0,0,9037,1129.625
1765544828.5112438,0,0,11129,1391.125
1765544828.5152283,0,0,16902,2112.750
1765544828.519234,0,0,17064,2133.000
1765544828.5232437,1,1,13087,1635.875
1765544828.5272412,0,0,8613,1076.625
1765544828.5312438,0,0,10302,1287.750
1765544828.5352385,0,0,16596,2074.500
1765544828.539236,0,0,16896,2112.000
1765544828.5432389,1,1,12928,1616.000
1765544828.5472374,0,0,8584,1073.000
1765544828.5512395,0,0,10158,1269.750
1765544828.5552564,0,0,16561,2070.125
1765544828.5592356,0,0,17127,2140.875
1765544828.5632396,1,1,13304,1663.000
1765544828.567234,0,0,8876,1109.500
1765544828.5712545,0,0,9978,1247.250
1765544828.575224,0,0,16479,2059.875
1765544828.5792212,0,0,17246,2155.750
1765544828.583242,1,1,13538,1692.250
1765544828.5872405,0,0,9061,1132.625
1765544828.5912633,0,0,9533,1191.625
1765544828.595226,0,0,16255,2031.875
1765544828.5992205,0,0,17119,2139.875
1765544828.6032388,1,1,13399,1674.875
1765544828.6072404,0,0,9011,1126.375
1765544828.6112363,0,0,9471,1183.875
1765544828.6152205,0,0,16254,2031.750
1765544828.6192222,0,0,17483,2185.375
1765544828.6232383,1,1,14078,1759.750
1765544828.6272373,0,0,9542,1192.750
1765544828.631236,0,0,9141,1142.625
1765544828.635241,0,0,16016,2002.000
1765544828.639241,0,0,17346,2168.250
1765544828.643242,1,1,13913,1739.125
1765544828.647237,0,0,9456,1182.000
1765544828.6512394,0,0,9041,1130.125
1765544828.6552362,0,0,15970,1996.250
1765544828.6592386,0,0,17550,2193.750
1765544828.663243,1,1,14368,1796.000
1765544828.6672375,0,0,9826,1228.250
1765544828.6712365,0,0,8808,1101.000
1765544828.675234,0,0,15781,1972.625
1765544828.6792393,0,0,17556,2194.500
1765544828.6832407,1,1,14487,1810.875
1765544828.6873157,0,0,9949,1243.625
1765544828.6912596,0,0,8859,1107.375
1765544828.6952193,0,0,15785,1973.125
1765544828.6992362,0,0,17726,2215.750
1765544828.703239,1,1,14936,1867.000
1765544828.707239,0,0,10346,1293.250
1765544828.7112396,0,0,8358,1044.750
1765544828.7152226,0,0,15291,1911.375
1765544828.7192369,0,0,17385,2173.125
1765544828.7232401,1,1,14358,1794.750
1765544828.7272398,0,0,9885,1235.625
1765544828.7312415,0,0,8178,1022.250
1765544828.7352448,0,0,15235,1904.375
1765544828.739237,0,0,17594,2199.250
1765544828.7432544,1,1,14937,1867.125
1765544828.7472382,0,0,10394,1299.250
1765544828.7512374,0,0,8188,1023.500
1765544828.7552357,0,0,15081,1885.125
1765544828.7592466,0,0,17580,2197.500
1765544828.7633965,1,1,15005,1875.625
1765544828.7674837,0,0,10464,1308.000
1765544828.7712872,0,0,8560,1070.000
1765544828.775244,0,0,15307,1913.375
1765544828.7792358,0,0,17744,2218.000
1765544828.7832348,1,1,15366,1920.750
1765544828.7872338,0,0,10788,1348.500
1765544828.7912784,0,0,7910,988.750
1765544828.7952383,0,0,14532,1816.500
1765544828.7992365,0,0,17471,2183.875
1765544828.803238,1,1,15092,1886.500
1765544828.8072348,0,0,10567,1320.875
1765544828.8112419,0,0,7594,949.250
1765544828.8152418,0,0,14196,1774.500
1765544828.8192384,0,0,17428,2178.500
1765544828.8232272,1,1,15217,1902.125
1765544828.827247,0,0,10707,1338.375
1765544828.8312716,0,0,7510,938.750
1765544828.8354328,0,0,13870,1733.750
1765544828.8393838,0,0,17340,2167.500
1765544828.8432608,1,1,15168,1896.000
1765544828.8472342,0,0,10667,1333.375
1765544828.8512318,0,0,7573,946.625
1765544828.8552327,0,0,13969,1746.125
1765544828.8592348,0,0,15974,1996.750
1765544828.8632336,1,1,11486,1435.750
1765544828.8672304,0,0,7857,982.125
1765544828.871247,0,0,13690,1711.250
1765544828.8752365,0,0,17440,2180.000
1765544828.8792338,0,0,15712,1964.000
1765544828.8832371,1,1,11219,1402.375
1765544828.8873153,0,0,7837,979.625
1765544828.8912945,0,0,13854,1731.750
1765544828.8952217,0,0,17633,2204.125
1765544828.8992386,0,0,16569,2071.125
1765544828.9032404,1,1,12186,1523.250
1765544828.9072356,0,0,8143,1017.875
1765544828.911234,0,0,13314,1664.250
1765544828.9152179,0,0,17423,2177.875
1765544828.9192164,0,0,16165,2020.625
1765544828.9232368,1,1,11738,1467.250
1765544828.9272335,0,0,7779,972.375
1765544828.9312396,0,0,12813,1601.625
1765544828.935236,0,0,17289,2161.125
1765544828.939236,0,0,16168,2021.000
1765544828.9432464,1,1,11773,1471.625
1765544828.9472425,0,0,7741,967.625
1765544828.9512408,0,0,12405,1550.625
1765544828.9552212,0,0,17178,2147.250
1765544828.959218,0,0,16167,2020.875
1765544828.9632351,1,1,11797,1474.625
1765544828.967235,0,0,7788,973.500
1765544828.9712389,0,0,12271,1533.875
1765544828.9752223,0,0,17199,2149.875
1765544828.9792166,0,0,16538,2067.250
1765544828.983239,1,1,12259,1532.375
1765544828.9872377,0,0,8050,1006.250
1765544828.9912817,0,0,11948,1493.500
1765544828.9952402,0,0,17093,2136.625
1765544828.9992325,0,0,16487,2060.875
1765544829.0032384,1,1,12221,1527.625
1765544829.0072315,0,0,8048,1006.000
1765544829.011241,0,0,11769,1471.125
1765544829.015234,0,0,17075,2134.375
1765544829.0192347,0,0,16783,2097.875
1765544829.0232286,1,1,12627,1578.375
1765544829.0272174,0,0,8310,1038.750
1765544829.0312212,0,0,11491,1436.375
1765544829.0352373,0,0,16992,2124.000
1765544829.0392365,0,0,16887,2110.875
1765544829.043236,1,1,12802,1600.250
1765544829.0472305,0,0,8433,1054.125
1765544829.0512328,0,0,11128,1391.000
1765544829.0552354,0,0,16863,2107.875
1765544829.0592334,0,0,16857,2107.125
1765544829.0632355,1,1,12797,1599.625
1765544829.0672307,0,0,8463,1057.875
1765544829.0712318,0,0,10964,1370.500
1765544829.0752144,0,0,16835,2104.375
1765544829.0792155,0,0,17197,2149.625
1765544829.0832148,1,1,13342,1667.750
1765544829.0872908,0,0,8842,1105.250
1765544829.0912478,0,0,10748,1343.500
1765544829.0952184,0,0,16741,2092.625
1765544829.0992162,0,0,17192,2149.000
1765544829.1032343,1,1,13368,1671.000
1765544829.1072323,0,0,8887,1110.875
1765544829.1112325,0,0,10172,1271.500
1765544829.1152208,0,0,16497,2062.125
1765544829.1192188,0,0,17049,2131.125
1765544829.123237,1,1,13217,1652.125
1765544829.1272342,0,0,8812,1101.500
1765544829.1312318,0,0,9876,1234.500
1765544829.1352303,0,0,16390,2048.750
1765544829.1392336,0,0,17191,2148.875
1765544829.1432335,1,1,13501,1687.625
1765544829.1472359,0,0,9048,1131.000
1765544829.1512392,0,0,9728,1216.000
1765544829.1552205,0,0,16319,2039.875
1765544829.1592145,0,0,17356,2169.500
1765544829.163234,1,1,13836,1729.500
1765544829.167231,0,0,9337,1167.125
1765544829.1712358,0,0,9522,1190.250
1765544829.1752162,0,0,16190,2023.750
1765544829.179223,0,0,17391,2173.875
1765544829.1832345,1,1,13965,1745.625
1765544829.1872334,0,0,9447,1180.875
1765544829.1912735,0,0,8975,1121.875
1765544829.1952355,0,0,15877,1984.625
1765544829.199237,0,0,17218,2152.250
1765544829.2032356,1,1,13759,1719.875
1765544829.2072318,0,0,9331,1166.375
1765544829.2112348,0,0,8929,1116.125
1765544829.2152326,0,0,15868,1983.500
1765544829.2192283,0,0,17469,2183.625
1765544829.2232318,1,1,14289,1786.125
1765544829.2272303,0,0,9760,1220.000
1765544829.2312331,0,0,8575,1071.875
1765544829.235234,0,0,15569,1946.125
1765544829.239228,0,0,17313,2164.125
1765544829.2432334,1,1,14091,1761.375
1765544829.247238,0,0,9627,1203.375
1765544829.2512348,0,0,8515,1064.375
1765544829.2552347,0,0,15551,1943.875
1765544829.2592318,0,0,17572,2196.500
1765544829.2632437,1,1,14723,1840.375
1765544829.267228,0,0,10170,1271.250
1765544829.2712343,0,0,8461,1057.625
1765544829.275236,0,0,15379,1922.375
1765544829.2792416,0,0,17541,2192.625
1765544829.2832315,1,1,14753,1844.125
1765544829.2873046,0,0,10212,1276.500
1765544829.2912674,0,0,8572,1071.500
1765544829.295216,0,0,15437,1929.625
1765544829.2992146,0,0,17745,2218.125
1765544829.303235,1,1,15352,1919.000
1765544829.30723,0,0,10765,1345.625
1765544829.3112328,0,0,8166,1020.750
1765544829.3152194,0,0,14842,1855.250
1765544829.3192167,0,0,17310,2163.750
1765544829.3232174,1,1,14485,1810.625
1765544829.3272116,0,0,10000,1250.000
1765544829.3312159,0,0,7688,961.000
1765544829.3352516,0,0,14618,1827.250
1765544829.3392348,0,0,17451,2181.375
1765544829.343226,1,1,15030,1878.750
1765544829.3472137,0,0,10503,1312.875
1765544829.3512204,0,0,7764,970.500
1765544829.3552284,0,0,14432,1804.000
1765544829.3592293,0,0,17425,2178.125
1765544829.3632207,1,1,15081,1885.125
1765544829.3672137,0,0,10557,1319.625
1765544829.3712268,0,0,7555,944.375
1765544829.3752322,0,0,14063,1757.875
1765544829.3792284,0,0,17359,2169.875
1765544829.3832324,1,1,15146,1893.250
1765544829.3872285,0,0,10638,1329.750
1765544829.3912709,0,0,7684,960.500
1765544829.39523,0,0,14144,1768.000
1765544829.399224,0,0,17552,2194.000
1765544829.4032311,1,1,15810,1976.250
1765544829.4072306,0,0,11300,1412.500
1765544829.4112315,0,0,7914,989.250
1765544829.4152272,0,0,17551,2193.875
1765544829.419227,0,0,15985,1998.125
1765544829.4232295,1,1,11497,1437.125
1765544829.427227,0,0,7911,988.875
1765544829.4312317,0,0,13731,1716.375
1765544829.43523,0,0,17463,2182.875
1765544829.4392276,0,0,15923,1990.375
1765544829.4432302,1,1,11443,1430.375
1765544829.4472287,0,0,7766,970.750
1765544829.4512322,0,0,13403,1675.375
1765544829.4552314,0,0,17419,2177.375
1765544829.4592276,0,0,16146,2018.250
1765544829.4632294,1,1,11715,1464.375
1765544829.4672246,0,0,7922,990.250
1765544829.4712298,0,0,13268,1658.500
1765544829.4752324,0,0,17406,2175.750
1765544829.479229,0,0,16306,2038.250
1765544829.4832294,1,1,11911,1488.875
1765544829.4926891,0,0,13264,1658.000
1765544829.495252,0,0,17440,2180.000
1765544829.4992332,0,0,16619,2077.375
1765544829.5032227,1,1,12310,1538.750
1765544829.5072098,0,0,8100,1012.500
1765544829.5112195,0,0,12506,1563.250
1765544829.51523,0,0,17195,2149.375
1765544829.519229,0,0,16364,2045.500
1765544829.52322,1,1,12034,1504.250
1765544829.5272098,0,0,7841,980.125
1765544829.5312274,0,0,11991,1498.875
1765544829.5352318,0,0,17061,2132.625
1765544829.5392263,0,0,16442,2055.250
1765544829.5432281,1,1,12174,1521.750
1765544829.5472217,0,0,7975,996.875
1765544829.551227,0,0,11802,1475.250
1765544829.5552278,0,0,17013,2126.625
1765544829.5592275,0,0,16509,2063.625
1765544829.5632286,1,1,12271,1533.875
1765544829.5672314,0,0,8069,1008.625
1765544829.571252,0,0,11639,1454.875
1765544829.5752122,0,0,16996,2124.500
1765544829.5792093,0,0,16805,2100.625
1765544829.5832272,1,1,12690,1586.250
1765544829.5872269,0,0,8314,1039.250
1765544829.5912652,0,0,11211,1401.375
1765544829.5952117,0,0,16839,2104.875
1765544829.5992074,0,0,16661,2082.625
1765544829.6032305,1,1,12527,1565.875
1765544829.6072268,0,0,8241,1030.125
1765544829.611231,0,0,11005,1375.625
1765544829.6152096,0,0,16809,2101.125
1765544829.6192079,0,0,17026,2128.250
1765544829.6232235,1,1,13087,1635.875
1765544829.6272233,0,0,8613,1076.625
1765544829.6312258,0,0,10516,1314.500
1765544829.6352205,0,0,16598,2074.750
1765544829.639786,0,0,16786,2098.250
1765544829.6432328,1,1,12781,1597.625
1765544829.6472116,0,0,8448,1056.000
1765544829.6512089,0,0,10259,1282.375
1765544829.6552057,0,0,16533,2066.625
1765544829.6592066,0,0,17037,2129.625
1765544829.6632087,1,1,13200,1650.000
1765544829.667206,0,0,8788,1098.500
1765544829.6712132,0,0,10084,1260.500
1765544829.675227,0,0,16430,2053.750
1765544829.6792235,0,0,16949,2118.625
1765544829.6832266,1,1,13082,1635.250
1765544829.6872215,0,0,8716,1089.500
1765544829.6913197,0,0,9643,1205.375
1765544829.695246,0,0,16267,2033.375
1765544829.6992302,0,0,17121,2140.125
1765544829.7032163,1,1,13436,1679.500
1765544829.7072065,0,0,9014,1126.750
1765544829.711216,0,0,9575,1196.875
1765544829.7152264,0,0,16227,2028.375
1765544829.7192254,0,0,17326,2165.750
1765544829.7232125,1,1,13833,1729.125
1765544829.7272055,0,0,9337,1167.125
1765544829.7312346,0,0,9371,1171.375
1765544829.735229,0,0,16095,2011.875
1765544829.7392273,0,0,17375,2171.875
1765544829.7432306,1,1,13994,1749.250
1765544829.7472234,0,0,9493,1186.625
1765544829.7512245,0,0,9190,1148.750
1765544829.755208,0,0,15974,1996.750
1765544829.7592063,0,0,17438,2179.750
1765544829.7633832,1,1,14192,1774.000
1765544829.7674773,0,0,9682,1210.250
1765544829.7712693,0,0,9647,1205.875
1765544829.77523,0,0,16190,2023.750
1765544829.7792253,0,0,17832,2229.000
1765544829.7832313,1,1,15098,1887.250
1765544829.7872236,0,0,10449,1306.125
1765544829.7912269,0,0,8863,1107.875
1765544829.795223,0,0,15596,1949.500
1765544829.7992244,0,0,17326,2165.750
1765544829.803227,1,1,14151,1768.875
1765544829.8072248,0,0,9659,1207.375
1765544829.8112254,0,0,8251,1031.375
1765544829.8152256,0,0,15315,1914.375
1765544829.8192244,0,0,17412,2176.500
1765544829.8232167,1,1,14512,1814.000
1765544829.8272057,0,0,9987,1248.375
1765544829.831212,0,0,8314,1039.250
1765544829.8352222,0,0,15263,1907.875
1765544829.8392205,0,0,17509,2188.625
1765544829.8432271,1,1,14808,1851.000
1765544829.8472216,0,0,10259,1282.375
1765544829.851228,0,0,8269,1033.625
1765544829.8552117,0,0,15113,1889.125
1765544829.8592224,0,0,17491,2186.375
1765544829.8632278,1,1,14861,1857.625
1765544829.8672228,0,0,10315,1289.375
1765544829.8712265,0,0,7999,999.875
1765544829.8752203,0,0,14848,1856.000
1765544829.879218,0,0,17516,2189.500
1765544829.8832211,1,1,15142,1892.750
1765544829.8872197,0,0,10591,1323.875
1765544829.891308,0,0,8071,1008.875
1765544829.8952432,0,0,14740,1842.500
1765544829.8992198,0,0,17504,2188.000
1765544829.903218,1,1,15194,1899.250
1765544829.9072225,0,0,10643,1330.375
1765544829.911227,0,0,7904,988.000
1765544829.9152067,0,0,14504,1813.000
1765544829.9191997,0,0,17495,2186.875
1765544829.92323,1,1,15368,1921.000
1765544829.9272234,0,0,10827,1353.375
1765544829.9312272,0,0,7859,982.375
1765544829.9352126,0,0,14312,1789.000
1765544829.9392262,0,0,17530,2191.250
1765544829.9432378,1,1,15711,1963.875
1765544829.9472294,0,0,11184,1398.000
1765544829.9512303,0,0,7841,980.125
1765544829.955209,0,0,13978,1747.250
1765544829.9592192,0,0,17401,2175.125
1765544829.963228,1,1,15522,1940.250
1765544829.9672213,0,0,7667,958.375
1765544829.9712229,0,0,13745,1718.125
1765544829.9752223,0,0,17410,2176.250
1765544829.9792073,0,0,15818,1977.250
1765544829.9832253,1,1,11335,1416.875
1765544829.9872186,0,0,7652,956.500
1765544829.9912205,0,0,13373,1671.625
1765544829.995258,0,0,17343,2167.875
1765544829.9992204,0,0,15960,1995.000
1765544830.0032225,1,1,11512,1439.000
1765544830.0072181,0,0,7730,966.250
1765544830.0112238,0,0,13170,1646.250
1765544830.0152178,0,0,17304,2163.000
1765544830.0192192,0,0,16037,2004.625
1765544830.0232246,1,1,11609,1451.125
1765544830.02722,0,0,7768,971.000
1765544830.0312197,0,0,12901,1612.625
1765544830.035218,0,0,17241,2155.125
1765544830.0392191,0,0,16076,2009.500
1765544830.0432239,1,1,11669,1458.625
1765544830.0471995,0,0,7737,967.125
1765544830.0512042,0,0,12684,1585.500
1765544830.0552175,0,0,17250,2156.250
1765544830.0592158,0,0,16539,2067.375
1765544830.0632203,1,1,12254,1531.750
1765544830.067216,0,0,8069,1008.625
1765544830.0712216,0,0,12488,1561.000
1765544830.075199,0,0,17185,2148.125
1765544830.0791976,0,0,16499,2062.375
1765544830.08322,1,1,12216,1527.000
1765544830.0872195,0,0,8016,1002.000
1765544830.0912979,0,0,12062,1507.750
1765544830.0952623,0,0,17060,2132.500
1765544830.0992062,0,0,16501,2062.625
1765544830.1032038,1,1,12256,1532.000
1765544830.1072063,0,0,8053,1006.625
1765544830.1112034,0,0,11888,1486.000
1765544830.1152046,0,0,17049,2131.125
1765544830.1192138,0,0,16876,2109.500
1765544830.1232226,1,1,12788,1598.500
1765544830.127229,0,0,8400,1050.000
1765544830.131226,0,0,11604,1450.500
1765544830.1352286,0,0,16941,2117.625
1765544830.1392179,0,0,16762,2095.250
1765544830.1432245,1,1,12653,1581.625
1765544830.1472175,0,0,8325,1040.625
1765544830.1512225,0,0,11226,1403.250
1765544830.1552205,0,0,16816,2102.000
1765544830.1592212,0,0,16733,2091.625
1765544830.1632206,1,1,12647,1580.875
1765544830.1672266,0,0,8366,1045.750
1765544830.1712239,0,0,11140,1392.500
1765544830.1752098,0,0,16826,2103.250
1765544830.1792214,0,0,17226,2153.250
1765544830.183221,1,1,13440,1680.000
1765544830.187217,0,0,8907,1113.375
1765544830.1912227,0,0,10714,1339.250
1765544830.195239,0,0,16638,2079.750
1765544830.1992233,0,0,17001,2125.125
1765544830.2032225,1,1,13122,1640.250
1765544830.2072287,0,0,8680,1085.000
1765544830.21122,0,0,10334,1291.750
1765544830.215219,0,0,16519,2064.875
1765544830.2192156,0,0,17214,2151.750
1765544830.2232223,1,1,13540,1692.500
1765544830.227214,0,0,9020,1127.500
1765544830.2312176,0,0,10013,1251.625
1765544830.235214,0,0,16367,2045.875
1765544830.239219,0,0,17182,2147.750
1765544830.2432199,1,1,13542,1692.750
1765544830.2472172,0,0,9062,1132.750
1765544830.2512162,0,0,9756,1219.500
1765544830.2552218,0,0,16250,2031.250
1765544830.259215,0,0,17240,2155.000
1765544830.263219,1,1,13701,1712.625
1765544830.2672172,0,0,9193,1149.125
1765544830.2712195,0,0,9423,1177.875
1765544830.2752166,0,0,16091,2011.375
1765544830.279215,0,0,17299,2162.375
1765544830.2832222,1,1,13889,1736.125
1765544830.287219,0,0,9381,1172.625
1765544830.2912939,0,0,9302,1162.750
1765544830.2952547,0,0,16003,2000.375
1765544830.2992015,0,0,17365,2170.625
1765544830.3032172,1,1,14074,1759.250
1765544830.3072188,0,0,9541,1192.625
1765544830.3112216,0,0,8945,1118.125
1765544830.3151991,0,0,15787,1973.375
1765544830.3192139,0,0,17340,2167.500
1765544830.3232052,1,1,14126,1765.750
1765544830.3272057,0,0,9611,1201.375
1765544830.331206,0,0,8888,1111.000
1765544830.3352194,0,0,15744,1968.000
1765544830.3392181,0,0,17543,2192.875
1765544830.3432207,1,1,14658,1832.250
1765544830.3472323,0,0,10076,1259.500
1765544830.351235,0,0,8631,1078.875
1765544830.355204,0,0,15474,1934.250
1765544830.3592002,0,0,17377,2172.125
1765544830.3632166,1,1,14392,1799.000
1765544830.3672192,0,0,9865,1233.125
1765544830.371219,0,0,8294,1036.750
1765544830.375205,0,0,15253,1906.625
1765544830.3791952,0,0,17400,2175.000
1765544830.3832176,1,1,14585,1823.125
1765544830.387213,0,0,10046,1255.750
1765544830.3912215,0,0,8042,1005.250
1765544830.3952334,0,0,14956,1869.500
1765544830.3992136,0,0,17261,2157.625
1765544830.403215,1,1,14395,1799.375
1765544830.407212,0,0,9899,1237.375
1765544830.4112175,0,0,7711,963.875
1765544830.415214,0,0,14709,1838.625
1765544830.419214,0,0,17351,2168.875
1765544830.4232185,1,1,14793,1849.125
1765544830.42721,0,0,10267,1283.375
1765544830.431212,0,0,7804,975.500
1765544830.4352145,0,0,14618,1827.250
1765544830.439216,0,0,17383,2172.875
1765544830.4432204,1,1,14941,1867.625
1765544830.4472108,0,0,10408,1301.000
1765544830.4512136,0,0,7622,952.750
1765544830.4552162,0,0,14304,1788.000
1765544830.459215,0,0,17341,2167.625
1765544830.463216,1,1,15045,1880.625
1765544830.4672089,0,0,10521,1315.125
1765544830.4712157,0,0,7630,953.750
1765544830.4752126,0,0,14211,1776.375
1765544830.4792116,0,0,17422,2177.750
1765544830.4832158,1,1,15407,1925.875
1765544830.4872155,0,0,10881,1360.125
1765544830.4966917,0,0,17314,2164.250
1765544830.499234,0,0,17314,2164.250
1765544830.5032167,1,1,15275,1909.375
1765544830.5071962,0,0,10763,1345.375
1765544830.511201,0,0,7609,951.125
1765544830.5152116,0,0,13872,1734.000
1765544830.5192122,0,0,17436,2179.500
1765544830.5232062,1,1,11322,1415.250
1765544830.527196,0,0,7689,961.125
1765544830.5312097,0,0,13497,1687.125
1765544830.5352175,0,0,17337,2167.125
1765544830.539212,0,0,15798,1974.750
1765544830.5432205,1,1,11326,1415.750
1765544830.5472145,0,0,7592,949.000
1765544830.5512176,0,0,13146,1643.250
1765544830.5552335,0,0,17264,2158.000
1765544830.5592139,0,0,15879,1984.875
1765544830.5632043,1,1,11435,1429.375
1765544830.5671988,0,0,7614,951.750
1765544830.5711997,0,0,12915,1614.375
1765544830.5751982,0,0,17230,2153.750
1765544830.5791934,0,0,16015,2001.875
1765544830.5831974,1,1,11600,1450.000
1765544830.5871959,0,0,7676,959.500
1765544830.5912037,0,0,12696,1587.000
1765544830.5952294,0,0,17217,2152.125
1765544830.5992162,0,0,16292,2036.500
1765544830.6032145,1,1,11942,1492.750
1765544830.6072092,0,0,7815,976.875
1765544830.6112175,0,0,12374,1546.750
1765544830.6152003,0,0,17130,2141.250
1765544830.6191962,0,0,16317,2039.625
1765544830.623212,1,1,11994,1499.250
1765544830.6272094,0,0,7796,974.500
1765544830.6312187,0,0,11901,1487.625
1765544830.6352136,0,0,16979,2122.375
1765544830.639214,0,0,16208,2026.000
1765544830.643214,1,1,11894,1486.750
1765544830.64721,0,0,7774,971.750
1765544830.65121,0,0,11742,1467.750
1765544830.655201,0,0,16987,2123.375
1765544830.6592085,0,0,16586,2073.250
1765544830.6632118,1,1,12389,1548.625
1765544830.6672072,0,0,8103,1012.875
1765544830.671216,0,0,11530,1441.250
1765544830.6752117,0,0,16931,2116.375
1765544830.679209,0,0,16718,2089.750
1765544830.6832123,1,1,12591,1573.875
1765544830.6872098,0,0,8246,1030.750
1765544830.6912115,0,0,11317,1414.625
1765544830.6952956,0,0,16870,2108.750
1765544830.6992419,0,0,16843,2105.375
1765544830.7032127,1,1,12793,1599.125
1765544830.7071981,0,0,8403,1050.375
1765544830.7112002,0,0,11062,1382.750
1765544830.7152107,0,0,16797,2099.625
1765544830.7192132,0,0,17036,2129.500
1765544830.7232044,1,1,13121,1640.125
1765544830.7271934,0,0,8618,1077.250
1765544830.7312276,0,0,10576,1322.000
1765544830.7352157,0,0,16599,2074.875
1765544830.7392108,0,0,16838,2104.750
1765544830.7432163,1,1,12873,1609.125
1765544830.7472084,0,0,8502,1062.750
1765544830.7512164,0,0,10317,1289.625
1765544830.7552104,0,0,16523,2065.375
1765544830.7592115,0,0,17054,2131.750
1765544830.763365,1,1,13249,1656.125
1765544830.7674577,0,0,8835,1104.375
1765544830.7713063,0,0,10744,1343.000
1765544830.7752297,0,0,16694,2086.750
1765544830.7792134,0,0,17588,2198.500
1765544830.7832274,1,1,14205,1775.625
1765544830.7872112,0,0,9508,1188.500
1765544830.7912142,0,0,9621,1202.625
1765544830.7952144,0,0,16143,2017.875
1765544830.7992232,0,0,16888,2111.000
1765544830.8032103,1,1,13111,1638.875
1765544830.8072083,0,0,8756,1094.500
1765544830.8112304,0,0,9411,1176.375
1765544830.8152184,0,0,16124,2015.500
1765544830.8192077,0,0,17248,2156.000
1765544830.8231997,1,1,13768,1721.000
1765544830.8271923,0,0,9265,1158.125
1765544830.8311968,0,0,9277,1159.625
1765544830.835213,0,0,16021,2002.625
1765544830.8392098,0,0,17354,2169.250
1765544830.8432105,1,1,14034,1754.250
1765544830.847208,0,0,9496,1187.000
1765544830.8512113,0,0,9062,1132.750
1765544830.8552132,0,0,15871,1983.875
1765544830.8592105,0,0,17314,2164.250
1765544830.8632076,1,1,14021,1752.625
1765544830.8672054,0,0,9513,1189.125
1765544830.8712113,0,0,8876,1109.500
1765544830.8752115,0,0,15761,1970.125
1765544830.8792105,0,0,17444,2180.500
1765544830.8832088,1,1,14382,1797.750
1765544830.8872044,0,0,9836,1229.500
1765544830.8912075,0,0,8575,1071.875
1765544830.8952947,0,0,15502,1937.750
1765544830.8992264,0,0,17349,2168.625
1765544830.9032016,1,1,14294,1786.750
1765544830.90719,0,0,9769,1221.125
1765544830.9111993,0,0,8345,1043.125
1765544830.9152102,0,0,15345,1918.125
1765544830.9192133,0,0,17419,2177.375
1765544830.923198,1,1,14565,1820.625
1765544830.9271886,0,0,10026,1253.250
1765544830.9312248,0,0,8246,1030.750
1765544830.9352105,0,0,15201,1900.125
1765544830.9392118,0,0,17472,2184.000
1765544830.9432132,1,1,14802,1850.250
1765544830.9472141,0,0,10249,1281.125
1765544830.951216,0,0,8207,1025.875
1765544830.9551933,0,0,15069,1883.625
1765544830.9591947,0,0,17486,2185.750
1765544830.9632092,1,1,14943,1867.875
1765544830.9672143,0,0,10385,1298.125
1765544830.9712102,0,0,8009,1001.125
1765544830.9751978,0,0,14810,1851.250
1765544830.9792106,0,0,17426,2178.250
1765544830.9832246,1,1,14951,1868.875
1765544830.9872112,0,0,10410,1301.250
1765544830.9912155,0,0,7904,988.000
1765544830.9952064,0,0,14638,1829.750
1765544830.9992185,0,0,17450,2181.250
1765544831.0032113,1,1,15166,1895.750
1765544831.0072064,0,0,10622,1327.750
1765544831.0112135,0,0,7874,984.250
1765544831.0152113,0,0,14488,1811.000
1765544831.0192068,0,0,17482,2185.250
1765544831.023205,1,1,15422,1927.750
1765544831.027206,0,0,10882,1360.250
1765544831.0312128,0,0,7844,980.500
1765544831.0352108,0,0,14236,1779.500
1765544831.0392065,0,0,17421,2177.625
1765544831.0432074,1,1,15432,1929.000
1765544831.047209,0,0,10900,1362.500
1765544831.0512094,0,0,7734,966.750
1765544831.0552077,0,0,14032,1754.000
1765544831.0592053,0,0,17449,2181.125
1765544831.0631926,1,1,15778,1972.250
1765544831.0671887,0,0,11273,1409.125
1765544831.0711906,0,0,7779,972.375
1765544831.0751913,0,0,13779,1722.375
1765544831.0791898,0,0,17410,2176.250
1765544831.0832038,1,1,11445,1430.625
1765544831.087202,0,0,7777,972.125
1765544831.0912085,0,0,13546,1693.250
1765544831.0952883,0,0,17373,2171.625
1765544831.0992224,0,0,16060,2007.500
1765544831.1031933,1,1,11619,1452.375
1765544831.1071875,0,0,7763,970.375
1765544831.1111975,0,0,13162,1645.250
1765544831.1152072,0,0,17264,2158.000
1765544831.1192062,0,0,16006,2000.750
1765544831.123198,1,1,11581,1447.625
1765544831.1271892,0,0,7775,971.875
1765544831.131205,0,0,13058,1632.250
1765544831.1352174,0,0,17287,2160.875
1765544831.1392095,0,0,16335,2041.875
1765544831.143208,1,1,11981,1497.625
1765544831.1472101,0,0,7942,992.750
1765544831.1512172,0,0,12801,1600.125
1765544831.1551943,0,0,17220,2152.500
1765544831.1592112,0,0,16379,2047.375
1765544831.1632109,1,1,12052,1506.500
1765544831.1672096,0,0,7932,991.500
1765544831.1712065,0,0,12446,1555.750
1765544831.1751919,0,0,17128,2141.000
1765544831.1791925,0,0,16441,2055.125
1765544831.183209,1,1,12160,1520.000
1765544831.187208,0,0,7926,990.750
1765544831.1912045,0,0,12045,1505.625
1765544831.195204,0,0,17039,2129.875
1765544831.199207,0,0,16668,2083.500
1765544831.2032113,1,1,12499,1562.375
1765544831.2072046,0,0,8140,1017.500
1765544831.2112043,0,0,11796,1474.500
1765544831.2152054,0,0,16961,2120.125
1765544831.2192042,0,0,16656,2082.000
1765544831.2232053,1,1,12503,1562.875
1765544831.2272036,0,0,8195,1024.375
1765544831.23121,0,0,11622,1452.750
1765544831.235202,0,0,16919,2114.875
1765544831.2392,0,0,16808,2101.000
1765544831.2432034,1,1,12736,1592.000
1765544831.2472036,0,0,8312,1039.000
1765544831.2512057,0,0,11152,1394.000
1765544831.2552059,0,0,16774,2096.750
1765544831.2592006,0,0,16892,2111.500
1765544831.2632031,1,1,12917,1614.625
1765544831.267204,0,0,8445,1055.625
1765544831.2712064,0,0,10677,1334.625
1765544831.2752066,0,0,16599,2074.875
1765544831.2792032,0,0,16797,2099.625
1765544831.2832053,1,1,12826,1603.250
1765544831.2872016,0,0,8418,1052.250
1765544831.2912047,0,0,10496,1312.000
1765544831.2952862,0,0,16560,2070.000
1765544831.2992227,0,0,17074,2134.250
1765544831.303193,1,1,13294,1661.750
1765544831.3071868,0,0,8794,1099.250
1765544831.3111975,0,0,10285,1285.625
1765544831.3152077,0,0,16455,2056.875
1765544831.3192048,0,0,17020,2127.500
1765544831.3231936,1,1,13236,1654.500
1765544831.3271878,0,0,8778,1097.250
1765544831.3312092,0,0,9974,1246.750
1765544831.3352122,0,0,16340,2042.500
1765544831.339207,0,0,17149,2143.625
1765544831.3432064,1,1,13513,1689.125
1765544831.3472016,0,0,9018,1127.250
1765544831.3512058,0,0,9765,1220.625
1765544831.355204,0,0,16239,2029.875
1765544831.3592038,0,0,17251,2156.375
1765544831.3632064,1,1,13749,1718.625
1765544831.3672194,0,0,9224,1153.000
1765544831.3712213,0,0,9599,1199.875
1765544831.3751972,0,0,16154,2019.250
1765544831.379189,0,0,17383,2172.875
1765544831.3832054,1,1,14073,1759.125
1765544831.3872027,0,0,9502,1187.750
1765544831.3912072,0,0,9384,1173.000
1765544831.3951874,0,0,16024,2003.000
1765544831.3991878,0,0,17441,2180.125
1765544831.4032037,1,1,14278,1784.750
1765544831.407204,0,0,9694,1211.750
1765544831.411202,0,0,9086,1135.750
1765544831.415203,0,0,15835,1979.375
1765544831.4192014,0,0,17425,2178.125
1765544831.4232023,1,1,14348,1793.500
1765544831.4272017,0,0,9770,1221.250
1765544831.4312072,0,0,8670,1083.750
1765544831.4352,0,0,15572,1946.500
1765544831.4391975,0,0,17373,2171.625
1765544831.4432046,1,1,14374,1796.750
1765544831.4472024,0,0,9826,1228.250
1765544831.4512057,0,0,8524,1065.500
1765544831.4552019,0,0,15422,1927.750
1765544831.459199,0,0,17324,2165.500
1765544831.4632025,1,1,14336,1792.000
1765544831.4672,0,0,9808,1226.000
1765544831.4712038,0,0,8425,1053.125
1765544831.4751956,0,0,15359,1919.875
1765544831.4792027,0,0,17495,2186.875
1765544831.4832041,1,1,14846,1855.750
1765544831.4872017,0,0,10276,1284.500
1765544831.4912045,0,0,8410,1051.250
1765544831.500595,0,0,14304,1788.000
1765544831.503231,1,1,14304,1788.000
1765544831.5072076,0,0,9803,1225.375
1765544831.511209,0,0,8063,1007.875
1765544831.5151877,0,0,15035,1879.375
1765544831.5191896,0,0,17567,2195.875
1765544831.5232015,1,1,15355,1919.375
1765544831.527202,0,0,10782,1347.750
1765544831.531204,0,0,8269,1033.625
1765544831.5351892,0,0,14902,1862.750
1765544831.5391839,0,0,17532,2191.500
1765544831.5432065,1,1,15357,1919.625
1765544831.5471995,0,0,10791,1348.875
1765544831.5512054,0,0,8172,1021.500
1765544831.5552027,0,0,14756,1844.500
1765544831.5592084,0,0,17564,2195.500
1765544831.5631995,1,1,15659,1957.375
1765544831.5671859,0,0,11109,1388.625
1765544831.5711875,0,0,8153,1019.125
1765544831.5751886,0,0,14561,1820.125
1765544831.579185,0,0,17528,2191.000
1765544831.5831816,1,1,15750,1968.750
1765544831.587181,0,0,11221,1402.625
1765544831.5912237,0,0,8001,1000.125
1765544831.595205,0,0,14227,1778.375
1765544831.599201,0,0,17417,2177.125
1765544831.6032026,1,1,15629,1953.625
1765544831.6071978,0,0,11100,1387.500
1765544831.6112006,0,0,7841,980.125
1765544831.6151984,0,0,14045,1755.625
1765544831.6191995,0,0,17460,2182.500
1765544831.6232045,1,1,16125,2015.625
1765544831.6271994,0,0,11675,1459.375
1765544831.6311996,0,0,8062,1007.750
1765544831.6351805,0,0,13855,1731.875
1765544831.6391838,0,0,15974,1996.750
1765544831.643199,1,1,11510,1438.750
1765544831.6471994,0,0,7756,969.500
1765544831.6511993,0,0,13381,1672.625
1765544831.6552026,0,0,17271,2158.875
1765544831.659197,0,0,16043,2005.375
1765544831.6632056,1,1,11620,1452.500
1765544831.6671999,0,0,7750,968.750
1765544831.6711998,0,0,13126,1640.750
1765544831.675194,0,0,17236,2154.500
1765544831.6791985,0,0,16256,2032.000
1765544831.6832037,1,1,11896,1487.000
1765544831.6871996,0,0,7912,989.000
1765544831.6912014,0,0,12982,1622.750
1765544831.6951854,0,0,17208,2151.000
1765544831.699283,0,0,16350,2043.750
1765544831.7032204,1,1,12024,1503.000
1765544831.7071998,0,0,7924,990.500
1765544831.7112033,0,0,12675,1584.375
1765544831.7152004,0,0,17141,2142.625
1765544831.719195,0,0,16494,2061.750
1765544831.7231874,1,1,12234,1529.250
1765544831.727183,0,0,8042,1005.250
1765544831.7311993,0,0,12492,1561.500
1765544831.73521,0,0,17110,2138.750
1765544831.7391987,0,0,16727,2090.875
1765544831.7432022,1,1,12578,1572.250
1765544831.7471952,0,0,8254,1031.750
1765544831.7512014,0,0,12272,1534.000
1765544831.7551997,0,0,17046,2130.750
1765544831.7592027,0,0,16785,2098.125
1765544831.7633693,1,1,12684,1585.500
1765544831.7674491,0,0,8406,1050.750
1765544831.7712462,0,0,12416,1552.000
1765544831.7752054,0,0,17106,2138.250
1765544831.7792003,0,0,17251,2156.375
1765544831.783198,1,1,13439,1679.875
1765544831.787192,0,0,8739,1092.375
1765544831.7912316,0,0,11355,1419.375
1765544831.7952018,0,0,16735,2091.875
1765544831.799198,0,0,16664,2083.000
1765544831.8031967,1,1,12605,1575.625
1765544831.8071969,0,0,8227,1028.375
1765544831.8111973,0,0,11012,1376.500
1765544831.8151925,0,0,16651,2081.375
1765544831.8191967,0,0,16868,2108.500
1765544831.8231905,1,1,12954,1619.250
1765544831.8271859,0,0,8489,1061.125
1765544831.831187,0,0,10739,1342.375
1765544831.8351972,0,0,16556,2069.500
1765544831.8392005,0,0,16908,2113.500
1765544831.843198,1,1,13053,1631.625
1765544831.8471942,0,0,8573,1071.625
1765544831.851197,0,0,10357,1294.625
1765544831.855197,0,0,16413,2051.625
1765544831.8591938,0,0,16885,2110.625
1765544831.8631985,1,1,13062,1632.750
1765544831.8671956,0,0,8608,1076.000
1765544831.8711977,0,0,10166,1270.750
1765544831.875194,0,0,16362,2045.250
1765544831.8791955,0,0,17164,2145.500
1765544831.8831975,1,1,13585,1698.125
1765544831.8871963,0,0,9048,1131.000
1765544831.8911984,0,0,10117,1264.625
1765544831.895198,0,0,16320,2040.000
1765544831.8992758,0,0,17265,2158.125
1765544831.9032083,1,1,13808,1726.000
1765544831.9071832,0,0,9231,1153.875
1765544831.9112053,0,0,9694,1211.750
1765544831.9151962,0,0,16120,2015.000
1765544831.9191957,0,0,17195,2149.375
1765544831.9231873,1,1,13755,1719.375
1765544831.9271812,0,0,9221,1152.625
1765544831.931202,0,0,9527,1190.875
1765544831.9351838,0,0,16055,2006.875
1765544831.9391801,0,0,17405,2175.625
1765544831.9431982,1,1,14265,1783.125
1765544831.9471977,0,0,9666,1208.250
1765544831.9511988,0,0,9317,1164.625
1765544831.955196,0,0,15875,1984.375
1765544831.959194,0,0,17200,2150.000
1765544831.9632165,1,1,13885,1735.625
1765544831.9672027,0,0,9367,1170.875
1765544831.9712002,0,0,9045,1130.625
1765544831.9751844,0,0,15785,1973.125
1765544831.9791763,0,0,17457,2182.125
1765544831.9831975,1,1,14572,1821.500
1765544831.9871922,0,0,9974,1246.750
1765544831.991197,0,0,9012,1126.500
1765544831.9951808,0,0,15662,1957.750
1765544831.9991944,0,0,17426,2178.250
1765544832.003197,1,1,14567,1820.875
1765544832.0071964,0,0,9975,1246.875
1765544832.0112026,0,0,8635,1079.375
1765544832.015184,0,0,15427,1928.375
1765544832.0191967,0,0,17443,2180.375
1765544832.023199,1,1,14792,1849.000
1765544832.0271964,0,0,10197,1274.625
1765544832.0311978,0,0,8390,1048.750
1765544832.0351956,0,0,15193,1899.125
1765544832.0391972,0,0,17374,2171.750
1765544832.0431988,1,1,14754,1844.250
1765544832.0471928,0,0,10182,1272.750
1765544832.0511951,0,0,8252,1031.500
1765544832.0551977,0,0,15032,1879.000
1765544832.0591948,0,0,17317,2164.625
1765544832.0631964,1,1,14688,1836.000
1765544832.0671902,0,0,10131,1266.375
1765544832.0711946,0,0,8087,1010.875
1765544832.0751774,0,0,14912,1864.000
1765544832.0791771,0,0,17458,2182.250
1765544832.0831842,1,1,15268,1908.500
1765544832.0871787,0,0,10694,1336.750
1765544832.0911815,0,0,8186,1023.250
1765544832.0951912,0,0,14786,1848.250
1765544832.0992732,0,0,17448,2181.000
1765544832.1031988,1,1,15359,1919.875
1765544832.1071784,0,0,10791,1348.875
1765544832.111185,0,0,8062,1007.750
1765544832.1151917,0,0,14584,1823.000
1765544832.119193,0,0,17440,2180.000
1765544832.1231859,1,1,15552,1944.000
1765544832.1271765,0,0,11005,1375.625
1765544832.131199,0,0,8068,1008.500
1765544832.1351993,0,0,14450,1806.250
1765544832.139193,0,0,17450,2181.250
1765544832.143186,1,1,15784,1973.000
1765544832.1471758,0,0,11267,1408.375
1765544832.151189,0,0,7931,991.375
1765544832.1551995,0,0,14115,1764.375
1765544832.1591938,0,0,17374,2171.750
1765544832.1631837,1,1,15849,1981.125
1765544832.1671875,0,0,11358,1419.750
1765544832.1711838,0,0,7997,999.625
1765544832.1751978,0,0,14054,1756.750
1765544832.1791925,0,0,17395,2174.375
1765544832.1831834,1,1,16088,2011.000
1765544832.1871767,0,0,11643,1455.375
1765544832.191219,0,0,7946,993.250
1765544832.1951995,0,0,17270,2158.750
1765544832.1991937,0,0,15955,1994.375
1765544832.2032003,1,1,11512,1439.000
1765544832.2071936,0,0,7798,974.750
1765544832.2111998,0,0,13422,1677.750
1765544832.2151964,0,0,17248,2156.000
1765544832.2191947,0,0,16237,2029.625
1765544832.2231941,1,1,11872,1484.000
1765544832.227188,0,0,7940,992.500
1765544832.2311952,0,0,13203,1650.375
1765544832.2351947,0,0,17193,2149.125
1765544832.239195,0,0,16266,2033.250
1765544832.2431931,1,1,11922,1490.250
1765544832.2471886,0,0,7896,987.000
1765544832.2511923,0,0,12869,1608.625
1765544832.2551966,0,0,17115,2139.375
1765544832.259195,0,0,16362,2045.250
1765544832.2631962,1,1,12074,1509.250
1765544832.26719,0,0,7866,983.250
1765544832.271195,0,0,12348,1543.500
1765544832.2751956,0,0,16970,2121.250
1765544832.2791917,0,0,16328,2041.000
1765544832.2831926,1,1,12064,1508.000
1765544832.28719,0,0,7902,987.750
1765544832.2911916,0,0,12342,1542.750
1765544832.2951918,0,0,17011,2126.375
1765544832.2992704,0,0,16765,2095.625
1765544832.3032055,1,1,12682,1585.250
1765544832.307174,0,0,8306,1038.250
1765544832.311178,0,0,12175,1521.875
1765544832.3151915,0,0,16958,2119.750
1765544832.3191903,0,0,16780,2097.500
1765544832.3231857,1,1,12724,1590.500
1765544832.3271737,0,0,8277,1034.625
1765544832.331196,0,0,11665,1458.125
1765544832.3351984,0,0,16808,2101.000
1765544832.3391922,0,0,16838,2104.750
1765544832.3431952,1,1,12870,1608.750
1765544832.3471904,0,0,8403,1050.375
1765544832.351194,0,0,11473,1434.125
1765544832.3551989,0,0,16753,2094.125
1765544832.359195,0,0,16973,2121.625
1765544832.3631945,1,1,13118,1639.750
1765544832.367191,0,0,8628,1078.500
1765544832.3711894,0,0,11313,1414.125
1765544832.3751912,0,0,16697,2087.125
1765544832.3791893,0,0,17040,2130.000
1765544832.383182,1,1,13259,1657.375
1765544832.387174,0,0,8755,1094.375
1765544832.3911974,0,0,11118,1389.750
1765544832.3951945,0,0,16635,2079.375
1765544832.399192,0,0,17244,2155.500
1765544832.403194,1,1,13681,1710.125
1765544832.4071922,0,0,9078,1134.750
1765544832.4111924,0,0,10801,1350.125
1765544832.4151952,0,0,16502,2062.750
1765544832.4191897,0,0,17146,2143.250
1765544832.423189,1,1,13550,1693.750
1765544832.4271884,0,0,8986,1123.250
1765544832.431194,0,0,10399,1299.875
1765544832.4351902,0,0,16359,2044.875
1765544832.4391878,0,0,17235,2154.375
1765544832.4431918,1,1,13802,1725.250
1765544832.4471893,0,0,9187,1148.375
1765544832.4511933,0,0,9868,1233.500
1765544832.4551945,0,0,16121,2015.125
1765544832.4591901,0,0,17047,2130.875
1765544832.4631898,1,1,13528,1691.000
1765544832.4671867,0,0,9010,1126.250
1765544832.471196,0,0,9743,1217.875
1765544832.475191,0,0,16090,2011.250
1765544832.47919,0,0,17288,2161.000
1765544832.483191,1,1,14065,1758.125
1765544832.4871852,0,0,9473,1184.125
1765544832.4911888,0,0,9607,1200.875
1765544832.4951932,0,0,15982,1997.750
1765544832.504698,1,1,14078,1759.750
1765544832.50721,0,0,9510,1188.750
1765544832.5112002,0,0,9619,1202.375
1765544832.5151756,0,0,15984,1998.000
1765544832.519176,0,0,17503,2187.875
1765544832.5231931,1,1,14716,1839.500
1765544832.5271885,0,0,10071,1258.875
1765544832.531192,0,0,9276,1159.500
1765544832.5351782,0,0,15741,1967.625
1765544832.539192,0,0,17392,2174.000
1765544832.5431929,1,1,14569,1821.125
1765544832.5471895,0,0,9955,1244.375
1765544832.5511937,0,0,8872,1109.000
1765544832.5551882,0,0,15518,1939.750
1765544832.559191,0,0,17397,2174.625
1765544832.5632007,1,1,14759,1844.875
1765544832.5671914,0,0,10151,1268.875
1765544832.57119,0,0,8772,1096.500
1765544832.5751774,0,0,15392,1924.000
1765544832.5791707,0,0,17347,2168.375
1765544832.5831914,1,1,14698,1837.250
1765544832.5871873,0,0,10106,1263.250
1765544832.5911927,0,0,8429,1053.625
1765544832.5951707,0,0,15149,1893.625
1765544832.59917,0,0,17316,2164.500
1765544832.6031916,1,1,14786,1848.250
1765544832.6071904,0,0,10204,1275.500
1765544832.6111908,0,0,8405,1050.625
1765544832.6151893,0,0,15095,1886.875
1765544832.6191869,0,0,17446,2180.750
1765544832.6231914,1,1,15315,1914.375
1765544832.6271884,0,0,10728,1341.000
1765544832.6311893,0,0,8374,1046.750
1765544832.6351888,0,0,14897,1862.125
1765544832.6391854,0,0,17378,2172.250
1765544832.6431875,1,1,15246,1905.750
1765544832.6471856,0,0,10671,1333.875
1765544832.6511877,0,0,8225,1028.125
1765544832.655169,0,0,14741,1842.625
1765544832.659167,0,0,17395,2174.375
1765544832.663186,1,1,15503,1937.875
1765544832.667183,0,0,10951,1368.875
1765544832.6711895,0,0,8172,1021.500
1765544832.675189,0,0,14562,1820.250
1765544832.6791887,0,0,17400,2175.000
1765544832.6831894,1,1,15773,1971.625
1765544832.6871843,0,0,11259,1407.375
1765544832.6911893,0,0,8123,1015.375
1765544832.69519,0,0,14328,1791.000
1765544832.6991882,0,0,17332,2166.500
1765544832.703289,1,1,15753,1969.125
1765544832.707197,0,0,11252,1406.500
1765544832.711192,0,0,8120,1015.000
1765544832.7151718,0,0,14230,1778.750
1765544832.719189,0,0,17347,2168.375
1765544832.7231863,1,1,16018,2002.250
1765544832.7271862,0,0,11568,1446.000
1765544832.7311878,0,0,7958,994.750
1765544832.735176,0,0,13788,1723.500
1765544832.7391734,0,0,17209,2151.125
1765544832.743195,1,1,15870,1983.750
1765544832.747185,0,0,11419,1427.375
1765544832.751188,0,0,13518,1689.750
1765544832.7551847,0,0,17177,2147.125
1765544832.7591987,0,0,16122,2015.250
1765544832.7633426,1,1,11745,1468.125
1765544832.767453,0,0,8241,1030.125
1765544832.7712305,0,0,13944,1743.000
1765544832.7751846,0,0,17352,2169.000
1765544832.7791815,0,0,16884,2110.500
1765544832.7831862,1,1,12783,1597.875
1765544832.7871814,0,0,8516,1064.500
1765544832.7911837,0,0,13289,1661.125
1765544832.795179,0,0,17114,2139.250
1765544832.7991815,0,0,16235,2029.375
1765544832.8031893,1,1,11909,1488.625
1765544832.8071864,0,0,7879,984.875
1765544832.8111877,0,0,12849,1606.125
1765544832.8151882,0,0,17026,2128.250
1765544832.8191836,0,0,16543,2067.875
1765544832.8231776,1,1,12374,1546.750
1765544832.8271785,0,0,8160,1020.000
1765544832.8311975,0,0,12681,1585.125
1765544832.835184,0,0,16979,2122.375
1765544832.839181,0,0,16573,2071.625
1765544832.8431828,1,1,12435,1554.375
1765544832.8471816,0,0,8102,1012.750
1765544832.8511827,0,0,12263,1532.875
1765544832.8551788,0,0,16871,2108.875
1765544832.8591797,0,0,16676,2084.500
1765544832.863185,1,1,12631,1578.875
1765544832.8671854,0,0,8218,1027.250
1765544832.8711882,0,0,11932,1491.500
1765544832.8751862,0,0,16776,2097.000
1765544832.879183,0,0,16693,2086.625
1765544832.8831909,1,1,12691,1586.375
1765544832.8871882,0,0,8248,1031.000
1765544832.8911886,0,0,11622,1452.750
1765544832.895192,0,0,16691,2086.375
1765544832.8991854,0,0,16818,2102.250
1765544832.903272,1,1,12933,1616.625
1765544832.9071987,0,0,8440,1055.000
1765544832.9111938,0,0,11395,1424.375
1765544832.915172,0,0,16621,2077.625
1765544832.919171,0,0,16881,2110.125
1765544832.923185,1,1,13061,1632.625
1765544832.9271846,0,0,8472,1059.000
1765544832.9311874,0,0,10730,1341.250
1765544832.935169,0,0,16399,2049.875
1765544832.9391704,0,0,16746,2093.250
1765544832.9431853,1,1,12912,1614.000
1765544832.947184,0,0,8432,1054.000
1765544832.951187,0,0,10590,1323.750
1765544832.9551842,0,0,16365,2045.625
1765544832.9591837,0,0,16936,2117.000
1765544832.9631896,1,1,13263,1657.875
1765544832.9671857,0,0,8737,1092.125
1765544832.971185,0,0,10618,1327.250
1765544832.9751737,0,0,16376,2047.000
1765544832.9791672,0,0,17174,2146.750
1765544832.983184,1,1,13739,1717.375
1765544832.9871798,0,0,9107,1138.375
1765544832.9911864,0,0,10224,1278.000
1765544832.9951649,0,0,16210,2026.250
1765544832.9991655,0,0,17142,2142.750
1765544833.003186,1,1,13756,1719.500
1765544833.0071836,0,0,9157,1144.625
1765544833.0111847,0,0,9957,1244.625
1765544833.0151825,0,0,16096,2012.000
1765544833.0191832,0,0,17182,2147.750
1765544833.023189,1,1,13905,1738.125
1765544833.0271823,0,0,9297,1162.125
1765544833.031183,0,0,9648,1206.000
1765544833.0351832,0,0,15951,1993.875
1765544833.0391846,0,0,17187,2148.375
1765544833.0431876,1,1,14000,1750.000
1765544833.0471833,0,0,9393,1174.125
1765544833.0511858,0,0,9127,1140.875
1765544833.055168,0,0,15657,1957.125
1765544833.0591798,0,0,16809,2101.125
1765544833.0631902,1,1,13314,1664.250
1765544833.0671847,0,0,8873,1109.125
1765544833.0711882,0,0,8915,1114.375
1765544833.075168,0,0,15641,1955.125
1765544833.0791676,0,0,17293,2161.625
1765544833.0831845,1,1,14455,1806.875
1765544833.0871847,0,0,9853,1231.625
1765544833.091188,0,0,9242,1155.250
1765544833.095187,0,0,15692,1961.500
1765544833.0991852,0,0,17411,2176.375
1765544833.1032643,1,1,14783,1847.875
1765544833.1071799,0,0,10152,1269.000
1765544833.1111703,0,0,9259,1157.375
1765544833.1151674,0,0,15659,1957.375
1765544833.1191664,0,0,17510,2188.750
1765544833.123182,1,1,15191,1898.875
1765544833.127183,0,0,10556,1319.500
1765544833.1311867,0,0,8814,1101.750
1765544833.1351702,0,0,15295,1911.875
1765544833.139166,0,0,17288,2161.000
1765544833.1431837,1,1,14729,1841.125
1765544833.1471794,0,0,10129,1266.125
1765544833.1511843,0,0,8389,1048.625
1765544833.1551833,0,0,15058,1882.250
1765544833.1591842,0,0,17268,2158.500
1765544833.1631675,1,1,14859,1857.375
1765544833.1671593,0,0,10267,1283.375
1765544833.1711762,0,0,8238,1029.750
1765544833.1751812,0,0,14901,1862.625
1765544833.1791801,0,0,17310,2163.750
1765544833.1831787,1,1,15166,1895.750
1765544833.1871762,0,0,10585,1323.125
1765544833.19118,0,0,8263,1032.875
1765544833.19518,0,0,14780,1847.500
1765544833.1991816,0,0,17288,2161.000
1765544833.2031884,1,1,15199,1899.875
1765544833.2071776,0,0,10626,1328.250
1765544833.2111793,0,0,7982,997.750
1765544833.2151823,0,0,14495,1811.875
1765544833.2191799,0,0,17252,2156.500
1765544833.2231832,1,1,15348,1918.500
1765544833.2271755,0,0,10799,1349.875
1765544833.2311811,0,0,8063,1007.875
1765544833.235177,0,0,14438,1804.750
1765544833.2391787,0,0,17291,2161.375
1765544833.243185,1,1,15616,1952.000
1765544833.2471824,0,0,11094,1386.750
1765544833.2511823,0,0,7959,994.875
1765544833.2551806,0,0,14168,1771.000
1765544833.2591803,0,0,17237,2154.625
1765544833.2631834,1,1,15708,1963.500
1765544833.2671788,0,0,11218,1402.250
1765544833.2711792,0,0,7911,988.875
1765544833.2751772,0,0,13965,1745.625
1765544833.2791777,0,0,17199,2149.875
1765544833.2831821,1,1,15794,1974.250
1765544833.287178,0,0,11329,1416.125
1765544833.291182,0,0,7777,972.125
1765544833.2951837,0,0,13644,1705.500
1765544833.2991788,0,0,17137,2142.125
1765544833.303268,1,1,15920,1990.000
1765544833.3071916,0,0,11498,1437.250
1765544833.3112016,0,0,13531,1691.375
1765544833.3151739,0,0,17152,2144.000
1765544833.3191688,0,0,16288,2036.000
1765544833.323162,1,1,11978,1497.250
1765544833.327163,0,0,8036,1004.500
1765544833.3311641,0,0,13247,1655.875
1765544833.3351822,0,0,17018,2127.250
1765544833.339177,0,0,15825,1978.125
1765544833.3431659,1,1,11407,1425.875
1765544833.3471618,0,0,7609,951.125
1765544833.3511784,0,0,12926,1615.750
1765544833.3551815,0,0,17010,2126.250
1765544833.3591793,0,0,16442,2055.250
1765544833.3631763,1,1,12238,1529.750
1765544833.3671727,0,0,8027,1003.375
1765544833.3711793,0,0,12658,1582.250
1765544833.3751805,0,0,16911,2113.875
1765544833.3791778,0,0,16181,2022.625
1765544833.383174,1,1,11900,1487.500
1765544833.387172,0,0,7783,972.875
1765544833.3911803,0,0,12339,1542.375
1765544833.3951964,0,0,16853,2106.625
1765544833.3991823,0,0,16436,2054.500
1765544833.4031804,1,1,12277,1534.625
1765544833.4071763,0,0,8021,1002.625
1765544833.4111772,0,0,12147,1518.375
1765544833.4151814,0,0,16809,2101.125
1765544833.4191787,0,0,16563,2070.375
1765544833.4231849,1,1,12482,1560.250
1765544833.4271753,0,0,8150,1018.750
1765544833.4311793,0,0,11903,1487.875
1765544833.4351797,0,0,16750,2093.750
1765544833.4391792,0,0,16743,2092.875
1765544833.4431832,1,1,12789,1598.625
1765544833.447176,0,0,8343,1042.875
1765544833.4511778,0,0,11602,1450.250
1765544833.455181,0,0,16654,2081.750
1765544833.4591792,0,0,16708,2088.500
1765544833.463182,1,1,12766,1595.750
1765544833.4671774,0,0,8277,1034.625
1765544833.4711766,0,0,11039,1379.875
1765544833.4751763,0,0,16483,2060.375
1765544833.4791782,0,0,16735,2091.875
1765544833.4831798,1,1,12874,1609.250
1765544833.4871755,0,0,8430,1053.750
1765544833.4911761,0,0,11063,1382.875
1765544833.4951775,0,0,16504,2063.000
1765544833.4991746,0,0,17043,2130.375
1765544833.5086844,0,0,8884,1110.500
1765544833.5112143,0,0,11237,1404.625
1765544833.5151677,0,0,16549,2068.625
1765544833.519201,0,0,17240,2155.000
1765544833.5231853,1,1,13836,1729.500
1765544833.5271783,0,0,9165,1145.625
1765544833.5311818,0,0,10534,1316.750
1765544833.5351598,0,0,16282,2035.250
1765544833.539159,0,0,17027,2128.375
1765544833.5431774,1,1,13511,1688.875
1765544833.547174,0,0,8926,1115.750
1765544833.5511785,0,0,10023,1252.875
1765544833.5551717,0,0,16095,2011.875
1765544833.559173,0,0,17035,2129.375
1765544833.5631747,1,1,13619,1702.375
1765544833.5671694,0,0,9050,1131.250
1765544833.5711808,0,0,9857,1232.125
1765544833.5751743,0,0,16027,2003.375
1765544833.5791569,0,0,17189,2148.625
1765544833.583159,1,1,14013,1751.625
1765544833.5871553,0,0,9376,1172.000
1765544833.5911608,0,0,9477,1184.625
1765544833.5951743,0,0,15829,1978.625
1765544833.5991745,0,0,17071,2133.875
1765544833.6031635,1,1,13837,1729.625
1765544833.6071546,0,0,9264,1158.000
1765544833.6111925,0,0,9383,1172.875
1765544833.6151795,0,0,15795,1974.375
1765544833.619177,0,0,17257,2157.125
1765544833.6231787,1,1,14331,1791.375
1765544833.627173,0,0,9715,1214.375
1765544833.6311798,0,0,9310,1163.750
1765544833.6351774,0,0,15696,1962.000
1765544833.6391773,0,0,17220,2152.500
1765544833.643176,1,1,14298,1787.250
1765544833.6471715,0,0,9697,1212.125
1765544833.6511755,0,0,8987,1123.375
1765544833.6551797,0,0,15524,1940.500
1765544833.659174,0,0,17302,2162.750
1765544833.6631763,1,1,14670,1833.750
1765544833.6671698,0,0,10048,1256.000
1765544833.6711762,0,0,8803,1100.375
1765544833.6751592,0,0,15358,1919.750
1765544833.679157,0,0,17276,2159.500
1765544833.683172,1,1,14723,1840.375
1765544833.6871738,0,0,10113,1264.125
1765544833.691174,0,0,8616,1077.000
1765544833.6951692,0,0,15200,1900.000
1765544833.6991754,0,0,17279,2159.875
1765544833.7031834,1,1,14872,1859.000
1765544833.7072496,0,0,10267,1283.375
1765544833.7111962,0,0,8639,1079.875
1765544833.7151587,0,0,15182,1897.750
1765544833.719159,0,0,17399,2174.875
1765544833.723175,1,1,15395,1924.375
1765544833.727173,0,0,10806,1350.750
1765544833.7311726,0,0,8483,1060.375
1765544833.7351596,0,0,14898,1862.250
1765544833.7391553,0,0,17235,2154.375
1765544833.743177,1,1,15005,1875.625
1765544833.7471728,0,0,10420,1302.500
1765544833.7511742,0,0,8190,1023.750
1765544833.7551677,0,0,14729,1841.125
1765544833.7591736,0,0,17282,2160.250
1765544833.7633548,1,1,15393,1924.125
1765544833.767442,0,0,10836,1354.500
1765544833.7712204,0,0,8513,1064.125
1765544833.7751603,0,0,14854,1856.750
1765544833.7791505,0,0,17421,2177.625
1765544833.7831821,1,1,16063,2007.875
1765544833.7871737,0,0,11605,1450.625
1765544833.7911751,0,0,8378,1047.250
1765544833.7951715,0,0,14385,1798.125
1765544833.7991703,0,0,17196,2149.500
1765544833.803175,1,1,15460,1932.500
1765544833.8071785,0,0,10929,1366.125
1765544833.8111804,0,0,7752,969.000
1765544833.8151813,0,0,13974,1746.750
1765544833.819173,0,0,17132,2141.500
1765544833.8231666,1,1,15680,1960.000
1765544833.827156,0,0,11205,1400.625
1765544833.8311632,0,0,7845,980.625
1765544833.8351743,0,0,13849,1731.125
1765544833.839177,0,0,17142,2142.750
1765544833.843178,1,1,15954,1994.250
1765544833.8471706,0,0,11544,1443.000
1765544833.8511758,0,0,7931,991.375
1765544833.8551779,0,0,13662,1707.750
1765544833.859175,0,0,17080,2135.000
1765544833.8631773,1,1,15858,1982.250
1765544833.8671713,0,0,11436,1429.500
1765544833.8711731,0,0,13332,1666.500
1765544833.8751736,0,0,16981,2122.625
1765544833.879173,0,0,15748,1968.500
1765544833.8831754,1,1,11321,1415.125
1765544833.8871803,0,0,7579,947.375
1765544833.891172,0,0,13016,1627.000
1765544833.8951762,0,0,16964,2120.500
1765544833.8991745,0,0,16221,2027.625
1765544833.9031744,1,1,11948,1493.500
1765544833.90725,0,0,8018,1002.250
1765544833.9111922,0,0,13164,1645.500
1765544833.9151533,0,0,17034,2129.250
1765544833.9191704,0,0,16619,2077.375
1765544833.9231768,1,1,12510,1563.750
1765544833.927173,0,0,8147,1018.375
1765544833.9311705,0,0,12526,1565.750
1765544833.9351587,0,0,16825,2103.125
1765544833.939158,0,0,16196,2024.500
1765544833.9431748,1,1,11951,1493.875
1765544833.947172,0,0,7734,966.750
1765544833.951176,0,0,12093,1511.625
1765544833.955168,0,0,16735,2091.875
1765544833.959168,0,0,16474,2059.250
1765544833.9631777,1,1,12388,1548.500
1765544833.9671764,0,0,8097,1012.125
1765544833.9711757,0,0,12140,1517.500
1765544833.9751542,0,0,16754,2094.250
1765544833.9791603,0,0,16580,2072.500
1765544833.9831731,1,1,12544,1568.000
1765544833.9871728,0,0,8130,1016.250
1765544833.991174,0,0,11643,1455.375
1765544833.9951558,0,0,16608,2076.000
1765544833.9991534,0,0,16537,2067.125
1765544834.0031831,1,1,12525,1565.625
1765544834.0071738,0,0,8150,1018.750
1765544834.011177,0,0,11485,1435.625
1765544834.0151556,0,0,16580,2072.500
1765544834.019167,0,0,16832,2104.000
1765544834.0231767,1,1,13037,1629.625
1765544834.0271692,0,0,8482,1060.250
1765544834.0311766,0,0,11087,1385.875
1765544834.0351717,0,0,16444,2055.500
1765544834.0391672,0,0,16735,2091.875
1765544834.04317,1,1,12913,1614.125
1765544834.0471694,0,0,8392,1049.000
1765544834.0511718,0,0,10668,1333.500
1765544834.055169,0,0,16315,2039.375
1765544834.059164,0,0,16804,2100.500
1765544834.0631714,1,1,13089,1636.125
1765544834.0671659,0,0,8548,1068.500
1765544834.071171,0,0,10445,1305.625
1765544834.075154,0,0,16242,2030.250
1765544834.0791533,0,0,16948,2118.500
1765544834.0831692,1,1,13398,1674.750
1765544834.0871654,0,0,8809,1101.125
1765544834.0911698,0,0,10195,1274.375
1765544834.0951552,0,0,16136,2017.000
1765544834.0991669,0,0,16920,2115.000
1765544834.103168,1,1,13388,1673.500
1765544834.1072521,0,0,8848,1106.000
1765544834.1111922,0,0,10260,1282.500
1765544834.1151557,0,0,16174,2021.750
1765544834.1191514,0,0,17267,2158.375
1765544834.1231663,1,1,14164,1770.500
1765544834.1271503,0,0,9496,1187.000
1765544834.1311517,0,0,9953,1244.125
1765544834.1351526,0,0,16002,2000.250
1765544834.1391568,0,0,17150,2143.750
1765544834.143171,1,1,13980,1747.500
1765544834.147168,0,0,9350,1168.750
1765544834.1511703,0,0,9513,1189.125
1765544834.1551695,0,0,15816,1977.000
1765544834.1591678,0,0,17154,2144.250
1765544834.1631768,1,1,14104,1763.000
1765544834.1671839,0,0,9493,1186.625
1765544834.17117,0,0,9412,1176.500
1765544834.1751554,0,0,15747,1968.375
1765544834.1791553,0,0,17236,2154.500
1765544834.1831543,1,1,14377,1797.125
1765544834.1871557,0,0,9738,1217.250
1765544834.191154,0,0,9080,1135.000
1765544834.1951535,0,0,15552,1944.000
1765544834.1991534,0,0,17220,2152.500
1765544834.2031915,1,1,14475,1809.375
1765544834.2071733,0,0,9851,1231.375
1765544834.2111719,0,0,8884,1110.500
1765544834.2151673,0,0,15401,1925.125
1765544834.2191775,0,0,17159,2144.875
1765544834.2231727,1,1,14398,1799.750
1765544834.2271802,0,0,9792,1224.000
1765544834.2311711,0,0,8296,1037.000
1765544834.235167,0,0,15044,1880.500
1765544834.2391646,0,0,17023,2127.875
1765544834.2431788,1,1,14238,1779.750
1765544834.247169,0,0,9669,1208.625
1765544834.2511714,0,0,8329,1041.125
1765544834.255171,0,0,15071,1883.875
1765544834.259177,0,0,17263,2157.875
1765544834.2631683,1,1,15004,1875.500
1765544834.2671683,0,0,10406,1300.750
1765544834.27117,0,0,8556,1069.500
1765544834.2751806,0,0,15053,1881.625
1765544834.2791657,0,0,17309,2163.625
1765544834.2831693,1,1,15214,1901.750
1765544834.2871623,0,0,10622,1327.750
1765544834.2911804,0,0,8310,1038.750
1765544834.2951682,0,0,14792,1849.000
1765544834.2991683,0,0,17226,2153.250
1765544834.3031654,1,1,15153,1894.125
1765544834.3072386,0,0,10577,1322.125
1765544834.3111901,0,0,8278,1034.750
1765544834.3151557,0,0,14740,1842.500
1765544834.3191588,0,0,17301,2162.625
1765544834.3231604,1,1,15594,1949.250
1765544834.3271472,0,0,11059,1382.375
1765544834.3311512,0,0,8166,1020.750
1765544834.3351526,0,0,14432,1804.000
1765544834.3391576,0,0,17185,2148.125
1765544834.343171,1,1,15406,1925.750
1765544834.3471673,0,0,10868,1358.500
1765544834.351168,0,0,7945,993.125
1765544834.355169,0,0,14226,1778.250
1765544834.359168,0,0,17174,2146.750
1765544834.3631725,1,1,15632,1954.000
1765544834.3671665,0,0,11136,1392.000
1765544834.3711655,0,0,7928,991.000
1765544834.3751667,0,0,14031,1753.875
1765544834.3791707,0,0,17148,2143.500
1765544834.3831742,1,1,15788,1973.500
1765544834.387166,0,0,11331,1416.375
1765544834.3911684,0,0,7914,989.250
1765544834.3951657,0,0,13832,1729.000
1765544834.3991644,0,0,17114,2139.250
1765544834.4031675,1,1,15909,1988.625
1765544834.4071639,0,0,11492,1436.500
1765544834.4111648,0,0,7854,981.750
1765544834.415165,0,0,13579,1697.375
1765544834.4191663,0,0,17061,2132.625
1765544834.4231694,1,1,16013,2001.625
1765544834.4271646,0,0,11643,1455.375
1765544834.4311676,0,0,7858,982.250
1765544834.4351668,0,0,17041,2130.125
1765544834.4391673,0,0,16311,2038.875
1765544834.4431694,1,1,12059,1507.375
1765544834.447168,0,0,8018,1002.250
1765544834.4511704,0,0,13095,1636.875
1765544834.455165,0,0,16939,2117.375
1765544834.4591625,0,0,16084,2010.500
1765544834.4631677,1,1,11770,1471.250
1765544834.4671655,0,0,7781,972.625
1765544834.4711664,0,0,12810,1601.250
1765544834.4751632,0,0,16892,2111.500
1765544834.4791603,0,0,16352,2044.000
1765544834.4831657,1,1,12161,1520.125
1765544834.487165,0,0,8010,1001.250
1765544834.4911683,0,0,12635,1579.375
1765544834.4951644,0,0,16855,2106.875
1765544834.4991612,0,0,16492,2061.500
1765544834.5031667,1,1,12384,1548.000
1765544834.5126085,0,0,12666,1583.250
1765544834.5151935,0,0,16883,2110.375
1765544834.519178,0,0,16974,2121.750
1765544834.523177,1,1,13200,1650.000
1765544834.527169,0,0,8689,1086.125
1765544834.5311708,0,0,12332,1541.500
1765544834.535149,0,0,16764,2095.500
1765544834.5391505,0,0,16676,2084.500
1765544834.5431678,1,1,12717,1589.625
1765544834.5471642,0,0,8217,1027.125
1765544834.551169,0,0,11581,1447.625
1765544834.555154,0,0,16547,2068.375
1765544834.5591493,0,0,16638,2079.750
1765544834.563169,1,1,12737,1592.125
1765544834.5671632,0,0,8256,1032.000
1765544834.5711641,0,0,11336,1417.000
1765544834.5751493,0,0,16480,2060.000
1765544834.5791492,0,0,16733,2091.625
1765544834.583163,1,1,12925,1615.625
1765544834.5871592,0,0,8433,1054.125
1765544834.5911667,0,0,11184,1398.000
1765544834.595168,0,0,16433,2054.125
1765544834.5991626,0,0,16836,2104.500
1765544834.6031654,1,1,13132,1641.500
1765544834.6071603,0,0,8578,1072.250
1765544834.6111639,0,0,10952,1369.000
1765544834.6151602,0,0,16365,2045.625
1765544834.6191614,0,0,16991,2123.875
1765544834.6231654,1,1,13476,1684.500
1765544834.627161,0,0,8858,1107.250
1765544834.631161,0,0,10650,1331.250
1765544834.635162,0,0,16249,2031.125
1765544834.6391644,0,0,16961,2120.125
1765544834.643166,1,1,13471,1683.875
1765544834.6471603,0,0,8887,1110.875
1765544834.6511593,0,0,10427,1303.375
1765544834.6551576,0,0,16166,2020.750
1765544834.6591573,0,0,17024,2128.000
1765544834.663163,1,1,13651,1706.375
1765544834.6671581,0,0,9041,1130.125
1765544834.6711633,0,0,10112,1264.000
1765544834.6751597,0,0,16050,2006.250
1765544834.6791575,0,0,17207,2150.875
1765544834.683162,1,1,14180,1772.500
1765544834.6871595,0,0,9503,1187.875
1765544834.691162,0,0,9893,1236.625
1765544834.695138,0,0,15921,1990.125
1765544834.699186,0,0,17102,2137.750
1765544834.7032127,1,1,13985,1748.125
1765544834.707203,0,0,9354,1169.250
1765544834.711279,0,0,9575,1196.875
1765544834.71522,0,0,15791,1973.875
1765544834.7192028,0,0,17188,2148.500
1765544834.723202,1,1,14312,1789.000
1765544834.727206,0,0,9665,1208.125
1765544834.7312105,0,0,9468,1183.500
1765544834.73519,0,0,15706,1963.250
1765544834.7391844,0,0,17215,2151.875
1765544834.7433388,1,1,14457,1807.125
1765544834.7472076,0,0,9813,1226.625
1765544834.751214,0,0,9234,1154.250
1765544834.7552094,0,0,15568,1946.000
1765544834.7592082,0,0,17250,2156.250
1765544834.763343,1,1,14692,1836.500
1765544834.767513,0,0,10059,1257.375
1765544834.7712727,0,0,9493,1186.625
1765544834.7752125,0,0,15652,1956.500
1765544834.7792044,0,0,17393,2174.125
1765544834.783205,1,1,15190,1898.750
1765544834.7872028,0,0,10556,1319.500
1765544834.7912061,0,0,9087,1135.875
1765544834.7952054,0,0,15344,1918.000
1765544834.799164,0,0,17264,2158.000
1765544834.8031607,1,1,15001,1875.125
1765544834.8071578,0,0,10384,1298.000
1765544834.8111625,0,0,8800,1100.000
1765544834.815146,0,0,15163,1895.375
1765544834.819145,0,0,17218,2152.250
1765544834.8231468,1,1,15009,1876.125
1765544834.8271458,0,0,10404,1300.500
1765544834.8311813,0,0,8451,1056.375
1765544834.835349,0,0,14897,1862.125
1765544834.8393147,0,0,17154,2144.250
1765544834.843174,1,1,15023,1877.875
1765544834.847143,0,0,10436,1304.500
1765544834.851154,0,0,8386,1048.250
1765544834.855159,0,0,14815,1851.875
1765544834.859158,0,0,17210,2151.250
1765544834.8631513,1,1,15378,1922.250
1765544834.867144,0,0,10820,1352.500
1765544834.8711514,0,0,8473,1059.125
1765544834.8751771,0,0,14741,1842.625
1765544834.8791628,0,0,17222,2152.750
1765544834.8831644,1,1,15569,1946.125
1765544834.8871596,0,0,11043,1380.375
1765544834.8911684,0,0,8315,1039.375
1765544834.895158,0,0,14515,1814.375
1765544834.89916,0,0,17189,2148.625
1765544834.9031649,1,1,15755,1969.375
1765544834.9071705,0,0,11276,1409.500
1765544834.9112453,0,0,8198,1024.750
1765544834.9151783,0,0,14270,1783.750
1765544834.9191587,0,0,17135,2141.875
1765544834.9231615,1,1,15846,1980.750
1765544834.9271615,0,0,11411,1426.375
1765544834.9311655,0,0,8231,1028.875
1765544834.935144,0,0,14184,1773.000
1765544834.9391425,0,0,17133,2141.625
1765544834.9431615,1,1,16043,2005.375
1765544834.9471636,0,0,11668,1458.500
1765544834.951164,0,0,8142,1017.750
1765544834.9551632,0,0,13873,1734.125
1765544834.9591582,0,0,17033,2129.125
1765544834.9631612,1,1,15902,1987.750
1765544834.9671578,0,0,11509,1438.625
1765544834.9711618,0,0,7977,997.125
1765544834.9751432,0,0,13684,1710.500
1765544834.9791405,0,0,17009,2126.125
1765544834.9831672,1,1,16137,2017.125
1765544834.9871867,0,0,11835,1479.375
1765544834.9911776,0,0,8023,1002.875
1765544834.9951499,0,0,16951,2118.875
1765544834.9991553,0,0,16228,2028.500
1765544835.003159,1,1,11985,1498.125
1765544835.0071552,0,0,8052,1006.500
1765544835.0111656,0,0,13193,1649.125
1765544835.0151405,0,0,16889,2111.125
1765544835.0191424,0,0,16266,2033.250
1765544835.0231593,1,1,12058,1507.250
1765544835.0271559,0,0,7982,997.750
1765544835.0311584,0,0,12890,1611.250
1765544835.035162,0,0,16822,2102.750
1765544835.0391593,0,0,16446,2055.750
1765544835.0431604,1,1,12357,1544.625
1765544835.0471547,0,0,8138,1017.250
1765544835.0511594,0,0,12636,1579.500
1765544835.0551589,0,0,16746,2093.250
1765544835.0591564,0,0,16357,2044.625
1765544835.0631602,1,1,12243,1530.375
1765544835.0671527,0,0,8005,1000.625
1765544835.0711563,0,0,12320,1540.000
1765544835.075141,0,0,16671,2083.875
1765544835.07914,0,0,16484,2060.500
1765544835.0831575,1,1,12471,1558.875
1765544835.0871577,0,0,8143,1017.875
1765544835.091158,0,0,12122,1515.250
1765544835.0951548,0,0,16627,2078.375
1765544835.0991573,0,0,16697,2087.125
1765544835.1031635,1,1,12850,1606.250
1765544835.1071627,0,0,8426,1053.250
1765544835.1112432,0,0,11988,1498.500
1765544835.1151614,0,0,16587,2073.375
1765544835.1191428,0,0,16750,2093.750
1765544835.1231613,1,1,12964,1620.500
1765544835.1271603,0,0,8464,1058.000
1765544835.131162,0,0,11612,1451.500
1765544835.1351407,0,0,16475,2059.375
1765544835.1391568,0,0,16774,2096.750
1765544835.1431444,1,1,13061,1632.625
1765544835.147143,0,0,8547,1068.375
1765544835.1511474,0,0,11367,1420.875
1765544835.1551564,0,0,16400,2050.000
1765544835.1591535,0,0,16816,2102.000
1765544835.1631606,1,1,13178,1647.250
1765544835.1671689,0,0,8612,1076.500
1765544835.1711652,0,0,10943,1367.875
1765544835.1751375,0,0,16265,2033.125
1765544835.179137,0,0,16841,2105.125
1765544835.1831567,1,1,13290,1661.250
1765544835.187153,0,0,8722,1090.250
1765544835.1911597,0,0,10693,1336.625
1765544835.195143,0,0,16180,2022.500
1765544835.1991458,0,0,16925,2115.625
1765544835.2031488,1,1,13513,1689.125
1765544835.2071424,0,0,8931,1116.375
1765544835.211147,0,0,10590,1323.750
1765544835.215157,0,0,16140,2017.500
1765544835.2191536,0,0,17048,2131.000
1765544835.2231562,1,1,13829,1728.625
1765544835.227152,0,0,9184,1148.000
1765544835.2311568,0,0,10251,1281.375
1765544835.2351584,0,0,16003,2000.375
1765544835.2391567,0,0,17060,2132.500
1765544835.2431571,1,1,13946,1743.250
1765544835.2471519,0,0,9303,1162.875
1765544835.2511535,0,0,9860,1232.500
1765544835.2551534,0,0,15830,1978.750
1765544835.2591565,0,0,16991,2123.875
1765544835.2631555,1,1,13874,1734.250
1765544835.2671523,0,0,9257,1157.125
1765544835.2711554,0,0,9655,1206.875
1765544835.2751617,0,0,15754,1969.250
1765544835.2791564,0,0,17159,2144.875
1765544835.2831566,1,1,14409,1801.125
1765544835.2871523,0,0,9752,1219.000
1765544835.2911568,0,0,9552,1194.000
1765544835.2951546,0,0,15654,1956.750
1765544835.299156,0,0,17122,2140.250
1765544835.3031592,1,1,14370,1796.250
1765544835.3071554,0,0,9729,1216.125
1765544835.3112402,0,0,9281,1160.125
1765544835.3151562,0,0,15515,1939.375
1765544835.3191419,0,0,17129,2141.125
1765544835.32314,1,1,14509,1813.625
1765544835.3271406,0,0,9878,1234.750
1765544835.3311393,0,0,9100,1137.500
1765544835.3351376,0,0,15391,1923.875
1765544835.3391397,0,0,17157,2144.625
1765544835.3431566,1,1,14723,1840.375
1765544835.3471575,0,0,10094,1261.750
1765544835.3511553,0,0,8849,1106.125
1765544835.3551533,0,0,15201,1900.125
1765544835.3591511,0,0,17103,2137.875
1765544835.363157,1,1,14693,1836.625
1765544835.3671563,0,0,10077,1259.625
1765544835.3711662,0,0,8538,1067.250
1765544835.3751373,0,0,14994,1874.250
1765544835.3791337,0,0,17091,2136.375
1765544835.383153,1,1,14844,1855.500
1765544835.387154,0,0,10247,1280.875
1765544835.3911564,0,0,8590,1073.750
1765544835.3951373,0,0,14977,1872.125
1765544835.3991413,0,0,17204,2150.500
1765544835.4031544,1,1,15386,1923.250
1765544835.407153,0,0,10822,1352.750
1765544835.4111564,0,0,8605,1075.625
1765544835.4151556,0,0,14834,1854.250
1765544835.419153,0,0,17158,2144.750
1765544835.4231496,1,1,15358,1919.750
1765544835.4271514,0,0,10803,1350.375
1765544835.4311552,0,0,8167,1020.875
1765544835.4351559,0,0,14432,1804.000
1765544835.4391522,0,0,16985,2123.125
1765544835.443154,1,1,14998,1874.750
1765544835.4471493,0,0,10435,1304.375
1765544835.451158,0,0,7983,997.875
1765544835.455155,0,0,14379,1797.375
1765544835.4591522,0,0,17115,2139.375
1765544835.4631555,1,1,15804,1975.500
1765544835.4671524,0,0,11361,1420.125
1765544835.4711554,0,0,8432,1054.000
1765544835.4751546,0,0,14399,1799.875
1765544835.479153,0,0,17135,2141.875
1765544835.4831548,1,1,15958,1994.750
1765544835.4871507,0,0,11560,1445.000
1765544835.491153,0,0,8303,1037.875
1765544835.495155,0,0,14150,1768.750
1765544835.4991663,0,0,17074,2134.250
1765544835.503158,1,1,16061,2007.625
1765544835.5071492,0,0,11719,1464.875
1765544835.5166318,0,0,17005,2125.625
1765544835.5191755,0,0,17005,2125.625
1765544835.5231552,1,1,16080,2010.000
1765544835.5271366,0,0,11766,1470.750
1765544835.531143,0,0,8183,1022.875
1765544835.5351574,0,0,13734,1716.750
1765544835.5391548,0,0,16962,2120.250
1765544835.5431454,1,1,16129,2016.125
1765544835.5471315,0,0,11847,1480.875
1765544835.5511475,0,0,8011,1001.375
1765544835.555154,0,0,13328,1666.000
1765544835.5591516,0,0,16113,2014.125
1765544835.5631557,1,1,11863,1482.875
1765544835.5671499,0,0,7951,993.875
1765544835.571149,0,0,13106,1638.250
1765544835.575133,0,0,16810,2101.250
1765544835.579137,0,0,16285,2035.625
1765544835.5831447,1,1,12129,1516.125
1765544835.587136,0,0,8074,1009.250
1765544835.5911393,0,0,12951,1618.875
1765544835.5951524,0,0,16776,2097.000
1765544835.599148,0,0,16404,2050.500
1765544835.6031435,1,1,12331,1541.375
1765544835.6071339,0,0,8052,1006.500
1765544835.611146,0,0,12415,1551.875
1765544835.615151,0,0,16613,2076.625
1765544835.6191497,0,0,16133,2016.625
1765544835.6231549,1,1,11961,1495.125
1765544835.6271486,0,0,7812,976.500
1765544835.6311536,0,0,12275,1534.375
1765544835.6351533,0,0,16615,2076.875
1765544835.6391482,0,0,16682,2085.250
1765544835.6431506,1,1,12862,1607.750
1765544835.6471505,0,0,8434,1054.250
1765544835.6511545,0,0,12169,1521.125
1765544835.6551518,0,0,16564,2070.500
1765544835.6591477,0,0,16387,2048.375
1765544835.6631505,1,1,12372,1546.500
1765544835.6671498,0,0,8084,1010.500
1765544835.671154,0,0,11894,1486.750
1765544835.675151,0,0,16515,2064.375
1765544835.6791518,0,0,16872,2109.000
1765544835.6831527,1,1,13283,1660.375
1765544835.687146,0,0,8728,1091.000
1765544835.6911645,0,0,11780,1472.500
1765544835.6951525,0,0,16472,2059.000
1765544835.6991527,0,0,16896,2112.000
1765544835.7031562,1,1,13361,1670.125
1765544835.7071593,0,0,8783,1097.875
1765544835.7111537,0,0,11456,1432.000
1765544835.715211,0,0,16364,2045.500
1765544835.7191467,0,0,16866,2108.250
1765544835.7231455,1,1,13354,1669.250
1765544835.727132,0,0,8766,1095.750
1765544835.7311375,0,0,11047,1380.875
1765544835.735153,0,0,16235,2029.375
1765544835.7391622,0,0,16920,2115.000
1765544835.7431426,1,1,13548,1693.500
1765544835.74713,0,0,8919,1114.875
1765544835.7511559,0,0,10725,1340.625
1765544835.7551558,0,0,16125,2015.625
1765544835.7591503,0,0,16974,2121.750
1765544835.7633102,1,1,13743,1717.875
1765544835.7674072,0,0,9149,1143.625
1765544835.7712028,0,0,11073,1384.125
1765544835.7751613,0,0,16237,2029.625
1765544835.779149,0,0,17276,2159.500
1765544835.7831519,1,1,14563,1820.375
1765544835.787146,0,0,9827,1228.375
1765544835.7911432,0,0,10375,1296.875
1765544835.7951436,0,0,15937,1992.125
1765544835.7991455,0,0,16939,2117.375
1765544835.8031456,1,1,13794,1724.250
1765544835.8071449,0,0,9171,1146.375
1765544835.8111596,0,0,9914,1239.250
1765544835.8151448,0,0,15793,1974.125
1765544835.819143,0,0,17097,2137.125
1765544835.8231363,1,1,14355,1794.375
1765544835.8271396,0,0,9693,1211.625
1765544835.8311434,0,0,9760,1220.000
1765544835.835149,0,0,15678,1959.750
1765544835.839145,0,0,16991,2123.875
1765544835.8431475,1,1,14111,1763.875
1765544835.8471467,0,0,9485,1185.625
1765544835.8511474,0,0,9380,1172.500
1765544835.8551288,0,0,15514,1939.250
1765544835.8591285,0,0,17007,2125.875
1765544835.863129,1,1,14279,1784.875
1765544835.8671322,0,0,9642,1205.250
1765544835.8711932,0,0,9063,1132.875
1765544835.8751554,0,0,15348,1918.500
1765544835.8791482,0,0,17056,2132.000
1765544835.8831522,1,1,14583,1822.875
1765544835.887146,0,0,9946,1243.250
1765544835.8911543,0,0,8954,1119.250
1765544835.8951504,0,0,15242,1905.250
1765544835.8991475,0,0,17053,2131.625
1765544835.9031498,1,1,14668,1833.500
1765544835.90715,0,0,10049,1256.125
1765544835.9111485,0,0,8853,1106.625
1765544835.915248,0,0,15146,1893.250
1765544835.9191594,0,0,17074,2134.250
1765544835.9231474,1,1,14844,1855.500
1765544835.9271305,0,0,10235,1279.375
1765544835.931139,0,0,8701,1087.625
1765544835.9351504,0,0,15014,1876.750
1765544835.93915,0,0,17095,2136.875
1765544835.9431353,1,1,15086,1885.750
1765544835.9471302,0,0,10495,1311.875
1765544835.9511516,0,0,8624,1078.000
1765544835.955162,0,0,14887,1860.875
1765544835.959147,0,0,17103,2137.875
1765544835.9631457,1,1,15307,1913.375
1765544835.967142,0,0,10751,1343.875
1765544835.9711585,0,0,8609,1076.125
1765544835.9751534,0,0,14789,1848.625
1765544835.9791632,0,0,17113,2139.125
1765544835.983138,1,1,15545,1943.125
1765544835.9871254,0,0,11036,1379.500
1765544835.9911327,0,0,8451,1056.375
1765544835.995156,0,0,14546,1818.250
1765544835.9991453,0,0,17041,2130.125
1765544836.0031347,1,1,15501,1937.625
1765544836.0071247,0,0,10999,1374.875
1765544836.0111501,0,0,8310,1038.750
1765544836.0151443,0,0,14410,1801.250
1765544836.0191455,0,0,17026,2128.250
1765544836.0231495,1,1,15652,1956.500
1765544836.027146,0,0,11195,1399.375
1765544836.0311484,0,0,8229,1028.625
1765544836.0351472,0,0,14220,1777.500
1765544836.0391483,0,0,16990,2123.750
1765544836.0431488,1,1,15765,1970.625
1765544836.0471454,0,0,11348,1418.500
1765544836.0511487,0,0,8178,1022.250
1765544836.055145,0,0,14041,1755.125
1765544836.059146,0,0,16965,2120.625
1765544836.0631492,1,1,15975,1996.875
1765544836.0671434,0,0,11641,1455.125
1765544836.0711465,0,0,8166,1020.750
1765544836.0751324,0,0,13821,1727.625
1765544836.079128,0,0,16909,2113.625
1765544836.083147,1,1,16025,2003.125
1765544836.0871453,0,0,11729,1466.125
1765544836.0911489,0,0,8073,1009.125
1765544836.095128,0,0,13576,1697.000
1765544836.0991273,0,0,16856,2107.000
1765544836.103147,1,1,16171,2021.375
1765544836.1071432,0,0,11962,1495.250
1765544836.1111465,0,0,8151,1018.875
1765544836.1152225,0,0,16819,2102.375
1765544836.119156,0,0,16258,2032.250
1765544836.1231408,1,1,12107,1513.375
1765544836.1271257,0,0,8141,1017.625
1765544836.131141,0,0,13178,1647.250
1765544836.135144,0,0,16757,2094.625
1765544836.1391394,0,0,16342,2042.750
1765544836.143133,1,1,12262,1532.750
1765544836.1471252,0,0,8101,1012.625
1765544836.1511312,0,0,12854,1606.750
1765544836.1551504,0,0,16679,2084.875
1765544836.1591465,0,0,16513,2064.125
1765544836.1631367,1,1,12579,1572.375
1765544836.1671247,0,0,8332,1041.500
1765544836.1711326,0,0,12748,1593.500
1765544836.1751292,0,0,16647,2080.875
1765544836.179145,0,0,16517,2064.625
1765544836.1831443,1,1,12602,1575.250
1765544836.1871424,0,0,8268,1033.500
1765544836.1911445,0,0,12411,1551.375
1765544836.1951482,0,0,16558,2069.750
1765544836.1991432,0,0,16613,2076.625
1765544836.2031496,1,1,12817,1602.125
1765544836.2071443,0,0,8422,1052.750
1765544836.2111435,0,0,12273,1534.125
1765544836.2151403,0,0,16525,2065.625
1765544836.219144,0,0,16845,2105.625
1765544836.2231333,1,1,13311,1663.875
1765544836.2271237,0,0,8717,1089.625
1765544836.2311413,0,0,11916,1489.500
1765544836.2351472,0,0,16414,2051.750
1765544836.2391462,0,0,16780,2097.500
1765544836.2431493,1,1,13231,1653.875
1765544836.2471387,0,0,8663,1082.875
1765544836.2511444,0,0,11660,1457.500
1765544836.255144,0,0,16336,2042.000
1765544836.2591422,0,0,16798,2099.750
1765544836.263146,1,1,13313,1664.125
1765544836.2671437,0,0,8687,1085.875
1765544836.271143,0,0,11135,1391.875
1765544836.2751431,0,0,16169,2021.125
1765544836.2791429,0,0,16664,2083.000
1765544836.2831464,1,1,13108,1638.500
1765544836.287142,0,0,8557,1069.625
1765544836.2911441,0,0,10938,1367.250
1765544836.2951388,0,0,16121,2015.125
1765544836.2991405,0,0,16912,2114.000
1765544836.303145,1,1,13707,1713.375
1765544836.3071437,0,0,9031,1128.875
1765544836.311144,0,0,10593,1324.125
1765544836.3152275,0,0,15988,1998.500
1765544836.3191547,0,0,16811,2101.375
1765544836.3231401,1,1,13529,1691.125
1765544836.327125,0,0,8900,1112.500
1765544836.3311296,0,0,10363,1295.375
1765544836.33514,0,0,15920,1990.000
1765544836.3391416,0,0,17011,2126.375
1765544836.3431304,1,1,14119,1764.875
1765544836.3471248,0,0,9440,1180.000
1765544836.3511438,0,0,10255,1281.875
1765544836.3551445,0,0,15848,1981.000
1765544836.3591383,0,0,16983,2122.875
1765544836.3631403,1,1,14089,1761.125
1765544836.367139,0,0,9427,1178.375
1765544836.371146,0,0,9972,1246.500
1765544836.3751414,0,0,15733,1966.625
1765544836.3791368,0,0,17018,2127.250
1765544836.3831391,1,1,14295,1786.875
1765544836.387138,0,0,9628,1203.500
1765544836.3911417,0,0,9726,1215.750
1765544836.3951392,0,0,15606,1950.750
1765544836.399138,0,0,16961,2120.125
1765544836.403129,1,1,14210,1776.250
1765544836.4071276,0,0,9560,1195.000
1765544836.4111521,0,0,9334,1166.750
1765544836.4151404,0,0,15429,1928.625
1765544836.419136,0,0,16974,2121.750
1765544836.4231358,1,1,14400,1800.000
1765544836.4271343,0,0,9752,1219.000
1765544836.4311392,0,0,9090,1136.250
1765544836.4351249,0,0,15285,1910.625
1765544836.439121,0,0,16970,2121.250
1765544836.44314,1,1,14510,1813.750
1765544836.447139,0,0,9877,1234.625
1765544836.4511433,0,0,8904,1113.000
1765544836.4551394,0,0,15156,1894.500
1765544836.459139,0,0,16961,2120.125
1765544836.463142,1,1,14591,1823.875
1765544836.467137,0,0,9968,1246.000
1765544836.4711406,0,0,8705,1088.125
1765544836.4751413,0,0,15018,1877.250
1765544836.47914,0,0,16998,2124.750
1765544836.4831424,1,1,14879,1859.875
1765544836.487138,0,0,10277,1284.625
1765544836.4911404,0,0,8699,1087.375
1765544836.4951367,0,0,14939,1867.375
1765544836.4991386,0,0,17015,2126.875
1765544836.503143,1,1,15055,1881.875
1765544836.50714,0,0,10472,1309.000
1765544836.5111377,0,0,8474,1059.250
1765544836.5205343,0,0,14966,1870.750
1765544836.5231738,1,1,14966,1870.750
1765544836.527144,0,0,10386,1298.250
1765544836.5311456,0,0,8242,1030.250
1765544836.5351224,0,0,14562,1820.250
1765544836.5391212,0,0,16981,2122.625
1765544836.543134,1,1,15381,1922.625
1765544836.5471385,0,0,10866,1358.250
1765544836.5511405,0,0,8424,1053.000
1765544836.5551236,0,0,14528,1816.000
1765544836.5591187,0,0,16982,2122.750
1765544836.5631363,1,1,15453,1931.625
1765544836.567138,0,0,10954,1369.250
1765544836.5711484,0,0,8261,1032.625
1765544836.5751247,0,0,14336,1792.000
1765544836.5791202,0,0,16961,2120.125
1765544836.583142,1,1,15668,1958.500
1765544836.5871325,0,0,11232,1404.000
1765544836.5911257,0,0,8192,1024.000
1765544836.5951405,0,0,14117,1764.625
1765544836.5991342,0,0,16911,2113.875
1765544836.6031265,1,1,15730,1966.250
1765544836.6071188,0,0,11326,1415.750
1765544836.6111436,0,0,8003,1000.375
1765544836.615141,0,0,13827,1728.375
1765544836.6191351,0,0,16830,2103.750
1765544836.6231377,1,1,15684,1960.500
1765544836.6271355,0,0,11291,1411.375
1765544836.6311405,0,0,7882,985.250
1765544836.635141,0,0,13624,1703.000
1765544836.6391366,0,0,16796,2099.500
1765544836.6431384,1,1,15831,1978.875
1765544836.647133,0,0,11496,1437.000
1765544836.6511402,0,0,7852,981.500
1765544836.6551378,0,0,13399,1674.875
1765544836.6591492,0,0,16751,2093.875
1765544836.6631386,1,1,15939,1992.375
1765544836.667133,0,0,11661,1457.625
1765544836.671136,0,0,7957,994.625
1765544836.6751492,0,0,13331,1666.375
1765544836.6791377,0,0,16755,2094.375
1765544836.6831405,1,1,12073,1509.125
1765544836.6871336,0,0,8082,1010.250
1765544836.6911478,0,0,13083,1635.375
1765544836.6951385,0,0,16689,2086.125
1765544836.6991382,0,0,16234,2029.250
1765544836.7031376,1,1,12126,1515.750
1765544836.707149,0,0,8078,1009.750
1765544836.7111368,0,0,12888,1611.000
1765544836.715139,0,0,16651,2081.375
1765544836.7192104,0,0,16489,2061.125
1765544836.7231581,1,1,12569,1571.125
1765544836.7271216,0,0,8321,1040.125
1765544836.7311273,0,0,12738,1592.250
1765544836.7351227,0,0,16609,2076.125
1765544836.7391224,0,0,16551,2068.875
1765544836.7431185,1,1,12700,1587.500
1765544836.7471194,0,0,8338,1042.250
1765544836.7511377,0,0,12455,1556.875
1765544836.7551377,0,0,16532,2066.500
1765544836.7591336,0,0,16675,2084.375
1765544836.7632923,1,1,12977,1622.125
1765544836.767394,0,0,8644,1080.500
1765544836.7711873,0,0,12663,1582.875
1765544836.7751312,0,0,16592,2074.000
1765544836.7791295,0,0,17037,2129.625
1765544836.783135,1,1,13786,1723.250
1765544836.787127,0,0,9102,1137.750
1765544836.7911296,0,0,11962,1495.250
1765544836.7951264,0,0,16366,2045.750
1765544836.7991247,0,0,16597,2074.625
1765544836.8031259,1,1,12915,1614.375
1765544836.807125,0,0,8390,1048.750
1765544836.8111339,0,0,11472,1434.000
1765544836.8151298,0,0,16236,2029.500
1765544836.8191264,0,0,16776,2097.000
1765544836.8231199,1,1,13371,1671.375
1765544836.8271346,0,0,8732,1091.500
1765544836.8312235,0,0,11026,1378.250
1765544836.8351293,0,0,16086,2010.750
1765544836.8391159,0,0,16611,2076.375
1765544836.8431137,1,1,13077,1634.625
1765544836.8471098,0,0,8524,1065.500
1765544836.8511355,0,0,10870,1358.750
1765544836.8551104,0,0,16056,2007.000
1765544836.859112,0,0,16915,2114.375
1765544836.8631287,1,1,13826,1728.250
1765544836.8671296,0,0,9142,1142.750
1765544836.8711307,0,0,10733,1341.625
1765544836.8751304,0,0,15989,1998.625
1765544836.8791296,0,0,16869,2108.625
1765544836.8831282,1,1,13748,1718.500
1765544836.8871279,0,0,9081,1135.125
1765544836.8911295,0,0,10383,1297.875
1765544836.8951123,0,0,15867,1983.375
1765544836.899152,0,0,16915,2114.375
1765544836.9031715,1,1,13959,1744.875
1765544836.9071734,0,0,9305,1163.125
1765544836.9111753,0,0,10298,1287.250
1765544836.9151747,0,0,15820,1977.500
1765544836.9193785,0,0,16955,2119.375
1765544836.9231787,1,1,14124,1765.500
1765544836.927155,0,0,9470,1183.750
1765544836.9311616,0,0,10122,1265.250
1765544836.935169,0,0,15732,1966.500
1765544836.9391704,0,0,16897,2112.125
1765544836.9431593,1,1,14010,1751.250
1765544836.9471533,0,0,9366,1170.750
1765544836.9511712,0,0,9639,1204.875
1765544836.9551778,0,0,15538,1942.250
1765544836.9591675,0,0,16911,2113.875
1765544836.9631674,1,1,14204,1775.500
1765544836.967169,0,0,9559,1194.875
1765544836.971176,0,0,9273,1159.125
1765544836.9751692,0,0,15359,1919.875
1765544836.9791672,0,0,16938,2117.250
1765544836.9831707,1,1,14448,1806.000
1765544836.987168,0,0,9795,1224.375
1765544836.9911737,0,0,9174,1146.750
1765544836.995174,0,0,15277,1909.625
1765544836.9991295,0,0,16944,2118.000
1765544837.0031233,1,1,14547,1818.375
1765544837.0071225,0,0,9917,1239.625
1765544837.0111318,0,0,9009,1126.125
1765544837.0151339,0,0,15166,1895.750
1765544837.0191321,0,0,16998,2124.750
1765544837.0231197,1,1,14892,1861.500
1765544837.027108,0,0,10284,1285.500
1765544837.031125,0,0,9032,1129.000
1765544837.0351317,0,0,15110,1888.750
1765544837.039128,0,0,17025,2128.125
1765544837.0431125,1,1,15112,1889.000
1765544837.0471082,0,0,10528,1316.000
1765544837.0511384,0,0,8887,1110.875
1765544837.055131,0,0,14963,1870.375
1765544837.059129,0,0,16991,2123.875
1765544837.0631297,1,1,15140,1892.500
1765544837.0671248,0,0,10571,1321.375
1765544837.0711267,0,0,8693,1086.625
1765544837.0751147,0,0,14811,1851.375
1765544837.0791123,0,0,17007,2125.875
1765544837.0831287,1,1,15512,1939.000
1765544837.0871265,0,0,11018,1377.250
1765544837.0911276,0,0,8691,1086.375
1765544837.0951257,0,0,14680,1835.000
1765544837.0991266,0,0,16971,2121.375
1765544837.1031294,1,1,15530,1941.250
1765544837.107125,0,0,11057,1382.125
1765544837.1111248,0,0,8665,1083.125
1765544837.1151288,0,0,14607,1825.875
1765544837.1193202,0,0,16972,2121.500
1765544837.123129,1,1,15726,1965.750
1765544837.1271124,0,0,11312,1414.000
1765544837.1311314,0,0,8619,1077.375
1765544837.1351259,0,0,14463,1807.875
1765544837.1391263,0,0,16953,2119.125
1765544837.1431177,1,1,15975,1996.875
1765544837.147111,0,0,11668,1458.500
1765544837.151129,0,0,8471,1058.875
1765544837.1551282,0,0,14158,1769.750
1765544837.159124,0,0,16843,2105.375
1765544837.1631267,1,1,15730,1966.250
1765544837.1671238,0,0,11358,1419.750
1765544837.1711268,0,0,8184,1023.000
1765544837.175122,0,0,13961,1745.125
1765544837.1791227,0,0,16818,2102.250
1765544837.1831253,1,1,16038,2004.750
1765544837.1871247,0,0,11807,1475.875
1765544837.1911247,0,0,8291,1036.375
1765544837.195128,0,0,13788,1723.500
1765544837.199123,0,0,16772,2096.500
1765544837.2031221,1,1,16092,2011.500
1765544837.2071254,0,0,11908,1488.500
1765544837.2111309,0,0,8232,1029.000
1765544837.2151105,0,0,13596,1699.500
1765544837.2191193,0,0,16729,2091.125
1765544837.223124,1,1,16257,2032.125
1765544837.2271237,0,0,12189,1523.625
1765544837.231128,0,0,8273,1034.125
1765544837.2351267,0,0,13350,1668.750
1765544837.2391255,0,0,16653,2081.625
1765544837.243111,1,1,16125,2015.625
1765544837.247106,0,0,12000,1500.000
1765544837.2511141,0,0,13007,1625.875
1765544837.2551255,0,0,16574,2071.750
1765544837.2591257,0,0,16290,2036.250
1765544837.2631261,1,1,12300,1537.500
1765544837.2671194,0,0,8214,1026.750
1765544837.2711234,0,0,12947,1618.375
1765544837.275127,0,0,16564,2070.500
1765544837.279124,0,0,16461,2057.625
1765544837.2831225,1,1,12614,1576.750
1765544837.2871194,0,0,8342,1042.750
1765544837.2911215,0,0,12695,1586.875
1765544837.295123,0,0,16497,2062.125
1765544837.2991705,0,0,16513,2064.125
1765544837.3031695,1,1,12745,1593.125
1765544837.3071637,0,0,8346,1043.250
1765544837.3111694,0,0,12335,1541.875
1765544837.315182,0,0,16399,2049.875
1765544837.3192368,0,0,16565,2070.625
1765544837.3231685,1,1,12894,1611.750
1765544837.3271492,0,0,8425,1053.125
1765544837.3311558,0,0,12113,1514.125
1765544837.3351655,0,0,16341,2042.625
1765544837.3391678,0,0,16688,2086.000
1765544837.3431566,1,1,13191,1648.875
1765544837.347149,0,0,8635,1079.375
1765544837.3511674,0,0,11907,1488.375
1765544837.3551702,0,0,16276,2034.500
1765544837.359168,0,0,16639,2079.875
1765544837.3631704,1,1,13117,1639.625
1765544837.3671672,0,0,8590,1073.750
1765544837.3711693,0,0,11664,1458.000
1765544837.3751764,0,0,16209,2026.125
1765544837.3791676,0,0,16783,2097.875
1765544837.383159,1,1,13500,1687.500
1765544837.38715,0,0,8888,1111.000
1765544837.3911574,0,0,11445,1430.625
1765544837.3951664,0,0,16138,2017.250
1765544837.399123,0,0,16839,2104.875
1765544837.4031122,1,1,13701,1712.625
1765544837.4071057,0,0,9052,1131.500
1765544837.411132,0,0,11245,1405.625
1765544837.4151223,0,0,16073,2009.125
1765544837.4191198,0,0,16908,2113.500
1765544837.4231222,1,1,13954,1744.250
1765544837.4271224,0,0,9272,1159.000
1765544837.4311247,0,0,10880,1360.000
1765544837.4351223,0,0,15938,1992.250
1765544837.4391177,0,0,16802,2100.250
1765544837.4431188,1,1,13751,1718.875
1765544837.4471226,0,0,9105,1138.125
1765544837.4511251,0,0,10584,1323.000
1765544837.4551222,0,0,15846,1980.750
1765544837.4591238,0,0,16931,2116.375
1765544837.4631178,1,1,14227,1778.375
1765544837.4671154,0,0,9542,1192.750
1765544837.4711232,0,0,10434,1304.250
1765544837.4751241,0,0,15769,1971.125
1765544837.4791195,0,0,16923,2115.375
1765544837.483121,1,1,14275,1784.375
1765544837.4871156,0,0,9591,1198.875
1765544837.4911242,0,0,10068,1258.500
1765544837.4951222,0,0,15621,1952.625
1765544837.499167,0,0,16905,2113.125
1765544837.5031672,1,1,14355,1794.375
1765544837.5071583,0,0,9696,1212.000
1765544837.5111637,0,0,9912,1239.000
1765544837.5151682,0,0,15538,1942.250
1765544837.5257363,1,0,9838,1229.750
1765544837.5276773,0,0,9838,1229.750
1765544837.5311813,0,0,9997,1249.625
1765544837.5351493,0,0,15563,1945.375
1765544837.5391474,0,0,17063,2132.875
1765544837.5431657,1,1,15188,1898.500
1765544837.5471663,0,0,10594,1324.250
1765544837.551164,0,0,9642,1205.250
1765544837.5551481,0,0,15313,1914.125
1765544837.5591478,0,0,16879,2109.875
1765544837.563165,1,1,14608,1826.000
1765544837.5671651,0,0,9972,1246.500
1765544837.571164,0,0,9032,1129.000
1765544837.575145,0,0,15063,1882.875
1765544837.5791473,0,0,16855,2106.875
1765544837.5831628,1,1,14785,1848.125
1765544837.5871642,0,0,10182,1272.750
1765544837.5911646,0,0,9018,1127.250
1765544837.5951655,0,0,15014,1876.750
1765544837.59912,0,0,16911,2113.875
1765544837.6031246,1,1,15150,1893.750
1765544837.6071215,0,0,10594,1324.250
1765544837.6111224,0,0,8859,1107.375
1765544837.6150997,0,0,14828,1853.500
1765544837.6191049,0,0,16832,2104.000
1765544837.6231208,1,1,14972,1871.500
1765544837.62712,0,0,10401,1300.125
1765544837.6311228,0,0,8662,1082.750
1765544837.6351213,0,0,14730,1841.250
1765544837.6391184,0,0,16873,2109.125
1765544837.6431222,1,1,15376,1922.000
1765544837.6471202,0,0,10885,1360.625
1765544837.6511247,0,0,8709,1088.625
1765544837.655119,0,0,14634,1829.250
1765544837.659119,0,0,16862,2107.750
1765544837.66312,1,1,15496,1937.000
1765544837.6671174,0,0,11048,1381.000
1765544837.6711204,0,0,8481,1060.125
1765544837.6751223,0,0,14394,1799.250
1765544837.6791153,0,0,16811,2101.375
1765544837.6831198,1,1,15613,1951.625
1765544837.687119,0,0,11210,1401.250
1765544837.6911204,0,0,8566,1070.750
1765544837.695115,0,0,14371,1796.375
1765544837.6991582,0,0,16831,2103.875
1765544837.7031631,1,1,15924,1990.500
1765544837.707166,0,0,11654,1456.750
1765544837.7111647,0,0,8638,1079.750
1765544837.7151659,0,0,14252,1781.500
1765544837.7191622,0,0,16799,2099.875
1765544837.723385,1,1,16007,2000.875
1765544837.7271733,0,0,11793,1474.125
1765544837.7311687,0,0,8547,1068.375
1765544837.735146,0,0,14060,1757.500
1765544837.7391453,0,0,16752,2094.000
1765544837.7431571,1,1,16159,2019.875
1765544837.747159,0,0,12055,1506.875
1765544837.75116,0,0,8552,1069.000
1765544837.7551498,0,0,13874,1734.250
1765544837.7591455,0,0,16690,2086.250
1765544837.7633038,1,1,16069,2008.625
1765544837.7674682,0,0,11936,1492.000
1765544837.7712293,0,0,8517,1064.625
1765544837.775167,0,0,13880,1735.000
1765544837.7791593,0,0,16708,2088.500
1765544837.7831502,1,1,16571,2071.375
1765544837.7871463,0,0,12840,1605.000
1765544837.7911623,0,0,8765,1095.625
1765544837.795159,0,0,13470,1683.750
1765544837.7991202,0,0,16573,2071.625
1765544837.8031216,1,1,16182,2022.750
1765544837.8071167,0,0,12174,1521.750
1765544837.8111165,0,0,8135,1016.875
1765544837.8151145,0,0,16452,2056.500
1765544837.8191195,0,0,16252,2031.500
1765544837.8231084,1,1,12348,1543.500
1765544837.827101,0,0,8274,1034.250
1765544837.831115,0,0,12948,1618.500
1765544837.8351173,0,0,16446,2055.750
1765544837.8391144,0,0,16430,2053.750
1765544837.84312,1,1,12691,1586.375
1765544837.8471148,0,0,8354,1044.250
1765544837.8511205,0,0,12563,1570.375
1765544837.855115,0,0,16339,2042.375
1765544837.859112,0,0,16329,2041.125
1765544837.8631196,1,1,12539,1567.375
1765544837.8673604,0,0,8257,1032.125
1765544837.8711247,0,0,12448,1556.000
1765544837.8751035,0,0,16319,2039.875
1765544837.8790984,0,0,16600,2075.000
1765544837.8831146,1,1,13118,1639.750
1765544837.8871155,0,0,8633,1079.125
1765544837.891121,0,0,12246,1530.750
1765544837.8951025,0,0,16260,2032.500
1765544837.8990977,0,0,16624,2078.000
1765544837.903117,1,1,13212,1651.500
1765544837.9071167,0,0,8665,1083.125
1765544837.9111192,0,0,11901,1487.625
1765544837.9151208,0,0,16163,2020.375
1765544837.9191148,0,0,16638,2079.750
1765544837.923311,1,1,13306,1663.250
1765544837.9271266,0,0,8735,1091.875
1765544837.9311247,0,0,11673,1459.125
1765544837.935102,0,0,16097,2012.125
1765544837.9391022,0,0,16718,2089.750
1765544837.9431071,1,1,13563,1695.375
1765544837.947099,0,0,8938,1117.250
1765544837.9511137,0,0,11478,1434.750
1765544837.9551013,0,0,16036,2004.500
1765544837.9591002,0,0,16768,2096.000
1765544837.9631155,1,1,13755,1719.375
1765544837.9671142,0,0,9092,1136.500
1765544837.971117,0,0,11126,1390.750
1765544837.9751134,0,0,15922,1990.250
1765544837.9791255,0,0,16735,2091.875
1765544837.9831111,1,1,13747,1718.375
1765544837.9870977,0,0,9096,1137.000
1765544837.9911253,0,0,10911,1363.875
1765544837.9951131,0,0,15852,1981.500
1765544837.9991155,0,0,16821,2102.625
1765544838.003107,1,1,14089,1761.125
1765544838.0070956,0,0,9419,1177.375
1765544838.0111344,0,0,10780,1347.500
1765544838.0151203,0,0,15796,1974.500
1765544838.019118,0,0,16877,2109.625
1765544838.0231192,1,1,14361,1795.125
1765544838.027113,0,0,9686,1210.750
1765544838.031116,0,0,10471,1308.875
1765544838.0351164,0,0,15667,1958.375
1765544838.0391166,0,0,16813,2101.625
1765544838.0431185,1,1,14248,1781.000
1765544838.047114,0,0,9586,1198.250
1765544838.051116,0,0,10186,1273.250
1765544838.055114,0,0,15558,1944.750
1765544838.059116,0,0,16823,2102.875
1765544838.0631182,1,1,14401,1800.125
1765544838.067116,0,0,9738,1217.250
1765544838.071114,0,0,9809,1226.125
1765544838.075099,0,0,15393,1924.125
1765544838.0790958,0,0,16789,2098.625
1765544838.0831177,1,1,14434,1804.250
1765544838.087115,0,0,9785,1223.125
1765544838.0911179,0,0,9592,1199.000
1765544838.0951135,0,0,15290,1911.250
1765544838.099157,0,0,16819,2102.375
1765544838.1031625,1,1,14690,1836.250
1765544838.1071582,0,0,10071,1258.875
1765544838.1111608,0,0,9542,1192.750
1765544838.11516,0,0,15232,1904.000
1765544838.1191554,0,0,16856,2107.000
1765544838.1233766,1,1,14965,1870.625
1765544838.1271718,0,0,10380,1297.500
1765544838.1311636,0,0,9457,1182.125
1765544838.1351407,0,0,15144,1893.000
1765544838.1391385,0,0,16851,2106.375
1765544838.1431577,1,1,15100,1887.500
1765544838.147158,0,0,10547,1318.375
1765544838.1511598,0,0,9306,1163.250
1765544838.1551447,0,0,15027,1878.375
1765544838.159138,0,0,16844,2105.500
1765544838.1631582,1,1,15293,1911.625
1765544838.1671538,0,0,10790,1348.750
1765544838.1711626,0,0,9161,1145.125
1765544838.17515,0,0,14891,1861.375
1765544838.1791441,0,0,16808,2101.000
1765544838.1831398,1,1,15317,1914.625
1765544838.1871357,0,0,10833,1354.125
1765544838.1911426,0,0,8903,1112.875
1765544838.195162,0,0,14697,1837.125
1765544838.199115,0,0,16751,2093.875
1765544838.2031066,1,1,15289,1911.125
1765544838.2070997,0,0,10810,1351.250
1765544838.211129,0,0,8616,1077.000
1765544838.215113,0,0,14499,1812.375
1765544838.2191145,0,0,16731,2091.375
1765544838.223116,1,1,15567,1945.875
1765544838.2271082,0,0,11190,1398.750
1765544838.231111,0,0,8621,1077.625
1765544838.2351172,0,0,14366,1795.750
1765544838.239112,0,0,16662,2082.750
1765544838.2431133,1,1,15256,1907.000
1765544838.2471066,0,0,10793,1349.125
1765544838.2511132,0,0,8235,1029.375
1765544838.2550964,0,0,14156,1769.500
1765544838.2591085,0,0,16673,2084.125
1765544838.2631118,1,1,15917,1989.625
1765544838.2671118,0,0,11726,1465.750
1765544838.2711077,0,0,8534,1066.750
1765544838.2751105,0,0,14055,1756.875
1765544838.27911,0,0,16639,2079.875
1765544838.2831163,1,1,15848,1981.000
1765544838.2871115,0,0,11633,1454.125
1765544838.291111,0,0,8351,1043.875
1765544838.29511,0,0,13875,1734.375
1765544838.2991548,0,0,16599,2074.875
1765544838.3031604,1,1,16011,2001.375
1765544838.307155,0,0,11908,1488.500
1765544838.3111532,0,0,8384,1048.000
1765544838.3151555,0,0,13720,1715.000
1765544838.319151,0,0,16559,2069.875
1765544838.3232615,1,1,16056,2007.000
1765544838.327152,0,0,11999,1499.875
1765544838.3311505,0,0,8342,1042.750
1765544838.3351378,0,0,13556,1694.500
1765544838.339132,0,0,16522,2065.250
1765544838.3431542,1,1,16248,2031.000
1765544838.3471558,0,0,12356,1544.500
1765544838.3511584,0,0,8508,1063.500
1765544838.355136,0,0,13462,1682.750
1765544838.3591352,0,0,16497,2062.125
1765544838.3631566,1,1,16385,2048.125
1765544838.3671534,0,0,12639,1579.875
1765544838.3711615,0,0,8566,1070.750
1765544838.3751574,0,0,13231,1653.875
1765544838.3794572,0,0,16358,2044.750
1765544838.3831482,1,1,12622,1577.750
1765544838.3871362,0,0,8421,1052.625
1765544838.3911474,0,0,12911,1613.875
1765544838.39516,0,0,16344,2043.000
1765544838.3991098,0,0,16499,2062.375
1765544838.4031007,1,1,12974,1621.750
1765544838.4070928,0,0,8628,1078.500
1765544838.411129,0,0,12769,1596.125
1765544838.4151142,0,0,16304,2038.000
1765544838.419111,0,0,16596,2074.500
1765544838.4231102,1,1,13240,1655.000
1765544838.427106,0,0,8778,1097.250
1765544838.4311137,0,0,12524,1565.500
1765544838.435115,0,0,16227,2028.375
1765544838.4391093,0,0,16461,2057.625
1765544838.4431098,1,1,12964,1620.500
1765544838.4471056,0,0,8483,1060.375
1765544838.4511101,0,0,12111,1513.875
1765544838.455112,0,0,16121,2015.125
1765544838.4591076,0,0,16636,2079.500
1765544838.463111,1,1,13478,1684.750
1765544838.4671056,0,0,8917,1114.625
1765544838.471109,0,0,12108,1513.500
1765544838.4751093,0,0,16116,2014.500
1765544838.479108,0,0,16694,2086.750
1765544838.4831085,1,1,13658,1707.250
1765544838.487106,0,0,9046,1130.750
1765544838.4911063,0,0,11863,1482.875
1765544838.4951057,0,0,16040,2005.000
1765544838.499154,0,0,16707,2088.375
1765544838.5031564,1,1,13770,1721.250
1765544838.5071518,0,0,9106,1138.250
1765544838.5111518,0,0,11413,1426.625
1765544838.5151503,0,0,15901,1987.625
1765544838.5191512,0,0,16645,2080.625
1765544838.5297694,0,0,9057,1132.125
1765544838.5317192,0,0,11357,1419.625
1765544838.5351355,0,0,15890,1986.250
1765544838.539134,0,0,16854,2106.750
1765544838.543153,1,1,14492,1811.500
1765544838.5471513,0,0,9823,1227.875
1765544838.551155,0,0,11202,1400.250
1765544838.5551386,0,0,15810,1976.250
1765544838.5591311,0,0,16701,2087.625
1765544838.563154,1,1,13984,1748.000
1765544838.5671515,0,0,9295,1161.875
1765544838.571158,0,0,10475,1309.375
1765544838.5751317,0,0,15579,1947.375
1765544838.5791364,0,0,16668,2083.500
1765544838.5831432,1,1,14072,1759.000
1765544838.587138,0,0,9399,1174.875
1765544838.591145,0,0,10316,1289.500
1765544838.5951557,0,0,15520,1940.000
1765544838.5991073,0,0,16718,2089.750
1765544838.6031,1,1,14332,1791.500
1765544838.6070914,0,0,9682,1210.250
1765544838.611125,0,0,10217,1277.125
1765544838.6151094,0,0,15462,1932.750
1765544838.6191065,0,0,16724,2090.500
1765544838.623107,1,1,14423,1802.875
1765544838.6271071,0,0,9774,1221.750
1765544838.6311097,0,0,9901,1237.625
1765544838.6351116,0,0,15329,1916.125
1765544838.6391065,0,0,16710,2088.750
1765544838.6431067,1,1,14523,1815.375
1765544838.6471024,0,0,9894,1236.750
1765544838.6511106,0,0,9674,1209.250
1765544838.6551063,0,0,15217,1902.125
1765544838.6591046,0,0,16715,2089.375
1765544838.663106,1,1,14691,1836.375
1765544838.6671033,0,0,10078,1259.750
1765544838.6711087,0,0,9468,1183.500
1765544838.6751075,0,0,15106,1888.250
1765544838.6791046,0,0,16735,2091.875
1765544838.6831071,1,1,14973,1871.625
1765544838.6871028,0,0,10413,1301.625
1765544838.6911047,0,0,9325,1165.625
1765544838.695105,0,0,14984,1873.000
1765544838.6991513,0,0,16701,2087.625
1765544838.703151,1,1,14963,1870.375
1765544838.7071502,0,0,10415,1301.875
1765544838.7111516,0,0,9202,1150.250
1765544838.7151508,0,0,14900,1862.500
1765544838.71915,0,0,16705,2088.125
1765544838.7231529,1,1,15152,1894.000
1765544838.7273579,0,0,10646,1330.750
1765544838.7311695,0,0,9189,1148.625
1765544838.7351305,0,0,14847,1855.875
1765544838.739133,0,0,16736,2092.000
1765544838.743149,1,1,15584,1948.000
1765544838.7471468,0,0,11230,1403.750
1765544838.7511497,0,0,9037,1129.625
1765544838.7551327,0,0,14615,1826.875
1765544838.7591329,0,0,16619,2077.375
1765544838.7632804,1,1,15114,1889.250
1765544838.7674649,0,0,10625,1328.125
1765544838.7712245,0,0,8814,1101.750
1765544838.7751496,0,0,14597,1824.625
1765544838.7791429,0,0,16697,2087.125
1765544838.783142,1,1,16071,2008.875
1765544838.78713,0,0,12012,1501.500
1765544838.7911623,0,0,9066,1133.250
1765544838.7951455,0,0,14392,1799.000
1765544838.799103,0,0,16584,2073.000
1765544838.8031075,1,1,15383,1922.875
1765544838.8071036,0,0,10993,1374.125
1765544838.8111084,0,0,8274,1034.250
1765544838.8151033,0,0,14051,1756.375
1765544838.8191042,0,0,16527,2065.875
1765544838.8230932,1,1,15756,1969.500
1765544838.8270888,0,0,11562,1445.250
1765544838.8311107,0,0,8552,1069.000
1765544838.8351064,0,0,14049,1756.125
1765544838.8391001,0,0,16534,2066.750
1765544838.8431058,1,1,15897,1987.125
1765544838.847104,0,0,11787,1473.375
1765544838.8511062,0,0,8541,1067.625
1765544838.855105,0,0,13907,1738.375
1765544838.859103,0,0,16498,2062.250
1765544838.863105,1,1,15953,1994.125
1765544838.8671024,0,0,11897,1487.125
1765544838.8711064,0,0,8390,1048.750
1765544838.875109,0,0,13654,1706.750
1765544838.8791056,0,0,16434,2054.250
1765544838.8831048,1,1,16055,2006.875
1765544838.8871,0,0,12101,1512.625
1765544838.8911045,0,0,8390,1048.750
1765544838.895106,0,0,13482,1685.250
1765544838.8991487,0,0,16386,2048.250
1765544838.9031494,1,1,16042,2005.250
1765544838.9071443,0,0,12099,1512.375
1765544838.9111474,0,0,8215,1026.875
1765544838.9151528,0,0,13200,1650.000
1765544838.9191465,0,0,16320,2040.000
1765544838.923146,1,1,16222,2027.750
1765544838.9273548,0,0,8434,1054.250
1765544838.9311697,0,0,8434,1054.250
1765544838.93513,0,0,13117,1639.625
1765544838.9391272,0,0,16298,2037.250
1765544838.9431446,1,1,16308,2038.500
1765544838.9471447,0,0,8399,1049.875
1765544838.9511473,0,0,12744,1593.000
1765544838.9551332,0,0,16191,2023.875
1765544838.959129,0,0,16097,2012.125
1765544838.9631362,1,1,12286,1535.750
1765544838.967125,0,0,8086,1010.750
1765544838.9711394,0,0,12495,1561.875
1765544838.9751248,0,0,16142,2017.750
1765544838.9791412,0,0,16479,2059.875
1765544838.9831502,1,1,13150,1643.750
1765544838.987144,0,0,8694,1086.750
1765544838.9911466,0,0,12422,1552.750
1765544838.9951465,0,0,16117,2014.625
1765544838.9991043,0,0,16398,2049.750
1765544839.0031083,1,1,12968,1621.000
1765544839.0071013,0,0,8509,1063.625
1765544839.0111065,0,0,12108,1513.500
1765544839.0150971,0,0,16034,2004.250
1765544839.019101,0,0,16462,2057.750
1765544839.023104,1,1,13181,1647.625
1765544839.027099,0,0,8644,1080.500
1765544839.0311034,0,0,11881,1485.125
1765544839.035103,0,0,15972,1996.500
1765544839.0390978,0,0,16540,2067.500
1765544839.0431054,1,1,13440,1680.000
1765544839.0470998,0,0,8832,1104.000
1765544839.0511065,0,0,11650,1456.250
1765544839.0551007,0,0,15906,1988.250
1765544839.059096,0,0,16590,2073.750
1765544839.0631022,1,1,13649,1706.125
1765544839.0671,0,0,9027,1128.375
1765544839.0711036,0,0,11488,1436.000
1765544839.0750878,0,0,15856,1982.000
1765544839.079081,0,0,16662,2082.750
1765544839.0831003,1,1,13939,1742.375
1765544839.087101,0,0,9270,1158.750
1765544839.0911057,0,0,11193,1399.125
1765544839.0951014,0,0,15756,1969.500
1765544839.099145,0,0,16597,2074.625
1765544839.103146,1,1,13808,1726.000
1765544839.1071417,0,0,9160,1145.000
1765544839.111146,0,0,10925,1365.625
1765544839.1151466,0,0,15676,1959.500
1765544839.1191452,0,0,16712,2089.000
1765544839.1231434,1,1,14345,1793.125
1765544839.1273477,0,0,9697,1212.125
1765544839.1311703,0,0,10956,1369.500
1765544839.1351297,0,0,15666,1958.250
1765544839.1391273,0,0,16760,2095.000
1765544839.1431427,1,1,14622,1827.750
1765544839.1471434,0,0,9988,1248.500
1765544839.151144,0,0,10693,1336.625
1765544839.1551263,0,0,15554,1944.250
1765544839.1591249,0,0,16716,2089.500
1765544839.163147,1,1,14579,1822.375
1765544839.1671429,0,0,9939,1242.375
1765544839.1711478,0,0,10262,1282.750
1765544839.1751447,0,0,15389,1923.625
1765544839.1791441,0,0,16660,2082.500
1765544839.1831486,1,1,14527,1815.875
1765544839.1871412,0,0,9900,1237.500
1765544839.1911428,0,0,10005,1250.625
1765544839.195144,0,0,15282,1910.250
1765544839.1991026,0,0,16668,2083.500
1765544839.2031038,1,1,14726,1840.750
1765544839.2071,0,0,10131,1266.375
1765544839.211103,0,0,9882,1235.250
1765544839.215098,0,0,15206,1900.750
1765544839.2190979,0,0,16666,2083.250
1765544839.223107,1,1,14854,1856.750
1765544839.2271144,0,0,10288,1286.000
1765544839.2311032,0,0,9717,1214.625
1765544839.2350855,0,0,15111,1888.875
1765544839.2390857,0,0,16675,2084.375
1765544839.2431018,1,1,15111,1888.875
1765544839.2470982,0,0,10613,1326.625
1765544839.2510998,0,0,9589,1198.625
1765544839.2550802,0,0,15000,1875.000
1765544839.2590797,0,0,16630,2078.750
1765544839.2631009,1,1,15029,1878.625
1765544839.2670984,0,0,10517,1314.625
1765544839.271102,0,0,9205,1150.625
1765544839.2751002,0,0,14803,1850.375
1765544839.279096,0,0,16598,2074.750
1765544839.2830884,1,1,15189,1898.625
1765544839.2870805,0,0,10733,1341.625
1765544839.291102,0,0,8942,1117.750
1765544839.295079,0,0,14604,1825.500
1765544839.2990947,0,0,16539,2067.375
1765544839.3030968,1,1,15131,1891.375
1765544839.3070982,0,0,10672,1334.000
1765544839.311099,0,0,8653,1081.625
1765544839.3150985,0,0,14424,1803.000
1765544839.319096,0,0,16511,2063.875
1765544839.3230865,1,1,15258,1907.250
1765544839.3272746,0,0,10852,1356.500
1765544839.3311226,0,0,8767,1095.875
1765544839.3350825,0,0,14445,1805.625
1765544839.3390794,0,0,16554,2069.250
1765544839.3430974,1,1,15708,1963.500
1765544839.3470967,0,0,11500,1437.500
1765544839.3511002,0,0,8924,1115.500
1765544839.3550823,0,0,14360,1795.000
1765544839.359084,0,0,16520,2065.000
1765544839.363098,1,1,15596,1949.500
1765544839.3670964,0,0,11341,1417.625
1765544839.3711033,0,0,8416,1052.000
1765544839.375099,0,0,13983,1747.875
1765544839.3790965,0,0,16417,2052.125
1765544839.3830976,1,1,15533,1941.625
1765544839.387094,0,0,11280,1410.000
1765544839.3910975,0,0,8377,1047.125
1765544839.395102,0,0,13939,1742.375
1765544839.3990965,0,0,16433,2054.125
1765544839.4031024,1,1,15975,1996.875
1765544839.407093,0,0,12000,1500.000
1765544839.4110985,0,0,8602,1075.250
1765544839.415096,0,0,13825,1728.125
1765544839.4190981,0,0,16402,2050.250
1765544839.4231007,1,1,16066,2008.250
1765544839.4270942,0,0,12187,1523.375
1765544839.4310958,0,0,8582,1072.750
1765544839.4350958,0,0,13663,1707.875
1765544839.4390962,0,0,16353,2044.125
1765544839.4430988,1,1,16030,2003.750
1765544839.4470954,0,0,12139,1517.375
1765544839.4510972,0,0,8446,1055.750
1765544839.455094,0,0,13489,1686.125
1765544839.4590971,0,0,16311,2038.875
1765544839.4630995,1,1,16183,2022.875
1765544839.4670959,0,0,12467,1558.375
1765544839.4710987,0,0,8491,1061.375
1765544839.4750936,0,0,13242,1655.250
1765544839.4790928,0,0,16240,2030.000
1765544839.4831,1,1,16150,2018.750
1765544839.487094,0,0,12436,1554.500
1765544839.491096,0,0,8382,1047.750
1765544839.4950914,0,0,13033,1629.125
1765544839.499138,0,0,16187,2023.375
1765544839.5031402,1,1,16238,2029.750
1765544839.5071378,0,0,12654,1581.750
1765544839.5111425,0,0,8426,1053.250
1765544839.5151417,0,0,16118,2014.750
1765544839.519137,0,0,16246,2030.750
1765544839.523145,1,1,12711,1588.875
1765544839.5355499,0,0,16131,2016.375
1765544839.5391762,0,0,16562,2070.250
1765544839.5431397,1,1,13550,1693.750
1765544839.547123,0,0,9032,1129.000
1765544839.5511556,0,0,12474,1559.250
1765544839.5551393,0,0,16029,2003.625
1765544839.5591373,0,0,16282,2035.250
1765544839.5631258,1,1,12859,1607.375
1765544839.5671194,0,0,8405,1050.625
1765544839.5711567,0,0,12018,1502.250
1765544839.5751245,0,0,15911,1988.875
1765544839.5791175,0,0,16369,2046.125
1765544839.5831368,1,1,13156,1644.500
1765544839.5871353,0,0,8582,1072.750
1765544839.591143,0,0,11708,1463.500
1765544839.5951388,0,0,15829,1978.625
1765544839.5990963,0,0,16418,2052.250
1765544839.603095,1,1,13348,1668.500
1765544839.6070914,0,0,8754,1094.250
1765544839.6110952,0,0,11563,1445.375
1765544839.6150937,0,0,15789,1973.625
1765544839.6190937,0,0,16462,2057.750
1765544839.6230943,1,1,13509,1688.625
1765544839.6270905,0,0,8881,1110.125
1765544839.6310945,0,0,11312,1414.000
1765544839.6350937,0,0,15715,1964.375
1765544839.6390924,0,0,16472,2059.000
1765544839.6430957,1,1,13602,1700.250
1765544839.6470885,0,0,8941,1117.625
1765544839.6510944,0,0,10936,1367.000
1765544839.6550934,0,0,15605,1950.625
1765544839.6590922,0,0,16532,2066.500
1765544839.6630945,1,1,13903,1737.875
1765544839.6670904,0,0,9233,1154.125
1765544839.6710927,0,0,10707,1338.375
1765544839.6750894,0,0,15520,1940.000
1765544839.6790926,0,0,16454,2056.750
1765544839.6830945,1,1,13696,1712.000
1765544839.6870902,0,0,9049,1131.125
1765544839.6910918,0,0,10523,1315.375
1765544839.695089,0,0,15471,1933.875
1765544839.6991377,0,0,16583,2072.875
1765544839.7031386,1,1,14244,1780.500
1765544839.707139,0,0,9594,1199.250
1765544839.7111368,0,0,10481,1310.125
1765544839.7151303,0,0,15437,1929.625
1765544839.7191336,0,0,16629,2078.625
1765544839.7231395,1,1,14522,1815.250
1765544839.7271354,0,0,9890,1236.250
1765544839.7311373,0,0,10206,1275.750
1765544839.7352421,0,0,15315,1914.375
1765544839.7391489,0,0,16581,2072.625
1765544839.7431326,1,1,14449,1806.125
1765544839.7471166,0,0,9821,1227.625
1765544839.7511501,0,0,9822,1227.750
1765544839.7551355,0,0,15159,1894.875
1765544839.7591317,0,0,16548,2068.500
1765544839.763243,1,1,14487,1810.875
1765544839.767557,0,0,9876,1234.500
1765544839.77122,0,0,9939,1242.375
1765544839.7751324,0,0,15203,1900.375
1765544839.7791169,0,0,16678,2084.750
1765544839.7831202,1,1,15332,1916.500
1765544839.7871175,0,0,10913,1364.125
1765544839.791166,0,0,9948,1243.500
1765544839.7951212,0,0,15099,1887.375
1765544839.7990758,0,0,16588,2073.500
1765544839.803096,1,1,14883,1860.375
1765544839.807094,0,0,10340,1292.500
1765544839.8110964,0,0,9364,1170.500
1765544839.8151164,0,0,14874,1859.250
1765544839.819107,0,0,16562,2070.250
1765544839.8230882,1,1,15166,1895.750
1765544839.8270802,0,0,10722,1340.250
1765544839.8311212,0,0,9320,1165.000
1765544839.8350985,0,0,14783,1847.875
1765544839.8390906,0,0,16551,2068.875
1765544839.8430803,1,1,15317,1914.625
1765544839.8470726,0,0,10934,1366.750
1765544839.8511279,0,0,9197,1149.625
1765544839.8550901,0,0,14667,1833.375
1765544839.859087,0,0,16521,2065.125
1765544839.8630824,1,1,15369,1921.125
1765544839.8670814,0,0,11019,1377.375
1765544839.8710835,0,0,8990,1123.750
1765544839.8750887,0,0,14510,1813.750
1765544839.879086,0,0,16484,2060.500
1765544839.8830898,1,1,15444,1930.500
1765544839.887088,0,0,11141,1392.625
1765544839.8910928,0,0,8849,1106.125
1765544839.8950922,0,0,14367,1795.875
1765544839.8990893,0,0,16455,2056.875
1765544839.9030921,1,1,15595,1949.375
1765544839.9070888,0,0,11381,1422.625
1765544839.9110906,0,0,8775,1096.875
1765544839.9150863,0,0,14229,1778.625
1765544839.9190893,0,0,16420,2052.500
1765544839.9230952,1,1,15647,1955.875
1765544839.9270897,0,0,11476,1434.500
1765544839.9310894,0,0,8598,1074.750
1765544839.935288,0,0,14036,1754.500
1765544839.9391108,0,0,16370,2046.250
1765544839.9430892,1,1,15679,1959.875
1765544839.9470735,0,0,11549,1443.625
1765544839.9511197,0,0,8426,1053.250
1765544839.9550931,0,0,13830,1728.750
1765544839.9590874,0,0,16311,2038.875
1765544839.963081,1,1,15606,1950.750
1765544839.9670744,0,0,11451,1431.375
1765544839.9711049,0,0,8227,1028.375
1765544839.975093,0,0,13659,1707.375
1765544839.9790888,0,0,16292,2036.500
1765544839.983091,1,1,16077,2009.625
1765544839.9870732,0,0,12303,1537.875
1765544839.991103,0,0,8704,1088.000
1765544839.995089,0,0,13673,1709.125
1765544839.9990878,0,0,16288,2036.000
1765544840.00309,1,1,16005,2000.625
1765544840.0070922,0,0,12166,1520.750
1765544840.01111,0,0,8423,1052.875
1765544840.0150785,0,0,13390,1673.750
1765544840.0190718,0,0,16214,2026.750
1765544840.0230904,1,1,16106,2013.250
1765544840.0270905,0,0,12409,1551.125
1765544840.0310936,0,0,8468,1058.500
1765544840.0350733,0,0,13215,1651.875
1765544840.0390713,0,0,16169,2021.125
1765544840.0430903,1,1,16184,2023.000
1765544840.0470858,0,0,12605,1575.625
1765544840.0510938,0,0,8546,1068.250
1765544840.0550888,0,0,13075,1634.375
1765544840.059086,0,0,16130,2016.250
1765544840.0630887,1,1,16234,2029.250
1765544840.0670862,0,0,12751,1593.875
1765544840.0710876,0,0,8564,1070.500
1765544840.0750716,0,0,12865,1608.125
1765544840.0790706,0,0,16073,2009.125
1765544840.0830827,1,1,16346,2043.250
1765544840.0870814,0,0,8710,1088.750
1765544840.0910895,0,0,12652,1581.500
1765544840.0950854,0,0,16014,2001.750
1765544840.0990882,0,0,16363,2045.375
1765544840.1030843,1,1,13172,1646.500
1765544840.107082,0,0,8745,1093.125
1765544840.1110847,0,0,12433,1554.125
1765544840.1150823,0,0,15953,1994.125
1765544840.119084,0,0,16379,2047.375
1765544840.123088,1,1,13263,1657.875
1765544840.1270804,0,0,8736,1092.000
1765544840.1310837,0,0,12096,1512.000
1765544840.1352792,0,0,15861,1982.625
1765544840.1391046,0,0,16396,2049.500
1765544840.143085,1,1,13392,1674.000
1765544840.1470673,0,0,8833,1104.125
1765544840.1511085,0,0,11898,1487.250
1765544840.1550863,0,0,15807,1975.875
1765544840.1590872,0,0,16437,2054.625
1765544840.1630778,1,1,13575,1696.875
1765544840.1670692,0,0,8976,1122.000
1765544840.1710973,0,0,11669,1458.625
1765544840.1750884,0,0,15741,1967.625
1765544840.1790884,0,0,16474,2059.250
1765544840.1830895,1,1,13766,1720.750
1765544840.1870842,0,0,9122,1140.250
1765544840.1913486,0,0,11368,1421.000
1765544840.1950755,0,0,15651,1956.375
1765544840.1990693,0,0,16483,2060.375
1765544840.2030818,1,1,13894,1736.750
1765544840.2072415,0,0,9248,1156.000
1765544840.2110996,0,0,11169,1396.125
1765544840.215073,0,0,15587,1948.375
1765544840.219071,0,0,16492,2061.500
1765544840.2230897,1,1,14003,1750.375
1765544840.2270885,0,0,9343,1167.875
1765544840.2310913,0,0,10890,1361.250
1765544840.2350848,0,0,15496,1937.000
1765544840.239087,0,0,16503,2062.875
1765544840.2430866,1,1,14161,1770.125
1765544840.247085,0,0,9511,1188.875
1765544840.2510872,0,0,10612,1326.500
1765544840.25507,0,0,15396,1924.500
1765544840.259068,0,0,16475,2059.375
1765544840.2630851,1,1,14151,1768.875
1765544840.2670887,0,0,9507,1188.375
1765544840.2710907,0,0,10376,1297.000
1765544840.2750869,0,0,15316,1914.500
1765544840.2790842,0,0,16543,2067.875
1765544840.2830877,1,1,14624,1828.000
1765544840.2870831,0,0,10031,1253.875
1765544840.291089,0,0,10284,1285.500
1765544840.295087,0,0,15249,1906.125
1765544840.2990873,0,0,16509,2063.625
1765544840.3030765,1,1,14545,1818.125
1765544840.3070667,0,0,9942,1242.750
1765544840.3111074,0,0,9863,1232.875
1765544840.3150897,0,0,15087,1885.875
1765544840.3190866,0,0,16491,2061.375
1765544840.3230758,1,1,14691,1836.375
1765544840.3270683,0,0,10125,1265.625
1765544840.3310921,0,0,9731,1216.375
1765544840.335265,0,0,15013,1876.625
1765544840.3390949,0,0,16509,2063.625
1765544840.3430748,1,1,14978,1872.250
1765544840.3470683,0,0,10488,1311.000
1765544840.3510995,0,0,9640,1205.000
1765544840.3550847,0,0,14924,1865.500
1765544840.3590856,0,0,16459,2057.375
1765544840.3630779,1,1,14785,1848.125
1765544840.3670664,0,0,10257,1282.125
1765544840.3711076,0,0,9294,1161.750
1765544840.3750894,0,0,14777,1847.125
1765544840.3790843,0,0,16473,2059.125
1765544840.3830886,1,1,15226,1903.250
1765544840.3870826,0,0,10839,1354.875
1765544840.3911176,0,0,9385,1173.125
1765544840.395095,0,0,14733,1841.625
1765544840.3990884,0,0,16457,2057.125
1765544840.4030776,1,1,15232,1904.000
1765544840.4070683,0,0,10853,1356.625
1765544840.4111028,0,0,9131,1141.375
1765544840.4150848,0,0,14575,1821.875
1765544840.4190836,0,0,16422,2052.750
1765544840.423075,1,1,15303,1912.875
1765544840.4270685,0,0,10969,1371.125
1765544840.431109,0,0,8953,1119.125
1765544840.4350858,0,0,14434,1804.250
1765544840.4390824,0,0,16404,2050.500
1765544840.44309,1,1,15610,1951.250
1765544840.4470968,0,0,11444,1430.500
1765544840.451086,0,0,8968,1121.000
1765544840.455082,0,0,14312,1789.000
1765544840.4590812,0,0,16354,2044.250
1765544840.4630983,1,1,15393,1924.125
1765544840.4670863,0,0,11127,1390.875
1765544840.471084,0,0,8554,1069.250
1765544840.4750805,0,0,14079,1759.875
1765544840.479091,0,0,16309,2038.625
1765544840.4830837,1,1,15607,1950.875
1765544840.4870832,0,0,11479,1434.875
1765544840.4910822,0,0,8590,1073.750
1765544840.4950945,0,0,13971,1746.375
1765544840.4991279,0,0,16280,2035.000
1765544840.5031426,1,1,15604,1950.500
1765544840.507128,0,0,11487,1435.875
1765544840.5111291,0,0,8409,1051.125
1765544840.5151246,0,0,13793,1724.125
1765544840.5191393,0,0,16244,2030.500
1765544840.5231256,1,1,15810,1976.250
1765544840.5271232,0,0,11859,1482.375
1765544840.5311308,0,0,8475,1059.375
1765544840.5416796,0,0,15794,1974.250
1765544840.5437326,1,1,15794,1974.250
1765544840.5471284,0,0,11846,1480.750
1765544840.5511267,0,0,8349,1043.625
1765544840.555108,0,0,13494,1686.750
1765544840.559109,0,0,16172,2021.500
1765544840.5631227,1,1,15995,1999.375
1765544840.5671215,0,0,12252,1531.500
1765544840.5711284,0,0,8476,1059.500
1765544840.5751138,0,0,13343,1667.875
1765544840.5791092,0,0,16133,2016.625
1765544840.5831378,1,1,16034,2004.250
1765544840.5871212,0,0,12358,1544.750
1765544840.5911222,0,0,8416,1052.000
1765544840.595123,0,0,13151,1643.875
1765544840.599087,0,0,16084,2010.500
1765544840.6030824,1,1,16123,2015.375
1765544840.6070862,0,0,12582,1572.750
1765544840.6111183,0,0,8424,1053.000
1765544840.61511,0,0,12882,1610.250
1765544840.6190846,0,0,16013,2001.625
1765544840.6230865,1,1,16162,2020.250
1765544840.627063,0,0,12719,1589.875
1765544840.6310961,0,0,8468,1058.500
1765544840.6350791,0,0,12732,1591.500
1765544840.6390917,0,0,15977,1997.125
1765544840.6430738,1,1,16276,2034.500
1765544840.647065,0,0,13039,1629.875
1765544840.6511037,0,0,8670,1083.750
1765544840.65508,0,0,15937,1992.125
1765544840.6590805,0,0,16273,2034.125
1765544840.6630821,1,1,13065,1633.125
1765544840.6670773,0,0,8638,1079.750
1765544840.671097,0,0,12346,1543.250
1765544840.6750755,0,0,15872,1984.000
1765544840.679075,0,0,16354,2044.250
1765544840.6830807,1,1,13359,1669.875
1765544840.6870768,0,0,8846,1105.750
1765544840.6910985,0,0,12169,1521.125
1765544840.6950753,0,0,15824,1978.000
1765544840.6990738,0,0,16431,2053.875
1765544840.7030802,1,1,13667,1708.375
1765544840.7070742,0,0,9081,1135.125
1765544840.7110913,0,0,11935,1491.875
1765544840.7150755,0,0,15753,1969.125
1765544840.719075,0,0,16391,2048.875
1765544840.7230768,1,1,13604,1700.500
1765544840.7270765,0,0,8980,1122.500
1765544840.7311118,0,0,11539,1442.375
1765544840.7350795,0,0,15640,1955.000
1765544840.7392616,0,0,16400,2050.000
1765544840.7430887,1,1,13746,1718.250
1765544840.7470648,0,0,9099,1137.375
1765544840.7511063,0,0,11300,1412.500
1765544840.75508,0,0,15568,1946.000
1765544840.7590725,0,0,16399,2049.875
1765544840.7668383,1,1,9225,1153.125
1765544840.7687492,0,0,9225,1153.125
1765544840.7711465,0,0,11508,1438.500
1765544840.7750819,0,0,15633,1954.125
1765544840.7790658,0,0,16617,2077.125
1765544840.783064,1,1,14928,1866.000
1765544840.78706,0,0,10386,1298.250
1765544840.7911012,0,0,11266,1408.250
1765544840.7950659,0,0,15513,1939.125
1765544840.799305,0,0,16328,2041.000
1765544840.8030667,1,1,13648,1706.000
1765544840.8070626,0,0,8974,1121.750
1765544840.811096,0,0,10245,1280.625
1765544840.8150775,0,0,15223,1902.875
1765544840.8190637,0,0,16425,2053.125
1765544840.8232205,1,1,14397,1799.625
1765544840.8270652,0,0,9797,1224.625
1765544840.8315074,0,0,10514,1314.250
1765544840.8353226,0,0,15287,1910.875
1765544840.8390892,0,0,16500,2062.500
1765544840.843069,1,1,14792,1849.000
1765544840.847063,0,0,10253,1281.625
1765544840.8511024,0,0,10358,1294.750
1765544840.8550642,0,0,15199,1899.875
1765544840.859062,0,0,16433,2054.125
1765544840.863079,1,1,14522,1815.250
1765544840.8670812,0,0,9936,1242.000
1765544840.8711054,0,0,9930,1241.250
1765544840.875078,0,0,15046,1880.750
1765544840.8790817,0,0,16436,2054.500
1765544840.8830817,1,1,14826,1853.250
1765544840.8870764,0,0,10313,1289.125
1765544840.8911016,0,0,9798,1224.750
1765544840.895079,0,0,14957,1869.625
1765544840.8990786,0,0,16417,2052.125
1765544840.9030795,1,1,14873,1859.125
1765544840.9070795,0,0,10380,1297.500
1765544840.9111023,0,0,9536,1192.000
1765544840.9150755,0,0,14827,1853.375
1765544840.919073,0,0,16398,2049.750
1765544840.9230778,1,1,15008,1876.000
1765544840.9270775,0,0,10567,1320.875
1765544840.9311025,0,0,9334,1166.750
1765544840.9350746,0,0,14695,1836.875
1765544840.9392796,0,0,16365,2045.625
1765544840.9430807,1,1,15021,1877.625
1765544840.9470623,0,0,10594,1324.250
1765544840.9511118,0,0,9083,1135.375
1765544840.9550776,0,0,14555,1819.375
1765544840.9590771,0,0,16348,2043.500
1765544840.9630675,1,1,15236,1904.500
1765544840.9670587,0,0,10907,1363.375
1765544840.9710915,0,0,9058,1132.250
1765544840.9750838,0,0,14472,1809.000
1765544840.9790764,0,0,16334,2041.750
1765544840.9830797,1,1,15329,1916.125
1765544840.9870768,0,0,11049,1381.125
1765544840.9911125,0,0,8956,1119.500
1765544840.9950786,0,0,14366,1795.750
1765544840.9990802,0,0,16309,2038.625
1765544841.003195,1,1,15384,1923.000
1765544841.007061,0,0,11145,1393.125
1765544841.0110955,0,0,8785,1098.125
1765544841.0150654,0,0,14213,1776.625
1765544841.0190623,0,0,16280,2035.000
1765544841.0230753,1,1,15571,1946.375
1765544841.0270734,0,0,11457,1432.125
1765544841.0311038,0,0,8739,1092.375
1765544841.0350623,0,0,14078,1759.750
1765544841.0390608,0,0,16247,2030.875
1765544841.0430748,1,1,15626,1953.250
1765544841.0470715,0,0,11564,1445.500
1765544841.0511017,0,0,8653,1081.625
1765544841.055065,0,0,13948,1743.500
1765544841.0590618,0,0,16215,2026.875
1765544841.0630739,1,1,15712,1964.000
1765544841.0670738,0,0,11732,1466.500
1765544841.071104,0,0,8634,1079.250
1765544841.0750613,0,0,13838,1729.750
1765544841.0790567,0,0,16191,2023.875
1765544841.0830724,1,1,15909,1988.625
1765544841.087071,0,0,12125,1515.625
1765544841.0910935,0,0,8709,1088.625
1765544841.095069,0,0,13713,1714.125
1765544841.0990722,0,0,16158,2019.750
1765544841.1030748,1,1,15997,1999.625
1765544841.1070702,0,0,12332,1541.500
1765544841.1110928,0,0,8666,1083.250
1765544841.1150723,0,0,13517,1689.625
1765544841.1190727,0,0,16101,2012.625
1765544841.1230762,1,1,15980,1997.500
1765544841.1270702,0,0,12329,1541.125
1765544841.1310937,0,0,8525,1065.625
1765544841.135068,0,0,13311,1663.875
1765544841.1392634,0,0,16047,2005.875
1765544841.143087,1,1,16068,2008.500
1765544841.147059,0,0,12563,1570.375
1765544841.151105,0,0,8607,1075.875
1765544841.1550748,0,0,13188,1648.500
1765544841.1590736,0,0,16014,2001.750
1765544841.1630626,1,1,16178,2022.250
1765544841.1670575,0,0,12867,1608.375
1765544841.1710875,0,0,8661,1082.625
1765544841.1750758,0,0,12905,1613.125
1765544841.179072,0,0,15931,1991.375
1765544841.1830745,1,1,16015,2001.875
1765544841.187071,0,0,12507,1563.375
1765544841.1910994,0,0,8318,1039.750
1765544841.1950715,0,0,12647,1580.875
1765544841.199069,0,0,15871,1983.875
1765544841.2030687,1,1,16211,2026.375
1765544841.207068,1,0,13057,1632.125
1765544841.2110932,0,0,8676,1084.500
1765544841.2150817,0,0,12521,1565.125
1765544841.2190735,0,0,15838,1979.750
1765544841.2230785,1,1,16246,2030.750
1765544841.2270753,0,0,8739,1092.375
1765544841.23111,0,0,12335,1541.875
1765544841.2350762,0,0,15790,1973.750
1765544841.2390742,0,0,16338,2042.250
1765544841.2430763,1,1,13541,1692.625
1765544841.2470713,1,0,9004,1125.500
1765544841.2511091,0,0,12132,1516.500
1765544841.255076,0,0,15731,1966.375
1765544841.2590759,0,0,16302,2037.750
1765544841.2630765,1,1,13475,1684.375
1765544841.2670727,0,0,8906,1113.250
1765544841.2710984,0,0,11835,1479.375
1765544841.275075,0,0,15650,1956.250
1765544841.2790747,0,0,16328,2041.000
1765544841.2830753,1,1,13651,1706.375
1765544841.28707,0,0,9019,1127.375
1765544841.2910998,0,0,11524,1440.500
1765544841.2950752,0,0,15560,1945.000
1765544841.2990735,0,0,16307,2038.375
1765544841.3030775,1,1,13664,1708.000
1765544841.3070705,0,0,9028,1128.500
1765544841.3110945,0,0,11251,1406.375
1765544841.3150737,0,0,15483,1935.375
1765544841.3190734,0,0,16352,2044.000
1765544841.323066,1,1,13931,1741.375
1765544841.327053,1,0,9290,1161.250
1765544841.3310828,0,0,11078,1384.750
1765544841.3350732,0,0,15427,1928.375
1765544841.3392699,0,0,16370,2046.250
1765544841.3430827,1,1,14093,1761.625
1765544841.3470585,0,0,9457,1182.125
1765544841.3511147,0,0,10869,1358.625
1765544841.3550723,0,0,15357,1919.625
1765544841.3590732,0,0,16372,2046.500
1765544841.3630643,1,1,14190,1773.750
1765544841.367056,0,0,9557,1194.625
1765544841.371082,0,0,10640,1330.000
1765544841.3750794,0,0,15280,1910.000
1765544841.3790681,0,0,16419,2052.375
1765544841.3830702,1,1,14597,1824.625
1765544841.3870714,1,0,10035,1254.375
1765544841.391096,0,0,10613,1326.625
1765544841.3950684,0,0,15246,1905.750
1765544841.3990717,0,0,16411,2051.375
1765544841.4030745,1,1,14632,1829.000
1765544841.4070687,0,0,10078,1259.750
1765544841.4110954,0,0,10350,1293.750
1765544841.415073,0,0,15142,1892.750
1765544841.41907,0,0,16388,2048.500
1765544841.4230733,1,1,14697,1837.125
1765544841.4270725,0,1,10171,1271.375
1765544841.4311013,0,0,10084,1260.500
1765544841.43507,0,0,15026,1878.250
1765544841.4390666,0,0,16357,2044.625
1765544841.4430718,1,1,14708,1838.500
1765544841.447067,1,0,10188,1273.500
1765544841.4510972,0,0,9772,1221.500
1765544841.4550714,0,0,14896,1862.000
1765544841.4590676,0,0,16366,2045.750
1765544841.4630709,1,1,15112,1889.000
1765544841.4670699,0,0,10734,1341.750
1765544841.4711,0,0,9849,1231.125
1765544841.4750707,0,0,14870,1858.750
1765544841.4790676,0,0,16361,2045.125
1765544841.4830713,1,1,15190,1898.750
1765544841.4870634,0,0,10854,1356.750
1765544841.491093,0,0,9661,1207.625
1765544841.4950707,0,0,14755,1844.375
1765544841.49907,0,0,16335,2041.875
1765544841.503069,0,1,15326,1915.750
1765544841.5070643,1,0,11067,1383.375
1765544841.5110943,0,0,9477,1184.625
1765544841.5150695,0,0,14621,1827.625
1765544841.5190754,0,0,16299,2037.375
1765544841.5230706,1,1,15386,1923.250
1765544841.5270674,0,0,11180,1397.500
1765544841.531092,0,0,9300,1162.500
1765544841.5350735,0,0,14486,1810.750
1765544841.544436,1,1,15363,1920.375
1765544841.5471277,1,0,11156,1394.500
1765544841.5511153,0,0,9120,1140.000
1765544841.5550578,0,0,14371,1796.375
1765544841.5590556,0,0,16240,2030.000
1765544841.5630689,1,1,15623,1952.875
1765544841.567067,0,0,11607,1450.875
1765544841.571091,0,0,9042,1130.250
1765544841.5750544,0,0,14199,1774.875
1765544841.5790522,0,0,16178,2022.250
1765544841.5830712,0,1,15376,1922.000
1765544841.5870686,0,1,11207,1400.875
1765544841.5910928,0,0,8571,1071.375
1765544841.5950665,0,0,13957,1744.625
1765544841.5990672,0,0,16130,2016.250
1765544841.6030703,1,1,15637,1954.625
1765544841.6070666,0,0,11680,1460.000
1765544841.6110911,0,0,8622,1077.750
1765544841.6150649,0,0,13824,1728.000
1765544841.6190622,0,0,16094,2011.750
1765544841.6230714,1,1,15599,1949.875
1765544841.6270642,0,0,11627,1453.375
1765544841.631108,0,0,8549,1068.625
1765544841.6350548,0,0,13755,1719.375
1765544841.6390505,0,0,16088,2011.000
1765544841.6430728,0,1,15896,1987.000
1765544841.6470664,0,0,12219,1527.375
1765544841.651096,0,0,8707,1088.375
1765544841.655053,0,0,13604,1700.500
1765544841.659048,0,0,16041,2005.125
1765544841.663067,0,1,15752,1969.000
1765544841.6670651,0,1,11943,1492.875
1765544841.6710918,0,0,8358,1044.750
1765544841.6750655,0,0,13349,1668.625
1765544841.6790645,0,0,15981,1997.625
1765544841.683065,1,0,15900,1987.500
1765544841.6870656,0,0,12284,1535.500
1765544841.6910887,0,0,8443,1055.375
1765544841.6950648,0,0,13197,1649.625
1765544841.699062,0,0,15947,1993.375
1765544841.7030652,0,1,16047,2005.875
1765544841.7070575,1,0,12654,1581.750
1765544841.711094,0,0,8631,1078.875
1765544841.7150674,0,0,13092,1636.500
1765544841.7190657,0,0,15916,1989.500
1765544841.7230663,0,0,16021,2002.625
1765544841.7270727,0,0,12612,1576.500
1765544841.7310908,0,0,8518,1064.750
1765544841.7350667,0,0,12914,1614.250
1765544841.7390654,0,0,15873,1984.125
1765544841.7432587,1,1,16155,2019.375
1765544841.747078,0,0,13009,1626.125
1765544841.7511077,0,0,8763,1095.375
1765544841.7550523,0,0,12808,1601.000
1765544841.7590587,0,0,15843,1980.375
1765544841.766855,1,0,13232,1654.000
1765544841.7687614,0,0,9012,1126.500
1765544841.7711008,0,0,9012,1126.500
1765544841.7750545,0,0,12939,1617.375
1765544841.7790494,0,0,15877,1984.625
1765544841.7830603,0,0,16407,2050.875
1765544841.7870507,1,0,13952,1744.000
1765544841.7910788,0,0,9448,1181.000
1765544841.7950525,0,0,12493,1561.625
1765544841.799051,0,0,16109,2013.625
1765544841.8030708,0,1,13015,1626.875
1765544841.8070645,1,0,8480,1060.000
1765544841.8110907,0,0,11805,1475.625
1765544841.8150673,0,0,15561,1945.125
1765544841.8190663,0,0,16214,2026.750
1765544841.8230577,0,0,13509,1688.625
1765544841.8270502,0,0,8907,1113.375
1765544841.8310754,0,0,11665,1458.125
1765544841.835048,0,0,15523,1940.375
1765544841.8390498,0,0,16200,2025.000
1765544841.8430686,0,0,13481,1685.125
1765544841.847068,1,0,8865,1108.125
1765544841.8510978,0,0,11447,1430.875
1765544841.8550658,0,0,15466,1933.250
1765544841.8590639,0,0,16241,2030.125
1765544841.8630702,0,1,13698,1712.250
1765544841.8670657,0,0,9084,1135.500
1765544841.8710887,0,0,11314,1414.250
1765544841.8750625,0,0,15430,1928.750
1765544841.8790636,0,0,16303,2037.875
1765544841.8830695,0,0,14020,1752.500
1765544841.887067,0,0,9410,1176.250
1765544841.8910918,0,0,11185,1398.125
1765544841.8950648,0,0,15387,1923.375
1765544841.8990629,0,0,16344,2043.000
1765544841.9030676,0,0,14308,1788.500
1765544841.9070654,0,0,9711,1213.875
1765544841.91109,0,0,11007,1375.875
1765544841.9150658,0,0,15321,1915.125
1765544841.9190645,0,0,16319,2039.875
1765544841.9230654,0,0,14282,1785.250
1765544841.9270642,0,0,9670,1208.750
1765544841.9310882,0,0,10593,1324.125
1765544841.935069,0,0,15184,1898.000
1765544841.939064,0,0,16296,2037.000
1765544841.9432657,1,1,14375,1796.875
1765544841.9470773,0,0,9795,1224.375
1765544841.9511058,0,0,10437,1304.625
1765544841.9550502,0,0,15123,1890.375
1765544841.9590461,0,0,16314,2039.250
1765544841.9630632,0,0,14617,1827.125
1765544841.9670644,0,0,10083,1260.375
1765544841.9710894,0,0,10245,1280.625
1765544841.9750528,0,0,15036,1879.500
1765544841.979049,0,0,16300,2037.500
1765544841.983062,0,0,14701,1837.625
1765544841.9870613,0,0,10193,1274.125
1765544841.9910877,0,0,9901,1237.625
1765544841.9950655,0,0,14891,1861.375
1765544841.999063,0,0,16261,2032.625
1765544842.0030656,0,0,14695,1836.875
1765544842.0070596,0,0,10203,1275.375
1765544842.0110855,0,0,9782,1222.750
1765544842.0150642,0,0,14834,1854.250
1765544842.0190637,0,0,16280,2035.000
1765544842.023064,0,0,15014,1876.750
1765544842.027046,1,0,10637,1329.625
1765544842.0310733,0,0,9781,1222.625
1765544842.0351017,0,0,14784,1848.000
1765544842.0390809,0,0,16269,2033.625
1765544842.0430605,0,0,15083,1885.375
1765544842.0470424,0,0,10741,1342.625
1765544842.0510821,0,0,9504,1188.000
1765544842.055064,0,0,14634,1829.250
1765544842.059065,0,0,16234,2029.250
1765544842.0630548,0,0,15168,1896.000
1765544842.067046,1,1,10878,1359.750
1765544842.0710728,0,0,9418,1177.250
1765544842.0750577,0,0,14560,1820.000
1765544842.079049,0,0,16230,2028.750
1765544842.0830643,0,0,15469,1933.625
1765544842.0870626,0,0,11365,1420.625
1765544842.091088,0,0,9399,1174.875
1765544842.0950463,0,0,14456,1807.000
1765544842.099046,0,0,16185,2023.125
1765544842.103062,0,0,15263,1907.875
1765544842.1070595,0,0,11047,1380.875
1765544842.1110857,0,0,9026,1128.250
1765544842.115058,0,0,14280,1785.000
1765544842.1190596,0,0,16153,2019.125
1765544842.1230624,0,0,15543,1942.875
1765544842.127059,1,1,11532,1441.500
1765544842.1310868,0,0,9098,1137.250
1765544842.135061,0,0,14200,1775.000
1765544842.1390584,0,0,16130,2016.250
1765544842.1432536,1,1,15566,1945.750
1765544842.147077,0,0,11585,1448.125
1765544842.1511154,0,0,8918,1114.750
1765544842.1550488,0,0,14042,1755.250
1765544842.1590452,0,0,16085,2010.625
1765544842.1630604,0,0,15538,1942.250
1765544842.1670609,0,1,11554,1444.250
1765544842.1710868,0,0,8705,1088.125
1765544842.1750512,0,0,13869,1733.625
1765544842.179044,0,0,16047,2005.875
1765544842.18306,0,0,15723,1965.375
1765544842.1870584,1,1,11929,1491.125
1765544842.191083,0,0,8771,1096.375
1765544842.1950579,0,0,13762,1720.250
1765544842.1990597,0,0,16020,2002.500
1765544842.2030566,0,0,15814,1976.750
1765544842.2070506,0,0,12138,1517.250
1765544842.2111504,0,0,8722,1090.250
1765544842.2150698,0,0,13606,1700.750
1765544842.2192538,0,0,15979,1997.375
1765544842.2230556,0,0,15852,1981.500
1765544842.227042,0,0,12244,1530.500
1765544842.2310796,0,0,8607,1075.875
1765544842.235063,0,0,13400,1675.000
1765544842.2390609,0,0,15925,1990.625
1765544842.243051,0,0,15908,1988.500
1765544842.247042,0,0,12413,1551.625
1765544842.2510905,0,0,8576,1072.000
1765544842.2550633,0,0,13202,1650.250
1765544842.2590628,0,0,15871,1983.875
1765544842.263065,0,0,15885,1985.625
1765544842.2670574,1,0,12387,1548.375
1765544842.271084,0,0,8479,1059.875
1765544842.2750597,0,0,13062,1632.750
1765544842.27906,0,0,15841,1980.125
1765544842.283064,0,0,16067,2008.375
1765544842.287056,1,1,12883,1610.375
1765544842.2910783,0,0,8785,1098.125
1765544842.2950587,0,0,12990,1623.750
1765544842.29906,0,0,15822,1977.750
1765544842.3030653,0,0,16170,2021.250
1765544842.30706,0,0,13236,1654.500
1765544842.3110855,0,0,8986,1123.250
1765544842.315058,0,0,12859,1607.375
1765544842.319062,0,0,15781,1972.625
1765544842.3230534,0,0,16142,2017.750
1765544842.3270416,1,1,13184,1648.000
1765544842.3310704,0,0,8833,1104.125
1765544842.3350446,0,0,12558,1569.750
1765544842.3390405,0,0,15700,1962.500
1765544842.3432565,1,1,16183,2022.875
1765544842.3470738,0,0,13417,1677.125
1765544842.351095,0,0,9004,1125.500
1765544842.3550432,0,0,12425,1553.125
1765544842.3590417,0,0,15661,1957.625
1765544842.3630583,0,0,16197,2024.625
1765544842.367058,0,0,13517,1689.625
1765544842.3710825,0,0,12135,1516.875
1765544842.375043,0,0,15580,1947.500
1765544842.3790393,0,0,16201,2025.125
1765544842.3830624,0,0,13627,1703.375
1765544842.3870587,0,0,9082,1135.250
1765544842.3910835,0,0,11895,1486.875
1765544842.3950613,0,0,15515,1939.375
1765544842.3990576,0,0,16208,2026.000
1765544842.403061,0,0,13736,1717.000
1765544842.4072313,0,0,9184,1148.000
1765544842.4111001,0,0,11728,1466.000
1765544842.4150484,0,0,15470,1933.750
1765544842.4190419,0,0,16284,2035.500
1765544842.4230742,0,0,14191,1773.875
1765544842.427058,0,0,9647,1205.875
1765544842.4310863,0,0,11656,1457.000
1765544842.4350438,0,0,15439,1929.875
1765544842.439054,0,0,16274,2034.250
1765544842.443057,0,0,14210,1776.250
1765544842.4470558,0,0,9638,1204.750
1765544842.4510906,0,0,11294,1411.750
1765544842.4550602,0,0,15328,1916.000
1765544842.4590564,0,0,16246,2030.750
1765544842.4630575,0,0,14240,1780.000
1765544842.467054,1,0,9665,1208.125
1765544842.4710789,0,0,11031,1378.875
1765544842.4750578,0,0,15246,1905.750
1765544842.4790554,0,0,16268,2033.500
1765544842.48306,0,0,14572,1821.500
1765544842.4870543,0,1,10066,1258.250
1765544842.4910772,0,0,10894,1361.750
1765544842.4950545,0,0,15182,1897.750
1765544842.4990597,0,0,16223,2027.875
1765544842.5030591,0,0,14390,1798.750
1765544842.507053,0,0,9830,1228.750
1765544842.5110772,0,0,10508,1313.500
1765544842.5150557,0,0,15058,1882.250
1765544842.519058,0,0,16228,2028.500
1765544842.5230603,0,0,14695,1836.875
1765544842.5270505,0,0,10238,1279.750
1765544842.5310762,0,0,10518,1314.750
1765544842.5350554,0,0,15039,1879.875
1765544842.5390573,0,0,16243,2030.375
1765544842.5483863,0,0,10545,1318.125
1765544842.5511963,0,0,10679,1334.875
1765544842.5550425,0,0,15075,1884.375
1765544842.5590398,0,0,16277,2034.625
1765544842.5630581,0,0,15431,1928.875
1765544842.5670576,0,0,11335,1416.875
1765544842.5710895,0,0,10545,1318.125
1765544842.5750408,0,0,14954,1869.250
1765544842.5790377,0,0,16201,2025.125
1765544842.5830593,0,0,14943,1867.875
1765544842.5870578,0,0,10586,1323.250
1765544842.5910833,0,0,9739,1217.375
1765544842.5950663,0,0,14662,1832.750
1765544842.5990674,0,0,16126,2015.750
1765544842.6030529,0,0,14984,1873.000
1765544842.6070416,0,0,10670,1333.750
1765544842.6110754,0,0,9631,1203.875
1765544842.6150606,0,0,14599,1824.875
1765544842.6190536,0,0,16126,2015.750
1765544842.6230466,0,0,15236,1904.500
1765544842.627039,1,1,11064,1383.000
1765544842.6310694,0,0,9602,1200.250
1765544842.6350613,0,0,14527,1815.875
1765544842.639054,0,0,16109,2013.625
1765544842.6430554,0,0,15318,1914.750
1765544842.6470547,0,0,11206,1400.750
1765544842.6510794,0,0,9462,1182.750
1765544842.6550417,0,0,14424,1803.000
1765544842.6590362,0,0,16087,2010.875
1765544842.6630654,0,0,15482,1935.250
1765544842.6670494,0,1,11510,1438.750
1765544842.6710937,0,0,9424,1178.000
1765544842.6750531,0,0,14328,1791.000
1765544842.6790524,0,0,16057,2007.125
1765544842.6830537,0,0,15454,1931.750
1765544842.6870594,0,0,11472,1434.000
1765544842.6910763,0,0,9169,1146.125
1765544842.6950512,0,0,14166,1770.750
1765544842.6990561,0,0,16017,2002.125
1765544842.70306,0,0,15630,1953.750
1765544842.7070456,0,0,11834,1479.250
1765544842.711232,0,0,9206,1150.750
1765544842.7150562,0,0,14083,1760.375
1765544842.7190652,0,0,15994,1999.250
1765544842.7230551,0,0,15730,1966.250
1765544842.7270472,1,1,12068,1508.500
1765544842.7310746,0,0,9157,1144.625
1765544842.7350655,0,0,13956,1744.500
1765544842.7390525,0,0,15958,1994.750
1765544842.7430532,0,0,15745,1968.125
1765544842.7471213,0,0,12130,1516.250
1765544842.7511175,0,0,9077,1134.625
1765544842.7550392,0,0,13846,1730.750
1765544842.7590382,0,0,15928,1991.000
1765544842.76684,0,1,12499,1562.375
1765544842.7687507,0,0,9371,1171.375
1765544842.771093,0,0,9371,1171.375
1765544842.7750409,0,0,13931,1741.375
1765544842.7790399,0,0,15954,1994.250
1765544842.783044,0,0,16203,2025.375
1765544842.787039,1,1,13533,1691.625
1765544842.7910655,0,0,9853,1231.625
1765544842.795038,0,0,13804,1725.500
1765544842.799041,0,0,15894,1986.750
1765544842.8030636,0,0,15896,1987.000
1765544842.8070538,1,1,12589,1573.625
1765544842.8110769,0,0,8819,1102.375
1765544842.8150578,0,0,13278,1659.750
1765544842.8190517,0,0,15752,1969.000
1765544842.823046,0,0,15954,1994.250
1765544842.8270385,0,0,12870,1608.750
1765544842.8310792,0,0,8954,1119.250
1765544842.8350573,0,0,13189,1648.625
1765544842.839052,0,0,15728,1966.000
1765544842.8430574,0,0,16040,2005.000
1765544842.8470535,1,1,13190,1648.750
1765544842.85108,0,0,9128,1141.000
1765544842.8550372,0,0,13082,1635.250
1765544842.8590338,0,0,15695,1961.875
1765544842.8630548,0,0,15994,1999.250
1765544842.8670547,1,0,13065,1633.125
1765544842.8710835,0,0,8870,1108.750
1765544842.8750515,0,0,12764,1595.500
1765544842.8790517,0,0,15609,1951.125
1765544842.883052,0,0,16006,2000.750
1765544842.887051,1,0,13191,1648.875
1765544842.891076,0,0,8912,1114.000
1765544842.8950548,0,0,12594,1574.250
1765544842.8990495,0,0,15568,1946.000
1765544842.9030507,0,0,16086,2010.750
1765544842.907048,0,0,13553,1694.125
1765544842.911079,0,0,9195,1149.375
1765544842.915053,0,0,12496,1562.000
1765544842.9190497,0,0,15538,1942.250
1765544842.9230525,0,0,16064,2008.000
1765544842.9270475,0,0,13499,1687.375
1765544842.9310763,0,0,9053,1131.625
1765544842.935056,0,0,12168,1521.000
1765544842.9390519,0,0,15453,1931.625
1765544842.9430504,0,0,13866,1733.250
1765544842.9471288,1,0,9399,1174.875
1765544842.9511054,0,0,12042,1505.250
1765544842.9550395,0,0,15413,1926.625
1765544842.9590356,0,0,16066,2008.250
1765544842.9630513,0,0,13673,1709.125
1765544842.9670503,1,1,9146,1143.250
1765544842.9710815,0,0,11683,1460.375
1765544842.9750383,0,0,15319,1914.875
1765544842.9790359,0,0,16112,2014.000
1765544842.9830537,0,0,14047,1755.875
1765544842.9870486,0,0,9521,1190.125
1765544842.9910774,0,0,11563,1445.375
1765544842.99505,0,0,15284,1910.500
1765544842.9990525,0,0,16136,2017.000
1765544843.003055,0,0,14268,1783.500
1765544843.007057,0,0,9762,1220.250
1765544843.011082,0,0,11407,1425.875
1765544843.0150383,0,0,15232,1904.000
1765544843.019035,0,0,16127,2015.875
1765544843.0230522,0,0,14326,1790.750
1765544843.027052,1,0,9825,1228.125
1765544843.0310755,0,0,11157,1394.625
1765544843.0350323,0,0,15152,1894.000
1765544843.0390346,0,0,16111,2013.875
1765544843.0430381,0,0,14383,1797.875
1765544843.0470364,1,0,9889,1236.125
1765544843.0510628,0,0,10896,1362.000
1765544843.0550508,0,0,15066,1883.250
1765544843.0590467,0,0,16109,2013.625
1765544843.0630553,0,0,14579,1822.375
1765544843.0670495,1,1,10131,1266.375
1765544843.07108,0,0,10674,1334.250
1765544843.075031,0,0,14983,1872.875
1765544843.0790312,0,0,16098,2012.250
1765544843.08305,0,0,14709,1838.625
1765544843.0870483,1,1,10311,1288.875
1765544843.091073,0,0,10489,1311.125
1765544843.0950496,0,0,14906,1863.250
1765544843.099046,0,0,16082,2010.250
1765544843.1030488,0,0,14783,1847.875
1765544843.1070485,0,0,10422,1302.750
1765544843.1110768,0,0,10335,1291.875
1765544843.115049,0,0,14838,1854.750
1765544843.1190464,0,0,16077,2009.625
1765544843.1230495,0,0,14980,1872.500
1765544843.1270487,0,0,10712,1339.000
1765544843.1310737,0,0,10200,1275.000
1765544843.1350343,0,0,14759,1844.875
1765544843.139031,0,0,16054,2006.750
1765544843.143046,0,0,15002,1875.250
1765544843.1471143,1,1,10757,1344.625
1765544843.1510983,0,0,9993,1249.125
1765544843.1550345,0,0,14658,1832.250
1765544843.1590333,0,0,16032,2004.000
1765544843.1630452,0,0,15136,1892.000
1765544843.1670442,0,0,10982,1372.750
1765544843.1710794,0,0,9737,1217.125
1765544843.1750398,0,0,14510,1813.750
1765544843.1790347,0,0,15983,1997.875
1765544843.1830456,0,0,14997,1874.625
1765544843.1870432,0,0,10770,1346.250
1765544843.191071,0,0,9476,1184.500
1765544843.1950438,0,0,14407,1800.875
1765544843.1990469,0,0,15982,1997.750
1765544843.2030835,0,0,15511,1938.875
1765544843.2070744,0,0,11687,1460.875
1765544843.211228,0,0,9769,1221.125
1765544843.2150397,0,0,14410,1801.250
1765544843.2190351,0,0,15971,1996.375
1765544843.2230496,0,0,15350,1918.750
1765544843.2270467,0,0,11382,1422.750
1765544843.2310748,0,0,9325,1165.625
1765544843.2350292,0,0,14201,1775.125
1765544843.2390351,0,0,15916,1989.500
1765544843.2430482,0,0,15449,1931.125
1765544843.2470515,0,0,11597,1449.625
1765544843.2510705,0,0,9269,1158.625
1765544843.2550461,0,0,14113,1764.125
1765544843.2590456,0,0,15900,1987.500
1765544843.2630541,0,0,15686,1960.750
1765544843.267046,0,0,12132,1516.500
1765544843.2710762,0,0,9458,1182.250
1765544843.2750435,0,0,14078,1759.750
1765544843.2790487,0,0,15882,1985.250
1765544843.2830486,0,0,15602,1950.250
1765544843.287045,0,0,11953,1494.125
1765544843.2910697,0,0,9102,1137.750
1765544843.2950473,0,0,13859,1732.375
1765544843.2990453,0,0,15825,1978.125
1765544843.3030498,0,0,15720,1965.000
1765544843.307047,0,0,12274,1534.250
1765544843.3110712,0,0,9150,1143.750
1765544843.3150449,0,0,13761,1720.125
1765544843.319044,0,0,15799,1974.875
1765544843.3230371,0,0,15810,1976.250
1765544843.3270316,0,0,12536,1567.000
1765544843.3310575,0,0,9141,1142.625
1765544843.3350458,0,0,13621,1702.625
1765544843.3390462,0,0,15756,1969.500
1765544843.343049,0,0,15790,1973.750
1765544843.3471174,0,0,12520,1565.000
1765544843.3510935,0,0,8975,1121.875
1765544843.3550332,0,0,13436,1679.500
1765544843.3590298,0,0,15704,1963.000
1765544843.3630393,0,0,15801,1975.125
1765544843.3670418,0,0,12593,1574.125
1765544843.3710725,0,0,8901,1112.625
1765544843.375047,0,0,13286,1660.750
1765544843.3790388,0,0,15667,1958.375
1765544843.3830478,0,0,15908,1988.500
1765544843.3870444,1,1,12965,1620.625
1765544843.3910725,0,0,9066,1133.250
1765544843.3950515,0,0,13179,1647.375
1765544843.3990653,0,0,15636,1954.500
1765544843.4030366,0,0,15949,1993.625
1765544843.40703,1,0,13153,1644.125
1765544843.4110615,0,0,9101,1137.625
1765544843.4150503,0,0,12996,1624.500
1765544843.4190466,0,0,15584,1948.000
1765544843.4230375,0,0,15931,1991.375
1765544843.427027,1,0,13144,1643.000
1765544843.431058,0,0,8924,1115.500
1765544843.435062,0,0,12693,1586.625
1765544843.4390457,0,0,15504,1938.000
1765544843.4430478,0,0,15970,1996.250
1765544843.447044,0,0,13385,1673.125
1765544843.4510682,0,0,9099,1137.375
1765544843.4550304,0,0,12587,1573.375
1765544843.459038,0,0,15475,1934.375
1765544843.4630485,0,0,15998,1999.750
1765544843.467043,1,0,13558,1694.750
1765544843.471073,0,0,9177,1147.125
1765544843.4750426,0,0,12367,1545.875
1765544843.479047,0,0,15416,1927.000
1765544843.4830487,0,0,16017,2002.125
1765544843.4870436,0,0,13743,1717.875
1765544843.491071,0,0,9328,1166.000
1765544843.495046,0,0,12244,1530.500
1765544843.499045,0,0,15381,1922.625
1765544843.5030465,0,0,16036,2004.500
1765544843.507043,1,0,13917,1739.625
1765544843.5110679,0,0,9454,1181.750
1765544843.5150409,0,0,15309,1913.625
1765544843.51904,0,0,16013,2001.625
1765544843.5230458,0,0,13914,1739.250
1765544843.5270433,0,0,9411,1176.375
1765544843.5310647,0,0,11689,1461.125
1765544843.5350435,0,0,15225,1903.125
1765544843.5390418,0,0,16011,2001.375
1765544843.543046,0,0,14043,1755.375
1765544843.5523422,0,0,11727,1465.875
1765544843.5550787,0,0,15236,1904.500
1765544843.5590487,0,0,16081,2010.125
1765544843.563039,0,0,14630,1828.750
1765544843.567025,0,0,10254,1281.750
1765544843.571071,0,0,11516,1439.500
1765544843.5750427,0,0,15159,1894.875
1765544843.579037,0,0,16008,2001.000
1765544843.5830393,0,0,14218,1777.250
1765544843.5870411,1,0,9714,1214.250
1765544843.5910652,0,0,10961,1370.125
1765544843.5950415,0,0,14997,1874.625
1765544843.5990517,0,0,15983,1997.875
1765544843.603042,0,0,14355,1794.375
1765544843.6070592,1,1,9884,1235.500
1765544843.6110837,0,0,10750,1343.750
1765544843.615033,0,0,14928,1866.000
1765544843.6190243,0,0,15978,1997.250
1765544843.623054,0,0,14472,1809.000
1765544843.62704,1,0,10030,1253.750
1765544843.6310687,0,0,10503,1312.875
1765544843.6350276,0,0,14839,1854.875
1765544843.6390378,0,0,15959,1994.875
1765544843.6430378,0,0,14505,1813.125
1765544843.6470377,0,0,10080,1260.000
1765544843.6510646,0,0,10275,1284.375
1765544843.6550446,0,0,14758,1844.750
1765544843.6590402,0,0,15974,1996.750
1765544843.6630342,0,0,14919,1864.875
1765544843.6670353,0,0,10685,1335.625
1765544843.6710691,0,0,10352,1294.000
1765544843.675039,0,0,14748,1843.500
1765544843.6790392,0,0,15971,1996.375
1765544843.6830406,0,0,14979,1872.375
1765544843.6870348,0,0,10778,1347.250
1765544843.6910613,0,0,10116,1264.500
1765544843.6950426,0,0,14639,1829.875
1765544843.699039,0,0,15939,1992.375
1765544843.7030337,0,0,14963,1870.375
1765544843.7070298,0,0,10763,1345.375
1765544843.711071,0,0,9895,1236.875
1765544843.7150402,0,0,14542,1817.750
1765544843.719038,0,0,15927,1990.875
1765544843.72304,0,0,15282,1910.250
1765544843.7270396,1,0,11324,1415.500
1765544843.7310622,0,0,9970,1246.250
1765544843.7350333,0,0,14506,1813.250
1765544843.739037,0,0,15912,1989.000
1765544843.7430406,0,0,15272,1909.000
1765544843.7470372,0,0,11312,1414.000
1765544843.751154,0,0,9689,1211.125
1765544843.755038,0,0,14359,1794.875
1765544843.7590256,0,0,15872,1984.000
1765544843.7668726,1,0,11484,1435.500
1765544843.7687793,0,0,11484,1435.500
1765544843.7710795,0,0,9896,1237.000
1765544843.7750323,0,0,14429,1803.625
1765544843.7790234,0,0,15899,1987.375
1765544843.7830331,0,0,15786,1973.250
1765544843.787026,1,1,12524,1565.500
1765544843.791056,0,0,10078,1259.750
1765544843.795023,0,0,14317,1789.625
1765544843.799023,0,0,15842,1980.250
1765544843.8030488,0,0,15373,1921.625
1765544843.8070467,0,0,11566,1445.750
1765544843.8110666,0,0,9041,1130.125
1765544843.8150277,0,0,13883,1735.375
1765544843.8190224,0,0,15726,1965.750
1765544843.8230417,0,0,15346,1918.250
1765544843.827046,0,0,11563,1445.375
1765544843.8310614,0,0,8868,1108.500
1765544843.835041,0,0,13754,1719.250
1765544843.8390357,0,0,15702,1962.750
1765544843.8430362,0,0,15532,1941.500
1765544843.8470354,1,1,11990,1498.750
1765544843.8510637,0,0,9007,1125.875
1765544843.8550515,0,0,13705,1713.125
1765544843.8590393,0,0,15695,1961.875
1765544843.8630333,0,0,15658,1957.250
1765544843.8670318,1,1,12313,1539.125
1765544843.8710911,0,0,9123,1140.375
1765544843.87504,0,0,13648,1706.000
1765544843.8790355,0,0,15676,1959.500
1765544843.8830378,0,0,15602,1950.250
1765544843.8870425,1,0,12180,1522.500
1765544843.8910692,0,0,8826,1103.250
1765544843.8950415,0,0,13438,1679.750
1765544843.8990426,0,0,15625,1953.125
1765544843.9030397,0,0,15730,1966.250
1765544843.9070375,0,0,12575,1571.875
1765544843.9110622,0,0,9046,1130.750
1765544843.9150383,0,0,13402,1675.250
1765544843.9190414,0,0,15616,1952.000
1765544843.923043,0,0,15748,1968.500
1765544843.9270346,1,1,12640,1580.000
1765544843.931062,0,0,8851,1106.375
1765544843.9350426,0,0,13130,1641.250
1765544843.9390397,0,0,15543,1942.875
1765544843.94304,0,0,15723,1965.375
1765544843.9470363,0,0,12622,1577.750
1765544843.9511604,0,0,8618,1077.250
1765544843.955035,0,0,12813,1601.625
1765544843.9590256,0,0,15462,1932.750
1765544843.9630387,0,0,15747,1968.375
1765544843.9670382,0,0,12757,1594.625
1765544843.9710684,0,0,8683,1085.375
1765544843.9750257,0,0,12736,1592.000
1765544843.9790218,0,0,15451,1931.375
1765544843.9830415,0,0,15916,1989.500
1765544843.9870415,0,0,13409,1676.125
1765544843.9910653,0,0,9209,1151.125
1765544843.9950376,0,0,12756,1594.500
1765544843.9990387,0,0,15454,1931.750
1765544844.0030434,0,0,15910,1988.750
1765544844.0070424,1,0,13396,1674.500
1765544844.0110738,0,0,9132,1141.500
1765544844.0150282,0,0,12563,1570.375
1765544844.0190194,0,0,15401,1925.125
1765544844.0230393,0,0,15942,1992.750
1765544844.0270393,1,1,13628,1703.500
1765544844.0310662,0,0,9249,1156.125
1765544844.0350206,0,0,12310,1538.750
1765544844.03902,0,0,15331,1916.375
1765544844.043039,0,0,15924,1990.500
1765544844.0470378,0,0,13639,1704.875
1765544844.0510635,0,0,9190,1148.750
1765544844.0550394,0,0,12004,1500.500
1765544844.0590348,0,0,15248,1906.000
1765544844.0630302,0,0,15911,1988.875
1765544844.0670211,1,1,13695,1711.875
1765544844.0710597,0,0,9207,1150.875
1765544844.075023,0,0,11765,1470.625
1765544844.0790172,0,0,15186,1898.250
1765544844.0830364,0,0,15912,1989.000
1765544844.0870385,1,0,9290,1161.250
1765544844.0910623,0,0,11596,1449.500
1765544844.0950372,0,0,15144,1893.000
1765544844.099035,0,0,15981,1997.625
1765544844.1030352,0,0,14356,1794.500
1765544844.1070323,0,0,9934,1241.750
1765544844.1110623,0,0,11569,1446.125
1765544844.1150348,0,0,15127,1890.875
1765544844.119039,0,0,15964,1995.500
1765544844.1230378,0,0,14287,1785.875
1765544844.1270323,1,1,9836,1229.500
1765544844.1310623,0,0,11272,1409.000
1765544844.1350403,0,0,15036,1879.500
1765544844.1390357,0,0,15944,1993.000
1765544844.1430326,0,0,14359,1794.875
1765544844.1470315,1,1,9917,1239.625
1765544844.1511474,0,0,10966,1370.750
1765544844.1550343,0,0,14938,1867.250
1765544844.1590188,0,0,15926,1990.750
1765544844.1630363,0,0,14448,1806.000
1765544844.167035,1,0,10040,1255.000
1765544844.171066,0,0,10816,1352.000
1765544844.1750224,0,0,14886,1860.750
1765544844.1790214,0,0,15931,1991.375
1765544844.1830394,0,0,14679,1834.875
1765544844.1870313,1,1,10353,1294.125
1765544844.1910594,0,0,10603,1325.375
1765544844.1950307,0,0,14799,1849.875
1765544844.199035,0,0,15895,1986.875
1765544844.2030368,0,0,14547,1818.375
1765544844.2070317,0,0,10167,1270.875
1765544844.2112792,0,0,10234,1279.250
1765544844.2150657,0,0,14675,1834.375
1765544844.2190378,0,0,15884,1985.500
1765544844.2230387,0,0,14812,1851.500
1765544844.227037,0,0,10563,1320.375
1765544844.2310638,0,0,10145,1268.125
1765544844.2350185,0,0,14615,1826.875
1765544844.2390182,0,0,15868,1983.500
1765544844.2430382,0,0,14835,1854.375
1765544844.2470362,1,0,10604,1325.500
1765544844.25106,0,0,9915,1239.375
1765544844.2550192,0,0,14515,1814.375
1765544844.259016,0,0,15847,1980.875
1765544844.26303,0,0,14934,1866.750
1765544844.267033,0,0,10771,1346.375
1765544844.2710679,0,0,9750,1218.750
1765544844.2750318,0,0,14421,1802.625
1765544844.2790315,0,0,15829,1978.625
1765544844.2830367,0,0,15047,1880.875
1765544844.2870333,1,1,10969,1371.125
1765544844.2910593,0,0,9585,1198.125
1765544844.2950318,0,0,14317,1789.625
1765544844.299033,0,0,15810,1976.250
1765544844.303033,0,0,15247,1905.875
1765544844.3070323,0,1,11347,1418.375
1765544844.3110602,0,0,9590,1198.750
1765544844.3150334,0,0,14254,1781.750
1765544844.3190334,0,0,15783,1972.875
1765544844.323023,0,0,15055,1881.875
1765544844.3270152,0,0,11001,1375.125
1765544844.3310442,0,0,9068,1133.500
1765544844.335037,0,0,14021,1752.625
1765544844.3390315,0,0,15735,1966.875
1765544844.343032,0,0,15291,1911.375
1765544844.347029,0,0,11469,1433.625
1765544844.3511417,0,0,9274,1159.250
1765544844.355032,0,0,14037,1754.625
1765544844.3590176,0,0,15744,1968.000
1765544844.3630297,0,0,15423,1927.875
1765544844.367031,0,0,11744,1468.000
1765544844.371065,0,0,9239,1154.875
1765544844.375019,0,0,13941,1742.625
1765544844.3790174,0,0,15719,1964.875
1765544844.3830314,0,0,15467,1933.375
1765544844.3870294,1,0,11863,1482.875
1765544844.391054,0,0,9003,1125.375
1765544844.395035,0,0,13718,1714.750
1765544844.3990343,0,0,15660,1957.500
1765544844.4030366,0,0,15465,1933.125
1765544844.407032,0,0,11888,1486.000
1765544844.4110584,0,0,8887,1110.875
1765544844.4150422,0,0,13615,1701.875
1765544844.419043,0,0,15638,1954.750
1765544844.4230366,0,0,15602,1950.250
1765544844.4270287,1,1,12250,1531.250
1765544844.4310522,0,0,9001,1125.125
1765544844.435031,0,0,13548,1693.500
1765544844.4390337,0,0,15621,1952.625
1765544844.4430232,0,0,15681,1960.125
1765544844.4470136,0,0,12492,1561.500
1765544844.4510434,0,0,9009,1126.125
1765544844.4550376,0,0,13408,1676.000
1765544844.4590342,0,0,15581,1947.625
1765544844.4630356,0,0,15672,1959.000
1765544844.4670286,0,0,12495,1561.875
1765544844.4710653,0,0,8795,1099.375
1765544844.4750314,0,0,13173,1646.625
1765544844.4790285,0,0,15519,1939.875
1765544844.4830375,0,0,15666,1958.250
1765544844.4870317,1,0,12527,1565.875
1765544844.4910548,0,0,8693,1086.625
1765544844.4950135,0,0,13000,1625.000
1765544844.4990242,0,0,15478,1934.750
1765544844.5030336,0,0,15747,1968.375
1765544844.5070326,1,0,12819,1602.375
1765544844.5110624,0,0,8849,1106.125
1765544844.515031,0,0,12909,1613.625
1765544844.5190299,0,0,15456,1932.000
1765544844.5230358,0,0,15812,1976.500
1765544844.527031,1,1,13081,1635.125
1765544844.531059,0,0,8967,1120.875
1765544844.535031,0,0,12777,1597.125
1765544844.5390296,0,0,15419,1927.375
1765544844.5430322,0,0,15814,1976.750
1765544844.5470302,0,0,13132,1641.500
1765544844.5564458,0,0,15355,1919.375
1765544844.559073,0,0,15355,1919.375
1765544844.563034,0,0,15846,1980.750
1765544844.5670154,1,0,13347,1668.375
1765544844.5710626,0,0,8996,1124.500
1765544844.5750368,0,0,12322,1540.250
1765544844.579027,0,0,15301,1912.625
1765544844.5830266,0,0,15853,1981.625
1765544844.5870252,0,0,13439,1679.875
1765544844.5910664,0,0,9011,1126.375
1765544844.5950315,0,0,12068,1508.500
1765544844.599031,0,0,15235,1904.375
1765544844.6030262,0,0,15825,1978.125
1765544844.6070213,1,0,13391,1673.875
1765544844.6110542,0,0,8928,1116.000
1765544844.615031,0,0,11844,1480.500
1765544844.6190324,0,0,15179,1897.375
1765544844.6230264,0,0,15871,1983.875
1765544844.6270106,1,0,13683,1710.375
1765544844.6310472,0,0,9203,1150.375
1765544844.6350334,0,0,11705,1463.125
1765544844.6390345,0,0,15141,1892.625
1765544844.6430216,0,0,15847,1980.875
1765544844.6470094,1,1,13607,1700.875
1765544844.6510406,0,0,9068,1133.500
1765544844.6550333,0,0,11295,1411.875
1765544844.6590273,0,0,15032,1879.000
1765544844.6630304,0,0,13721,1715.125
1765544844.667022,0,0,9179,1147.375
1765544844.6710613,0,0,11110,1388.750
1765544844.6750255,0,0,14987,1873.375
1765544844.6790261,0,0,15898,1987.250
1765544844.6830287,0,0,14139,1767.375
1765544844.6870263,1,1,9649,1206.125
1765544844.6910498,0,0,11025,1378.125
1765544844.6950278,0,0,14954,1869.250
1765544844.6990714,0,0,15891,1986.375
1765544844.7030756,0,0,14148,1768.500
1765544844.707068,0,0,9648,1206.000
1765544844.7111008,0,0,10751,1343.875
1765544844.7150826,0,0,14871,1858.875
1765544844.7190726,0,0,15898,1987.250
1765544844.7230754,0,0,14392,1799.000
1765544844.7270706,0,1,9968,1246.000
1765544844.7311053,0,0,10687,1335.875
1765544844.7350667,0,0,14840,1855.000
1765544844.7390647,0,0,15906,1988.250
1765544844.7430751,0,0,14568,1821.000
1765544844.7470677,0,0,10206,1275.750
1765544844.7511036,0,0,10508,1313.500
1765544844.755161,0,0,14766,1845.750
1765544844.7590854,0,0,15885,1985.625
1765544844.767333,0,0,10217,1277.125
1765544844.7692904,0,0,10217,1277.125
1765544844.771171,0,0,10507,1313.375
1765544844.7750561,0,0,14765,1845.625
1765544844.7790504,0,0,15914,1989.250
1765544844.7830544,0,0,15074,1884.250
1765544844.787052,1,0,10991,1373.875
1765544844.7910972,0,0,10308,1288.500
1765544844.7950597,0,0,14635,1829.375
1765544844.7990239,0,0,15852,1981.500
1765544844.8030102,0,0,14710,1838.750
1765544844.807012,1,0,10420,1302.500
1765544844.8110485,0,0,9812,1226.500
1765544844.815015,0,0,14471,1808.875
1765544844.8190076,0,0,15826,1978.250
1765544844.8231769,0,0,14981,1872.625
1765544844.8270128,0,0,10863,1357.875
1765544844.831052,0,0,9774,1221.750
1765544844.8350115,0,0,14407,1800.875
1765544844.8390102,0,0,15808,1976.000
1765544844.8430111,0,0,14985,1873.125
1765544844.8470087,1,1,10879,1359.875
1765544844.8510423,0,0,9500,1187.500
1765544844.8550146,0,0,14265,1783.125
1765544844.8590121,0,0,15771,1971.375
1765544844.8630276,0,0,14977,1872.125
1765544844.8670242,0,0,10880,1360.000
1765544844.8710535,0,0,9277,1159.625
1765544844.8750262,0,0,14147,1768.375
1765544844.8790286,0,0,15753,1969.125
1765544844.8830328,0,0,15213,1901.625
1765544844.8870234,0,0,11311,1413.875
1765544844.8910596,0,0,9364,1170.500
1765544844.8950162,0,0,14115,1764.375
1765544844.8990126,0,0,15749,1968.625
1765544844.9030302,0,0,15343,1917.875
1765544844.9070244,1,0,11582,1447.750
1765544844.9110541,0,0,9198,1149.750
1765544844.9150243,0,0,13948,1743.500
1765544844.9190278,0,0,15700,1962.500
1765544844.923029,0,0,15227,1903.375
1765544844.9270263,1,0,11365,1420.625
1765544844.931054,0,0,8847,1105.875
1765544844.935027,0,0,13767,1720.875
1765544844.939028,0,0,15662,1957.750
1765544844.9430313,0,0,15431,1928.875
1765544844.947025,1,0,11820,1477.500
1765544844.951054,0,0,9011,1126.375
1765544844.955108,0,0,13727,1715.875
1765544844.9590416,0,0,15650,1956.250
1765544844.9630241,0,0,15375,1921.875
1765544844.9670134,1,1,11699,1462.375
1765544844.9710472,0,0,8700,1087.500
1765544844.9750264,0,0,13523,1690.375
1765544844.9790246,0,0,15601,1950.125
1765544844.983017,0,0,15421,1927.625
1765544844.9870093,1,0,11828,1478.500
1765544844.9910629,0,0,8620,1077.500
1765544844.9950242,0,0,13381,1672.625
1765544844.9990265,0,0,15570,1946.250
1765544845.0030293,0,0,15500,1937.500
1765544845.0070238,1,1,12032,1504.000
1765544845.0110805,0,0,8553,1069.125
1765544845.015015,0,0,13207,1650.875
1765544845.019006,0,0,15529,1941.125
1765544845.0230255,0,0,15582,1947.750
1765544845.0270257,1,0,12266,1533.250
1765544845.0310516,0,0,8663,1082.875
1765544845.03501,0,0,13152,1644.000
1765544845.0390089,0,0,15520,1940.000
1765544845.043027,0,0,15677,1959.625
1765544845.0470254,1,0,12544,1568.000
1765544845.0510564,0,0,8659,1082.375
1765544845.0550268,0,0,12930,1616.250
1765544845.059021,0,0,15463,1932.875
1765544845.0630264,0,0,15681,1960.125
1765544845.0670207,0,0,12597,1574.625
1765544845.0710542,0,0,8603,1075.375
1765544845.0750098,0,0,12777,1597.125
1765544845.0790083,0,0,15427,1928.375
1765544845.0830169,0,0,15754,1969.250
1765544845.087005,1,1,12868,1608.500
1765544845.0910497,0,0,8747,1093.375
1765544845.0950263,0,0,12656,1582.000
1765544845.0990262,0,0,15396,1924.500
1765544845.1030257,0,0,15763,1970.375
1765544845.1070197,1,1,12931,1616.375
1765544845.1110508,0,0,8654,1081.750
1765544845.1150248,0,0,12363,1545.375
1765544845.1190248,0,0,15323,1915.375
1765544845.123027,0,0,15775,1971.875
1765544845.1270213,1,1,13038,1629.750
1765544845.1310492,0,0,8674,1084.250
1765544845.1350255,0,0,12147,1518.375
1765544845.1390254,0,0,15271,1908.875
1765544845.143029,0,0,15802,1975.250
1765544845.147021,1,0,13193,1649.125
1765544845.1510496,0,0,8781,1097.625
1765544845.1550968,0,0,11993,1499.125
1765544845.1590395,0,0,15235,1904.375
1765544845.1630218,0,0,15842,1980.250
1765544845.1670065,1,1,13395,1674.375
1765544845.1710389,0,0,8907,1113.375
1765544845.175025,0,0,11730,1466.250
1765544845.179023,0,0,15167,1895.875
1765544845.1830146,0,0,15855,1981.875
1765544845.1870058,1,1,13537,1692.125
1765544845.1910453,0,0,9036,1129.500
1765544845.195026,0,0,11568,1446.000
1765544845.1990225,0,0,15125,1890.625
1765544845.2030263,0,0,15876,1984.500
1765544845.2070222,1,1,13697,1712.125
1765544845.2110627,0,0,9168,1146.000
1765544845.215051,0,0,11352,1419.000
1765544845.2190092,0,0,15067,1883.375
1765544845.2230093,0,0,15898,1987.250
1765544845.2270062,1,1,13914,1739.250
1765544845.2310336,0,0,9384,1173.000
1765544845.2350192,0,0,11106,1388.250
1765544845.239019,0,0,15854,1981.750
1765544845.2430124,0,0,13756,1719.500
1765544845.2470062,1,1,9181,1147.625
1765544845.2510352,0,0,10685,1335.625
1765544845.2550254,0,0,14876,1859.500
1765544845.259019,0,0,15879,1984.875
1765544845.2630243,0,0,14091,1761.375
1765544845.2670207,1,1,9572,1196.500
1765544845.2710507,0,0,10594,1324.250
1765544845.2750223,0,0,14839,1854.875
1765544845.2790208,0,0,15883,1985.375
1765544845.283023,0,0,14175,1771.875
1765544845.2870202,1,1,9665,1208.125
1765544845.291056,0,0,10305,1288.125
1765544845.295027,0,0,14744,1843.000
1765544845.2990208,0,0,15886,1985.750
1765544845.3030238,0,0,14404,1800.500
1765544845.3070178,1,1,9972,1246.500
1765544845.3110492,0,0,10247,1280.875
1765544845.3150208,0,0,14709,1838.625
1765544845.3190212,0,0,15886,1985.750
1765544845.3230104,0,0,14479,1809.875
1765544845.327002,1,0,10064,1258.000
1765544845.3310354,0,0,9975,1246.875
1765544845.3350217,0,0,14602,1825.250
1765544845.3390217,0,0,15871,1983.875
1765544845.343021,0,0,14605,1825.625
1765544845.3470201,1,1,10246,1280.750
1765544845.3510482,0,0,9828,1228.500
1765544845.3551013,0,0,14531,1816.375
1765544845.3590398,0,0,15872,1984.000
1765544845.3630183,0,0,14861,1857.625
1765544845.3670042,1,0,10636,1329.500
1765544845.3710349,0,0,9744,1218.000
1765544845.3750262,0,0,14455,1806.875
1765544845.3790214,0,0,15845,1980.625
1765544845.3830135,0,0,14773,1846.625
1765544845.3869998,1,0,10504,1313.000
1765544845.3910377,0,0,9439,1179.875
1765544845.3950338,0,0,14325,1790.625
1765544845.3990233,0,0,15827,1978.375
1765544845.403011,0,0,15019,1877.375
1765544845.4070044,1,1,10909,1363.625
1765544845.4110312,0,0,9425,1178.125
1765544845.415021,0,0,14260,1782.500
1765544845.4190316,0,0,15809,1976.125
1765544845.4230204,0,0,15009,1876.125
1765544845.4270031,1,1,10896,1362.000
1765544845.4310346,0,0,9090,1136.250
1765544845.4350188,0,0,14078,1759.750
1765544845.4390178,0,0,15760,1970.000
1765544845.4430108,0,0,14956,1869.500
1765544845.4470031,1,1,10822,1352.750
1765544845.4510264,0,0,8785,1098.125
1765544845.4550226,0,0,13906,1738.250
1765544845.4590178,0,0,15729,1966.125
1765544845.4630215,0,0,15122,1890.250
1765544845.4670198,1,1,11120,1390.000
1765544845.4710522,0,0,8785,1098.125
1765544845.4750178,0,0,13835,1729.375
1765544845.4790182,0,0,15719,1964.875
1765544845.4830244,0,0,15240,1905.000
1765544845.4870195,1,0,11346,1418.250
1765544845.4910512,0,0,8749,1093.625
1765544845.4950192,0,0,13737,1717.125
1765544845.4990187,0,0,15703,1962.875
1765544845.5030215,0,0,15412,1926.500
1765544845.5070186,1,0,11704,1463.000
1765544845.5110478,0,0,8881,1110.125
1765544845.5150204,0,0,13713,1714.125
1765544845.519018,0,0,15705,1963.125
1765544845.523022,0,0,15677,1959.625
1765544845.5270193,1,0,12348,1543.500
1765544845.5310457,0,0,9131,1141.375
1765544845.5350037,0,0,13646,1705.750
1765544845.5390127,0,0,15674,1959.250
1765544845.5430212,0,0,15440,1930.000
1765544845.547018,1,1,11788,1473.500
1765544845.5510457,0,0,8475,1059.375
1765544845.560394,0,0,15587,1948.375
1765544845.563051,0,0,15555,1944.375
1765544845.5670218,1,1,12107,1513.375
1765544845.571058,0,0,8543,1067.875
1765544845.5750096,0,0,13177,1647.125
1765544845.5790026,0,0,15560,1945.000
1765544845.5830162,0,0,15596,1949.500
1765544845.5870147,1,1,12234,1529.250
1765544845.5910504,0,0,8512,1064.000
1765544845.595004,0,0,13031,1628.875
1765544845.5990012,0,0,15526,1940.750
1765544845.6030169,0,0,15700,1962.500
1765544845.6070137,1,0,12546,1568.250
1765544845.6110415,0,0,8629,1078.625
1765544845.6150177,0,0,12906,1613.250
1765544845.6190188,0,0,15494,1936.750
1765544845.6230283,0,0,15708,1963.500
1765544845.6270118,1,1,12593,1574.125
1765544845.631043,0,0,8543,1067.875
1765544845.634998,0,0,12700,1587.500
1765544845.6390045,0,0,15445,1930.625
1765544845.6430168,0,0,15793,1974.125
1765544845.6470175,1,1,12905,1613.125
1765544845.6510406,0,0,8647,1080.875
1765544845.6549997,0,0,12481,1560.125
1765544845.6589973,0,0,15389,1923.625
1765544845.6630208,0,0,15820,1977.500
1765544845.667018,1,1,13055,1631.875
1765544845.6710455,0,0,8738,1092.250
1765544845.6750157,0,0,12354,1544.250
1765544845.6790142,0,0,15356,1919.500
1765544845.6830208,0,0,15838,1979.750
1765544845.6870174,1,1,13160,1645.000
1765544845.6910477,0,0,8790,1098.750
1765544845.695015,0,0,12185,1523.125
1765544845.6990151,0,0,15314,1914.250
1765544845.7030165,0,0,15893,1986.625
1765544845.7070146,1,1,13442,1680.250
1765544845.7110426,0,0,8988,1123.500
1765544845.7150173,0,0,12002,1500.250
1765544845.719016,0,0,15267,1908.375
1765544845.723021,0,0,15925,1990.625
1765544845.7270143,1,1,13666,1708.250
1765544845.7310421,0,0,9189,1148.625
1765544845.7350156,0,0,11839,1479.875
1765544845.7390132,0,0,15220,1902.500
1765544845.7430172,0,0,15906,1988.250
1765544845.7470157,1,0,13639,1704.875
1765544845.7510417,0,0,9115,1139.375
1765544845.7550151,0,0,11511,1438.875
1765544845.7590923,0,0,15132,1891.500
1765544845.763166,0,0,15915,1989.375
1765544845.7673078,1,1,13821,1727.625
1765544845.7710977,0,0,9338,1167.250
1765544845.7750268,0,0,11625,1453.125
1765544845.7790134,0,0,15166,1895.750
1765544845.7830143,0,0,16034,2004.250
1765544845.7870085,1,1,14771,1846.375
1765544845.7910578,0,0,10474,1309.250
1765544845.7950175,0,0,11461,1432.625
1765544845.79901,0,0,15088,1886.000
1765544845.8030124,0,0,15881,1985.125
1765544845.8070118,1,1,13755,1719.375
1765544845.8110447,0,0,10468,1308.500
1765544845.815017,0,0,14809,1851.125
1765544845.8190126,0,0,15848,1981.000
1765544845.8230126,0,0,13971,1746.375
1765544845.8270087,1,1,9423,1177.875
1765544845.831036,0,0,10444,1305.500
1765544845.8350136,0,0,14804,1850.500
1765544845.839011,0,0,15909,1988.625
1765544845.8430161,0,0,14436,1804.500
1765544845.847011,1,0,10012,1251.500
1765544845.8510406,0,0,10488,1311.000
1765544845.855018,0,0,14796,1849.500
1765544845.8590145,0,0,15898,1987.250
1765544845.8630178,0,0,14352,1794.000
1765544845.8670113,1,1,9897,1237.125
1765544845.8710392,0,0,10194,1274.250
1765544845.8750122,0,0,14697,1837.125
1765544845.8790133,0,0,15901,1987.625
1765544845.883016,0,0,14631,1828.875
1765544845.8870134,1,1,10282,1285.250
1765544845.8910503,0,0,10067,1258.375
1765544845.8950129,0,0,14626,1828.250
1765544845.8990142,0,0,15893,1986.625
1765544845.9030187,0,0,14798,1849.750
1765544845.9070127,1,1,10530,1316.250
1765544845.9110415,0,0,9923,1240.375
1765544845.914996,0,0,14544,1818.000
1765544845.9189978,0,0,15869,1983.625
1765544845.923015,0,0,14773,1846.625
1765544845.927013,1,1,10498,1312.250
1765544845.9310377,0,0,9614,1201.750
1765544845.9350126,0,0,14409,1801.125
1765544845.9390113,0,0,15840,1980.000
1765544845.9430141,0,0,14865,1858.125
1765544845.9470124,1,1,10647,1330.875
1765544845.9510398,0,0,9439,1179.875
1765544845.9550107,0,0,14309,1788.625
1765544845.9590986,0,0,15826,1978.250
1765544845.9630241,0,0,15051,1881.375
1765544845.9670014,1,1,10963,1370.375
1765544845.9710333,0,0,9386,1173.250
1765544845.9750144,0,0,14233,1779.125
1765544845.97901,0,0,15810,1976.250
1765544845.9830031,0,0,15130,1891.250
1765544845.9869974,1,1,11109,1388.625
1765544845.9910345,0,0,9249,1156.125
1765544845.995016,0,0,14121,1765.125
1765544845.9990103,0,0,15780,1972.500
1765544846.0030134,0,0,15138,1892.250
1765544846.007013,1,1,11132,1391.500
1765544846.0110424,0,0,8967,1120.875
1765544846.0150154,0,0,13945,1743.125
1765544846.0190117,0,0,15734,1966.750
1765544846.0230155,0,0,15084,1885.500
1765544846.027008,1,1,11054,1381.750
1765544846.031038,0,0,8698,1087.250
1765544846.0350149,0,0,13787,1723.375
1765544846.0390203,0,0,15709,1963.625
1765544846.0430036,0,0,15403,1925.375
1765544846.0469947,1,1,11687,1460.875
1765544846.0510318,0,0,9007,1125.875
1765544846.0550134,0,0,13812,1726.500
1765544846.0590096,0,0,15715,1964.375
1765544846.0630014,0,0,15367,1920.875
1765544846.066992,1,1,11607,1450.875
1765544846.0710208,0,0,8712,1089.000
1765544846.0750163,0,0,13600,1700.000
1765544846.079012,0,0,15665,1958.125
1765544846.083013,0,0,15527,1940.875
1765544846.0870104,1,1,11996,1499.500
1765544846.0910432,0,0,8840,1105.000
1765544846.0950131,0,0,13539,1692.375
1765544846.0990117,0,0,15651,1956.375
1765544846.1030114,0,0,15572,1946.500
1765544846.1069918,1,1,12115,1514.375
1765544846.1110249,0,0,8736,1092.000
1765544846.1150093,0,0,13380,1672.500
1765544846.1190135,0,0,15611,1951.375
1765544846.1230145,0,0,15653,1956.625
1765544846.1270108,1,1,12358,1544.750
1765544846.131035,0,0,8771,1096.375
1765544846.13501,0,0,13251,1656.375
1765544846.1390107,0,0,15575,1946.875
1765544846.1430137,0,0,15680,1960.000
1765544846.1470098,1,1,12462,1557.750
1765544846.1510398,0,0,8675,1084.375
1765544846.1550076,0,0,13048,1631.000
1765544846.1590817,0,0,15522,1940.250
1765544846.1630204,0,0,15683,1960.375
1765544846.166998,1,1,12511,1563.875
1765544846.1710331,0,0,8547,1068.375
1765544846.1749964,0,0,12819,1602.375
1765544846.1789937,0,0,15466,1933.250
1765544846.183,0,0,15709,1963.625
1765544846.1869953,1,1,12627,1578.375
1765544846.191042,0,0,8552,1069.000
1765544846.19501,0,0,12668,1583.500
1765544846.19901,0,0,15432,1929.000
1765544846.2030141,0,0,15818,1977.250
1765544846.207007,1,1,13027,1628.375
1765544846.2110376,0,0,8833,1104.125
1765544846.2150202,0,0,12594,1574.250
1765544846.2190142,0,0,15413,1926.625
1765544846.2230034,0,0,15853,1981.625
1765544846.226992,1,1,13184,1648.000
1765544846.2310238,0,0,8866,1108.250
1765544846.2350094,0,0,12369,1546.125
1765544846.2390087,0,0,15353,1919.125
1765544846.2429974,0,0,15851,1981.375
1765544846.2469928,1,1,13239,1654.875
1765544846.2510235,0,0,8818,1102.250
1765544846.2549994,0,0,12062,1507.750
1765544846.2589912,0,0,15272,1909.000
1765544846.2630072,0,0,15848,1981.000
1765544846.2670066,1,1,13311,1663.875
1765544846.2710383,0,0,8843,1105.375
1765544846.2750094,0,0,11842,1480.250
1765544846.2790072,0,0,15218,1902.250
1765544846.2830095,0,0,15887,1985.875
1765544846.2870061,1,1,13550,1693.750
1765544846.2910438,0,0,9059,1132.375
1765544846.2950113,0,0,11720,1465.000
1765544846.2990088,0,0,15188,1898.500
1765544846.30301,0,0,15930,1991.250
1765544846.3070042,1,1,13830,1728.750
1765544846.311035,0,0,9332,1166.500
1765544846.3150084,0,0,11578,1447.250
1765544846.3190093,0,0,15147,1893.375
1765544846.323,0,0,15948,1993.500
1765544846.3269901,1,1,14020,1752.500
1765544846.3310168,0,0,9521,1190.125
1765544846.3350108,0,0,11370,1421.250
1765544846.3390098,0,0,15084,1885.500
1765544846.3430107,0,0,15949,1993.625
1765544846.3470037,1,1,14160,1770.000
1765544846.3510346,0,0,9671,1208.875
1765544846.355005,0,0,11108,1388.500
1765544846.3590848,0,0,15001,1875.125
1765544846.3630183,0,0,15927,1990.875
1765544846.3669946,1,1,14177,1772.125
1765544846.3710265,0,0,9683,1210.375
1765544846.3750088,0,0,10829,1353.625
1765544846.3790042,0,0,14915,1864.375
1765544846.3830001,0,0,15930,1991.250
1765544846.3869908,1,1,14407,1800.875
1765544846.3910449,0,0,10662,1332.750
1765544846.3950071,0,0,14852,1856.500
1765544846.3990092,0,0,15924,1990.500
1765544846.4030101,0,0,14538,1817.250
1765544846.407004,1,1,10147,1268.375
1765544846.4110312,0,0,10429,1303.625
1765544846.4150078,0,0,14758,1844.750
1765544846.4190047,0,0,15879,1984.875
1765544846.42301,0,0,14348,1793.500
1765544846.4269924,1,1,9898,1237.250
1765544846.4310222,0,0,10128,1266.000
1765544846.4350057,0,0,14667,1833.375
1765544846.4390066,0,0,15912,1989.000
1765544846.4429998,0,0,15068,1883.500
1765544846.44699,1,1,10983,1372.875
1765544846.4510174,0,0,10485,1310.625
1765544846.4550216,0,0,14723,1840.375
1765544846.459004,0,0,15885,1985.625
1765544846.4630096,0,0,14557,1819.625
1765544846.4670048,1,1,10173,1271.625
1765544846.471033,0,0,9628,1203.500
1765544846.4750075,0,0,14440,1805.000
1765544846.4790044,0,0,15843,1980.375
1765544846.4830074,0,0,14985,1873.125
1765544846.4870052,1,1,10854,1356.750
1765544846.4910405,0,0,9797,1224.625
1765544846.494993,0,0,14441,1805.125
1765544846.4989886,0,0,15842,1980.250
1765544846.5030043,0,0,15003,1875.375
1765544846.5070028,1,1,10884,1360.500
1765544846.5110343,0,0,9619,1202.375
1765544846.5150056,0,0,14346,1793.250
1765544846.5190046,0,0,15827,1978.375
1765544846.523007,0,0,15231,1903.875
1765544846.5270014,1,1,11303,1412.875
1765544846.5310323,0,0,9566,1195.750
1765544846.535005,0,0,14252,1781.500
1765544846.5390043,0,0,15796,1974.500
1765544846.5430071,0,0,15177,1897.125
1765544846.5470011,1,1,11211,1401.375
1765544846.5510273,0,0,9279,1159.875
1765544846.555004,0,0,14100,1762.500
1765544846.5644004,1,1,15331,1916.375
1765544846.5670242,1,1,11534,1441.750
1765544846.5710466,0,0,9415,1176.875
1765544846.5749962,0,0,14105,1763.125
1765544846.5790026,0,0,15767,1970.875
1765544846.5830069,0,0,15581,1947.625
1765544846.5870018,1,1,12108,1513.500
1765544846.5910397,0,0,9541,1192.625
1765544846.5949867,0,0,14034,1754.250
1765544846.5989912,0,0,15739,1967.375
1765544846.603008,0,0,15501,1937.625
1765544846.6070032,1,1,11936,1492.000
1765544846.6110294,0,0,9164,1145.500
1765544846.6150088,0,0,13806,1725.750
1765544846.6190026,0,0,15675,1959.375
1765544846.6230276,0,0,15519,1939.875
1765544846.6270087,1,1,12025,1503.125
1765544846.631036,0,0,9050,1131.250
1765544846.634988,0,0,13673,1709.125
1765544846.638992,0,0,15641,1955.125
1765544846.6430063,0,0,15605,1950.625
1765544846.6470046,1,1,12272,1534.000
1765544846.6510277,0,0,9015,1126.875
1765544846.6549897,0,0,13532,1691.500
1765544846.658987,0,0,15601,1950.125
1765544846.6630056,0,0,15594,1949.250
1765544846.6670027,1,1,12275,1534.375
1765544846.6710315,0,0,8833,1104.125
1765544846.6749976,0,0,13345,1668.125
1765544846.678999,0,0,15555,1944.375
1765544846.6830049,0,0,15695,1961.875
1765544846.687003,1,1,12603,1575.375
1765544846.6910365,0,0,8989,1123.625
1765544846.695004,0,0,13280,1660.000
1765544846.6990027,0,0,15538,1942.250
1765544846.7030063,0,0,15734,1966.750
1765544846.7070022,1,1,12754,1594.250
1765544846.7110312,0,0,8950,1118.750
1765544846.7150042,0,0,13109,1638.625
1765544846.719003,0,0,15491,1936.375
1765544846.7230046,0,0,15769,1971.125
1765544846.727002,1,1,12922,1615.250
1765544846.73103,0,0,8976,1122.000
1765544846.7350047,0,0,12973,1621.625
1765544846.7390003,0,0,15457,1932.125
1765544846.7430022,0,0,15847,1980.875
1765544846.7469976,1,1,13279,1659.875
1765544846.7510316,0,0,9189,1148.625
1765544846.7550027,0,0,12867,1608.375
1765544846.7590024,0,0,15423,1927.875
1765544846.7631996,0,0,15807,1975.875
1765544846.76729,1,1,13158,1644.750
1765544846.7710936,0,0,9115,1139.375
1765544846.7750132,0,0,12874,1609.250
1765544846.7790017,0,0,15427,1928.375
1765544846.7830005,0,0,15959,1994.875
1765544846.786996,1,1,13965,1745.625
1765544846.7910311,0,0,9712,1214.000
1765544846.7950037,0,0,12647,1580.875
1765544846.7990015,0,0,15354,1919.250
1765544846.8030038,0,0,15870,1983.750
1765544846.8069983,1,1,13588,1698.500
1765544846.8110259,0,0,9226,1153.250
1765544846.8150048,0,0,12232,1529.000
1765544846.8190002,0,0,15240,1905.000
1765544846.8230166,0,0,15838,1979.750
1765544846.8270066,1,1,13595,1699.375
1765544846.831484,0,0,9185,1148.125
1765544846.8351796,0,0,12015,1501.875
1765544846.839026,0,0,15184,1898.000
1765544846.843004,0,0,15877,1984.625
1765544846.8470001,1,1,13922,1740.250
1765544846.8510368,0,0,9508,1188.500
1765544846.8549864,0,0,11868,1483.500
1765544846.858987,0,0,15144,1893.000
1765544846.8630052,0,0,15881,1985.125
1765544846.8670006,1,1,14037,1754.625
1765544846.8710327,0,0,9602,1200.250
1765544846.8749998,0,0,11585,1448.125
1765544846.8790019,0,0,15061,1882.625
1765544846.883005,0,0,15853,1981.625
1765544846.8870018,1,1,14008,1751.000
1765544846.891035,0,0,9558,1194.750
1765544846.8950014,0,0,11407,1425.875
1765544846.8990011,0,0,15013,1876.625
1765544846.9030063,0,0,15875,1984.375
1765544846.9070005,1,1,14299,1787.375
1765544846.9110305,0,0,9898,1237.250
1765544846.9149985,0,0,11236,1404.500
1765544846.919,0,0,14957,1869.625
1765544846.9230056,0,0,15872,1984.000
1765544846.9270003,1,1,14441,1805.125
1765544846.9310308,0,0,10074,1259.250
1765544846.9349864,0,0,11042,1380.250
1765544846.9389846,0,0,14892,1861.500
1765544846.9429998,0,0,15863,1982.875
1765544846.9470003,1,1,14558,1819.750
1765544846.9510303,0,0,10227,1278.375
1765544846.955001,0,0,10795,1349.375
1765544846.9589992,0,0,14805,1850.625
1765544846.963089,0,0,14615,1826.875
1765544846.9670193,1,1,10312,1289.000
1765544846.971043,0,0,10555,1319.375
1765544846.9749901,0,0,14718,1839.750
1765544846.978983,0,0,15828,1978.500
1765544846.983,0,0,14772,1846.500
1765544846.9869988,1,1,10554,1319.250
1765544846.9910374,0,0,10397,1299.625
1765544846.9949849,0,0,14643,1830.375
1765544846.9989884,0,0,15804,1975.500
1765544847.0029974,0,0,14752,1844.000
1765544847.0069952,1,1,10531,1316.375
1765544847.0110292,0,0,10165,1270.625
1765544847.015002,0,0,14552,1819.000
1765544847.0189996,0,0,15787,1973.375
1765544847.0229998,0,0,14860,1857.500
1765544847.0269954,1,1,10706,1338.250
1765544847.0310245,0,0,9952,1244.000
1765544847.034998,0,0,14449,1806.125
1765544847.039,0,0,15764,1970.500
1765544847.043003,0,0,14964,1870.500
1765544847.047002,1,1,10890,1361.250
1765544847.0510266,0,0,9774,1221.750
1765544847.0549831,0,0,14348,1793.500
1765544847.0589843,0,0,15741,1967.625
1765544847.0629995,0,0,15032,1879.000
1765544847.0669959,1,1,11017,1377.125
1765544847.071023,0,0,9633,1204.125
1765544847.0749846,0,0,14262,1782.750
1765544847.078986,0,0,15726,1965.750
1765544847.0830002,0,0,15239,1904.875
1765544847.0869963,1,1,11425,1428.125
1765544847.0910316,0,0,9650,1206.250
1765544847.0949981,0,0,14201,1775.125
1765544847.0989995,0,0,15709,1963.625
1765544847.1030028,0,0,15248,1906.000
1765544847.1069977,1,1,11453,1431.625
1765544847.1110246,0,0,9527,1190.875
1765544847.114996,0,0,14120,1765.000
1765544847.119002,0,0,15691,1961.375
1765544847.1229992,0,0,15430,1928.750
1765544847.126983,1,1,11874,1484.250
1765544847.1310158,0,0,9573,1196.625
1765544847.134998,0,0,14048,1756.000
1765544847.138997,0,0,15666,1958.250
1765544847.1430008,0,0,15401,1925.125
1765544847.146996,1,1,11825,1478.125
1765544847.1510272,0,0,9272,1159.000
1765544847.1549964,0,0,13857,1732.125
1765544847.1589954,0,0,15615,1951.875
1765544847.163081,0,0,15423,1927.875
1765544847.1670132,1,1,11909,1488.625
1765544847.171037,0,0,9167,1145.875
1765544847.1749866,0,0,13748,1718.500
1765544847.1789818,0,0,15591,1948.875
1765544847.1829984,0,0,15592,1949.000
1765544847.1869977,1,1,12385,1548.125
1765544847.191033,0,0,9297,1162.125
1765544847.1949828,0,0,13665,1708.125
1765544847.198981,0,0,15565,1945.625
1765544847.2029994,0,0,15561,1945.125
1765544847.2069962,1,1,12318,1539.750
1765544847.2110245,0,0,8982,1122.750
1765544847.2150042,0,0,13412,1676.500
1765544847.218997,0,0,15498,1937.250
1765544847.222998,0,0,15590,1948.750
1765544847.226992,1,1,12460,1557.500
1765544847.2310276,0,0,9014,1126.750
1765544847.2349973,0,0,13344,1668.000
1765544847.2389941,0,0,15482,1935.250
1765544847.2429967,0,0,15662,1957.750
1765544847.2469978,1,1,12707,1588.375
1765544847.2510352,0,0,9089,1136.125
1765544847.2549875,0,0,13263,1657.875
1765544847.2589815,0,0,15462,1932.750
1765544847.2629926,0,0,15752,1969.000
1765544847.266994,1,1,13076,1634.500
1765544847.2710233,0,0,9235,1154.375
1765544847.2749825,0,0,13120,1640.000
1765544847.278982,0,0,15418,1927.250
1765544847.2829947,0,0,15699,1962.375
1765544847.2869947,1,1,12920,1615.000
1765544847.2910295,0,0,8918,1114.750
1765544847.2949839,0,0,12816,1602.000
1765544847.2989817,0,0,15337,1917.125
1765544847.3029988,0,0,15673,1959.125
1765544847.306994,1,1,12900,1612.500
1765544847.3110223,0,0,8787,1098.375
1765544847.3149946,0,0,12582,1572.750
1765544847.3189976,0,0,15281,1910.125
1765544847.322987,0,0,15753,1969.125
1765544847.3269765,1,1,13286,1660.750
1765544847.3310032,0,0,9042,1130.250
1765544847.3349981,0,0,12454,1556.750
1765544847.338998,0,0,15248,1906.000
1765544847.3429992,0,0,15744,1968.000
1765544847.346995,1,1,13286,1660.750
1765544847.3510234,0,0,8947,1118.375
1765544847.3549929,0,0,12193,1524.125
1765544847.3589945,0,0,15182,1897.750
1765544847.3630788,0,0,15758,1969.750
1765544847.3670104,1,1,13436,1679.500
1765544847.3710344,0,0,9064,1133.000
1765544847.3749804,0,0,12070,1508.750
1765544847.3789768,0,0,15155,1894.375
1765544847.382998,0,0,15823,1977.875
1765544847.3869948,1,1,13843,1730.375
1765544847.3910265,0,0,9462,1182.750
1765544847.3949785,0,0,11975,1496.875
1765544847.398978,0,0,15127,1890.875
1765544847.4029965,0,0,15812,1976.500
1765544847.4069943,1,1,13839,1729.875
1765544847.4110234,0,0,9395,1174.375
1765544847.4149952,0,0,11646,1455.750
1765544847.418994,0,0,15038,1879.750
1765544847.4230006,0,0,15798,1974.750
1765544847.4269917,1,1,13903,1737.875
1765544847.4310124,0,0,9442,1180.250
1765544847.4349933,0,0,11400,1425.000
1765544847.4389932,0,0,14970,1871.250
1765544847.4429832,0,0,15808,1976.000
1765544847.446976,1,1,14109,1763.625
1765544847.451005,0,0,9679,1209.875
1765544847.4550016,0,0,11210,1401.250
1765544847.458991,0,0,14913,1864.125
1765544847.4629965,0,0,15791,1973.875
1765544847.4669895,1,1,14090,1761.250
1765544847.4710238,0,0,9629,1203.625
1765544847.4749942,0,0,10907,1363.375
1765544847.4789927,0,0,14825,1853.125
1765544847.4829955,0,0,15793,1974.125
1765544847.4869912,1,1,14305,1788.125
1765544847.4910266,0,0,9905,1238.125
1765544847.4949956,0,0,10758,1344.750
1765544847.4989944,0,0,14772,1846.500
1765544847.502994,0,0,15784,1973.000
1765544847.5069907,1,1,14346,1793.250
1765544847.511018,0,0,9954,1244.250
1765544847.514993,0,0,10524,1315.500
1765544847.5189936,0,0,14695,1836.875
1765544847.5229928,0,0,15795,1974.375
1765544847.526989,1,1,14722,1840.250
1765544847.5310233,0,0,10498,1312.250
1765544847.5349946,0,0,10518,1314.750
1765544847.538993,0,0,14667,1833.375
1765544847.5429957,0,0,14663,1832.875
1765544847.5469875,1,1,10404,1300.500
1765544847.551017,0,0,10130,1266.250
1765544847.5549924,0,0,14526,1815.750
1765544847.558992,0,0,15752,1969.000
1765544847.568348,0,0,10669,1333.625
1765544847.5710547,0,0,10216,1277.000
1765544847.574982,0,0,14539,1817.375
1765544847.5789778,0,0,15768,1971.000
1765544847.5829954,0,0,15134,1891.750
1765544847.5869935,1,1,11222,1402.750
1765544847.5910273,0,0,10071,1258.875
1765544847.5949752,0,0,14419,1802.375
1765544847.598977,0,0,15715,1964.375
1765544847.6029925,0,0,14782,1847.750
1765544847.6069906,1,1,10611,1326.375
1765544847.6110194,0,0,9454,1181.750
1765544847.6149778,0,0,14199,1774.875
1765544847.6189826,0,0,15672,1959.000
1765544847.6229975,0,0,15028,1878.500
1765544847.6269982,1,1,11056,1382.000
1765544847.6310227,0,0,9569,1196.125
1765544847.6349742,0,0,14194,1774.250
1765544847.6389759,0,0,15678,1959.750
1765544847.642991,0,0,15203,1900.375
1765544847.64699,1,1,11398,1424.750
1765544847.651018,0,0,9548,1193.500
1765544847.6549783,0,0,14123,1765.375
1765544847.6589732,0,0,15662,1957.750
1765544847.6629915,0,0,15318,1914.750
1765544847.6669922,1,1,11658,1457.250
1765544847.6710198,0,0,9493,1186.625
1765544847.6749907,0,0,14032,1754.000
1765544847.6789892,0,0,15636,1954.500
1765544847.6829915,0,0,15359,1919.875
1765544847.6869903,1,1,11771,1471.375
1765544847.691026,0,0,9392,1174.000
1765544847.6949782,0,0,13930,1741.250
1765544847.6989737,0,0,15608,1951.000
1765544847.7036889,0,0,15401,1925.125
1765544847.7069986,1,1,11892,1486.500
1765544847.7110333,0,0,9326,1165.750
1765544847.714992,0,0,13847,1730.875
1765544847.718993,0,0,15587,1948.375
1765544847.7229924,0,0,15529,1941.125
1765544847.7269871,1,1,12255,1531.875
1765544847.7310176,0,0,9386,1173.250
1765544847.7349918,0,0,13764,1720.500
1765544847.7389925,0,0,15559,1944.875
1765544847.7429917,0,0,15524,1940.500
1765544847.7469873,1,1,12265,1533.125
1765544847.7510185,0,0,9177,1147.125
1765544847.7550073,0,0,13585,1698.125
1765544847.7589927,0,0,15513,1939.125
1765544847.7631395,0,0,15640,1955.000
1765544847.7673364,1,1,12672,1584.000
1765544847.7710907,0,0,9534,1191.750
1765544847.7749958,0,0,13697,1712.125
1765544847.7789881,0,0,15542,1942.750
1765544847.782991,0,0,15766,1970.750
1765544847.7869823,1,1,13159,1644.875
1765544847.7910182,0,0,9535,1191.875
1765544847.7949898,0,0,13402,1675.250
1765544847.7989862,0,0,15448,1931.000
1765544847.8029964,0,0,15535,1941.875
1765544847.8069887,1,1,12420,1552.500
1765544847.8110104,0,0,8655,1081.875
1765544847.8149896,0,0,12922,1615.250
1765544847.8189893,0,0,15327,1915.875
1765544847.822981,0,0,15615,1951.875
1765544847.826992,1,1,12783,1597.875
1765544847.831011,0,0,8899,1112.375
1765544847.8349886,0,0,12902,1612.750
1765544847.838991,0,0,15324,1915.500
1765544847.8429868,0,0,15670,1958.750
1765544847.8469856,1,1,13001,1625.125
1765544847.851011,0,0,8929,1116.125
1765544847.8549926,0,0,12687,1585.875
1765544847.858988,0,0,15269,1908.625
1765544847.862992,0,0,15650,1956.250
1765544847.8669863,1,1,12970,1621.250
1765544847.8710153,0,0,8774,1096.750
1765544847.874988,0,0,12433,1554.125
1765544847.8789845,0,0,15207,1900.875
1765544847.882979,0,0,15690,1961.250
1765544847.8869696,1,1,13197,1649.625
1765544847.891009,0,0,8937,1117.125
1765544847.8949938,0,0,12343,1542.875
1765544847.898987,0,0,15189,1898.625
1765544847.9029925,0,0,15748,1968.500
1765544847.9069886,1,1,13500,1687.500
1765544847.911017,0,0,9188,1148.500
1765544847.914988,0,0,12234,1529.250
1765544847.9189928,0,0,15160,1895.000
1765544847.9229913,0,0,15743,1967.875
1765544847.9269884,1,1,13521,1690.125
1765544847.93103,0,0,9132,1141.500
1765544847.9349911,0,0,11946,1493.250
1765544847.9389875,0,0,15087,1885.875
1765544847.9429889,0,0,15762,1970.250
1765544847.9469848,1,1,13745,1718.125
1765544847.9510162,0,0,9324,1165.500
1765544847.9549708,0,0,11746,1468.250
1765544847.9589822,0,0,15033,1879.125
1765544847.9629853,0,0,15764,1970.500
1765544847.9670699,1,1,13862,1732.750
1765544847.9710395,0,0,9432,1179.000
1765544847.9749777,0,0,11557,1444.625
1765544847.9789698,0,0,14982,1872.750
1765544847.9829865,0,0,15763,1970.375
1765544847.9869838,1,1,13950,1743.750
1765544847.9910216,0,0,9496,1187.000
1765544847.9949732,0,0,11264,1408.000
1765544847.998973,0,0,14900,1862.500
1765544848.0029855,0,0,15762,1970.250
1765544848.0069845,1,1,14096,1762.000
1765544848.011011,0,0,9660,1207.500
1765544848.0149906,0,0,11065,1383.125
1765544848.0190682,0,0,14841,1855.125
1765544848.0230157,0,0,15760,1970.000
1765544848.0270042,1,1,14214,1776.750
1765544848.0310218,0,0,9809,1226.125
1765544848.034986,0,0,10955,1369.375
1765544848.0389862,0,0,14807,1850.875
1765544848.0429864,0,0,15777,1972.125
1765544848.0469792,1,1,14504,1813.000
1765544848.0510042,0,0,10201,1275.125
1765544848.054973,0,0,10766,1345.750
1765544848.0589683,0,0,14732,1841.500
1765544848.062989,0,0,15750,1968.750
1765544848.0669878,1,1,14434,1804.250
1765544848.0710118,0,0,10090,1261.250
1765544848.0749803,0,0,10409,1301.125
1765544848.078971,0,0,14616,1827.000
1765544848.0829856,0,0,15733,1966.625
1765544848.086987,1,1,14606,1825.750
1765544848.0910327,0,0,10352,1294.000
1765544848.0949872,0,0,10338,1292.250
1765544848.0989842,0,0,14575,1821.875
1765544848.1029909,0,0,15726,1965.750
1765544848.106997,1,1,14663,1832.875
1765544848.1110141,0,0,10431,1303.875
1765544848.1149838,0,0,10049,1256.125
1765544848.1189866,0,0,15705,1963.125
1765544848.123001,0,0,14834,1854.250
1765544848.1269863,1,1,10719,1339.875
1765544848.1310146,0,0,9973,1246.625
1765544848.134984,0,0,14403,1800.375
1765544848.138994,0,0,15696,1962.000
1765544848.142984,0,0,14935,1866.875
1765544848.1469688,1,1,10895,1361.875
1765544848.1509666,0,0,9770,1221.250
1765544848.1549983,0,0,14291,1786.375
1765544848.1589828,0,0,15667,1958.375
1765544848.162986,0,0,14949,1868.625
1765544848.1670637,1,1,10932,1366.500
1765544848.1710536,0,0,9621,1202.625
1765544848.1749773,0,0,14213,1776.625
1765544848.178967,0,0,15657,1957.125
1765544848.1829865,0,0,15232,1904.000
1765544848.1869965,1,1,11496,1437.000
1765544848.1910203,0,0,9833,1229.125
1765544848.1949694,0,0,14230,1778.750
1765544848.1989684,0,0,15662,1957.750
1765544848.2029831,0,0,15366,1920.750
1765544848.2069836,1,1,11805,1475.625
1765544848.211015,0,0,9745,1218.125
1765544848.214987,0,0,14120,1765.000
1765544848.2190034,0,0,15625,1953.125
1765544848.222981,0,0,15354,1919.250
1765544848.2269645,1,1,11807,1475.875
1765544848.230967,0,0,9406,1175.750
1765544848.234986,0,0,13907,1738.375
1765544848.2389839,0,0,15560,1945.000
1765544848.242973,0,0,15176,1897.000
1765544848.2469664,1,1,11435,1429.375
1765544848.2509634,0,0,8953,1119.125
1765544848.2549884,0,0,13702,1712.750
1765544848.2589867,0,0,15516,1939.500
1765544848.2629888,0,0,15366,1920.750
1765544848.2669802,1,1,11900,1487.500
1765544848.2710085,0,0,9162,1145.250
1765544848.274983,0,0,13697,1712.125
1765544848.2789822,0,0,15518,1939.750
1765544848.2829878,0,0,15428,1928.500
1765544848.2869806,1,1,12059,1507.375
1765544848.2910151,0,0,9024,1128.000
1765544848.294986,0,0,13526,1690.750
1765544848.2989855,0,0,15471,1933.875
1765544848.3029864,0,0,15383,1922.875
1765544848.3069816,1,1,11970,1496.250
1765544848.3110077,0,0,8790,1098.750
1765544848.3149817,0,0,13354,1669.250
1765544848.3189845,0,0,15434,1929.250
1765544848.3229737,0,0,15567,1945.875
1765544848.3269653,1,1,12531,1566.375
1765544848.3309646,0,0,9043,1130.375
1765544848.3349657,0,0,13299,1662.375
1765544848.3389642,0,0,15420,1927.500
1765544848.3429842,0,0,15566,1945.750
1765544848.3469827,1,1,12539,1567.375
1765544848.3510108,0,0,8886,1110.750
1765544848.3549805,0,0,13103,1637.875
1765544848.3589807,0,0,15368,1921.000
1765544848.3629875,0,0,15577,1947.125
1765544848.3670642,1,1,12621,1577.625
1765544848.371035,0,0,8857,1107.125
1765544848.374971,0,0,12993,1624.125
1765544848.3789647,0,0,15344,1918.000
1765544848.3829808,0,0,15693,1961.625
1765544848.386982,1,1,13087,1635.875
1765544848.3910165,0,0,9132,1141.500
1765544848.394965,0,0,12906,1613.250
1765544848.398963,0,0,15313,1914.125
1765544848.4029932,0,0,15510,1938.750
1765544848.4069817,1,1,12449,1556.125
1765544848.4110084,0,0,8374,1046.750
1765544848.4149837,0,0,12417,1552.125
1765544848.4189906,0,0,15197,1899.625
1765544848.422985,0,0,15694,1961.750
1765544848.426983,1,1,13249,1656.125
1765544848.4310071,0,0,9080,1135.000
1765544848.4349904,0,0,12547,1568.375
1765544848.4389825,0,0,15235,1904.375
1765544848.4429836,0,0,15767,1970.875
1765544848.4469788,1,1,13580,1697.500
1765544848.4510167,0,0,9346,1168.250
1765544848.454994,0,0,12460,1557.500
1765544848.4589958,0,0,15210,1901.250
1765544848.4629707,0,0,15780,1972.500
1765544848.466964,1,1,13724,1715.500
1765544848.470964,0,0,9439,1179.875
1765544848.474994,0,0,12296,1537.000
1765544848.47898,0,0,15161,1895.125
1765544848.4829698,0,0,15777,1972.125
1765544848.4869592,1,1,13821,1727.625
1765544848.4909692,0,0,9479,1184.875
1765544848.4949844,0,0,12062,1507.750
1765544848.4989817,0,0,15096,1887.000
1765544848.5029848,0,0,15768,1971.000
1765544848.5069785,1,1,13900,1737.500
1765544848.5110025,0,0,9504,1188.000
1765544848.514984,0,0,11734,1466.750
1765544848.5189805,0,0,15006,1875.750
1765544848.5229847,0,0,15748,1968.500
1765544848.5269752,1,1,13942,1742.750
1765544848.5310056,0,0,9538,1192.250
1765544848.5349808,0,0,11538,1442.250
1765544848.5389795,0,0,14952,1869.000
1765544848.5429826,0,0,15762,1970.250
1765544848.5469809,1,1,14192,1774.000
1765544848.5510015,0,0,9815,1226.875
1765544848.5549774,0,0,11315,1414.375
1765544848.558979,0,0,14884,1860.500
1765544848.5629833,0,0,15739,1967.375
1765544848.5724974,0,0,11254,1406.750
1765544848.5749815,0,0,11254,1406.750
1765544848.5789633,0,0,14867,1858.375
1765544848.5829837,0,0,15774,1971.750
1765544848.586979,1,1,14686,1835.750
1765544848.591007,0,0,10509,1313.625
1765544848.5949767,0,0,11190,1398.750
1765544848.5989773,0,0,14826,1853.250
1765544848.60297,0,0,15744,1968.000
1765544848.6069632,1,1,14465,1808.125
1765544848.6109607,0,0,10162,1270.250
1765544848.614984,0,0,10727,1340.875
1765544848.6189775,0,0,14683,1835.375
1765544848.6229844,0,0,15711,1963.875
1765544848.6269786,1,1,14539,1817.375
1765544848.6310062,0,0,10280,1285.000
1765544848.6349797,0,0,10532,1316.500
1765544848.6389816,0,0,14610,1826.250
1765544848.6429746,0,0,15701,1962.625
1765544848.646965,1,1,14712,1839.000
1765544848.6509626,0,0,10550,1318.750
1765544848.6549807,0,0,10371,1296.375
1765544848.6589744,0,0,14536,1817.000
1765544848.6629722,0,0,15690,1961.250
1765544848.6669626,1,1,14899,1862.375
1765544848.6709616,0,0,10868,1358.500
1765544848.6749802,0,0,10345,1293.125
1765544848.6789782,0,0,14502,1812.750
1765544848.6829753,0,0,15680,1960.000
1765544848.68697,1,1,14975,1871.875
1765544848.6910028,0,0,11010,1376.250
1765544848.694977,0,0,10083,1260.375
1765544848.6990194,0,0,15643,1955.375
1765544848.70302,0,0,14945,1868.125
1765544848.7070158,1,1,10965,1370.625
1765544848.7110577,0,0,9787,1223.375
1765544848.7150168,0,0,14246,1780.750
1765544848.7190194,0,0,15615,1951.875
1765544848.7230227,0,0,15100,1887.500
1765544848.727016,1,1,11283,1410.375
1765544848.7310462,0,0,9794,1224.250
1765544848.7350218,0,0,14203,1775.375
1765544848.739017,0,0,15607,1950.875
1765544848.7430208,0,0,15231,1903.875
1765544848.7470112,1,1,11572,1446.500
1765544848.7510471,0,0,9715,1214.375
1765544848.755017,0,0,14108,1763.500
1765544848.75902,0,0,15577,1947.125
1765544848.7631435,0,0,15221,1902.625
1765544848.7673354,1,1,11567,1445.875
1765544848.7712166,0,0,9717,1214.625
1765544848.7750437,0,0,14104,1763.000
1765544848.77902,0,0,15582,1947.750
1765544848.783023,0,0,15496,1937.000
1765544848.7870188,1,1,12286,1535.750
1765544848.7910576,0,0,9751,1218.875
1765544848.7950163,0,0,13957,1744.625
1765544848.7989762,0,0,15530,1941.250
1765544848.802971,0,0,15256,1907.000
1765544848.8069718,1,1,11686,1460.750
1765544848.8109665,0,0,9071,1133.875
1765544848.8149765,0,0,13661,1707.625
1765544848.818972,0,0,15455,1931.875
1765544848.8231244,0,0,15349,1918.625
1765544848.826979,1,1,11962,1495.250
1765544848.8309627,0,0,9126,1140.750
1765544848.8349645,0,0,13611,1701.375
1765544848.838957,0,0,15448,1931.000
1765544848.8429606,0,0,15502,1937.750
1765544848.8469594,1,1,12412,1551.500
1765544848.8509583,0,0,9303,1162.875
1765544848.8549569,0,0,13565,1695.625
1765544848.858958,0,0,15434,1929.250
1765544848.8629773,0,0,15510,1938.750
1765544848.8669763,1,1,12456,1557.000
1765544848.8710012,0,0,9108,1138.500
1765544848.874969,0,0,13359,1669.875
1765544848.878972,0,0,15378,1922.250
1765544848.882977,0,0,15475,1934.375
1765544848.8869736,1,1,12390,1548.750
1765544848.8910046,0,0,8842,1105.250
1765544848.8949773,0,0,13126,1640.750
1765544848.8989735,0,0,15323,1915.375
1765544848.902975,0,0,15579,1947.375
1765544848.9069717,1,1,12797,1599.625
1765544848.9110003,0,0,9100,1137.500
1765544848.9149754,0,0,13111,1638.875
1765544848.918975,0,0,15320,1915.000
1765544848.9229724,0,0,15637,1954.625
1765544848.9269707,1,1,13043,1630.375
1765544848.9310017,0,0,9150,1143.750
1765544848.934977,0,0,12948,1618.500
1765544848.9389741,0,0,15275,1909.375
1765544848.9429753,0,0,15620,1952.500
1765544848.9469707,1,1,13027,1628.375
1765544848.9510012,0,0,9020,1127.500
1765544848.954971,0,0,12748,1593.500
1765544848.9589748,0,0,15224,1903.000
1765544848.9629765,0,0,15660,1957.500
1765544848.9669683,1,1,13276,1659.500
1765544848.9710932,0,0,9160,1145.000
1765544848.97498,0,0,12623,1577.875
1765544848.9789612,0,0,15191,1898.875
1765544848.982975,0,0,15664,1958.000
1765544848.9869697,1,1,13342,1667.750
1765544848.9910042,0,0,9146,1143.250
1765544848.9949598,0,0,12438,1554.750
1765544848.9989593,0,0,15143,1892.875
1765544849.0029747,0,0,15680,1960.000
1765544849.0069728,1,1,13506,1688.250
1765544849.011,0,0,9208,1151.000
1765544849.014975,0,0,12196,1524.500
1765544849.0189736,0,0,15079,1884.875
1765544849.0229776,0,0,15672,1959.000
1765544849.026971,1,1,13556,1694.500
1765544849.0309966,0,0,9200,1150.000
1765544849.0349715,0,0,11984,1498.000
1765544849.0389717,0,0,15027,1878.375
1765544849.0429835,0,0,15701,1962.625
1765544849.0469785,1,1,13829,1728.625
1765544849.050969,0,0,9459,1182.375
1765544849.054961,0,0,11817,1477.125
1765544849.0589576,0,0,14981,1872.625
1765544849.062975,0,0,15682,1960.250
1765544849.0669732,1,1,13786,1723.250
1765544849.070969,0,0,9364,1170.500
1765544849.0749562,0,0,11523,1440.375
1765544849.0789552,0,0,14904,1863.000
1765544849.082977,0,0,15694,1961.750
1765544849.0869734,1,1,14030,1753.750
1765544849.0909696,0,0,9646,1205.750
1765544849.094973,0,0,11410,1426.250
1765544849.0989726,0,0,14871,1858.875
1765544849.102975,0,0,15702,1962.750
1765544849.1069705,1,1,14191,1773.875
1765544849.1109989,0,0,9838,1229.750
1765544849.1149728,0,0,11237,1404.625
1765544849.1189706,0,0,14820,1852.500
1765544849.1229696,0,0,15701,1962.625
1765544849.1269703,1,1,14325,1790.625
1765544849.1309986,0,0,10000,1250.000
1765544849.1349707,0,0,11004,1375.500
1765544849.1389675,0,0,14745,1843.125
1765544849.1429737,0,0,15684,1960.500
1765544849.1469727,1,1,14380,1797.500
1765544849.1509693,0,0,10070,1258.750
1765544849.1549685,0,0,10766,1345.750
1765544849.1589677,0,0,14668,1833.500
1765544849.1629734,0,0,15680,1960.000
1765544849.1669528,1,1,14634,1829.250
1765544849.171078,0,0,10450,1306.250
1765544849.1749747,0,0,10692,1336.500
1765544849.1789606,0,0,14628,1828.500
1765544849.18297,0,0,15670,1958.750
1765544849.1869664,1,1,14685,1835.625
1765544849.19097,0,0,10528,1316.000
1765544849.1949573,0,0,10416,1302.000
1765544849.1989572,0,0,14524,1815.500
1765544849.2029717,0,0,15647,1955.875
1765544849.2069702,1,1,14803,1850.375
1765544849.2109697,0,0,10735,1341.875
1765544849.2149749,0,0,10242,1280.250
1765544849.2189739,0,0,14442,1805.250
1765544849.222976,0,0,15625,1953.125
1765544849.2269683,1,1,14802,1850.250
1765544849.2310026,0,0,10734,1341.750
1765544849.2349796,0,0,9979,1247.375
1765544849.2389748,0,0,14332,1791.500
1765544849.242964,0,0,15599,1949.875
1765544849.246951,1,1,14851,1856.375
1765544849.2509525,0,0,10829,1353.625
1765544849.2549772,0,0,9765,1220.625
1765544849.258972,0,0,14229,1778.625
1765544849.262964,0,0,15576,1947.000
1765544849.2669537,1,1,14944,1868.000
1765544849.270952,0,0,11011,1376.375
1765544849.274974,0,0,14143,1767.875
1765544849.2789714,0,0,15561,1945.125
1765544849.2829711,0,0,15088,1886.000
1765544849.2869692,1,1,11305,1413.125
1765544849.2909675,0,0,9466,1183.250
1765544849.2949705,0,0,14010,1751.250
1765544849.298968,0,0,15524,1940.500
1765544849.3029737,0,0,14989,1873.625
1765544849.3069682,1,1,11116,1389.500
1765544849.3109658,0,0,9131,1141.375
1765544849.3149643,0,0,13852,1731.500
1765544849.318966,0,0,15491,1936.375
1765544849.3229601,0,0,15141,1892.625
1765544849.3269527,1,1,11450,1431.250
1765544849.330953,0,0,9159,1144.875
1765544849.3349683,0,0,13794,1724.250
1765544849.338964,0,0,15482,1935.250
1765544849.3429725,0,0,15198,1899.750
1765544849.3469675,1,1,11580,1447.500
1765544849.350968,0,0,9056,1132.000
1765544849.3549643,0,0,13682,1710.250
1765544849.3589675,0,0,15458,1932.250
1765544849.3629713,0,0,15322,1915.250
1765544849.3669667,1,1,11895,1486.875
1765544849.3710904,0,0,9069,1133.625
1765544849.3749762,0,0,13594,1699.250
1765544849.3789525,0,0,15438,1929.750
1765544849.3829703,0,0,15374,1921.750
1765544849.3869736,1,1,12043,1505.375
1765544849.390969,0,0,8952,1119.000
1765544849.394953,0,0,13438,1679.750
1765544849.3989491,0,0,15399,1924.875
1765544849.4029672,0,0,15389,1923.625
1765544849.4069662,1,1,12110,1513.750
1765544849.4109964,0,0,8796,1099.500
1765544849.414975,0,0,13263,1657.875
1765544849.4189732,0,0,15359,1919.875
1765544849.4229658,0,0,15457,1932.125
1765544849.4269507,1,1,12340,1542.500
1765544849.430949,0,0,8810,1101.250
1765544849.4349716,0,0,13142,1642.750
1765544849.4389696,0,0,15330,1916.250
1765544849.4429574,0,0,15506,1938.250
1765544849.4469476,1,1,12515,1564.375
1765544849.4509501,0,0,8868,1108.500
1765544849.454975,0,0,13067,1633.375
1765544849.4589689,0,0,15315,1914.375
1765544849.462969,0,0,15598,1949.750
1765544849.466965,1,1,12861,1607.625
1765544849.4709644,0,0,8987,1123.375
1765544849.4749668,0,0,12918,1614.750
1765544849.4789672,0,0,15272,1909.000
1765544849.4829605,0,0,15510,1938.750
1765544849.4869468,1,1,12579,1572.375
1765544849.4909475,0,0,8549,1068.625
1765544849.4949696,0,0,12554,1569.250
1765544849.4990149,0,0,15185,1898.125
1765544849.5030177,0,0,15621,1952.625
1765544849.5070083,1,1,13086,1635.750
1765544849.5110416,0,0,8958,1119.750
1765544849.5150082,0,0,12569,1571.125
1765544849.5190117,0,0,15192,1899.000
1765544849.5230155,0,0,15656,1957.000
1765544849.5270102,1,1,13242,1655.250
1765544849.5310428,0,0,8979,1122.375
1765544849.5350096,0,0,12302,1537.750
1765544849.5390115,0,0,15120,1890.000
1765544849.5430133,0,0,15591,1948.875
1765544849.5470107,1,1,13026,1628.250
1765544849.5510416,0,0,8684,1085.500
1765544849.5550072,0,0,12012,1501.500
1765544849.5590086,0,0,15051,1881.375
1765544849.563027,0,0,15671,1958.875
1765544849.5670097,1,1,13484,1685.500
1765544849.5777826,0,0,15043,1880.375
1765544849.5796835,0,0,15043,1880.375
1765544849.5830133,0,0,15668,1958.500
1765544849.58702,1,1,13480,1685.000
1765544849.591045,0,0,9027,1128.375
1765544849.5950136,0,0,11592,1449.000
1765544849.5989664,0,0,14945,1868.125
1765544849.6029572,0,0,15642,1955.250
1765544849.6069477,1,1,13461,1682.625
1765544849.6109467,0,0,8959,1119.875
1765544849.614973,0,0,11288,1411.000
1765544849.6189637,0,0,14871,1858.875
1765544849.6229675,0,0,15702,1962.750
1765544849.6269653,1,1,13936,1742.000
1765544849.6309643,0,0,9505,1188.125
1765544849.6349647,0,0,11301,1412.625
1765544849.6389606,0,0,14872,1859.000
1765544849.6429663,0,0,15697,1962.125
1765544849.6469643,1,1,13895,1736.875
1765544849.6509638,0,0,9424,1178.000
1765544849.6549675,0,0,10980,1372.500
1765544849.658965,0,0,14782,1847.750
1765544849.6629672,0,0,15691,1961.375
1765544849.666965,1,1,14014,1751.750
1765544849.6709619,0,0,9552,1194.000
1765544849.6749668,0,0,10694,1336.750
1765544849.678966,0,0,14697,1837.125
1765544849.6829653,0,0,15691,1961.375
1765544849.68696,1,1,14188,1773.500
1765544849.6909637,0,0,9778,1222.250
1765544849.6949522,0,0,10559,1319.875
1765544849.6990044,0,0,14651,1831.375
1765544849.7030115,0,0,15693,1961.625
1765544849.707006,1,1,14322,1790.250
1765544849.7110405,0,0,9948,1243.500
1765544849.7150073,0,0,10326,1290.750
1765544849.719013,0,0,14567,1820.875
1765544849.7230148,0,0,15680,1960.000
1765544849.7270036,1,1,14397,1799.625
1765544849.7310398,0,0,10059,1257.375
1765544849.7350125,0,0,10094,1261.750
1765544849.7390096,0,0,14479,1809.875
1765544849.7430136,0,0,15672,1959.000
1765544849.7470043,1,1,14552,1819.000
1765544849.751037,0,0,10283,1285.375
1765544849.755007,0,0,9891,1236.375
1765544849.7590084,0,0,14390,1798.750
1765544849.7631338,0,0,15655,1956.875
1765544849.7673264,1,1,14611,1826.375
1765544849.7711172,0,0,10383,1297.875
1765544849.7750947,0,0,10009,1251.125
1765544849.7790248,0,0,14426,1803.250
1765544849.7830377,0,0,15689,1961.125
1765544849.7870314,1,1,15109,1888.625
1765544849.7910597,0,0,11245,1405.625
1765544849.7950077,0,0,10074,1259.250
1765544849.7989624,0,0,14376,1797.000
1765544849.8029711,0,0,15663,1957.875
1765544849.8069627,1,1,14957,1869.625
1765544849.8109622,0,0,10965,1370.625
1765544849.8149624,0,0,9519,1189.875
1765544849.8189604,0,0,14140,1767.500
1765544849.8229635,0,0,15596,1949.500
1765544849.8269625,1,1,14868,1858.500
1765544849.8309593,0,0,10827,1353.375
1765544849.8349626,0,0,9204,1150.500
1765544849.8389606,0,0,13991,1748.875
1765544849.8429623,0,0,15564,1945.500
1765544849.8469603,1,1,14941,1867.625
1765544849.8509626,0,0,10975,1371.875
1765544849.8549643,0,0,13917,1739.625
1765544849.858959,0,0,15559,1944.875
1765544849.862962,0,0,15232,1904.000
1765544849.8669596,1,1,11571,1446.375
1765544849.8709621,0,0,9177,1147.125
1765544849.8749614,0,0,13822,1727.750
1765544849.8789587,0,0,15529,1941.125
1765544849.8829625,0,0,15062,1882.750
1765544849.8869603,1,1,11213,1401.625
1765544849.8909583,0,0,8773,1096.625
1765544849.8949628,0,0,13641,1705.125
1765544849.8989592,0,0,15493,1936.625
1765544849.9029617,0,0,15274,1909.250
1765544849.906956,1,1,11695,1461.875
1765544849.9109597,0,0,8906,1113.250
1765544849.914961,0,0,13588,1698.500
1765544849.9189637,0,0,15483,1935.375
1765544849.9229608,0,0,15338,1917.250
1765544849.9269562,1,1,11851,1481.375
1765544849.9309602,0,0,8825,1103.125
1765544849.9349627,0,0,13456,1682.000
1765544849.93896,0,0,15451,1931.375
1765544849.942962,0,0,15363,1920.375
1765544849.9469588,1,1,11934,1491.750
1765544849.950959,0,0,8716,1089.500
1765544849.9549575,0,0,13321,1665.125
1765544849.9589596,0,0,15424,1928.000
1765544849.9629638,0,0,15533,1941.625
1765544849.9669557,1,1,12435,1554.375
1765544849.970957,0,0,8920,1115.000
1765544849.975046,0,0,13241,1655.125
1765544849.9789793,0,0,15402,1925.250
1765544849.9829595,0,0,15550,1943.750
1765544849.9869418,1,1,12512,1564.000
1765544849.9909403,0,0,8789,1098.625
1765544849.9949813,0,0,13031,1628.875
1765544849.9989438,0,0,15345,1918.125
1765544850.0029566,0,0,15513,1939.125
1765544850.0069597,1,1,12436,1554.500
1765544850.0109584,0,0,8576,1072.000
1765544850.0149632,0,0,12805,1600.625
1765544850.0189629,0,0,15291,1911.375
1765544850.0229652,0,0,15569,1946.125
1765544850.0269613,1,1,12659,1582.375
1765544850.0309985,0,0,8676,1084.500
1765544850.0349693,0,0,12704,1588.000
1765544850.0389628,0,0,15269,1908.625
1765544850.0429537,0,0,15673,1959.125
1765544850.0469453,1,1,13083,1635.375
1765544850.0509453,0,0,8935,1116.875
1765544850.0549605,0,0,12588,1573.500
1765544850.0589554,0,0,15238,1904.750
1765544850.0629504,0,0,15659,1957.375
1765544850.0669422,1,1,13065,1633.125
1765544850.0709424,0,0,8804,1100.500
1765544850.0749705,0,0,12333,1541.625
1765544850.0789413,0,0,15173,1896.625
1765544850.0829554,0,0,15681,1960.125
1765544850.0869586,1,1,13231,1653.875
1765544850.0909576,0,0,8902,1112.750
1765544850.0949576,0,0,12153,1519.125
1765544850.099003,0,0,15128,1891.000
1765544850.1030047,0,0,15705,1963.125
1765544850.107001,1,1,13401,1675.125
1765544850.1110344,0,0,8991,1123.875
1765544850.1150014,0,0,11923,1490.375
1765544850.1189997,0,0,15069,1883.625
1765544850.1230044,0,0,15683,1960.375
1765544850.1270013,1,1,13363,1670.375
1765544850.1310353,0,0,8878,1109.750
1765544850.1350024,0,0,11573,1446.625
1765544850.1389997,0,0,14978,1872.250
1765544850.143001,0,0,15660,1957.500
1765544850.146997,1,1,13345,1668.125
1765544850.151031,0,0,8840,1105.000
1765544850.1550016,0,0,11345,1418.125
1765544850.1590006,0,0,14924,1865.500
1765544850.1630006,0,0,15693,1961.625
1765544850.1669953,1,1,13567,1695.875
1765544850.1710339,0,0,9047,1130.875
1765544850.1750839,0,0,11142,1392.750
1765544850.1790142,0,0,14873,1859.125
1765544850.1830003,0,0,15722,1965.250
1765544850.186981,1,1,13805,1725.625
1765544850.1910272,0,0,9305,1163.125
1765544850.1950026,0,0,10985,1373.125
1765544850.1989613,0,0,14829,1853.625
1765544850.2029483,0,0,15710,1963.750
1765544850.206938,1,1,13779,1722.375
1765544850.21094,0,0,9242,1155.250
1765544850.2149985,0,0,10617,1327.125
1765544850.218965,0,0,14727,1840.875
1765544850.222962,0,0,15736,1967.000
1765544850.2269547,1,1,14147,1768.375
1765544850.2309551,0,0,9696,1212.000
1765544850.2349553,0,0,10526,1315.750
1765544850.2389731,0,0,14687,1835.875
1765544850.2429564,0,0,15710,1963.750
1765544850.246943,1,1,13998,1749.750
1765544850.2509398,0,0,9495,1186.875
1765544850.2549868,0,0,10092,1261.500
1765544850.258958,0,0,14551,1818.875
1765544850.2629535,0,0,15686,1960.750
1765544850.266943,1,1,14035,1754.375
1765544850.2709386,0,0,9544,1193.000
1765544850.2749863,0,0,9828,1228.500
1765544850.2789571,0,0,14465,1808.125
1765544850.2829597,0,0,15720,1965.000
1765544850.2869577,1,1,14544,1818.000
1765544850.2909536,0,0,10237,1279.625
1765544850.2949557,0,0,9949,1243.625
1765544850.2989995,0,0,14471,1808.875
1765544850.3030045,0,0,15722,1965.250
1765544850.306998,1,1,14521,1815.125
1765544850.3110325,0,0,10205,1275.625
1765544850.314997,0,0,9720,1215.000
1765544850.3189967,0,0,14375,1796.875
1765544850.3229892,0,0,15684,1960.500
1765544850.3269796,1,1,14331,1791.375
1765544850.3310208,0,0,9929,1241.125
1765544850.3349986,0,0,9201,1150.125
1765544850.3390055,0,0,14184,1773.000
1765544850.343001,0,0,15679,1959.875
1765544850.3469975,1,1,14872,1859.000
1765544850.3510292,0,0,10765,1345.625
1765544850.3549972,0,0,9417,1177.125
1765544850.3589976,0,0,14185,1773.125
1765544850.3629985,0,0,15663,1957.875
1765544850.3669975,1,1,14545,1818.125
1765544850.3710318,0,0,10243,1280.375
1765544850.3750904,0,0,8883,1110.375
1765544850.3790116,0,0,13987,1748.375
1765544850.3829913,0,0,15648,1956.000
1765544850.3869786,1,1,15086,1885.750
1765544850.3910265,0,0,11162,1395.250
1765544850.3949988,0,0,9280,1160.000
1765544850.3989577,0,0,14048,1756.000
1765544850.4029443,0,0,15667,1958.375
1765544850.4069347,1,1,15158,1894.750
1765544850.410937,0,0,11290,1411.250
1765544850.4149704,0,0,9172,1146.500
1765544850.4189413,0,0,13948,1743.500
1765544850.422953,0,0,15639,1954.875
1765544850.4269574,1,1,15189,1898.625
1765544850.430958,0,0,11366,1420.750
1765544850.4349427,0,0,13781,1722.625
1765544850.4389393,0,0,15592,1949.000
1765544850.442954,0,0,15095,1886.875
1765544850.446953,1,1,11201,1400.125
1765544850.4509513,0,0,8635,1079.375
1765544850.4549422,0,0,13599,1699.875
1765544850.4589386,0,0,15558,1944.750
1765544850.4629548,0,0,15383,1922.875
1765544850.4669511,1,1,11831,1478.875
1765544850.4709496,0,0,8893,1111.625
1765544850.474951,0,0,13583,1697.875
1765544850.4789546,0,0,15557,1944.625
1765544850.4829566,0,0,15458,1932.250
1765544850.486949,1,1,12020,1502.500
1765544850.4909499,0,0,8821,1102.625
1765544850.494953,0,0,13435,1679.375
1765544850.4989507,0,0,15516,1939.500
1765544850.5029447,0,0,15428,1928.500
1765544850.5069382,1,1,11971,1496.375
1765544850.5109332,0,0,8666,1083.250
1765544850.514952,0,0,13298,1662.250
1765544850.5189536,0,0,15486,1935.750
1765544850.5229552,0,0,15623,1952.875
1765544850.5269525,1,1,12546,1568.250
1765544850.5309467,0,0,8883,1110.375
1765544850.5349505,0,0,13173,1646.625
1765544850.5389504,0,0,15445,1930.625
1765544850.5429568,0,0,15434,1929.250
1765544850.5469499,1,1,12034,1504.250
1765544850.550951,0,0,8311,1038.875
1765544850.554951,0,0,12842,1605.250
1765544850.5589504,0,0,15365,1920.625
1765544850.562953,0,0,15537,1942.125
1765544850.5669513,1,1,12365,1545.625
1765544850.5709507,0,0,8446,1055.750
1765544850.5805023,0,0,15343,1917.875
1765544850.5829797,0,0,15619,1952.375
1765544850.5869586,1,1,12634,1579.250
1765544850.5910249,0,0,8655,1081.875
1765544850.594959,0,0,12738,1592.250
1765544850.5989387,0,0,15352,1919.000
1765544850.602951,0,0,15802,1975.250
1765544850.60695,1,1,13336,1667.000
1765544850.6109524,0,0,9111,1138.875
1765544850.6149411,0,0,12597,1574.625
1765544850.6189342,0,0,15309,1913.625
1765544850.6229515,0,0,15747,1968.375
1765544850.626952,1,1,13156,1644.500
1765544850.6309521,0,0,8847,1105.875
1765544850.6349607,0,0,12270,1533.750
1765544850.6389544,0,0,15214,1901.750
1765544850.64296,0,0,15514,1939.250
1765544850.6469572,1,1,12411,1551.375
1765544850.6509538,0,0,8044,1005.500
1765544850.6549392,0,0,11708,1463.500
1765544850.6589355,0,0,15083,1885.375
1765544850.6629493,0,0,15707,1963.375
1765544850.6669478,1,1,13196,1649.500
1765544850.670947,0,0,8759,1094.875
1765544850.674936,0,0,11815,1476.875
1765544850.6789348,0,0,15122,1890.250
1765544850.6829524,0,0,15806,1975.750
1765544850.686947,1,1,13618,1702.250
1765544850.6909502,0,0,9177,1147.125
1765544850.6949542,0,0,11771,1471.375
1765544850.6989546,0,0,15109,1888.625
1765544850.7029548,0,0,15833,1979.125
1765544850.7069473,1,1,13808,1726.000
1765544850.7109487,0,0,9317,1164.625
1765544850.7149518,0,0,11458,1432.250
1765544850.718963,0,0,15022,1877.750
1765544850.7229557,0,0,15824,1978.000
1765544850.7269466,1,1,13905,1738.125
1765544850.7309482,0,0,9408,1176.000
1765544850.734936,0,0,11223,1402.875
1765544850.738952,0,0,14952,1869.000
1765544850.742955,0,0,15804,1975.500
1765544850.7469528,1,1,13898,1737.250
1765544850.7509472,0,0,9384,1173.000
1765544850.7549503,0,0,10923,1365.375
1765544850.7589529,0,0,14867,1858.375
1765544850.7630792,0,0,15812,1976.500
1765544850.7672389,1,1,14120,1765.000
1765544850.7710457,0,0,9672,1209.000
1765544850.774958,0,0,10961,1370.125
1765544850.77904,0,0,14874,1859.250
1765544850.7829726,0,0,15856,1982.000
1765544850.786955,1,1,14554,1819.250
1765544850.79095,0,0,10217,1277.125
1765544850.7949514,0,0,10716,1339.500
1765544850.798948,0,0,14774,1846.750
1765544850.802953,0,0,15782,1972.750
1765544850.8069494,1,1,14115,1764.375
1765544850.8109477,0,0,9624,1203.000
1765544850.8149502,0,0,10125,1265.625
1765544850.8189597,0,0,14597,1824.625
1765544850.8229406,0,0,15785,1973.125
1765544850.8269336,1,1,14593,1824.125
1765544850.8309515,0,0,10287,1285.875
1765544850.8349578,0,0,10187,1273.375
1765544850.8389497,0,0,14584,1823.000
1765544850.8429508,0,0,15764,1970.500
1765544850.846932,1,1,14382,1797.750
1765544850.8509305,0,0,9980,1247.500
1765544850.854951,0,0,9732,1216.500
1765544850.8589463,0,0,14429,1803.625
1765544850.8629386,0,0,15741,1967.625
1765544850.8669422,1,1,14531,1816.375
1765544850.8709328,0,0,10203,1275.375
1765544850.8749542,0,0,9648,1206.000
1765544850.8789506,0,0,14378,1797.250
1765544850.8829515,0,0,15750,1968.750
1765544850.886945,1,1,14805,1850.625
1765544850.890951,0,0,10623,1327.875
1765544850.8949533,0,0,9621,1202.625
1765544850.8990014,0,0,14322,1790.250
1765544850.9029953,0,0,15739,1967.375
1765544850.9069898,1,1,14852,1856.500
1765544850.9110231,0,0,10701,1337.625
1765544850.914995,0,0,9431,1178.875
1765544850.9189937,0,0,14220,1777.500
1765544850.922992,0,0,15725,1965.625
1765544850.926989,1,1,15094,1886.750
1765544850.931021,0,0,11133,1391.625
1765544850.9349945,0,0,9443,1180.375
1765544850.9389915,0,0,14155,1769.375
1765544850.9429963,0,0,15706,1963.250
1765544850.9469903,1,1,15114,1889.250
1765544850.951021,0,0,11178,1397.250
1765544850.9549916,0,0,9225,1153.125
1765544850.958994,0,0,14017,1752.125
1765544850.9629972,0,0,15668,1958.500
1765544850.9669874,1,1,15048,1881.000
1765544850.9710267,0,0,11068,1383.500
1765544850.9749913,0,0,8859,1107.375
1765544850.979073,0,0,13820,1727.500
1765544850.983001,0,0,15627,1953.375
1765544850.9869742,1,1,15263,1907.875
1765544850.991016,0,0,11512,1439.000
1765544850.994994,0,0,8995,1124.375
1765544850.9989507,0,0,13784,1723.000
1765544851.0029416,0,0,15615,1951.875
1765544851.006932,1,1,15164,1895.500
1765544851.010928,0,0,11314,1414.250
1765544851.0149558,0,0,13593,1699.125
1765544851.01895,0,0,15575,1946.875
1765544851.0229473,0,0,15351,1918.875
1765544851.0269456,1,1,11727,1465.875
1765544851.030946,0,0,8703,1087.875
1765544851.034955,0,0,13482,1685.250
1765544851.0389497,0,0,15550,1943.750
1765544851.0429423,0,0,15414,1926.750
1765544851.0469325,1,1,11890,1486.250
1765544851.0509305,0,0,8661,1082.625
1765544851.054949,0,0,13363,1670.375
1765544851.0589492,0,0,15523,1940.375
1765544851.0629349,0,0,15474,1934.250
1765544851.0669293,1,1,12054,1506.750
1765544851.0709288,0,0,8577,1072.125
1765544851.0749469,0,0,13185,1648.125
1765544851.0789294,0,0,15479,1934.875
1765544851.0829468,0,0,15522,1940.250
1765544851.086945,1,1,12205,1525.625
1765544851.090945,0,0,8552,1069.000
1765544851.094949,0,0,13040,1630.000
1765544851.0989454,0,0,15446,1930.750
1765544851.1029475,0,0,15569,1946.125
1765544851.1069434,1,1,12355,1544.375
1765544851.110946,0,0,8522,1065.250
1765544851.1149473,0,0,12884,1610.500
1765544851.1189466,0,0,15414,1926.750
1765544851.122949,0,0,15770,1971.250
1765544851.1269438,1,1,13055,1631.875
1765544851.1309462,0,0,9066,1133.250
1765544851.134947,0,0,12933,1616.625
1765544851.1389487,0,0,15419,1927.375
1765544851.142947,0,0,15691,1961.375
1765544851.1469433,1,1,12768,1596.000
1765544851.150944,0,0,8623,1077.875
1765544851.1549487,0,0,12538,1567.250
1765544851.1589458,0,0,15312,1914.000
1765544851.1629455,0,0,15602,1950.250
1765544851.166943,1,1,12558,1569.750
1765544851.1709437,0,0,8339,1042.375
1765544851.174946,0,0,12239,1529.875
1765544851.1790292,0,0,15249,1906.125
1765544851.1829562,0,0,15814,1976.750
1765544851.1869323,1,1,13427,1678.375
1765544851.190927,0,0,9033,1129.125
1765544851.194948,0,0,12155,1519.375
1765544851.1989477,0,0,15222,1902.750
1765544851.2029412,0,0,15701,1962.625
1765544851.2069263,1,1,12971,1621.375
1765544851.2109253,0,0,8536,1067.000
1765544851.2149491,0,0,11824,1478.000
1765544851.218952,0,0,15143,1892.875
1765544851.2229521,0,0,15808,1976.000
1765544851.2269435,1,1,13514,1689.250
1765544851.2309406,0,0,9039,1129.875
1765544851.2350035,0,0,11762,1470.250
1765544851.2389596,0,0,15128,1891.000
1765544851.242947,0,0,15819,1977.375
1765544851.2469296,1,1,13594,1699.250
1765544851.2509246,0,0,9105,1138.125
1765544851.254944,0,0,11575,1446.875
1765544851.258943,0,0,15080,1885.000
1765544851.2629359,0,0,15866,1983.250
1765544851.2669277,1,1,13953,1744.125
1765544851.270928,0,0,9472,1184.000
1765544851.2749465,0,0,11415,1426.875
1765544851.278944,0,0,15031,1878.875
1765544851.28295,0,0,15856,1982.000
1765544851.286945,1,1,13991,1748.875
1765544851.2909443,0,0,9480,1185.000
1765544851.294945,0,0,11060,1382.500
1765544851.2989426,0,0,14927,1865.875
1765544851.3029466,0,0,15819,1977.375
1765544851.306944,1,1,13929,1741.125
1765544851.3109422,0,0,9396,1174.500
1765544851.3149712,0,0,10730,1341.250
1765544851.3189433,0,0,14831,1853.875
1765544851.3229322,0,0,15823,1977.875
1765544851.3269274,1,1,14113,1764.125
1765544851.3309302,0,0,9616,1202.000
1765544851.3349462,0,0,10571,1321.375
1765544851.3389423,0,0,14777,1847.125
1765544851.3429432,0,0,15816,1977.000
1765544851.346944,1,1,14157,1769.625
1765544851.3509436,0,0,9674,1209.250
1765544851.3549435,0,0,10343,1292.875
1765544851.3589406,0,0,14701,1837.625
1765544851.362945,0,0,15818,1977.250
1765544851.3669417,1,1,14325,1790.625
1765544851.3709457,0,0,9887,1235.875
1765544851.374946,0,0,10154,1269.250
1765544851.3790283,0,0,14628,1828.500
1765544851.382952,0,0,15825,1978.125
1765544851.386928,1,1,14595,1824.375
1765544851.3909283,0,0,10271,1283.875
1765544851.394946,0,0,10095,1261.875
1765544851.398945,0,0,14582,1822.750
1765544851.4029348,0,0,15817,1977.125
1765544851.4069223,1,1,14653,1831.625
1765544851.410924,0,0,10353,1294.125
1765544851.4149492,0,0,9817,1227.125
1765544851.4189444,0,0,14465,1808.125
1765544851.422948,0,0,15800,1975.000
1765544851.4269388,1,1,14863,1857.875
1765544851.4309402,0,0,10684,1335.500
1765544851.4349732,0,0,9735,1216.875
1765544851.438946,0,0,14397,1799.625
1765544851.4429529,0,0,15782,1972.750
1765544851.446939,1,1,14881,1860.125
1765544851.4509351,0,0,10725,1340.625
1765544851.4549258,0,0,9474,1184.250
1765544851.4589276,0,0,14263,1782.875
1765544851.4629252,0,0,15735,1966.875
1765544851.4669244,1,1,14677,1834.625
1765544851.4709213,0,0,10409,1301.125
1765544851.4749455,0,0,9021,1127.625
1765544851.4789455,0,0,14079,1759.875
1765544851.4829478,0,0,15714,1964.250
1765544851.4869409,1,1,15066,1883.250
1765544851.4909384,0,0,11065,1383.125
1765544851.4949698,0,0,9231,1153.875
1765544851.4989412,0,0,14082,1760.250
1765544851.5029461,0,0,15714,1964.250
1765544851.5069418,1,1,14993,1874.125
1765544851.5109386,0,0,10936,1367.000
1765544851.5149672,0,0,8925,1115.625
1765544851.5189412,0,0,13919,1739.875
1765544851.5229318,0,0,15678,1959.750
1765544851.5269265,1,1,15098,1887.250
1765544851.5309258,0,0,11137,1392.125
1765544851.5349426,0,0,8803,1100.375
1765544851.5389407,0,0,13794,1724.250
1765544851.5429454,0,0,15655,1956.875
1765544851.5469427,1,1,15278,1909.750
1765544851.550942,0,0,11499,1437.375
1765544851.5549738,0,0,8838,1104.750
1765544851.5589373,0,0,13714,1714.250
1765544851.562943,0,0,15645,1955.625
1765544851.5669398,1,1,15521,1940.125
1765544851.5709395,0,0,12059,1507.375
1765544851.5749469,0,0,9085,1135.625
1765544851.5842762,0,0,15641,1955.125
1765544851.586967,1,1,15641,1955.125
1765544851.5909445,0,0,12389,1548.625
1765544851.5949295,0,0,13612,1701.500
1765544851.5989246,0,0,15611,1951.375
1765544851.6029384,0,0,15645,1955.625
1765544851.6069376,1,1,12437,1554.625
1765544851.6109424,0,0,9042,1130.250
1765544851.6149542,0,0,13463,1682.875
1765544851.618925,0,0,15566,1945.750
1765544851.6229403,0,0,15653,1956.625
1765544851.6269372,1,1,12505,1563.125
1765544851.6309395,0,0,8961,1120.125
1765544851.6349714,0,0,13314,1664.250
1765544851.6389418,0,0,15526,1940.750
1765544851.6429384,0,0,15740,1967.500
1765544851.6469355,1,1,12834,1604.250
1765544851.650937,0,0,9101,1137.625
1765544851.654975,0,0,13223,1652.875
1765544851.6589384,0,0,15498,1937.250
1765544851.6629417,0,0,15762,1970.250
1765544851.6669385,1,1,12956,1619.500
1765544851.6709356,0,0,9041,1130.125
1765544851.674937,0,0,13034,1629.250
1765544851.678938,0,0,15446,1930.750
1765544851.6829445,0,0,15824,1978.000
1765544851.6869364,1,1,13277,1659.625
1765544851.6909335,0,0,9226,1153.250
1765544851.6949368,0,0,12930,1616.250
1765544851.6989415,0,0,15410,1926.250
1765544851.7029417,0,0,15804,1975.500
1765544851.7069345,1,1,13251,1656.375
1765544851.7109349,0,0,9059,1132.375
1765544851.7149377,0,0,12639,1579.875
1765544851.718936,0,0,15327,1915.875
1765544851.7229457,0,0,15721,1965.125
1765544851.7269387,1,1,13004,1625.500
1765544851.730937,0,0,8739,1092.375
1765544851.7349668,0,0,12350,1543.750
1765544851.7389379,0,0,15257,1907.125
1765544851.7429397,0,0,15827,1978.375
1765544851.746941,1,1,13573,1696.625
1765544851.750935,0,0,9235,1154.375
1765544851.7549372,0,0,12315,1539.375
1765544851.7589364,0,0,15245,1905.625
1765544851.7630615,0,0,15841,1980.125
1765544851.7672198,1,1,13683,1710.375
1765544851.7710185,0,0,9338,1167.250
1765544851.7749407,0,0,12228,1528.500
1765544851.7789352,0,0,15223,1902.875
1765544851.783027,0,0,15893,1986.625
1765544851.786951,1,1,14093,1761.625
1765544851.7909365,0,0,9752,1219.000
1765544851.7949696,0,0,12124,1515.500
1765544851.798934,0,0,15187,1898.375
1765544851.8029382,0,0,15872,1984.000
1765544851.806935,1,1,14059,1757.375
1765544851.810938,0,0,9663,1207.875
1765544851.8149652,0,0,11820,1477.500
1765544851.8189325,0,0,15099,1887.375
1765544851.8229287,0,0,15854,1981.750
1765544851.826942,1,1,14140,1767.500
1765544851.8309364,0,0,9725,1215.625
1765544851.8349793,0,0,11477,1434.625
1765544851.8389351,0,0,14997,1874.625
1765544851.8429365,0,0,15819,1977.375
1765544851.8469324,1,1,14094,1761.750
1765544851.8509357,0,0,9649,1206.125
1765544851.854938,0,0,11226,1403.250
1765544851.858937,0,0,14928,1866.000
1765544851.8629363,0,0,15838,1979.750
1765544851.8669372,1,1,14462,1807.750
1765544851.8709366,0,0,10138,1267.250
1765544851.8749647,0,0,11240,1405.000
1765544851.8789356,0,0,14920,1865.000
1765544851.882935,0,0,15840,1980.000
1765544851.8869336,1,1,14571,1821.375
1765544851.8909433,0,0,10280,1285.000
1765544851.8949513,0,0,11012,1376.500
1765544851.898923,0,0,14841,1855.125
1765544851.902938,0,0,15823,1977.875
1765544851.906937,1,1,14697,1837.125
1765544851.9109328,0,0,10476,1309.500
1765544851.914934,0,0,10863,1357.875
1765544851.9189372,0,0,14779,1847.375
1765544851.922942,0,0,15797,1974.625
1765544851.9269333,1,1,14624,1828.000
1765544851.930932,0,0,10353,1294.125
1765544851.9349387,0,0,10439,1304.875
1765544851.9389386,0,0,14634,1829.250
1765544851.942941,0,0,15758,1969.750
1765544851.946932,1,1,14633,1829.125
1765544851.9509323,0,0,10374,1296.750
1765544851.9549348,0,0,10147,1268.375
1765544851.958935,0,0,14525,1815.625
1765544851.962934,0,0,15744,1968.000
1765544851.9669325,1,1,14853,1856.625
1765544851.9709344,0,0,10727,1340.875
1765544851.9749348,0,0,10042,1255.250
1765544851.9789348,0,0,14458,1807.250
1765544851.9830203,0,0,15731,1966.375
1765544851.9869523,1,1,14966,1870.750
1765544851.9909337,0,0,10928,1366.000
1765544851.994917,0,0,9975,1246.875
1765544851.998919,0,0,14405,1800.625
1765544852.002936,0,0,15721,1965.125
1765544852.0069337,1,1,15097,1887.125
1765544852.0109317,0,0,11178,1397.250
1765544852.0149198,0,0,9891,1236.375
1765544852.0189192,0,0,14332,1791.500
1765544852.022938,0,0,15699,1962.375
1765544852.026937,1,1,15095,1886.875
1765544852.0309355,0,0,11186,1398.250
1765544852.034917,0,0,9696,1212.000
1765544852.0389175,0,0,14229,1778.625
1765544852.0429358,0,0,15683,1960.375
1765544852.0469363,1,1,15473,1934.125
1765544852.0509343,0,0,12044,1505.500
1765544852.0549407,0,0,10010,1251.250
1765544852.0589342,0,0,14244,1780.500
1765544852.062936,0,0,15676,1959.500
1765544852.0669389,1,1,15403,1925.375
1765544852.0709531,0,0,11879,1484.875
1765544852.074926,0,0,9660,1207.500
1765544852.0789173,0,0,14068,1758.500
1765544852.082933,0,0,15628,1953.500
1765544852.0869327,1,1,15564,1945.500
1765544852.0909338,0,0,12360,1545.000
1765544852.0949194,0,0,9803,1225.375
1765544852.098922,0,0,14024,1753.000
1765544852.1029332,0,0,15605,1950.625
1765544852.1069348,1,1,15470,1933.750
1765544852.1109304,0,0,12122,1515.250
1765544852.1149337,0,0,9403,1175.375
1765544852.1189349,0,0,13811,1726.375
1765544852.1229317,0,0,15535,1941.875
1765544852.1269307,1,1,15151,1893.875
1765544852.130933,0,0,11397,1424.625
1765544852.134934,0,0,8586,1073.250
1765544852.1389327,0,0,13442,1680.250
1765544852.1429324,0,0,15460,1932.500
1765544852.14693,1,1,15622,1952.750
1765544852.1509306,0,0,12695,1586.875
1765544852.1549335,0,0,9436,1179.500
1765544852.1589332,0,0,13605,1700.625
1765544852.1629443,0,0,15499,1937.375
1765544852.1669302,1,1,15584,1948.000
1765544852.1709273,0,0,12541,1567.625
1765544852.1749334,0,0,13387,1673.375
1765544852.1789422,0,0,15442,1930.250
1765544852.1830156,0,0,15679,1959.875
1765544852.1869466,1,1,12950,1618.750
1765544852.1909306,0,0,9323,1165.375
1765544852.194926,0,0,13321,1665.125
1765544852.1989186,0,0,15420,1927.500
1765544852.202932,0,0,15680,1960.000
1765544852.2069323,1,1,12986,1623.250
1765544852.2109418,0,0,9181,1147.625
1765544852.2149549,0,0,13111,1638.875
1765544852.2189176,0,0,15359,1919.875
1765544852.2229273,0,0,15597,1949.625
1765544852.226918,1,1,12734,1591.750
1765544852.2309127,0,0,8811,1101.375
1765544852.2349324,0,0,12825,1603.125
1765544852.2389448,0,0,15289,1911.125
1765544852.2429297,0,0,15700,1962.500
1765544852.2469182,1,1,13222,1652.750
1765544852.2509162,0,0,9109,1138.625
1765544852.2549326,0,0,12716,1589.500
1765544852.25893,0,0,15262,1907.750
1765544852.262925,0,0,15724,1965.500
1765544852.2669163,1,1,13382,1672.750
1765544852.2709157,0,0,9202,1150.250
1765544852.2749367,0,0,12606,1575.750
1765544852.2789288,0,0,15233,1904.125
1765544852.2829275,0,0,15751,1968.875
1765544852.2869287,1,1,13581,1697.625
1765544852.2909312,0,0,9311,1163.875
1765544852.294933,0,0,12424,1553.000
1765544852.2989824,0,0,15182,1897.750
1765544852.3029754,0,0,15741,1967.625
1765544852.3069742,1,1,13609,1701.125
1765544852.3110147,0,0,9270,1158.750
1765544852.3149772,0,0,12183,1522.875
1765544852.3189726,0,0,15118,1889.750
1765544852.3229573,0,0,15721,1965.125
1765544852.3269556,1,1,13588,1698.500
1765544852.3309567,0,0,9163,1145.375
1765544852.334975,0,0,11816,1477.000
1765544852.33897,0,0,15021,1877.625
1765544852.3429742,0,0,15681,1960.125
1765544852.3469696,1,1,13494,1686.750
1765544852.3509684,0,0,9044,1130.500
1765544852.3549738,0,0,11616,1452.000
1765544852.3589778,0,0,14977,1872.125
1765544852.3629732,0,0,15761,1970.125
1765544852.36697,1,1,14095,1761.875
1765544852.3709998,0,0,9697,1212.125
1765544852.374977,0,0,11551,1443.875
1765544852.3789747,0,0,14954,1869.250
1765544852.3830602,0,0,15712,1964.000
1765544852.386987,1,1,13762,1720.250
1765544852.391008,0,0,9206,1150.750
1765544852.3949552,0,0,10991,1373.875
1765544852.3989167,0,0,14805,1850.625
1765544852.402928,0,0,15689,1961.125
1765544852.406925,1,1,13835,1729.375
1765544852.4109275,0,0,9264,1158.000
1765544852.4149187,0,0,10568,1321.000
1765544852.4189148,0,0,14680,1835.000
1765544852.422932,0,0,15567,1945.875
1765544852.4269283,1,1,13266,1658.250
1765544852.430926,0,0,8600,1075.000
1765544852.4349284,0,0,9900,1237.500
1765544852.4389305,0,0,14506,1813.250
1765544852.44293,0,0,15639,1954.875
1765544852.4469278,1,1,13850,1731.250
1765544852.4509294,0,0,9272,1159.000
1765544852.4549515,0,0,10008,1251.000
1765544852.4589345,0,0,14534,1816.750
1765544852.462923,0,0,15672,1959.000
1765544852.4669154,1,1,13962,1745.250
1765544852.4709103,0,0,9424,1178.000
1765544852.474929,0,0,9822,1227.750
1765544852.4789298,0,0,14473,1809.125
1765544852.4829185,0,0,15686,1960.750
1765544852.4869132,1,1,14118,1764.750
1765544852.490913,0,0,9595,1199.375
1765544852.4949112,0,0,9519,1189.875
1765544852.49896,0,0,14355,1794.375
1765544852.5029726,0,0,15609,1951.125
1765544852.5069704,1,1,13698,1712.250
1765544852.51101,0,0,9079,1134.875
1765544852.5149727,0,0,8966,1120.750
1765544852.5189707,0,0,14182,1772.750
1765544852.522966,0,0,15645,1955.625
1765544852.5269704,1,1,14173,1771.625
1765544852.5310016,0,0,9671,1208.875
1765544852.5349686,0,0,8967,1120.875
1765544852.5389674,0,0,14142,1767.750
1765544852.542958,0,0,15652,1956.500
1765544852.5469487,1,1,14213,1776.625
1765544852.5509515,0,0,9717,1214.625
1765544852.554973,0,0,8704,1088.000
1765544852.5589685,0,0,14022,1752.750
1765544852.5629687,0,0,15659,1957.375
1765544852.5669699,1,1,14468,1808.500
1765544852.5709693,0,0,10077,1259.625
1765544852.5749543,0,0,8806,1100.750
1765544852.5789511,0,0,14030,1753.750
1765544852.5897105,0,0,10470,1308.750
1765544852.5916188,0,0,10470,1308.750
1765544852.594979,0,0,8952,1119.000
1765544852.5989306,0,0,14049,1756.125
1765544852.6029212,0,0,15704,1963.000
1765544852.6069098,1,1,14747,1843.375
1765544852.6109107,0,0,10480,1310.000
1765544852.61493,0,0,8454,1056.750
1765544852.6189296,0,0,13762,1720.250
1765544852.6229174,0,0,15634,1954.250
1765544852.626909,1,1,14725,1840.625
1765544852.6309073,0,0,10475,1309.375
1765544852.6349308,0,0,8279,1034.875
1765544852.6389296,0,0,13647,1705.875
1765544852.6429362,0,0,15627,1953.375
1765544852.6469316,1,1,14904,1863.000
1765544852.6509275,0,0,10787,1348.375
1765544852.654916,0,0,8303,1037.875
1765544852.658912,0,0,13576,1697.000
1765544852.6629274,0,0,15624,1953.000
1765544852.6669242,1,1,15054,1881.750
1765544852.6709223,0,0,11027,1378.375
1765544852.6749105,0,0,8238,1029.750
1765544852.678912,0,0,13457,1682.125
1765544852.6829274,0,0,15612,1951.500
1765544852.6869261,1,1,15335,1916.875
1765544852.690923,0,0,11577,1447.125
1765544852.6949234,0,0,8436,1054.500
1765544852.6989264,0,0,13400,1675.000
1765544852.7029297,0,0,15595,1949.375
1765544852.7069259,1,1,15226,1903.250
1765544852.7109227,0,0,11360,1420.000
1765544852.7149215,0,0,7996,999.500
1765544852.7189233,0,0,13065,1633.125
1765544852.7229335,0,0,15504,1938.000
1765544852.726926,1,1,14984,1873.000
1765544852.7309222,0,0,10956,1369.500
1765544852.7349107,0,0,7666,958.250
1765544852.738909,0,0,12915,1614.375
1765544852.7432199,0,0,15411,1926.375
1765544852.746947,1,1,15411,1926.375
1765544852.7509446,0,0,11787,1473.375
1765544852.7549434,0,0,13093,1636.625
1765544852.7589352,0,0,15557,1944.625
1765544852.763066,0,0,15743,1967.875
1765544852.7672307,1,1,12611,1576.375
1765544852.7710326,0,0,8802,1100.250
1765544852.7749236,0,0,13127,1640.875
1765544852.7789092,0,0,15563,1945.375
1765544852.7829359,0,0,15789,1973.625
1765544852.7869925,1,1,12767,1595.875
1765544852.7909217,0,0,8702,1087.750
1765544852.7949157,0,0,12821,1602.625
1765544852.7989085,0,0,15473,1934.125
1765544852.8029118,0,0,15691,1961.375
1765544852.8069084,1,1,12537,1567.125
1765544852.8109071,0,0,8354,1044.250
1765544852.8149123,0,0,12486,1560.750
1765544852.8189063,0,0,15388,1923.500
1765544852.823135,0,0,15737,1967.125
1765544852.8269844,1,1,12770,1596.250
1765544852.8312159,0,0,8608,1076.000
1765544852.8349688,0,0,12572,1571.500
1765544852.8389142,0,0,15414,1926.750
1765544852.8429103,0,0,15886,1985.750
1765544852.846905,1,1,13289,1661.125
1765544852.850907,0,0,8827,1103.375
1765544852.8549123,0,0,12128,1516.000
1765544852.858909,0,0,15287,1910.875
1765544852.8629105,0,0,15657,1957.125
1765544852.866905,1,1,12585,1573.125
1765544852.8709192,0,0,8118,1014.750
1765544852.8749344,0,0,11631,1453.875
1765544852.8789308,0,0,15169,1896.125
1765544852.882919,0,0,15820,1977.500
1765544852.886904,1,1,13263,1657.875
1765544852.8909037,0,0,8728,1091.000
1765544852.894926,0,0,11643,1455.375
1765544852.898924,0,0,15175,1896.875
1765544852.9029171,0,0,15831,1978.875
1765544852.9069054,1,1,13304,1663.000
1765544852.9109035,0,0,8740,1092.500
1765544852.9149282,0,0,11407,1425.875
1765544852.9189236,0,0,15113,1889.125
1765544852.9229279,0,0,15841,1980.125
1765544852.9269207,1,1,13409,1676.125
1765544852.9309213,0,0,8807,1100.875
1765544852.9349241,0,0,11095,1386.875
1765544852.9389231,0,0,15031,1878.875
1765544852.9429278,0,0,15864,1983.000
1765544852.946923,1,1,13606,1700.750
1765544852.9509199,0,0,9008,1126.000
1765544852.9549208,0,0,10902,1362.750
1765544852.9589267,0,0,14976,1872.000
1765544852.9629147,0,0,15897,1987.125
1765544852.9669075,1,1,13851,1731.375
1765544852.970907,0,0,9250,1156.250
1765544852.9749248,0,0,10657,1332.125
1765544852.9789226,0,0,14901,1862.625
1765544852.982927,0,0,15896,1987.000
1765544852.9870114,1,1,13957,1744.625
1765544852.9909377,0,0,9375,1171.875
1765544852.9949582,0,0,10521,1315.125
1765544852.9989061,0,0,14855,1856.875
1765544853.0029242,0,0,15891,1986.375
1765544853.0069232,1,1,13999,1749.875
1765544853.010924,0,0,9412,1176.500
1765544853.0149083,0,0,10199,1274.875
1765544853.0189054,0,0,14749,1843.625
1765544853.022924,0,0,15884,1985.500
1765544853.0269222,1,1,14113,1764.125
1765544853.0309217,0,0,9541,1192.625
1765544853.034951,0,0,9901,1237.625
1765544853.03893,0,0,14641,1830.125
1765544853.0429156,0,0,15871,1983.875
1765544853.0469074,1,1,14209,1776.125
1765544853.0509071,0,0,9673,1209.125
1765544853.054916,0,0,9614,1201.750
1765544853.058902,0,0,14525,1815.625
1765544853.062911,0,0,15832,1979.000
1765544853.0669165,1,1,14092,1761.500
1765544853.0709178,0,0,9529,1191.125
1765544853.0749204,0,0,9182,1147.750
1765544853.078917,0,0,14363,1795.375
1765544853.08292,0,0,15825,1978.125
1765544853.0869207,1,1,14304,1788.000
1765544853.090923,0,0,9820,1227.500
1765544853.0949252,0,0,9189,1148.625
1765544853.098923,0,0,14344,1793.000
1765544853.1029222,0,0,15854,1981.750
1765544853.1069183,1,1,14550,1818.750
1765544853.110918,0,0,10128,1266.000
1765544853.1149209,0,0,9072,1134.000
1765544853.118923,0,0,14255,1781.875
1765544853.1229227,0,0,15822,1977.750
1765544853.1269176,1,1,14411,1801.375
1765544853.1309173,0,0,9956,1244.500
1765544853.134925,0,0,8744,1093.000
1765544853.1389246,0,0,14110,1763.750
1765544853.1429245,0,0,15827,1978.375
1765544853.146917,1,1,14792,1849.000
1765544853.1509182,0,0,10491,1311.375
1765544853.1549203,0,0,8836,1104.500
1765544853.1589203,0,0,14079,1759.875
1765544853.1629252,0,0,15832,1979.000
1765544853.1669154,1,1,14919,1864.875
1765544853.1709156,0,0,10701,1337.625
1765544853.1749213,0,0,8686,1085.750
1765544853.1789193,0,0,13945,1743.125
1765544853.1829233,0,0,15807,1975.875
1765544853.1870146,1,1,15035,1879.375
1765544853.190934,0,0,10904,1363.000
1765544853.1949573,0,0,8722,1090.250
1765544853.1989076,0,0,13911,1738.875
1765544853.2029212,0,0,15809,1976.125
1765544853.2069204,1,1,15208,1901.000
1765544853.2109177,0,0,11180,1397.500
1765544853.2149053,0,0,8572,1071.500
1765544853.2189007,0,0,13737,1717.125
1765544853.222925,0,0,15765,1970.625
1765544853.2269216,1,1,15216,1902.000
1765544853.2309186,0,0,11210,1401.250
1765544853.2349172,0,0,8425,1053.125
1765544853.2389212,0,0,13593,1699.125
1765544853.2429216,0,0,15731,1966.375
1765544853.246904,1,1,15252,1906.500
1765544853.250904,0,0,11310,1413.750
1765544853.2549176,0,0,8352,1044.000
1765544853.2589154,0,0,13486,1685.750
1765544853.262908,0,0,15716,1964.500
1765544853.266904,1,1,15504,1938.000
1765544853.2709022,0,0,11808,1476.000
1765544853.274922,0,0,8509,1063.625
1765544853.2789161,0,0,13407,1675.875
1765544853.282921,0,0,15700,1962.500
1765544853.2869184,1,1,15673,1959.125
1765544853.2909212,0,0,12223,1527.875
1765544853.2949226,0,0,8642,1080.250
1765544853.298916,0,0,13291,1661.375
1765544853.3029199,0,0,15662,1957.750
1765544853.3069181,1,1,15541,1942.625
1765544853.310917,0,0,11935,1491.875
1765544853.3149164,0,0,8232,1029.000
1765544853.3189151,0,0,12993,1624.125
1765544853.3229082,0,0,15586,1948.250
1765544853.3268993,1,1,15550,1943.750
1765544853.3309028,0,0,11995,1499.375
1765544853.3349197,0,0,8174,1021.750
1765544853.33892,0,0,15554,1944.250
1765544853.3429213,0,0,15744,1968.000
1765544853.3469143,1,1,12512,1564.000
1765544853.3509197,0,0,8440,1055.000
1765544853.3549187,0,0,12711,1588.875
1765544853.3589172,0,0,15522,1940.250
1765544853.3629181,0,0,15701,1962.625
1765544853.3669136,1,1,12411,1551.375
1765544853.3709154,0,0,8271,1033.875
1765544853.3749235,0,0,12520,1565.000
1765544853.378917,0,0,15481,1935.125
1765544853.3829198,0,0,15907,1988.375
1765544853.3870044,1,1,13082,1635.250
1765544853.390929,0,0,8766,1095.750
1765544853.3949077,0,0,12473,1559.125
1765544853.3989005,0,0,15464,1933.000
1765544853.4029222,0,0,15853,1981.625
1765544853.406917,1,1,12921,1615.125
1765544853.4109166,0,0,8529,1066.125
1765544853.4149034,0,0,12137,1517.125
1765544853.4189003,0,0,15375,1921.875
1765544853.4229186,0,0,15875,1984.375
1765544853.4269192,1,1,13087,1635.875
1765544853.4309144,0,0,8612,1076.500
1765544853.4349127,0,0,11912,1489.000
1765544853.4389186,0,0,15319,1914.875
1765544853.4429226,0,0,15891,1986.375
1765544853.446916,1,1,13191,1648.875
1765544853.4509127,0,0,8667,1083.375
1765544853.4549203,0,0,11697,1462.125
1765544853.4589138,0,0,15265,1908.125
1765544853.462921,0,0,15971,1996.375
1765544853.4669135,1,1,13585,1698.125
1765544853.4709141,0,0,9049,1131.125
1765544853.4749148,0,0,11627,1453.375
1765544853.4789133,0,0,15245,1905.625
1765544853.4829187,0,0,15988,1998.500
1765544853.4869132,1,1,13706,1713.250
1765544853.490915,0,0,9130,1141.250
1765544853.4949203,0,0,11256,1407.000
1765544853.498968,0,0,15135,1891.875
1765544853.5029607,0,0,15882,1985.250
1765544853.5069582,1,1,13345,1668.125
1765544853.510959,0,0,8714,1089.250
1765544853.5149593,0,0,10736,1342.000
1765544853.5189593,0,0,14995,1874.375
1765544853.5229602,0,0,15899,1987.375
1765544853.5269544,1,1,13554,1694.250
1765544853.530959,0,0,8915,1114.375
1765544853.5349424,0,0,10564,1320.500
1765544853.5389369,0,0,14944,1868.000
1765544853.5429568,0,0,15874,1984.250
1765544853.5469599,1,1,13474,1684.250
1765544853.550959,0,0,8820,1102.500
1765544853.5549588,0,0,10197,1274.625
1765544853.5589564,0,0,14841,1855.125
1765544853.5629463,0,0,15940,1992.500
1765544853.5669348,1,1,13910,1738.750
1765544853.5709372,0,0,9289,1161.125
1765544853.574988,0,0,10107,1263.375
1765544853.5789561,0,0,14804,1850.500
1765544853.5829523,0,0,15990,1998.750
1765544853.5937274,0,0,10314,1289.250
1765544853.5956213,0,0,10314,1289.250
1765544853.5989232,0,0,14855,1856.875
1765544853.602914,0,0,16037,2004.625
1765544853.6068952,1,1,14566,1820.750
1765544853.6108944,0,0,10099,1262.375
1765544853.6149192,0,0,9845,1230.625
1765544853.618916,0,0,14651,1831.375
1765544853.622906,0,0,15891,1986.375
1765544853.6268938,1,1,13888,1736.000
1765544853.6308954,0,0,9276,1159.500
1765544853.6349165,0,0,9110,1138.750
1765544853.6389163,0,0,14420,1802.500
1765544853.642919,0,0,15916,1989.500
1765544853.6469111,1,1,14413,1801.625
1765544853.6509123,0,0,9914,1239.250
1765544853.654919,0,0,9182,1147.750
1765544853.6589162,0,0,14398,1799.750
1765544853.6629074,0,0,15927,1990.875
1765544853.6669004,1,1,14500,1812.500
1765544853.6708963,0,0,10033,1254.125
1765544853.6749213,0,0,9100,1137.500
1765544853.6789165,0,0,14343,1792.875
1765544853.6829088,0,0,15944,1993.000
1765544853.6868966,1,1,14782,1847.750
1765544853.6908941,0,0,10427,1303.375
1765544853.6949108,0,0,9022,1127.750
1765544853.6989558,0,0,14252,1781.500
1765544853.70295,0,0,15929,1991.125
1765544853.7069407,1,1,14851,1856.375
1765544853.710935,0,0,10530,1316.250
1765544853.7149992,0,0,8774,1096.750
1765544853.718956,0,0,14089,1761.125
1765544853.7229655,0,0,15878,1984.750
1765544853.7269573,1,1,14700,1837.500
1765544853.7309544,0,0,10331,1291.375
1765544853.7349565,0,0,8475,1059.375
1765544853.7389543,0,0,13941,1742.625
1765544853.7429595,0,0,15871,1983.875
1765544853.7469544,1,1,15034,1879.250
1765544853.7509556,0,0,10829,1353.625
1765544853.7549562,0,0,8524,1065.500
1765544853.7589538,0,0,13861,1732.625
1765544853.7630699,0,0,15863,1982.875
1765544853.7676423,1,1,15160,1895.000
1765544853.7710526,0,0,11056,1382.000
1765544853.7749488,0,0,8560,1070.000
1765544853.778936,0,0,13815,1726.875
1765544853.7829378,0,0,15864,1983.000
1765544853.7869399,1,1,15421,1927.625
1765544853.7910783,0,0,11527,1440.875
1765544853.7949605,0,0,8743,1092.875
1765544853.7989056,0,0,13781,1722.625
1765544853.8029156,0,0,15852,1981.500
1765544853.8069086,1,1,15387,1923.375
1765544853.8109124,0,0,11464,1433.000
1765544853.8149087,0,0,8404,1050.500
1765544853.8188937,0,0,13519,1689.875
1765544853.8228974,0,0,15781,1972.625
1765544853.8268929,1,1,15313,1914.125
1765544853.8308947,0,0,11349,1418.625
1765544853.8349137,0,0,8162,1020.250
1765544853.8389115,0,0,13335,1666.875
1765544853.8429127,0,0,15747,1968.375
1765544853.8469086,1,1,15565,1945.625
1765544853.850909,0,0,11872,1484.000
1765544853.8549023,0,0,8421,1052.625
1765544853.858912,0,0,13305,1663.125
1765544853.8629165,0,0,15746,1968.250
1765544853.8669093,1,1,15720,1965.000
1765544853.870908,0,0,12226,1528.250
1765544853.8749077,0,0,8444,1055.500
1765544853.8789117,0,0,13091,1636.375
1765544853.8829165,0,0,15684,1960.500
1765544853.8869402,1,1,15595,1949.375
1765544853.8909245,0,0,11972,1496.500
1765544853.8949027,0,0,8111,1013.875
1765544853.898898,0,0,12806,1600.750
1765544853.9029121,0,0,15615,1951.875
1765544853.9069073,1,1,15692,1961.500
1765544853.9109077,0,0,12240,1530.000
1765544853.9148989,0,0,8249,1031.125
1765544853.9188972,0,0,12732,1591.500
1765544853.9229162,0,0,15713,1964.125
1765544853.9269106,1,1,12302,1537.750
1765544853.9309072,0,0,8185,1023.125
1765544853.9349136,0,0,12512,1564.000
1765544853.9389107,0,0,15551,1943.875
1765544853.942912,0,0,15898,1987.250
1765544853.9469068,1,1,12836,1604.500
1765544853.950908,0,0,8517,1064.625
1765544853.954907,0,0,12391,1548.875
1765544853.9589071,0,0,15518,1939.750
1765544853.9629133,0,0,15853,1981.625
1765544853.9669075,1,1,12729,1591.125
1765544853.970911,0,0,8380,1047.500
1765544853.9749117,0,0,12174,1521.750
1765544853.9789045,0,0,15467,1933.375
1765544853.9829106,0,0,15972,1996.500
1765544853.9869077,1,1,13150,1643.750
1765544853.9910357,0,0,8682,1085.250
1765544853.9949093,0,0,12043,1505.375
1765544853.998894,0,0,15432,1929.000
1765544854.0029116,0,0,16010,2001.250
1765544854.0069091,1,1,13328,1666.000
1765544854.0109072,0,0,8763,1095.375
1765544854.014907,0,0,11710,1463.750
1765544854.0188932,0,0,15339,1917.375
1765544854.022912,0,0,15905,1988.125
1765544854.0269122,1,1,13037,1629.625
1765544854.0309095,0,0,8433,1054.125
1765544854.0349095,0,0,11221,1402.625
1765544854.0389085,0,0,15213,1901.625
1765544854.0429106,0,0,15950,1993.750
1765544854.0469043,1,1,13302,1662.750
1765544854.0509083,0,0,8676,1084.500
1765544854.0549161,0,0,11060,1382.500
1765544854.058909,0,0,15173,1896.625
1765544854.0629103,0,0,15986,1998.250
1765544854.0669053,1,1,13473,1684.125
1765544854.0709069,0,0,8825,1103.125
1765544854.0748968,0,0,10810,1351.250
1765544854.0788922,0,0,15103,1887.875
1765544854.0829053,0,0,16028,2003.500
1765544854.086905,1,1,13735,1716.875
1765544854.0909088,0,0,9118,1139.750
1765544854.094912,0,0,10780,1347.500
1765544854.0989585,0,0,15093,1886.625
1765544854.1029541,0,0,16086,2010.750
1765544854.106949,1,1,14051,1756.375
1765544854.1109483,0,0,9446,1180.750
1765544854.1149514,0,0,10552,1319.000
1765544854.1189573,0,0,15010,1876.250
1765544854.1229563,0,0,16067,2008.375
1765544854.1269484,1,1,14067,1758.375
1765544854.130948,0,0,9443,1180.375
1765544854.1349528,0,0,10182,1272.750
1765544854.1389499,0,0,14886,1860.750
1765544854.1429558,0,0,16045,2005.625
1765544854.1469483,1,1,14121,1765.125
1765544854.150949,0,0,9520,1190.000
1765544854.1549487,0,0,9926,1240.750
1765544854.158953,0,0,14790,1848.750
1765544854.1629574,0,0,16022,2002.750
1765544854.1669521,1,1,14120,1765.000
1765544854.1709468,0,0,9519,1189.875
1765544854.1749492,0,0,9623,1202.875
1765544854.178952,0,0,14678,1834.750
1765544854.1829557,0,0,16032,2004.000
1765544854.1869519,1,1,14359,1794.875
1765544854.1910763,0,0,9823,1227.875
1765544854.194948,0,0,9642,1205.250
1765544854.1988976,0,0,14660,1832.500
1765544854.2029119,0,0,16041,2005.125
1765544854.2069085,1,1,14448,1806.000
1765544854.2109103,0,0,9935,1241.875
1765544854.2149022,0,0,9339,1167.375
1765544854.2188883,0,0,14520,1815.000
1765544854.222913,0,0,16022,2002.750
1765544854.2269104,1,1,14553,1819.125
1765544854.230907,0,0,10081,1260.125
1765544854.2349033,0,0,9223,1152.875
1765544854.2389042,0,0,14451,1806.375
1765544854.2429082,0,0,16040,2005.000
1765544854.2469058,1,1,14906,1863.250
1765544854.2509038,0,0,10588,1323.500
1765544854.2548935,0,0,9240,1155.000
1765544854.258889,0,0,14390,1798.750
1765544854.2629097,0,0,16023,2002.875
1765544854.2668934,1,1,14888,1861.000
1765544854.2708893,0,0,10546,1318.250
1765544854.274891,0,0,8955,1119.375
1765544854.278889,0,0,14232,1779.000
1765544854.2829034,0,0,15993,1999.125
1765544854.2869053,1,1,15030,1878.750
1765544854.290906,0,0,10778,1347.250
1765544854.2948992,0,0,8949,1118.625
1765544854.298888,0,0,14181,1772.625
1765544854.3029075,0,0,15993,1999.125
1765544854.3069034,1,1,15252,1906.500
1765544854.310906,0,0,11136,1392.000
1765544854.3149066,0,0,8904,1113.000
1765544854.3189063,0,0,14068,1758.500
1765544854.3228948,0,0,15957,1994.625
1765544854.3268843,1,1,15140,1892.500
1765544854.33089,0,0,10973,1371.625
1765544854.3349075,0,0,8570,1071.250
1765544854.3389058,0,0,13872,1734.000
1765544854.3429089,0,0,15922,1990.250
1765544854.3469038,1,1,15453,1931.625
1765544854.350902,0,0,11537,1442.125
1765544854.3549051,0,0,8651,1081.375
1765544854.3589056,0,0,13749,1718.625
1765544854.36291,0,0,15884,1985.500
1765544854.3669024,1,1,15317,1914.625
1765544854.3709016,0,0,11289,1411.125
1765544854.3749096,0,0,8237,1029.625
1765544854.378908,0,0,13465,1683.125
1765544854.3829095,0,0,15806,1975.750
1765544854.386901,1,1,15160,1895.000
1765544854.3910367,0,0,11048,1381.000
1765544854.3949072,0,0,8024,1003.000
1765544854.398894,0,0,13364,1670.500
1765544854.402907,0,0,15807,1975.875
1765544854.4069061,1,1,15607,1950.875
1765544854.4109037,0,0,11880,1485.000
1765544854.4148984,0,0,8402,1050.250
1765544854.4188871,0,0,13323,1665.375
1765544854.4229076,0,0,15797,1974.625
1765544854.4269063,1,1,15583,1947.875
1765544854.430901,0,0,11835,1479.375
1765544854.4349034,0,0,8182,1022.750
1765544854.4389017,0,0,13072,1634.000
1765544854.442907,0,0,15735,1966.875
1765544854.4469028,1,1,15632,1954.000
1765544854.450907,0,0,11973,1496.625
1765544854.4549437,0,0,8154,1019.250
1765544854.4589076,0,0,12906,1613.250
1765544854.462895,0,0,15700,1962.500
1765544854.466888,1,1,15750,1968.750
1765544854.470886,0,0,12257,1532.125
1765544854.4749012,0,0,8169,1021.125
1765544854.478902,0,0,12635,1579.375
1765544854.482895,0,0,15631,1953.875
1765544854.4868858,1,1,15732,1966.500
1765544854.4908853,0,0,12257,1532.125
1765544854.494887,0,0,8145,1018.125
1765544854.4988852,0,0,12524,1565.500
1765544854.5029032,0,0,15842,1980.250
1765544854.506905,1,1,12539,1567.375
1765544854.5109022,0,0,8245,1030.625
1765544854.5149043,0,0,12295,1536.875
1765544854.5189006,0,0,15551,1943.875
1765544854.5229082,0,0,15810,1976.250
1765544854.5269034,1,1,12495,1561.875
1765544854.530904,0,0,8081,1010.125
1765544854.5349061,0,0,11886,1485.750
1765544854.5389032,0,0,15452,1931.500
1765544854.5429044,0,0,15884,1985.500
1765544854.5468993,1,1,12747,1593.375
1765544854.5509033,0,0,8268,1033.500
1765544854.5549037,0,0,11761,1470.125
1765544854.5589027,0,0,15428,1928.500
1765544854.562904,0,0,15944,1993.000
1765544854.5669,1,1,12937,1617.125
1765544854.5709035,0,0,8387,1048.375
1765544854.5748973,0,0,11559,1444.875
1765544854.578885,0,0,15381,1922.625
1765544854.582881,0,0,16036,2004.500
1765544854.5868816,1,1,13280,1660.000
1765544854.5964122,0,0,11562,1445.250
1765544854.5989292,0,0,15386,1923.250
1765544854.6029058,0,0,16168,2021.000
1765544854.6068838,1,1,13832,1729.000
1765544854.6108828,0,0,9200,1150.000
1765544854.6149092,0,0,11264,1408.000
1765544854.6189046,0,0,15286,1910.750
1765544854.6228955,0,0,15930,1991.250
1765544854.6268833,1,1,13008,1626.000
1765544854.6308818,0,0,8353,1044.125
1765544854.6349075,0,0,10511,1313.875
1765544854.6389055,0,0,15084,1885.500
1765544854.642907,0,0,15987,1998.375
1765544854.6468968,1,1,13359,1669.875
1765544854.6509013,0,0,8691,1086.375
1765544854.6549056,0,0,10387,1298.375
1765544854.6588998,0,0,15047,1880.875
1765544854.6629047,0,0,16004,2000.500
1765544854.6669018,1,1,13435,1679.375
1765544854.6708972,0,0,8763,1095.375
1765544854.6748974,0,0,10136,1267.000
1765544854.6788986,0,0,14976,1872.000
1765544854.682904,0,0,16103,2012.875
1765544854.6868997,1,1,13929,1741.125
1765544854.6908991,0,0,9281,1160.125
1765544854.6949034,0,0,10173,1271.625
1765544854.6988974,0,0,14972,1871.500
1765544854.7029018,0,0,16112,2014.000
1765544854.7068994,1,1,13977,1747.125
1765544854.710899,0,0,9357,1169.625
1765544854.714896,0,0,9819,1227.375
1765544854.718898,0,0,14842,1855.250
1765544854.7229075,0,0,16099,2012.375
1765544854.7269013,1,1,14068,1758.500
1765544854.7308972,0,0,9445,1180.625
1765544854.7349064,0,0,9617,1202.125
1765544854.7388988,0,0,14761,1845.125
1765544854.7428997,0,0,16104,2013.000
1765544854.746898,1,1,14194,1774.250
1765544854.750898,0,0,9600,1200.000
1765544854.7549,0,0,9374,1171.750
1765544854.7588978,0,0,14646,1830.750
1765544854.7630198,0,0,16085,2010.625
1765544854.7672021,1,1,14230,1778.750
1765544854.770934,0,0,9654,1206.750
1765544854.774967,0,0,9225,1153.125
1765544854.7788813,0,0,14583,1822.875
1765544854.7828767,0,0,16143,2017.875
1765544854.7868834,1,1,14761,1845.125
1765544854.790882,0,0,10325,1290.625
1765544854.7949688,0,0,9279,1159.875
1765544854.7989004,0,0,14533,1816.625
1765544854.802884,0,0,16125,2015.625
1765544854.8068786,1,1,14717,1839.625
1765544854.810878,0,0,10266,1283.250
1765544854.8148866,0,0,8981,1122.625
1765544854.8188846,0,0,14378,1797.250
1765544854.8228922,0,0,16073,2009.125
1765544854.8268816,1,1,14593,1824.125
1765544854.8308797,0,0,10096,1262.000
1765544854.834906,0,0,8582,1072.750
1765544854.8389013,0,0,14184,1773.000
1765544854.8429008,0,0,16062,2007.750
1765544854.8468947,1,1,14922,1865.250
1765544854.8508964,0,0,10556,1319.500
1765544854.854902,0,0,8691,1086.375
1765544854.8588989,0,0,14161,1770.125
1765544854.862903,0,0,16078,2009.750
1765544854.8668973,1,1,15171,1896.375
1765544854.8708937,0,0,10931,1366.375
1765544854.8748853,0,0,8716,1089.500
1765544854.8788824,0,0,14076,1759.500
1765544854.882907,0,0,16052,2006.500
1765544854.8868978,1,1,15126,1890.750
1765544854.8908958,0,0,10870,1358.750
1765544854.894891,0,0,8446,1055.750
1765544854.898895,0,0,13896,1737.000
1765544854.9029036,0,0,16026,2003.250
1765544854.906897,1,1,15473,1934.125
1765544854.9108942,0,0,11460,1432.500
1765544854.914885,0,0,8650,1081.250
1765544854.9188843,0,0,13846,1730.750
1765544854.9229002,0,0,16000,2000.000
1765544854.9268956,1,1,15250,1906.250
1765544854.9308934,0,0,11088,1386.000
1765544854.9348986,0,0,8152,1019.000
1765544854.938895,0,0,13556,1694.500
1765544854.9428985,0,0,15941,1992.625
1765544854.9468973,1,1,15532,1941.500
1765544854.9508958,0,0,11599,1449.875
1765544854.9548924,0,0,8278,1034.750
1765544854.9588916,0,0,13440,1680.000
1765544854.9628997,0,0,15912,1989.000
1765544854.966895,1,1,15530,1941.250
1765544854.9708946,0,0,11619,1452.375
1765544854.974899,0,0,8161,1020.125
1765544854.978893,0,0,13281,1660.125
1765544854.9828959,0,0,15877,1984.625
1765544854.9868946,1,1,15657,1957.125
1765544854.9909155,0,0,11882,1485.250
1765544854.9949782,0,0,8231,1028.875
1765544854.9989123,0,0,13155,1644.375
1765544855.0028944,0,0,15848,1981.000
1765544855.0068793,1,1,15715,1964.375
1765544855.0108838,0,0,12012,1501.500
1765544855.014901,0,0,8109,1013.625
1765544855.0188932,0,0,12881,1610.125
1765544855.022887,0,0,15780,1972.500
1765544855.0268807,1,1,15750,1968.750
1765544855.0308828,0,0,12125,1515.625
1765544855.034903,0,0,8113,1014.125
1765544855.0388947,0,0,12726,1590.750
1765544855.0428972,0,0,15745,1968.125
1765544855.0468924,1,1,15839,1979.875
1765544855.050894,0,0,12336,1542.000
1765544855.054902,0,0,8131,1016.375
1765544855.0589209,0,0,12460,1557.500
1765544855.0628965,0,0,15675,1959.375
1765544855.06688,1,1,15770,1971.250
1765544855.070878,0,0,12213,1526.625
1765544855.0748923,0,0,7952,994.000
1765544855.0788813,0,0,12234,1529.250
1765544855.0828755,0,0,15631,1953.875
1765544855.086875,1,1,12974,1621.750
1765544855.0908768,0,0,8553,1069.125
1765544855.0948985,0,0,12264,1533.000
1765544855.0989444,0,0,15640,1955.000
1765544855.1029425,0,0,16085,2010.625
1765544855.1069393,1,1,13072,1634.000
1765544855.1109405,0,0,8573,1071.625
1765544855.1149406,0,0,12008,1501.000
1765544855.118942,0,0,15569,1946.125
1765544855.1229463,0,0,16047,2005.875
1765544855.12694,1,1,13017,1627.125
1765544855.130937,0,0,8468,1058.500
1765544855.1349719,0,0,11621,1452.625
1765544855.1389403,0,0,15466,1933.250
1765544855.1429439,0,0,16053,2006.625
1765544855.146938,1,1,13109,1638.625
1765544855.1509361,0,0,8508,1063.500
1765544855.154974,0,0,11392,1424.000
1765544855.1589417,0,0,15408,1926.000
1765544855.162943,0,0,16119,2014.875
1765544855.1669388,1,1,13380,1672.500
1765544855.170937,0,0,8764,1095.500
1765544855.1749718,0,0,11284,1410.500
1765544855.1789362,0,0,15378,1922.250
1765544855.182942,0,0,16151,2018.875
1765544855.18694,1,1,13532,1691.500
1765544855.1909368,0,0,8870,1108.750
1765544855.195036,0,0,10905,1363.125
1765544855.1989226,0,0,15266,1908.250
1765544855.2028973,0,0,16125,2015.625
1765544855.2068794,0,1,13547,1693.375
1765544855.2108784,1,0,8901,1112.625
1765544855.214896,0,0,10633,1329.125
1765544855.218893,0,0,15187,1898.375
1765544855.2228837,0,0,16171,2021.375
1765544855.2268813,0,1,13806,1725.750
1765544855.230878,0,0,9145,1143.125
1765544855.2348976,0,0,10489,1311.125
1765544855.2388923,0,0,15138,1892.250
1765544855.2428954,0,0,16211,2026.375
1765544855.246892,1,1,14054,1756.750
1765544855.250894,0,0,9424,1178.000
1765544855.2549012,0,0,10355,1294.375
1765544855.2588918,0,0,15084,1885.500
1765544855.2628937,0,0,16238,2029.750
1765544855.2668943,1,1,14294,1786.750
1765544855.2708933,0,0,9680,1210.000
1765544855.2749014,0,0,10276,1284.500
1765544855.2788923,0,0,15043,1880.375
1765544855.2828834,0,0,16259,2032.375
1765544855.2868755,0,1,14516,1814.500
1765544855.290879,0,0,9955,1244.375
1765544855.294893,0,0,10047,1255.875
1765544855.2988942,0,0,14938,1867.250
1765544855.3028817,0,0,16236,2029.500
1765544855.3068752,0,1,14575,1821.875
1765544855.3108764,0,0,10043,1255.375
1765544855.3148987,0,0,9863,1232.875
1765544855.3188941,0,0,14852,1856.500
1765544855.3228834,0,0,16229,2028.625
1765544855.3268735,0,0,14723,1840.375
1765544855.330875,0,0,10238,1279.750
1765544855.3348963,0,0,9724,1215.500
1765544855.338894,0,0,14775,1846.875
1765544855.3428948,0,0,16234,2029.250
1765544855.346889,0,1,15011,1876.375
1765544855.3508883,0,0,10641,1330.125
1765544855.354892,0,0,9675,1209.375
1765544855.3588912,0,0,14701,1837.625
1765544855.3628957,0,0,16212,2026.500
1765544855.366891,0,1,15046,1880.750
1765544855.3708887,0,0,10692,1336.500
1765544855.3748965,0,0,9386,1173.250
1765544855.3788908,0,0,14543,1817.875
1765544855.382896,0,0,16167,2020.875
1765544855.3868916,0,0,15051,1881.375
1765544855.3908885,0,0,10725,1340.625
1765544855.3949683,0,0,9078,1134.750
1765544855.3989112,0,0,14368,1796.000
1765544855.402891,0,0,16123,2015.375
1765544855.4068778,0,0,15101,1887.625
1765544855.410874,0,0,10830,1353.750
1765544855.4148946,0,0,8915,1114.375
1765544855.4188912,0,0,14236,1779.500
1765544855.4228837,0,0,16057,2007.125
1765544855.4268787,0,0,14733,1841.625
1765544855.4308732,1,0,10306,1288.250
1765544855.4348943,0,0,8401,1050.125
1765544855.4388907,0,0,14028,1753.500
1765544855.4428947,0,0,16068,2008.500
1765544855.4468915,0,0,15543,1942.875
1765544855.4509003,0,0,11561,1445.125
1765544855.4548848,0,0,9039,1129.875
1765544855.4588747,0,0,14133,1766.625
1765544855.46289,0,0,16090,2011.250
1765544855.466891,0,0,15489,1936.125
1765544855.4708908,1,0,11459,1432.375
1765544855.4748778,0,0,8609,1076.125
1765544855.478872,0,0,13836,1729.500
1765544855.4828923,0,0,16007,2000.875
1765544855.486891,0,0,15422,1927.750
1765544855.4908907,0,0,11372,1421.500
1765544855.4948952,0,0,8370,1046.250
1765544855.4989355,0,0,13644,1705.500
1765544855.5029364,0,0,15965,1995.625
1765544855.5069358,0,0,15565,1945.625
1765544855.5109313,0,0,11645,1455.625
1765544855.5149753,0,0,8416,1052.000
1765544855.5189354,0,0,13551,1693.875
1765544855.5229375,0,0,15947,1993.375
1765544855.5269325,0,0,15703,1962.875
1765544855.5309336,0,0,11931,1491.375
1765544855.5349643,0,0,8288,1036.000
1765544855.5389338,0,0,13260,1657.500
1765544855.5429354,0,0,15866,1983.250
1765544855.546929,0,0,15542,1942.750
1765544855.5509322,0,0,11655,1456.875
1765544855.554963,0,0,8002,1000.250
1765544855.558934,0,0,13056,1632.000
1765544855.5629334,0,0,15825,1978.125
1765544855.5669277,0,0,15714,1964.250
1765544855.5709298,0,0,12019,1502.375
1765544855.5749176,0,0,8131,1016.375
1765544855.5789149,0,0,12927,1615.875
1765544855.5829325,0,0,15796,1974.500
1765544855.586929,0,0,15752,1969.000
1765544855.59093,1,0,12106,1513.250
1765544855.6012826,0,0,15756,1969.500
1765544855.6031358,0,0,15756,1969.500
1765544855.6068869,0,0,15837,1979.625
1765544855.6108856,0,0,12318,1539.750
1765544855.6148832,0,0,8198,1024.750
1765544855.618876,0,0,12657,1582.125
1765544855.622872,0,0,15745,1968.125
1765544855.62687,0,0,16143,2017.875
1765544855.6308706,0,0,13166,1645.750
1765544855.6348715,0,0,8837,1104.625
1765544855.6388712,0,0,12703,1587.875
1765544855.642901,0,0,15752,1969.000
1765544855.6468887,0,0,16119,2014.875
1765544855.6508837,0,0,13109,1638.625
1765544855.654888,0,0,8707,1088.375
1765544855.658888,0,0,12411,1551.375
1765544855.6628938,0,0,15670,1958.750
1765544855.666896,0,0,13307,1663.375
1765544855.6708872,0,0,8819,1102.375
1765544855.6748726,0,0,12194,1524.250
1765544855.6788702,0,0,15608,1951.000
1765544855.6828887,0,0,16108,2013.500
1765544855.6868894,0,0,13204,1650.500
1765544855.690887,0,0,8661,1082.625
1765544855.6948812,0,0,11871,1483.875
1765544855.6988728,0,0,15522,1940.250
1765544855.7028897,0,0,16132,2016.500
1765544855.7068887,0,0,13368,1671.000
1765544855.7108872,1,0,8791,1098.875
1765544855.7148867,0,0,11713,1464.125
1765544855.7188857,0,0,15483,1935.375
1765544855.7228897,0,0,16236,2029.500
1765544855.7268913,0,0,13843,1730.375
1765544855.730891,0,0,9255,1156.875
1765544855.734894,0,0,11630,1453.750
1765544855.7388844,0,0,15452,1931.500
1765544855.7428865,0,0,16237,2029.625
1765544855.7468877,0,0,13911,1738.875
1765544855.7508862,1,0,9302,1162.750
1765544855.7548866,0,0,11289,1411.125
1765544855.758884,0,0,15349,1918.625
1765544855.7630048,0,0,16204,2025.500
1765544855.7671735,1,1,13893,1736.625
1765544855.770916,1,0,9289,1161.125
1765544855.774879,0,0,11140,1392.500
1765544855.7788706,0,0,15304,1913.000
1765544855.782871,0,0,16244,2030.500
1765544855.7868693,0,0,14175,1771.875
1765544855.7908702,0,0,9561,1195.125
1765544855.7948737,0,0,10788,1348.500
1765544855.798952,0,0,15186,1898.250
1765544855.8028924,0,0,16208,2026.000
1765544855.8068714,0,0,14158,1769.750
1765544855.8108723,0,0,9556,1194.500
1765544855.8148935,0,0,10655,1331.875
1765544855.8188858,0,0,15142,1892.750
1765544855.8228722,0,0,16270,2033.750
1765544855.8268895,0,0,14677,1834.625
1765544855.8308837,1,0,10177,1272.125
1765544855.8348913,0,0,10704,1338.000
1765544855.8388855,0,0,15130,1891.250
1765544855.8428857,0,0,16268,2033.500
1765544855.8468807,0,0,14759,1844.875
1765544855.8508794,0,0,10284,1285.500
1765544855.8548853,0,0,10436,1304.500
1765544855.8588855,0,0,15020,1877.500
1765544855.8628857,0,0,16241,2030.125
1765544855.8668828,0,0,14840,1855.000
1765544855.8708866,1,0,10405,1300.625
1765544855.8748865,0,0,10324,1290.500
1765544855.8788846,0,0,14961,1870.125
1765544855.8828766,0,0,16235,2029.375
1765544855.8868694,0,0,15038,1879.750
1765544855.890865,0,0,10700,1337.500
1765544855.8948848,0,0,10099,1262.375
1765544855.8988862,0,0,14839,1854.875
1765544855.9028764,0,0,16189,2023.625
1765544855.906869,0,0,14939,1867.375
1765544855.9108655,0,0,10570,1321.250
1765544855.914888,0,0,9648,1206.000
1765544855.918883,0,0,14649,1831.125
1765544855.9228902,0,0,16149,2018.625
1765544855.9268858,0,0,15106,1888.250
1765544855.9308848,0,0,10826,1353.250
1765544855.9348772,0,0,9598,1199.750
1765544855.9388776,0,0,14584,1823.000
1765544855.9428883,0,0,16120,2015.000
1765544855.9468834,0,0,14985,1873.125
1765544855.950885,0,0,10659,1332.375
1765544855.9548829,0,0,9259,1157.375
1765544855.958882,0,0,14424,1803.000
1765544855.9628856,0,0,16093,2011.625
1765544855.9668827,0,0,15185,1898.125
1765544855.9708853,1,0,10977,1372.125
1765544855.9748878,0,0,9288,1161.000
1765544855.9788826,0,0,14382,1797.750
1765544855.9828851,0,0,16094,2011.750
1765544855.9868839,0,0,15447,1930.875
1765544855.9908834,0,0,11425,1428.125
1765544855.994885,0,0,9276,1159.500
1765544855.9989626,0,0,14281,1785.125
1765544856.0028949,0,0,16064,2008.000
1765544856.0068715,0,0,15453,1931.625
1765544856.0108702,1,0,11434,1429.250
1765544856.0148892,0,0,9004,1125.500
1765544856.0188828,0,0,14097,1762.125
1765544856.0228739,0,0,16016,2002.000
1765544856.0268657,0,0,15533,1941.625
1765544856.0308688,0,0,11612,1451.500
1765544856.034889,0,0,8947,1118.375
1765544856.0388863,0,0,13987,1748.375
1765544856.0428867,0,0,15984,1998.000
1765544856.0468812,0,0,15514,1939.250
1765544856.0508814,1,0,11596,1449.500
1765544856.0548892,0,0,8750,1093.750
1765544856.0588872,0,0,13832,1729.000
1765544856.0628786,0,0,15948,1993.500
1765544856.066868,0,0,15662,1957.750
1765544856.0708659,0,0,11917,1489.625
1765544856.074877,0,0,8765,1095.625
1765544856.078868,0,0,13700,1712.500
1765544856.0828657,0,0,15907,1988.375
1765544856.0868635,0,0,15514,1939.250
1765544856.090862,1,1,11632,1454.000
1765544856.0948875,0,0,8328,1041.000
1765544856.0988846,0,0,13417,1677.125
1765544856.1028874,0,0,15849,1981.125
1765544856.106882,0,0,15864,1983.000
1765544856.1108787,0,0,12430,1553.750
1765544856.1148686,0,0,8827,1103.375
1765544856.1188676,0,0,13471,1683.875
1765544856.1228838,0,0,15861,1982.625
1765544856.1268835,0,0,15894,1986.750
1765544856.1308792,0,0,12519,1564.875
1765544856.1348853,0,0,8701,1087.625
1765544856.1388807,0,0,13228,1653.500
1765544856.1428878,0,0,15791,1973.875
1765544856.1468835,0,0,15812,1976.500
1765544856.1508787,0,0,12367,1545.875
1765544856.1548812,0,0,8432,1054.000
1765544856.158881,0,0,12957,1619.625
1765544856.1628847,0,0,15723,1965.375
1765544856.1668797,0,0,15883,1985.375
1765544856.1708782,1,1,12570,1571.250
1765544856.1748846,0,0,8484,1060.500
1765544856.178879,0,0,12818,1602.250
1765544856.1828837,0,0,15693,1961.625
1765544856.186881,0,0,16019,2002.375
1765544856.1908803,0,0,12997,1624.625
1765544856.1948786,0,0,8772,1096.500
1765544856.1989663,0,0,12751,1593.875
1765544856.2028959,0,0,15673,1959.125
1765544856.2068677,0,0,16035,2004.375
1765544856.2108657,1,1,13067,1633.375
1765544856.2148852,0,0,8720,1090.000
1765544856.2188807,0,0,12499,1562.375
1765544856.2228727,0,0,15609,1951.125
1765544856.2268686,0,0,16129,2016.125
1765544856.2308652,1,1,13482,1685.250
1765544856.2348833,0,0,9069,1133.625
1765544856.2388794,0,0,12453,1556.625
1765544856.242884,0,0,15591,1948.875
1765544856.2468815,0,0,16087,2010.875
1765544856.2508798,0,0,8870,1108.750
1765544856.2548854,0,0,12115,1514.375
1765544856.258879,0,0,15501,1937.625
1765544856.262881,0,0,16127,2015.875
1765544856.2668755,0,0,13611,1701.375
1765544856.270883,1,0,9080,1135.000
1765544856.2748823,0,0,11920,1490.000
1765544856.278878,0,0,15444,1930.500
1765544856.2828782,0,0,16056,2007.000
1765544856.2868745,0,0,13392,1674.000
1765544856.2908802,0,0,8827,1103.375
1765544856.2948732,0,0,11582,1447.750
1765544856.2988665,0,0,15359,1919.875
1765544856.30287,0,0,16180,2022.500
1765544856.3068626,0,0,14063,1757.875
1765544856.3108606,0,0,9523,1190.375
1765544856.3148813,0,0,11656,1457.000
1765544856.31888,0,0,15374,1921.750
1765544856.3228736,0,0,16215,2026.875
1765544856.326861,0,0,14294,1786.750
1765544856.3308606,1,0,9752,1219.000
1765544856.3348777,0,0,11430,1428.750
1765544856.3388808,0,0,15298,1912.250
1765544856.3428826,0,0,16182,2022.750
1765544856.346875,0,0,14245,1780.625
1765544856.3508759,0,0,9691,1211.375
1765544856.3548806,0,0,11167,1395.875
1765544856.358879,0,0,15216,1902.000
1765544856.3628829,0,0,16194,2024.250
1765544856.3668747,0,0,14518,1814.750
1765544856.3708751,0,0,10020,1252.500
1765544856.3748827,0,0,10969,1371.125
1765544856.3788772,0,0,15137,1892.125
1765544856.382882,0,0,16113,2014.125
1765544856.3868785,0,0,14123,1765.375
1765544856.3908753,1,1,9522,1190.250
1765544856.3948739,0,0,10338,1292.250
1765544856.3989599,0,0,14945,1868.125
1765544856.4028933,0,0,16103,2012.875
1765544856.406866,0,0,14381,1797.625
1765544856.4108596,1,0,9849,1231.125
1765544856.41488,0,0,10318,1289.750
1765544856.4188764,0,0,14929,1866.125
1765544856.4228718,0,0,16154,2019.250
1765544856.4268632,0,0,14879,1859.875
1765544856.4308617,1,1,10507,1313.375
1765544856.4348824,0,0,10394,1299.250
1765544856.438877,0,0,14916,1864.500
1765544856.4428809,0,0,16134,2016.750
1765544856.4468753,0,0,14740,1842.500
1765544856.4508781,1,1,10309,1288.625
1765544856.454882,0,0,9977,1247.125
1765544856.4588752,0,0,14760,1845.000
1765544856.4628773,0,0,16106,2013.250
1765544856.4668775,0,0,14912,1864.000
1765544856.4708781,1,1,10571,1321.375
1765544856.474884,0,0,9984,1248.000
1765544856.4788754,0,0,14736,1842.000
1765544856.4828682,0,0,16111,2013.875
1765544856.4868572,0,0,15113,1889.125
1765544856.4908588,0,0,10881,1360.125
1765544856.4948766,0,0,9791,1223.875
1765544856.4988754,0,0,14610,1826.250
1765544856.5028656,0,0,16065,2008.125
1765544856.506855,0,0,14984,1873.000
1765544856.5108607,0,0,10692,1336.500
1765544856.5148828,0,0,9404,1175.500
1765544856.5188751,0,0,14444,1805.500
1765544856.5228786,0,0,16043,2005.375
1765544856.526874,0,0,15360,1920.000
1765544856.5308762,0,0,11327,1415.875
1765544856.5348814,0,0,9539,1192.375
1765544856.5388756,0,0,14406,1800.750
1765544856.5428782,0,0,16020,2002.500
1765544856.5468726,0,0,15177,1897.125
1765544856.5508757,0,0,11018,1377.250
1765544856.5548766,0,0,9053,1131.625
1765544856.5588768,0,0,14176,1772.000
1765544856.562877,0,0,15960,1995.000
1765544856.5668724,0,0,15159,1894.875
1765544856.570873,0,0,11006,1375.750
1765544856.5748668,0,0,8767,1095.875
1765544856.578859,0,0,13992,1749.000
1765544856.5828738,0,0,15909,1988.625
1765544856.5868733,0,0,15028,1878.500
1765544856.5908728,0,0,10802,1350.250
1765544856.5948758,0,0,8472,1059.000
1765544856.6052382,0,0,15314,1914.250
1765544856.6071072,0,0,15314,1914.250
1765544856.61088,0,0,11296,1412.000
1765544856.6148746,0,0,8609,1076.125
1765544856.6188633,0,0,13795,1724.375
1765544856.622875,0,0,15897,1987.125
1765544856.6268744,0,0,15577,1947.125
1765544856.6308699,1,0,11790,1473.750
1765544856.6348727,0,0,8788,1098.500
1765544856.6388726,0,0,13746,1718.250
1765544856.642878,0,0,15882,1985.250
1765544856.646876,0,0,15562,1945.250
1765544856.6508734,1,1,11764,1470.500
1765544856.6548638,0,0,8533,1066.625
1765544856.658858,0,0,13522,1690.250
1765544856.6628735,0,0,15826,1978.250
1765544856.6668785,0,0,15590,1948.750
1765544856.6708796,1,1,11875,1484.375
1765544856.6748652,0,0,8547,1068.375
1765544856.6788554,0,0,13444,1680.500
1765544856.682871,0,0,15810,1976.250
1765544856.686874,0,0,15676,1959.500
1765544856.6908746,0,0,12070,1508.750
1765544856.6948628,0,0,8397,1049.625
1765544856.6988556,0,0,13160,1645.000
1765544856.7028754,0,0,15737,1967.125
1765544856.706874,0,0,15682,1960.250
1765544856.7108736,1,0,12104,1513.000
1765544856.7148716,0,0,8232,1029.000
1765544856.7188709,0,0,12916,1614.500
1765544856.7228758,0,0,15682,1960.250
1765544856.7268753,0,0,15799,1974.875
1765544856.7308753,1,1,12424,1553.000
1765544856.7348769,0,0,8446,1055.750
1765544856.7388706,0,0,12888,1611.000
1765544856.742871,0,0,15678,1959.750
1765544856.7468705,0,0,15818,1977.250
1765544856.7508702,0,0,12477,1559.625
1765544856.754872,0,0,8376,1047.000
1765544856.7588694,0,0,12684,1585.500
1765544856.7629983,0,0,15630,1953.750
1765544856.7676666,1,1,12739,1592.375
1765544856.7708914,0,0,12739,1592.375
1765544856.774866,0,0,8537,1067.125
1765544856.778859,0,0,12611,1576.375
1765544856.7828314,0,0,15613,1951.625
1765544856.786859,0,0,15952,1994.000
1765544856.7908564,1,1,12894,1611.750
1765544856.7948582,0,0,8557,1069.625
1765544856.798857,0,0,12354,1544.250
1765544856.8029494,0,0,15548,1943.500
1765544856.8068707,0,0,16019,2002.375
1765544856.8108585,0,0,13171,1646.375
1765544856.8148613,0,0,8707,1088.375
1765544856.8188603,0,0,12121,1515.125
1765544856.8230193,0,0,16067,2008.375
1765544856.8268595,0,0,16067,2008.375
1765544856.8308532,0,0,13406,1675.750
1765544856.8348608,0,0,11995,1499.375
1765544856.8388586,0,0,15455,1931.875
1765544856.8428595,0,0,16072,2009.000
1765544856.846851,0,0,13472,1684.000
1765544856.8508525,0,1,8946,1118.250
1765544856.854859,0,0,11829,1478.625
1765544856.858863,0,0,15410,1926.250
1765544856.862858,0,0,16124,2015.500
1765544856.8668528,0,0,13762,1720.250
1765544856.870852,0,0,9202,1150.250
1765544856.874874,0,0,11632,1454.000
1765544856.878871,0,0,15351,1918.875
1765544856.8828678,0,0,16086,2010.750
1765544856.8868546,0,0,13663,1707.875
1765544856.8908548,1,0,9065,1133.125
1765544856.8948572,0,0,11282,1410.250
1765544856.8988593,0,0,15255,1906.875
1765544856.902841,0,0,16131,2016.375
1765544856.906874,0,0,14020,1752.500
1765544856.9108696,1,1,9430,1178.750
1765544856.9148676,0,0,11083,1385.375
1765544856.9188724,0,0,15191,1898.875
1765544856.9228783,0,0,16128,2016.000
1765544856.926871,0,0,14106,1763.250
1765544856.93087,0,0,9527,1190.875
1765544856.9348726,0,0,10857,1357.125
1765544856.9388704,0,0,15117,1889.625
1765544856.9428754,0,0,16104,2013.000
1765544856.9468696,0,0,14077,1759.625
1765544856.9508688,0,0,9485,1185.625
1765544856.9548721,0,0,10504,1313.000
1765544856.9588683,0,0,15003,1875.375
1765544856.9628758,0,0,16085,2010.625
1765544856.96687,0,0,14139,1767.375
1765544856.9708707,0,0,9554,1194.250
1765544856.9748633,0,0,10311,1288.875
1765544856.9788663,0,0,14936,1867.000
1765544856.9828725,0,0,16088,2011.000
1765544856.986871,0,0,14257,1782.125
1765544856.9908698,0,0,9695,1211.875
1765544856.9948704,0,0,9923,1240.375
1765544856.998916,0,0,14786,1848.250
1765544857.0030146,0,0,15998,1999.750
1765544857.0069292,0,0,13925,1740.625
1765544857.0109174,1,0,9323,1165.375
1765544857.0148969,0,0,9491,1186.375
1765544857.0189,0,0,14651,1831.375
1765544857.0229108,0,0,16066,2008.250
1765544857.0269105,0,0,14558,1819.750
1765544857.0309136,0,1,10079,1259.875
1765544857.0348997,0,0,9625,1203.125
1765544857.038897,0,0,14655,1831.875
1765544857.0429292,0,0,16085,2010.625
1765544857.0469139,0,0,14702,1837.750
1765544857.050912,0,1,10274,1284.250
1765544857.054897,0,0,9445,1180.625
1765544857.058915,0,0,14551,1818.875
1765544857.0629222,0,0,16065,2008.125
1765544857.0669122,0,0,14752,1844.000
1765544857.0709357,0,0,10342,1292.750
1765544857.074982,0,0,9246,1155.750
1765544857.0789194,0,0,14444,1805.500
1765544857.0829177,0,0,16035,2004.375
1765544857.08691,0,0,14703,1837.875
1765544857.0909073,0,0,10283,1285.375
1765544857.0949142,0,0,8926,1115.750
1765544857.0988789,0,0,14278,1784.750
1765544857.1028638,0,0,16014,2001.750
1765544857.1068528,0,0,14882,1860.250
1765544857.1108515,1,1,10536,1317.000
1765544857.1148713,0,0,8892,1111.500
1765544857.1188707,0,0,14226,1778.250
1765544857.1228747,0,0,16036,2004.500
1765544857.1268687,0,0,15405,1925.625
1765544857.1308644,1,1,11364,1420.500
1765544857.134859,0,0,9109,1138.625
1765544857.138856,0,0,14182,1772.750
1765544857.1428695,0,0,16002,2000.250
1765544857.1468685,0,0,15043,1880.375
1765544857.1508648,1,0,10779,1347.375
1765544857.1548696,0,0,8564,1070.500
1765544857.1588674,0,0,13951,1743.875
1765544857.1628711,0,0,15959,1994.875
1765544857.1668665,0,0,15306,1913.250
1765544857.1708696,0,0,11228,1403.500
1765544857.1748705,0,0,8507,1063.375
1765544857.1788652,0,0,13781,1722.625
1765544857.1828694,0,0,15912,1989.000
1765544857.1868687,0,0,15174,1896.750
1765544857.190869,0,0,11014,1376.750
1765544857.1948676,0,0,8295,1036.875
1765544857.198913,0,0,13669,1708.625
1765544857.2030017,0,0,15903,1987.875
1765544857.2069256,0,0,15476,1934.500
1765544857.2109149,0,0,11550,1443.750
1765544857.2148936,0,0,8479,1059.875
1765544857.2188933,0,0,13612,1701.500
1765544857.222906,0,0,15897,1987.125
1765544857.2269173,0,0,15686,1960.750
1765544857.230911,0,0,11988,1498.500
1765544857.2348964,0,0,8618,1077.250
1765544857.2388904,0,0,13525,1690.625
1765544857.2429125,0,0,15874,1984.250
1765544857.246926,0,0,15739,1967.375
1765544857.250911,0,0,12113,1514.125
1765544857.2549274,0,0,8545,1068.125
1765544857.258911,0,0,13362,1670.250
1765544857.2629335,0,0,15829,1978.625
1765544857.2669175,0,0,15721,1965.125
1765544857.2709138,0,0,12104,1513.000
1765544857.274899,0,0,8424,1053.000
1765544857.2789087,0,0,13192,1649.000
1765544857.2829092,0,0,15784,1973.000
1765544857.2869086,0,0,15730,1966.250
1765544857.2909114,0,0,12147,1518.375
1765544857.2949114,0,0,8300,1037.500
1765544857.2988627,0,0,12977,1622.125
1765544857.302869,0,0,15735,1966.875
1765544857.3068666,0,0,15954,1994.250
1765544857.310864,1,1,12756,1594.500
1765544857.3148696,0,0,8732,1091.500
1765544857.318868,0,0,13001,1625.125
1765544857.3228602,0,0,15740,1967.500
1765544857.3268478,0,0,15977,1997.125
1765544857.3308454,0,0,12834,1604.250
1765544857.3348687,0,0,8635,1079.375
1765544857.3388686,0,0,12727,1590.875
1765544857.3428705,0,0,15662,1957.750
1765544857.3468628,0,0,15925,1990.625
1765544857.3508608,0,0,12754,1594.250
1765544857.3548706,0,0,8452,1056.500
1765544857.3588667,0,0,12405,1550.625
1765544857.3628657,0,0,15581,1947.625
1765544857.366864,0,0,15987,1998.375
1765544857.370863,0,0,12990,1623.750
1765544857.3748667,0,0,8575,1071.875
1765544857.378865,0,0,12233,1529.125
1765544857.3828657,0,0,15537,1942.125
1765544857.3868656,0,0,15975,1996.875
1765544857.390862,0,0,12993,1624.125
1765544857.3948681,0,0,8529,1066.125
1765544857.3989072,0,0,11995,1499.375
1765544857.4029932,0,0,15477,1934.625
1765544857.4069211,0,0,16042,2005.250
1765544857.4109132,0,1,13268,1658.500
1765544857.414889,0,0,8731,1091.375
1765544857.4188905,0,0,15432,1929.000
1765544857.422907,0,0,16143,2017.875
1765544857.4269102,0,0,13730,1716.250
1765544857.4309063,1,1,9182,1147.750
1765544857.4348996,0,0,11776,1472.000
1765544857.4388885,0,0,15414,1926.750
1765544857.44292,0,0,16065,2008.125
1765544857.4469225,0,0,13427,1678.375
1765544857.4509094,0,1,8815,1101.875
1765544857.454908,0,0,11226,1403.250
1765544857.4589076,0,0,15264,1908.000
1765544857.462923,0,0,16040,2005.000
1765544857.4669101,0,0,13475,1684.375
1765544857.4709425,0,0,8847,1105.875
1765544857.474902,0,0,11023,1377.875
1765544857.4788888,0,0,15213,1901.625
1765544857.482905,0,0,16141,2017.625
1765544857.4869223,0,0,13991,1748.875
1765544857.4909112,0,1,9381,1172.625
1765544857.4948907,0,0,11044,1380.500
1765544857.4988592,0,0,15212,1901.500
1765544857.502866,0,0,16174,2021.750
1765544857.5068624,0,0,14202,1775.250
1765544857.510863,1,1,9624,1203.000
1765544857.5148714,0,0,10876,1359.500
1765544857.5188634,0,0,15152,1894.000
1765544857.5228727,0,0,16184,2023.000
1765544857.5268605,0,0,14395,1799.375
1765544857.5308623,0,0,9842,1230.250
1765544857.5348666,0,0,10606,1325.750
1765544857.538867,0,0,15050,1881.250
1765544857.542862,0,0,16129,2016.125
1765544857.546859,0,0,14213,1776.625
1765544857.5508592,1,0,9630,1203.750
1765544857.5548694,0,0,10210,1276.250
1765544857.5588627,0,0,14921,1865.125
1765544857.562862,0,0,16122,2015.250
1765544857.5668604,0,0,14395,1799.375
1765544857.5708597,0,0,9848,1231.000
1765544857.5748553,0,0,9985,1248.125
1765544857.5788465,0,0,14824,1853.000
1765544857.5828593,0,0,16077,2009.625
1765544857.5868595,0,0,14251,1781.375
1765544857.590859,0,0,9679,1209.875
1765544857.5948603,0,0,9665,1208.125
1765544857.5989091,0,0,14710,1838.750
1765544857.609653,1,1,14575,1821.875
1765544857.6115515,0,0,10087,1260.875
1765544857.6149096,0,0,9813,1226.625
1765544857.6189098,0,0,14742,1842.750
1765544857.6229148,0,0,16152,2019.000
1765544857.6268916,0,0,15121,1890.125
1765544857.6308854,0,1,10846,1355.750
1765544857.6349058,0,0,9739,1217.375
1765544857.6389198,0,0,14626,1828.250
1765544857.6428976,0,0,16050,2006.250
1765544857.6468892,0,0,14404,1800.500
1765544857.650884,1,0,9864,1233.000
1765544857.6549096,0,0,8949,1118.625
1765544857.6589072,0,0,14364,1795.500
1765544857.6629076,0,0,16048,2006.000
1765544857.666907,0,0,15001,1875.125
1765544857.670908,0,0,10699,1337.375
1765544857.674926,0,0,9274,1159.250
1765544857.6789064,0,0,14409,1801.125
1765544857.6829007,0,0,16061,2007.625
1765544857.6868873,0,0,15010,1876.250
1765544857.6908875,1,0,10711,1338.875
1765544857.694889,0,0,9007,1125.875
1765544857.698853,0,0,14251,1781.375
1765544857.7028468,0,0,16020,2002.500
1765544857.7068462,0,0,14995,1874.375
1765544857.710845,1,1,10694,1336.750
1765544857.7148662,0,0,8760,1095.000
1765544857.718863,0,0,14112,1764.000
1765544857.722863,0,0,16018,2002.250
1765544857.7268734,0,0,15589,1948.625
1765544857.7308617,1,1,11721,1465.125
1765544857.7348654,0,0,9265,1158.125
1765544857.7388573,0,0,14188,1773.500
1765544857.742869,0,0,16027,2003.375
1765544857.7468596,0,0,15457,1932.125
1765544857.7508621,0,0,11474,1434.250
1765544857.754868,0,0,8881,1110.125
1765544857.7588708,0,0,13965,1745.625
1765544857.7629757,0,0,15963,1995.375
1765544857.7671459,0,0,15429,1928.625
1765544857.7708902,0,0,11460,1432.500
1765544857.7748532,0,0,8599,1074.875
1765544857.778847,0,0,13745,1718.125
1765544857.782852,0,0,15904,1988.000
1765544857.7868469,0,0,15363,1920.375
1765544857.7908459,0,0,11358,1419.750
1765544857.7948499,0,0,8336,1042.000
1765544857.7988572,0,0,13550,1693.750
1765544857.8028426,0,0,15868,1983.500
1765544857.806923,0,0,15640,1955.000
1765544857.8108578,0,0,11915,1489.375
1765544857.8148606,0,0,8549,1068.625
1765544857.8188467,0,0,13475,1684.375
1765544857.8228583,0,0,15852,1981.500
1765544857.8268435,0,0,15714,1964.250
1765544857.830851,1,1,12076,1509.500
1765544857.8348508,0,0,8596,1074.500
1765544857.8388462,0,0,13425,1678.125
1765544857.8428621,0,0,15843,1980.375
1765544857.8468597,0,0,15898,1987.250
1765544857.850859,1,1,12541,1567.625
1765544857.8548882,0,0,8765,1095.625
1765544857.8588715,0,0,13289,1661.125
1765544857.862852,0,0,15800,1975.000
1765544857.8668454,0,0,15844,1980.500
1765544857.8708415,0,0,12439,1554.875
1765544857.8748612,0,0,8544,1068.000
1765544857.8788605,0,0,13052,1631.500
1765544857.8828528,0,0,15736,1967.000
1765544857.8868444,0,0,15801,1975.125
1765544857.8908408,1,1,12364,1545.500
1765544857.8948734,0,0,8335,1041.875
1765544857.8988612,0,0,12790,1598.750
1765544857.9028645,0,0,15673,1959.125
1765544857.90686,0,0,15933,1991.625
1765544857.9108684,0,0,12770,1596.250
1765544857.9148648,0,0,8580,1072.500
1765544857.9188576,0,0,12691,1586.375
1765544857.9228594,0,0,15648,1956.000
1765544857.9268672,0,0,15993,1999.125
1765544857.9308562,0,0,12973,1621.625
1765544857.934861,0,0,8694,1086.750
1765544857.9388554,0,0,12573,1571.625
1765544857.9428542,0,0,15617,1952.125
1765544857.9468577,0,0,16038,2004.750
1765544857.9508586,0,0,13163,1645.375
1765544857.9548638,0,0,8782,1097.750
1765544857.9588542,0,0,12326,1540.750
1765544857.9628575,0,0,15549,1943.625
1765544857.9668565,0,0,16013,2001.625
1765544857.970858,0,0,13130,1641.250
1765544857.9748595,0,0,8651,1081.375
1765544857.9788556,0,0,12028,1503.500
1765544857.9828577,0,0,15470,1933.750
1765544857.9868565,0,0,15988,1998.500
1765544857.990855,0,0,13116,1639.500
1765544857.9948647,0,0,8595,1074.375
1765544857.9988973,0,0,11753,1469.125
1765544858.0029004,0,0,16051,2006.375
1765544858.0069807,0,0,13400,1675.000
1765544858.0109134,0,0,8832,1104.000
1765544858.0148842,0,0,11617,1452.125
1765544858.0189013,0,0,15369,1921.125
1765544858.0228987,0,0,16121,2015.125
1765544858.0268986,0,0,13728,1716.000
1765544858.0309036,1,0,9122,1140.250
1765544858.0348952,0,0,11428,1428.500
1765544858.0388818,0,0,15311,1913.875
1765544858.0429006,0,0,16066,2008.250
1765544858.0469012,0,0,13568,1696.000
1765544858.050898,0,0,8967,1120.875
1765544858.0549085,0,0,11101,1387.625
1765544858.0589082,0,0,15222,1902.750
1765544858.0628943,0,0,16122,2015.250
1765544858.06688,0,0,13921,1740.125
1765544858.0708804,1,0,9317,1164.625
1765544858.0749063,0,0,11013,1376.625
1765544858.0789015,0,0,15191,1898.875
1765544858.0828998,0,0,16120,2015.000
1765544858.0868955,0,0,13961,1745.125
1765544858.0908954,1,0,9351,1168.875
1765544858.0949004,0,0,10771,1346.375
1765544858.0988693,0,0,15117,1889.625
1765544858.1028628,0,0,16152,2019.000
1765544858.106856,0,0,14269,1783.625
1765544858.1108513,0,0,9689,1211.125
1765544858.1148605,0,0,10600,1325.000
1765544858.1188574,0,0,15050,1881.250
1765544858.1228569,0,0,16160,2020.000
1765544858.126854,0,0,14460,1807.500
1765544858.1308537,0,0,9925,1240.625
1765544858.1348567,0,0,10356,1294.500
1765544858.138853,0,0,14951,1868.875
1765544858.1428545,0,0,16089,2011.125
1765544858.1468554,0,0,14155,1769.375
1765544858.150853,0,0,9563,1195.375
1765544858.1548474,0,0,9912,1239.000
1765544858.1588361,0,0,14808,1851.000
1765544858.1628568,0,0,16111,2013.875
1765544858.1668563,0,0,14561,1820.125
1765544858.1708546,0,0,10075,1259.375
1765544858.1748564,0,0,9849,1231.125
1765544858.1788533,0,0,14749,1843.625
1765544858.1828566,0,0,16064,2008.000
1765544858.1868532,0,0,14301,1787.625
1765544858.1908526,1,0,9725,1215.625
1765544858.1948602,0,0,9271,1158.875
1765544858.198893,0,0,14537,1817.125
1765544858.2028995,0,0,16053,2006.625
1765544858.2069774,0,0,14600,1825.000
1765544858.2109118,1,0,10127,1265.875
1765544858.2148824,0,0,9265,1158.125
1765544858.2188816,0,0,14495,1811.875
1765544858.2228963,0,0,16067,2008.375
1765544858.2269013,0,0,14797,1849.625
1765544858.2308986,1,1,10401,1300.125
1765544858.234894,0,0,9225,1153.125
1765544858.238883,0,0,14436,1804.500
1765544858.2429159,0,0,16059,2007.375
1765544858.2468982,0,0,14855,1856.875
1765544858.2508988,0,0,10474,1309.250
1765544858.254905,0,0,9015,1126.875
1765544858.2589,0,0,14310,1788.750
1765544858.262897,0,0,16035,2004.375
1765544858.2668965,0,0,14922,1865.250
1765544858.2709038,0,0,10587,1323.375
1765544858.2749133,0,0,8872,1109.000
1765544858.2789047,0,0,14205,1775.625
1765544858.282889,0,0,16009,2001.125
1765544858.286878,0,0,14899,1862.375
1765544858.2908773,1,0,10562,1320.250
1765544858.2949007,0,0,8662,1082.750
1765544858.2988656,0,0,14076,1759.500
1765544858.302848,0,0,16007,2000.875
1765544858.3068361,0,0,15291,1911.375
1765544858.310836,0,0,11188,1398.500
1765544858.314859,0,0,8865,1108.125
1765544858.3188562,0,0,14060,1757.500
1765544858.3228476,0,0,16014,2001.750
1765544858.326833,0,0,15540,1942.500
1765544858.330835,0,0,11623,1452.875
1765544858.3348572,0,0,8890,1111.250
1765544858.3388546,0,0,13945,1743.125
1765544858.3428533,0,0,15970,1996.250
1765544858.3468366,0,0,15318,1914.750
1765544858.350836,0,0,11249,1406.125
1765544858.3548534,0,0,8468,1058.500
1765544858.358852,0,0,13718,1714.750
1765544858.3628576,0,0,15920,1990.000
1765544858.3668554,0,0,15505,1938.125
1765544858.3708515,0,0,11610,1451.250
1765544858.3748512,0,0,8517,1064.625
1765544858.3788533,0,0,13612,1701.500
1765544858.3828533,0,0,15893,1986.625
1765544858.3868518,0,0,15500,1937.500
1765544858.3908496,0,0,11601,1450.125
1765544858.3948562,0,0,8316,1039.500
1765544858.3988914,0,0,13412,1676.500
1765544858.4028971,0,0,15844,1980.500
1765544858.406977,0,0,15509,1938.625
1765544858.410909,1,0,11638,1454.750
1765544858.4148757,0,0,8188,1023.500
1765544858.4188778,0,0,13250,1656.250
1765544858.4228978,0,0,15820,1977.500
1765544858.4268963,0,0,15909,1988.625
1765544858.430894,0,0,12554,1569.250
1765544858.4348903,0,0,8709,1088.625
1765544858.4388762,0,0,13220,1652.500
1765544858.442911,0,0,15802,1975.250
1765544858.4468973,0,0,15694,1961.750
1765544858.450897,1,0,12051,1506.375
1765544858.4549031,0,0,8148,1018.500
1765544858.4588966,0,0,12841,1605.125
1765544858.4628947,0,0,15706,1963.250
1765544858.466919,0,0,15726,1965.750
1765544858.4709005,0,0,12174,1521.750
1765544858.4748926,0,0,8148,1018.500
1765544858.4788775,0,0,12694,1586.750
1765544858.4828925,0,0,15675,1959.375
1765544858.4868927,0,0,15820,1977.500
1765544858.4908948,0,0,12405,1550.625
1765544858.4948885,0,0,8225,1028.125
1765544858.4988425,0,0,12529,1566.125
1765544858.502849,0,0,15639,1954.875
1765544858.5068493,0,0,15950,1993.750
1765544858.5108488,0,0,12780,1597.500
1765544858.51486,0,0,8442,1055.250
1765544858.5188506,0,0,12358,1544.750
1765544858.52285,0,0,15597,1949.625
1765544858.5268495,0,0,15980,1997.500
1765544858.5308514,0,0,12898,1612.250
1765544858.5348573,0,0,8490,1061.250
1765544858.5388522,0,0,12188,1523.500
1765544858.542847,0,0,15555,1944.375
1765544858.5468473,0,0,16004,2000.500
1765544858.5508492,1,1,13006,1625.750
1765544858.5548563,0,0,8491,1061.375
1765544858.5588489,0,0,11871,1483.875
1765544858.5628498,0,0,15472,1934.000
1765544858.5668476,0,0,16009,2001.125
1765544858.570847,0,0,13083,1635.375
1765544858.574839,0,0,8516,1064.500
1765544858.5788329,0,0,11579,1447.375
1765544858.5828488,0,0,15393,1924.125
1765544858.5868464,0,0,15919,1989.875
1765544858.5908437,1,1,8319,1039.875
1765544858.5948505,0,0,11303,1412.875
1765544858.5988884,0,0,15331,1916.375
1765544858.6028953,0,0,16051,2006.375
1765544858.6136756,0,0,8729,1091.125
1765544858.6155963,0,0,11343,1417.875
1765544858.6189024,0,0,15349,1918.625
1765544858.6228926,0,0,16228,2028.500
1765544858.6268756,0,0,14105,1763.125
1765544858.6308708,0,1,9469,1183.625
1765544858.634895,0,0,11113,1389.125
1765544858.638895,0,0,15264,1908.000
1765544858.642886,0,0,16047,2005.875
1765544858.646874,0,0,13384,1673.000
1765544858.6508746,0,0,8725,1090.625
1765544858.6548958,0,0,10526,1315.750
1765544858.6588943,0,0,15102,1887.750
1765544858.6628861,0,0,16076,2009.500
1765544858.6668758,0,0,13652,1706.500
1765544858.6708996,0,1,8982,1122.750
1765544858.6749046,0,0,10366,1295.750
1765544858.6788938,0,0,15050,1881.250
1765544858.6828837,0,0,16110,2013.750
1765544858.686876,0,0,13851,1731.375
1765544858.6908748,1,0,9196,1149.500
1765544858.6948948,0,0,10143,1267.875
1765544858.698857,0,0,14968,1871.000
1765544858.7028396,0,0,16032,2004.000
1765544858.7068348,0,0,13573,1696.625
1765544858.7108324,1,1,8915,1114.375
1765544858.7148545,0,0,9816,1227.000
1765544858.718845,0,0,14879,1859.875
1765544858.7228508,0,0,16189,2023.625
1765544858.7268486,0,0,14509,1813.625
1765544858.7308488,0,0,9973,1246.625
1765544858.7348351,0,0,10155,1269.375
1765544858.7388313,0,0,14950,1868.750
1765544858.7428474,0,0,16211,2026.375
1765544858.7468467,0,0,14551,1818.875
1765544858.7508461,1,1,10015,1251.875
1765544858.7548537,0,0,9916,1239.500
1765544858.7588503,0,0,14847,1855.875
1765544858.7629652,0,0,16196,2024.500
1765544858.767139,0,0,14671,1833.875
1765544858.7708764,0,0,10185,1273.125
1765544858.7748415,0,0,9715,1214.375
1765544858.7788334,0,0,14742,1842.750
1765544858.7828248,0,0,16150,2018.750
1765544858.7868311,0,0,14537,1817.125
1765544858.7908278,1,0,10026,1253.250
1765544858.794834,0,0,9325,1165.625
1765544858.7988334,0,0,14584,1823.000
1765544858.8028529,0,0,16159,2019.875
1765544858.8068447,0,0,15000,1875.000
1765544858.8109262,0,0,10649,1331.125
1765544858.8149006,0,0,9411,1176.375
1765544858.8188381,0,0,14540,1817.500
1765544858.8228316,0,0,16139,2017.375
1765544858.8268306,0,0,14931,1866.375
1765544858.8310106,0,0,10570,1321.250
1765544858.8348858,0,0,9466,1183.250
1765544858.8388488,0,0,14569,1821.125
1765544858.8428483,0,0,16174,2021.750
1765544858.8468473,0,0,15391,1923.875
1765544858.850845,1,1,11261,1407.625
1765544858.8548343,0,0,9374,1171.750
1765544858.8588307,0,0,14408,1801.000
1765544858.862852,0,0,16118,2014.750
1765544858.8668485,0,0,15258,1907.250
1765544858.8708444,1,0,11076,1384.500
1765544858.8748844,0,0,8947,1118.375
1765544858.8788533,0,0,14163,1770.375
1765544858.8828385,0,0,16028,2003.500
1765544858.8868341,0,0,14916,1864.500
1765544858.8908303,0,0,10570,1321.250
1765544858.8948472,0,0,8468,1058.500
1765544858.8988464,0,0,13970,1746.250
1765544858.9028406,0,0,16018,2002.250
1765544858.9068308,0,0,15497,1937.125
1765544858.9108305,1,1,11523,1440.375
1765544858.9148526,0,0,8906,1113.250
1765544858.918844,0,0,14020,1752.500
1765544858.9228506,0,0,16036,2004.500
1765544858.9268456,0,0,15699,1962.375
1765544858.9308448,0,0,11914,1489.250
1765544858.9348476,0,0,8999,1124.875
1765544858.9388447,0,0,13939,1742.375
1765544858.942844,0,0,16004,2000.500
1765544858.9468436,0,0,15570,1946.250
1765544858.9508426,1,1,11680,1460.000
1765544858.9548516,0,0,8616,1077.000
1765544858.9588432,0,0,13692,1711.500
1765544858.962843,0,0,15940,1992.500
1765544858.966843,0,0,15648,1956.000
1765544858.9708447,1,1,11862,1482.750
1765544858.974838,0,0,8605,1075.625
1765544858.9788296,0,0,13579,1697.375
1765544858.9828372,0,0,15912,1989.000
1765544858.986846,0,0,15744,1968.000
1765544858.9908447,1,1,12087,1510.875
1765544858.9948516,0,0,8525,1065.625
1765544858.9988968,0,0,13366,1670.750
1765544859.0028853,0,0,15853,1981.625
1765544859.0068867,0,0,15707,1963.375
1765544859.0109675,0,0,12052,1506.500
1765544859.0148895,0,0,8368,1046.000
1765544859.0188777,0,0,13168,1646.000
1765544859.0228891,0,0,15800,1975.000
1765544859.0268874,0,0,15656,1957.000
1765544859.0308852,1,0,11951,1493.875
1765544859.0348845,0,0,8101,1012.625
1765544859.0388715,0,0,12887,1610.875
1765544859.0428894,0,0,15737,1967.125
1765544859.046889,0,0,15833,1979.125
1765544859.0508842,0,1,12382,1547.750
1765544859.0548818,0,0,8348,1043.500
1765544859.0588877,0,0,12831,1603.875
1765544859.0629053,0,0,15730,1966.250
1765544859.066889,0,0,15984,1998.000
1765544859.0708854,0,1,12798,1599.750
1765544859.0748808,0,0,8561,1070.125
1765544859.0788703,0,0,12646,1580.750
1765544859.0828846,0,0,15676,1959.500
1765544859.086885,0,0,15840,1980.000
1765544859.090883,1,0,12436,1554.500
1765544859.0948758,0,0,8164,1020.500
1765544859.0988364,0,0,12332,1541.500
1765544859.1028473,0,0,15602,1950.250
1765544859.1068456,0,0,15995,1999.375
1765544859.1108382,0,0,12926,1615.750
1765544859.1148489,0,0,8563,1070.375
1765544859.1188452,0,0,12300,1537.500
1765544859.1228452,0,0,15599,1949.875
1765544859.1268446,0,0,16130,2016.250
1765544859.130841,1,1,13374,1671.750
1765544859.1348448,0,0,8894,1111.750
1765544859.1388419,0,0,12195,1524.375
1765544859.1428444,0,0,15569,1946.125
1765544859.1468434,0,0,16136,2017.000
1765544859.1508446,0,0,13447,1680.875
1765544859.1548464,0,0,8934,1116.750
1765544859.1588418,0,0,11964,1495.500
1765544859.1628435,0,0,15504,1938.000
1765544859.166843,0,0,16127,2015.875
1765544859.1708438,0,0,13485,1685.625
1765544859.1748328,0,0,8910,1113.750
1765544859.1788254,0,0,15420,1927.500
1765544859.1828399,0,0,16113,2014.125
1765544859.1868427,0,0,13512,1689.000
1765544859.1908412,0,1,8897,1112.125
1765544859.1948502,0,0,11385,1423.125
1765544859.1988928,0,0,15345,1918.125
1765544859.2028863,0,0,16159,2019.875
1765544859.2068875,0,0,13803,1725.375
1765544859.2109675,1,0,9208,1151.000
1765544859.2148921,0,0,11293,1411.625
1765544859.2188697,0,0,15317,1914.625
1765544859.2228854,0,0,16218,2027.250
1765544859.2268903,0,0,14159,1769.875
1765544859.2308881,0,1,9578,1197.250
1765544859.234883,0,0,11229,1403.625
1765544859.2388651,0,0,15288,1911.000
1765544859.242887,0,0,16216,2027.000
1765544859.2468963,0,0,14221,1777.625
1765544859.2508814,0,0,9638,1204.750
1765544859.2548926,0,0,10865,1358.125
1765544859.2588847,0,0,15169,1896.125
1765544859.2628875,0,0,16176,2022.000
1765544859.2669094,0,0,14177,1772.125
1765544859.2708976,0,1,9574,1196.750
1765544859.274882,0,0,10578,1322.250
1765544859.2788692,0,0,15071,1883.875
1765544859.282881,0,0,16120,2015.000
1765544859.2868917,0,0,14009,1751.125
1765544859.2908814,0,0,9396,1174.500
1765544859.2948773,0,0,10251,1281.375
1765544859.298835,0,0,14970,1871.250
1765544859.3028457,0,0,16176,2022.000
1765544859.3068385,0,0,14529,1816.125
1765544859.3108368,1,1,10003,1250.375
1765544859.3148494,0,0,10187,1273.375
1765544859.3188415,0,0,14919,1864.875
1765544859.3228316,0,0,16179,2022.375
1765544859.326822,0,0,14680,1835.000
1765544859.330823,1,1,10198,1274.750
1765544859.3348396,0,0,10060,1257.500
1765544859.338842,0,0,14853,1856.625
1765544859.3428457,0,0,16154,2019.250
1765544859.3468413,0,0,14625,1828.125
1765544859.3508399,0,0,10135,1266.875
1765544859.3548467,0,0,9767,1220.875
1765544859.3588426,0,0,14733,1841.625
1765544859.362835,0,0,16143,2017.875
1765544859.3668256,0,0,14824,1853.000
1765544859.3708222,0,0,10415,1301.875
1765544859.37484,0,0,9712,1214.000
1765544859.37884,0,0,14678,1834.750
1765544859.3828444,0,0,16129,2016.125
1765544859.3868372,0,0,14858,1857.250
1765544859.3908372,1,1,10465,1308.125
1765544859.3948421,0,0,9390,1173.750
1765544859.3988893,0,0,14519,1814.875
1765544859.4028883,0,0,16103,2012.875
1765544859.4068825,0,0,15027,1878.375
1765544859.410965,0,0,10720,1340.000
1765544859.4148839,0,0,9360,1170.000
1765544859.418869,0,0,14465,1808.125
1765544859.422886,0,0,16106,2013.250
1765544859.4268837,0,0,15335,1916.875
1765544859.4308834,1,0,11216,1402.000
1765544859.4348764,0,0,9394,1174.250
1765544859.4388635,0,0,14393,1799.125
1765544859.4428854,0,0,16075,2009.375
1765544859.4468827,0,0,15199,1899.875
1765544859.4508805,0,1,11021,1377.625
1765544859.4548903,0,0,9006,1125.750
1765544859.4588842,0,0,14196,1774.500
1765544859.4628785,0,0,16033,2004.125
1765544859.4668798,0,0,15444,1930.500
1765544859.4708855,0,0,11447,1430.875
1765544859.474891,0,0,9154,1144.250
1765544859.4788833,0,0,14180,1772.500
1765544859.4828706,0,0,16026,2003.250
1765544859.4868603,0,0,15424,1928.000
1765544859.4908624,1,0,11410,1426.250
1765544859.494884,0,0,8760,1095.000
1765544859.4988465,0,0,13912,1739.000
1765544859.5028307,0,0,15955,1994.375
1765544859.5068185,0,0,15427,1928.375
1765544859.5108209,0,1,11446,1430.750
1765544859.5148447,0,0,8649,1081.125
1765544859.5188398,0,0,13797,1724.625
1765544859.5228403,0,0,15935,1991.875
1765544859.5268366,0,0,15668,1958.500
1765544859.5308352,1,1,11931,1491.375
1765544859.5348434,0,0,8791,1098.875
1765544859.5388386,0,0,13711,1713.875
1765544859.5428405,0,0,15906,1988.250
1765544859.5468361,0,0,15538,1942.250
1765544859.5508347,0,0,11686,1460.750
1765544859.5548396,0,0,8392,1049.000
1765544859.5588396,0,0,13449,1681.125
1765544859.5628414,0,0,15845,1980.625
1765544859.5668352,0,0,15684,1960.500
1765544859.5708358,0,0,12017,1502.125
1765544859.5748317,0,0,8477,1059.625
1765544859.5788214,0,0,13336,1667.000
1765544859.5828376,0,0,15817,1977.125
1765544859.586834,0,0,15712,1964.000
1765544859.5908344,0,0,12098,1512.250
1765544859.5948393,0,0,8379,1047.375
1765544859.5988898,0,0,13150,1643.750
1765544859.60288,0,0,15770,1971.250
1765544859.6068785,0,0,15708,1963.500
1765544859.6176095,0,0,13149,1643.625
1765544859.6195092,0,0,13149,1643.625
1765544859.6228857,0,0,15782,1972.750
1765544859.6268647,0,0,16074,2009.250
1765544859.6308644,1,0,13095,1636.875
1765544859.6348844,0,0,8988,1123.500
1765544859.6388788,0,0,13063,1632.875
1765544859.6428735,0,0,15748,1968.500
1765544859.6468642,0,0,15874,1984.250
1765544859.6508613,0,1,12536,1567.000
1765544859.6548903,0,0,8346,1043.250
1765544859.6588824,0,0,12600,1575.000
1765544859.6628864,0,0,15628,1953.500
1765544859.666881,0,0,15904,1988.000
1765544859.6708844,1,0,12707,1588.375
1765544859.674888,0,0,8498,1062.250
1765544859.6788797,0,0,12596,1574.500
1765544859.6828642,0,0,15634,1954.250
1765544859.686861,0,0,16034,2004.250
1765544859.69086,1,0,13103,1637.875
1765544859.6948802,0,0,8683,1085.375
1765544859.6988428,0,0,12288,1536.000
1765544859.7028258,0,0,15552,1944.000
1765544859.706819,0,0,16028,2003.500
1765544859.7108195,0,0,13163,1645.375
1765544859.714845,0,0,8664,1083.000
1765544859.7188365,0,0,11970,1496.250
1765544859.7228394,0,0,15469,1933.625
1765544859.7268329,0,0,16001,2000.125
1765544859.7308393,0,0,13129,1641.125
1765544859.7348359,0,0,8606,1075.750
1765544859.7388325,0,0,11811,1476.375
1765544859.7428372,0,0,15431,1928.875
1765544859.7468333,0,0,16067,2008.375
1765544859.7508328,1,1,13399,1674.875
1765544859.7548418,0,0,8860,1107.500
1765544859.7588365,0,0,11748,1468.500
1765544859.7629457,0,0,16122,2015.250
1765544859.7671404,0,0,13643,1705.375
1765544859.7708628,0,0,9048,1131.000
1765544859.7748282,0,0,11446,1430.750
1765544859.7788217,0,0,15329,1916.125
1765544859.7828453,0,0,16058,2007.250
1765544859.7868202,0,0,13475,1684.375
1765544859.7908149,1,0,8865,1108.125
1765544859.7948222,0,0,11102,1387.750
1765544859.7988195,0,0,15240,1905.000
1765544859.8028378,0,0,16131,2016.375
1765544859.8068311,0,0,13895,1736.875
1765544859.810833,1,0,9293,1161.625
1765544859.8149157,0,0,11047,1380.875
1765544859.8188522,0,0,15220,1902.500
1765544859.8228343,0,0,16184,2023.000
1765544859.826839,0,0,14225,1778.125
1765544859.8308306,0,0,9637,1204.625
1765544859.8348365,0,0,10905,1363.125
1765544859.838833,0,0,15164,1895.500
1765544859.8428345,0,0,16148,2018.500
1765544859.846832,0,0,14104,1763.000
1765544859.8508282,0,0,9493,1186.625
1765544859.8548357,0,0,10541,1317.625
1765544859.8588328,0,0,15048,1881.000
1765544859.8628337,0,0,16123,2015.375
1765544859.8668308,0,0,14134,1766.750
1765544859.8708265,0,0,9530,1191.250
1765544859.8748374,0,0,10315,1289.375
1765544859.8788333,0,0,14973,1871.625
1765544859.8828309,0,0,16167,2020.875
1765544859.886819,0,0,14576,1822.000
1765544859.890818,1,1,10067,1258.375
1765544859.894832,0,0,10352,1294.000
1765544859.8988316,0,0,14960,1870.000
1765544859.9028208,0,0,16174,2021.750
1765544859.9068189,0,0,14711,1838.875
1765544859.910817,0,0,10257,1282.125
1765544859.9148362,0,0,10160,1270.000
1765544859.918835,0,0,14869,1858.625
1765544859.9228358,0,0,16157,2019.625
1765544859.9268343,0,0,14803,1850.375
1765544859.9308343,0,0,10379,1297.375
1765544859.9348383,0,0,9978,1247.250
1765544859.9388306,0,0,14783,1847.875
1765544859.9428296,0,0,16140,2017.500
1765544859.9468327,0,0,14900,1862.500
1765544859.9508333,0,0,10537,1317.125
1765544859.9548364,0,0,9812,1226.500
1765544859.95883,0,0,14689,1836.125
1765544859.96283,0,0,16104,2013.000
1765544859.9668336,0,0,14801,1850.125
1765544859.9708314,1,1,10402,1300.250
1765544859.9748402,0,0,9541,1192.625
1765544859.9788337,0,0,14574,1821.750
1765544859.9828308,0,0,16090,2011.250
1765544859.9868302,0,0,14987,1873.375
1765544859.9908314,1,1,10675,1334.375
1765544859.9948344,0,0,9477,1184.625
1765544859.9988766,0,0,14506,1813.250
1765544860.0028746,0,0,16092,2011.500
1765544860.0068731,0,0,15347,1918.375
1765544860.0108755,0,1,11247,1405.875
1765544860.0149565,0,0,9490,1186.250
1765544860.0188954,0,0,14418,1802.250
1765544860.0228744,0,0,16060,2007.500
1765544860.0268564,0,0,15304,1913.000
1765544860.0308561,1,0,11186,1398.250
1765544860.0348818,0,0,9328,1166.000
1765544860.0388782,0,0,14325,1790.625
1765544860.0428672,0,0,16038,2004.750
1765544860.0468533,0,0,15439,1929.875
1765544860.0508535,0,0,11455,1431.875
1765544860.0548806,0,0,9217,1152.125
1765544860.0588777,0,0,14196,1774.500
1765544860.06288,0,0,16002,2000.250
1765544860.066871,0,0,15491,1936.375
1765544860.0708766,0,1,11580,1447.500
1765544860.074865,0,0,9074,1134.250
1765544860.078858,0,0,14054,1756.750
1765544860.0828767,0,0,15958,1994.750
1765544860.0868733,0,0,15419,1927.375
1765544860.0908697,0,0,11460,1432.500
1765544860.0948656,0,0,8744,1093.000
1765544860.0988333,0,0,13841,1730.125
1765544860.1028507,0,0,15905,1988.125
1765544860.1068335,0,0,15469,1933.625
1765544860.1108284,0,0,11572,1446.500
1765544860.1148336,0,0,8673,1084.125
1765544860.1188323,0,0,13732,1716.500
1765544860.1228318,0,0,15889,1986.125
1765544860.1268303,0,0,15772,1971.500
1765544860.1308308,1,0,12227,1528.375
1765544860.1348312,0,0,8916,1114.500
1765544860.1388292,0,0,13666,1708.250
1765544860.1428313,0,0,15868,1983.500
1765544860.14683,0,0,15787,1973.375
1765544860.1508305,1,1,12272,1534.000
1765544860.154832,0,0,8778,1097.250
1765544860.1588283,0,0,13485,1685.625
1765544860.162832,0,0,15817,1977.125
1765544860.1668308,0,0,15792,1974.000
1765544860.1708293,0,0,12342,1542.750
1765544860.1748354,0,0,8596,1074.500
1765544860.1788266,0,0,13219,1652.375
1765544860.182829,0,0,15745,1968.125
1765544860.1868289,0,0,15764,1970.500
1765544860.1908298,0,0,12301,1537.625
1765544860.1948216,0,0,8283,1035.375
1765544860.1988564,0,0,12838,1604.750
1765544860.2028728,0,0,15644,1955.500
1765544860.2068748,0,0,15613,1951.625
1765544860.2108727,0,1,12009,1501.125
1765544860.2149503,0,0,7960,995.000
1765544860.2188928,0,0,12549,1568.625
1765544860.222869,0,0,15580,1947.500
1765544860.2268531,0,0,15707,1963.375
1765544860.2308605,0,1,12253,1531.625
1765544860.2348757,0,0,8074,1009.250
1765544860.2388763,0,0,12446,1555.750
1765544860.2428613,0,0,15568,1946.000
1765544860.2468529,0,0,15880,1985.000
1765544860.2508545,0,0,12703,1587.875
1765544860.2548785,0,0,8341,1042.625
1765544860.2588758,0,0,12290,1536.250
1765544860.2628758,0,0,15535,1941.875
1765544860.2668772,0,0,15894,1986.750
1765544860.2708747,1,0,12772,1596.500
1765544860.2748644,0,0,8354,1044.250
1765544860.2788556,0,0,12080,1510.000
1765544860.282867,0,0,15479,1934.875
1765544860.2868702,0,0,15759,1969.875
1765544860.290869,1,0,12425,1553.125
1765544860.2948642,0,0,7976,997.000
1765544860.2988224,0,0,11667,1458.375
1765544860.302832,0,0,15388,1923.500
1765544860.306829,0,0,15978,1997.250
1765544860.3108268,0,0,13119,1639.875
1765544860.3148344,0,0,8554,1069.250
1765544860.318829,0,0,11653,1456.625
1765544860.322817,0,0,15386,1923.250
1765544860.3268096,0,0,15867,1983.375
1765544860.33081,0,0,12757,1594.625
1765544860.3348298,0,0,8188,1023.500
1765544860.33883,0,0,11262,1407.750
1765544860.3428457,0,0,15296,1912.000
1765544860.3468282,0,0,16042,2005.250
1765544860.3508263,0,0,8783,1097.875
1765544860.3548293,0,0,11327,1415.875
1765544860.3588388,0,0,15320,1915.000
1765544860.3628297,0,0,16154,2019.250
1765544860.366828,0,0,13846,1730.750
1765544860.3708248,0,0,9212,1151.500
1765544860.3748422,0,0,11197,1399.625
1765544860.378826,0,0,15274,1909.250
1765544860.3828237,0,0,16097,2012.125
1765544860.3868103,0,0,13644,1705.500
1765544860.3908203,0,0,8983,1122.875
1765544860.3948278,0,0,10783,1347.875
1765544860.3988826,0,0,15154,1894.250
1765544860.402877,0,0,16078,2009.750
1765544860.4068704,0,0,13683,1710.375
1765544860.4108694,0,0,9015,1126.875
1765544860.4149573,0,0,10484,1310.500
1765544860.418884,0,0,15068,1883.500
1765544860.422866,0,0,16148,2018.500
1765544860.4268515,0,0,14150,1768.750
1765544860.4308639,0,1,9555,1194.375
1765544860.4348748,0,0,10480,1310.000
1765544860.4388697,0,0,15050,1881.250
1765544860.44286,0,0,16141,2017.625
1765544860.4468665,0,0,14132,1766.500
1765544860.4508526,1,0,9515,1189.375
1765544860.4548757,0,0,10227,1278.375
1765544860.4588683,0,0,14966,1870.750
1765544860.4628696,0,0,16170,2021.250
1765544860.466871,0,0,14462,1807.750
1765544860.4708817,0,0,9920,1240.000
1765544860.4748645,0,0,10221,1277.625
1765544860.4788487,0,0,14938,1867.250
1765544860.4828634,0,0,16145,2018.125
1765544860.4868662,0,0,14350,1793.750
1765544860.4908688,0,0,9783,1222.875
1765544860.4948618,0,0,9795,1224.375
1765544860.4988205,0,0,14784,1848.000
1765544860.5028372,0,0,16134,2016.750
1765544860.5068254,0,0,14567,1820.875
1765544860.5108268,1,1,10049,1256.125
1765544860.5148296,0,0,9634,1204.250
1765544860.5188367,0,0,14698,1837.250
1765544860.522824,0,0,16134,2016.750
1765544860.5268226,0,0,14750,1843.750
1765544860.5308218,1,0,10304,1288.000
1765544860.5348353,0,0,9566,1195.750
1765544860.5388255,0,0,14643,1830.375
1765544860.5428262,0,0,16132,2016.500
1765544860.5468242,0,0,14904,1863.000
1765544860.5508244,0,0,10525,1315.625
1765544860.554829,0,0,9404,1175.500
1765544860.5588257,0,0,14537,1817.125
1765544860.562826,0,0,16113,2014.125
1765544860.5668232,0,0,15017,1877.125
1765544860.57082,1,1,10695,1336.875
1765544860.5748172,0,0,9272,1159.000
1765544860.5788093,0,0,14437,1804.625
1765544860.5827906,1,0,16082,2010.250
1765544860.5868247,0,0,14993,1874.125
1765544860.5908213,1,1,10689,1336.125
1765544860.5948255,0,0,9121,1140.125
1765544860.5988705,0,0,14346,1793.250
1765544860.6028728,0,0,16080,2010.000
1765544860.6068664,0,0,15323,1915.375
1765544860.6108625,1,1,11200,1400.000
1765544860.6214879,0,0,16064,2008.000
1765544860.6233907,0,0,16064,2008.000
1765544860.6268725,0,0,15345,1918.125
1765544860.6308682,0,0,11246,1405.750
1765544860.634859,0,0,9025,1128.125
1765544860.6388474,0,0,14163,1770.375
1765544860.6428475,0,0,16030,2003.750
1765544860.64687,0,0,15424,1928.000
1765544860.6508682,0,1,11409,1426.125
1765544860.6548572,0,0,8941,1117.625
1765544860.6588466,0,0,14051,1756.375
1765544860.6628504,0,0,16002,2000.250
1765544860.666866,0,0,15562,1945.250
1765544860.670882,0,0,11678,1459.750
1765544860.6748772,0,0,8927,1115.875
1765544860.6788685,0,0,13945,1743.125
1765544860.6828506,0,0,15966,1995.750
1765544860.686862,0,0,15464,1933.000
1765544860.690847,0,0,11507,1438.375
1765544860.6948678,0,0,8597,1074.625
1765544860.6988316,0,0,13738,1717.250
1765544860.7028127,0,0,15920,1990.000
1765544860.7068074,0,0,15682,1960.250
1765544860.710818,0,0,11966,1495.750
1765544860.7148273,0,0,8789,1098.625
1765544860.7188258,0,0,13702,1712.750
1765544860.722826,0,0,15915,1989.375
1765544860.72682,0,0,15917,1989.625
1765544860.7308252,0,0,12540,1567.500
1765544860.7348313,0,0,9104,1138.000
1765544860.7388244,0,0,13697,1712.125
1765544860.742822,0,0,15903,1987.875
1765544860.7468204,0,0,15848,1981.000
1765544860.7508237,0,0,12387,1548.375
1765544860.7548242,0,0,8827,1103.375
1765544860.758822,0,0,13478,1684.750
1765544860.7629373,0,0,15844,1980.500
1765544860.7671628,0,0,15996,1999.500
1765544860.770852,0,0,12847,1605.875
1765544860.7748187,0,0,9090,1136.250
1765544860.778807,0,0,13428,1678.500
1765544860.7827866,1,0,15820,1977.500
1765544860.7868052,0,0,15936,1992.000
1765544860.7908032,1,1,12711,1588.875
1765544860.7948086,0,0,8799,1099.875
1765544860.7988083,0,0,13144,1643.000
1765544860.802805,0,0,15744,1968.000
1765544860.8068213,0,0,16049,2006.125
1765544860.810819,0,0,13139,1642.375
1765544860.8148172,0,0,9097,1137.125
1765544860.8188806,0,0,13124,1640.500
1765544860.8230054,0,0,15732,1966.500
1765544860.8268137,0,0,16077,2009.625
1765544860.830806,0,0,13263,1657.875
1765544860.834808,0,0,9051,1131.375
1765544860.838808,0,0,12878,1609.750
1765544860.8427837,1,0,15659,1957.375
1765544860.8468046,0,0,16061,2007.625
1765544860.850802,0,0,13294,1661.750
1765544860.8548214,0,0,9015,1126.875
1765544860.8588042,0,0,12699,1587.375
1765544860.8627794,1,0,15606,1950.750
1765544860.8668015,0,0,16057,2007.125
1765544860.8708105,1,0,13348,1668.500
1765544860.8748043,0,0,8992,1124.000
1765544860.87882,0,0,12474,1559.250
1765544860.8827906,0,0,15543,1942.875
1765544860.8868039,0,0,16026,2003.250
1765544860.8908021,0,0,13295,1661.875
1765544860.8948245,0,0,8893,1111.625
1765544860.8988206,0,0,12277,1534.625
1765544860.9028118,0,0,15496,1937.000
1765544860.906804,0,0,16167,2020.875
1765544860.910806,1,1,14032,1754.000
1765544860.9148235,0,0,9589,1198.625
1765544860.9188197,0,0,12244,1530.500
1765544860.922819,0,0,15477,1934.625
1765544860.926819,0,0,16125,2015.625
1765544860.9308197,1,0,13851,1731.375
1765544860.934829,0,0,11942,1492.750
1765544860.9388182,0,0,15390,1923.750
1765544860.9428177,0,0,16130,2016.250
1765544860.9468167,0,0,14037,1754.625
1765544860.9508219,0,0,9512,1189.000
1765544860.9548242,0,0,11670,1458.750
1765544860.958819,0,0,15310,1913.750
1765544860.9628181,0,0,16089,2011.125
1765544860.9668214,0,0,13937,1742.125
1765544860.9708207,1,1,9384,1173.000
1765544860.974826,0,0,11398,1424.750
1765544860.9788165,0,0,15232,1904.000
1765544860.9828188,0,0,16089,2011.125
1765544860.986816,0,0,14064,1758.000
1765544860.9908173,0,0,9514,1189.250
1765544860.9948225,0,0,11223,1402.875
1765544860.99886,0,0,15180,1897.500
1765544861.0028608,0,0,16135,2016.875
1765544861.0068593,0,0,14514,1814.250
1765544861.0108607,1,1,10035,1254.375
1765544861.0148742,0,0,11072,1384.000
1765544861.0189395,0,0,15120,1890.000
1765544861.0228646,0,0,16114,2014.250
1765544861.0268443,0,0,14515,1814.375
1765544861.0308414,0,1,10044,1255.500
1765544861.0348659,0,0,10797,1349.625
1765544861.038867,0,0,15022,1877.750
1765544861.0428555,0,0,16065,2008.125
1765544861.0468423,0,0,14340,1792.500
1765544861.0508425,0,1,9818,1227.250
1765544861.0548513,0,0,10444,1305.500
1765544861.058846,0,0,14913,1864.125
1765544861.0629017,0,0,16064,2008.000
1765544861.0668638,0,0,14574,1821.750
1765544861.0708613,0,1,10128,1266.000
1765544861.0748503,0,0,10438,1304.750
1765544861.0788696,0,0,14893,1861.625
1765544861.0828674,0,0,16080,2010.000
1765544861.0868623,0,0,14813,1851.625
1765544861.090857,1,1,10457,1307.125
1765544861.0948622,0,0,10310,1288.750
1765544861.0988271,0,0,14825,1853.125
1765544861.1028106,0,0,16063,2007.875
1765544861.1068032,0,0,14853,1856.625
1765544861.110802,0,0,10513,1314.125
1765544861.114818,0,0,10012,1251.500
1765544861.118817,0,0,14697,1837.125
1765544861.1228216,0,0,16041,2005.125
1765544861.1268175,0,0,15047,1880.875
1765544861.1308136,1,1,10816,1352.000
1765544861.1348093,0,0,9991,1248.875
1765544861.138811,0,0,14657,1832.125
1765544861.1428208,0,0,16037,2004.625
1765544861.1468172,0,0,15238,1904.750
1765544861.1508157,0,0,11134,1391.750
1765544861.154818,0,0,9939,1242.375
1765544861.1588159,0,0,14592,1824.000
1765544861.1628172,0,0,16017,2002.125
1765544861.1668155,0,0,15318,1914.750
1765544861.170818,0,0,11289,1411.125
1765544861.1748223,0,0,9753,1219.125
1765544861.1788137,0,0,14465,1808.125
1765544861.1828125,0,0,15966,1995.750
1765544861.186815,0,0,15067,1883.375
1765544861.1908164,0,1,10874,1359.250
1765544861.194816,0,0,9288,1161.000
1765544861.1988597,0,0,14284,1785.500
1765544861.2028584,0,0,15937,1992.125
1765544861.2068572,0,0,15491,1936.375
1765544861.2108586,0,0,11671,1458.875
1765544861.2148526,0,0,9592,1199.000
1765544861.2189348,0,0,14301,1787.625
1765544861.2228727,0,0,15940,1992.500
1765544861.2268553,0,0,15604,1950.500
1765544861.2308629,0,0,11914,1489.250
1765544861.234861,0,0,9621,1202.625
1765544861.2388601,0,0,14247,1780.875
1765544861.2428474,0,0,15918,1989.750
1765544861.24684,0,0,15582,1947.750
1765544861.2508433,0,0,11884,1485.500
1765544861.2548656,0,0,9484,1185.500
1765544861.2588608,0,0,14156,1769.500
1765544861.262862,0,0,15894,1986.750
1765544861.266855,0,0,15778,1972.250
1765544861.2708578,1,0,12391,1548.875
1765544861.2748654,0,0,9564,1195.500
1765544861.2788663,0,0,14051,1756.375
1765544861.2828672,0,0,15850,1981.250
1765544861.2868595,0,0,15579,1947.375
1765544861.290857,0,0,11936,1492.000
1765544861.294859,0,0,9027,1128.375
1765544861.2988088,0,0,13789,1723.625
1765544861.3028028,0,0,15787,1973.375
1765544861.306814,0,0,15809,1976.125
1765544861.3108149,0,0,12563,1570.375
1765544861.31481,0,0,9372,1171.500
1765544861.3188028,0,0,13808,1726.000
1765544861.3227894,0,0,15786,1973.250
1765544861.3267972,0,0,15839,1979.875
1765544861.3307953,0,0,12677,1584.625
1765544861.3348172,0,0,9258,1157.250
1765544861.3388155,0,0,13632,1704.000
1765544861.342817,0,0,15732,1966.500
1765544861.346814,0,0,15825,1978.125
1765544861.3508093,0,0,12685,1585.625
1765544861.3548148,0,0,9092,1136.500
1765544861.3588176,0,0,13438,1679.750
1765544861.362815,0,0,15678,1959.750
1765544861.3668132,0,0,15838,1979.750
1765544861.3708105,1,1,12776,1597.000
1765544861.3748198,0,0,9013,1126.625
1765544861.3788137,0,0,13267,1658.375
1765544861.3828158,0,0,15630,1953.750
1765544861.3868115,0,0,15858,1982.250
1765544861.390815,1,1,12886,1610.750
1765544861.3948147,0,0,9001,1125.125
1765544861.3988552,0,0,13148,1643.500
1765544861.4028597,0,0,15599,1949.875
1765544861.406838,0,0,15950,1993.750
1765544861.410837,0,0,13267,1658.375
1765544861.4148626,0,0,9234,1154.250
1765544861.4189262,0,0,13066,1633.250
1765544861.4228656,0,0,15571,1946.375
1765544861.4268403,0,0,15943,1992.875
1765544861.430843,1,0,13289,1661.125
1765544861.4348578,0,0,9157,1144.625
1765544861.438855,0,0,12882,1610.250
1765544861.4428449,0,0,15522,1940.250
1765544861.4468417,0,0,16013,2001.625
1765544861.4508379,0,0,13695,1711.875
1765544861.4548614,0,0,9472,1184.000
1765544861.4588542,0,0,12811,1601.375
1765544861.4628592,0,0,15495,1936.875
1765544861.466857,0,0,15975,1996.875
1765544861.4708674,0,0,13561,1695.125
1765544861.4748518,0,0,9245,1155.625
1765544861.4788382,0,0,12517,1564.625
1765544861.4828367,0,0,15414,1926.750
1765544861.486855,0,0,15982,1997.750
1765544861.4908566,0,0,13720,1715.000
1765544861.4948533,0,0,9330,1166.250
1765544861.4988065,0,0,12303,1537.875
1765544861.502807,0,0,15355,1919.375
1765544861.5068104,0,0,16002,2000.250
1765544861.510811,1,1,13944,1743.000
1765544861.514818,0,0,9536,1192.000
1765544861.5188146,0,0,12185,1523.125
1765544861.5228093,0,0,16027,2003.375
1765544861.5268066,0,0,14218,1777.250
1765544861.5308065,0,0,9815,1226.875
1765544861.5348155,0,0,12005,1500.625
1765544861.5388114,0,0,15263,1907.875
1765544861.5428114,0,0,15960,1995.000
1765544861.5468075,0,0,13894,1736.750
1765544861.5508108,1,1,9360,1170.000
1765544861.554815,0,0,11468,1433.500
1765544861.5588105,0,0,15117,1889.625
1765544861.562812,0,0,15944,1993.000
1765544861.5668097,0,0,14027,1753.375
1765544861.5708082,1,1,9505,1188.125
1765544861.5748024,0,0,11270,1408.750
1765544861.5787945,0,0,15058,1882.250
1765544861.5827923,0,0,15881,1985.125
1765544861.586811,0,0,13719,1714.875
1765544861.590808,1,1,9136,1142.000
1765544861.5948114,0,0,10853,1356.625
1765544861.598853,0,0,14951,1868.875
1765544861.6028545,0,0,15941,1992.625
1765544861.6068509,0,0,14280,1785.000
1765544861.610848,1,0,9811,1226.375
1765544861.614861,0,0,10934,1366.750
1765544861.6254864,0,0,15987,1998.375
1765544861.6274104,1,1,14670,1833.750
1765544861.630864,1,0,10328,1291.000
1765544861.634851,0,0,10930,1366.250
1765544861.6388361,0,0,14946,1868.250
1765544861.6428428,0,0,15969,1996.125
1765544861.6468577,0,0,14574,1821.750
1765544861.650854,0,1,10171,1271.375
1765544861.654845,0,0,10539,1317.375
1765544861.6588337,0,0,14817,1852.125
1765544861.6628368,0,0,15943,1992.875
1765544861.6668549,0,0,14710,1838.750
1765544861.6708562,0,1,10385,1298.125
1765544861.6748524,0,0,10293,1286.625
1765544861.678852,0,0,14712,1839.000
1765544861.6828527,0,0,15888,1986.000
1765544861.686852,0,0,14394,1799.250
1765544861.6908648,0,0,9935,1241.875
1765544861.6948526,0,0,9893,1236.625
1765544861.6988041,0,0,14593,1824.125
1765544861.702796,0,0,15905,1988.125
1765544861.7068098,0,0,14921,1865.125
1765544861.7108102,0,0,10702,1337.750
1765544861.714804,0,0,10093,1261.625
1765544861.7187955,0,0,14616,1827.000
1765544861.7227838,0,0,15921,1990.125
1765544861.7267904,0,0,15161,1895.125
1765544861.7307944,1,1,11111,1388.875
1765544861.7348163,0,0,10043,1255.375
1765544861.7388103,0,0,14547,1818.375
1765544861.742811,0,0,15889,1986.125
1765544861.7468054,0,0,14967,1870.875
1765544861.7508106,1,1,10786,1348.250
1765544861.7548132,0,0,9602,1200.250
1765544861.7588084,0,0,14375,1796.875
1765544861.7629268,0,0,15854,1981.750
1765544861.7671442,0,0,15170,1896.250
1765544861.7708414,0,0,11148,1393.500
1765544861.7748017,0,0,9620,1202.500
1765544861.7787962,0,0,14332,1791.500
1765544861.782783,0,0,15842,1980.250
1765544861.7867925,0,0,15157,1894.625
1765544861.7907891,0,0,11134,1391.750
1765544861.7947915,0,0,9389,1173.625
1765544861.798795,0,0,14205,1775.625
1765544861.8028002,0,0,15814,1976.750
1765544861.8068056,0,0,15329,1916.125
1765544861.8108034,0,0,11474,1434.250
1765544861.8148139,0,0,9376,1172.000
1765544861.8188086,0,0,14127,1765.875
1765544861.822878,0,0,15797,1974.625
1765544861.826821,0,0,15458,1932.250
1765544861.8308098,0,0,11760,1470.000
1765544861.8348088,0,0,9405,1175.625
1765544861.8388088,0,0,14071,1758.875
1765544861.8428078,0,0,15777,1972.125
1765544861.8468099,0,0,15430,1928.750
1765544861.8508048,1,1,11713,1464.125
1765544861.8548012,0,0,9174,1146.750
1765544861.8587952,0,0,13917,1739.625
1765544861.8628888,0,0,15740,1967.500
1765544861.866812,0,0,15542,1942.750
1765544861.8708081,0,0,11996,1499.500
1765544861.8748147,0,0,9145,1143.125
1765544861.8788111,0,0,13803,1725.375
1765544861.882806,0,0,15706,1963.250
1765544861.8868036,0,0,15511,1938.875
1765544861.8908072,0,0,11939,1492.375
1765544861.894816,0,0,8895,1111.875
1765544861.8988469,0,0,13622,1702.750
1765544861.9028535,0,0,15663,1957.875
1765544861.9068494,0,0,15636,1954.500
1765544861.910847,1,0,12288,1536.000
1765544861.9148564,0,0,9005,1125.625
1765544861.9188523,0,0,13549,1693.625
1765544861.9228547,0,0,15645,1955.625
1765544861.9268484,0,0,15739,1967.375
1765544861.930848,0,0,12597,1574.625
1765544861.9348497,0,0,9120,1140.000
1765544861.9388344,0,0,13482,1685.250
1765544861.9428425,0,0,15625,1953.125
1765544861.9468503,0,0,15743,1967.875
1765544861.9508488,0,1,12639,1579.875
1765544861.9548523,0,0,8977,1122.125
1765544861.9588609,0,0,13290,1661.250
1765544861.9628446,0,0,15572,1946.500
1765544861.9668317,0,0,15788,1973.500
1765544861.9708295,0,0,12834,1604.250
1765544861.974855,0,0,9039,1129.875
1765544861.9788506,0,0,13198,1649.750
1765544861.9828408,0,0,15546,1943.250
1765544861.986832,0,0,15786,1973.250
1765544861.9908297,0,0,12864,1608.000
1765544861.9948502,0,0,8874,1109.250
1765544861.9988182,0,0,12927,1615.875
1765544862.0028121,0,0,15474,1934.250
1765544862.0068064,0,0,15801,1975.125
1765544862.0108035,0,0,12989,1623.625
1765544862.0148132,0,0,8904,1113.000
1765544862.0188048,0,0,12805,1600.625
1765544862.0228915,0,0,15443,1930.375
1765544862.0268219,0,0,15889,1986.125
1765544862.0308099,1,1,13375,1671.875
1765544862.0348012,0,0,9192,1149.000
1765544862.0387917,0,0,12757,1594.625
1765544862.0428169,0,0,15426,1928.250
1765544862.0468073,0,0,15857,1982.125
1765544862.0508063,1,1,13273,1659.125
1765544862.0548105,0,0,8973,1121.625
1765544862.0587888,0,0,12440,1555.000
1765544862.0628178,0,0,15342,1917.750
1765544862.0668077,0,0,15887,1985.875
1765544862.0708065,1,0,13513,1689.125
1765544862.074798,0,0,9110,1138.750
1765544862.0787868,0,0,12218,1527.250
1765544862.0827947,0,0,15282,1910.250
1765544862.0868165,0,0,15826,1978.250
1765544862.0908067,0,0,13306,1663.250
1765544862.0948024,0,0,8865,1108.125
1765544862.0987875,0,0,11957,1494.625
1765544862.102803,0,0,15220,1902.500
1765544862.1068025,0,0,15932,1991.500
1765544862.1108046,1,1,9511,1188.875
1765544862.1147985,0,0,11960,1495.000
1765544862.11879,0,0,15217,1902.125
1765544862.1228158,0,0,15911,1988.875
1765544862.1268165,0,0,13830,1728.750
1765544862.1308053,0,0,9326,1165.750
1765544862.1348124,0,0,11635,1454.375
1765544862.1388073,0,0,15128,1891.000
1765544862.142815,0,0,15891,1986.375
1765544862.1468015,0,0,13857,1732.125
1765544862.1508017,1,1,9334,1166.750
1765544862.1548085,0,0,11389,1423.625
1765544862.1588182,0,0,15062,1882.750
1765544862.1628056,0,0,15911,1988.875
1765544862.1668,0,0,14103,1762.875
1765544862.170801,0,0,9619,1202.375
1765544862.1748047,0,0,11279,1409.875
1765544862.1787984,0,0,15026,1878.250
1765544862.182807,0,0,15894,1986.750
1765544862.186801,0,0,14052,1756.500
1765544862.1908014,0,0,9532,1191.500
1765544862.194811,0,0,10971,1371.375
1765544862.1988041,0,0,14940,1867.500
1765544862.2028034,0,0,15919,1989.875
1765544862.206799,0,0,14439,1804.875
1765544862.2107997,0,0,10019,1252.375
1765544862.214801,0,0,10922,1365.250
1765544862.2188022,0,0,14914,1864.250
1765544862.222881,0,0,15930,1991.250
1765544862.2268124,0,0,14685,1835.625
1765544862.2307973,1,1,10375,1296.875
1765544862.2348018,0,0,10897,1362.125
1765544862.2387943,0,0,14888,1861.000
1765544862.2428234,0,0,15911,1988.875
1765544862.2468057,0,0,14599,1824.875
1765544862.2508042,0,0,10243,1280.375
1765544862.2547932,0,0,10514,1314.250
1765544862.258788,0,0,14756,1844.500
1765544862.2628222,0,0,15873,1984.125
1765544862.2668035,0,0,14573,1821.625
1765544862.2708073,1,0,10201,1275.125
1765544862.2748096,0,0,10248,1281.000
1765544862.2788045,0,0,14660,1832.500
1765544862.2827919,0,0,15855,1981.875
1765544862.2867858,0,0,14668,1833.500
1765544862.2907872,1,1,10363,1295.375
1765544862.2948036,0,0,10193,1274.125
1765544862.298804,0,0,14629,1828.625
1765544862.302793,0,0,15868,1983.500
1765544862.3067858,0,0,14997,1874.625
1765544862.3107889,0,0,10871,1358.875
1765544862.314806,0,0,10214,1276.750
1765544862.318804,0,0,14599,1824.875
1765544862.3227937,0,0,15864,1983.000
1765544862.326784,0,0,15209,1901.125
1765544862.3307872,0,0,11264,1408.000
1765544862.3348055,0,0,10105,1263.125
1765544862.3388035,0,0,14506,1813.250
1765544862.3428032,0,0,15823,1977.875
1765544862.3468008,0,0,14953,1869.125
1765544862.3508036,0,0,10805,1350.625
1765544862.3548071,0,0,9561,1195.125
1765544862.3588004,0,0,14300,1787.500
1765544862.3628001,0,0,15773,1971.625
1765544862.3668,0,0,15033,1879.125
1765544862.3708026,0,0,10977,1372.125
1765544862.374805,0,0,9469,1183.625
1765544862.3788033,0,0,14225,1778.125
1765544862.3827994,0,0,15758,1969.750
1765544862.386799,0,0,15102,1887.750
1765544862.3908038,0,0,11098,1387.250
1765544862.394806,0,0,9308,1163.500
1765544862.3988442,0,0,14120,1765.000
1765544862.4028435,0,0,15742,1967.750
1765544862.406841,0,0,15380,1922.500
1765544862.410841,0,0,11678,1459.750
1765544862.4148498,0,0,9552,1194.000
1765544862.4188464,0,0,14137,1767.125
1765544862.422949,0,0,15748,1968.500
1765544862.426857,0,0,15509,1938.625
1765544862.4308472,1,0,11968,1496.000
1765544862.4348345,0,0,9543,1192.875
1765544862.4388297,0,0,14054,1756.750
1765544862.4428644,0,0,15715,1964.375
1765544862.446848,0,0,15386,1923.250
1765544862.4508429,0,0,11701,1462.625
1765544862.4548318,0,0,9092,1136.500
1765544862.4588277,0,0,13818,1727.250
1765544862.4628682,0,0,15654,1956.750
1765544862.4668472,0,0,15443,1930.375
1765544862.4708397,0,0,11873,1484.125
1765544862.4748456,0,0,9023,1127.875
1765544862.47885,0,0,13701,1712.625
1765544862.4828346,0,0,15623,1952.875
1765544862.4868374,0,0,15431,1928.875
1765544862.4908206,0,0,11863,1482.875
1765544862.4948447,0,0,8753,1094.125
1765544862.4988096,0,0,13486,1685.750
1765544862.5027933,0,0,15571,1946.375
1765544862.5067844,0,0,15467,1933.375
1765544862.510795,0,0,11976,1497.000
1765544862.5147998,0,0,8665,1083.125
1765544862.5188015,0,0,13348,1668.500
1765544862.5228014,0,0,15545,1943.125
1765544862.526801,0,0,15667,1958.375
1765544862.5307987,0,0,12537,1567.125
1765544862.5347998,0,0,8987,1123.375
1765544862.538799,0,0,13340,1667.500
1765544862.5428,0,0,15539,1942.375
1765544862.5468009,0,0,15577,1947.125
1765544862.5508,0,0,12281,1535.125
1765544862.5548043,0,0,8577,1072.125
1765544862.5587964,0,0,13042,1630.250
1765544862.5627975,0,0,15465,1933.125
1765544862.5668,0,0,15631,1953.875
1765544862.5707989,0,0,12490,1561.250
1765544862.5747902,0,0,8574,1071.750
1765544862.5787818,0,0,12852,1606.500
1765544862.5827875,0,0,15416,1927.000
1765544862.5867982,0,0,15516,1939.500
1765544862.5907977,0,0,12185,1523.125
1765544862.5948029,0,0,8209,1026.125
1765544862.5987988,0,0,12599,1574.875
1765544862.6027973,0,0,15364,1920.500
1765544862.606796,0,0,15719,1964.875
1765544862.6107981,0,0,12824,1603.000
1765544862.6148016,0,0,8681,1085.125
1765544862.6188006,0,0,12615,1576.875
1765544862.628187,1,1,12971,1621.375
1765544862.6308227,0,0,12971,1621.375
1765544862.6348023,0,0,8727,1090.875
1765544862.6387856,0,0,12471,1558.875
1765544862.6428523,0,0,15339,1917.375
1765544862.646805,0,0,15806,1975.750
1765544862.6508002,1,0,13175,1646.875
1765544862.654791,0,0,8836,1104.500
1765544862.6587877,0,0,12287,1535.875
1765544862.6628036,0,0,15289,1911.125
1765544862.666801,0,0,15740,1967.500
1765544862.6707954,0,0,12967,1620.875
1765544862.6748002,0,0,8591,1073.875
1765544862.678811,0,0,12032,1504.000
1765544862.6830695,0,0,15816,1977.000
1765544862.6867907,0,0,15816,1977.000
1765544862.6907825,0,0,13333,1666.625
1765544862.6947854,0,0,8862,1107.750
1765544862.6987858,0,0,11824,1478.000
1765544862.702805,0,0,15827,1978.375
1765544862.7068028,0,0,13424,1678.000
1765544862.7107973,0,0,8884,1110.500
1765544862.714789,0,0,11530,1441.250
1765544862.7187834,0,0,15104,1888.000
1765544862.7228045,0,0,15845,1980.625
1765544862.726805,0,0,13602,1700.250
1765544862.730803,0,0,9078,1134.750
1765544862.7348077,0,0,11446,1430.750
1765544862.738801,0,0,15084,1885.500
1765544862.7427962,0,0,15863,1982.875
1765544862.746784,0,0,13712,1714.000
1765544862.750784,0,0,9172,1146.500
1765544862.754802,0,0,11269,1408.625
1765544862.758801,0,0,15037,1879.625
1765544862.762916,0,0,15903,1987.875
1765544862.7670805,0,0,14039,1754.875
1765544862.7708404,0,0,9546,1193.250
1765544862.774806,0,0,11230,1403.750
1765544862.7787988,0,0,15021,1877.625
1765544862.782791,0,0,15915,1989.375
1765544862.786784,0,0,14170,1771.250
1765544862.790786,1,0,9683,1210.375
1765544862.7948022,0,0,10998,1374.750
1765544862.7987976,0,0,14948,1868.500
1765544862.8028018,0,0,15912,1989.000
1765544862.806803,0,0,14314,1789.250
1765544862.810803,0,0,9839,1229.875
1765544862.8147938,0,0,10730,1341.250
1765544862.8187957,0,0,14859,1857.375
1765544862.8227944,0,0,15898,1987.250
1765544862.8269784,0,0,14420,1802.500
1765544862.830801,1,1,10000,1250.000
1765544862.8347878,0,0,10665,1333.125
1765544862.8387911,0,0,14828,1853.500
1765544862.8428059,0,0,15896,1987.000
1765544862.8468006,0,0,14507,1813.375
1765544862.850801,1,1,10114,1264.250
1765544862.8547962,0,0,10422,1302.750
1765544862.8587875,0,0,14739,1842.375
1765544862.862803,0,0,15884,1985.500
1765544862.866798,0,0,14654,1831.750
1765544862.8707995,0,0,10320,1290.000
1765544862.8748047,0,0,10237,1279.625
1765544862.8788006,0,0,14657,1832.125
1765544862.8828032,0,0,15847,1980.875
1765544862.8867977,0,0,14496,1812.000
1765544862.8908076,0,0,10098,1262.250
1765544862.8947937,0,0,9897,1237.125
1765544862.8987837,0,0,14543,1817.875
1765544862.9028134,0,0,15854,1981.750
1765544862.9067986,0,0,15006,1875.750
1765544862.910795,1,0,10893,1361.625
1765544862.9147892,0,0,10100,1262.500
1765544862.9187846,0,0,14558,1819.750
1765544862.9228032,0,0,15859,1982.375
1765544862.9267986,0,0,15098,1887.250
1765544862.9307961,1,0,11040,1380.000
1765544862.9347994,0,0,9883,1235.375
1765544862.9387982,0,0,14440,1805.000
1765544862.9428053,0,0,15818,1977.250
1765544862.9467988,0,0,14992,1874.000
1765544862.9507966,0,0,10874,1359.250
1765544862.9547994,0,0,9544,1193.000
1765544862.9588015,0,0,14291,1786.375
1765544862.9627988,0,0,15782,1972.750
1765544862.9667988,0,0,15094,1886.750
1765544862.9707966,0,0,11076,1384.500
1765544862.9747999,0,0,9484,1185.500
1765544862.9787965,0,0,14227,1778.375
1765544862.982802,0,0,15768,1971.000
1765544862.986798,0,0,15174,1896.750
1765544862.9907997,0,0,11223,1402.875
1765544862.9947984,0,0,9240,1155.000
1765544862.998797,0,0,14065,1758.125
1765544863.0028028,0,0,15730,1966.250
1765544863.0067961,0,0,15313,1914.125
1765544863.010796,0,0,11515,1439.375
1765544863.0147972,0,0,9116,1139.500
1765544863.0187943,0,0,13917,1739.625
1765544863.0227985,0,0,15679,1959.875
1765544863.0269947,0,0,15006,1875.750
1765544863.0308135,0,0,10960,1370.000
1765544863.034795,0,0,8635,1079.375
1765544863.0387814,0,0,13728,1716.000
1765544863.0428152,0,0,15647,1955.875
1765544863.0467973,0,0,15315,1914.375
1765544863.0507958,1,1,11573,1446.625
1765544863.0547893,0,0,8821,1102.625
1765544863.0587795,0,0,13686,1710.750
1765544863.0628169,0,0,15641,1955.125
1765544863.0667932,0,0,15302,1912.750
1765544863.070797,1,0,11530,1441.250
1765544863.074787,0,0,8608,1076.000
1765544863.0787795,0,0,13528,1691.000
1765544863.082796,0,0,15604,1950.500
1765544863.0867932,0,0,15342,1917.750
1765544863.0908043,1,1,11637,1454.625
1765544863.0947924,0,0,8601,1075.125
1765544863.098781,0,0,13466,1683.250
1765544863.1028044,0,0,15600,1950.000
1765544863.1067939,0,0,15575,1946.875
1765544863.1107976,0,0,12187,1523.375
1765544863.114788,0,0,8809,1101.125
1765544863.1187778,0,0,13403,1675.375
1765544863.1228025,0,0,15587,1948.375
1765544863.1267958,0,0,15699,1962.375
1765544863.1307936,0,0,12559,1569.875
1765544863.1347892,0,0,8931,1116.375
1765544863.138795,0,0,13289,1661.125
1765544863.1428046,0,0,15552,1944.000
1765544863.1467948,0,0,15608,1951.000
1765544863.1507974,1,0,12313,1539.125
1765544863.154801,0,0,8595,1074.375
1765544863.1587973,0,0,13064,1633.000
1765544863.1627998,0,0,15496,1937.000
1765544863.1667974,0,0,15709,1963.625
1765544863.170794,0,0,12664,1583.000
1765544863.174795,0,0,8755,1094.375
1765544863.1787934,0,0,12965,1620.625
1765544863.1827996,0,0,15469,1933.625
1765544863.1867955,0,0,15684,1960.500
1765544863.1907911,0,0,12612,1576.500
1765544863.194796,0,0,8570,1071.250
1765544863.1988015,0,0,12720,1590.000
1765544863.2028003,0,0,15407,1925.875
1765544863.206796,0,0,15714,1964.250
1765544863.2107916,0,0,12751,1593.875
1765544863.2147856,0,0,8576,1072.000
1765544863.2187908,0,0,12546,1568.250
1765544863.222799,0,0,15367,1920.875
1765544863.226986,0,0,15797,1974.625
1765544863.2308085,0,0,13084,1635.500
1765544863.2347896,0,0,8848,1106.000
1765544863.2387822,0,0,12516,1564.500
1765544863.2428193,0,0,15360,1920.000
1765544863.2467973,0,0,15845,1980.625
1765544863.2507935,1,0,13295,1661.875
1765544863.2547815,0,0,8945,1118.125
1765544863.258777,0,0,12327,1540.875
1765544863.2628284,0,0,15309,1913.625
1765544863.266796,0,0,15853,1981.625
1765544863.2707958,0,0,13403,1675.375
1765544863.2747896,0,0,9007,1125.875
1765544863.2788053,0,0,12155,1519.375
1765544863.2827885,0,0,15263,1907.875
1765544863.2867785,0,0,15850,1981.250
1765544863.2907782,0,0,8956,1119.500
1765544863.2947977,0,0,11849,1481.125
1765544863.2987924,0,0,15183,1897.875
1765544863.3027859,0,0,15874,1984.250
1765544863.3067787,0,0,13678,1709.750
1765544863.3107805,0,0,9203,1150.375
1765544863.3147998,0,0,11775,1471.875
1765544863.3187919,0,0,15162,1895.250
1765544863.3227828,0,0,15858,1982.250
1765544863.326775,0,0,13628,1703.500
1765544863.3307772,1,1,9094,1136.750
1765544863.3347914,0,0,11429,1428.625
1765544863.3387904,0,0,15070,1883.750
1765544863.3427935,0,0,15861,1982.625
1765544863.3467877,0,0,13768,1721.000
1765544863.3507895,0,0,9227,1153.375
1765544863.3547938,0,0,11260,1407.500
1765544863.358791,0,0,15026,1878.250
1765544863.36279,0,0,15910,1988.750
1765544863.3667855,0,0,14168,1771.000
1765544863.370787,0,0,9687,1210.875
1765544863.3747933,0,0,11202,1400.250
1765544863.3787887,0,0,14999,1874.875
1765544863.3827908,0,0,15856,1982.000
1765544863.386785,0,0,13856,1732.000
1765544863.3907857,1,1,9294,1161.750
1765544863.394791,0,0,10749,1343.625
1765544863.398832,0,0,14875,1859.375
1765544863.402858,0,0,15897,1987.125
1765544863.4068375,0,0,14409,1801.125
1765544863.410832,1,0,9988,1248.500
1765544863.4148357,0,0,10833,1354.125
1765544863.4188383,0,0,14885,1860.625
1765544863.4228423,0,0,15917,1989.625
1765544863.4270515,0,0,14605,1825.625
1765544863.430848,1,0,10243,1280.375
1765544863.434831,0,0,10645,1330.625
1765544863.4388218,0,0,14806,1850.750
1765544863.4428682,0,0,15867,1983.375
1765544863.4468362,0,0,14347,1793.375
1765544863.4508321,0,1,9889,1236.125
1765544863.4548233,0,0,10222,1277.750
1765544863.4588177,0,0,14673,1834.125
1765544863.4628522,0,0,15854,1981.750
1765544863.4668384,0,0,14564,1820.500
1765544863.4708347,0,0,10190,1273.750
1765544863.4748375,0,0,10008,1251.000
1765544863.4791334,0,0,14575,1821.875
1765544863.4828303,0,0,15823,1977.875
1765544863.48682,0,0,14483,1810.375
1765544863.4908185,0,0,10086,1260.750
1765544863.494839,0,0,9797,1224.625
1765544863.4988024,0,0,14500,1812.500
1765544863.5027869,0,0,15831,1978.875
1765544863.5067759,0,0,14806,1850.750
1765544863.5107746,0,0,10557,1319.625
1765544863.5147965,0,0,9766,1220.750
1765544863.518792,0,0,14450,1806.250
1765544863.5227933,0,0,15828,1978.500
1765544863.5267928,0,0,14977,1872.125
1765544863.5307899,1,1,10835,1354.375
1765544863.5347917,0,0,9657,1207.125
1765544863.5387876,0,0,14367,1795.875
1765544863.5427935,0,0,15800,1975.000
1765544863.5467901,0,0,14876,1859.500
1765544863.5507898,1,0,10681,1335.125
1765544863.5547924,0,0,9334,1166.750
1765544863.558791,0,0,14224,1778.000
1765544863.5627928,0,0,15770,1971.250
1765544863.5667868,0,0,14960,1870.000
1765544863.5707903,0,0,10828,1353.500
1765544863.5747821,0,0,9157,1144.625
1765544863.5787747,0,0,14104,1763.000
1765544863.5828001,0,0,15743,1967.875
1765544863.5867865,0,0,14986,1873.250
1765544863.59079,1,1,10876,1359.500
1765544863.5947933,0,0,9023,1127.875
1765544863.5987878,0,0,14020,1752.500
1765544863.602789,0,0,15735,1966.875
1765544863.606787,0,0,15211,1901.375
1765544863.610787,0,0,11285,1410.625
1765544863.6147902,0,0,9148,1143.500
1765544863.6187875,0,0,14006,1750.750
1765544863.6227922,0,0,15740,1967.500
1765544863.6321898,0,0,11843,1480.375
1765544863.6348994,0,0,9473,1184.125
1765544863.638797,0,0,14072,1759.000
1765544863.642784,0,0,15752,1969.000
1765544863.6467829,0,0,15532,1941.500
1765544863.6507697,0,0,11991,1498.875
1765544863.654791,0,0,9064,1133.000
1765544863.6587865,0,0,13734,1716.750
1765544863.6627817,0,0,15647,1955.875
1765544863.6667688,0,0,15168,1896.000
1765544863.670768,0,0,11258,1407.250
1765544863.6747916,0,0,8449,1056.125
1765544863.67879,0,0,13495,1686.875
1765544863.682793,0,0,15598,1949.750
1765544863.6867888,0,0,15390,1923.750
1765544863.6907866,0,0,11742,1467.750
1765544863.6947885,0,0,8600,1075.000
1765544863.6987896,0,0,13432,1679.000
1765544863.7027903,0,0,15588,1948.500
1765544863.7067742,0,0,15488,1936.000
1765544863.710771,1,1,11968,1496.000
1765544863.7149844,0,0,8620,1077.500
1765544863.7187903,0,0,13331,1666.375
1765544863.722781,0,0,15568,1946.000
1765544863.7267735,0,0,15593,1949.125
1765544863.730774,0,0,12251,1531.375
1765544863.7347922,0,0,8721,1090.125
1765544863.7387877,0,0,13263,1657.875
1765544863.7427804,0,0,15553,1944.125
1765544863.7467706,0,0,15644,1955.500
1765544863.7507696,0,0,12414,1551.750
1765544863.75479,0,0,8676,1084.500
1765544863.7587862,0,0,13089,1636.125
1765544863.7628977,0,0,15507,1938.375
1765544863.7670586,1,1,15630,1953.750
1765544863.7708147,0,0,12407,1550.875
1765544863.7748013,0,0,8543,1067.875
1765544863.778786,0,0,12888,1611.000
1765544863.7827744,0,0,15456,1932.000
1765544863.786769,0,0,15634,1954.250
1765544863.7907696,0,0,12453,1556.625
1765544863.7947881,0,0,8471,1058.875
1765544863.7987823,0,0,12743,1592.875
1765544863.8027844,0,0,15426,1928.250
1765544863.8067875,0,0,15778,1972.250
1765544863.8107882,0,0,12938,1617.250
1765544863.8147893,0,0,8804,1100.500
1765544863.8187838,0,0,12698,1587.250
1765544863.8227775,0,0,15416,1927.000
1765544863.8267741,0,0,15857,1982.125
1765544863.8310237,0,0,13259,1657.375
1765544863.8347902,0,0,9049,1131.125
1765544863.8387768,0,0,12655,1581.875
1765544863.8427806,0,0,15402,1925.250
1765544863.8467674,0,0,15882,1985.250
1765544863.8507707,0,0,13405,1675.625
1765544863.8547912,0,0,9088,1136.000
1765544863.8587854,0,0,12443,1555.375
1765544863.862795,0,0,15340,1917.500
1765544863.8667667,0,0,15864,1983.000
1765544863.8707695,1,1,13420,1677.500
1765544863.874794,0,0,12188,1523.500
1765544863.878791,0,0,15272,1909.000
1765544863.8827941,0,0,15867,1983.375
1765544863.8870587,1,1,13524,1690.500
1765544863.8907907,0,0,9064,1133.000
1765544863.8947825,0,0,11912,1489.000
1765544863.8987737,0,0,15197,1899.625
1765544863.9028084,0,0,15840,1980.000
1765544863.9067857,0,0,13490,1686.250
1765544863.9107857,0,0,8993,1124.125
1765544863.914779,0,0,11705,1463.125
1765544863.9187717,0,0,15146,1893.250
1765544863.9228048,0,0,15912,1989.000
1765544863.926787,0,0,13978,1747.250
1765544863.930785,1,0,9516,1189.500
1765544863.9347758,0,0,11723,1465.375
1765544863.9387712,0,0,15147,1893.375
1765544863.9428043,0,0,15907,1988.375
1765544863.9467857,0,0,13958,1744.750
1765544863.9507813,1,1,9449,1181.125
1765544863.954786,0,0,11388,1423.500
1765544863.9587886,0,0,15051,1881.375
1765544863.9627907,0,0,15896,1987.000
1765544863.966786,0,0,14080,1760.000
1765544863.9707828,0,0,9570,1196.250
1765544863.9747882,0,0,11132,1391.500
1765544863.9787848,0,0,14972,1871.500
1765544863.982784,0,0,15856,1982.000
1765544863.9867833,0,0,13945,1743.125
1765544863.9907851,0,0,9392,1174.000
1765544863.9947848,0,0,10782,1347.750
1765544863.998781,0,0,14873,1859.125
1765544864.0027883,0,0,15859,1982.375
1765544864.0067832,0,0,14127,1765.875
1765544864.010782,0,1,9612,1201.500
1765544864.014783,0,0,10548,1318.500
1765544864.0187805,0,0,14797,1849.625
1765544864.022785,0,0,15865,1983.125
1765544864.0267844,0,0,14337,1792.125
1765544864.0310252,0,0,9882,1235.250
1765544864.0347867,0,0,10486,1310.750
1765544864.0387712,0,0,14768,1846.000
1765544864.0428057,0,0,15869,1983.625
1765544864.0467856,0,0,14436,1804.500
1765544864.0507848,1,0,10011,1251.375
1765544864.0547743,0,0,10324,1290.500
1765544864.058764,0,0,14706,1838.250
1765544864.0628047,0,0,15874,1984.250
1765544864.0667834,0,0,14675,1834.375
1765544864.070785,0,0,10362,1295.250
1765544864.0747766,0,0,10198,1274.750
1765544864.0787702,0,0,14638,1829.750
1765544864.0827966,0,0,15839,1979.875
1765544864.08683,0,0,14487,1810.875
1765544864.0907989,0,0,10075,1259.375
1765544864.094778,0,0,9767,1220.875
1765544864.0987718,0,0,14493,1811.625
1765544864.1028037,0,0,15832,1979.000
1765544864.1067824,0,0,14878,1859.750
1765544864.1107836,0,0,10686,1335.750
1765544864.1147742,0,0,9892,1236.500
1765544864.1187682,0,0,14488,1811.000
1765544864.122801,0,0,15825,1978.125
1765544864.1267798,0,0,14788,1848.500
1765544864.130781,1,1,10532,1316.500
1765544864.1347866,0,0,9480,1185.000
1765544864.138782,0,0,14317,1789.625
1765544864.142784,0,0,15787,1973.375
1765544864.1467793,0,0,14866,1858.250
1765544864.1507804,0,1,10669,1333.625
1765544864.1547854,0,0,9387,1173.375
1765544864.158783,0,0,14254,1781.750
1765544864.1627846,0,0,15782,1972.750
1765544864.166778,0,0,15030,1878.750
1765544864.1707764,0,0,10942,1367.750
1765544864.1747804,0,0,9306,1163.250
1765544864.1787784,0,0,14166,1770.750
1765544864.1827836,0,0,15761,1970.125
1765544864.1867816,0,0,15067,1883.375
1765544864.190778,0,0,11017,1377.125
1765544864.1947803,0,0,9063,1132.875
1765544864.1987848,0,0,14017,1752.125
1765544864.2027857,0,0,15722,1965.250
1765544864.2067835,0,0,15025,1878.125
1765544864.2107775,0,0,10964,1370.500
1765544864.2147803,0,0,8835,1104.375
1765544864.2187788,0,0,13879,1734.875
1765544864.2227874,0,0,15698,1962.250
1765544864.226781,0,0,15200,1900.000
1765544864.23102,0,0,11294,1411.750
1765544864.2347922,0,0,8953,1119.125
1765544864.238771,0,0,13875,1734.375
1765544864.2428122,0,0,15704,1963.000
1765544864.2467825,0,0,15330,1916.250
1765544864.2507823,0,0,11549,1443.625
1765544864.254774,0,0,8863,1107.875
1765544864.2587638,0,0,13739,1717.375
1765544864.2628078,0,0,15670,1958.750
1765544864.2667842,0,0,15384,1923.000
1765544864.270784,0,0,11682,1460.250
1765544864.274773,0,0,8871,1108.875
1765544864.2787683,0,0,13687,1710.875
1765544864.282818,0,0,15664,1958.000
1765544864.2867854,0,0,15610,1951.250
1765544864.2908633,0,0,12230,1528.750
1765544864.2948031,0,0,9028,1128.500
1765544864.298788,0,0,13600,1700.000
1765544864.3027742,0,0,15639,1954.875
1765544864.3067677,0,0,15605,1950.625
1765544864.310767,0,0,12240,1530.000
1765544864.3147857,0,0,8744,1093.000
1765544864.3187819,0,0,13317,1664.625
1765544864.3227723,0,0,15558,1944.750
1765544864.3267622,0,0,15496,1937.000
1765544864.3307652,0,0,12018,1502.250
1765544864.3347912,0,0,8508,1063.500
1765544864.3387845,0,0,13181,1647.625
1765544864.3427827,0,0,15530,1941.250
1765544864.3467784,0,0,15608,1951.000
1765544864.3507833,0,0,12327,1540.875
1765544864.3547838,0,0,8700,1087.500
1765544864.3587792,0,0,13174,1646.750
1765544864.3627808,0,0,15531,1941.375
1765544864.366778,0,0,15711,1963.875
1765544864.3707767,0,1,12628,1578.500
1765544864.3747811,0,0,8769,1096.125
1765544864.378779,0,0,13012,1626.500
1765544864.3827853,0,0,15487,1935.875
1765544864.3867786,0,0,15713,1964.125
1765544864.3907785,0,0,12675,1584.375
1765544864.3947816,0,0,8664,1083.000
1765544864.3987803,0,0,12807,1600.875
1765544864.4027827,0,0,15434,1929.250
1765544864.4067764,0,0,15748,1968.500
1765544864.4107757,0,0,12840,1605.000
1765544864.4147773,0,0,8709,1088.625
1765544864.4187777,0,0,12659,1582.375
1765544864.4227839,0,0,15398,1924.750
1765544864.4267762,0,0,15796,1974.500
1765544864.4310238,0,0,13044,1630.500
1765544864.4347785,0,0,8798,1099.750
1765544864.4387696,0,0,12494,1561.750
1765544864.4428074,0,0,15355,1919.375
1765544864.4467785,0,0,15808,1976.000
1765544864.4507766,1,1,13142,1642.750
1765544864.4547698,0,0,8828,1103.500
1765544864.4587653,0,0,12364,1545.500
1765544864.462804,0,0,15878,1984.750
1765544864.46678,0,0,13491,1686.375
1765544864.4707768,0,0,9102,1137.750
1765544864.4747756,0,0,12237,1529.625
1765544864.4787755,0,0,15286,1910.750
1765544864.482782,0,0,15819,1977.375
1765544864.4867659,0,0,13274,1659.250
1765544864.4907641,0,0,8801,1100.125
1765544864.4947815,0,0,11857,1482.125
1765544864.4987774,0,0,15192,1899.000
1765544864.5027723,0,0,15920,1990.000
1765544864.506763,0,0,13924,1740.500
1765544864.5107613,1,0,9476,1184.500
1765544864.5147793,0,0,11911,1488.875
1765544864.518777,0,0,15200,1900.000
1765544864.5227785,0,0,15903,1987.875
1765544864.5267763,0,0,13827,1728.375
1765544864.5307755,1,0,9286,1160.750
1765544864.5347793,0,0,11459,1432.375
1765544864.538774,0,0,15072,1884.000
1765544864.5427773,0,0,15813,1976.625
1765544864.546776,0,0,13511,1688.875
1765544864.550779,1,0,8920,1115.000
1765544864.5547807,0,0,11039,1379.875
1765544864.5587742,0,0,14964,1870.500
1765544864.5627773,0,0,15860,1982.500
1765544864.5667746,0,0,13929,1741.125
1765544864.5707765,0,0,9384,1173.000
1765544864.5747645,0,0,10945,1368.125
1765544864.5787554,0,0,14931,1866.375
1765544864.582798,0,0,15788,1973.500
1765544864.5867739,0,0,13537,1692.125
1765544864.5907736,0,0,8920,1115.000
1765544864.5947814,0,0,10517,1314.625
1765544864.598778,0,0,14819,1852.375
1765544864.602778,0,0,15853,1981.625
1765544864.60677,0,0,14057,1757.125
1765544864.6107733,0,0,9510,1188.750
1765544864.6147783,0,0,10502,1312.750
1765544864.6187763,0,0,14806,1850.750
1765544864.6227765,0,0,15885,1985.625
1765544864.6267734,0,0,14314,1789.250
1765544864.6362195,0,0,10710,1338.750
1765544864.6388426,0,0,14867,1858.375
1765544864.6427803,0,0,15939,1992.375
1765544864.6467614,0,0,14748,1843.500
1765544864.65076,0,0,10435,1304.375
1765544864.6547813,0,0,10457,1307.125
1765544864.6587782,0,0,14748,1843.500
1765544864.6627717,0,0,15844,1980.500
1765544864.6667583,0,0,14141,1767.625
1765544864.670759,0,0,9597,1199.625
1765544864.674776,0,0,9695,1211.875
1765544864.678778,0,0,14513,1814.125
1765544864.682779,0,0,15812,1976.500
1765544864.6867743,0,0,14343,1792.875
1765544864.6907713,0,0,9883,1235.375
1765544864.694776,0,0,9644,1205.500
1765544864.6987891,0,0,14479,1809.875
1765544864.702786,0,0,15836,1979.500
1765544864.7067642,0,0,14629,1828.625
1765544864.7107584,0,0,10276,1284.500
1765544864.7147756,0,0,9708,1213.500
1765544864.7187753,0,0,14476,1809.500
1765544864.7227693,0,0,15854,1981.750
1765544864.7267604,0,0,14874,1859.250
1765544864.7307599,0,0,10643,1330.375
1765544864.7347832,0,0,9627,1203.375
1765544864.738773,0,0,14398,1799.750
1765544864.7427773,0,0,15819,1977.375
1765544864.7467709,0,0,14653,1831.625
1765544864.7507725,0,0,10311,1288.875
1765544864.7547717,0,0,9176,1147.000
1765544864.758768,0,0,14222,1777.750
1765544864.7628927,0,0,15793,1974.125
1765544864.767211,1,1,14867,1858.375
1765544864.7708123,0,0,10648,1331.000
1765544864.7747817,0,0,9165,1145.625
1765544864.7787735,0,0,14171,1771.375
1765544864.7827656,0,0,15792,1974.000
1765544864.786758,0,0,15039,1879.875
1765544864.7907555,0,0,10939,1367.375
1765544864.7947786,0,0,9066,1133.250
1765544864.7987742,0,0,14062,1757.750
1765544864.802774,0,0,15763,1970.375
1765544864.8067732,0,0,15004,1875.500
1765544864.8107731,0,0,10894,1361.750
1765544864.814778,0,0,8906,1113.250
1765544864.8187723,0,0,13975,1746.875
1765544864.8227594,0,0,15758,1969.750
1765544864.8267636,0,0,15360,1920.000
1765544864.831093,0,0,11563,1445.375
1765544864.8349526,0,0,9251,1156.375
1765544864.8387985,0,0,14023,1752.875
1765544864.8427744,0,0,15762,1970.250
1765544864.846771,0,0,15199,1899.875
1765544864.8507707,0,0,11255,1406.875
1765544864.8547742,0,0,8663,1082.875
1765544864.8587718,0,0,13703,1712.875
1765544864.8627717,0,0,15685,1960.625
1765544864.8667676,0,0,15339,1917.375
1765544864.8707683,0,0,11554,1444.250
1765544864.8747756,0,0,8634,1079.250
1765544864.878775,0,0,13582,1697.750
1765544864.8827753,0,0,15654,1956.750
1765544864.8867714,0,0,15259,1907.375
1765544864.8907695,0,0,11402,1425.250
1765544864.8947763,0,0,8347,1043.375
1765544864.898773,0,0,13396,1674.500
1765544864.9027767,0,0,15618,1952.250
1765544864.9067698,0,0,15464,1933.000
1765544864.9107695,0,0,11861,1482.625
1765544864.9147942,0,0,8590,1073.750
1765544864.918786,0,0,13396,1674.500
1765544864.9227726,0,0,15625,1953.125
1765544864.9267554,0,0,15623,1952.875
1765544864.9307523,0,0,12243,1530.375
1765544864.934777,0,0,8733,1091.625
1765544864.9387722,0,0,13318,1664.750
1765544864.9427652,0,0,15602,1950.250
1765544864.9467561,0,1,15593,1949.125
1765544864.9507527,0,0,12195,1524.375
1765544864.9547799,0,0,8566,1070.750
1765544864.9587748,0,0,13142,1642.750
1765544864.9627774,0,0,15561,1945.125
1765544864.9667735,0,0,15723,1965.375
1765544864.97077,0,0,12569,1571.125
1765544864.9747622,0,0,8732,1091.500
1765544864.9787529,0,0,13049,1631.125
1765544864.9827938,0,0,15526,1940.750
1765544864.9867728,0,1,15448,1931.000
1765544864.9907696,0,0,11871,1483.875
1765544864.9947739,0,0,7911,988.875
1765544864.9987721,0,0,12515,1564.375
1765544865.0027761,0,0,15402,1925.250
1765544865.0067723,1,1,15664,1958.000
1765544865.0107734,0,0,12501,1562.625
1765544865.0147738,0,0,8427,1053.375
1765544865.0187695,0,0,12637,1579.625
1765544865.0227716,0,0,15446,1930.750
1765544865.0267718,0,0,15861,1982.625
1765544865.0307732,0,0,13112,1639.000
1765544865.034848,0,0,8824,1103.000
1765544865.038785,0,0,12525,1565.625
1765544865.0427678,0,0,15413,1926.625
1765544865.0467587,0,0,15810,1976.250
1765544865.0507553,0,0,12961,1620.125
1765544865.0547771,0,0,12243,1530.375
1765544865.0587704,0,0,15338,1917.250
1765544865.0627632,0,0,15761,1970.125
1765544865.0667522,0,1,12852,1606.500
1765544865.070756,1,0,8482,1060.250
1765544865.0747614,0,0,12082,1510.250
1765544865.0787566,0,0,15303,1912.875
1765544865.08279,0,0,15860,1982.500
1765544865.0867705,0,1,13251,1656.375
1765544865.090769,0,0,8765,1095.625
1765544865.0947828,0,0,11884,1485.500
1765544865.0987785,0,0,15251,1906.375
1765544865.102764,0,0,15821,1977.625
1765544865.1067522,0,0,13148,1643.500
1765544865.110757,0,0,8615,1076.875
1765544865.1147766,0,0,11553,1444.125
1765544865.1187725,0,0,15169,1896.125
1765544865.1227582,0,0,15903,1987.875
1765544865.126751,0,1,13588,1698.500
1765544865.1307523,0,0,9051,1131.375
1765544865.1347733,0,0,11567,1445.875
1765544865.138771,0,0,15174,1896.750
1765544865.1427748,0,0,15935,1991.875
1765544865.1467667,0,1,13741,1717.625
1765544865.1507664,0,0,9153,1144.125
1765544865.1547687,0,0,11250,1406.250
1765544865.1587725,0,0,15084,1885.500
1765544865.1627736,0,0,15907,1988.375
1765544865.1667652,0,1,13712,1714.000
1765544865.1707666,0,0,9127,1140.875
1765544865.1747677,0,0,11073,1384.125
1765544865.1787698,0,0,15036,1879.500
1765544865.182772,0,0,15926,1990.750
1765544865.1867661,1,1,13891,1736.375
1765544865.1907651,0,0,9325,1165.625
1765544865.1947699,0,0,10925,1365.625
1765544865.1987736,0,0,14990,1873.750
1765544865.2027733,0,0,15955,1994.375
1765544865.2067668,1,1,14154,1769.250
1765544865.2107656,0,0,9619,1202.375
1765544865.2147572,0,0,10732,1341.500
1765544865.2187634,0,0,14926,1865.750
1765544865.2227938,0,0,15972,1996.500
1765544865.2267692,1,1,14455,1806.875
1765544865.230769,0,0,9998,1249.750
1765544865.2348526,0,0,10660,1332.500
1765544865.238791,0,0,14884,1860.500
1765544865.242768,0,0,15939,1992.375
1765544865.2467556,1,1,14288,1786.000
1765544865.250753,0,0,9774,1221.750
1765544865.2547684,0,0,10363,1295.375
1765544865.2587678,0,0,14791,1848.875
1765544865.2627602,0,0,15943,1992.875
1765544865.2667518,1,1,14555,1819.375
1765544865.2707522,0,0,10136,1267.000
1765544865.2747703,0,0,10249,1281.125
1765544865.278767,0,0,14732,1841.500
1765544865.2827675,0,0,15937,1992.125
1765544865.286765,1,1,14686,1835.750
1765544865.2907655,0,0,10332,1291.500
1765544865.2947583,0,0,10164,1270.500
1765544865.2987578,0,0,14685,1835.625
1765544865.3028426,0,0,15931,1991.375
1765544865.3067553,1,1,14812,1851.500
1765544865.310751,0,0,10530,1316.250
1765544865.3147714,0,0,10081,1260.125
1765544865.318764,0,0,14628,1828.500
1765544865.3227558,0,0,15911,1988.875
1765544865.3267481,1,1,14800,1850.000
1765544865.3307474,0,0,10520,1315.000
1765544865.3347685,0,0,9825,1228.125
1765544865.338765,0,0,14517,1814.625
1765544865.3427656,0,0,15897,1987.125
1765544865.3467622,1,1,15096,1887.000
1765544865.350765,0,0,11006,1375.750
1765544865.3547719,0,0,9834,1229.250
1765544865.358764,0,0,14466,1808.250
1765544865.3627663,0,0,15872,1984.000
1765544865.3667626,1,1,14949,1868.625
1765544865.3707652,0,0,10760,1345.000
1765544865.3747642,0,0,9481,1185.125
1765544865.3787634,0,0,14321,1790.125
1765544865.3827646,0,0,15840,1980.000
1765544865.38676,1,1,15092,1886.500
1765544865.3907633,0,0,11013,1376.625
1765544865.3947697,0,0,9394,1174.250
1765544865.398805,0,0,14235,1779.375
1765544865.4028099,0,0,15827,1978.375
1765544865.4068058,1,1,15348,1918.500
1765544865.4108078,0,0,11501,1437.625
1765544865.4148073,0,0,9531,1191.375
1765544865.4188075,0,0,14217,1777.125
1765544865.4228117,0,0,15821,1977.625
1765544865.4268029,1,1,15452,1931.500
1765544865.430803,0,0,11733,1466.625
1765544865.4348996,0,0,9538,1192.250
1765544865.4388304,0,0,14157,1769.625
1765544865.4428046,0,0,15792,1974.000
1765544865.4467874,1,1,15306,1913.250
1765544865.4507847,0,0,11451,1431.375
1765544865.4548068,0,0,9061,1132.625
1765544865.4588072,0,0,13916,1739.500
1765544865.462799,0,0,15735,1966.875
1765544865.466788,1,1,15513,1939.125
1765544865.4707851,0,0,11922,1490.250
1765544865.4748056,0,0,9199,1149.875
1765544865.4788089,0,0,13870,1733.750
1765544865.48281,0,0,15719,1964.875
1765544865.4868019,1,1,15517,1939.625
1765544865.490801,0,0,11955,1494.375
1765544865.494803,0,0,8938,1117.250
1765544865.4987698,0,0,13649,1706.125
1765544865.5027668,0,0,15656,1957.000
1765544865.5067616,1,1,15423,1927.875
1765544865.510759,0,0,11765,1470.625
1765544865.5147655,0,0,8587,1073.375
1765544865.5187612,0,0,13421,1677.625
1765544865.522755,0,0,15599,1949.875
1765544865.5267453,1,1,15432,1929.000
1765544865.5307455,0,0,11817,1477.125
1765544865.5347586,0,0,8521,1065.125
1765544865.538757,0,0,13318,1664.750
1765544865.5427554,0,0,15582,1947.750
1765544865.5467463,1,1,15585,1948.125
1765544865.550744,0,0,12200,1525.000
1765544865.5547636,0,0,8672,1084.000
1765544865.55876,0,0,13253,1656.625
1765544865.5627627,0,0,15568,1946.000
1765544865.5667634,1,1,15633,1954.125
1765544865.570762,0,0,12340,1542.500
1765544865.5747497,0,0,8609,1076.125
1765544865.5787435,0,0,13068,1633.500
1765544865.5827808,0,0,15522,1940.250
1765544865.586762,1,1,15646,1955.750
1765544865.59076,0,0,12402,1550.250
1765544865.5947669,0,0,8517,1064.625
1765544865.5987592,0,0,12892,1611.500
1765544865.6027617,0,0,15482,1935.250
1765544865.6067564,1,1,15761,1970.125
1765544865.61076,0,0,12785,1598.125
1765544865.6147618,0,0,8756,1094.500
1765544865.6187632,0,0,12849,1606.125
1765544865.6227617,0,0,15471,1933.875
1765544865.626756,1,1,15745,1968.125
1765544865.6307604,0,0,12741,1592.625
1765544865.6401174,0,0,15374,1921.750
1765544865.6427903,0,0,15674,1959.250
1765544865.6467645,1,1,12594,1574.250
1765544865.650758,0,0,8314,1039.250
1765544865.6547492,0,0,12220,1527.500
1765544865.6587465,0,0,15314,1914.250
1765544865.662791,0,0,15733,1966.625
1765544865.666758,1,1,12812,1601.500
1765544865.670757,0,0,8450,1056.250
1765544865.6747549,0,0,12098,1512.250
1765544865.6787498,0,0,15289,1911.125
1765544865.6827815,0,0,15753,1969.125
1765544865.6867537,1,1,12890,1611.250
1765544865.6907544,0,0,8442,1055.250
1765544865.6947567,0,0,11843,1480.375
1765544865.6987543,0,0,15230,1903.750
1765544865.7027626,0,0,15824,1978.000
1765544865.7067618,1,1,13202,1650.250
1765544865.7107594,0,0,8729,1091.125
1765544865.7147505,0,0,11836,1479.500
1765544865.7187412,0,0,15236,1904.500
1765544865.7227767,0,0,15918,1989.750
1765544865.7267547,1,1,13614,1701.750
1765544865.7307522,0,0,9127,1140.875
1765544865.734742,0,0,11824,1478.000
1765544865.738754,0,0,15233,1904.125
1765544865.74278,0,0,15953,1994.125
1765544865.746758,1,1,13815,1726.875
1765544865.7507544,0,0,9313,1164.125
1765544865.754757,0,0,11604,1450.500
1765544865.7587538,0,0,15168,1896.000
1765544865.7668548,1,1,13719,1714.875
1765544865.7687616,1,1,13719,1714.875
1765544865.7707484,0,0,9173,1146.625
1765544865.7747426,0,0,11308,1413.500
1765544865.7787395,0,0,15087,1885.875
1765544865.782793,0,0,15926,1990.750
1765544865.7867439,1,1,13895,1736.875
1765544865.7907417,0,0,9353,1169.125
1765544865.7947414,0,0,11097,1387.125
1765544865.7987397,0,0,15026,1878.250
1765544865.8027716,0,0,15957,1994.625
1765544865.8067424,1,1,14216,1777.000
1765544865.8107402,0,0,9721,1215.125
1765544865.8147576,0,0,10965,1370.625
1765544865.8187582,0,0,14977,1872.125
1765544865.8227484,0,0,15951,1993.875
1765544865.8267412,1,1,14291,1786.375
1765544865.830741,0,0,9803,1225.375
1765544865.8347611,0,0,10803,1350.375
1765544865.8388488,0,0,14923,1865.375
1765544865.8427684,0,0,15958,1994.750
1765544865.846746,1,1,14508,1813.500
1765544865.850743,0,0,10093,1261.625
1765544865.8547611,0,0,10684,1335.500
1765544865.8587558,0,0,14870,1858.750
1765544865.8627725,0,0,15944,1993.000
1765544865.866739,1,1,14541,1817.625
1765544865.8707402,0,0,10128,1266.000
1765544865.8747625,0,0,10408,1301.000
1765544865.8787603,0,0,14768,1846.000
1765544865.8827846,0,0,15914,1989.250
1765544865.8867528,1,1,14539,1817.375
1765544865.8907611,0,0,10134,1266.750
1765544865.8947494,0,0,10192,1274.000
1765544865.898744,0,0,14686,1835.750
1765544865.9027812,0,0,15901,1987.625
1765544865.9067545,1,1,14644,1830.500
1765544865.910752,0,0,10297,1287.125
1765544865.9147499,0,0,10119,1264.875
1765544865.9187417,0,0,14646,1830.750
1765544865.9227831,0,0,15912,1989.000
1765544865.9267561,1,1,14979,1872.375
1765544865.9307547,0,0,10800,1350.000
1765544865.9347575,0,0,10038,1254.750
1765544865.9387574,0,0,14569,1821.125
1765544865.9427836,0,0,15879,1984.875
1765544865.9467535,1,1,14830,1853.750
1765544865.9507535,0,0,10586,1323.250
1765544865.9547596,0,0,9634,1204.250
1765544865.9587557,0,0,14409,1801.125
1765544865.9627812,0,0,15845,1980.625
1765544865.9667573,1,1,14973,1871.625
1765544865.9707532,0,0,10823,1352.875
1765544865.9747546,0,0,9531,1191.375
1765544865.9787574,0,0,14327,1790.875
1765544865.9827857,0,0,15821,1977.625
1765544865.986757,1,1,14901,1862.625
1765544865.9907532,0,0,10708,1338.500
1765544865.9947588,0,0,9160,1145.000
1765544865.9987576,0,0,14154,1769.250
1765544866.0027835,0,0,15787,1973.375
1765544866.0067556,1,1,15066,1883.250
1765544866.0107512,0,0,10989,1373.625
1765544866.0147424,0,0,9206,1150.750
1765544866.0187397,0,0,14128,1766.000
1765544866.022779,0,0,15786,1973.250
1765544866.0267563,1,1,15180,1897.500
1765544866.0307558,0,0,11194,1399.250
1765544866.0347583,0,0,9135,1141.875
1765544866.0388443,0,0,14039,1754.875
1765544866.0427687,0,0,15768,1971.000
1765544866.0467432,1,1,15293,1911.625
1765544866.0507402,0,0,11426,1428.250
1765544866.054757,0,0,9049,1131.125
1765544866.0587556,0,0,13927,1740.875
1765544866.062768,0,0,15742,1967.750
1765544866.066739,1,1,15394,1924.250
1765544866.0707388,0,0,11639,1454.875
1765544866.0747497,0,0,9020,1127.500
1765544866.0787385,0,0,13842,1730.250
1765544866.0827832,0,0,15719,1964.875
1765544866.086751,1,1,15415,1926.875
1765544866.0907507,0,0,11708,1463.500
1765544866.0947537,0,0,8862,1107.750
1765544866.098748,0,0,13697,1712.125
1765544866.1027744,0,0,15684,1960.500
1765544866.1067472,1,1,15511,1938.875
1765544866.1107635,0,0,11938,1492.250
1765544866.1147523,0,0,8891,1111.375
1765544866.1187406,0,0,13624,1703.000
1765544866.1227794,0,0,15669,1958.625
1765544866.1267495,1,1,15675,1959.375
1765544866.1307526,0,0,12381,1547.625
1765544866.1347444,0,0,9006,1125.750
1765544866.1387367,0,0,13514,1689.250
1765544866.1427748,0,0,15632,1954.000
1765544866.1467493,1,1,15530,1941.250
1765544866.1507485,0,0,12033,1504.125
1765544866.154757,0,0,8591,1073.875
1765544866.1587539,0,0,13273,1659.125
1765544866.162777,0,0,15574,1946.750
1765544866.1667492,1,1,15677,1959.625
1765544866.170748,0,0,12458,1557.250
1765544866.1747527,0,0,8796,1099.500
1765544866.178751,0,0,13209,1651.125
1765544866.1827831,0,0,15557,1944.625
1765544866.186747,1,1,15658,1957.250
1765544866.1907492,0,0,12415,1551.875
1765544866.1947536,0,0,8600,1075.000
1765544866.1987967,0,0,13003,1625.375
1765544866.202831,0,0,15505,1938.125
1765544866.2067916,1,1,15719,1964.875
1765544866.2107904,0,0,12643,1580.375
1765544866.2147896,0,0,8671,1083.875
1765544866.2187948,0,0,12865,1608.125
1765544866.2228243,0,0,15471,1933.875
1765544866.2267911,1,1,15743,1967.875
1765544866.2307904,0,0,12741,1592.625
1765544866.2347927,0,0,12713,1589.125
1765544866.2389126,0,0,15433,1929.125
1765544866.2428126,0,0,15797,1974.625
1765544866.2467816,1,1,12960,1620.000
1765544866.250775,0,0,8767,1095.875
1765544866.2547984,0,0,12597,1574.625
1765544866.2587965,0,0,15404,1925.500
1765544866.2628143,0,0,15840,1980.000
1765544866.2667778,1,1,13157,1644.625
1765544866.2707782,0,0,8883,1110.375
1765544866.274798,0,0,12478,1559.750
1765544866.278794,0,0,15374,1921.750
1765544866.2828288,0,0,15844,1980.500
1765544866.2867975,1,1,13209,1651.125
1765544866.2907958,0,0,8809,1101.125
1765544866.2947953,0,0,12141,1517.625
1765544866.2987726,0,0,15285,1910.625
1765544866.3027751,0,0,15862,1982.750
1765544866.3067353,1,1,13380,1672.500
1765544866.3107326,0,0,8928,1116.000
1765544866.3147368,0,0,12008,1501.000
1765544866.3187346,0,0,15253,1906.625
1765544866.32277,0,0,15920,1990.000
1765544866.3267465,1,1,13714,1714.250
1765544866.3307474,0,0,9259,1157.375
1765544866.3347518,0,0,11942,1492.750
1765544866.3387465,0,0,15233,1904.125
1765544866.342776,0,0,15914,1989.250
1765544866.3467531,1,1,13726,1715.750
1765544866.3507514,0,0,9215,1151.875
1765544866.3547578,0,0,11651,1456.375
1765544866.3587496,0,0,15153,1894.125
1765544866.3627744,0,0,15898,1987.250
1765544866.3667476,1,1,13760,1720.000
1765544866.3707507,0,0,9226,1153.250
1765544866.3747525,0,0,11415,1426.875
1765544866.378751,0,0,15089,1886.125
1765544866.3827755,0,0,15917,1989.625
1765544866.3867476,1,1,13980,1747.500
1765544866.390751,0,0,9463,1182.875
1765544866.394759,0,0,11277,1409.625
1765544866.398752,0,0,15047,1880.875
1765544866.4027736,0,0,15931,1991.375
1765544866.406747,1,1,14171,1771.375
1765544866.4107466,0,0,9689,1211.125
1765544866.4147491,0,0,11149,1393.625
1765544866.418751,0,0,15006,1875.750
1765544866.4227757,0,0,15951,1993.875
1765544866.4267476,1,1,14457,1807.125
1765544866.4307482,0,0,10036,1254.500
1765544866.4347558,0,0,10988,1373.500
1765544866.4388394,0,0,14942,1867.750
1765544866.442801,0,0,15899,1987.375
1765544866.4467347,1,1,14181,1772.625
1765544866.4507315,0,0,9689,1211.125
1765544866.4547517,0,0,10680,1335.000
1765544866.4587533,0,0,14855,1856.875
1765544866.4627647,0,0,15918,1989.750
1765544866.4667315,1,1,14583,1822.875
1765544866.4707313,0,0,10216,1277.000
1765544866.4747505,0,0,10633,1329.125
1765544866.4787493,0,0,14817,1852.125
1765544866.4827812,0,0,15891,1986.375
1765544866.4867465,1,1,14427,1803.375
1765544866.490744,0,0,9991,1248.875
1765544866.4947479,0,0,10139,1267.375
1765544866.4987507,0,0,14652,1831.500
1765544866.502777,0,0,15869,1983.625
1765544866.5067523,1,1,14643,1830.375
1765544866.5107436,0,0,10304,1288.000
1765544866.5147443,0,0,10134,1266.750
1765544866.5187418,0,0,14631,1828.875
1765544866.5227704,0,0,15877,1984.625
1765544866.5267482,1,1,14845,1855.625
1765544866.5307477,0,0,10592,1324.000
1765544866.5347357,0,0,9877,1234.625
1765544866.5387292,0,0,14504,1813.000
1765544866.5427735,0,0,15829,1978.625
1765544866.5467489,1,1,14638,1829.750
1765544866.5507498,0,0,10298,1287.250
1765544866.554751,0,0,9523,1190.375
1765544866.5587475,0,0,14377,1797.125
1765544866.5627701,0,0,15817,1977.125
1765544866.5667477,1,1,14906,1863.250
1765544866.5707493,0,0,10717,1339.625
1765544866.5747368,0,0,9546,1193.250
1765544866.5787306,0,0,14332,1791.500
1765544866.5827734,0,0,15793,1974.125
1765544866.5867467,1,1,14679,1834.875
1765544866.5907478,0,0,10361,1295.125
1765544866.5947535,0,0,9038,1129.750
1765544866.5987477,0,0,14134,1766.750
1765544866.6027753,0,0,15771,1971.375
1765544866.606744,1,1,15092,1886.500
1765544866.6107473,0,0,11045,1380.625
1765544866.6147473,0,0,9319,1164.875
1765544866.6187491,0,0,14175,1771.875
1765544866.6227713,0,0,15788,1973.500
1765544866.6267436,1,1,15215,1901.875
1765544866.630743,0,0,11274,1409.250
1765544866.6347518,0,0,9273,1159.125
1765544866.6441922,0,0,15322,1915.250
1765544866.6467707,1,1,15322,1915.250
1765544866.650752,0,0,11491,1436.375
1765544866.6547403,0,0,9098,1137.250
1765544866.6587348,0,0,13931,1741.375
1765544866.6627846,0,0,15719,1964.875
1765544866.6667428,1,1,15141,1892.625
1765544866.670745,0,0,11170,1396.250
1765544866.6747417,0,0,8724,1090.500
1765544866.6787312,0,0,13763,1720.375
1765544866.6827803,0,0,15684,1960.500
1765544866.6867437,1,1,15267,1908.375
1765544866.69074,0,0,11422,1427.750
1765544866.6947424,0,0,8720,1090.000
1765544866.6987438,0,0,13684,1710.500
1765544866.702776,0,0,15674,1959.250
1765544866.7067416,1,1,15471,1933.875
1765544866.710742,0,0,11860,1482.500
1765544866.7147455,0,0,8862,1107.750
1765544866.7187474,0,0,13634,1704.250
1765544866.722785,0,0,15665,1958.125
1765544866.726745,1,1,15613,1951.625
1765544866.7307384,0,0,12227,1528.375
1765544866.734741,0,0,9084,1135.500
1765544866.7387576,0,0,13643,1705.375
1765544866.7427807,0,0,15666,1958.250
1765544866.746731,1,1,15688,1961.000
1765544866.7507265,0,0,12444,1555.500
1765544866.754742,0,0,9058,1132.250
1765544866.7587428,0,0,13506,1688.250
1765544866.7668364,1,1,15679,1959.875
1765544866.7687452,1,1,12446,1555.750
1765544866.7707329,0,0,12446,1555.750
1765544866.7747333,0,0,8889,1111.125
1765544866.7787292,0,0,13330,1666.250
1765544866.7827718,0,0,15577,1947.125
1765544866.786729,1,1,15726,1965.750
1765544866.7907288,0,0,12635,1579.375
1765544866.7947292,0,0,8821,1102.625
1765544866.7987273,0,0,13105,1638.125
1765544866.8027432,0,0,15513,1939.125
1765544866.8067482,1,1,15674,1959.250
1765544866.8107464,0,0,12530,1566.250
1765544866.8147433,0,0,8619,1077.375
1765544866.8187435,0,0,12908,1613.500
1765544866.82276,0,0,15783,1972.875
1765544866.8267295,1,1,12925,1615.625
1765544866.8307285,0,0,8863,1107.875
1765544866.8347476,0,0,12834,1604.250
1765544866.8387432,0,0,15446,1930.750
1765544866.84286,0,0,15762,1970.250
1765544866.8467643,1,1,12870,1608.750
1765544866.8507473,0,0,8698,1087.250
1765544866.854736,0,0,12600,1575.000
1765544866.8587277,0,0,15385,1923.125
1765544866.8627453,0,0,15791,1973.875
1765544866.8667424,1,1,13041,1630.125
1765544866.8707469,0,0,8742,1092.750
1765544866.874736,0,0,12390,1548.750
1765544866.8787305,0,0,15332,1916.500
1765544866.8827431,0,0,15825,1978.125
1765544866.8867424,1,1,13225,1653.125
1765544866.890745,0,0,8822,1102.750
1765544866.894753,0,0,12171,1521.375
1765544866.8987463,0,0,15274,1909.250
1765544866.9027634,0,0,15742,1967.750
1765544866.9067242,1,1,12953,1619.125
1765544866.9107265,0,0,8498,1062.250
1765544866.9147456,0,0,11817,1477.125
1765544866.918742,0,0,15190,1898.750
1765544866.9227555,0,0,15847,1980.875
1765544866.926726,1,1,13458,1682.250
1765544866.930724,0,0,8999,1124.875
1765544866.9347482,0,0,11919,1489.875
1765544866.9387465,0,0,15222,1902.750
1765544866.9427714,0,0,15914,1989.250
1765544866.9467416,1,1,13769,1721.125
1765544866.9507427,0,0,9266,1158.250
1765544866.9547467,0,0,11707,1463.375
1765544866.9587414,0,0,15162,1895.250
1765544866.9627714,0,0,15878,1984.750
1765544866.966741,1,1,13663,1707.875
1765544866.9707406,0,0,9135,1141.875
1765544866.9747412,0,0,11477,1434.625
1765544866.9787438,0,0,15100,1887.500
1765544866.9827728,0,0,15890,1986.250
1765544866.9867427,1,1,13819,1727.375
1765544866.9907413,0,0,9268,1158.500
1765544866.9947467,0,0,11249,1406.125
1765544866.9987438,0,0,15037,1879.625
1765544867.0027688,0,0,15919,1989.875
1765544867.006744,1,1,14118,1764.750
1765544867.0107415,0,0,9618,1202.250
1765544867.0147424,0,0,11158,1394.750
1765544867.0187426,0,0,15003,1875.375
1765544867.0227678,0,0,15879,1984.875
1765544867.026742,1,1,13907,1738.375
1765544867.0307417,0,0,9341,1167.625
1765544867.0347385,0,0,10764,1345.500
1765544867.0387263,0,0,14893,1861.625
1765544867.0428648,0,0,15911,1988.875
1765544867.0467618,1,1,14359,1794.875
1765544867.0507452,0,0,9912,1239.000
1765544867.0547292,0,0,10712,1339.000
1765544867.0587273,0,0,14859,1857.375
1765544867.0627408,0,0,15888,1986.000
1765544867.066743,1,1,14240,1780.000
1765544867.0707438,0,0,9747,1218.375
1765544867.074738,0,0,10455,1306.875
1765544867.0787241,0,0,14781,1847.625
1765544867.0827427,0,0,15899,1987.375
1765544867.0867414,1,1,14539,1817.375
1765544867.0907369,0,0,10144,1268.000
1765544867.0947406,0,0,10385,1298.125
1765544867.0987465,0,0,14740,1842.500
1765544867.1027281,0,0,15903,1987.875
1765544867.106721,1,1,14734,1841.750
1765544867.1107242,0,0,10421,1302.625
1765544867.1147437,0,0,10294,1286.750
1765544867.1187387,0,0,14688,1836.000
1765544867.122752,0,0,15895,1986.875
1765544867.126723,1,1,14884,1860.500
1765544867.1307247,0,0,10659,1332.375
1765544867.1347413,0,0,10204,1275.500
1765544867.1387405,0,0,14631,1828.875
1765544867.1427376,0,0,15877,1984.625
1765544867.1467342,1,1,14909,1863.625
1765544867.1507385,0,0,10711,1338.875
1765544867.1547432,0,0,10003,1250.375
1765544867.1587389,0,0,14539,1817.375
1765544867.1627345,0,0,15853,1981.625
1765544867.166736,1,1,14985,1873.125
1765544867.1707354,0,0,10851,1356.375
1765544867.1747384,0,0,9851,1231.375
1765544867.1787403,0,0,14454,1806.750
1765544867.182742,0,0,15833,1979.125
1765544867.1867352,1,1,15082,1885.250
1765544867.1907332,0,0,11019,1377.375
1765544867.194742,0,0,9662,1207.750
1765544867.1987412,0,0,14341,1792.625
1765544867.202739,0,0,15804,1975.500
1765544867.2067354,1,1,15145,1893.125
1765544867.2107327,0,0,11148,1393.500
1765544867.2147336,0,0,9510,1188.750
1765544867.2187383,0,0,14239,1779.875
1765544867.222739,0,0,15779,1972.375
1765544867.2267358,1,1,15264,1908.000
1765544867.2307355,0,0,11393,1424.125
1765544867.2347376,0,0,9553,1194.125
1765544867.238757,0,0,14211,1776.375
1765544867.2428622,0,0,15773,1971.625
1765544867.2467597,1,1,15388,1923.500
1765544867.250741,0,0,11663,1457.875
1765544867.2547276,0,0,9500,1187.500
1765544867.258723,0,0,14120,1765.000
1765544867.2627385,0,0,15746,1968.250
1765544867.2667403,1,1,15452,1931.500
1765544867.2707367,0,0,11828,1478.500
1765544867.2747304,0,0,9466,1183.250
1765544867.278724,0,0,14048,1756.000
1765544867.2827387,0,0,15721,1965.125
1765544867.2867413,1,1,15418,1927.250
1765544867.290739,0,0,11768,1471.000
1765544867.2947252,0,0,9219,1152.375
1765544867.298732,0,0,13893,1736.625
1765544867.3027656,0,0,15682,1960.250
1765544867.3067436,1,1,15626,1953.250
1765544867.3107395,0,0,12330,1541.250
1765544867.3147497,0,0,9414,1176.750
1765544867.3187437,0,0,13845,1730.625
1765544867.322727,0,0,15666,1958.250
1765544867.3267238,1,1,15676,1959.500
1765544867.3307233,0,0,12507,1563.375
1765544867.3347235,0,0,9372,1171.500
1765544867.3387206,0,0,13727,1715.875
1765544867.342727,0,0,15624,1953.000
1765544867.3467226,1,1,15549,1943.625
1765544867.350721,0,0,12175,1521.875
1765544867.354743,0,0,8988,1123.500
1765544867.3587391,0,0,13532,1691.500
1765544867.3627367,0,0,15576,1947.000
1765544867.366733,1,1,15715,1964.375
1765544867.3707376,0,0,12718,1589.750
1765544867.3747275,0,0,9223,1152.875
1765544867.3787332,0,0,13463,1682.875
1765544867.3827386,0,0,15551,1943.875
1765544867.3867354,1,1,15654,1956.750
1765544867.3907378,0,0,12541,1567.625
1765544867.3947444,0,0,8932,1116.500
1765544867.398737,0,0,13257,1657.125
1765544867.4027362,0,0,15499,1937.375
1765544867.406735,1,1,15757,1969.625
1765544867.4107347,0,0,12949,1618.625
1765544867.4147348,0,0,9191,1148.875
1765544867.418737,0,0,15491,1936.375
1765544867.4227343,0,0,15807,1975.875
1765544867.4267323,1,1,13172,1646.500
1765544867.4307332,0,0,9216,1152.000
1765544867.43474,0,0,13049,1631.125
1765544867.438739,0,0,15433,1929.125
1765544867.4428642,0,0,15739,1967.375
1765544867.4467497,1,1,12970,1621.250
1765544867.4507349,0,0,8917,1114.625
1765544867.454727,0,0,12806,1600.750
1765544867.458722,0,0,15372,1921.500
1765544867.4627326,0,0,15813,1976.625
1765544867.4667325,1,1,13353,1669.125
1765544867.4707344,0,0,9194,1149.250
1765544867.4747283,0,0,12748,1593.500
1765544867.478719,0,0,15353,1919.125
1765544867.4827392,0,0,15805,1975.625
1765544867.4867413,1,1,13358,1669.750
1765544867.490734,0,0,9109,1138.625
1765544867.4947336,0,0,12520,1565.000
1765544867.4987566,0,0,15293,1911.625
1765544867.5027514,0,0,15836,1979.500
1765544867.5067396,1,1,13602,1700.250
1765544867.5107336,0,0,9293,1161.625
1765544867.5147288,0,0,12408,1551.000
1765544867.5187192,0,0,15259,1907.375
1765544867.5227334,0,0,15815,1976.875
1765544867.5267372,1,1,13551,1693.875
1765544867.530736,0,0,9155,1144.375
1765544867.5347219,0,0,12125,1515.625
1765544867.5387173,0,0,15185,1898.125
1765544867.5427392,0,0,15814,1976.750
1765544867.5467362,1,1,13652,1706.500
1765544867.5507338,0,0,9178,1147.250
1765544867.554737,0,0,11776,1472.000
1765544867.5587342,0,0,15094,1886.750
1765544867.5627344,0,0,15782,1972.750
1765544867.5667338,1,1,13595,1699.375
1765544867.5707335,0,0,9097,1137.125
1765544867.5747242,0,0,11544,1443.000
1765544867.578717,0,0,15037,1879.625
1765544867.5827272,0,0,15825,1978.125
1765544867.5867279,1,1,13939,1742.375
1765544867.5907307,0,0,9459,1182.375
1765544867.5947356,0,0,11454,1431.750
1765544867.598727,0,0,15011,1876.375
1765544867.6027286,0,0,15825,1978.125
1765544867.606729,1,1,13989,1748.625
1765544867.610729,0,0,9480,1185.000
1765544867.6147282,0,0,11155,1394.375
1765544867.61873,0,0,14929,1866.125
1765544867.6227305,0,0,15836,1979.500
1765544867.626727,1,1,14248,1781.000
1765544867.6307278,0,0,9794,1224.250
1765544867.6347363,0,0,11017,1377.125
1765544867.6387305,0,0,14881,1860.125
1765544867.648142,1,1,13993,1749.125
1765544867.650774,0,0,9501,1187.625
1765544867.6547348,0,0,10994,1374.250
1765544867.6587214,0,0,14884,1860.500
1765544867.6627312,0,0,15871,1983.875
1765544867.6667323,1,1,14767,1845.875
1765544867.6707323,0,0,10523,1315.375
1765544867.6747284,0,0,10922,1365.250
1765544867.678717,0,0,14829,1853.625
1765544867.6827316,0,0,15796,1974.500
1765544867.6867292,1,1,14141,1767.625
1765544867.6907294,0,0,9633,1204.125
1765544867.6947334,0,0,10172,1271.500
1765544867.6987324,0,0,14611,1826.375
1765544867.7027352,0,0,15777,1972.125
1765544867.7067544,1,1,14474,1809.250
1765544867.7107341,0,0,10103,1262.875
1765544867.7147264,0,0,10256,1282.000
1765544867.71872,0,0,14622,1827.750
1765544867.7227318,0,0,15800,1975.000
1765544867.7267318,1,1,14689,1836.125
1765544867.7307265,0,0,10409,1301.125
1765544867.7347198,0,0,10089,1261.125
1765544867.738887,0,0,14543,1817.875
1765544867.7427351,0,0,15783,1972.875
1765544867.7467315,1,1,14744,1843.000
1765544867.7507248,0,0,10509,1313.625
1765544867.754732,0,0,10003,1250.375
1765544867.7587292,0,0,14497,1812.125
1765544867.766816,1,1,14948,1868.500
1765544867.7687178,1,1,10841,1355.125
1765544867.770716,0,0,10841,1355.125
1765544867.774717,0,0,10006,1250.750
1765544867.7787125,0,0,14467,1808.375
1765544867.7827177,0,0,15771,1971.375
1765544867.7867143,1,1,14919,1864.875
1765544867.790714,0,0,10797,1349.625
1765544867.794714,0,0,9631,1203.875
1765544867.7987125,0,0,14300,1787.500
1765544867.8027277,0,0,15733,1966.625
1765544867.806731,1,1,15064,1883.000
1765544867.8107285,0,0,11068,1383.500
1765544867.814727,0,0,9670,1208.750
1765544867.8187258,0,0,14278,1784.750
1765544867.8229172,0,0,15733,1966.625
1765544867.8267174,1,1,15250,1906.250
1765544867.830713,0,0,11443,1430.375
1765544867.834718,0,0,9661,1207.625
1765544867.838714,0,0,14212,1776.500
1765544867.8427134,0,0,15711,1963.875
1765544867.8467965,1,1,15238,1904.750
1765544867.8507297,0,0,11417,1427.125
1765544867.854723,0,0,9540,1192.500
1765544867.858716,0,0,14146,1768.250
1765544867.862716,0,0,15700,1962.500
1765544867.866711,1,1,15499,1937.375
1765544867.870715,0,0,12035,1504.375
1765544867.8747327,0,0,9602,1200.250
1765544867.8787286,0,0,14036,1754.500
1765544867.8827345,0,0,15652,1956.500
1765544867.8867316,1,1,15101,1887.625
1765544867.8907313,0,0,11187,1398.375
1765544867.8947349,0,0,8850,1106.250
1765544867.8987365,0,0,13763,1720.375
1765544867.9027314,0,0,15597,1949.625
1765544867.9067478,1,1,15539,1942.375
1765544867.9107425,0,0,12212,1526.500
1765544867.9147303,0,0,9519,1189.875
1765544867.9187174,0,0,13918,1739.750
1765544867.9227293,0,0,15635,1954.375
1765544867.9267302,1,1,15583,1947.875
1765544867.9307287,0,0,12323,1540.375
1765544867.9347208,0,0,9342,1167.750
1765544867.9387157,0,0,13742,1717.750
1765544867.942734,0,0,15584,1948.000
1765544867.9467316,1,1,15574,1946.750
1765544867.9507303,0,0,12337,1542.125
1765544867.9547348,0,0,9174,1146.750
1765544867.9587293,0,0,13586,1698.250
1765544867.9627314,0,0,15538,1942.250
1765544867.9667292,1,1,15541,1942.625
1765544867.9707286,0,0,12278,1534.750
1765544867.9747262,0,0,8884,1110.500
1765544867.9787297,0,0,13351,1668.875
1765544867.982732,0,0,15476,1934.500
1765544867.9867306,1,1,15551,1943.875
1765544867.9907262,0,0,12360,1545.000
1765544867.9947333,0,0,8839,1104.875
1765544867.9987297,0,0,13237,1654.625
1765544868.002731,0,0,15450,1931.250
1765544868.0067306,1,1,15631,1953.875
1765544868.010726,0,0,8928,1116.000
1765544868.0147276,0,0,13145,1643.125
1765544868.018728,0,0,15427,1928.375
1765544868.0227318,0,0,15698,1962.250
1765544868.0267286,1,1,12902,1612.750
1765544868.03073,0,0,8990,1123.750
1765544868.0347316,0,0,12986,1623.250
1765544868.0387292,0,0,15384,1923.000
1765544868.042731,0,0,15699,1962.375
1765544868.0468204,1,1,12939,1617.375
1765544868.050747,0,0,8910,1113.750
1765544868.0547209,0,0,12812,1601.500
1765544868.0587113,0,0,15338,1917.250
1765544868.0627244,0,0,15705,1963.125
1765544868.0667295,1,1,13013,1626.625
1765544868.07073,0,0,8903,1112.875
1765544868.074723,0,0,12689,1586.125
1765544868.0787084,0,0,15308,1913.500
1765544868.0827286,0,0,15740,1967.500
1765544868.0867317,1,1,13198,1649.750
1765544868.090729,0,0,8925,1115.625
1765544868.094719,0,0,12425,1553.125
1765544868.0987315,0,0,15238,1904.750
1765544868.1027331,0,0,15714,1964.250
1765544868.1067297,1,1,13159,1644.875
1765544868.1107252,0,0,8798,1099.750
1765544868.1147316,0,0,12133,1516.625
1765544868.1187272,0,0,15163,1895.375
1765544868.1227167,0,0,15636,1954.500
1765544868.1267085,1,1,12912,1614.000
1765544868.130712,0,0,8500,1062.500
1765544868.1347306,0,0,11860,1482.500
1765544868.138726,0,0,15104,1888.000
1765544868.1427252,0,0,15769,1971.125
1765544868.1467214,1,1,13548,1693.500
1765544868.1507246,0,0,9099,1137.375
1765544868.1547315,0,0,11879,1484.875
1765544868.1587234,0,0,15114,1889.250
1765544868.162725,0,0,15797,1974.625
1765544868.166723,1,1,13696,1712.000
1765544868.1707203,0,0,9245,1155.625
1765544868.1747234,0,0,11748,1468.500
1765544868.1787236,0,0,15077,1884.625
1765544868.182725,0,0,15762,1970.250
1765544868.1867218,1,1,13549,1693.625
1765544868.1907198,0,0,9045,1130.625
1765544868.1947286,0,0,11473,1434.125
1765544868.1987267,0,0,15009,1876.125
1765544868.2027264,0,0,15839,1979.875
1765544868.206721,1,1,14162,1770.250
1765544868.2107215,0,0,9729,1216.125
1765544868.2147224,0,0,11501,1437.625
1765544868.218724,0,0,15012,1876.500
1765544868.222723,0,0,15840,1980.000
1765544868.226719,1,1,14191,1773.875
1765544868.2307212,0,0,9745,1218.125
1765544868.2347226,0,0,11229,1403.625
1765544868.2387447,0,0,14929,1866.125
1765544868.2427368,0,0,15805,1975.625
1765544868.2468092,1,1,14110,1763.750
1765544868.2507403,0,0,9655,1206.875
1765544868.2547169,0,0,11062,1382.750
1765544868.2587132,0,0,14882,1860.250
1765544868.2627258,0,0,15839,1979.875
1765544868.2667274,1,1,14589,1823.625
1765544868.270725,0,0,10272,1284.000
1765544868.2747178,0,0,10814,1351.750
1765544868.278708,0,0,14782,1847.750
1765544868.282728,0,0,15757,1969.625
1765544868.286728,1,1,14057,1757.125
1765544868.2907262,0,0,9572,1196.500
1765544868.2947264,0,0,10371,1296.375
1765544868.2987251,0,0,14663,1832.875
1765544868.3027384,0,0,15776,1972.000
1765544868.3067322,1,1,14519,1814.875
1765544868.3107264,0,0,10200,1275.000
1765544868.3147209,0,0,10388,1298.500
1765544868.3187087,0,0,14645,1830.625
1765544868.3227108,0,0,15783,1972.875
1765544868.3267102,1,1,14665,1833.125
1765544868.3307116,0,0,10400,1300.000
1765544868.3347125,0,0,10354,1294.250
1765544868.33871,0,0,14620,1827.500
1765544868.3427227,0,0,15786,1973.250
1765544868.346727,1,1,14857,1857.125
1765544868.3507254,0,0,10716,1339.500
1765544868.3547187,0,0,10318,1289.750
1765544868.3587058,0,0,14580,1822.500
1765544868.3627224,0,0,15772,1971.500
1765544868.3667233,1,1,14845,1855.625
1765544868.3707254,0,0,10695,1336.875
1765544868.3747241,0,0,10054,1256.750
1765544868.378721,0,0,14469,1808.625
1765544868.3827262,0,0,15745,1968.125
1765544868.3867204,1,1,14967,1870.875
1765544868.3907187,0,0,10911,1363.875
1765544868.394729,0,0,9934,1241.750
1765544868.3987243,0,0,14397,1799.625
1765544868.4027252,0,0,15732,1966.500
1765544868.4067202,1,1,15175,1896.875
1765544868.410723,0,0,11318,1414.750
1765544868.4147131,0,0,9888,1236.000
1765544868.4187202,0,0,14322,1790.250
1765544868.4227223,0,0,15704,1963.000
1765544868.4267201,1,1,15055,1881.875
1765544868.4307206,0,0,11092,1386.500
1765544868.4347277,0,0,9590,1198.750
1765544868.438724,0,0,14199,1774.875
1765544868.442726,0,0,15676,1959.500
1765544868.4468024,1,1,15237,1904.625
1765544868.4507372,0,0,11475,1434.375
1765544868.454714,0,0,9786,1223.250
1765544868.4587088,0,0,14235,1779.375
1765544868.4627237,0,0,15693,1961.625
1765544868.466721,1,1,15581,1947.625
1765544868.4707205,0,0,12322,1540.250
1765544868.4747152,0,0,9968,1246.000
1765544868.47871,0,0,14162,1770.250
1765544868.4827254,0,0,15648,1956.000
1765544868.4867258,1,1,15130,1891.250
1765544868.4907205,0,0,11286,1410.750
1765544868.4947262,0,0,8907,1113.375
1765544868.4987252,0,0,13743,1717.875
1765544868.5027294,0,0,15544,1943.000
1765544868.506723,1,1,15270,1908.750
1765544868.5107224,0,0,11631,1453.875
1765544868.514727,0,0,8972,1121.500
1765544868.5187232,0,0,13689,1711.125
1765544868.5227318,0,0,15538,1942.250
1765544868.526731,1,1,15393,1924.125
1765544868.530723,0,0,11917,1489.625
1765544868.5347145,0,0,9035,1129.375
1765544868.5387056,0,0,13636,1704.500
1765544868.5427203,0,0,15523,1940.375
1765544868.5467238,1,1,15331,1916.375
1765544868.5507238,0,0,11776,1472.000
1765544868.554712,0,0,8729,1091.125
1765544868.558703,0,0,13438,1679.750
1765544868.5627193,0,0,15480,1935.000
1765544868.566723,1,1,15461,1932.625
1765544868.5707226,0,0,12121,1515.125
1765544868.5747123,0,0,8832,1104.000
1765544868.5787063,0,0,13367,1670.875
1765544868.582719,0,0,15465,1933.125
1765544868.586722,1,1,15527,1940.875
1765544868.5907214,0,0,12331,1541.375
1765544868.5947251,0,0,8854,1106.750
1765544868.5987182,0,0,15440,1930.000
1765544868.6027217,0,0,15559,1944.875
1765544868.6067193,1,1,12431,1553.875
1765544868.6107202,0,0,8787,1098.375
1765544868.6147258,0,0,13130,1641.250
1765544868.6187193,0,0,15412,1926.500
1765544868.6227193,0,0,15718,1964.750
1765544868.626719,1,1,13025,1628.125
1765544868.6307216,0,0,9156,1144.500
1765544868.6347277,0,0,13087,1635.875
1765544868.6387196,0,0,15394,1924.250
1765544868.6427212,0,0,15646,1955.750
1765544868.6520693,0,0,8903,1112.875
1765544868.654745,0,0,12976,1622.000
1765544868.658729,0,0,15369,1921.125
1765544868.66272,0,0,15786,1973.250
1765544868.666702,1,1,13398,1674.750
1765544868.6707013,0,0,9303,1162.875
1765544868.674722,0,0,12844,1605.500
1765544868.678722,0,0,15325,1915.625
1765544868.6827168,0,0,15661,1957.625
1765544868.6867018,1,1,12916,1614.500
1765544868.690702,0,0,8695,1086.875
1765544868.6947236,0,0,12416,1552.000
1765544868.698721,0,0,15215,1901.875
1765544868.7027225,0,0,15720,1965.000
1765544868.7067184,1,1,13289,1661.125
1765544868.71073,0,0,9017,1127.125
1765544868.7147179,0,0,12398,1549.750
1765544868.7187078,0,0,15210,1901.250
1765544868.7227185,0,0,15702,1962.750
1765544868.7267153,1,1,13219,1652.375
1765544868.730714,0,0,8847,1105.875
1765544868.73471,0,0,12071,1508.875
1765544868.7387145,0,0,15128,1891.000
1765544868.7427335,0,0,15705,1963.125
1765544868.7467196,1,1,13313,1664.125
1765544868.750714,0,0,8908,1113.500
1765544868.754718,0,0,11935,1491.875
1765544868.7587166,0,0,15100,1887.500
1765544868.7668118,1,1,13826,1728.250
1765544868.7687154,1,1,13826,1728.250
1765544868.7707055,0,0,9422,1177.750
1765544868.7747018,0,0,11936,1492.000
1765544868.7787008,0,0,15097,1887.125
1765544868.7827065,0,0,15745,1968.125
1765544868.7867022,1,1,13557,1694.625
1765544868.7907014,0,0,9064,1133.000
1765544868.794704,0,0,11530,1441.250
1765544868.7987022,0,0,14991,1873.875
1765544868.802718,0,0,15762,1970.250
1765544868.8067176,1,1,13816,1727.000
1765544868.8107152,0,0,9337,1167.125
1765544868.814715,0,0,11395,1424.375
1765544868.8187158,0,0,14956,1869.500
1765544868.8228333,0,0,15764,1970.500
1765544868.8267176,1,1,13881,1735.125
1765544868.8307197,0,0,9386,1173.250
1765544868.8347197,0,0,11165,1395.625
1765544868.838714,0,0,14893,1861.625
1765544868.842718,0,0,15776,1972.000
1765544868.8467171,1,1,14090,1761.250
1765544868.8508003,0,0,9640,1205.000
1765544868.8547368,0,0,11120,1390.000
1765544868.8587174,0,0,14878,1859.750
1765544868.8627079,0,0,15793,1974.125
1765544868.866703,1,1,14294,1786.750
1765544868.870702,0,0,9895,1236.875
1765544868.8747063,0,0,10909,1363.625
1765544868.8787003,0,0,14807,1850.875
1765544868.8827307,0,0,15777,1972.125
1765544868.8867207,1,1,14315,1789.375
1765544868.8907208,0,0,9899,1237.375
1765544868.8947227,0,0,10586,1323.250
1765544868.8987322,0,0,14702,1837.750
1765544868.9027207,0,0,15745,1968.125
1765544868.906714,1,1,14265,1783.125
1765544868.910724,0,0,9840,1230.000
1765544868.9147315,0,0,10365,1295.625
1765544868.9187226,0,0,14630,1828.750
1765544868.9227266,0,0,15731,1966.375
1765544868.9267015,1,1,14284,1785.500
1765544868.9306998,0,0,9850,1231.250
1765544868.934723,0,0,9930,1241.250
1765544868.9387305,0,0,14480,1810.000
1765544868.9427147,0,0,15704,1963.000
1765544868.9467,1,1,14349,1793.625
1765544868.9507003,0,0,9952,1244.000
1765544868.9547207,0,0,9880,1235.000
1765544868.9587202,0,0,14459,1807.375
1765544868.9627213,0,0,15732,1966.500
1765544868.9667137,1,1,14719,1839.875
1765544868.9707143,0,0,10488,1311.000
1765544868.9747176,0,0,9968,1246.000
1765544868.9787173,0,0,14457,1807.125
1765544868.9827209,0,0,15734,1966.750
1765544868.9867172,1,1,14750,1843.750
1765544868.990715,0,0,10536,1317.000
1765544868.994721,0,0,9623,1202.875
1765544868.9987164,0,0,14305,1788.125
1765544869.002719,0,0,15699,1962.375
1765544869.0067186,1,1,14806,1850.750
1765544869.010713,0,0,10643,1330.375
1765544869.0147188,0,0,9529,1191.125
1765544869.018716,0,0,14248,1781.000
1765544869.0227194,0,0,15693,1961.625
1765544869.0267172,1,1,14939,1867.375
1765544869.0307143,0,0,10871,1358.875
1765544869.0347195,0,0,9395,1174.375
1765544869.038713,0,0,14146,1768.250
1765544869.0427198,0,0,15666,1958.250
1765544869.046717,1,1,14887,1860.875
1765544869.050798,0,0,10786,1348.250
1765544869.0547264,0,0,9260,1157.500
1765544869.058703,0,0,14089,1761.125
1765544869.062715,0,0,15670,1958.750
1765544869.066717,1,1,15281,1910.125
1765544869.070715,0,0,11547,1443.375
1765544869.0747104,0,0,9431,1178.875
1765544869.0787,0,0,14044,1755.500
1765544869.0827281,0,0,15652,1956.500
1765544869.0867193,1,1,15181,1897.625
1765544869.090717,0,0,11342,1417.750
1765544869.0947204,0,0,9084,1135.500
1765544869.0987253,0,0,13874,1734.250
1765544869.1027198,0,0,15612,1951.500
1765544869.1067164,1,1,15328,1916.000
1765544869.1107142,0,0,11689,1461.125
1765544869.1147316,0,0,9093,1136.625
1765544869.1187148,0,0,13779,1722.375
1765544869.1227167,0,0,15584,1948.000
1765544869.1267123,1,1,15251,1906.375
1765544869.1307192,0,0,11528,1441.000
1765544869.1347384,0,0,8809,1101.125
1765544869.1387281,0,0,13619,1702.375
1765544869.142715,0,0,15548,1943.500
1765544869.1467109,1,1,15358,1919.750
1765544869.1507127,0,0,11791,1473.875
1765544869.154727,0,0,8867,1108.375
1765544869.158716,0,0,13565,1695.625
1765544869.162709,0,0,15539,1942.375
1765544869.166698,1,1,15460,1932.500
1765544869.1707075,0,0,12048,1506.000
1765544869.1747203,0,0,8837,1104.625
1765544869.1787162,0,0,13428,1678.500
1765544869.1827145,0,0,15501,1937.625
1765544869.1867108,1,1,15427,1928.375
1765544869.190713,0,0,8578,1072.250
1765544869.194721,0,0,13201,1650.125
1765544869.1987162,0,0,15447,1930.875
1765544869.2027185,0,0,15524,1940.500
1765544869.2067134,1,1,12276,1534.500
1765544869.2107096,0,0,8679,1084.875
1765544869.2147164,0,0,13137,1642.125
1765544869.2187128,0,0,15436,1929.500
1765544869.2227182,0,0,15637,1954.625
1765544869.2267103,1,1,12641,1580.125
1765544869.230709,0,0,8940,1117.500
1765544869.2347176,0,0,13147,1643.375
1765544869.2387137,0,0,15440,1930.000
1765544869.2427187,0,0,15714,1964.250
1765544869.246714,1,1,12918,1614.750
1765544869.2508094,0,0,9130,1141.250
1765544869.2547257,0,0,13153,1644.125
1765544869.2587018,0,0,15439,1929.875
1765544869.2627149,0,0,15787,1973.375
1765544869.2667248,1,1,13235,1654.375
1765544869.2707117,0,0,9273,1159.125
1765544869.2747085,0,0,13008,1626.000
1765544869.2786953,0,0,15394,1924.250
1765544869.2827132,0,0,15806,1975.750
1765544869.2867148,1,1,13423,1677.875
1765544869.290712,0,0,9338,1167.250
1765544869.2947178,0,0,12846,1605.750
1765544869.2987108,0,0,15344,1918.000
1765544869.3027182,0,0,15799,1974.875
1765544869.306713,1,1,13471,1683.875
1765544869.3107128,0,0,9268,1158.500
1765544869.3147166,0,0,12628,1578.500
1765544869.3187125,0,0,15280,1910.000
1765544869.3227065,0,0,15806,1975.750
1765544869.326698,1,1,13638,1704.750
1765544869.3306959,0,0,9385,1173.125
1765544869.3347108,0,0,12509,1563.625
1765544869.3387098,0,0,15243,1905.375
1765544869.3427157,0,0,15790,1973.750
1765544869.3467119,1,1,13623,1702.875
1765544869.3507142,0,0,9270,1158.750
1765544869.3547182,0,0,12206,1525.750
1765544869.3587103,0,0,15160,1895.000
1765544869.3627129,0,0,15762,1970.250
1765544869.366712,1,1,13601,1700.125
1765544869.3707132,0,0,9214,1151.750
1765544869.374706,0,0,12008,1501.000
1765544869.3786929,0,0,15109,1888.625
1765544869.3827074,0,0,15793,1974.125
1765544869.3867204,1,1,13891,1736.375
1765544869.3907123,0,0,9530,1191.250
1765544869.394719,0,0,11983,1497.875
1765544869.3987546,0,0,15101,1887.625
1765544869.4027615,0,0,15824,1978.000
1765544869.4067526,1,1,14196,1774.500
1765544869.4107666,0,0,9829,1228.625
1765544869.4147596,0,0,11754,1469.250
1765544869.4187582,0,0,15031,1878.875
1765544869.4227583,0,0,15786,1973.250
1765544869.4267619,1,1,14064,1758.000
1765544869.4307532,0,0,9639,1204.875
1765544869.4347625,0,0,11414,1426.750
1765544869.4387534,0,0,14934,1866.750
1765544869.442771,0,0,15738,1967.250
1765544869.4467525,1,1,13888,1736.000
1765544869.4508398,0,0,9425,1178.125
1765544869.454766,0,0,11237,1404.625
1765544869.458767,0,0,14891,1861.375
1765544869.462757,0,0,15804,1975.500
1765544869.466755,1,1,14677,1834.625
1765544869.4707499,0,0,10463,1307.875
1765544869.474757,0,0,11341,1417.625
1765544869.4787376,0,0,14898,1862.250
1765544869.4827547,0,0,15761,1970.125
1765544869.4867556,1,1,14202,1775.250
1765544869.4907522,0,0,9758,1219.750
1765544869.4947555,0,0,10632,1329.000
1765544869.4987197,0,0,14691,1836.375
1765544869.502717,0,0,15721,1965.125
1765544869.506709,1,1,14326,1790.750
1765544869.5107079,0,0,9941,1242.625
1765544869.5147026,0,0,10512,1314.000
1765544869.5186977,0,0,14650,1831.250
1765544869.5227184,0,0,15732,1966.500
1765544869.526715,1,1,14576,1822.000
1765544869.530724,0,0,10289,1286.125
1765544869.5347168,0,0,10458,1307.250
1765544869.538713,0,0,14616,1827.000
1765544869.5427113,0,0,15730,1966.250
1765544869.546709,1,1,14694,1836.750
1765544869.550709,0,0,10491,1311.375
1765544869.5547085,0,0,10282,1285.250
1765544869.5587099,0,0,14541,1817.625
1765544869.5627077,0,0,15713,1964.125
1765544869.5666938,1,1,14749,1843.625
1765544869.570694,0,0,10570,1321.250
1765544869.574694,0,0,10086,1260.750
1765544869.5786932,0,0,14457,1807.125
1765544869.5827072,0,0,15697,1962.125
1765544869.5867188,1,1,14866,1858.250
1765544869.590709,0,0,10784,1348.000
1765544869.5947154,0,0,9912,1239.000
1765544869.5987065,0,0,14364,1795.500
1765544869.6027198,0,0,15670,1958.750
1765544869.6067111,1,1,14829,1853.625
1765544869.6107116,0,0,10709,1338.625
1765544869.614712,0,0,9611,1201.375
1765544869.618717,0,0,14238,1779.750
1765544869.6227117,0,0,15648,1956.000
1765544869.6267066,1,1,15018,1877.250
1765544869.6307077,0,0,11061,1382.625
1765544869.6347232,0,0,9604,1200.500
1765544869.6387072,0,0,14188,1773.500
1765544869.6427102,0,0,15636,1954.500
1765544869.6467037,1,1,15023,1877.875
1765544869.656103,0,0,14126,1765.750
1765544869.658736,0,0,14126,1765.750
1765544869.6627128,0,0,15628,1953.500
1765544869.666703,1,1,15271,1908.875
1765544869.6706936,0,0,11596,1449.500
1765544869.674714,0,0,9488,1186.000
1765544869.6787095,0,0,14025,1753.125
1765544869.6827095,0,0,15590,1948.750
1765544869.6866906,1,1,14971,1871.375
1765544869.690691,0,0,11001,1375.125
1765544869.6947124,0,0,8934,1116.750
1765544869.698712,0,0,13819,1727.375
1765544869.7027152,0,0,15555,1944.375
1765544869.706708,1,1,15360,1920.000
1765544869.710706,0,0,11843,1480.375
1765544869.7147129,0,0,9384,1173.000
1765544869.7187085,0,0,13895,1736.875
1765544869.7227137,0,0,15576,1947.000
1765544869.7267046,1,1,15397,1924.625
1765544869.7307053,0,0,11928,1491.000
1765544869.7347095,0,0,9218,1152.250
1765544869.73871,0,0,13752,1719.000
1765544869.742717,0,0,15538,1942.250
1765544869.7467084,1,1,15476,1934.500
1765544869.7507043,0,0,12168,1521.000
1765544869.7547112,0,0,9236,1154.500
1765544869.758709,0,0,13671,1708.875
1765544869.7628253,0,0,15512,1939.000
1765544869.7670126,1,1,12173,1521.625
1765544869.7707586,0,0,12173,1521.625
1765544869.7747147,0,0,9025,1128.125
1765544869.7787025,0,0,13499,1687.375
1765544869.7827084,0,0,15467,1933.375
1765544869.7867043,1,1,12435,1554.375
1765544869.7907019,0,0,9041,1130.125
1765544869.7947047,0,0,13375,1671.875
1765544869.7987032,0,0,15434,1929.250
1765544869.8027034,0,0,15520,1940.000
1765544869.8067074,1,1,12382,1547.750
1765544869.810707,0,0,8823,1102.875
1765544869.8147087,0,0,13172,1646.500
1765544869.8187046,0,0,15381,1922.625
1765544869.8227034,0,0,15550,1943.750
1765544869.8266923,1,1,12525,1565.625
1765544869.8306904,0,0,8813,1101.625
1765544869.834707,0,0,13053,1631.625
1765544869.8387046,0,0,15356,1919.500
1765544869.8427062,0,0,15624,1953.000
1765544869.8467083,1,1,12810,1601.250
1765544869.8507056,0,0,8996,1124.500
1765544869.854778,0,0,13023,1627.875
1765544869.8587065,0,0,15348,1918.500
1765544869.862693,0,0,15673,1959.125
1765544869.8666916,1,1,13005,1625.625
1765544869.8706899,0,0,9070,1133.750
1765544869.8747106,0,0,12929,1616.125
1765544869.8787062,0,0,15323,1915.375
1765544869.8826997,0,0,15726,1965.750
1765544869.8866873,1,1,13287,1660.875
1765544869.8906908,0,0,9164,1145.500
1765544869.8947122,0,0,12723,1590.375
1765544869.898709,0,0,15264,1908.000
1765544869.9027064,0,0,15711,1963.875
1765544869.9066997,1,1,13300,1662.500
1765544869.9107063,0,0,9101,1137.625
1765544869.9147112,0,0,12549,1568.625
1765544869.9187033,0,0,15217,1902.125
1765544869.9227023,0,0,15712,1964.000
1765544869.9267006,1,1,13372,1671.500
1765544869.9307027,0,0,9066,1133.250
1765544869.9346929,0,0,12286,1535.750
1765544869.9386878,0,0,15146,1893.250
1765544869.942707,0,0,15653,1956.625
1765544869.9467068,1,1,13179,1647.375
1765544869.9507015,0,0,8798,1099.750
1765544869.9546952,0,0,11998,1499.750
1765544869.9586895,0,0,15079,1884.875
1765544869.9627047,0,0,15739,1967.375
1765544869.9667008,1,1,13718,1714.750
1765544869.9706986,0,0,9341,1167.625
1765544869.9746966,0,0,11997,1499.625
1765544869.9786894,0,0,15076,1884.500
1765544869.982707,0,0,15699,1962.375
1765544869.9867027,1,1,13483,1685.375
1765544869.9907012,0,0,9017,1127.125
1765544869.9947078,0,0,11649,1456.125
1765544869.9987073,0,0,14990,1873.750
1765544870.0027065,0,0,15744,1968.000
1765544870.0067024,1,1,13901,1737.625
1765544870.0107014,0,0,9480,1185.000
1765544870.014708,0,0,11638,1454.750
1765544870.0187054,0,0,14985,1873.125
1765544870.022707,0,0,15754,1969.250
1765544870.0267034,1,1,13993,1749.125
1765544870.0307007,0,0,9561,1195.125
1765544870.0347052,0,0,11436,1429.500
1765544870.0387006,0,0,14929,1866.125
1765544870.0427084,0,0,15762,1970.250
1765544870.046703,1,1,14206,1775.750
1765544870.0507019,0,0,9823,1227.875
1765544870.0547845,0,0,11339,1417.375
1765544870.0587192,0,0,14895,1861.875
1765544870.062704,0,0,15752,1969.000
1765544870.0666873,1,1,14223,1777.875
1765544870.070689,0,0,9821,1227.625
1765544870.0746872,0,0,11013,1376.625
1765544870.0787122,0,0,14797,1849.625
1765544870.0827017,0,0,15712,1964.000
1765544870.086701,1,1,14089,1761.125
1765544870.0907004,0,0,9641,1205.125
1765544870.094699,0,0,10694,1336.750
1765544870.098687,0,0,14706,1838.250
1765544870.1026871,0,0,15726,1965.750
1765544870.1066837,1,1,14447,1805.875
1765544870.1106873,0,0,10122,1265.250
1765544870.1147087,0,0,10646,1330.750
1765544870.118701,0,0,14676,1834.500
1765544870.1227014,0,0,15716,1964.500
1765544870.1267016,1,1,14417,1802.125
1765544870.1307003,0,0,10070,1258.750
1765544870.134705,0,0,10388,1298.500
1765544870.1387012,0,0,14591,1823.875
1765544870.1426957,0,0,15709,1963.625
1765544870.146682,1,1,14624,1828.000
1765544870.1506848,0,0,10379,1297.375
1765544870.1547048,0,0,10327,1290.875
1765544870.158702,0,0,14554,1819.250
1765544870.1626947,0,0,15707,1963.375
1765544870.166682,1,1,14742,1842.750
1765544870.1706889,0,0,10560,1320.000
1765544870.1746898,0,0,10152,1269.000
1765544870.178689,0,0,14472,1809.000
1765544870.1826987,0,0,15677,1959.625
1765544870.1866992,1,1,14620,1827.500
1765544870.190701,0,0,10375,1296.875
1765544870.194707,0,0,9788,1223.500
1765544870.1987016,0,0,14340,1792.500
1765544870.2027037,0,0,15663,1957.875
1765544870.206697,1,1,14979,1872.375
1765544870.2106988,0,0,10999,1374.875
1765544870.2147048,0,0,10015,1251.875
1765544870.2187028,0,0,14376,1797.000
1765544870.2227058,0,0,15672,1959.000
1765544870.2266984,1,1,15034,1879.250
1765544870.230697,0,0,11096,1387.000
1765544870.2347047,0,0,9839,1229.875
1765544870.238704,0,0,14280,1785.000
1765544870.2427087,0,0,15648,1956.000
1765544870.2467017,1,1,15131,1891.375
1765544870.2506983,0,0,11299,1412.375
1765544870.2547867,0,0,9620,1202.500
1765544870.2587192,0,0,14141,1767.625
1765544870.262701,0,0,15609,1951.125
1765544870.2666864,1,1,15133,1891.625
1765544870.2706838,0,0,11321,1415.125
1765544870.2747006,0,0,9539,1192.375
1765544870.2787004,0,0,14086,1760.750
1765544870.2826982,0,0,15599,1949.875
1765544870.2866845,1,1,15296,1912.000
1765544870.2906804,0,0,11701,1462.625
1765544870.2946982,0,0,9675,1209.375
1765544870.2986987,0,0,14081,1760.125
1765544870.3027017,0,0,15597,1949.625
1765544870.3066967,1,1,15385,1923.125
1765544870.310699,0,0,11919,1489.875
1765544870.3147016,0,0,9572,1196.500
1765544870.3186953,0,0,13967,1745.875
1765544870.3226943,0,0,15566,1945.750
1765544870.3266826,1,1,15536,1942.000
1765544870.3306835,0,0,12387,1548.375
1765544870.3346963,0,0,9744,1218.000
1765544870.338693,0,0,13939,1742.375
1765544870.3427017,0,0,15548,1943.500
1765544870.3467019,1,1,15467,1933.375
1765544870.3506987,0,0,12204,1525.500
1765544870.354693,0,0,9388,1173.500
1765544870.35868,0,0,13739,1717.375
1765544870.362692,0,0,15491,1936.375
1765544870.3666978,1,1,15493,1936.625
1765544870.3706994,0,0,12329,1541.125
1765544870.3746896,0,0,9281,1160.125
1765544870.3786795,0,0,15452,1931.500
1765544870.3826964,0,0,15513,1939.125
1765544870.3866968,1,1,12438,1554.750
1765544870.3906999,0,0,9181,1147.625
1765544870.3946924,0,0,13460,1682.500
1765544870.3986824,0,0,15414,1926.750
1765544870.402692,0,0,15538,1942.250
1765544870.406696,1,1,12553,1569.125
1765544870.4106972,0,0,9163,1145.375
1765544870.4147015,0,0,13375,1671.875
1765544870.4187012,0,0,15392,1924.000
1765544870.4226983,0,0,15627,1953.375
1765544870.4266956,1,1,12915,1614.375
1765544870.430698,0,0,9293,1161.625
1765544870.4347045,0,0,13265,1658.125
1765544870.4386988,0,0,15358,1919.750
1765544870.442697,0,0,15595,1949.375
1765544870.4466949,1,1,12830,1603.750
1765544870.4506943,0,0,9059,1132.375
1765544870.4547849,0,0,13046,1630.750
1765544870.4587188,0,0,15299,1912.375
1765544870.4627001,0,0,15617,1952.125
1765544870.466681,1,1,12983,1622.875
1765544870.4706807,0,0,9039,1129.875
1765544870.4746993,0,0,12871,1608.875
1765544870.478696,0,0,15251,1906.375
1765544870.4826949,0,0,15570,1946.250
1765544870.4866788,1,1,12851,1606.375
1765544870.4906797,0,0,8827,1103.375
1765544870.4946816,0,0,12659,1582.375
1765544870.498695,0,0,15202,1900.250
1765544870.5026999,0,0,15646,1955.750
1765544870.5066986,1,1,13222,1652.750
1765544870.5106926,0,0,9057,1132.125
1765544870.5146985,0,0,12553,1569.125
1765544870.5186958,0,0,15175,1896.875
1765544870.5226982,0,0,15661,1957.625
1765544870.5267057,1,1,13321,1665.125
1765544870.5306962,0,0,9101,1137.625
1765544870.534687,0,0,12445,1555.625
1765544870.5386777,0,0,15150,1893.750
1765544870.5426955,0,0,15728,1966.000
1765544870.546698,1,1,13774,1721.750
1765544870.5506968,0,0,9515,1189.375
1765544870.5546863,0,0,12398,1549.750
1765544870.558678,0,0,15135,1891.875
1765544870.562697,0,0,15705,1963.125
1765544870.5666962,1,1,13672,1709.000
1765544870.5706978,0,0,9309,1163.625
1765544870.5746868,0,0,12042,1505.250
1765544870.5786772,0,0,15040,1880.000
1765544870.582693,0,0,15687,1960.875
1765544870.586698,1,1,13726,1715.750
1765544870.590695,0,0,9348,1168.500
1765544870.5946927,0,0,11874,1484.250
1765544870.5986922,0,0,14996,1874.500
1765544870.6026986,0,0,15714,1964.250
1765544870.6066945,1,1,14013,1751.625
1765544870.6106937,0,0,9657,1207.125
1765544870.6146984,0,0,11784,1473.000
1765544870.6186953,0,0,14970,1871.250
1765544870.622698,0,0,15707,1963.375
1765544870.6266952,1,1,14026,1753.250
1765544870.6306956,0,0,9627,1203.375
1765544870.634703,0,0,11511,1438.875
1765544870.6386974,0,0,14893,1861.625
1765544870.6426957,0,0,15684,1960.500
1765544870.6466906,1,1,14022,1752.750
1765544870.6506948,0,0,9607,1200.875
1765544870.6600485,0,0,14829,1853.625
1765544870.6627285,0,0,15682,1960.250
1765544870.666697,1,1,14133,1766.625
1765544870.6706965,0,0,9735,1216.875
1765544870.6746924,0,0,11088,1386.000
1765544870.6786797,0,0,14774,1846.750
1765544870.682693,0,0,15687,1960.875
1765544870.6866941,1,1,14345,1793.125
1765544870.6906924,0,0,10009,1251.125
1765544870.6946876,0,0,10947,1368.375
1765544870.6986816,0,0,14726,1840.750
1765544870.702696,0,0,15682,1960.250
1765544870.7066941,1,1,14454,1806.750
1765544870.7106893,0,0,10169,1271.125
1765544870.7146964,0,0,10766,1345.750
1765544870.7186935,0,0,14664,1833.000
1765544870.7227004,0,0,15672,1959.000
1765544870.726719,1,1,14555,1819.375
1765544870.730695,0,0,10319,1289.875
1765544870.7346852,0,0,10510,1313.750
1765544870.738677,0,0,14566,1820.750
1765544870.7426949,0,0,15610,1951.250
1765544870.7466915,1,1,14095,1761.875
1765544870.7506897,0,0,9646,1205.750
1765544870.754683,0,0,9931,1241.375
1765544870.758678,0,0,14402,1800.250
1765544870.7628112,0,0,15619,1952.375
1765544870.7669947,1,1,14679,1834.875
1765544870.7707672,0,0,10531,1316.375
1765544870.7747014,0,0,10360,1295.000
1765544870.7786949,0,0,14513,1814.125
1765544870.7826962,0,0,15660,1957.500
1765544870.786692,1,1,14913,1864.125
1765544870.7906904,0,0,10910,1363.750
1765544870.7946937,0,0,10172,1271.500
1765544870.7986917,0,0,14409,1801.125
1765544870.802694,0,0,15630,1953.750
1765544870.806692,1,1,14928,1866.000
1765544870.8106933,0,0,10955,1369.375
1765544870.8146908,0,0,9993,1249.125
1765544870.818694,0,0,14325,1790.625
1765544870.8226895,0,0,15608,1951.000
1765544870.8266778,1,1,14974,1871.750
1765544870.8307302,0,0,11051,1381.375
1765544870.8348436,0,0,9837,1229.625
1765544870.838861,0,0,14241,1780.125
1765544870.8427098,0,0,15581,1947.625
1765544870.8466794,1,1,14893,1861.625
1765544870.8506784,0,0,10900,1362.500
1765544870.8546958,0,0,9368,1171.000
1765544870.8587708,0,0,14032,1754.000
1765544870.8627036,0,0,15532,1941.500
1765544870.8666735,1,1,14938,1867.250
1765544870.8706784,0,0,11003,1375.375
1765544870.8746958,0,0,9265,1158.125
1765544870.8786905,0,0,13960,1745.000
1765544870.882684,0,0,15523,1940.375
1765544870.8866735,1,1,15077,1884.625
1765544870.8906763,0,0,11280,1410.000
1765544870.8946989,0,0,9275,1159.375
1765544870.8986928,0,0,13911,1738.875
1765544870.902688,0,0,15520,1940.000
1765544870.906675,1,1,15294,1911.750
1765544870.9106755,0,0,11791,1473.875
1765544870.914712,0,0,9395,1174.375
1765544870.9187033,0,0,13865,1733.125
1765544870.9227028,0,0,15506,1938.250
1765544870.9266741,1,1,15263,1907.875
1765544870.9306762,0,0,11702,1462.750
1765544870.9346957,0,0,9140,1142.500
1765544870.938705,0,0,13721,1715.125
1765544870.9426866,0,0,15470,1933.750
1765544870.9466736,1,1,15348,1918.500
1765544870.9506717,0,0,11955,1494.375
1765544870.9546976,0,0,9191,1148.875
1765544870.958693,0,0,13671,1708.875
1765544870.9626925,0,0,15460,1932.500
1765544870.966689,1,1,15465,1933.125
1765544870.9706886,0,0,9246,1155.750
1765544870.9746945,0,0,13579,1697.375
1765544870.9786904,0,0,15430,1928.750
1765544870.982694,0,0,15405,1925.625
1765544870.986689,1,1,12139,1517.375
1765544870.9906874,0,0,8879,1109.875
1765544870.9947014,0,0,13330,1666.250
1765544870.9986916,0,0,15366,1920.750
1765544871.002695,0,0,15391,1923.875
1765544871.00669,1,1,12138,1517.250
1765544871.0106933,0,0,8791,1098.875
1765544871.014693,0,0,13237,1654.625
1765544871.0186923,0,0,15351,1918.875
1765544871.0226927,0,0,15562,1945.250
1765544871.0266917,1,1,12696,1587.000
1765544871.030688,0,0,9100,1137.500
1765544871.0346937,0,0,13212,1651.500
1765544871.0386891,0,0,15344,1918.000
1765544871.0426953,0,0,15597,1949.625
1765544871.0466897,1,1,12847,1605.875
1765544871.0506873,0,0,9117,1139.625
1765544871.0546901,0,0,13104,1638.000
1765544871.0587742,0,0,15308,1913.500
1765544871.0627065,0,0,15447,1930.875
1765544871.0666757,1,1,12359,1544.875
1765544871.0706744,0,0,8482,1060.250
1765544871.0746727,0,0,12700,1587.500
1765544871.0786726,0,0,15213,1901.625
1765544871.0826743,0,0,15631,1953.875
1765544871.0866737,1,1,13130,1641.250
1765544871.0906732,0,0,9116,1139.500
1765544871.0946915,0,0,12803,1600.375
1765544871.098691,0,0,15241,1905.125
1765544871.1026947,0,0,15657,1957.125
1765544871.1066923,1,1,13225,1653.125
1765544871.1106908,0,0,9126,1140.750
1765544871.1146822,0,0,12675,1584.375
1765544871.118676,0,0,15206,1900.750
1765544871.1226726,0,0,15682,1960.250
1765544871.1266723,1,1,13406,1675.750
1765544871.1306732,0,0,9221,1152.625
1765544871.1346924,0,0,12542,1567.750
1765544871.138687,0,0,15170,1896.250
1765544871.1426823,0,0,15713,1964.125
1765544871.146673,1,1,13669,1708.625
1765544871.1506717,0,0,9428,1178.500
1765544871.1546934,0,0,12427,1553.375
1765544871.1586888,0,0,15137,1892.125
1765544871.1626918,0,0,15711,1963.875
1765544871.1666865,1,1,13739,1717.375
1765544871.1706903,0,0,9439,1179.875
1765544871.174693,0,0,12218,1527.250
1765544871.1786902,0,0,15076,1884.500
1765544871.1826892,0,0,15689,1961.125
1765544871.1866863,1,1,13726,1715.750
1765544871.1906836,0,0,9366,1170.750
1765544871.194696,0,0,11939,1492.375
1765544871.198689,0,0,15001,1875.125
1765544871.202692,0,0,15693,1961.625
1765544871.206687,1,1,13914,1739.250
1765544871.2106867,0,0,9548,1193.500
1765544871.2146807,0,0,11800,1475.000
1765544871.2186732,0,0,14964,1870.500
1765544871.2226868,0,0,15698,1962.250
1765544871.2266865,1,1,14052,1756.500
1765544871.230685,0,0,9677,1209.625
1765544871.2346945,0,0,11569,1446.125
1765544871.238689,0,0,14899,1862.375
1765544871.242691,0,0,15692,1961.500
1765544871.2466853,1,1,14173,1771.625
1765544871.2506866,0,0,9819,1227.375
1765544871.254691,0,0,11450,1431.250
1765544871.258768,0,0,14861,1857.625
1765544871.2627041,0,0,15668,1958.500
1765544871.2666721,1,1,14051,1756.375
1765544871.270669,0,0,9635,1204.375
1765544871.2746904,0,0,11088,1386.000
1765544871.2786887,0,0,14760,1845.000
1765544871.2826865,0,0,15671,1958.875
1765544871.2866716,1,1,14350,1793.750
1765544871.2906692,0,0,10035,1254.375
1765544871.2946885,0,0,11044,1380.500
1765544871.298691,0,0,14742,1842.750
1765544871.3026927,0,0,15676,1959.500
1765544871.3066885,1,1,14502,1812.750
1765544871.310688,0,0,10261,1282.625
1765544871.3146918,0,0,10908,1363.500
1765544871.3186913,0,0,14692,1836.500
1765544871.3226895,0,0,15670,1958.750
1765544871.3266718,1,1,14669,1833.625
1765544871.33067,0,0,10497,1312.125
1765544871.3346877,0,0,10682,1335.250
1765544871.3386855,0,0,14603,1825.375
1765544871.342682,0,0,15634,1954.250
1765544871.346672,1,1,14504,1813.000
1765544871.3506725,0,0,10250,1281.250
1765544871.354699,0,0,10371,1296.375
1765544871.3586862,0,0,14506,1813.250
1765544871.3626902,0,0,15620,1952.500
1765544871.3666868,1,1,14697,1837.125
1765544871.3706956,0,0,10575,1321.875
1765544871.3746903,0,0,10406,1300.750
1765544871.3786857,0,0,14499,1812.375
1765544871.3826883,0,0,15628,1953.500
1765544871.3866978,1,1,14925,1865.625
1765544871.3906863,0,0,10967,1370.875
1765544871.3946934,0,0,10300,1287.500
1765544871.3986838,0,0,14427,1803.375
1765544871.4026983,0,0,15603,1950.375
1765544871.4066823,1,1,14859,1857.375
1765544871.4106867,0,0,10846,1355.750
1765544871.4146776,0,0,9967,1245.875
1765544871.4186814,0,0,14299,1787.375
1765544871.4226823,0,0,15573,1946.625
1765544871.4266858,1,1,14982,1872.750
1765544871.430686,0,0,11099,1387.375
1765544871.4346912,0,0,9828,1228.500
1765544871.4386847,0,0,14204,1775.500
1765544871.4426885,0,0,15540,1942.500
1765544871.4466813,1,1,14781,1847.625
1765544871.4506817,0,0,10725,1340.625
1765544871.4546757,0,0,9390,1173.750
1765544871.458769,0,0,14045,1755.625
1765544871.4627068,0,0,15516,1939.500
1765544871.4666848,1,1,15114,1889.250
1765544871.4706824,0,0,11408,1426.000
1765544871.4746883,0,0,9684,1210.500
1765544871.4786878,0,0,14086,1760.750
1765544871.4826815,0,0,15521,1940.125
1765544871.4866679,1,1,14935,1866.875
1765544871.490667,0,0,11024,1378.000
1765544871.4946854,0,0,9205,1150.625
1765544871.498687,0,0,13895,1736.875
1765544871.50269,0,0,15487,1935.875
1765544871.5066829,1,1,15302,1912.750
1765544871.5106814,0,0,11852,1481.500
1765544871.5146875,0,0,9599,1199.875
1765544871.5186827,0,0,13950,1743.750
1765544871.5226998,0,0,15503,1937.875
1765544871.5266886,1,1,15432,1929.000
1765544871.5306828,0,0,12213,1526.625
1765544871.5346766,0,0,9626,1203.250
1765544871.5386772,0,0,13871,1733.875
1765544871.5426862,0,0,15473,1934.125
1765544871.5466852,1,1,15357,1919.625
1765544871.5506828,0,0,12027,1503.375
1765544871.5546758,0,0,9287,1160.875
1765544871.558664,0,0,13683,1710.375
1765544871.5626862,0,0,15363,1920.375
1765544871.566686,1,1,12086,1510.750
1765544871.5706842,0,0,9134,1141.750
1765544871.5746744,0,0,13542,1692.750
1765544871.5786679,0,0,15387,1923.375
1765544871.5826812,0,0,15444,1930.500
1765544871.5866852,1,1,12356,1544.500
1765544871.590684,0,0,9125,1140.625
1765544871.594688,0,0,13414,1676.750
1765544871.5986834,0,0,15352,1919.000
1765544871.6026862,0,0,15395,1924.375
1765544871.6066828,1,1,12236,1529.500
1765544871.6106842,0,0,8946,1118.250
1765544871.6146848,0,0,13294,1661.750
1765544871.6186838,0,0,15327,1915.875
1765544871.6226854,0,0,15568,1946.000
1765544871.626683,1,1,12856,1607.000
1765544871.6306837,0,0,9297,1162.125
1765544871.6346889,0,0,13280,1660.000
1765544871.6386814,0,0,15320,1915.000
1765544871.642685,0,0,15562,1945.250
1765544871.6466806,1,1,12857,1607.125
1765544871.6506836,0,0,9135,1141.875
1765544871.654687,0,0,13087,1635.875
1765544871.6640873,0,0,15561,1945.125
1765544871.6667058,1,1,12909,1613.625
1765544871.6706846,0,0,9139,1142.375
1765544871.6746864,0,0,13023,1627.875
1765544871.6786695,0,0,15251,1906.375
1765544871.6826808,0,0,15625,1953.125
1765544871.6866806,1,1,13233,1654.125
1765544871.690681,0,0,9291,1161.375
1765544871.6946752,0,0,12900,1612.500
1765544871.698669,0,0,15215,1901.875
1765544871.7026803,0,0,15622,1952.750
1765544871.7066793,1,1,13277,1659.625
1765544871.7106767,0,0,9195,1149.375
1765544871.7146842,0,0,12675,1584.375
1765544871.7186782,0,0,15153,1894.125
1765544871.7226882,0,0,15599,1949.875
1765544871.7267027,1,1,13258,1657.250
1765544871.7306833,0,0,9070,1133.750
1765544871.7346764,0,0,12432,1554.000
1765544871.738664,0,0,15089,1886.125
1765544871.7426822,0,0,15579,1947.375
1765544871.7466807,1,1,13230,1653.750
1765544871.7506793,0,0,8944,1118.000
1765544871.7546713,0,0,12185,1523.125
1765544871.7586648,0,0,15030,1878.750
1765544871.7627916,0,0,15612,1951.500
1765544871.7669945,1,1,13481,1685.125
1765544871.7707324,0,0,9190,1148.750
1765544871.7746878,0,0,12175,1521.875
1765544871.7786825,0,0,15031,1878.875
1765544871.7826812,0,0,15649,1956.125
1765544871.7866778,1,1,13716,1714.500
1765544871.7906754,0,0,9356,1169.500
1765544871.794679,0,0,11909,1488.625
1765544871.798677,0,0,14959,1869.875
1765544871.8026795,0,0,15600,1950.000
1765544871.8066783,1,1,13516,1689.500
1765544871.8106763,0,0,9069,1133.625
1765544871.8146796,0,0,11545,1443.125
1765544871.8186789,0,0,14869,1858.625
1765544871.8228693,0,0,15624,1953.000
1765544871.8266673,1,1,13807,1725.875
1765544871.8306658,0,0,9380,1172.500
1765544871.8346667,0,0,11438,1429.750
1765544871.838664,0,0,14841,1855.125
1765544871.842663,0,0,15624,1953.000
1765544871.846664,1,1,13854,1731.750
1765544871.8506649,0,0,9422,1177.750
1765544871.854663,0,0,11219,1402.375
1765544871.8586614,0,0,14784,1848.000
1765544871.8627589,0,0,15635,1954.375
1765544871.8666964,1,1,14041,1755.125
1765544871.8706825,0,0,9635,1204.375
1765544871.874673,0,0,11102,1387.750
1765544871.8786643,0,0,14751,1843.875
1765544871.882679,0,0,15646,1955.750
1765544871.886681,1,1,14238,1779.750
1765544871.8906815,0,0,9883,1235.375
1765544871.8946738,0,0,11004,1375.500
1765544871.898664,0,0,14715,1839.375
1765544871.9026802,0,0,15621,1952.625
1765544871.9066787,1,1,14077,1759.625
1765544871.9106805,0,0,9651,1206.375
1765544871.9146864,0,0,10603,1325.375
1765544871.9186807,0,0,14601,1825.125
1765544871.922672,0,0,15632,1954.000
1765544871.9266603,1,1,14512,1814.000
1765544871.930662,0,0,10279,1284.875
1765544871.9346833,0,0,10660,1332.500
1765544871.938678,0,0,14600,1825.000
1765544871.9426708,0,0,15632,1954.000
1765544871.94666,1,1,14528,1816.000
1765544871.95066,0,0,10300,1287.500
1765544871.9546824,0,0,10386,1298.250
1765544871.9586818,0,0,14503,1812.875
1765544871.9626827,0,0,15611,1951.375
1765544871.9666753,1,1,14595,1824.375
1765544871.9706767,0,0,10395,1299.375
1765544871.974678,0,0,10166,1270.750
1765544871.97868,0,0,14417,1802.125
1765544871.9826822,0,0,15591,1948.875
1765544871.986677,1,1,14646,1830.750
1765544871.9906752,0,0,10487,1310.875
1765544871.9946823,0,0,9961,1245.125
1765544871.998679,0,0,14330,1791.250
1765544872.0026824,0,0,15570,1946.250
1765544872.0066745,1,1,14625,1828.125
1765544872.0106752,0,0,10449,1306.125
1765544872.014681,0,0,9765,1220.625
1765544872.0186782,0,0,14253,1781.625
1765544872.0226831,0,0,15569,1946.125
1765544872.0266786,1,1,14979,1872.375
1765544872.0306761,0,0,11085,1385.625
1765544872.034683,0,0,9915,1239.375
1765544872.0386803,0,0,14255,1781.875
1765544872.0426815,0,0,15569,1946.125
1765544872.0466776,1,1,14990,1873.750
1765544872.0506752,0,0,11102,1387.750
1765544872.0546772,0,0,9749,1218.625
1765544872.0586758,0,0,14167,1770.875
1765544872.06277,0,0,15549,1943.625
1765544872.0666945,1,1,15143,1892.875
1765544872.0706787,0,0,11445,1430.625
1765544872.0746727,0,0,9729,1216.125
1765544872.0786624,0,0,14104,1763.000
1765544872.0826766,0,0,15532,1941.500
1765544872.0866787,1,1,15216,1902.000
1765544872.0906787,0,0,11614,1451.750
1765544872.094667,0,0,9633,1204.125
1765544872.098659,0,0,14019,1752.375
1765544872.1026747,0,0,15509,1938.625
1765544872.1066778,1,1,15289,1911.125
1765544872.110676,0,0,11821,1477.625
1765544872.1146765,0,0,9615,1201.875
1765544872.118679,0,0,13954,1744.250
1765544872.122672,0,0,15489,1936.125
1765544872.1266599,1,1,15334,1916.750
1765544872.1306603,0,0,11965,1495.625
1765544872.1346784,0,0,9437,1179.625
1765544872.138657,0,0,13807,1725.875
1765544872.1426587,0,0,15446,1930.750
1765544872.1466599,1,1,15331,1916.375
1765544872.1506586,0,0,11985,1498.125
1765544872.1546798,0,0,13685,1710.625
1765544872.1586757,0,0,15414,1926.750
1765544872.1626785,0,0,15355,1919.375
1765544872.1666737,1,1,12082,1510.250
1765544872.170676,0,0,9163,1145.375
1765544872.17468,0,0,13558,1694.750
1765544872.1786797,0,0,15379,1922.375
1765544872.1826782,0,0,15366,1920.750
1765544872.1866732,1,1,12139,1517.375
1765544872.190676,0,0,9078,1134.750
1765544872.1946826,0,0,13457,1682.125
1765544872.198676,0,0,15356,1919.500
1765544872.202677,0,0,15463,1932.875
1765544872.206676,1,1,12473,1559.125
1765544872.2106726,0,0,9209,1151.125
1765544872.21468,0,0,13413,1676.625
1765544872.2186759,0,0,15347,1918.375
1765544872.2226794,0,0,15562,1945.250
1765544872.2266748,1,1,12839,1604.875
1765544872.2306728,0,0,9292,1161.500
1765544872.234679,0,0,13278,1659.750
1765544872.2386768,0,0,15303,1912.875
1765544872.242681,0,0,15462,1932.750
1765544872.2466733,1,1,12523,1565.375
1765544872.250671,0,0,8881,1110.125
1765544872.254666,0,0,13028,1628.500
1765544872.258659,0,0,15242,1905.250
1765544872.2627757,0,0,15555,1944.375
1765544872.2666926,1,1,12945,1618.125
1765544872.2706752,0,0,9116,1139.500
1765544872.2746708,0,0,12959,1619.875
1765544872.278661,0,0,15223,1902.875
1765544872.2826753,0,0,15532,1941.500
1765544872.2866762,1,1,12869,1608.625
1765544872.290675,0,0,8930,1116.250
1765544872.2946634,0,0,12769,1596.125
1765544872.2986603,0,0,15176,1897.000
1765544872.302676,0,0,15592,1949.000
1765544872.3066747,1,1,13191,1648.875
1765544872.3106718,0,0,9157,1144.625
1765544872.3146782,0,0,12722,1590.250
1765544872.318673,0,0,15162,1895.250
1765544872.3226764,0,0,15592,1949.000
1765544872.3266604,1,1,13213,1651.625
1765544872.3306582,0,0,9048,1131.000
1765544872.3346741,0,0,12481,1560.125
1765544872.3386736,0,0,15099,1887.375
1765544872.3426712,0,0,15596,1949.500
1765544872.3466566,1,1,13326,1665.750
1765544872.350658,0,0,9105,1138.125
1765544872.3546772,0,0,12336,1542.000
1765544872.3586748,0,0,15065,1883.125
1765544872.3626766,0,0,15648,1956.000
1765544872.3666742,1,1,13689,1711.125
1765544872.3706737,0,0,9421,1177.625
1765544872.374679,0,0,12251,1531.375
1765544872.3786736,0,0,15040,1880.000
1765544872.3826737,0,0,15612,1951.500
1765544872.3866744,1,1,13516,1689.500
1765544872.390673,0,0,9180,1147.500
1765544872.3946795,0,0,12003,1500.375
1765544872.398672,0,0,14978,1872.250
1765544872.402675,0,0,15655,1956.875
1765544872.4066708,1,1,13933,1741.625
1765544872.4106724,0,0,9616,1202.000
1765544872.4146764,0,0,11936,1492.000
1765544872.4186726,0,0,14958,1869.750
1765544872.4226754,0,0,15651,1956.375
1765544872.4266725,1,1,13966,1745.750
1765544872.4306722,0,0,9619,1202.375
1765544872.4346666,0,0,11677,1459.625
1765544872.4386585,0,0,14887,1860.875
1765544872.442669,0,0,15648,1956.000
1765544872.4466696,1,1,14143,1767.875
1765544872.4506738,0,0,9828,1228.500
1765544872.4546776,0,0,11588,1448.500
1765544872.458673,0,0,14859,1857.375
1765544872.4627595,0,0,15653,1956.625
1765544872.466688,1,1,14315,1789.375
1765544872.4706726,0,0,10052,1256.500
1765544872.4746726,0,0,11439,1429.875
1765544872.4786603,0,0,14811,1851.375
1765544872.4826732,0,0,15638,1954.750
1765544872.4866717,1,1,14332,1791.500
1765544872.490673,0,0,10041,1255.125
1765544872.4946666,0,0,11133,1391.625
1765544872.4986575,0,0,14716,1839.500
1765544872.502675,0,0,15590,1948.750
1765544872.5066717,1,1,14075,1759.375
1765544872.5106702,0,0,9683,1210.375
1765544872.5146747,0,0,10766,1345.750
1765544872.518673,0,0,14617,1827.125
1765544872.5226853,0,0,15610,1951.250
1765544872.526676,1,1,14659,1832.375
1765544872.5306687,0,0,10542,1317.750
1765544872.534659,0,0,10924,1365.500
1765544872.5386558,0,0,14641,1830.125
1765544872.5426722,0,0,15606,1950.750
1765544872.5466704,1,1,14533,1816.625
1765544872.5506678,0,0,10328,1291.000
1765544872.5546637,0,0,10560,1320.000
1765544872.5586517,0,0,14524,1815.500
1765544872.5626712,0,0,15581,1947.625
1765544872.5666735,1,1,14660,1832.500
1765544872.5706687,0,0,10545,1318.125
1765544872.5746615,0,0,10477,1309.625
1765544872.5786643,0,0,14485,1810.625
1765544872.5826747,0,0,15581,1947.625
1765544872.5866725,1,1,14915,1864.375
1765544872.590671,0,0,11007,1375.875
1765544872.5946786,0,0,10425,1303.125
1765544872.598671,0,0,14433,1804.125
1765544872.602682,0,0,15561,1945.125
1765544872.6066723,1,1,14841,1855.125
1765544872.6106737,0,0,10867,1358.375
1765544872.6146703,0,0,10163,1270.375
1765544872.6186697,0,0,14335,1791.875
1765544872.6226737,0,0,15540,1942.500
1765544872.626672,1,1,15038,1879.750
1765544872.63067,0,0,11267,1408.375
1765544872.6346726,0,0,10140,1267.500
1765544872.6386714,0,0,14283,1785.375
1765544872.6426728,0,0,15520,1940.000
1765544872.6466708,1,1,14945,1868.125
1765544872.6506696,0,0,11083,1385.375
1765544872.6546755,0,0,9805,1225.625
1765544872.6586688,0,0,14148,1768.500
1765544872.6680818,1,1,11533,1441.625
1765544872.67069,0,0,11533,1441.625
1765544872.674678,0,0,10080,1260.000
1765544872.678657,0,0,14214,1776.750
1765544872.6826696,0,0,15508,1938.500
1765544872.6866686,1,1,15275,1909.375
1765544872.6906714,0,0,11858,1482.250
1765544872.6946628,0,0,9932,1241.500
1765544872.698653,0,0,14084,1760.500
1765544872.7026663,0,0,15467,1933.375
1765544872.7066634,1,1,15224,1903.000
1765544872.7106655,0,0,11756,1469.500
1765544872.7146745,0,0,9612,1201.500
1765544872.7186677,0,0,13919,1739.875
1765544872.722673,0,0,15420,1927.500
1765544872.7266738,1,1,15208,1901.000
1765544872.7306688,0,0,11751,1468.875
1765544872.7346604,0,0,9367,1170.875
1765544872.7386532,0,0,13768,1721.000
1765544872.742667,0,0,15383,1922.875
1765544872.7466695,1,1,15284,1910.500
1765544872.750666,0,0,9447,1180.875
1765544872.7546604,0,0,13754,1719.250
1765544872.7586517,0,0,15383,1922.875
1765544872.7627914,0,0,15436,1929.500
1765544872.766979,1,1,12465,1558.125
1765544872.770721,0,0,9747,1218.375
1765544872.774676,0,0,13801,1725.125
1765544872.7786794,0,0,15393,1924.125
1765544872.782669,0,0,15524,1940.500
1765544872.7866652,1,1,12801,1600.125
1765544872.7906635,0,0,9707,1213.375
1765544872.7946773,0,0,13634,1704.250
1765544872.7986684,0,0,15338,1917.250
1765544872.8026674,0,0,15406,1925.750
1765544872.8066657,1,1,12438,1554.750
1765544872.8106773,0,0,9240,1155.000
1765544872.814667,0,0,13402,1675.250
1765544872.8186667,0,0,15279,1909.875
1765544872.8227863,0,0,15529,1941.125
1765544872.826682,1,1,12985,1623.125
1765544872.8306694,0,0,9574,1196.750
1765544872.834668,0,0,13403,1675.375
1765544872.8386636,0,0,15273,1909.125
1765544872.8426795,0,0,15477,1934.625
1765544872.8466666,1,1,12778,1597.250
1765544872.850666,0,0,9260,1157.500
1765544872.854666,0,0,13211,1651.375
1765544872.8586764,0,0,15223,1902.875
1765544872.8626661,0,0,15547,1943.375
1765544872.8667552,1,1,13171,1646.375
1765544872.87069,0,0,9533,1191.625
1765544872.8746705,0,0,13207,1650.875
1765544872.878652,0,0,15219,1902.375
1765544872.882677,0,0,15579,1947.375
1765544872.886666,1,1,13374,1671.750
1765544872.8906696,0,0,9576,1197.000
1765544872.8946574,0,0,13060,1632.500
1765544872.8986742,0,0,15175,1896.875
1765544872.9026775,0,0,15585,1948.125
1765544872.9066699,1,1,13521,1690.125
1765544872.910667,0,0,9614,1201.750
1765544872.9146752,0,0,12924,1615.500
1765544872.918666,0,0,15133,1891.625
1765544872.9226668,0,0,15558,1944.750
1765544872.926672,1,1,13441,1680.125
1765544872.9306748,0,0,9366,1170.750
1765544872.9346619,0,0,12616,1577.000
1765544872.9386516,0,0,15049,1881.125
1765544872.9426525,0,0,15529,1941.125
1765544872.9466476,1,1,13404,1675.500
1765544872.9506514,0,0,9243,1155.375
1765544872.9546528,0,0,12413,1551.625
1765544872.9586506,0,0,14999,1874.875
1765544872.9626787,0,0,15573,1946.625
1765544872.9666665,1,1,13804,1725.500
1765544872.9706662,0,0,9659,1207.375
1765544872.9746718,0,0,12449,1556.125
1765544872.9786727,0,0,15007,1875.875
1765544872.982672,0,0,15574,1946.750
1765544872.9866655,1,1,13819,1727.375
1765544872.990662,0,0,9614,1201.750
1765544872.994673,0,0,12234,1529.250
1765544872.9986696,0,0,14950,1868.750
1765544873.002667,0,0,15585,1948.125
1765544873.0066621,1,1,14093,1761.625
1765544873.0106645,0,0,9894,1236.750
1765544873.0146697,0,0,12112,1514.000
1765544873.018668,0,0,14914,1864.250
1765544873.0226705,0,0,15569,1946.125
1765544873.0266635,1,1,14062,1757.750
1765544873.030664,0,0,9793,1224.125
1765544873.0346677,0,0,11784,1473.000
1765544873.0386639,0,0,14822,1852.750
1765544873.0426664,0,0,15533,1941.625
1765544873.0466652,1,1,13954,1744.250
1765544873.0506635,0,0,9630,1203.750
1765544873.054666,0,0,11523,1440.375
1765544873.0586677,0,0,14755,1844.375
1765544873.062668,0,0,15547,1943.375
1765544873.066768,1,1,14306,1788.250
1765544873.0706787,0,0,10111,1263.875
1765544873.074669,0,0,11604,1450.500
1765544873.0786514,0,0,14774,1846.750
1765544873.0826683,0,0,15558,1944.750
1765544873.0866663,1,1,14449,1806.125
1765544873.0906658,0,0,10296,1287.000
1765544873.094656,0,0,11382,1422.750
1765544873.0986497,0,0,14704,1838.000
1765544873.1026633,0,0,15537,1942.125
1765544873.1066673,1,1,14468,1808.500
1765544873.1106656,0,0,10319,1289.875
1765544873.1146648,0,0,11180,1397.500
1765544873.1186707,0,0,14642,1830.250
1765544873.1226552,0,0,15524,1940.500
1765544873.12665,1,1,14555,1819.375
1765544873.130648,0,0,10448,1306.000
1765544873.1346648,0,0,10879,1359.875
1765544873.138663,0,0,14541,1817.625
1765544873.142658,0,0,15489,1936.125
1765544873.1466465,1,1,14421,1802.625
1765544873.1506457,0,0,10231,1278.875
1765544873.1546543,0,0,10598,1324.750
1765544873.1586492,0,0,14458,1807.250
1765544873.1626625,0,0,15483,1935.375
1765544873.1666627,1,1,14707,1838.375
1765544873.1706638,0,0,10722,1340.250
1765544873.1746688,0,0,10619,1327.375
1765544873.1786664,0,0,14443,1805.375
1765544873.1826665,0,0,15479,1934.875
1765544873.186661,1,1,14717,1839.625
1765544873.190661,0,0,10751,1343.875
1765544873.1946688,0,0,10433,1304.125
1765544873.1986642,0,0,14372,1796.500
1765544873.2026606,0,0,15468,1933.500
1765544873.2066627,1,1,14932,1866.500
1765544873.2106664,0,0,11165,1395.625
1765544873.2146678,0,0,10481,1310.125
1765544873.218664,0,0,14361,1795.125
1765544873.222664,0,0,15467,1933.375
1765544873.2266622,1,1,15099,1887.375
1765544873.2306602,0,0,11539,1442.375
1765544873.234668,0,0,10452,1306.500
1765544873.2386632,0,0,14310,1788.750
1765544873.2426655,0,0,15445,1930.625
1765544873.2466629,1,1,15000,1875.000
1765544873.2506614,0,0,11322,1415.250
1765544873.2546678,0,0,10075,1259.375
1765544873.2586665,0,0,14164,1770.500
1765544873.262668,0,0,15408,1926.000
1765544873.2667603,1,1,15145,1893.125
1765544873.270675,0,0,11701,1462.625
1765544873.2746663,0,0,10182,1272.750
1765544873.2786493,0,0,14160,1770.000
1765544873.2826643,0,0,15404,1925.500
1765544873.2866657,1,1,15180,1897.500
1765544873.2906616,0,0,11810,1476.250
1765544873.2946534,0,0,10048,1256.000
1765544873.2986507,0,0,14070,1758.750
1765544873.3026645,0,0,15378,1922.250
1765544873.3066764,1,1,15247,1905.875
1765544873.310659,0,0,12021,1502.625
1765544873.3146636,0,0,9925,1240.625
1765544873.3186605,0,0,13962,1745.250
1765544873.3226862,0,0,15346,1918.250
1765544873.326653,1,1,15266,1908.250
1765544873.3306556,0,0,12114,1514.250
1765544873.3346453,0,0,9769,1221.125
1765544873.3386421,0,0,13844,1730.500
1765544873.3426583,0,0,15267,1908.375
1765544873.3466737,1,1,12144,1518.000
1765544873.350662,0,0,9633,1204.125
1765544873.354652,0,0,13747,1718.375
1765544873.3586447,0,0,15288,1911.000
1765544873.3626623,0,0,15332,1916.500
1765544873.366664,1,1,12392,1549.000
1765544873.370663,0,0,9609,1201.125
1765544873.3746624,0,0,13649,1706.125
1765544873.378661,0,0,15260,1907.500
1765544873.3826642,0,0,15380,1922.500
1765544873.3866608,1,1,12606,1575.750
1765544873.3906605,0,0,9639,1204.875
1765544873.3946688,0,0,13586,1698.250
1765544873.3986611,0,0,15240,1905.000
1765544873.4026585,0,0,15378,1922.250
1765544873.4066606,1,1,12632,1579.000
1765544873.410662,0,0,9498,1187.250
1765544873.414662,0,0,13453,1681.625
1765544873.4186578,0,0,15205,1900.625
1765544873.4226618,0,0,15456,1932.000
1765544873.4266593,1,1,13039,1629.875
1765544873.43066,0,0,9700,1212.500
1765544873.4346664,0,0,13404,1675.500
1765544873.4386616,0,0,15189,1898.625
1765544873.4426603,0,0,15465,1933.125
1765544873.446659,1,1,13121,1640.125
1765544873.450661,0,0,9668,1208.500
1765544873.454653,0,0,13314,1664.250
1765544873.4586487,0,0,15161,1895.125
1765544873.4626594,0,0,15477,1934.625
1765544873.4667444,1,1,13258,1657.250
1765544873.4706757,0,0,9689,1211.125
1765544873.4746642,0,0,13227,1653.375
1765544873.4786487,0,0,15133,1891.625
1765544873.4826581,0,0,15489,1936.125
1765544873.4866586,1,1,13416,1677.000
1765544873.4906602,0,0,9678,1209.750
1765544873.4946501,0,0,13053,1631.625
1765544873.4986472,0,0,15081,1885.125
1765544873.5026622,0,0,15463,1932.875
1765544873.5066588,1,1,13355,1669.375
1765544873.5106568,0,0,9454,1181.750
1765544873.5146618,0,0,12799,1599.875
1765544873.5186589,0,0,15013,1876.625
1765544873.522663,0,0,15456,1932.000
1765544873.5266643,1,1,13432,1679.000
1765544873.5306597,0,0,9447,1180.875
1765544873.534651,0,0,12667,1583.375
1765544873.5386436,0,0,14979,1872.375
1765544873.5426602,0,0,15456,1932.000
1765544873.5466626,1,1,13501,1687.625
1765544873.550657,0,0,9444,1180.500
1765544873.5546522,0,0,12526,1565.750
1765544873.5586452,0,0,14945,1868.125
1765544873.5626647,0,0,15485,1935.625
1765544873.56666,1,1,13819,1727.375
1765544873.5706546,0,0,9752,1219.000
1765544873.574649,0,0,12478,1559.750
1765544873.5786424,0,0,14930,1866.250
1765544873.5826573,0,0,15485,1935.625
1765544873.5866566,1,1,13873,1734.125
1765544873.5906587,0,0,9711,1213.875
1765544873.5946631,0,0,12201,1525.125
1765544873.5986576,0,0,14854,1856.750
1765544873.6026568,0,0,15463,1932.875
1765544873.6066568,1,1,13861,1732.625
1765544873.610659,0,0,9651,1206.375
1765544873.614648,0,0,12019,1502.375
1765544873.6186519,0,0,14810,1851.250
1765544873.6226566,0,0,15487,1935.875
1765544873.6266615,1,1,14307,1788.375
1765544873.6306581,0,0,10236,1279.500
1765544873.634661,0,0,12050,1506.250
1765544873.6386545,0,0,14811,1851.375
1765544873.6426537,0,0,15468,1933.500
1765544873.646654,1,1,14109,1763.625
1765544873.650659,0,0,9920,1240.000
1765544873.6546555,0,0,11735,1466.875
1765544873.6586518,0,0,14727,1840.875
1765544873.6626577,0,0,15461,1932.625
1765544873.6720662,0,0,10291,1286.375
1765544873.6747112,0,0,11814,1476.750
1765544873.6786656,0,0,14743,1842.875
1765544873.682652,0,0,15476,1934.500
1765544873.6866412,1,1,14700,1837.500
1765544873.6906402,0,0,10835,1354.375
1765544873.694659,0,0,11744,1468.000
1765544873.6986601,0,0,14711,1838.875
1765544873.7026494,0,0,15453,1931.625
1765544873.7066371,1,1,14518,1814.750
1765544873.7106397,0,0,10495,1311.875
1765544873.7146623,0,0,11333,1416.625
1765544873.7186577,0,0,14592,1824.000
1765544873.7226555,0,0,15427,1928.375
1765544873.7266574,1,1,14783,1847.875
1765544873.7306626,0,0,10990,1373.750
1765544873.734652,0,0,11353,1419.125
1765544873.738644,0,0,14581,1822.625
1765544873.7426584,0,0,15416,1927.000
1765544873.74666,1,1,14734,1841.750
1765544873.750655,0,0,10899,1362.375
1765544873.7546532,0,0,11067,1383.375
1765544873.7586403,0,0,14485,1810.625
1765544873.7627647,0,0,15384,1923.000
1765544873.7669513,1,1,14674,1834.250
1765544873.770706,0,0,10784,1348.000
1765544873.774658,0,0,10874,1359.250
1765544873.778657,0,0,14424,1803.000
1765544873.782654,0,0,15376,1922.000
1765544873.786649,1,1,14966,1870.750
1765544873.7906492,0,0,11411,1426.375
1765544873.7946556,0,0,10890,1361.250
1765544873.7986522,0,0,14394,1799.250
1765544873.8026536,0,0,15360,1920.000
1765544873.8066552,1,1,14856,1857.000
1765544873.810653,0,0,11164,1395.500
1765544873.8146563,0,0,10501,1312.625
1765544873.8186536,0,0,14260,1782.500
1765544873.8226507,0,0,15328,1916.000
1765544873.826641,1,1,15041,1880.125
1765544873.830632,0,0,11642,1455.250
1765544873.8346546,0,0,10610,1326.250
1765544873.8386507,0,0,14258,1782.250
1765544873.842656,0,0,15321,1915.125
1765544873.8466547,1,1,14945,1868.125
1765544873.850655,0,0,11389,1423.625
1765544873.8546548,0,0,10154,1269.250
1765544873.8586545,0,0,14089,1761.125
1765544873.862657,0,0,15279,1909.875
1765544873.8666513,1,1,15090,1886.250
1765544873.8707352,0,0,11807,1475.875
1765544873.8746758,0,0,10347,1293.375
1765544873.8786392,0,0,14126,1765.750
1765544873.8826504,0,0,15292,1911.500
1765544873.8866553,1,1,15257,1907.125
1765544873.8906531,0,0,12362,1545.250
1765544873.894645,0,0,10507,1313.375
1765544873.8986366,0,0,14107,1763.375
1765544873.902653,0,0,15274,1909.250
1765544873.9066577,1,1,15138,1892.250
1765544873.910654,0,0,11971,1496.375
1765544873.9146576,0,0,9947,1243.375
1765544873.9186509,0,0,13883,1735.375
1765544873.9226537,0,0,15217,1902.125
1765544873.9266517,1,1,15266,1908.250
1765544873.930677,0,0,12485,1560.625
1765544873.9346511,0,0,10197,1274.625
1765544873.9386387,0,0,15217,1902.125
1765544873.9426517,0,0,15243,1905.375
1765544873.9466515,1,1,12400,1550.000
1765544873.9506512,0,0,9930,1241.250
1765544873.9546463,0,0,13760,1720.000
1765544873.958639,0,0,15176,1897.000
1765544873.9626417,0,0,15276,1909.500
1765544873.9666343,1,1,12592,1574.000
1765544873.9706368,0,0,9895,1236.875
1765544873.9746552,0,0,13674,1709.250
1765544873.9786544,0,0,15150,1893.750
1765544873.9826536,0,0,15301,1912.625
1765544873.9866476,1,1,12759,1594.875
1765544873.9906476,0,0,9844,1230.500
1765544873.9946609,0,0,13568,1696.000
1765544873.9986515,0,0,15119,1889.875
1765544874.0026507,0,0,15300,1912.500
1765544874.0066473,1,1,12799,1599.875
1765544874.0106492,0,0,9751,1218.875
1765544874.0146523,0,0,13478,1684.750
1765544874.018649,0,0,15094,1886.750
1765544874.022655,0,0,15330,1916.250
1765544874.0266502,1,1,12995,1624.375
1765544874.0306492,0,0,9716,1214.500
1765544874.0346537,0,0,13340,1667.500
1765544874.0386505,0,0,15054,1881.750
1765544874.0426521,0,0,15322,1915.250
1765544874.04665,1,1,13023,1627.875
1765544874.0506477,0,0,9646,1205.750
1765544874.054652,0,0,13246,1655.750
1765544874.0586543,0,0,15031,1878.875
1765544874.0626554,0,0,15374,1921.750
1765544874.0666487,1,1,13402,1675.250
1765544874.0707293,0,0,9964,1245.500
1765544874.074671,0,0,13296,1662.000
1765544874.0786362,0,0,15041,1880.125
1765544874.0826504,0,0,15405,1925.625
1765544874.0866508,1,1,13683,1710.375
1765544874.0906484,0,0,10069,1258.625
1765544874.0946407,0,0,13134,1641.750
1765544874.0986323,0,0,14988,1873.500
1765544874.102648,0,0,15356,1919.500
1765544874.1066525,1,1,13441,1680.125
1765544874.1106527,0,0,9655,1206.875
1765544874.1146584,0,0,12855,1606.875
1765544874.1186514,0,0,14913,1864.125
1765544874.1226501,0,0,15346,1918.250
1765544874.1266494,1,1,13526,1690.750
1765544874.1306522,0,0,9637,1204.625
1765544874.1346624,0,0,12687,1585.875
1765544874.1386504,0,0,14868,1858.500
1765544874.142646,0,0,15341,1917.625
1765544874.1466362,1,1,13575,1696.875
1765544874.1506364,0,0,9620,1202.500
1765544874.1546528,0,0,12576,1572.000
1765544874.1586487,0,0,14841,1855.125
1765544874.1626422,0,0,15364,1920.500
1765544874.1666353,1,1,13895,1736.875
1765544874.1706345,0,0,9952,1244.000
1765544874.1746373,0,0,12556,1569.500
1765544874.1786358,0,0,14834,1854.250
1765544874.1826472,0,0,15365,1920.625
1765544874.1866462,1,1,13950,1743.750
1765544874.1906474,0,0,9938,1242.250
1765544874.1946554,0,0,12360,1545.000
1765544874.1986487,0,0,14782,1847.750
1765544874.2026448,0,0,15364,1920.500
1765544874.2066462,1,1,14195,1774.375
1765544874.2106519,0,0,10240,1280.000
1765544874.214653,0,0,12315,1539.375
1765544874.2186484,0,0,14768,1846.000
1765544874.2226505,0,0,15361,1920.125
1765544874.226648,1,1,14305,1788.125
1765544874.2306461,0,0,10359,1294.875
1765544874.234652,0,0,12132,1516.500
1765544874.2386484,0,0,14713,1839.125
1765544874.242646,0,0,15338,1917.250
1765544874.246648,1,1,14222,1777.750
1765544874.2506437,0,0,10179,1272.375
1765544874.254648,0,0,11803,1475.375
1765544874.2586486,0,0,14623,1827.875
1765544874.2626522,0,0,15318,1914.750
1765544874.266644,1,1,14342,1792.750
1765544874.2707262,0,0,10360,1295.000
1765544874.274664,0,0,11768,1471.000
1765544874.2786355,0,0,14612,1826.500
1765544874.2826445,0,0,15319,1914.875
1765544874.2866457,1,1,14501,1812.625
1765544874.2906458,0,0,10616,1327.000
1765544874.2946372,0,0,11627,1453.375
1765544874.298633,0,0,14566,1820.750
1765544874.3026502,0,0,15309,1913.625
1765544874.3066502,1,1,14625,1828.125
1765544874.310645,0,0,10838,1354.750
1765544874.3146536,0,0,11506,1438.250
1765544874.3186488,0,0,14524,1815.500
1765544874.3226533,0,0,15293,1911.625
1765544874.3266602,1,1,14633,1829.125
1765544874.3306484,0,0,10839,1354.875
1765544874.3346462,0,0,11225,1403.125
1765544874.3386447,0,0,14436,1804.500
1765544874.3426487,0,0,15267,1908.375
1765544874.3466475,1,1,14637,1829.625
1765544874.3506467,0,0,10859,1357.375
1765544874.3546464,0,0,11034,1379.250
1765544874.3586442,0,0,14372,1796.500
1765544874.3626497,0,0,15253,1906.625
1765544874.3666492,1,1,14779,1847.375
1765544874.3706505,0,0,11175,1396.875
1765544874.3746488,0,0,11068,1383.500
1765544874.378644,0,0,14369,1796.125
1765544874.3826473,0,0,15252,1906.500
1765544874.3866453,1,1,14867,1858.375
1765544874.3906448,0,0,11384,1423.000
1765544874.394645,0,0,10879,1359.875
1765544874.3986433,0,0,14288,1786.000
1765544874.4026434,0,0,15227,1903.375
1765544874.4066446,1,1,14879,1859.875
1765544874.4106457,0,0,11426,1428.250
1765544874.4146485,0,0,10713,1339.125
1765544874.4186442,0,0,14220,1777.500
1765544874.4226463,0,0,15208,1901.000
1765544874.4266465,1,1,14954,1869.250
1765544874.4306448,0,0,11643,1455.375
1765544874.4346497,0,0,10606,1325.750
1765544874.438644,0,0,14155,1769.375
1765544874.4426441,0,0,15185,1898.125
1765544874.4466426,1,1,14890,1861.250
1765544874.4506433,0,0,11482,1435.250
1765544874.454648,0,0,10201,1275.125
1765544874.4586473,0,0,14000,1750.000
1765544874.4626462,0,0,15148,1893.500
1765544874.4666402,1,1,15002,1875.250
1765544874.4707205,0,0,11834,1479.250
1765544874.474664,0,0,10384,1298.000
1765544874.478632,0,0,14040,1755.000
1765544874.4826422,0,0,15162,1895.250
1765544874.4866433,1,1,15146,1893.250
1765544874.490645,0,0,12323,1540.375
1765544874.4946377,0,0,10514,1314.250
1765544874.4986312,0,0,14021,1752.625
1765544874.502647,0,0,15149,1893.625
1765544874.5066426,1,1,15106,1888.250
1765544874.5106442,0,0,12200,1525.000
1765544874.514653,0,0,10234,1279.250
1765544874.5186484,0,0,13892,1736.500
1765544874.522645,0,0,15111,1888.875
1765544874.5266433,1,1,15093,1886.625
1765544874.5306444,0,0,9906,1238.250
1765544874.534646,0,0,13714,1714.250
1765544874.5386498,0,0,15064,1883.000
1765544874.5426495,0,0,15153,1894.125
1765544874.546628,1,1,12489,1561.125
1765544874.5506265,0,0,10060,1257.500
1765544874.5546453,0,0,13725,1715.625
1765544874.558646,0,0,15069,1883.625
1765544874.5626366,0,0,15239,1904.875
1765544874.566629,1,1,12924,1615.500
1765544874.570628,0,0,10283,1285.375
1765544874.5746307,0,0,13725,1715.625
1765544874.5786307,0,0,15062,1882.750
1765544874.5826433,0,0,15241,1905.125
1765544874.5866454,1,1,12978,1622.250
1765544874.5906405,0,0,10113,1264.125
1765544874.594646,0,0,13585,1698.125
1765544874.5986402,0,0,15020,1877.500
1765544874.6026468,0,0,15236,1904.500
1765544874.6066425,1,1,13034,1629.250
1765544874.61064,0,0,10014,1251.750
1765544874.6146424,0,0,13474,1684.250
1765544874.6186435,0,0,14986,1873.250
1765544874.6226478,0,0,15240,1905.000
1765544874.6266415,1,1,13143,1642.875
1765544874.6306424,0,0,9962,1245.250
1765544874.6346464,0,0,13367,1670.875
1765544874.63864,0,0,14955,1869.375
1765544874.6426399,0,0,15246,1905.750
1765544874.64664,1,1,13265,1658.125
1765544874.6506438,0,0,9900,1237.500
1765544874.6546333,0,0,13222,1652.750
1765544874.6586401,0,0,14914,1864.250
1765544874.6626415,0,0,15233,1904.125
1765544874.6666424,1,1,13260,1657.500
1765544874.6760998,0,0,13124,1640.500
1765544874.6786683,0,0,14888,1861.000
1765544874.6826372,0,0,15266,1908.250
1765544874.6866257,1,1,13627,1703.375
1765544874.6906273,0,0,10086,1260.750
1765544874.6946461,0,0,13094,1636.750
1765544874.698641,0,0,14875,1859.375
1765544874.702637,0,0,15259,1907.375
1765544874.706626,1,1,13640,1705.000
1765544874.710627,0,0,9973,1246.625
1765544874.7146473,0,0,12924,1615.500
1765544874.7186437,0,0,14826,1853.250
1765544874.7226408,0,0,15247,1905.875
1765544874.7266395,1,1,13676,1709.500
1765544874.7306457,0,0,9906,1238.250
1765544874.7346501,0,0,12767,1595.875
1765544874.7386472,0,0,14784,1848.000
1765544874.7426379,0,0,15249,1906.125
1765544874.7466407,1,1,13855,1731.875
1765544874.7506394,0,0,10031,1253.875
1765544874.7546444,0,0,12647,1580.875
1765544874.758643,0,0,14750,1843.750
1765544874.7627428,0,0,15235,1904.375
1765544874.7669456,1,1,13836,1729.500
1765544874.7706974,0,0,9970,1246.250
1765544874.774656,0,0,12558,1569.750
1765544874.7786458,0,0,14726,1840.750
1765544874.782644,0,0,15251,1906.375
1765544874.7866416,1,1,14250,1781.250
1765544874.7906387,0,0,10494,1311.750
1765544874.7946417,0,0,12543,1567.875
1765544874.7986405,0,0,14715,1839.375
1765544874.8026433,0,0,15227,1903.375
1765544874.8066425,1,1,13973,1746.625
1765544874.810637,0,0,9971,1246.375
1765544874.8146422,0,0,12078,1509.750
1765544874.8186438,0,0,14592,1824.000
1765544874.8226373,0,0,15208,1901.000
1765544874.8266242,1,1,14221,1777.625
1765544874.8306224,0,0,10321,1290.125
1765544874.8346431,0,0,12020,1502.500
1765544874.8386383,0,0,14576,1822.000
1765544874.8426404,0,0,15200,1900.000
1765544874.8466384,1,1,14175,1771.875
1765544874.8506377,0,0,10220,1277.500
1765544874.8546414,0,0,11847,1480.875
1765544874.858637,0,0,14531,1816.375
1765544874.862644,0,0,15198,1899.750
1765544874.866641,1,1,14431,1803.875
1765544874.8706393,0,0,10647,1330.875
1765544874.8747294,0,0,11821,1477.625
1765544874.878656,0,0,14521,1815.125
1765544874.882638,0,0,15195,1899.375
1765544874.8866246,1,1,14499,1812.375
1765544874.8906245,0,0,10751,1343.875
1765544874.8946407,0,0,11623,1452.875
1765544874.8986418,0,0,14460,1807.500
1765544874.9026341,0,0,15175,1896.875
1765544874.9066246,1,1,14492,1811.500
1765544874.9106224,0,0,10710,1338.750
1765544874.9146626,0,0,11356,1419.500
1765544874.9186425,0,0,14381,1797.625
1765544874.9226391,0,0,15154,1894.250
1765544874.9266412,1,1,14504,1813.000
1765544874.9306524,0,0,10733,1341.625
1765544874.9346418,0,0,11099,1387.375
1765544874.9386375,0,0,14303,1787.875
1765544874.9426417,0,0,15138,1892.250
1765544874.946651,1,1,14610,1826.250
1765544874.9506414,0,0,10956,1369.500
1765544874.9546475,0,0,11020,1377.500
1765544874.9586427,0,0,14271,1783.875
1765544874.9626486,0,0,15129,1891.125
1765544874.9666378,1,1,14636,1829.500
1765544874.9706402,0,0,11011,1376.375
1765544874.9746459,0,0,10817,1352.125
1765544874.9786527,0,0,14200,1775.000
1765544874.9826336,0,0,15113,1889.125
1765544874.9866211,1,1,14726,1840.750
1765544874.9906235,0,0,11223,1402.875
1765544874.994656,0,0,10731,1341.375
1765544874.9986436,0,0,14158,1769.750
1765544875.0026371,0,0,15108,1888.500
1765544875.0066373,1,1,14869,1858.625
1765544875.01065,0,0,11610,1451.250
1765544875.0146456,0,0,10762,1345.250
1765544875.01864,0,0,14141,1767.625
1765544875.0226443,0,0,15101,1887.625
1765544875.0266497,1,1,14922,1865.250
1765544875.0306373,0,0,11776,1472.000
1765544875.0346398,0,0,10584,1323.000
1765544875.0386417,0,0,14053,1756.625
1765544875.0426533,0,0,15073,1884.125
1765544875.0466397,1,1,14878,1859.750
1765544875.0506363,0,0,11674,1459.250
1765544875.054641,0,0,10377,1297.125
1765544875.0586448,0,0,13970,1746.250
1765544875.0626438,0,0,15053,1881.625
1765544875.066638,1,1,14981,1872.625
1765544875.070636,0,0,12026,1503.250
1765544875.074712,0,0,10445,1305.625
1765544875.0786414,0,0,13955,1744.375
1765544875.0826275,0,0,15049,1881.125
1765544875.086623,1,1,15054,1881.750
1765544875.0906184,0,0,12327,1540.875
1765544875.0946379,0,0,10494,1311.750
1765544875.0986404,0,0,13927,1740.875
1765544875.1026342,0,0,15037,1879.625
1765544875.1066227,1,1,15049,1881.125
1765544875.1106212,0,0,12333,1541.625
1765544875.1146407,0,0,10217,1277.125
1765544875.1186373,0,0,13778,1722.250
1765544875.1226451,0,0,14993,1874.125
1765544875.1266375,1,1,12344,1543.000
1765544875.1306357,0,0,9986,1248.250
1765544875.1346393,0,0,13639,1704.875
1765544875.1386385,0,0,14956,1869.500
1765544875.1426404,0,0,15042,1880.250
1765544875.1466346,1,1,12405,1550.625
1765544875.1506355,0,0,9883,1235.375
1765544875.1546264,0,0,13557,1694.625
1765544875.158619,0,0,14935,1866.875
1765544875.16264,0,0,15067,1883.375
1765544875.1666417,1,1,12534,1566.750
1765544875.1706376,0,0,9832,1229.000
1765544875.1746306,0,0,13482,1685.250
1765544875.1786218,0,0,14917,1864.625
1765544875.1826358,0,0,15107,1888.375
1765544875.1866372,1,1,12769,1596.125
1765544875.1906376,0,0,9897,1237.125
1765544875.1946273,0,0,13437,1679.625
1765544875.1986165,0,0,14904,1863.000
1765544875.2026346,0,0,15114,1889.250
1765544875.2066352,1,1,12828,1603.500
1765544875.210641,0,0,9822,1227.750
1765544875.2146418,0,0,13353,1669.125
1765544875.21864,0,0,14886,1860.750
1765544875.2226396,0,0,15197,1899.625
1765544875.2266335,1,1,13471,1683.875
1765544875.2306373,0,0,10356,1294.500
1765544875.2346396,0,0,13438,1679.750
1765544875.2386382,0,0,14900,1862.500
1765544875.2426383,0,0,15186,1898.250
1765544875.246636,1,1,13417,1677.125
1765544875.2506375,0,0,10113,1264.125
1765544875.2546403,0,0,13237,1654.625
1765544875.2586381,0,0,14840,1855.000
1765544875.2626414,0,0,15146,1893.250
1765544875.2666352,1,1,13236,1654.500
1765544875.2706342,0,0,9771,1221.375
1765544875.2747335,0,0,13025,1628.125
1765544875.2786574,0,0,14783,1847.875
1765544875.2826378,0,0,15156,1894.500
1765544875.28662,1,1,13474,1684.250
1765544875.2906182,0,0,9924,1240.500
1765544875.2946393,0,0,12972,1621.500
1765544875.2986393,0,0,14769,1846.125
1765544875.3026333,0,0,15178,1897.250
1765544875.306617,1,1,13786,1723.250
1765544875.310615,0,0,10230,1278.750
1765544875.3146389,0,0,12985,1623.125
1765544875.3186371,0,0,14768,1846.000
1765544875.322632,0,0,15178,1897.250
1765544875.3266191,1,1,13884,1735.500
1765544875.3306184,0,0,10215,1276.875
1765544875.3346343,0,0,12798,1599.750
1765544875.3386352,0,0,14713,1839.125
1765544875.3426397,0,0,15152,1894.000
1765544875.3466377,1,1,13777,1722.125
1765544875.3506362,0,0,9962,1245.250
1765544875.3546324,0,0,12551,1568.875
1765544875.3586316,0,0,14647,1830.875
1765544875.3626409,0,0,15144,1893.000
1765544875.3666358,1,1,13954,1744.250
1765544875.3706338,0,0,10142,1267.750
1765544875.3746245,0,0,12472,1559.000
1765544875.3786242,0,0,14625,1828.125
1765544875.3826704,0,0,15141,1892.625
1765544875.386651,1,1,14058,1757.250
1765544875.3906312,0,0,10256,1282.000
1765544875.3946347,0,0,12388,1548.500
1765544875.3986328,0,0,14600,1825.000
1765544875.4026403,0,0,15137,1892.125
1765544875.4066179,1,1,14160,1770.000
1765544875.410616,0,0,10344,1293.000
1765544875.4146411,0,0,12207,1525.875
1765544875.4186337,0,0,14552,1819.000
1765544875.422637,0,0,15128,1891.000
1765544875.4266343,1,1,14348,1793.500
1765544875.4306345,0,0,10650,1331.250
1765544875.4346383,0,0,12195,1524.375
1765544875.4386334,0,0,14543,1817.875
1765544875.4426355,0,0,15119,1889.875
1765544875.4466348,1,1,14280,1785.000
1765544875.4506361,0,0,10481,1310.125
1765544875.4546382,0,0,11910,1488.750
1765544875.458633,0,0,14464,1808.000
1765544875.4626343,0,0,15099,1887.375
1765544875.4666324,1,1,14409,1801.125
1765544875.4706345,0,0,10705,1338.125
1765544875.474749,0,0,11762,1470.250
1765544875.478651,0,0,14421,1802.625
1765544875.4826338,0,0,15087,1885.875
1765544875.4866157,1,1,14427,1803.375
1765544875.4906175,0,0,10716,1339.500
1765544875.4946194,0,0,11538,1442.250
1765544875.4986193,0,0,14356,1794.500
1765544875.5026186,0,0,15070,1883.750
1765544875.5066135,1,1,14493,1811.625
1765544875.510614,0,0,10847,1355.875
1765544875.5146494,0,0,11357,1419.625
1765544875.5186353,0,0,14299,1787.375
1765544875.5226378,0,0,15054,1881.750
1765544875.5266302,1,1,14506,1813.250
1765544875.5306358,0,0,10868,1358.500
1765544875.5346394,0,0,11102,1387.750
1765544875.538636,0,0,14221,1777.625
1765544875.5426295,0,0,15035,1879.375
1765544875.5466118,1,1,14546,1818.250
1765544875.5506132,0,0,10945,1368.125
1765544875.554633,0,0,10916,1364.500
1765544875.5586326,0,0,14160,1770.000
1765544875.5626276,0,0,15024,1878.000
1765544875.5666158,1,1,14626,1828.250
1765544875.5706148,0,0,11138,1392.250
1765544875.5746157,0,0,10921,1365.125
1765544875.5786178,0,0,14154,1769.250
1765544875.5826328,0,0,15027,1878.375
1765544875.5866334,1,1,14790,1848.750
1765544875.5906298,0,0,11573,1446.625
1765544875.594634,0,0,10929,1366.125
1765544875.5986345,0,0,14133,1766.625
1765544875.6026375,0,0,15020,1877.500
1765544875.606633,1,1,14848,1856.000
1765544875.6106293,0,0,11767,1470.875
1765544875.6146214,0,0,10911,1363.875
1765544875.6186159,0,0,14108,1763.500
1765544875.6226294,0,0,15012,1876.500
1765544875.6266305,1,1,14939,1867.375
1765544875.630631,0,0,12107,1513.375
1765544875.6346314,0,0,10929,1366.125
1765544875.6386297,0,0,14079,1759.875
1765544875.6426356,0,0,14996,1874.500
1765544875.646631,1,1,14876,1859.500
1765544875.6506321,0,0,11904,1488.000
1765544875.6546354,0,0,10504,1313.000
1765544875.6586287,0,0,13918,1739.750
1765544875.6626315,0,0,14952,1869.000
1765544875.6666312,1,1,14929,1866.125
1765544875.670629,0,0,12153,1519.125
1765544875.680019,0,0,14941,1867.625
1765544875.6826649,0,0,14941,1867.625
1765544875.686634,1,1,14932,1866.500
1765544875.6906302,0,0,12188,1523.500
1765544875.6946287,0,0,10316,1289.500
1765544875.6986263,0,0,13782,1722.750
1765544875.7026248,0,0,14914,1864.250
1765544875.7066255,1,1,14968,1871.000
1765544875.7106287,0,0,12377,1547.125
1765544875.714626,0,0,10307,1288.375
1765544875.7186146,0,0,13736,1717.000
1765544875.722628,0,0,15025,1878.125
1765544875.7266276,1,1,12692,1586.500
1765544875.7306266,0,0,10336,1292.000
1765544875.7346308,0,0,13676,1709.500
1765544875.73864,0,0,14882,1860.250
1765544875.742625,0,0,15019,1877.375
1765544875.746615,1,1,12704,1588.000
1765544875.7506275,0,0,10188,1273.500
1765544875.7546341,0,0,13579,1697.375
1765544875.758634,0,0,14854,1856.750
1765544875.7627351,0,0,15039,1879.875
1765544875.7669384,1,1,12879,1609.875
1765544875.7706819,0,0,10277,1284.625
1765544875.7746403,0,0,13578,1697.250
1765544875.778628,0,0,14853,1856.625
1765544875.7826278,0,0,15093,1886.625
1765544875.786624,1,1,13322,1665.250
1765544875.7906234,0,0,10510,1313.750
1765544875.794628,0,0,13552,1694.000
1765544875.798626,0,0,14837,1854.625
1765544875.8026283,0,0,15041,1880.125
1765544875.806623,1,1,12989,1623.625
1765544875.8106225,0,0,9977,1247.125
1765544875.8146274,0,0,13303,1662.875
1765544875.818629,0,0,14771,1846.375
1765544875.8228154,0,0,15073,1884.125
1765544875.8266156,1,1,13429,1678.625
1765544875.8306084,0,0,10270,1283.750
1765544875.8346148,0,0,13285,1660.625
1765544875.838612,0,0,14761,1845.125
1765544875.8426135,0,0,15053,1881.625
1765544875.8466113,1,1,13293,1661.625
1765544875.8506107,0,0,9965,1245.625
1765544875.854613,0,0,13090,1636.250
1765544875.8586087,0,0,14708,1838.500
1765544875.8626287,0,0,15056,1882.000
1765544875.8666306,1,1,13488,1686.000
1765544875.8706274,0,0,10125,1265.625
1765544875.8746278,0,0,13080,1635.000
1765544875.8787081,0,0,14705,1838.125
1765544875.8826444,0,0,15067,1883.375
1765544875.8866148,1,1,13657,1707.125
1765544875.8906107,0,0,10181,1272.625
1765544875.8946266,0,0,12966,1620.750
1765544875.8986275,0,0,14671,1833.875
1765544875.9026244,0,0,15060,1882.500
1765544875.906612,1,1,13749,1718.625
1765544875.910612,0,0,10195,1274.375
1765544875.9146311,0,0,12851,1606.375
1765544875.9186263,0,0,14639,1829.875
1765544875.9226317,0,0,15054,1881.750
1765544875.9266284,1,1,13832,1729.000
1765544875.9306285,0,0,10221,1277.625
1765544875.9346316,0,0,12734,1591.750
1765544875.9386373,0,0,14604,1825.500
1765544875.9426248,0,0,15041,1880.125
1765544875.9466112,1,1,13836,1729.500
1765544875.950611,0,0,10102,1262.750
1765544875.9546332,0,0,12517,1564.625
1765544875.958628,0,0,14546,1818.250
1765544875.9626212,0,0,15034,1879.250
1765544875.966608,1,1,14008,1751.000
1765544875.970611,0,0,10293,1286.625
1765544875.974633,0,0,12441,1555.125
1765544875.9786255,0,0,14525,1815.625
1765544875.9826279,0,0,15026,1878.250
1765544875.9866261,1,1,13990,1748.750
1765544875.9906256,0,0,10203,1275.375
1765544875.9946272,0,0,12244,1530.500
1765544875.9986255,0,0,14473,1809.125
1765544876.002622,0,0,15017,1877.125
1765544876.0066063,1,1,14102,1762.750
1765544876.0106056,0,0,10310,1288.750
1765544876.014629,0,0,12052,1506.500
1765544876.0186286,0,0,14424,1803.000
1765544876.022629,0,0,15009,1876.125
1765544876.0266228,1,1,14228,1778.500
1765544876.0306206,0,0,10502,1312.750
1765544876.0346243,0,0,11948,1493.500
1765544876.0386252,0,0,14394,1799.250
1765544876.0426273,0,0,14990,1873.750
1765544876.0466206,1,1,13998,1749.750
1765544876.0506256,0,0,10041,1255.125
1765544876.0546274,0,0,11515,1439.375
1765544876.0586247,0,0,14284,1785.500
1765544876.0626276,0,0,14981,1872.625
1765544876.0666237,1,1,14365,1795.625
1765544876.0706224,0,0,10728,1341.000
1765544876.0746126,0,0,11697,1462.125
1765544876.0787117,0,0,14333,1791.625
1765544876.0826468,0,0,14997,1874.625
1765544876.0866256,1,1,14497,1812.125
1765544876.0906196,0,0,10984,1373.000
1765544876.094622,0,0,11629,1453.625
1765544876.0986285,0,0,14309,1788.625
1765544876.1026223,0,0,14990,1873.750
1765544876.1066082,1,1,14573,1821.625
1765544876.1106062,0,0,11159,1394.875
1765544876.1146266,0,0,11500,1437.500
1765544876.1186268,0,0,14264,1783.000
1765544876.1226346,0,0,14973,1871.625
1765544876.126627,1,1,14543,1817.875
1765544876.1306257,0,0,11079,1384.875
1765544876.1346273,0,0,11168,1396.000
1765544876.1386244,0,0,14161,1770.125
1765544876.1426294,0,0,14945,1868.125
1765544876.1466255,1,1,14586,1823.250
1765544876.1506255,0,0,11197,1399.625
1765544876.1546261,0,0,11055,1381.875
1765544876.158623,0,0,14121,1765.125
1765544876.162626,0,0,14939,1867.375
1765544876.1666243,1,1,14727,1840.875
1765544876.1706257,0,0,11606,1450.750
1765544876.174629,0,0,11139,1392.375
1765544876.178622,0,0,14127,1765.875
1765544876.1826267,0,0,14938,1867.250
1765544876.1866248,1,1,14752,1844.000
1765544876.1906254,0,0,11689,1461.125
1765544876.194628,0,0,10930,1366.250
1765544876.1986225,0,0,14044,1755.500
1765544876.202626,0,0,14913,1864.125
1765544876.2066233,1,1,14777,1847.125
1765544876.2106261,0,0,11807,1475.875
1765544876.214625,0,0,10773,1346.625
1765544876.2186077,0,0,13974,1746.750
1765544876.2226224,0,0,14895,1861.875
1765544876.2266243,1,1,14850,1856.250
1765544876.230624,0,0,12089,1511.125
1765544876.234625,0,0,10754,1344.250
1765544876.238625,0,0,13933,1741.625
1765544876.2426255,0,0,14877,1859.625
1765544876.2466197,1,1,14765,1845.625
1765544876.2506268,0,0,11792,1474.000
1765544876.254628,0,0,10368,1296.000
1765544876.258626,0,0,13802,1725.250
1765544876.262626,0,0,14848,1856.000
1765544876.26662,1,1,14917,1864.625
1765544876.2706223,0,0,12466,1558.250
1765544876.274629,0,0,10739,1342.375
1765544876.278712,0,0,13872,1734.000
1765544876.2826443,0,0,14862,1857.750
1765544876.2866054,1,1,14904,1863.000
1765544876.2906053,0,0,12409,1551.125
1765544876.294628,0,0,10427,1303.375
1765544876.2986255,0,0,13725,1715.625
1765544876.3026211,0,0,14819,1852.375
1765544876.3066049,1,1,14897,1862.125
1765544876.3106043,0,0,12429,1553.625
1765544876.314622,0,0,10248,1281.000
1765544876.3186235,0,0,14793,1849.125
1765544876.3226197,0,0,14920,1865.000
1765544876.3266025,1,1,12597,1574.625
1765544876.3306012,0,0,10154,1269.250
1765544876.3346212,0,0,13526,1690.750
1765544876.3386211,0,0,14765,1845.625
1765544876.342627,0,0,14906,1863.250
1765544876.3466206,1,1,12554,1569.250
1765544876.3506174,0,0,9971,1246.375
1765544876.3546116,0,0,13421,1677.625
1765544876.3586059,0,0,14741,1842.625
1765544876.362627,0,0,14950,1868.750
1765544876.3666253,1,1,12865,1608.125
1765544876.3706217,0,0,10107,1263.375
1765544876.3746111,0,0,13399,1674.875
1765544876.3786006,0,0,14735,1841.875
1765544876.3826168,0,0,14961,1870.125
1765544876.3866212,1,1,12969,1621.125
1765544876.390621,0,0,10051,1256.375
1765544876.394609,0,0,13312,1664.000
1765544876.398642,0,0,14711,1838.875
1765544876.4026654,0,0,14977,1872.125
1765544876.4066672,1,1,13166,1645.750
1765544876.4106662,0,0,10097,1262.125
1765544876.4146557,0,0,13239,1654.875
1765544876.4186459,0,0,14692,1836.500
1765544876.4226613,0,0,14992,1874.000
1765544876.4266665,1,1,13363,1670.375
1765544876.4306667,0,0,10153,1269.125
1765544876.4346693,0,0,13154,1644.250
1765544876.4386632,0,0,14666,1833.250
1765544876.4426785,0,0,14967,1870.875
1765544876.446664,1,1,13217,1652.125
1765544876.450664,0,0,9826,1228.250
1765544876.4546707,0,0,12940,1617.500
1765544876.458665,0,0,14610,1826.250
1765544876.4626667,0,0,14972,1871.500
1765544876.4666615,1,1,13398,1674.750
1765544876.4706655,0,0,9919,1239.875
1765544876.4746704,0,0,12876,1609.500
1765544876.4787529,0,0,14595,1824.375
1765544876.482679,0,0,14978,1872.250
1765544876.4866452,1,1,13517,1689.625
1765544876.4906433,0,0,9965,1245.625
1765544876.4946666,0,0,12786,1598.250
1765544876.4986331,0,0,14572,1821.500
1765544876.5026152,0,0,14985,1873.125
1765544876.5066004,1,1,13721,1715.125
1765544876.5106034,0,0,10134,1266.750
1765544876.5146086,0,0,12727,1590.875
1765544876.5186045,0,0,14556,1819.500
1765544876.5226173,0,0,14987,1873.375
1765544876.5266187,1,1,13863,1732.875
1765544876.5306172,0,0,10228,1278.500
1765544876.5346246,0,0,12610,1576.250
1765544876.5386205,0,0,14522,1815.250
1765544876.542624,0,0,14973,1871.625
1765544876.5466185,1,1,13818,1727.250
1765544876.550618,0,0,10065,1258.125
1765544876.5546203,0,0,12384,1548.000
1765544876.5586185,0,0,14462,1807.750
1765544876.5626245,0,0,14965,1870.625
1765544876.5666156,1,1,13978,1747.250
1765544876.5706384,0,0,10255,1281.875
1765544876.5746236,0,0,12311,1538.875
1765544876.5786083,0,0,14443,1805.375
1765544876.5826058,0,0,14959,1869.875
1765544876.5866027,1,1,13973,1746.625
1765544876.5905979,0,0,10184,1273.000
1765544876.59462,0,0,12119,1514.875
1765544876.5986204,0,0,14394,1799.250
1765544876.602613,0,0,14951,1868.875
1765544876.6066008,1,1,14104,1763.000
1765544876.6106014,0,0,10353,1294.125
1765544876.6146204,0,0,11977,1497.125
1765544876.6186187,0,0,14359,1794.875
1765544876.622624,0,0,14948,1868.500
1765544876.6266184,1,1,14256,1782.000
1765544876.630616,0,0,10605,1325.625
1765544876.634619,0,0,11874,1484.250
1765544876.6386185,0,0,14328,1791.000
1765544876.6426218,0,0,14935,1866.875
1765544876.6466184,1,1,14180,1772.500
1765544876.6506202,0,0,10420,1302.500
1765544876.654621,0,0,11602,1450.250
1765544876.6586173,0,0,14256,1782.000
1765544876.6626208,0,0,14923,1865.375
1765544876.666618,1,1,14340,1792.500
1765544876.6706176,0,0,10729,1341.125
1765544876.6746166,0,0,11540,1442.500
1765544876.684055,0,0,14917,1864.625
1765544876.6866395,1,1,14287,1785.875
1765544876.6906235,0,0,10599,1324.875
1765544876.6946177,0,0,11259,1407.375
1765544876.6986036,0,0,14161,1770.125
1765544876.702618,0,0,14906,1863.250
1765544876.7066207,1,1,14536,1817.000
1765544876.7106194,0,0,11178,1397.250
1765544876.7146094,0,0,11441,1430.125
1765544876.7185993,0,0,14203,1775.375
1765544876.722615,0,0,14918,1864.750
1765544876.726616,1,1,14616,1827.000
1765544876.7306159,0,0,11372,1421.500
1765544876.7346084,0,0,11193,1399.125
1765544876.7386177,0,0,14115,1764.375
1765544876.7426164,0,0,14887,1860.875
1765544876.746611,1,1,14503,1812.875
1765544876.750619,0,0,11075,1384.375
1765544876.7546194,0,0,10818,1352.250
1765544876.758616,0,0,14002,1750.250
1765544876.7627165,0,0,14863,1857.875
1765544876.7669265,1,1,14633,1829.125
1765544876.7706685,0,0,11452,1431.500
1765544876.7746243,0,0,11011,1376.375
1765544876.7786174,0,0,14051,1756.375
1765544876.7826138,0,0,14879,1859.875
1765544876.7866116,1,1,14794,1849.250
1765544876.790611,0,0,11996,1499.500
1765544876.7946153,0,0,11023,1377.875
1765544876.7986133,0,0,14015,1751.875
1765544876.8026164,0,0,14862,1857.750
1765544876.8066118,1,1,14712,1839.000
1765544876.8106096,0,0,11704,1463.000
1765544876.8146179,0,0,10583,1322.875
1765544876.818617,0,0,13866,1733.250
1765544876.8227391,0,0,14826,1853.250
1765544876.826615,1,1,14789,1848.625
1765544876.8306696,0,0,12034,1504.250
1765544876.834763,0,0,10652,1331.500
1765544876.8387868,0,0,13860,1732.500
1765544876.8426454,0,0,14821,1852.625
1765544876.846616,1,1,14830,1853.750
1765544876.8506134,0,0,12225,1528.125
1765544876.8546138,0,0,10569,1321.125
1765544876.8586164,0,0,13792,1724.000
1765544876.8626149,0,0,14798,1849.750
1765544876.8666131,1,1,14743,1842.875
1765544876.8706098,0,0,11886,1485.750
1765544876.8746202,0,0,9983,1247.875
1765544876.878616,0,0,13565,1695.625
1765544876.8827083,0,0,14743,1842.875
1765544876.8866358,1,1,14803,1850.375
1765544876.890618,0,0,12179,1522.375
1765544876.8946075,0,0,10162,1270.250
1765544876.8986018,0,0,13603,1700.375
1765544876.9026153,0,0,14759,1844.875
1765544876.906617,1,1,14917,1864.625
1765544876.9106162,0,0,12769,1596.125
1765544876.9146068,0,0,13666,1708.250
1765544876.9186006,0,0,14772,1846.500
1765544876.922614,0,0,14920,1865.000
1765544876.9266155,1,1,12799,1599.875
1765544876.9306152,0,0,10324,1290.500
1765544876.9346173,0,0,13532,1691.500
1765544876.938611,0,0,14732,1841.500
1765544876.942615,0,0,14894,1861.750
1765544876.9466155,1,1,12725,1590.625
1765544876.9506135,0,0,10026,1253.250
1765544876.9546173,0,0,13361,1670.125
1765544876.9585972,0,0,14685,1835.625
1765544876.9626193,0,0,14901,1862.625
1765544876.9666178,1,1,12859,1607.375
1765544876.9706166,0,0,10033,1254.125
1765544876.9746032,0,0,13310,1663.750
1765544876.9785955,0,0,14672,1834.000
1765544876.982612,0,0,14896,1862.000
1765544876.9866145,1,1,12849,1606.125
1765544876.9906158,0,0,9817,1227.125
1765544876.994604,0,0,13147,1643.375
1765544876.9986002,0,0,14633,1829.125
1765544877.0026143,0,0,14935,1866.875
1765544877.006613,1,1,13240,1655.000
1765544877.0106163,0,0,10126,1265.750
1765544877.0146215,0,0,13182,1647.750
1765544877.0186157,0,0,14641,1830.125
1765544877.0226076,0,0,14954,1869.250
1765544877.026597,1,1,13437,1679.625
1765544877.030597,0,0,10177,1272.125
1765544877.034619,0,0,13078,1634.750
1765544877.038615,0,0,14609,1826.125
1765544877.0426202,0,0,14922,1865.250
1765544877.0466125,1,1,13221,1652.625
1765544877.050612,0,0,9768,1221.000
1765544877.0546186,0,0,12837,1604.625
1765544877.058616,0,0,14549,1818.625
1765544877.0626173,0,0,14936,1867.000
1765544877.0666103,1,1,13549,1693.625
1765544877.0706103,0,0,10085,1260.625
1765544877.0746028,0,0,12854,1606.750
1765544877.0785995,0,0,14553,1819.125
1765544877.0827029,0,0,14938,1867.250
1765544877.0866277,1,1,13582,1697.750
1765544877.0906148,0,0,10028,1253.500
1765544877.0946074,0,0,12735,1591.875
1765544877.0985997,0,0,14522,1815.250
1765544877.1026137,0,0,14941,1867.625
1765544877.106613,1,1,13767,1720.875
1765544877.1106112,0,0,10195,1274.375
1765544877.1146026,0,0,12674,1584.250
1765544877.1186013,0,0,14505,1813.125
1765544877.1226149,0,0,14937,1867.125
1765544877.126612,1,1,13855,1731.875
1765544877.1306112,0,0,10215,1276.875
1765544877.134613,0,0,12515,1564.375
1765544877.1386106,0,0,14462,1807.750
1765544877.1426163,0,0,14927,1865.875
1765544877.146618,1,1,13904,1738.000
1765544877.1506212,0,0,10211,1276.375
1765544877.1546044,0,0,12363,1545.375
1765544877.1585953,0,0,14421,1802.625
1765544877.162608,0,0,14920,1865.000
1765544877.166612,1,1,14001,1750.125
1765544877.1706202,0,0,10306,1288.250
1765544877.1746025,0,0,12243,1530.375
1765544877.1785953,0,0,14388,1798.500
1765544877.1826057,0,0,14913,1864.125
1765544877.1866112,1,1,14103,1762.875
1765544877.190612,0,0,10449,1306.125
1765544877.194602,0,0,12161,1520.125
1765544877.198596,0,0,14367,1795.875
1765544877.2026124,0,0,14911,1863.875
1765544877.2066133,1,1,14219,1777.375
1765544877.210616,0,0,10625,1328.125
1765544877.2146187,0,0,12051,1506.375
1765544877.2186131,0,0,14337,1792.125
1765544877.222614,0,0,14904,1863.000
1765544877.226611,1,1,14338,1792.250
1765544877.230613,0,0,10841,1355.125
1765544877.2346056,0,0,11962,1495.250
1765544877.2385962,0,0,14309,1788.625
1765544877.2426093,0,0,14893,1861.625
1765544877.2466104,1,1,14365,1795.625
1765544877.2506168,0,0,10877,1359.625
1765544877.2546177,0,0,11748,1468.500
1765544877.258614,0,0,14247,1780.875
1765544877.262614,0,0,14874,1859.250
1765544877.2666094,1,1,14370,1796.250
1765544877.2706125,0,0,10875,1359.375
1765544877.2746131,0,0,11527,1440.875
1765544877.2786114,0,0,14182,1772.750
1765544877.282699,0,0,14858,1857.250
1765544877.2866235,1,1,14448,1806.000
1765544877.290611,0,0,11053,1381.625
1765544877.2946057,0,0,11416,1427.000
1765544877.2986004,0,0,14147,1768.375
1765544877.302613,0,0,14850,1856.250
1765544877.3066094,1,1,14504,1813.000
1765544877.3106086,0,0,11198,1399.750
1765544877.3146038,0,0,11301,1412.625
1765544877.3185976,0,0,14106,1763.250
1765544877.3225994,0,0,14837,1854.625
1765544877.3266077,1,1,14529,1816.125
1765544877.3306122,0,0,11259,1407.375
1765544877.3346028,0,0,11030,1378.750
1765544877.338599,0,0,14018,1752.250
1765544877.3426094,0,0,14816,1852.000
1765544877.3466094,1,1,14582,1822.750
1765544877.3506055,0,0,11419,1427.375
1765544877.3545995,0,0,10938,1367.250
1765544877.358593,0,0,13980,1747.500
1765544877.36261,0,0,14807,1850.875
1765544877.366611,1,1,14636,1829.500
1765544877.3706095,0,0,11600,1450.000
1765544877.3746135,0,0,10837,1354.625
1765544877.3786108,0,0,13931,1741.375
1765544877.3826149,0,0,14797,1849.625
1765544877.3866096,1,1,14704,1838.000
1765544877.3906066,0,0,11851,1481.375
1765544877.394611,0,0,10796,1349.500
1765544877.3986092,0,0,13895,1736.875
1765544877.402613,0,0,14785,1848.125
1765544877.4066083,1,1,14705,1838.125
1765544877.4106092,0,0,11866,1483.250
1765544877.4146106,0,0,10590,1323.750
1765544877.4186094,0,0,13809,1726.125
1765544877.4226124,0,0,14765,1845.625
1765544877.4266102,1,1,14788,1848.500
1765544877.4306097,0,0,12244,1530.500
1765544877.434609,0,0,10713,1339.125
1765544877.4386067,0,0,13814,1726.750
1765544877.4426122,0,0,14762,1845.250
1765544877.4466083,1,1,14755,1844.375
1765544877.450608,0,0,12104,1513.000
1765544877.4546018,0,0,10353,1294.125
1765544877.458592,0,0,13668,1708.500
1765544877.462605,0,0,14726,1840.750
1765544877.466611,1,1,14827,1853.375
1765544877.4706092,0,0,12512,1564.000
1765544877.4746113,0,0,10576,1322.000
1765544877.4786057,0,0,13701,1712.625
1765544877.4826992,0,0,14732,1841.500
1765544877.4866252,1,1,14822,1852.750
1765544877.4906104,0,0,12493,1561.625
1765544877.4946024,0,0,10335,1291.875
1765544877.4985938,0,0,13580,1697.500
1765544877.502606,0,0,14699,1837.375
1765544877.5066063,1,1,14862,1857.750
1765544877.5106053,0,0,10447,1305.875
1765544877.5146024,0,0,13553,1694.125
1765544877.5185962,0,0,14686,1835.750
1765544877.5226054,0,0,14809,1851.125
1765544877.5266056,1,1,12513,1564.125
1765544877.5306458,0,0,9886,1235.750
1765544877.534615,0,0,13298,1662.250
1765544877.5386145,0,0,14623,1827.875
1765544877.5426173,0,0,14829,1853.625
1765544877.5465918,1,1,12731,1591.375
1765544877.5505888,0,0,9924,1240.500
1765544877.5546105,0,0,13242,1655.250
1765544877.5586095,0,0,14612,1826.500
1765544877.5626032,0,0,14861,1857.625
1765544877.5665896,1,1,12963,1620.375
1765544877.5705903,0,0,10028,1253.500
1765544877.5745952,0,0,13216,1652.000
1765544877.5785937,0,0,14607,1825.875
1765544877.5826068,0,0,14889,1861.125
1765544877.5866044,1,1,13225,1653.125
1765544877.5906053,0,0,10195,1274.375
1765544877.5946097,0,0,13206,1650.750
1765544877.5986075,0,0,14604,1825.500
1765544877.6026118,0,0,14893,1861.625
1765544877.6066072,1,1,13308,1663.500
1765544877.6106048,0,0,10150,1268.750
1765544877.6146095,0,0,13107,1638.375
1765544877.6186085,0,0,14577,1822.125
1765544877.6226103,0,0,14906,1863.250
1765544877.6266084,1,1,13618,1702.250
1765544877.6306038,0,0,10392,1299.000
1765544877.6346061,0,0,13075,1634.375
1765544877.6386054,0,0,14562,1820.250
1765544877.6426122,0,0,14882,1860.250
1765544877.6466064,1,1,13403,1675.375
1765544877.650603,0,0,9947,1243.375
1765544877.6546066,0,0,12792,1599.000
1765544877.6586046,0,0,14487,1810.875
1765544877.6626086,0,0,14866,1858.250
1765544877.6666045,1,1,13453,1681.625
1765544877.6706064,0,0,9914,1239.250
1765544877.674607,0,0,12687,1585.875
1765544877.6786046,0,0,14462,1807.750
1765544877.6879878,1,1,13701,1712.625
1765544877.6906323,0,0,10187,1273.375
1765544877.6946056,0,0,12711,1588.875
1765544877.6985922,0,0,14469,1808.625
1765544877.7026052,0,0,14890,1861.250
1765544877.7066045,1,1,13958,1744.750
1765544877.7106054,0,0,10487,1310.875
1765544877.7145965,0,0,12684,1585.500
1765544877.718588,0,0,14458,1807.250
1765544877.7226057,0,0,14881,1860.125
1765544877.726607,1,1,13912,1739.000
1765544877.7306058,0,0,10287,1285.875
1765544877.734605,0,0,12391,1548.875
1765544877.7386057,0,0,14379,1797.375
1765544877.742607,0,0,14858,1857.250
1765544877.7466028,1,1,13885,1735.625
1765544877.7506082,0,0,10184,1273.000
1765544877.754608,0,0,12230,1528.750
1765544877.7586064,0,0,14338,1792.250
1765544877.762705,0,0,14856,1857.000
1765544877.7668743,1,1,14073,1759.125
1765544877.7706919,0,0,10492,1311.500
1765544877.7746181,0,0,12285,1535.625
1765544877.7786062,0,0,14354,1794.250
1765544877.782604,0,0,14865,1858.125
1765544877.7866013,1,1,14309,1788.625
1765544877.7905993,0,0,10905,1363.125
1765544877.7946072,0,0,12214,1526.750
1765544877.7986052,0,0,14330,1791.250
1765544877.8026059,0,0,14850,1856.250
1765544877.8066003,1,1,14199,1774.875
1765544877.810599,0,0,10624,1328.000
1765544877.814602,0,0,11884,1485.500
1765544877.818603,0,0,14242,1780.250
1765544877.8226,0,0,14831,1853.875
1765544877.8265843,1,1,14395,1799.375
1765544877.8305843,0,0,11054,1381.750
1765544877.8346083,0,0,11876,1484.500
1765544877.8386054,0,0,14234,1779.250
1765544877.8426082,0,0,14822,1852.750
1765544877.8466003,1,1,14270,1783.750
1765544877.8506,0,0,10728,1341.000
1765544877.8546038,0,0,11505,1438.125
1765544877.858603,0,0,14132,1766.500
1765544877.8626058,0,0,14800,1850.000
1765544877.8666027,1,1,14422,1802.750
1765544877.8706007,0,0,11096,1387.000
1765544877.8746011,0,0,11531,1441.375
1765544877.8786023,0,0,14137,1767.125
1765544877.8826072,0,0,14805,1850.625
1765544877.8866863,1,1,14553,1819.125
1765544877.8906147,0,0,11461,1432.625
1765544877.8945968,0,0,11563,1445.375
1765544877.8985877,0,0,14135,1766.875
1765544877.9026005,0,0,14802,1850.250
1765544877.906602,1,1,14577,1822.125
1765544877.9106004,0,0,11535,1441.875
1765544877.914591,0,0,11375,1421.875
1765544877.9185839,0,0,14071,1758.875
1765544877.9226015,0,0,14780,1847.500
1765544877.9266038,1,1,14586,1823.250
1765544877.930604,0,0,11574,1446.750
1765544877.9345927,0,0,11141,1392.625
1765544877.9386017,0,0,13991,1748.875
1765544877.9426093,0,0,14758,1844.750
1765544877.9466078,1,1,14619,1827.375
1765544877.950603,0,0,11711,1463.875
1765544877.954592,0,0,11063,1382.875
1765544877.958585,0,0,13954,1744.250
1765544877.9625988,0,0,14747,1843.375
1765544877.9666045,1,1,14670,1833.750
1765544877.9706023,0,0,11918,1489.750
1765544877.9745936,0,0,11023,1377.875
1765544877.9785852,0,0,13924,1740.500
1765544877.9826002,0,0,14739,1842.375
1765544877.9866042,1,1,14710,1838.750
1765544877.9906023,0,0,12110,1513.750
1765544877.9946022,0,0,10901,1362.625
1765544877.998641,0,0,13856,1732.000
1765544878.0026488,0,0,14718,1839.750
1765544878.0066419,1,1,14701,1837.625
1765544878.0106468,0,0,12102,1512.750
1765544878.0146513,0,0,10673,1334.125
1765544878.0186446,0,0,13761,1720.125
1765544878.0226448,0,0,14692,1836.500
1765544878.02664,1,1,14745,1843.125
1765544878.0306425,0,0,12355,1544.375
1765544878.034646,0,0,10665,1333.125
1765544878.0386496,0,0,13720,1715.000
