Timestamp,LO_plus,LO_minus,Raw_ADC,Voltage_mV
1764842188.5994039,0,0,-2164,-270.500
1764842188.6012185,0,0,-2164,-270.500
1764842188.602922,0,0,-2040,-255.000
1764842188.6055334,0,0,-2040,-255.000
1764842188.6095376,1,1,5051,631.375
1764842188.6135497,0,0,370,46.250
1764842188.6175392,0,0,-2181,-272.625
1764842188.6215477,0,0,-2127,-265.875
1764842188.6255548,0,0,802,100.250
1764842188.6295452,1,1,4915,614.375
1764842188.6335337,0,0,543,67.875
1764842188.6375353,0,0,-2147,-268.375
1764842188.641532,0,0,-2047,-255.875
1764842188.6455796,0,0,1108,138.500
1764842188.6495445,1,1,5294,661.750
1764842188.6535344,0,0,877,109.625
1764842188.6575422,0,0,-2083,-260.375
1764842188.6615872,0,0,-2212,-276.500
1764842188.6655507,0,0,407,50.875
1764842188.6695411,1,1,4800,600.000
1764842188.6735337,0,0,906,113.250
1764842188.6775432,0,0,-2068,-258.500
1764842188.6815956,0,0,-2230,-278.750
1764842188.68555,0,0,297,37.125
1764842188.68954,1,1,4794,599.250
1764842188.6935332,0,0,1137,142.125
1764842188.6975443,0,0,-2006,-250.750
1764842188.7015398,0,0,-2259,-282.375
1764842188.7055404,0,0,123,15.375
1764842188.7095392,1,1,4704,588.000
1764842188.713585,0,0,1373,171.625
1764842188.7175536,0,0,-1938,-242.250
1764842188.7215328,0,0,-2294,-286.750
1764842188.7255304,0,0,-141,-17.625
1764842188.7295437,1,1,4499,562.375
1764842188.7335873,0,0,1551,193.875
1764842188.737552,0,0,-1881,-235.125
1764842188.7415323,0,0,-2271,-283.875
1764842188.7455304,0,0,25,3.125
1764842188.7495425,1,1,4719,589.875
1764842188.7535405,0,0,1940,242.500
1764842188.7575397,0,0,-1772,-221.500
1764842188.7615323,0,0,-2319,-289.875
1764842188.7655687,0,0,-404,-50.500
1764842188.7695637,1,1,4292,536.500
1764842188.77354,0,0,2010,251.250
1764842188.7775419,0,0,-1738,-217.250
1764842188.7815409,0,0,-2331,-291.375
1764842188.7855403,0,0,-607,-75.875
1764842188.7895358,1,1,4076,509.500
1764842188.7935839,0,0,2206,275.750
1764842188.797582,0,0,-1662,-207.750
1764842188.8015573,0,0,-2315,-289.375
1764842188.805541,0,0,-465,-58.125
1764842188.8095365,1,1,4251,531.375
1764842188.8135467,0,0,2609,326.125
1764842188.8175397,0,0,-1534,-191.750
1764842188.8215327,0,0,-2333,-291.625
1764842188.8255298,0,0,-885,-110.625
1764842188.829578,1,1,3732,466.500
1764842188.8335624,0,0,2656,332.000
1764842188.8375416,0,0,-1491,-186.375
1764842188.841531,0,0,-2316,-289.500
1764842188.845531,0,0,-683,-85.375
1764842188.8495414,1,1,3981,497.625
1764842188.85354,0,0,3094,386.750
1764842188.8575368,0,0,-1343,-167.875
1764842188.8615656,0,0,-2325,-290.625
1764842188.8655596,0,0,-1137,-142.125
1764842188.8695407,1,1,3357,419.625
1764842188.8735309,0,0,3054,381.750
1764842188.8775394,0,0,-1318,-164.750
1764842188.8815382,0,0,-2318,-289.750
1764842188.8855398,0,0,-1136,-142.000
1764842188.8895366,1,1,3344,418.000
1764842188.89359,0,0,3321,415.125
1764842188.8975482,0,0,-1205,-150.625
1764842188.9015357,0,0,-2310,-288.750
1764842188.9055383,0,0,-1584,-198.000
1764842188.9095366,1,1,2601,325.125
1764842188.9135294,0,0,3104,388.000
1764842188.917544,0,0,-1227,-153.375
1764842188.9215298,0,0,-2306,-288.250
1764842188.9255285,0,0,-2014,-251.750
1764842188.9295413,1,1,1561,195.125
1764842188.9335399,0,0,2750,343.750
1764842188.9375796,0,0,-1252,-156.500
1764842188.9415438,0,0,-2295,-286.875
1764842188.9455352,0,0,-1615,-201.875
1764842188.9495404,1,1,2454,306.750
1764842188.9535387,0,0,3700,462.500
1764842188.9575856,0,0,-884,-110.500
1764842188.9615357,0,0,-2239,-279.875
1764842188.9655282,0,0,-1770,-221.250
1764842188.9695365,1,1,2080,260.000
1764842188.9735816,0,0,3720,465.000
1764842188.9801948,0,0,-2221,-277.625
1764842188.9820185,0,0,-2221,-277.625
1764842188.985533,0,0,-1873,-234.125
1764842188.9895325,1,1,1792,224.000
1764842188.9935799,0,0,3789,473.625
1764842188.9975457,0,0,-707,-88.375
1764842189.0015295,0,0,-2186,-273.250
1764842189.0055258,0,0,-1374,-171.750
1764842189.0095298,1,1,2759,344.875
1764842189.013573,0,0,4747,593.375
1764842189.0175395,0,0,-321,-40.125
1764842189.0215287,0,0,-2120,-265.000
1764842189.0255253,0,0,-1982,-247.750
1764842189.0295374,1,1,1400,175.000
1764842189.033584,0,0,3975,496.875
1764842189.037701,0,0,-502,-62.750
1764842189.0415306,0,0,-2146,-268.250
1764842189.0455265,0,0,-1889,-236.125
1764842189.04953,1,1,1628,203.500
1764842189.0535257,0,0,4402,550.250
1764842189.0575254,0,0,-261,-32.625
1764842189.0615256,0,0,-2091,-261.375
1764842189.0655684,0,0,-2119,-264.875
1764842189.0695388,1,1,854,106.750
1764842189.0735278,0,0,3989,498.625
1764842189.077537,0,0,-296,-37.000
1764842189.081585,0,0,-2085,-260.625
1764842189.085549,0,0,-2145,-268.125
1764842189.089537,1,1,695,86.875
1764842189.0935261,0,0,4055,506.875
1764842189.0975375,0,0,-157,-19.625
1764842189.101537,0,0,-2041,-255.125
1764842189.1055346,0,0,-2176,-272.000
1764842189.1095335,1,1,478,59.750
1764842189.1135263,0,0,4064,508.000
1764842189.1175373,0,0,-15,-1.875
1764842189.1215367,0,0,-1990,-248.750
1764842189.1255565,0,0,-2164,-270.500
1764842189.1295836,1,1,444,55.500
1764842189.1336625,0,0,4209,526.125
1764842189.1376212,0,0,166,20.750
1764842189.1416163,0,0,-1934,-241.750
1764842189.1456137,0,0,-2216,-277.000
1764842189.1496081,1,1,54,6.750
1764842189.1536438,0,0,3986,498.250
1764842189.1576068,0,0,224,28.000
1764842189.161597,0,0,-1903,-237.875
1764842189.1655996,0,0,-2139,-267.375
1764842189.1696155,1,1,396,49.500
1764842189.1736646,0,0,4511,563.875
1764842189.1776185,0,0,605,75.625
1764842189.1815984,0,0,-1795,-224.375
1764842189.1855953,0,0,-2153,-269.125
1764842189.1896145,1,1,201,25.125
1764842189.1936758,0,0,4453,556.625
1764842189.1976213,0,0,749,93.625
1764842189.2016432,0,0,-1751,-218.875
1764842189.2056231,0,0,-2203,-275.375
1764842189.2096133,1,1,-218,-27.250
1764842189.2136118,0,0,4105,513.125
1764842189.217614,0,0,737,92.125
1764842189.2216158,0,0,-2269,-283.625
1764842189.225611,0,0,-1397,-174.625
1764842189.2296054,1,1,2548,318.500
1764842189.2337093,0,0,203,25.375
1764842189.2376902,0,0,-1850,-231.250
1764842189.2417338,0,0,-2263,-282.875
1764842189.245697,0,0,-1374,-171.750
1764842189.249688,1,1,2696,337.000
1764842189.2536843,0,0,525,65.625
1764842189.2576897,0,0,-1729,-216.125
1764842189.2617226,0,0,-2212,-276.500
1764842189.2657092,0,0,-925,-115.625
1764842189.269682,1,1,3470,433.750
1764842189.27367,0,0,1098,137.250
1764842189.2776902,0,0,-1549,-193.625
1764842189.2816882,0,0,-2190,-273.750
1764842189.2856905,0,0,-1551,-193.875
1764842189.2897213,1,1,2435,304.375
1764842189.2936747,0,0,781,97.625
1764842189.2976692,0,0,-1609,-201.125
1764842189.3016686,0,0,-2179,-272.375
1764842189.3056686,0,0,-1478,-184.750
1764842189.3096895,1,1,2628,328.500
1764842189.3136861,0,0,1154,144.250
1764842189.317787,0,0,-1474,-184.250
1764842189.3216996,0,0,-2138,-267.250
1764842189.3256896,0,0,-1503,-187.875
1764842189.3296776,1,1,2574,321.750
1764842189.3337421,0,0,1414,176.750
1764842189.337645,0,0,-1374,-171.750
1764842189.3416486,0,0,-2097,-262.125
1764842189.345644,0,0,-1157,-144.625
1764842189.3497002,1,1,3218,402.250
1764842189.3536494,0,0,2122,265.250
1764842189.3576438,0,0,-1152,-144.000
1764842189.3616414,0,0,-2044,-255.500
1764842189.3656425,0,0,-1160,-145.000
1764842189.3696456,1,1,3196,399.500
1764842189.3736916,0,0,2347,293.375
1764842189.377672,0,0,-1077,-134.625
1764842189.3816295,0,0,-2029,-253.625
1764842189.3856266,0,0,-1325,-165.625
1764842189.3896472,1,1,2895,361.875
1764842189.393711,0,0,2426,303.250
1764842189.3976903,0,0,-1042,-130.250
1764842189.401657,0,0,-2020,-252.500
1764842189.4056437,0,0,-1489,-186.125
1764842189.4096441,1,1,2560,320.000
1764842189.41364,0,0,2508,313.500
1764842189.417646,0,0,-998,-124.750
1764842189.4217134,0,0,-2005,-250.625
1764842189.4256725,0,0,-1665,-208.125
1764842189.4296405,1,1,2147,268.375
1764842189.4336615,0,0,2496,312.000
1764842189.4376414,0,0,-977,-122.125
1764842189.4416404,0,0,-1992,-249.000
1764842189.445643,0,0,-1907,-238.375
1764842189.4496357,1,1,1424,178.000
1764842189.4536247,0,0,2257,282.125
1764842189.4576433,0,0,-1013,-126.625
1764842189.46164,0,0,-1983,-247.875
1764842189.4656699,0,0,-1909,-238.625
1764842189.4696577,1,1,1347,168.375
1764842189.4736261,0,0,2485,310.625
1764842189.4776433,0,0,-898,-112.250
1764842189.4816382,0,0,-1939,-242.375
1764842189.4856358,0,0,-1903,-237.875
1764842189.4896328,1,1,1293,161.625
1764842189.4936237,0,0,2715,339.375
1764842189.4976394,0,0,-782,-97.750
1764842189.501641,0,0,-1896,-237.000
1764842189.5056374,0,0,-1928,-241.000
1764842189.5096414,1,1,1099,137.375
1764842189.5136425,0,0,2830,353.750
1764842189.5176785,0,0,-695,-86.875
1764842189.5216563,0,0,-1861,-232.625
1764842189.525639,0,0,-2011,-251.375
1764842189.5296345,1,1,615,76.875
1764842189.5336602,0,0,2656,332.000
1764842189.5376298,0,0,-695,-86.875
1764842189.5416696,0,0,-1843,-230.375
1764842189.5456288,0,0,-1980,-247.500
1764842189.5496256,1,1,680,85.000
1764842189.5536234,0,0,2984,373.000
1764842189.557647,0,0,-518,-64.750
1764842189.561642,0,0,-1781,-222.625
1764842189.5656397,0,0,-1912,-239.000
1764842189.5696316,1,1,861,107.625
1764842189.5736225,0,0,3402,425.250
1764842189.577639,0,0,-310,-38.750
1764842189.5816443,0,0,-1717,-214.625
1764842189.5856886,0,0,-1912,-239.000
1764842189.5896416,1,1,740,92.500
1764842189.5992966,0,0,-1684,-210.500
1764842189.6016872,0,0,-1684,-210.500
1764842189.6056333,0,0,-1921,-240.125
1764842189.609625,1,1,602,75.250
1764842189.6136289,0,0,3611,451.375
1764842189.617627,0,0,-92,-11.500
1764842189.6216252,0,0,-1647,-205.875
1764842189.6256213,0,0,-1968,-246.000
1764842189.6296246,1,1,226,28.250
1764842189.6336207,0,0,3431,428.875
1764842189.6376846,0,0,-74,-9.250
1764842189.6416545,0,0,-1635,-204.375
1764842189.6456246,0,0,-1978,-247.250
1764842189.6496255,1,1,65,8.125
1764842189.6536202,0,0,3399,424.875
1764842189.6576364,0,0,-28,-3.500
1764842189.661705,0,0,-1614,-201.750
1764842189.6656482,0,0,-2020,-252.500
1764842189.6696324,1,1,-1100,-137.500
1764842189.6736193,0,0,1875,234.375
1764842189.6776376,0,0,-510,-63.750
1764842189.6816363,0,0,-1719,-214.875
1764842189.6856935,0,0,-2000,-250.000
1764842189.6896434,1,1,-367,-45.875
1764842189.6936224,0,0,3318,414.750
1764842189.6976361,0,0,227,28.375
1764842189.7016358,0,0,-1495,-186.875
1764842189.7056375,0,0,-1915,-239.375
1764842189.7096303,1,1,-179,-22.375
1764842189.7136831,0,0,3714,464.250
1764842189.7176375,0,0,510,63.750
1764842189.7216191,0,0,-1410,-176.250
1764842189.7256198,0,0,-1878,-234.750
1764842189.7296412,1,1,-83,-10.375
1764842189.7336369,0,0,3979,497.375
1764842189.7376294,0,0,750,93.750
1764842189.7416875,0,0,-1343,-167.875
1764842189.7456417,0,0,-1915,-239.375
1764842189.7496326,1,1,-796,-99.500
1764842189.7536216,0,0,3137,392.125
1764842189.7576902,0,0,516,64.500
1764842189.761643,0,0,-1404,-175.500
1764842189.7656326,0,0,-1924,-240.500
1764842189.76964,1,1,-963,-120.375
1764842189.77364,0,0,2973,371.625
1764842189.7776346,0,0,585,73.125
1764842189.7816172,0,0,-1372,-171.500
1764842189.7856166,0,0,-1906,-238.250
1764842189.7896228,1,1,-1024,-128.000
1764842189.7936242,0,0,2974,371.750
1764842189.7977223,0,0,759,94.875
1764842189.8016376,0,0,-1309,-163.625
1764842189.8056178,0,0,-1877,-234.625
1764842189.8096392,1,1,-887,-110.875
1764842189.8136966,0,0,3295,411.875
1764842189.8176465,0,0,1102,137.750
1764842189.8216238,0,0,-1204,-150.500
1764842189.8256173,0,0,-1850,-231.250
1764842189.8296397,1,1,-1166,-145.750
1764842189.8336368,0,0,2858,357.250
1764842189.8376648,0,0,1066,133.250
1764842189.8416214,0,0,-1844,-230.500
1764842189.845619,0,0,-1318,-164.750
1764842189.8496394,1,1,2581,322.625
1764842189.8536332,0,0,1116,139.500
1764842189.8576365,0,0,-1181,-147.625
1764842189.8616557,0,0,-1827,-228.375
1764842189.8656793,0,0,-1395,-174.375
1764842189.869635,1,1,2426,303.250
1764842189.8736176,0,0,1249,156.125
1764842189.8776348,0,0,-1131,-141.375
1764842189.8816347,0,0,-1804,-225.500
1764842189.8856359,0,0,-1425,-178.125
1764842189.8896275,1,1,2375,296.875
1764842189.893615,0,0,1476,184.500
1764842189.8976364,0,0,-1052,-131.500
1764842189.9016373,0,0,-1775,-221.875
1764842189.9056394,0,0,-1412,-176.500
1764842189.909699,1,1,2424,303.000
1764842189.9136434,0,0,1766,220.750
1764842189.9176383,0,0,-957,-119.625
1764842189.9216237,0,0,-1744,-218.000
1764842189.9256203,0,0,-1465,-183.125
1764842189.929639,1,1,2274,284.250
1764842189.9336867,0,0,1933,241.625
1764842189.937641,0,0,-897,-112.125
1764842189.9416578,0,0,-1723,-215.375
1764842189.9456203,0,0,-1484,-185.500
1764842189.949625,1,1,2201,275.125
1764842189.953624,0,0,2162,270.250
1764842189.9576216,0,0,-817,-102.125
1764842189.9616168,0,0,-1698,-212.250
1764842189.9656205,0,0,-1460,-182.500
1764842189.9696374,1,1,2245,280.625
1764842189.9736362,0,0,2469,308.625
1764842189.9777746,0,0,-713,-89.125
1764842189.9819689,0,0,-1670,-208.750
1764842189.985694,0,0,-1587,-198.375
1764842189.9896486,1,1,1845,230.625
1764842189.9936416,0,0,2451,306.375
1764842189.997729,0,0,-702,-87.750
1764842190.0016475,0,0,-1665,-208.125
1764842190.0056343,0,0,-1686,-210.750
1764842190.0096397,1,1,1435,179.375
1764842190.0136433,0,0,2391,298.875
1764842190.0176294,0,0,-698,-87.250
1764842190.0216181,0,0,-1657,-207.125
1764842190.025617,0,0,-1680,-210.000
1764842190.0296335,1,1,1440,180.000
1764842190.0336905,0,0,2696,337.000
1764842190.037639,0,0,-572,-71.500
1764842190.0416212,0,0,-1618,-202.250
1764842190.0456178,0,0,-1488,-186.000
1764842190.0496397,1,1,1987,248.375
1764842190.0536914,0,0,3408,426.000
1764842190.0576408,0,0,-320,-40.000
1764842190.0616157,0,0,-1555,-194.375
1764842190.0656133,0,0,-1720,-215.000
1764842190.0696383,1,1,1123,140.375
1764842190.073635,0,0,2948,368.500
1764842190.0776289,0,0,-436,-54.500
1764842190.0816176,0,0,-1587,-198.375
1764842190.085614,0,0,-1749,-218.625
1764842190.0896356,1,1,982,122.750
1764842190.0936291,0,0,3076,384.500
1764842190.0976827,0,0,-351,-43.875
1764842190.1016474,0,0,-1560,-195.000
1764842190.1056318,0,0,-1778,-222.250
1764842190.1096232,1,1,753,94.125
1764842190.1136148,0,0,3116,389.500
1764842190.117633,0,0,-286,-35.750
1764842190.1216533,0,0,-1538,-192.250
1764842190.1256633,0,0,-1827,-228.375
1764842190.129632,1,1,251,31.375
1764842190.1336288,0,0,2785,348.125
1764842190.137645,0,0,-347,-43.375
1764842190.1416683,0,0,-1547,-193.375
1764842190.1456337,0,0,-1807,-225.875
1764842190.1496346,1,1,396,49.500
1764842190.153681,0,0,3199,399.875
1764842190.1576416,0,0,-133,-16.625
1764842190.161617,0,0,-1480,-185.000
1764842190.1656146,0,0,-1795,-224.375
1764842190.16963,1,1,297,37.125
1764842190.1736615,0,0,3318,414.750
1764842190.1776257,0,0,-18,-2.250
1764842190.1816175,0,0,-1444,-180.500
1764842190.1856155,0,0,-1810,-226.250
1764842190.1896365,1,1,-30,-3.750
1764842190.1936293,0,0,3114,389.250
1764842190.197693,0,0,-23,-2.875
1764842190.201622,0,0,-1439,-179.875
1764842190.2056174,0,0,-1817,-227.125
1764842190.2096303,1,1,-314,-39.250
1764842190.2136927,0,0,2915,364.375
1764842190.2176573,0,0,-18,-2.250
1764842190.2216167,0,0,-1428,-178.500
1764842190.2256148,0,0,-1810,-226.250
1764842190.229635,1,1,-468,-58.500
1764842190.2336295,0,0,2870,358.750
1764842190.237626,0,0,56,7.000
1764842190.2416453,0,0,-1397,-174.625
1764842190.2456567,0,0,-1796,-224.500
1764842190.249655,1,1,-657,-82.125
1764842190.253631,0,0,2732,341.500
1764842190.257629,0,0,97,12.125
1764842190.2616313,0,0,-1372,-171.500
1764842190.2656312,0,0,-1779,-222.375
1764842190.2696223,1,1,-772,-96.500
1764842190.273613,0,0,2688,336.000
1764842190.2776294,0,0,186,23.250
1764842190.28163,0,0,-1334,-166.750
1764842190.2856276,0,0,-1758,-219.750
1764842190.2896216,1,1,-873,-109.125
1764842190.293614,0,0,2648,331.000
1764842190.2976308,0,0,285,35.625
1764842190.301632,0,0,-1293,-161.625
1764842190.3056338,0,0,-1737,-217.125
1764842190.309625,1,1,-988,-123.500
1764842190.3136158,0,0,2536,317.000
1764842190.317633,0,0,355,44.375
1764842190.3216302,0,0,-1261,-157.625
1764842190.3256297,0,0,-1716,-214.500
1764842190.3296208,1,1,-1211,-151.375
1764842190.333614,0,0,2104,263.000
1764842190.3376307,0,0,272,34.000
1764842190.341665,0,0,-1268,-158.500
1764842190.345631,0,0,-1703,-212.875
1764842190.3496299,1,1,-1232,-154.000
1764842190.3536284,0,0,2147,268.375
1764842190.3576355,0,0,431,53.875
1764842190.3616302,0,0,-1205,-150.625
1764842190.3656268,0,0,-1670,-208.750
1764842190.3696325,1,1,-1346,-168.250
1764842190.3736308,0,0,1841,230.125
1764842190.377635,0,0,370,46.250
1764842190.3816285,0,0,-1205,-150.625
1764842190.385628,0,0,-1653,-206.625
1764842190.3896332,1,1,-1633,-204.125
1764842190.3936262,0,0,595,74.375
1764842190.3977132,0,0,-191,-23.875
1764842190.4016442,0,0,-1338,-167.250
1764842190.405631,0,0,-1658,-207.250
1764842190.4096217,1,1,-1512,-189.000
1764842190.413612,0,0,1251,156.375
1764842190.4176276,0,0,379,47.375
1764842190.4216347,0,0,-1144,-143.000
1764842190.4256263,0,0,-1581,-197.625
1764842190.4296186,1,1,-1504,-188.000
1764842190.4336097,0,0,1184,148.000
1764842190.437627,0,0,502,62.750
1764842190.4416652,0,0,-1086,-135.750
1764842190.4456327,0,0,-1544,-193.000
1764842190.449632,1,1,-1537,-192.125
1764842190.4536278,0,0,896,112.000
1764842190.4576313,0,0,471,58.875
1764842190.46163,0,0,-1518,-189.750
1764842190.4656293,0,0,-1545,-193.125
1764842190.469633,1,1,707,88.375
1764842190.473632,0,0,509,63.625
1764842190.4776263,0,0,-1038,-129.750
1764842190.4816132,0,0,-1485,-185.625
1764842190.4856124,0,0,-1541,-192.625
1764842190.4896307,1,1,528,66.000
1764842190.4936273,0,0,550,68.750
1764842190.4976227,0,0,-1001,-125.125
1764842190.5016088,0,0,-1451,-181.375
1764842190.5056124,0,0,-1546,-193.250
1764842190.5096347,1,1,106,13.250
1764842190.51363,0,0,361,45.125
1764842190.5176291,0,0,-1028,-128.500
1764842190.521626,0,0,-1431,-178.875
1764842190.5256279,0,0,-1527,-190.875
1764842190.5296347,1,1,-121,-15.125
1764842190.5336263,0,0,314,39.250
1764842190.537621,0,0,-1012,-126.500
1764842190.5416083,0,0,-1398,-174.750
1764842190.5457127,0,0,-1495,-186.875
1764842190.5496817,1,1,-228,-28.500
1764842190.553674,0,0,372,46.500
1764842190.5576725,0,0,-963,-120.375
1764842190.5616667,0,0,-1355,-169.375
1764842190.5656695,0,0,-1459,-182.375
1764842190.5696735,1,1,-568,-71.000
1764842190.5736706,0,0,119,14.875
1764842190.5776734,0,0,-1005,-125.625
1764842190.58167,0,0,-1335,-166.875
1764842190.585667,0,0,-1421,-177.625
1764842190.589657,1,1,-680,-85.000
1764842190.5936491,0,0,107,13.375
1764842190.6042209,0,0,-1293,-161.625
1764842190.606174,0,0,-1378,-172.250
1764842190.6096604,1,1,-960,-120.000
1764842190.613657,0,0,-245,-30.625
1764842190.6176734,0,0,-1041,-130.125
1764842190.621672,0,0,-1276,-159.500
1764842190.6256707,0,0,-1336,-167.000
1764842190.6296613,1,1,-973,-121.625
1764842190.633653,0,0,-181,-22.625
1764842190.6376753,0,0,-979,-122.375
1764842190.6416712,0,0,-1222,-152.750
1764842190.6457596,0,0,-1285,-160.625
1764842190.6496286,1,1,-998,-124.750
1764842190.6536274,0,0,-173,-21.625
1764842190.6576295,0,0,-935,-116.875
1764842190.6616251,0,0,-1175,-146.875
1764842190.6656225,0,0,-1237,-154.625
1764842190.6696255,1,1,-1019,-127.375
1764842190.6736226,0,0,-186,-23.250
1764842190.6776319,0,0,-898,-112.250
1764842190.6816258,0,0,-1130,-141.250
1764842190.6856258,0,0,-1190,-148.750
1764842190.689629,1,1,-1008,-126.000
1764842190.6936238,0,0,-131,-16.375
1764842190.69763,0,0,-838,-104.750
1764842190.7016232,0,0,-1080,-135.000
1764842190.705626,0,0,-1143,-142.875
1764842190.7096283,1,1,-1049,-131.125
1764842190.7136219,0,0,-308,-38.500
1764842190.7176208,0,0,-857,-107.125
1764842190.7216098,0,0,-1052,-131.500
1764842190.7256076,0,0,-1103,-137.875
1764842190.7296252,1,1,-1025,-128.125
1764842190.7336235,0,0,-262,-32.750
1764842190.7376175,0,0,-800,-100.000
1764842190.741607,0,0,-1003,-125.375
1764842190.7456393,0,0,-1057,-132.125
1764842190.7496305,1,1,-1017,-127.125
1764842190.753624,0,0,-344,-43.000
1764842190.757629,0,0,-789,-98.625
1764842190.7616246,0,0,-968,-121.000
1764842190.7656248,0,0,-1015,-126.875
1764842190.7696297,1,1,-998,-124.750
1764842190.7736237,0,0,-435,-54.375
1764842190.777627,0,0,-783,-97.875
1764842190.7816224,0,0,-936,-117.000
1764842190.785624,0,0,-974,-121.750
1764842190.7896163,1,1,-965,-120.625
1764842190.7936094,0,0,-434,-54.250
1764842190.7976232,0,0,-744,-93.000
1764842190.8016896,0,0,-894,-111.750
1764842190.8056378,0,0,-932,-116.500
1764842190.8096259,1,1,-932,-116.500
1764842190.8136098,0,0,-505,-63.125
1764842190.817623,0,0,-735,-91.875
1764842190.821624,0,0,-861,-107.625
1764842190.8256207,0,0,-893,-111.625
1764842190.8296168,1,1,-894,-111.750
1764842190.8336086,0,0,-575,-71.875
1764842190.8376133,0,0,-732,-91.500
1764842190.841606,0,0,-831,-103.875
1764842190.8456035,0,0,-855,-106.875
1764842190.8496234,1,1,-854,-106.750
1764842190.8536255,0,0,-528,-66.000
1764842190.8576276,0,0,-677,-84.625
1764842190.8616202,0,0,-786,-98.250
1764842190.8656204,0,0,-814,-101.750
1764842190.869625,1,1,-814,-101.750
1764842190.8736236,0,0,-441,-55.125
1764842190.8776305,0,0,-601,-75.125
1764842190.8816276,0,0,-738,-92.250
1764842190.8856208,0,0,-774,-96.750
1764842190.8896136,1,1,-777,-97.125
1764842190.8936076,0,0,-516,-64.500
1764842190.897621,0,0,-612,-76.500
1764842190.9016216,0,0,-715,-89.375
1764842190.9056215,0,0,-741,-92.625
1764842190.9096115,1,1,-743,-92.875
1764842190.9136071,0,0,-530,-66.250
1764842190.9176245,0,0,-594,-74.250
1764842190.92163,0,0,-685,-85.625
1764842190.9256232,0,0,-708,-88.500
1764842190.9296286,1,1,-708,-88.500
1764842190.9336216,0,0,-544,-68.000
1764842190.9376266,0,0,-581,-72.625
1764842190.9416232,0,0,-657,-82.125
1764842190.945624,0,0,-676,-84.500
1764842190.9496248,1,1,-675,-84.375
1764842190.9536207,0,0,-588,-73.500
1764842190.9576292,0,0,-597,-74.625
1764842190.9616218,0,0,-638,-79.750
1764842190.9656212,0,0,-646,-80.750
1764842190.9696248,1,1,-643,-80.375
1764842190.9736226,0,0,-549,-68.625
1764842190.9777286,0,0,-553,-69.125
1764842190.9819527,0,0,-602,-75.250
1764842190.985685,0,0,-614,-76.750
1764842190.9896204,1,1,-611,-76.375
1764842190.9936051,0,0,-501,-62.625
1764842190.9976091,0,0,-498,-62.250
1764842191.001671,0,0,-565,-70.625
1764842191.0056214,0,0,-580,-72.500
1764842191.0096302,1,1,-580,-72.500
1764842191.0136175,0,0,-505,-63.125
1764842191.0176232,0,0,-493,-61.625
1764842191.0216224,0,0,-542,-67.750
1764842191.0256214,0,0,-554,-69.250
1764842191.0296144,1,1,-553,-69.125
1764842191.033604,0,0,-492,-61.500
1764842191.0376115,0,0,-474,-59.250
1764842191.0416107,0,0,-517,-64.625
1764842191.0456052,0,0,-527,-65.875
1764842191.0496233,1,1,-525,-65.625
1764842191.0536163,0,0,-467,-58.375
1764842191.0576174,0,0,-441,-55.125
1764842191.0616143,0,0,-488,-61.000
1764842191.0656152,0,0,-500,-62.500
1764842191.069624,1,1,-499,-62.375
1764842191.0736187,0,0,-436,-54.500
1764842191.0776174,0,0,-396,-49.500
1764842191.0816178,0,0,-473,-59.125
1764842191.0856216,0,0,-474,-59.250
1764842191.0896242,1,1,-423,-52.875
1764842191.0936182,0,0,-377,-47.125
1764842191.0976207,0,0,-436,-54.500
1764842191.1016188,0,0,-450,-56.250
1764842191.1056182,0,0,-451,-56.375
1764842191.1096249,1,1,-404,-50.500
1764842191.1136205,0,0,-346,-43.250
1764842191.1176271,0,0,-410,-51.250
1764842191.1216185,0,0,-426,-53.250
1764842191.1256151,0,0,-429,-53.625
1764842191.1296258,1,1,-399,-49.875
1764842191.1336193,0,0,-346,-43.250
1764842191.1376243,0,0,-395,-49.375
1764842191.1416345,0,0,-407,-50.875
1764842191.1456246,0,0,-408,-51.000
1764842191.1497254,1,1,-399,-49.875
1764842191.1536481,0,0,-380,-47.500
1764842191.157664,0,0,-390,-48.750
1764842191.1616657,0,0,-391,-48.875
1764842191.1656597,0,0,-388,-48.500
1764842191.1696513,1,1,-375,-46.875
1764842191.1736424,0,0,-334,-41.750
1764842191.1776657,0,0,-362,-45.250
1764842191.1816664,0,0,-368,-46.000
1764842191.1856618,0,0,-367,-45.875
1764842191.1896555,1,1,-351,-43.875
1764842191.1936474,0,0,-271,-33.875
1764842191.197665,0,0,-329,-41.125
1764842191.2017467,0,0,-345,-43.125
1764842191.205676,0,0,-348,-43.500
1764842191.2096615,1,1,-340,-42.500
1764842191.213645,0,0,-271,-33.875
1764842191.2176604,0,0,-317,-39.625
1764842191.2216654,0,0,-329,-41.125
1764842191.2256627,0,0,-331,-41.375
1764842191.2296548,1,1,-321,-40.125
1764842191.2336426,0,0,-210,-26.250
1764842191.23766,0,0,-286,-35.750
1764842191.2416627,0,0,-309,-38.625
1764842191.2456632,0,0,-313,-39.125
1764842191.2497613,1,1,-309,-38.625
1764842191.253621,0,0,-218,-27.250
1764842191.2576218,0,0,-277,-34.625
1764842191.2616189,0,0,-295,-36.875
1764842191.2656415,0,0,-298,-37.250
1764842191.2696123,1,1,-294,-36.750
1764842191.2735999,0,0,-178,-22.250
1764842191.2776175,0,0,-252,-31.500
1764842191.2816176,0,0,-277,-34.625
1764842191.285617,0,0,-282,-35.250
1764842191.2896128,1,1,-281,-35.125
1764842191.2936022,0,0,-185,-23.125
1764842191.297617,0,0,-244,-30.500
1764842191.3016195,0,0,-264,-33.000
1764842191.3056183,0,0,-269,-33.625
1764842191.3096244,1,1,-267,-33.375
1764842191.3136172,0,0,-160,-20.000
1764842191.3176186,0,0,-223,-27.875
1764842191.3216164,0,0,-249,-31.125
1764842191.3256185,0,0,-256,-32.000
1764842191.3296244,1,1,-254,-31.750
1764842191.3336208,0,0,-167,-20.875
1764842191.3376207,0,0,-216,-27.000
1764842191.3416152,0,0,-237,-29.625
1764842191.3456178,0,0,-244,-30.500
1764842191.3496122,1,1,-242,-30.250
1764842191.3536026,0,0,-154,-19.250
1764842191.3576162,0,0,-201,-25.125
1764842191.361616,0,0,-225,-28.125
1764842191.3656168,0,0,-231,-28.875
1764842191.3696222,1,1,-229,-28.625
1764842191.3736176,0,0,-143,-17.875
1764842191.3776174,0,0,-186,-23.250
1764842191.3816147,0,0,-213,-26.625
1764842191.385613,0,0,-219,-27.375
1764842191.3896198,1,1,-219,-27.375
1764842191.3936174,0,0,-138,-17.250
1764842191.3976226,0,0,-174,-21.750
1764842191.4016829,0,0,-201,-25.125
1764842191.4056246,0,0,-208,-26.000
1764842191.4096165,1,1,-208,-26.000
1764842191.4136028,0,0,-95,-11.875
1764842191.417619,0,0,-145,-18.125
1764842191.4216225,0,0,-185,-23.125
1764842191.4256153,0,0,-197,-24.625
1764842191.4296074,1,1,-197,-24.625
1764842191.4336,0,0,-22,-2.750
1764842191.4376183,0,0,-94,-11.750
1764842191.4416173,0,0,-165,-20.625
1764842191.4456115,0,0,-184,-23.000
1764842191.449656,1,1,-188,-23.500
1764842191.453619,0,0,20,2.500
1764842191.457618,0,0,-59,-7.375
1764842191.461614,0,0,-148,-18.500
1764842191.4656131,0,0,-175,-21.875
1764842191.4696157,1,1,-180,-22.500
1764842191.473616,0,0,15,1.875
1764842191.4776182,0,0,-49,-6.125
1764842191.481615,0,0,-140,-17.500
1764842191.4856138,0,0,-169,-21.125
1764842191.489618,1,1,-174,-21.750
1764842191.4936094,0,0,8,1.000
1764842191.4976184,0,0,-40,-5.000
1764842191.5016155,0,0,-134,-16.750
1764842191.5056138,0,0,-161,-20.125
1764842191.509614,1,1,-167,-20.875
1764842191.513611,0,0,68,8.500
1764842191.51762,0,0,19,2.375
1764842191.5216143,0,0,-113,-14.125
1764842191.5256116,0,0,-152,-19.000
1764842191.5296156,1,1,-162,-20.250
1764842191.533615,0,0,61,7.625
1764842191.5376134,0,0,31,3.875
1764842191.5416005,0,0,-106,-13.250
1764842191.545599,0,0,-147,-18.375
1764842191.549629,1,1,-157,-19.625
1764842191.5536122,0,0,114,14.250
1764842191.5576103,0,0,98,12.250
1764842191.5615962,0,0,-83,-10.375
1764842191.565598,0,0,-138,-17.250
1764842191.5696192,1,1,-153,-19.125
1764842191.5736146,0,0,50,6.250
1764842191.5776145,0,0,63,7.875
1764842191.581616,0,0,-92,-11.500
1764842191.585613,0,0,-137,-17.125
1764842191.5896182,1,1,-149,-18.625
1764842191.5936103,0,0,71,8.875
1764842191.597615,0,0,111,13.875
1764842191.6068552,0,0,-146,-18.250
1764842191.609639,1,1,-146,-18.250
1764842191.613619,0,0,63,7.875
1764842191.617611,0,0,133,16.625
1764842191.621595,0,0,-66,-8.250
1764842191.6255982,0,0,-126,-15.750
1764842191.6296098,1,1,-142,-17.750
1764842191.6335998,0,0,46,5.750
1764842191.6375988,0,0,146,18.250
1764842191.6415946,0,0,-61,-7.625
1764842191.6455963,0,0,-123,-15.375
1764842191.6496172,1,1,-140,-17.500
1764842191.6536503,0,0,23,2.875
1764842191.6576173,0,0,151,18.875
1764842191.6616094,0,0,-57,-7.125
1764842191.6656098,0,0,-120,-15.000
1764842191.6696153,1,1,-137,-17.125
1764842191.6736162,0,0,21,2.625
1764842191.6776187,0,0,197,24.625
1764842191.6816092,0,0,-43,-5.375
1764842191.6856108,0,0,-114,-14.250
1764842191.6896183,1,1,-134,-16.750
1764842191.6936104,0,0,13,1.625
1764842191.697615,0,0,239,29.875
1764842191.7016096,0,0,-109,-13.625
1764842191.705611,0,0,-132,-16.500
1764842191.7096112,1,1,9,1.125
1764842191.713612,0,0,298,37.250
1764842191.7176166,0,0,-10,-1.250
1764842191.721611,0,0,-103,-12.875
1764842191.7256079,0,0,-130,-16.250
1764842191.729613,1,1,-24,-3.000
1764842191.7336125,0,0,288,36.000
1764842191.737614,0,0,-13,-1.625
1764842191.7416105,0,0,-103,-12.875
1764842191.7456074,0,0,-129,-16.125
1764842191.7496152,1,1,-55,-6.875
1764842191.7536473,0,0,263,32.875
1764842191.7576118,0,0,-17,-2.125
1764842191.7615962,0,0,-103,-12.875
1764842191.7655954,0,0,-128,-16.000
1764842191.7696085,1,1,-72,-9.000
1764842191.7736096,0,0,269,33.625
1764842191.777605,0,0,-12,-1.500
1764842191.7815955,0,0,-100,-12.500
1764842191.785595,0,0,-126,-15.750
1764842191.7895958,1,1,-74,-9.250
1764842191.7935932,0,0,330,41.250
1764842191.7976093,0,0,12,1.500
1764842191.8016117,0,0,-93,-11.625
1764842191.8056862,0,0,-124,-15.500
1764842191.8096204,1,1,-83,-10.375
1764842191.8135948,0,0,357,44.625
1764842191.8176107,0,0,26,3.250
1764842191.8216114,0,0,-88,-11.000
1764842191.8256106,0,0,-122,-15.250
1764842191.8296063,1,1,-101,-12.625
1764842191.8335936,0,0,307,38.375
1764842191.8376076,0,0,16,2.000
1764842191.8416102,0,0,-90,-11.250
1764842191.8456113,0,0,-121,-15.125
1764842191.849614,1,1,-96,-12.000
1764842191.853606,0,0,420,52.500
1764842191.857604,0,0,63,7.875
1764842191.8615932,0,0,-76,-9.500
1764842191.8655934,0,0,-119,-14.875
1764842191.8696115,1,1,-81,-10.125
1764842191.873609,0,0,615,76.875
1764842191.8776126,0,0,146,18.250
1764842191.8816104,0,0,-54,-6.750
1764842191.885614,0,0,-114,-14.250
1764842191.889604,1,1,-106,-13.250
1764842191.893593,0,0,496,62.000
1764842191.8976054,0,0,111,13.875
1764842191.9016082,0,0,-67,-8.375
1764842191.9056087,0,0,-119,-14.875
1764842191.9096017,1,1,-133,-16.625
1764842191.913593,0,0,114,14.250
1764842191.9176135,0,0,-31,-3.875
1764842191.921612,0,0,-107,-13.375
1764842191.9256074,0,0,-129,-16.125
1764842191.9296145,1,1,-122,-15.250
1764842191.933612,0,0,473,59.125
1764842191.9376154,0,0,136,17.000
1764842191.941608,0,0,-57,-7.125
1764842191.9456062,0,0,-115,-14.375
1764842191.9496136,1,1,-118,-14.750
1764842191.9536102,0,0,580,72.500
1764842191.9577193,0,0,203,25.375
1764842191.9616528,0,0,-40,-5.000
1764842191.9656498,0,0,-113,-14.125
1764842191.969657,1,1,-120,-15.000
1764842191.9736524,0,0,654,81.750
1764842191.977758,0,0,261,32.625
1764842191.9820216,0,0,-27,-3.375
1764842191.9857347,0,0,-112,-14.000
1764842191.9896657,1,1,-129,-16.125
1764842191.9936533,0,0,625,78.125
1764842191.9976566,0,0,272,34.000
1764842192.0016515,0,0,-26,-3.250
1764842192.0057209,0,0,-116,-14.500
1764842192.0096653,1,1,-138,-17.250
1764842192.0136538,0,0,559,69.875
1764842192.0176563,0,0,266,33.250
1764842192.0216556,0,0,-31,-3.875
1764842192.0256515,0,0,-121,-15.125
1764842192.0296423,1,1,-142,-17.750
1764842192.033631,0,0,619,77.375
1764842192.0376425,0,0,333,41.625
1764842192.0416348,0,0,-15,-1.875
1764842192.0456345,0,0,-120,-15.000
1764842192.0496514,1,1,-147,-18.375
1764842192.0536516,0,0,607,75.875
1764842192.0577455,0,0,362,45.250
1764842192.0616124,0,0,-10,-1.250
1764842192.0656078,0,0,-122,-15.250
1764842192.0696084,1,1,-153,-19.125
1764842192.0736048,0,0,534,66.750
1764842192.0776093,0,0,355,44.375
1764842192.0816054,0,0,-16,-2.000
1764842192.0856063,0,0,-127,-15.875
1764842192.0896094,1,1,-159,-19.875
1764842192.0936067,0,0,545,68.125
1764842192.09761,0,0,410,51.250
1764842192.10161,0,0,-4,-0.500
1764842192.1056135,0,0,-127,-15.875
1764842192.1096015,1,1,-163,-20.375
1764842192.1135888,0,0,525,65.625
1764842192.1176052,0,0,449,56.125
1764842192.1216085,0,0,4,0.500
1764842192.1256065,0,0,-130,-16.250
1764842192.1295998,1,1,-167,-20.875
1764842192.133589,0,0,532,66.500
1764842192.137607,0,0,519,64.875
1764842192.1416087,0,0,20,2.500
1764842192.1456087,0,0,-129,-16.125
1764842192.1496139,1,1,-172,-21.500
1764842192.153608,0,0,527,65.875
1764842192.1576438,0,0,591,73.875
1764842192.1616077,0,0,37,4.625
1764842192.1656077,0,0,-129,-16.125
1764842192.1696105,1,1,-178,-22.250
1764842192.173607,0,0,592,74.000
1764842192.1776106,0,0,755,94.375
1764842192.1816058,0,0,79,9.875
1764842192.1856158,0,0,-124,-15.500
1764842192.1896124,1,1,-183,-22.875
1764842192.19361,0,0,645,80.625
1764842192.197611,0,0,925,115.625
1764842192.2016046,0,0,121,15.125
1764842192.2056835,0,0,-120,-15.000
1764842192.2096176,1,1,-190,-23.750
1764842192.213592,0,0,564,70.500
1764842192.2176075,0,0,971,121.375
1764842192.2216043,0,0,126,15.750
1764842192.2256038,0,0,-127,-15.875
1764842192.2295969,1,1,-202,-25.250
1764842192.2335906,0,0,615,76.875
1764842192.2376077,0,0,1191,148.875
1764842192.241604,0,0,184,23.000
1764842192.2456038,0,0,-121,-15.125
1764842192.2496073,1,1,-211,-26.375
1764842192.2536044,0,0,427,53.375
1764842192.2576456,0,0,1085,135.625
1764842192.2616076,0,0,146,18.250
1764842192.2656038,0,0,-141,-17.625
1764842192.2696078,1,1,-226,-28.250
1764842192.2736044,0,0,505,63.125
1764842192.2776103,0,0,1381,172.625
1764842192.2816067,0,0,232,29.000
1764842192.2856016,0,0,-126,-15.750
1764842192.2895987,1,1,-233,-29.125
1764842192.2935889,0,0,413,51.625
1764842192.2976034,0,0,1408,176.000
1764842192.3016021,0,0,237,29.625
1764842192.305603,0,0,-136,-17.000
1764842192.309608,1,1,-247,-30.875
1764842192.3136013,0,0,414,51.750
1764842192.3176067,0,0,1600,200.000
1764842192.321603,0,0,-131,-16.375
1764842192.325605,0,0,-258,-32.250
1764842192.3296082,1,1,397,49.625
1764842192.3336248,0,0,1761,220.125
1764842192.3376062,0,0,355,44.375
1764842192.3415995,0,0,-128,-16.000
1764842192.3456004,0,0,-272,-34.000
1764842192.3496034,1,1,309,38.625
1764842192.3536024,0,0,1779,222.375
1764842192.3575974,0,0,367,45.875
1764842192.361684,0,0,-138,-17.250
1764842192.3656297,0,0,-289,-36.125
1764842192.36965,1,1,188,23.500
1764842192.373643,0,0,1718,214.750
1764842192.3776436,0,0,358,44.750
1764842192.3816502,0,0,-153,-19.125
1764842192.3856494,0,0,-305,-38.125
1764842192.3896537,1,1,184,23.000
1764842192.393648,0,0,1901,237.625
1764842192.397653,0,0,439,54.875
1764842192.4016504,0,0,-142,-17.750
1764842192.4057288,0,0,-316,-39.500
1764842192.4096582,1,1,148,18.500
1764842192.4136286,0,0,2008,251.000
1764842192.4176478,0,0,500,62.500
1764842192.4216523,0,0,-138,-17.250
1764842192.4256485,0,0,-330,-41.250
1764842192.4296396,1,1,97,12.125
1764842192.4336283,0,0,2076,259.500
1764842192.437644,0,0,555,69.375
1764842192.4416482,0,0,-138,-17.250
1764842192.4456465,0,0,-345,-43.125
1764842192.4496527,1,1,121,15.125
1764842192.4536488,0,0,2337,292.125
1764842192.4576507,0,0,693,86.625
1764842192.4617302,0,0,-114,-14.250
1764842192.465604,0,0,-356,-44.500
1764842192.469607,1,1,22,2.750
1764842192.473602,0,0,2268,283.500
1764842192.4776075,0,0,707,88.375
1764842192.481603,0,0,-127,-15.875
1764842192.485606,0,0,-376,-47.000
1764842192.489597,1,1,7,0.875
1764842192.4935842,0,0,2427,303.375
1764842192.4976032,0,0,822,102.750
1764842192.5016007,0,0,-112,-14.000
1764842192.505601,0,0,-390,-48.750
1764842192.509592,1,1,-87,-10.875
1764842192.5135853,0,0,2326,290.750
1764842192.517604,0,0,833,104.125
1764842192.5216002,0,0,-126,-15.750
1764842192.5256002,0,0,-412,-51.500
1764842192.5296035,1,1,-126,-15.750
1764842192.5336022,0,0,2408,301.000
1764842192.5376,0,0,940,117.500
1764842192.5415862,0,0,-111,-13.875
1764842192.5455823,0,0,-426,-53.250
1764842192.5496042,1,1,-146,-18.250
1764842192.5536036,0,0,2530,316.250
1764842192.5576088,0,0,1075,134.375
1764842192.561615,0,0,-91,-11.375
1764842192.5656018,0,0,-440,-55.000
1764842192.569604,1,1,-179,-22.375
1764842192.5735996,0,0,2614,326.750
1764842192.5776067,0,0,1216,152.000
1764842192.5816019,0,0,-70,-8.750
1764842192.5856,0,0,-455,-56.875
1764842192.5896032,1,1,-265,-33.125
1764842192.5935986,0,0,2478,309.750
1764842192.5976026,0,0,1248,156.000
1764842192.6016004,0,0,-80,-10.000
1764842192.610848,1,1,-254,-31.750
1764842192.613627,0,0,2722,340.250
1764842192.6176074,0,0,1516,189.500
1764842192.6215868,0,0,-24,-3.000
1764842192.625586,0,0,-484,-60.500
1764842192.6296048,1,1,-260,-32.500
1764842192.6335993,0,0,2870,358.750
1764842192.6376004,0,0,1755,219.375
1764842192.641585,0,0,22,2.750
1764842192.6455839,0,0,-498,-62.250
1764842192.6496046,1,1,-315,-39.375
1764842192.6536007,0,0,2830,353.750
1764842192.6576035,0,0,1889,236.125
1764842192.6616013,0,0,35,4.375
1764842192.6656387,0,0,-521,-65.125
1764842192.6695929,1,1,-410,-51.250
1764842192.6735797,0,0,2616,327.000
1764842192.6776018,0,0,1886,235.750
1764842192.6816006,0,0,8,1.000
1764842192.6856022,0,0,-554,-69.250
1764842192.689608,1,1,-659,-82.375
1764842192.6936014,0,0,1317,164.625
1764842192.697615,0,0,1144,143.000
1764842192.701599,0,0,-224,-28.000
1764842192.705599,0,0,-631,-78.875
1764842192.7096074,1,1,-561,-70.125
1764842192.713602,0,0,2257,282.125
1764842192.7176018,0,0,2102,262.750
1764842192.7215967,0,0,47,5.875
1764842192.7256017,0,0,-570,-71.250
1764842192.7296069,1,1,-570,-71.250
1764842192.7336006,0,0,2252,281.500
1764842192.7376013,0,0,2341,292.625
1764842192.7415981,0,0,98,12.250
1764842192.745604,0,0,-579,-72.375
1764842192.7495966,1,1,-567,-70.875
1764842192.7535841,0,0,2417,302.125
1764842192.7575996,0,0,2719,339.875
1764842192.7615967,0,0,193,24.125
1764842192.765633,0,0,-578,-72.250
1764842192.769592,1,1,-653,-81.625
1764842192.7735827,0,0,2088,261.000
1764842192.7775974,0,0,2693,336.625
1764842192.7815974,0,0,168,21.000
1764842192.7855954,0,0,-612,-76.500
1764842192.789586,1,1,-737,-92.125
1764842192.7935812,0,0,1758,219.750
1764842192.7975972,0,0,2646,330.750
1764842192.8015943,0,0,143,17.875
1764842192.8055933,0,0,-641,-80.125
1764842192.809675,1,1,-743,-92.875
1764842192.8136108,0,0,1918,239.750
1764842192.8175974,0,0,3085,385.625
1764842192.82158,0,0,275,34.375
1764842192.825578,0,0,-628,-78.500
1764842192.8296022,1,1,-791,-98.875
1764842192.8335993,0,0,1721,215.125
1764842192.8375943,0,0,3145,393.125
1764842192.8415792,0,0,290,36.250
1764842192.8455796,0,0,-649,-81.125
1764842192.8495996,1,1,-836,-104.500
1764842192.8535974,0,0,1600,200.000
1764842192.857603,0,0,3288,411.000
1764842192.8615987,0,0,339,42.375
1764842192.8656332,0,0,-660,-82.500
1764842192.8696,1,1,-894,-111.750
1764842192.8735967,0,0,1314,164.250
1764842192.8775938,0,0,3235,404.375
1764842192.8815985,0,0,330,41.250
1764842192.8856,0,0,-685,-85.625
1764842192.889596,1,1,-940,-117.500
1764842192.8935916,0,0,1116,139.500
1764842192.8975954,0,0,3268,408.500
1764842192.9015982,0,0,360,45.000
1764842192.9055972,0,0,-698,-87.250
1764842192.909589,1,1,-976,-122.000
1764842192.9135787,0,0,945,118.125
1764842192.9175959,0,0,3323,415.375
1764842192.9215991,0,0,406,50.750
1764842192.9255958,0,0,-704,-88.000
1764842192.9295988,1,1,-1000,-125.000
1764842192.9335887,0,0,906,113.250
1764842192.9375951,0,0,3535,441.875
1764842192.9415932,0,0,-692,-86.500
1764842192.9455926,0,0,-1012,-126.500
1764842192.949594,1,1,961,120.125
1764842192.9535928,0,0,3857,482.125
1764842192.9575944,0,0,680,85.000
1764842192.961591,0,0,-669,-83.625
1764842192.9655943,0,0,-1030,-128.750
1764842192.9696016,1,1,934,116.750
1764842192.9735916,0,0,4067,508.375
1764842192.9776866,0,0,811,101.375
1764842192.98192,0,0,-657,-82.125
1764842192.9856563,0,0,-1060,-132.500
1764842192.9896066,1,1,798,99.750
1764842192.9935935,0,0,4115,514.375
1764842192.997594,0,0,886,110.750
1764842193.0015895,0,0,-662,-82.750
1764842193.005589,0,0,-1088,-136.000
1764842193.0096688,1,1,734,91.750
1764842193.0136073,0,0,4255,531.875
1764842193.0175862,0,0,1017,127.125
1764842193.021577,0,0,-652,-81.500
1764842193.0255764,0,0,-1131,-141.375
1764842193.029602,1,1,441,55.125
1764842193.0335948,0,0,4064,508.000
1764842193.0377884,0,0,1015,126.875
1764842193.0415792,0,0,-679,-84.875
1764842193.0455778,0,0,-1166,-145.750
1764842193.0495846,1,1,339,42.375
1764842193.0535808,0,0,4111,513.875
1764842193.057583,0,0,1130,141.250
1764842193.0615764,0,0,-670,-83.750
1764842193.0655756,0,0,-1191,-148.875
1764842193.0695803,1,1,204,25.500
1764842193.0735776,0,0,4105,513.125
1764842193.0776076,0,0,1236,154.500
1764842193.0815973,0,0,-662,-82.750
1764842193.085595,0,0,-1217,-152.125
1764842193.0895965,1,1,63,7.875
1764842193.0935946,0,0,4053,506.625
1764842193.0975983,0,0,1330,166.250
1764842193.1015935,0,0,-658,-82.250
1764842193.1055913,0,0,-1230,-153.750
1764842193.1095963,1,1,125,15.625
1764842193.1135938,0,0,4286,535.750
1764842193.117599,0,0,1579,197.375
1764842193.1215947,0,0,-612,-76.500
1764842193.125592,0,0,-1256,-157.000
1764842193.1295974,1,1,-198,-24.750
1764842193.1335921,0,0,3927,490.875
1764842193.1375983,0,0,1560,195.000
1764842193.1415935,0,0,-641,-80.125
1764842193.145592,0,0,-1285,-160.625
1764842193.1495974,1,1,-240,-30.000
1764842193.1535962,0,0,3982,497.750
1764842193.1575975,0,0,1757,219.625
1764842193.1615796,0,0,-605,-75.625
1764842193.165577,0,0,-1298,-162.250
1764842193.1695964,1,1,-307,-38.375
1764842193.1735938,1,0,3966,495.750
1764842193.1775901,0,0,1947,243.375
1764842193.1815782,0,0,-573,-71.625
1764842193.1855776,0,0,-1316,-164.500
1764842193.1895998,1,1,-449,-56.125
1764842193.1935909,0,0,3804,475.500
1764842193.1975942,0,0,2060,257.500
1764842193.201592,0,0,-563,-70.375
1764842193.2055933,0,0,-1337,-167.125
1764842193.2096705,1,1,-539,-67.375
1764842193.2136059,0,0,3706,463.250
1764842193.2175903,0,0,2236,279.500
1764842193.2215767,0,0,-533,-66.625
1764842193.2255757,0,0,-1353,-169.125
1764842193.2295842,0,0,-669,-83.625
1764842193.2335727,0,0,3523,440.375
1764842193.2375772,0,0,2376,297.000
1764842193.2415726,0,0,-512,-64.000
1764842193.2455778,0,0,-1366,-170.750
1764842193.2495983,0,0,-593,-74.125
1764842193.2535942,0,0,3691,461.375
1764842193.257594,0,0,2725,340.625
1764842193.2615902,0,0,-429,-53.625
1764842193.2655945,0,0,-1369,-171.125
1764842193.2696342,0,1,-728,-91.000
1764842193.2736,0,0,3467,433.375
1764842193.2775915,0,0,2855,356.875
1764842193.2815745,0,0,-408,-51.000
1764842193.2855744,0,0,-1387,-173.375
1764842193.2895777,0,0,-750,-93.750
1764842193.2935777,0,0,3444,430.500
1764842193.297579,0,0,3105,388.125
1764842193.3015754,0,0,-348,-43.500
1764842193.3055735,0,0,-1398,-174.750
1764842193.3095787,0,0,-1021,-127.625
1764842193.3135772,0,0,2925,365.625
1764842193.3175917,0,0,3040,380.000
1764842193.3215897,0,0,-376,-47.000
1764842193.325589,0,0,-1425,-178.125
1764842193.329596,0,0,-1138,-142.250
1764842193.3335917,1,0,2673,334.125
1764842193.3375928,0,0,3127,390.875
1764842193.3415892,0,0,-353,-44.125
1764842193.3455858,0,0,-1435,-179.375
1764842193.349591,0,0,-1256,-157.000
1764842193.35359,1,0,2386,298.250
1764842193.3575916,0,0,3202,400.250
1764842193.3615904,0,0,-322,-40.250
1764842193.3655853,0,0,-1442,-180.250
1764842193.36961,0,0,-1316,-164.500
1764842193.3735886,1,0,2227,278.375
1764842193.3775933,0,0,3383,422.875
1764842193.3815877,0,0,-250,-31.250
1764842193.3855834,0,0,-1436,-179.500
1764842193.389581,0,0,-1239,-154.875
1764842193.3935723,1,1,2407,300.875
1764842193.397586,0,0,3795,474.375
1764842193.4015894,0,0,-102,-12.750
1764842193.405591,0,0,-1414,-176.750
1764842193.4096637,0,0,-1372,-171.500
1764842193.4136024,1,0,2039,254.875
1764842193.417589,0,0,3785,473.125
1764842193.4215763,0,0,-82,-10.250
1764842193.4255743,0,0,-1425,-178.125
1764842193.4295905,0,0,-1280,-160.000
1764842193.4335873,1,1,2277,284.625
1764842193.4375882,0,0,4239,529.875
1764842193.4415734,0,0,97,12.125
1764842193.4455721,0,0,-1396,-174.500
1764842193.4495938,0,0,-1388,-173.500
1764842193.4535894,1,1,1982,247.750
1764842193.45759,0,0,4170,521.250
1764842193.4615908,0,0,81,10.125
1764842193.465592,0,0,-1423,-177.875
1764842193.4695964,0,0,-1766,-220.750
1764842193.4735892,1,1,506,63.250
1764842193.4775925,0,0,3078,384.750
1764842193.4815905,0,0,-230,-28.750
1764842193.485592,0,0,-1511,-188.875
1764842193.4895945,0,0,-1632,-204.000
1764842193.4935887,1,1,1226,153.250
1764842193.497592,0,0,4068,508.500
1764842193.5015886,0,0,193,24.125
1764842193.505589,0,0,-1399,-174.875
1764842193.5095928,0,0,-1584,-198.000
1764842193.5135887,1,1,1297,162.125
1764842193.517592,0,0,4353,544.125
1764842193.521588,0,0,359,44.875
1764842193.5255854,0,0,-1366,-170.750
1764842193.5295937,0,0,-1641,-205.125
1764842193.5335898,1,1,1049,131.125
1764842193.5375834,0,0,4337,542.125
1764842193.5415697,0,0,429,53.625
1764842193.545571,0,0,-1362,-170.250
1764842193.549596,0,0,-1677,-209.625
1764842193.5535905,1,1,889,111.125
1764842193.5575893,0,0,4377,547.125
1764842193.561585,0,0,-1349,-168.625
1764842193.5655859,0,0,-1713,-214.125
1764842193.5696073,0,0,722,90.250
1764842193.5735877,1,1,4410,551.250
1764842193.577591,0,0,639,79.875
1764842193.5815864,0,0,-1330,-166.250
1764842193.5855846,0,0,-1734,-216.750
1764842193.5895908,0,0,605,75.625
1764842193.5935931,1,1,4468,558.500
1764842193.5975916,0,0,771,96.375
1764842193.601569,0,0,-1306,-163.250
1764842193.6055684,0,0,-1771,-221.375
1764842193.6152983,0,0,4398,549.750
1764842193.61761,0,0,864,108.000
1764842193.6215734,0,0,-1292,-161.500
1764842193.625596,0,0,-1621,-202.625
1764842193.6296,0,0,1080,135.000
1764842193.6335778,1,1,5265,658.125
1764842193.6378043,0,0,1347,168.375
1764842193.6416132,0,0,-1179,-147.375
1764842193.6455905,0,0,-1823,-227.875
1764842193.6495926,0,0,-35,-4.375
1764842193.6535897,1,1,4186,523.250
1764842193.6575933,0,0,1022,127.750
1764842193.6615975,0,0,-1286,-160.750
1764842193.6655884,0,0,-1851,-231.375
1764842193.6696167,0,0,-15,-1.875
1764842193.673586,1,1,4345,543.125
1764842193.677592,0,0,1265,158.125
1764842193.6815922,0,0,-1226,-153.250
1764842193.6855888,0,0,-1843,-230.375
1764842193.6895785,0,0,-23,-2.875
1764842193.6935673,1,1,4435,554.375
1764842193.697584,0,0,1483,185.375
1764842193.7015882,0,0,-1176,-147.000
1764842193.7055857,0,0,-1856,-232.000
1764842193.709576,0,0,-159,-19.875
1764842193.7135677,1,1,4358,544.750
1764842193.7175884,0,0,1648,206.000
1764842193.7215898,0,0,-1142,-142.750
1764842193.7255867,0,0,-1878,-234.750
1764842193.7295895,0,0,-371,-46.375
1764842193.733584,1,1,4157,519.625
1764842193.737588,0,0,1778,222.250
1764842193.741587,0,0,-1116,-139.500
1764842193.7455869,0,0,-1887,-235.875
1764842193.7495906,0,0,-460,-57.500
1764842193.753584,1,1,4093,511.625
1764842193.7576113,0,0,1987,248.375
1764842193.7615952,0,0,-1066,-133.250
1764842193.7655878,0,0,-1893,-236.625
1764842193.7696223,0,0,-562,-70.250
1764842193.7735884,1,1,3996,499.500
1764842193.7775884,0,0,2187,273.375
1764842193.7815838,0,0,-1018,-127.250
1764842193.785586,0,0,-1903,-237.875
1764842193.7895799,0,0,-734,-91.750
1764842193.7935712,1,1,3766,470.750
1764842193.7975836,0,0,2310,288.750
1764842193.8015842,0,0,-989,-123.625
1764842193.8055863,0,0,-1908,-238.500
1764842193.8095903,0,0,-806,-100.750
1764842193.813698,1,1,3678,459.750
1764842193.8175986,0,0,2553,319.125
1764842193.8215709,0,0,-921,-115.125
1764842193.825568,0,0,-1898,-237.250
1764842193.8295882,0,0,-774,-96.750
1764842193.8335867,1,1,3732,466.500
1764842193.8375804,0,0,2858,357.250
1764842193.8415675,0,0,-835,-104.375
1764842193.8455665,0,0,-1897,-237.125
1764842193.84959,0,0,-933,-116.625
1764842193.8535883,1,1,3479,434.875
1764842193.8575902,0,0,2991,373.875
1764842193.8615806,0,0,-796,-99.500
1764842193.8655813,0,0,-1901,-237.625
1764842193.8695872,0,0,-1006,-125.750
1764842193.8736231,1,1,3356,419.500
1764842193.8775892,0,0,3206,400.750
1764842193.881581,0,0,-727,-90.875
1764842193.885583,0,0,-1901,-237.625
1764842193.889586,0,0,-1191,-148.875
1764842193.8935835,1,1,3030,378.750
1764842193.8975801,0,0,3277,409.625
1764842193.90157,0,0,-696,-87.000
1764842193.9055657,0,0,-1903,-237.875
1764842193.9095898,0,0,-1339,-167.375
1764842193.9135869,1,1,2740,342.500
1764842193.9175806,0,0,3376,422.000
1764842193.9215677,0,0,-647,-80.875
1764842193.9255707,0,0,-1896,-237.000
1764842193.9295835,0,0,-1256,-157.000
1764842193.933581,1,1,2868,358.500
1764842193.9375808,0,0,3749,468.625
1764842193.941569,0,0,-509,-63.625
1764842193.945565,0,0,-1873,-234.125
1764842193.949589,0,0,-1476,-184.500
1764842193.953584,1,1,2406,300.750
1764842193.9575899,0,0,3709,463.625
1764842193.9615831,0,0,-492,-61.500
1764842193.9655843,0,0,-1875,-234.375
1764842193.969585,0,0,-1438,-179.750
1764842193.9736166,1,1,2461,307.625
1764842193.9776843,0,0,4037,504.625
1764842193.9819193,0,0,-348,-43.500
1764842193.9856417,0,0,-1847,-230.875
1764842193.9895928,0,0,-1505,-188.125
1764842193.993579,1,1,2288,286.000
1764842193.99758,0,0,4166,520.750
1764842194.0015802,0,0,-265,-33.125
1764842194.005582,0,0,-1836,-229.500
1764842194.0095837,0,0,-1609,-201.125
1764842194.0136487,1,1,2025,253.125
1764842194.0175889,0,0,4231,528.875
1764842194.02157,0,0,-189,-23.625
1764842194.0255728,0,0,-1825,-228.125
1764842194.0295897,0,0,-1608,-201.000
1764842194.0335813,1,1,1999,249.875
1764842194.03758,0,0,4467,558.375
1764842194.0415685,0,0,-47,-5.875
1764842194.0456665,0,0,-1798,-224.750
1764842194.0499659,0,0,-1714,-214.250
1764842194.0536506,1,1,1702,212.750
1764842194.0575905,0,0,4457,557.125
1764842194.061616,0,0,16,2.000
1764842194.0655885,0,0,-1790,-223.750
1764842194.0695777,0,0,-1849,-231.125
1764842194.0735993,1,1,1296,162.000
1764842194.0775855,0,0,4340,542.500
1764842194.0815845,0,0,52,6.500
1764842194.0855901,0,0,-1784,-223.000
1764842194.0895784,0,0,-1840,-230.000
1764842194.0935674,1,1,1294,161.750
1764842194.0975773,0,0,4552,569.000
1764842194.101581,0,0,219,27.375
1764842194.1055803,0,0,-1745,-218.125
1764842194.1095746,0,0,-1882,-235.250
1764842194.1135666,1,1,1112,139.000
1764842194.117588,0,0,4588,573.500
1764842194.1215787,0,0,326,40.750
1764842194.12558,0,0,-1722,-215.250
1764842194.1295867,0,0,-1946,-243.250
1764842194.13358,1,1,847,105.875
1764842194.1375856,0,0,4541,567.625
1764842194.1415775,0,0,423,52.875
1764842194.1455772,0,0,-1699,-212.375
1764842194.1495817,0,0,-1984,-248.000
1764842194.1535811,1,1,660,82.500
1764842194.1575866,0,0,4537,567.125
1764842194.1615784,0,0,547,68.375
1764842194.1655772,0,0,-1669,-208.625
1764842194.1695836,0,0,-2018,-252.250
1764842194.1736145,1,1,464,58.000
1764842194.177587,0,0,4519,564.875
1764842194.1815808,0,0,693,86.625
1764842194.185577,0,0,-1981,-247.625
1764842194.1895719,0,0,573,71.625
1764842194.1935644,1,1,4772,596.500
1764842194.1975958,0,0,938,117.250
1764842194.2015836,0,0,-1569,-196.125
1764842194.20558,0,0,-2020,-252.500
1764842194.2095852,0,0,339,42.375
1764842194.2136555,1,1,4670,583.750
1764842194.2175953,0,0,1070,133.750
1764842194.2215686,0,0,-1539,-192.375
1764842194.2255642,0,0,-1922,-240.250
1764842194.2295797,0,0,742,92.750
1764842194.23358,1,1,5190,648.750
1764842194.237574,0,0,1463,182.875
1764842194.2415628,0,0,-1444,-180.500
1764842194.2455642,0,0,-2093,-261.625
1764842194.249575,0,0,-193,-24.125
1764842194.2535625,1,1,4273,534.125
1764842194.2575638,0,0,1156,144.500
1764842194.2615647,0,0,-1535,-191.875
1764842194.2655632,0,0,-2187,-273.375
1764842194.2695816,0,0,-1355,-169.375
1764842194.2735784,1,1,2724,340.500
1764842194.2776203,0,0,693,86.625
1764842194.2815816,0,0,-1639,-204.875
1764842194.285579,0,0,-2119,-264.875
1764842194.2895727,0,0,-285,-35.625
1764842194.2935603,1,1,4341,542.625
1764842194.2975752,0,0,1763,220.375
1764842194.3015804,0,0,-1331,-166.375
1764842194.3055816,0,0,-2078,-259.750
1764842194.3095846,0,0,-428,-53.500
1764842194.3135788,1,1,4198,524.750
1764842194.3175824,0,0,1926,240.750
1764842194.3215773,0,0,-1289,-161.125
1764842194.3255792,0,0,-2098,-262.250
1764842194.3295832,0,0,-713,-89.125
1764842194.3335803,1,1,3861,482.625
1764842194.3375812,0,0,2018,252.250
1764842194.3415763,0,0,-1261,-157.625
1764842194.3455746,0,0,-2097,-262.125
1764842194.3495817,0,0,-764,-95.500
1764842194.353579,1,1,3810,476.250
1764842194.3575816,0,0,2251,281.375
1764842194.3615768,0,0,-1191,-148.875
1764842194.36558,0,0,-2096,-262.000
1764842194.3695836,0,0,-953,-119.125
1764842194.3735793,1,1,3550,443.750
1764842194.3776057,0,0,2409,301.125
1764842194.3816195,0,0,-1139,-142.375
1764842194.3856177,0,0,-2085,-260.625
1764842194.389627,0,0,-950,-118.750
1764842194.393621,1,1,3546,443.250
1764842194.3976264,0,0,2679,334.875
1764842194.401619,0,0,-1053,-131.625
1764842194.405618,0,0,-2076,-259.500
1764842194.4096138,0,0,-1114,-139.250
1764842194.4137173,1,1,3289,411.125
1764842194.417645,0,0,2802,350.250
1764842194.42162,0,0,-1006,-125.750
1764842194.4256186,0,0,-2067,-258.375
1764842194.4296217,0,0,-1073,-134.125
1764842194.4336205,1,1,3338,417.250
1764842194.4376209,0,0,3125,390.625
1764842194.441602,0,0,-897,-112.125
1764842194.4456003,0,0,-2056,-257.000
1764842194.4496229,0,0,-1538,-192.250
1764842194.4536226,1,1,2493,311.625
1764842194.4576259,0,0,2862,357.750
1764842194.4616199,0,0,-953,-119.125
1764842194.4656184,0,0,-2065,-258.125
1764842194.4696236,0,0,-1606,-200.750
1764842194.47362,1,1,2325,290.625
1764842194.4776988,0,0,3041,380.125
1764842194.4815805,0,0,-866,-108.250
1764842194.4855757,0,0,-2040,-255.000
1764842194.4895813,0,0,-1652,-206.500
1764842194.493573,1,1,2185,273.125
1764842194.4975796,0,0,3234,404.250
1764842194.5015805,0,0,-767,-95.875
1764842194.5055804,0,0,-2012,-251.500
1764842194.5095687,0,0,-1695,-211.875
1764842194.513559,1,1,2038,254.750
1764842194.5175736,0,0,3426,428.250
1764842194.5215757,0,0,-661,-82.625
1764842194.5255797,0,0,-1983,-247.875
1764842194.5295668,0,0,-1707,-213.375
1764842194.533557,1,1,1956,244.500
1764842194.5375617,0,0,3650,456.250
1764842194.5415616,0,0,-539,-67.375
1764842194.5455596,0,0,-1951,-243.875
1764842194.5495818,0,0,-1709,-213.625
1764842194.5535753,1,1,1903,237.875
1764842194.557579,0,0,3880,485.000
1764842194.561575,0,0,-409,-51.125
1764842194.5655756,0,0,-1919,-239.875
1764842194.5695775,0,0,-1783,-222.875
1764842194.5735729,1,1,1669,208.625
1764842194.5776117,0,0,3955,494.375
1764842194.5815778,0,0,-323,-40.375
1764842194.5855758,0,0,-1897,-237.125
1764842194.5895762,0,0,-1842,-230.250
1764842194.593572,1,1,1459,182.375
1764842194.5975783,0,0,4034,504.250
1764842194.6015723,0,0,-228,-28.500
1764842194.6055737,0,0,-1871,-233.875
1764842194.60958,0,0,-1851,-231.375
1764842194.6189978,0,0,-76,-9.500
1764842194.6215951,0,0,-76,-9.500
1764842194.6255794,0,0,-1832,-229.000
1764842194.6295722,0,0,-1754,-219.250
1764842194.6335607,1,1,1606,200.750
1764842194.6375735,0,0,4627,578.375
1764842194.6415734,0,0,142,17.750
1764842194.6455734,0,0,-1783,-222.875
1764842194.6495705,0,0,-1989,-248.625
1764842194.6535585,1,1,804,100.500
1764842194.6575725,0,0,4127,515.875
1764842194.6615727,0,0,50,6.250
1764842194.6655707,0,0,-1806,-225.750
1764842194.6695774,0,0,-2010,-251.250
1764842194.673575,1,1,698,87.250
1764842194.6776175,0,0,4234,529.250
1764842194.681573,0,0,200,25.000
1764842194.6855688,0,0,-1763,-220.375
1764842194.6895788,0,0,-2108,-263.500
1764842194.6935728,1,1,115,14.375
1764842194.697577,0,0,3836,479.500
1764842194.7015676,0,0,171,21.375
1764842194.7055688,0,0,-1761,-220.125
1764842194.709576,0,0,-2041,-255.125
1764842194.7135735,1,1,417,52.125
1764842194.717576,0,0,4321,540.125
1764842194.7215714,0,0,485,60.625
1764842194.7255716,0,0,-1672,-209.000
1764842194.7295763,0,0,-2048,-256.000
1764842194.7335775,1,1,261,32.625
1764842194.7375746,0,0,4318,539.750
1764842194.7415683,0,0,626,78.250
1764842194.7455661,0,0,-1631,-203.875
1764842194.7495685,0,0,-2086,-260.750
1764842194.7535665,1,1,-53,-6.625
1764842194.7575657,0,0,4120,515.000
1764842194.7615573,0,0,693,86.625
1764842194.7655544,0,0,-1608,-201.000
1764842194.7695713,0,0,-2083,-260.375
1764842194.7735677,1,1,-102,-12.750
1764842194.7775745,0,0,4203,525.375
1764842194.7816684,0,0,904,113.000
1764842194.7856154,0,0,-1546,-193.250
1764842194.7896025,0,0,-2047,-255.875
1764842194.793597,1,1,32,4.000
1764842194.7976153,0,0,4466,558.250
1764842194.8016195,0,0,-1467,-183.375
1764842194.8056188,0,0,-2074,-259.250
1764842194.8096206,0,0,-281,-35.125
1764842194.8136146,1,1,4194,524.250
1764842194.8176906,0,0,1265,158.125
1764842194.8216288,0,0,-1449,-181.125
1764842194.8256176,0,0,-2042,-255.250
1764842194.8296123,0,0,-73,-9.125
1764842194.8336055,1,1,4524,565.500
1764842194.8376234,0,0,1642,205.250
1764842194.8416162,0,0,-1347,-168.375
1764842194.8456156,0,0,-2103,-262.875
1764842194.849608,0,0,-825,-103.125
1764842194.8535943,1,1,3625,453.125
1764842194.8576124,0,0,1411,176.375
1764842194.8616173,0,0,-1410,-176.250
1764842194.865615,0,0,-2125,-265.625
1764842194.8696194,0,0,-1131,-141.375
1764842194.8736138,1,1,3211,401.375
1764842194.87762,0,0,1436,179.500
1764842194.8817027,0,0,-1390,-173.750
1764842194.8855722,0,0,-2110,-263.750
1764842194.8895767,0,0,-1090,-136.250
1764842194.8935697,1,1,3303,412.875
1764842194.8975718,0,0,1741,217.625
1764842194.901572,0,0,-1289,-161.125
1764842194.9055758,0,0,-2085,-260.625
1764842194.9095662,0,0,-1116,-139.500
1764842194.9135551,1,1,3270,408.750
1764842194.917564,0,0,2011,251.375
1764842194.921554,0,0,-1200,-150.000
1764842194.9255676,0,0,-2065,-258.125
1764842194.9295692,0,0,-1234,-154.250
1764842194.9335678,1,1,3072,384.000
1764842194.9375703,0,0,2159,269.875
1764842194.94157,0,0,-1145,-143.125
1764842194.945568,0,0,-2048,-256.000
1764842194.9495735,0,0,-1171,-146.375
1764842194.95357,1,1,3172,396.500
1764842194.9575753,0,0,2507,313.375
1764842194.9615667,0,0,-1031,-128.875
1764842194.9655657,0,0,-2026,-253.250
1764842194.9695756,0,0,-1412,-176.500
1764842194.9735696,1,1,2721,340.125
1764842194.977666,0,0,2517,314.625
1764842194.9819748,0,0,-1012,-126.500
1764842194.9856248,0,0,-2016,-252.000
1764842194.98958,0,0,-1384,-173.000
1764842194.9935665,1,1,2751,343.875
1764842194.997568,0,0,2842,355.250
1764842195.00157,0,0,-893,-111.625
1764842195.0055637,0,0,-1988,-248.500
1764842195.0095677,0,0,-1417,-177.125
1764842195.013566,1,1,2668,333.500
1764842195.0176399,0,0,3009,376.125
1764842195.021582,0,0,-829,-103.625
1764842195.025569,0,0,-1974,-246.750
1764842195.029563,0,0,-1760,-220.000
1764842195.0335522,1,1,1871,233.875
1764842195.0375583,0,0,2751,343.875
1764842195.0415623,0,0,-875,-109.375
1764842195.0455565,0,0,-1976,-247.000
1764842195.0495698,0,0,-1838,-229.750
1764842195.0535643,1,1,1599,199.875
1764842195.0575683,0,0,2870,358.750
1764842195.0615637,0,0,-790,-98.750
1764842195.065564,0,0,-1943,-242.875
1764842195.0695648,0,0,-1730,-216.250
1764842195.073562,1,1,1838,229.750
1764842195.0775738,0,0,3344,418.000
1764842195.0816052,0,0,-594,-74.250
1764842195.085572,0,0,-1890,-236.250
1764842195.089572,0,0,-1802,-225.250
1764842195.0935662,1,1,1570,196.250
1764842195.097569,0,0,3413,426.625
1764842195.1015697,0,0,-521,-65.125
1764842195.105569,0,0,-1867,-233.375
1764842195.1095726,0,0,-1795,-224.375
1764842195.1135645,1,1,1537,192.125
1764842195.1175706,0,0,3643,455.375
1764842195.1215682,0,0,-392,-49.000
1764842195.1255777,0,0,-1831,-228.875
1764842195.1295664,0,0,-1859,-232.375
1764842195.1335518,1,1,1276,159.500
1764842195.1375666,0,0,3680,460.000
1764842195.1415691,0,0,-319,-39.875
1764842195.1455688,0,0,-1809,-226.125
1764842195.1495621,0,0,-1855,-231.875
1764842195.1535504,1,1,1239,154.875
1764842195.1575692,0,0,3891,486.375
1764842195.161565,0,0,-180,-22.500
1764842195.165564,0,0,-1771,-221.375
1764842195.1695726,0,0,-1936,-242.000
1764842195.1735673,1,1,874,109.250
1764842195.177565,0,0,3786,473.250
1764842195.1815972,0,0,-146,-18.250
1764842195.1855679,0,0,-1758,-219.750
1764842195.189573,0,0,-1977,-247.125
1764842195.1935687,1,1,633,79.125
1764842195.1975675,0,0,3783,472.875
1764842195.2015643,0,0,-59,-7.375
1764842195.2055647,0,0,-1729,-216.125
1764842195.2095733,0,0,-2016,-252.000
1764842195.2135646,1,1,356,44.500
1764842195.2176483,0,0,3704,463.000
1764842195.2215757,0,0,2,0.250
1764842195.2255633,0,0,-1705,-213.125
1764842195.2295618,0,0,-1983,-247.875
1764842195.2335505,1,1,444,55.500
1764842195.2375696,0,0,4008,501.000
1764842195.2415643,0,0,228,28.500
1764842195.245563,0,0,-1639,-204.875
1764842195.2495599,0,0,-2019,-252.375
1764842195.253552,1,1,110,13.750
1764842195.2575662,0,0,3825,478.125
1764842195.2615657,0,0,264,33.000
1764842195.265564,0,0,-1624,-203.000
1764842195.2695603,0,0,-2022,-252.750
1764842195.2735507,1,1,6,0.750
1764842195.2775645,0,0,3887,485.875
1764842195.2816014,0,0,419,52.375
1764842195.285567,0,0,-1576,-197.000
1764842195.2895582,0,0,-2021,-252.625
1764842195.2935512,1,1,-124,-15.500
1764842195.2975657,0,0,3902,487.750
1764842195.301568,0,0,566,70.750
1764842195.3055668,0,0,-1530,-191.250
1764842195.3095717,0,0,-2015,-251.875
1764842195.3135822,1,1,-220,-27.500
1764842195.3175633,0,0,3926,490.750
1764842195.3215497,0,0,727,90.875
1764842195.3255532,0,0,-1480,-185.000
1764842195.3295665,0,0,-1999,-249.875
1764842195.3335638,1,1,-228,-28.500
1764842195.337561,0,0,4048,506.000
1764842195.3415508,0,0,946,118.250
1764842195.345549,0,0,-1417,-177.125
1764842195.3495655,0,0,-1973,-246.625
1764842195.3535619,1,1,-143,-17.875
1764842195.357568,0,0,4259,532.375
1764842195.3615623,0,0,1216,152.000
1764842195.3655632,0,0,-1345,-168.125
1764842195.3695624,0,0,-2010,-251.250
1764842195.3735619,1,1,-675,-84.375
1764842195.3775644,0,0,3660,457.500
1764842195.3815625,0,0,1115,139.375
1764842195.38567,0,0,-1371,-171.375
1764842195.389613,0,0,-2009,-251.125
1764842195.3936055,1,1,-640,-80.000
1764842195.3976076,0,0,3793,474.125
1764842195.4016085,0,0,1398,174.750
1764842195.405607,0,0,-1288,-161.000
1764842195.409613,0,0,-1990,-248.750
1764842195.4136052,1,1,-656,-82.000
1764842195.4176815,0,0,1633,204.125
1764842195.4216208,0,0,-1222,-152.750
1764842195.4256124,0,0,-1973,-246.625
1764842195.4296045,0,0,-622,-77.750
1764842195.4335902,1,1,3920,490.000
1764842195.437604,0,0,1941,242.625
1764842195.441605,0,0,-1138,-142.250
1764842195.4456081,0,0,-1978,-247.250
1764842195.449602,0,0,-960,-120.000
1764842195.4535885,1,1,3448,431.000
1764842195.4576056,0,0,1924,240.500
1764842195.4616048,0,0,-1142,-142.750
1764842195.465604,0,0,-1983,-247.875
1764842195.4696136,0,0,-1027,-128.375
1764842195.4736092,1,1,3362,420.250
1764842195.477609,0,0,2154,269.250
1764842195.4816048,0,0,-1072,-134.000
1764842195.4856937,0,0,-1968,-246.000
1764842195.4895678,0,0,-1059,-132.375
1764842195.4935653,1,1,3312,414.000
1764842195.4975686,0,0,2397,299.625
1764842195.5015619,0,0,-996,-124.500
1764842195.5055618,0,0,-1958,-244.750
1764842195.5095673,0,0,-1306,-163.250
1764842195.5135648,1,1,2876,359.500
1764842195.5175688,0,0,2412,301.500
1764842195.5215778,0,0,-983,-122.875
1764842195.5255702,0,0,-1954,-244.250
1764842195.5295591,0,0,-1335,-166.875
1764842195.5335472,1,1,2806,350.750
1764842195.5375514,0,0,2652,331.500
1764842195.5415487,0,0,-897,-112.125
1764842195.5455444,0,0,-1932,-241.500
1764842195.549552,0,0,-1287,-160.875
1764842195.553547,1,1,2872,359.000
1764842195.5575655,0,0,2992,374.000
1764842195.5615637,0,0,-780,-97.500
1764842195.5655582,0,0,-1909,-238.625
1764842195.5695636,0,0,-1425,-178.125
1764842195.5735593,1,1,2573,321.625
1764842195.5775611,0,0,3086,385.750
1764842195.5815597,0,0,-733,-91.625
1764842195.585569,0,0,-1899,-237.375
1764842195.589567,0,0,-1623,-202.875
1764842195.5935595,1,1,2111,263.875
1764842195.597566,0,0,3043,380.375
1764842195.6015618,0,0,-720,-90.000
1764842195.6055627,0,0,-1894,-236.750
1764842195.6095657,0,0,-1575,-196.875
1764842195.6135561,1,1,2190,273.750
1764842195.6228912,0,0,-579,-72.375
1764842195.6255805,0,0,-1858,-232.250
1764842195.6295583,0,0,-1465,-183.125
1764842195.6335452,1,1,2386,298.250
1764842195.6375587,0,0,3813,476.625
1764842195.6415625,0,0,-409,-51.125
1764842195.6455603,0,0,-1822,-227.750
1764842195.6495574,0,0,-1789,-223.625
1764842195.653545,1,1,1544,193.000
1764842195.6575632,0,0,3417,427.125
1764842195.661565,0,0,-498,-62.250
1764842195.6655636,0,0,-1843,-230.375
1764842195.6695642,0,0,-1794,-224.250
1764842195.6735592,1,1,1497,187.125
1764842195.6775644,0,0,3642,455.250
1764842195.6815622,0,0,-370,-46.250
1764842195.685596,0,0,-1808,-226.000
1764842195.6895676,0,0,-1985,-248.125
1764842195.6935604,1,1,737,92.125
1764842195.6975648,0,0,3217,402.125
1764842195.7015584,0,0,-452,-56.500
1764842195.7055616,0,0,-1819,-227.375
1764842195.709568,0,0,-1914,-239.250
1764842195.7135823,1,1,974,121.750
1764842195.7175636,0,0,3687,460.875
1764842195.721543,0,0,-213,-26.625
1764842195.7255456,0,0,-1750,-218.750
1764842195.729564,0,0,-1850,-231.250
1764842195.7335618,1,1,1114,139.250
1764842195.7375531,0,0,4061,507.625
1764842195.7415407,0,0,-1,-0.125
1764842195.7455423,0,0,-1692,-211.500
1764842195.7495675,0,0,-1923,-240.375
1764842195.7535605,1,1,750,93.750
1764842195.7575629,0,0,3941,492.625
1764842195.7615573,0,0,39,4.875
1764842195.7655578,0,0,-1681,-210.125
1764842195.7695634,0,0,-1939,-242.375
1764842195.7735598,1,1,627,78.375
1764842195.7775633,0,0,4034,504.250
1764842195.7815547,0,0,171,21.375
1764842195.785555,0,0,-1644,-205.500
1764842195.789552,0,0,-1938,-242.250
1764842195.793546,1,1,556,69.500
1764842195.7975574,0,0,4165,520.625
1764842195.8015559,0,0,328,41.000
1764842195.8055575,0,0,-1602,-200.250
1764842195.8095598,0,0,-1938,-242.250
1764842195.8135579,1,1,486,60.750
1764842195.8175635,0,0,4243,530.375
1764842195.821631,0,0,440,55.000
1764842195.8255677,0,0,-1574,-196.750
1764842195.8295536,0,0,-2054,-256.750
1764842195.8335447,1,1,-366,-45.750
1764842195.8375568,0,0,3438,429.750
1764842195.8415596,0,0,228,28.500
1764842195.8455558,0,0,-1622,-202.750
1764842195.8495512,0,0,-2071,-258.875
1764842195.853541,1,1,-615,-76.875
1764842195.8575592,0,0,3292,411.500
1764842195.8615613,0,0,336,42.000
1764842195.8655596,0,0,-1577,-197.125
1764842195.869547,0,0,-1980,-247.500
1764842195.8735423,1,1,25,3.125
1764842195.8775597,0,0,4249,531.125
1764842195.8815603,0,0,912,114.000
1764842195.8855605,0,0,-1412,-176.500
1764842195.8895624,0,0,-1968,-246.000
1764842195.8935568,1,1,-181,-22.625
1764842195.8975642,0,0,4120,515.000
1764842195.9015603,0,0,1018,127.250
1764842195.9055588,0,0,-1385,-173.125
1764842195.9095602,0,0,-1996,-249.500
1764842195.9135566,1,1,-508,-63.500
1764842195.91756,0,0,3812,476.500
1764842195.921557,0,0,1052,131.500
1764842195.9255621,0,0,-1374,-171.750
1764842195.9295645,0,0,-1971,-246.375
1764842195.9335651,1,1,-322,-40.250
1764842195.9375563,0,0,4148,518.500
1764842195.9415426,0,0,1412,176.500
1764842195.9455445,0,0,-1274,-159.250
1764842195.9495647,0,0,-1980,-247.500
1764842195.9535573,1,1,-647,-80.875
1764842195.9575517,0,0,3785,473.125
1764842195.9615397,0,0,1431,178.875
1764842195.9655435,0,0,-1271,-158.875
1764842195.9695647,0,0,-1980,-247.500
1764842195.9735575,1,1,-672,-84.000
1764842195.9776611,0,0,3810,476.250
1764842195.9818919,0,0,1668,208.500
1764842195.9856188,0,0,-1205,-150.625
1764842195.9895673,0,0,-1980,-247.500
1764842195.993557,1,1,-886,-110.750
1764842195.9975567,0,0,3537,442.125
1764842196.0015533,0,0,1768,221.000
1764842196.0055525,0,0,-1175,-146.875
1764842196.0095558,0,0,-1977,-247.125
1764842196.013556,1,1,-965,-120.625
1764842196.0175548,0,0,3443,430.375
1764842196.0216248,0,0,1955,244.375
1764842196.025567,0,0,-1119,-139.875
1764842196.0295525,0,0,-1971,-246.375
1764842196.033541,1,1,-1203,-150.375
1764842196.0375485,0,0,3060,382.500
1764842196.041539,0,0,2004,250.500
1764842196.0455358,0,0,-1099,-137.375
1764842196.049543,0,0,-1309,-163.625
1764842196.0535417,1,1,2866,358.250
1764842196.057558,0,0,2146,268.250
1764842196.0615554,0,0,-1046,-130.750
1764842196.0655549,0,0,-1951,-243.875
1764842196.0695593,0,0,-1436,-179.500
1764842196.073557,1,1,2607,325.875
1764842196.0775638,0,0,2280,285.000
1764842196.0815544,0,0,-992,-124.000
1764842196.0855534,0,0,-1933,-241.625
1764842196.0895975,0,0,-1434,-179.250
1764842196.0935545,1,1,2585,323.125
1764842196.0975616,0,0,2571,321.375
1764842196.1015558,0,0,-888,-111.000
1764842196.1055517,0,0,-1903,-237.875
1764842196.109558,0,0,-1426,-178.250
1764842196.1135545,1,1,2570,321.250
1764842196.1175592,0,0,2846,355.750
1764842196.1215549,0,0,-787,-98.375
1764842196.1255648,0,0,-1879,-234.875
1764842196.1295524,0,0,-1566,-195.750
1764842196.1335387,1,1,2227,278.375
1764842196.1375544,0,0,2901,362.625
1764842196.1415575,0,0,-748,-93.500
1764842196.1455562,0,0,-1867,-233.375
1764842196.1495495,0,0,-1637,-204.625
1764842196.1535401,1,1,2019,252.375
1764842196.157553,0,0,3035,379.375
1764842196.161555,0,0,-677,-84.625
1764842196.1655557,0,0,-1846,-230.750
1764842196.1695576,0,0,-1564,-195.500
1764842196.173551,1,1,2153,269.125
1764842196.177556,0,0,3422,427.750
1764842196.1815557,0,0,-523,-65.375
1764842196.1855545,0,0,-1808,-226.000
1764842196.1895454,0,0,-1684,-210.500
1764842196.193536,1,1,1798,224.750
1764842196.197552,0,0,3424,428.000
1764842196.2015562,0,0,-486,-60.750
1764842196.2055538,0,0,-1799,-224.875
1764842196.2095585,0,0,-1701,-212.625
1764842196.2135508,1,1,1713,214.125
1764842196.2175567,0,0,3618,452.250
1764842196.2216249,0,0,-380,-47.500
1764842196.2255661,0,0,-1773,-221.625
1764842196.229552,0,0,-1790,-223.750
1764842196.2335374,1,1,1400,175.000
1764842196.2375495,0,0,3627,453.375
1764842196.2415519,0,0,-323,-40.375
1764842196.245555,0,0,-1757,-219.625
1764842196.249549,0,0,-1837,-229.625
1764842196.253537,1,1,1192,149.000
1764842196.2575545,0,0,3696,462.000
1764842196.261552,0,0,-239,-29.875
1764842196.265555,0,0,-1734,-216.750
1764842196.2695565,0,0,-1821,-227.625
1764842196.273553,1,1,1192,149.000
1764842196.277555,0,0,3943,492.875
1764842196.2815514,0,0,-84,-10.500
1764842196.285553,0,0,-1693,-211.625
1764842196.2895849,0,0,-1856,-232.000
1764842196.2935414,1,1,1001,125.125
1764842196.297553,0,0,4001,500.125
1764842196.301552,0,0,11,1.375
1764842196.305551,0,0,-1669,-208.625
1764842196.3095582,0,0,-1893,-236.625
1764842196.3135564,1,1,799,99.875
1764842196.3175566,0,0,4025,503.125
1764842196.3215523,0,0,102,12.750
1764842196.3255563,0,0,-1645,-205.625
1764842196.3295496,0,0,-1940,-242.500
1764842196.3335397,1,1,530,66.250
1764842196.3375523,0,0,3977,497.125
1764842196.34155,0,0,183,22.875
1764842196.3455503,0,0,-1622,-202.750
1764842196.3495436,0,0,-1921,-240.125
1764842196.3535395,1,1,551,68.875
1764842196.3575547,0,0,4188,523.500
1764842196.3615513,0,0,366,45.750
1764842196.3655505,0,0,-1573,-196.625
1764842196.3695548,0,0,-1989,-248.625
1764842196.3735495,1,1,82,10.250
1764842196.377554,0,0,3869,483.625
1764842196.3815525,0,0,359,44.875
1764842196.385548,0,0,-1572,-196.500
1764842196.389588,0,0,-1958,-244.750
1764842196.3935487,1,1,226,28.250
1764842196.3975573,0,0,4202,525.250
1764842196.4015503,0,0,623,77.875
1764842196.4055464,0,0,-1499,-187.375
1764842196.4095552,0,0,-1967,-245.875
1764842196.413548,1,1,42,5.250
1764842196.4175494,0,0,4152,519.000
1764842196.421622,0,0,749,93.625
1764842196.4255672,0,0,-1464,-183.000
1764842196.42955,0,0,-1965,-245.625
1764842196.433534,1,1,-15,-1.875
1764842196.4375503,0,0,4224,528.000
1764842196.4415522,0,0,931,116.375
1764842196.4455519,0,0,-1416,-177.000
1764842196.4495418,0,0,-1974,-246.750
1764842196.4535322,1,1,-174,-21.750
1764842196.457553,0,0,4154,519.250
1764842196.4615524,0,0,1066,133.250
1764842196.465551,0,0,-1381,-172.625
1764842196.4695568,0,0,-1983,-247.875
1764842196.4735477,1,1,-318,-39.750
1764842196.4775534,0,0,4076,509.500
1764842196.48155,0,0,1194,149.250
1764842196.4855542,0,0,-1347,-168.375
1764842196.4895945,0,0,-2009,-251.125
1764842196.4935496,1,1,-694,-86.750
1764842196.497553,0,0,3667,458.375
1764842196.5015514,0,0,1217,152.125
1764842196.5055523,0,0,-1339,-167.375
1764842196.5095546,0,0,-1972,-246.500
1764842196.5135481,1,1,-335,-41.875
1764842196.5175524,0,0,4222,527.750
1764842196.521549,0,0,1713,214.125
1764842196.5255477,0,0,-1200,-150.000
1764842196.5295544,0,0,-1980,-247.500
1764842196.5335498,1,1,-755,-94.375
1764842196.5375435,0,0,3703,462.875
1764842196.5415354,0,0,1691,211.375
1764842196.5455415,0,0,-1211,-151.375
1764842196.5495448,0,0,-1978,-247.250
1764842196.5535376,1,1,-675,-84.375
1764842196.557547,0,0,3858,482.250
1764842196.5615478,0,0,2039,254.875
1764842196.565549,0,0,-1112,-139.000
1764842196.5695455,0,0,-1968,-246.000
1764842196.5735345,1,1,-805,-100.625
1764842196.5775495,0,0,3692,461.500
1764842196.5815473,0,0,2220,277.500
1764842196.5855455,0,0,-1062,-132.750
1764842196.5895526,0,0,-1947,-243.375
1764842196.593565,1,1,-600,-75.000
1764842196.5975556,0,0,3990,498.750
1764842196.6015456,0,0,2727,340.875
1764842196.6055446,0,0,-917,-114.625
1764842196.6095545,0,0,-1867,-233.375
1764842196.6135478,1,1,-85,-10.625
1764842196.617551,0,0,4644,580.500
1764842196.626883,0,0,-1905,-238.125
1764842196.6295738,0,0,-1905,-238.125
1764842196.6335526,1,1,-546,-68.250
1764842196.6375465,0,0,4076,509.500
1764842196.641532,0,0,3183,397.875
1764842196.645531,0,0,-820,-102.500
1764842196.6495497,0,0,-1978,-247.250
1764842196.6535482,1,1,-1594,-199.250
1764842196.6575441,0,0,2317,289.625
1764842196.661535,0,0,2495,311.875
1764842196.6655285,0,0,-1002,-125.250
1764842196.6695523,0,0,-652,-81.500
1764842196.6735473,1,1,3907,488.375
1764842196.6775532,0,0,3799,474.875
1764842196.681548,0,0,-595,-74.375
1764842196.685549,0,0,-1920,-240.000
1764842196.689552,0,0,-942,-117.750
1764842196.6935482,1,1,3439,429.875
1764842196.6975543,0,0,3829,478.625
1764842196.7015495,0,0,-573,-71.625
1764842196.7055488,0,0,-1929,-241.125
1764842196.7095487,0,0,-918,-114.750
1764842196.7135446,1,1,3456,432.000
1764842196.7175531,0,0,4100,512.500
1764842196.7215476,0,0,-479,-59.875
1764842196.7255476,0,0,-1933,-241.625
1764842196.7295492,0,0,-1177,-147.125
1764842196.7335644,1,1,3020,377.500
1764842196.7375484,0,0,4119,514.875
1764842196.7415347,0,0,-445,-55.625
1764842196.7455332,0,0,-1932,-241.500
1764842196.7495503,0,0,-999,-124.875
1764842196.7535455,1,1,3285,410.625
1764842196.7575433,0,0,4554,569.250
1764842196.7615309,0,0,-279,-34.875
1764842196.7655306,0,0,-1922,-240.250
1764842196.76955,0,0,-1467,-183.375
1764842196.773545,1,1,2446,305.750
1764842196.7775466,0,0,4251,531.375
1764842196.7815418,0,0,-335,-41.875
1764842196.7855442,0,0,-1943,-242.875
1764842196.789541,0,0,-1320,-165.000
1764842196.7935276,1,1,2708,338.500
1764842196.7975464,0,0,4697,587.125
1764842196.801544,0,0,-137,-17.125
1764842196.8055432,0,0,-1909,-238.625
1764842196.809551,0,0,-1406,-175.750
1764842196.8135462,1,1,2517,314.625
1764842196.817548,0,0,4810,601.250
1764842196.8215408,0,0,-42,-5.250
1764842196.8256106,0,0,-1901,-237.625
1764842196.8295553,0,0,-1547,-193.375
1764842196.8335314,1,1,2214,276.750
1764842196.8375466,0,0,4814,601.750
1764842196.8415432,0,0,23,2.875
1764842196.8455467,0,0,-1899,-237.375
1764842196.849541,0,0,-1660,-207.500
1764842196.8535314,1,1,1951,243.875
1764842196.857548,0,0,4842,605.250
1764842196.8615463,0,0,112,14.000
1764842196.865542,0,0,-1887,-235.875
1764842196.8695495,0,0,-1751,-218.875
1764842196.8735442,1,1,1710,213.750
1764842196.8775508,0,0,4874,609.250
1764842196.881542,0,0,222,27.750
1764842196.8855412,0,0,-1867,-233.375
1764842196.8895478,0,0,-1725,-215.625
1764842196.8935835,1,1,1739,217.375
1764842196.8975503,0,0,5117,639.625
1764842196.9015403,0,0,425,53.125
1764842196.9055421,0,0,-1825,-228.125
1764842196.9095354,0,0,-1719,-214.875
1764842196.913529,1,1,1725,215.625
1764842196.91755,0,0,5302,662.750
1764842196.921545,0,0,615,76.875
1764842196.9255464,0,0,-1791,-223.875
1764842196.9295495,0,0,-1651,-206.375
1764842196.9335442,1,1,1852,231.500
1764842196.9375494,0,0,5573,696.625
1764842196.9415438,0,0,843,105.375
1764842196.9455497,0,0,-1750,-218.750
1764842196.9495387,0,0,-1839,-229.875
1764842196.9535248,1,1,1364,170.500
1764842196.9575317,0,0,5344,668.000
1764842196.9615278,0,0,918,114.750
1764842196.9655285,0,0,-1744,-218.000
1764842196.9695382,0,0,-1663,-207.875
1764842196.9735365,1,1,1788,223.500
1764842196.9776342,0,0,5811,726.375
1764842196.9819067,0,0,1223,152.875
1764842196.9856083,0,0,-1686,-210.750
1764842196.9895515,0,0,-1961,-245.125
1764842196.9935389,1,1,981,122.625
1764842196.997588,0,0,5267,658.375
1764842197.0015395,0,0,1184,148.000
1764842197.005542,0,0,-1710,-213.750
1764842197.00954,0,0,-2091,-261.375
1764842197.0135362,1,1,518,64.750
1764842197.0175414,0,0,4942,617.750
1764842197.021542,0,0,1243,155.375
1764842197.0256112,0,0,-1698,-212.250
1764842197.029555,0,0,-1892,-236.500
1764842197.033528,1,1,1184,148.000
1764842197.037732,0,0,5654,706.750
1764842197.0415318,0,0,1797,224.625
1764842197.045529,0,0,-1566,-195.750
1764842197.0495348,0,0,-1867,-233.375
1764842197.0535247,1,1,1207,150.875
1764842197.0575306,0,0,5728,716.000
1764842197.0615273,0,0,2035,254.375
1764842197.0655274,0,0,-1524,-190.500
1764842197.0695293,0,0,-1990,-248.750
1764842197.0735264,1,1,835,104.375
1764842197.0775275,0,0,5454,681.750
1764842197.081523,0,0,2150,268.750
1764842197.0855234,0,0,-1513,-189.125
1764842197.0895445,0,0,-2100,-262.500
1764842197.0935435,1,1,442,55.250
1764842197.0975814,0,0,5130,641.250
1764842197.1015434,0,0,2281,285.125
1764842197.1055427,0,0,-1488,-186.000
1764842197.109537,0,0,-2080,-260.000
1764842197.1135263,1,1,524,65.500
1764842197.1175427,0,0,5238,654.750
1764842197.1215386,0,0,2595,324.375
1764842197.125538,0,0,-1413,-176.625
1764842197.1295373,0,0,-2115,-264.375
1764842197.1335273,1,1,369,46.125
1764842197.1375406,0,0,5096,637.000
1764842197.1415424,0,0,2868,358.500
1764842197.1455393,0,0,-1344,-168.000
1764842197.1495447,0,0,-2058,-257.250
1764842197.1535442,1,1,586,73.250
1764842197.157548,0,0,5298,662.250
1764842197.1615412,0,0,3214,401.750
1764842197.165542,0,0,-1260,-157.500
1764842197.1695442,0,0,-2162,-270.250
1764842197.1735437,1,1,129,16.125
1764842197.1775467,0,0,4849,606.125
1764842197.1815412,0,0,3288,411.000
1764842197.1855402,0,0,-1243,-155.375
1764842197.1895452,0,0,-2182,-272.750
1764842197.193542,1,1,48,6.000
1764842197.1975803,0,0,4756,594.500
1764842197.201543,0,0,3534,441.750
1764842197.2055402,0,0,-1170,-146.250
1764842197.2095442,0,0,-2233,-279.125
1764842197.2135413,1,1,-294,-36.750
1764842197.2175455,0,0,4381,547.625
1764842197.2215433,0,0,3657,457.125
1764842197.2256112,0,0,-1120,-140.000
1764842197.2295492,0,0,-2225,-278.125
1764842197.2335262,1,1,-245,-30.625
1764842197.237546,0,0,4407,550.875
1764842197.2415428,0,0,3934,491.750
1764842197.2455406,0,0,-1027,-128.375
1764842197.249533,0,0,-2270,-283.750
1764842197.253524,1,1,-755,-94.375
1764842197.2575405,0,0,3786,473.250
1764842197.2615407,0,0,3908,488.500
1764842197.2655406,0,0,-1001,-125.125
1764842197.2695434,0,0,-2237,-279.625
1764842197.2735386,1,1,-397,-49.625
1764842197.277537,0,0,4183,522.875
1764842197.281539,0,0,4472,559.000
1764842197.2855422,0,0,-788,-98.500
1764842197.2895298,0,0,-63,-7.875
1764842197.2935274,1,1,4509,563.625
1764842197.2975302,0,0,4926,615.750
1764842197.3015628,0,0,-620,-77.500
1764842197.305527,0,0,-2148,-268.500
1764842197.30954,0,0,-30,-3.750
1764842197.313523,1,1,4511,563.875
1764842197.317528,0,0,5158,644.750
1764842197.321524,0,0,-529,-66.125
1764842197.325523,0,0,-2228,-278.500
1764842197.3295443,0,0,-635,-79.375
1764842197.3335383,1,1,3808,476.000
1764842197.3375432,0,0,5032,629.000
1764842197.3415377,0,0,-520,-65.000
1764842197.3455408,0,0,-2252,-281.500
1764842197.349543,0,0,-850,-106.250
1764842197.3535402,1,1,3518,439.750
1764842197.3575425,0,0,5142,642.750
1764842197.3615372,0,0,-408,-51.000
1764842197.3655398,0,0,-2236,-279.500
1764842197.3695447,0,0,-767,-95.875
1764842197.373543,1,1,3607,450.875
1764842197.3775399,0,0,5320,665.000
1764842197.3815355,0,0,-337,-42.125
1764842197.385536,0,0,-2251,-281.375
1764842197.3895445,0,0,-1838,-229.750
1764842197.3935394,1,1,1855,231.875
1764842197.397543,0,0,4462,557.750
1764842197.4015687,0,0,-493,-61.625
1764842197.40554,0,0,-2270,-283.750
1764842197.4095473,0,0,-1437,-179.625
1764842197.413538,1,1,2593,324.125
1764842197.4175425,0,0,5255,656.875
1764842197.4215379,0,0,-81,-10.125
1764842197.4256136,0,0,-2203,-275.375
1764842197.4295578,0,0,-1093,-136.625
1764842197.433526,1,1,3077,384.625
1764842197.4375396,0,0,5742,717.750
1764842197.4415376,0,0,169,21.125
1764842197.445537,0,0,-2179,-272.375
1764842197.44953,0,0,-1542,-192.750
1764842197.4535232,1,1,2343,292.875
1764842197.4575396,0,0,5491,686.375
1764842197.4615371,0,0,238,29.750
1764842197.4655356,0,0,-2165,-270.625
1764842197.4695292,0,0,-1276,-159.500
1764842197.4735215,1,1,2758,344.750
1764842197.477534,0,0,5914,739.250
1764842197.4815373,0,0,479,59.875
1764842197.4855363,0,0,-2135,-266.875
1764842197.4895396,0,0,-1823,-227.875
1764842197.493533,1,1,1733,216.625
1764842197.497541,0,0,5375,671.875
1764842197.5015428,0,0,451,56.375
1764842197.505548,0,0,-2140,-267.500
1764842197.5095327,0,0,-1768,-221.000
1764842197.5135193,1,1,1834,229.250
1764842197.5175319,0,0,5602,700.250
1764842197.5215354,0,0,705,88.125
1764842197.5255365,0,0,-2097,-262.125
1764842197.529528,0,0,-1853,-231.625
1764842197.533517,1,1,1618,202.250
1764842197.5375247,0,0,5590,698.750
1764842197.5415223,0,0,913,114.125
1764842197.5455217,0,0,-2055,-256.875
1764842197.5495427,0,0,-1628,-203.500
1764842197.5535355,1,1,2071,258.875
1764842197.5575407,0,0,6030,753.750
1764842197.5615382,0,0,1246,155.750
1764842197.5655372,0,0,-1994,-249.250
1764842197.5695431,0,0,-2035,-254.375
1764842197.5735352,1,1,1091,136.375
1764842197.5775404,0,0,5372,671.500
1764842197.5815372,0,0,1161,145.125
1764842197.5855358,0,0,-2012,-251.500
1764842197.589541,0,0,-2215,-276.875
1764842197.5935345,1,1,374,46.750
1764842197.5975375,0,0,4852,606.500
1764842197.6015341,0,0,1232,154.000
1764842197.6055725,0,0,-1986,-248.250
1764842197.6095426,0,0,-2084,-260.500
1764842197.6135364,1,1,903,112.875
1764842197.6175368,0,0,5389,673.625
1764842197.6215353,0,0,1691,211.375
1764842197.6308706,0,0,-2228,-278.500
1764842197.633558,1,1,294,36.750
1764842197.6375432,0,0,4900,612.500
1764842197.6415205,0,0,1772,221.500
1764842197.6455202,0,0,-1853,-231.625
1764842197.64954,0,0,-2187,-273.375
1764842197.6535378,1,1,476,59.500
1764842197.65753,0,0,5100,637.500
1764842197.661517,0,0,2094,261.750
1764842197.6655161,0,0,-1769,-221.125
1764842197.6695423,0,0,-2308,-288.500
1764842197.6735368,1,1,-296,-37.000
1764842197.677539,0,0,4372,546.500
1764842197.681533,0,0,2106,263.250
1764842197.6855333,0,0,-1747,-218.375
1764842197.68954,0,0,-2227,-278.375
1764842197.6935334,1,1,246,30.750
1764842197.6975381,0,0,4937,617.125
1764842197.7015321,0,0,2701,337.625
1764842197.7055686,0,0,-1580,-197.500
1764842197.709534,0,0,-2189,-273.625
1764842197.7135344,1,1,394,49.250
1764842197.71754,0,0,5074,634.250
1764842197.7215319,0,0,3025,378.125
1764842197.7255304,0,0,-1492,-186.500
1764842197.729539,0,0,-2286,-285.750
1764842197.7335336,1,1,-187,-23.375
1764842197.737538,0,0,4503,562.875
1764842197.7415335,0,0,3052,381.500
1764842197.7455304,0,0,-1471,-183.875
1764842197.7495344,0,0,-2310,-288.750
1764842197.7535346,1,1,-401,-50.125
1764842197.7575383,0,0,4263,532.875
1764842197.7615328,0,0,3230,403.750
1764842197.7655356,0,0,-1398,-174.750
1764842197.7695358,0,0,-2324,-290.500
1764842197.7735293,1,1,-653,-81.625
1764842197.7775366,0,0,3957,494.625
1764842197.781535,0,0,3354,419.250
1764842197.785534,0,0,-1335,-166.875
1764842197.7895212,0,0,-2334,-291.750
1764842197.793521,1,1,-999,-124.875
1764842197.7975237,0,0,3505,438.125
1764842197.8015172,0,0,3484,435.500
1764842197.8055923,0,0,-1245,-155.625
1764842197.8095782,0,0,-2298,-287.250
1764842197.8135777,1,1,-479,-59.875
1764842197.8175716,0,0,4115,514.375
1764842197.8215604,0,0,4150,518.750
1764842197.8255594,0,0,-1004,-125.500
1764842197.8296633,0,0,-2282,-285.250
1764842197.8335903,1,1,-522,-65.250
1764842197.837574,0,0,4033,504.125
1764842197.8415568,0,0,4334,541.750
1764842197.84556,0,0,-927,-115.875
1764842197.8495831,0,0,-2310,-288.750
1764842197.8535755,1,1,-1199,-149.875
1764842197.8575695,0,0,3133,391.625
1764842197.8615615,0,0,4100,512.500
1764842197.8655608,0,0,-942,-117.750
1764842197.8695822,0,0,-2310,-288.750
1764842197.873577,1,1,-1194,-149.250
1764842197.877579,0,0,3116,389.500
1764842197.881572,0,0,4383,547.875
1764842197.885575,0,0,-786,-98.250
1764842197.8895822,0,0,-2294,-286.750
1764842197.8935776,1,1,-1224,-153.000
1764842197.8975782,0,0,3036,379.500
1764842197.9015734,0,0,4609,576.125
1764842197.9055755,0,0,-2278,-284.750
1764842197.909545,0,0,-1298,-162.250
1764842197.913533,1,1,2889,361.125
1764842197.9175348,0,0,4821,602.625
1764842197.9215276,0,0,-465,-58.125
1764842197.9255266,0,0,-2230,-278.750
1764842197.9295366,0,0,-771,-96.375
1764842197.9335337,1,1,3597,449.625
1764842197.937531,0,0,5446,680.750
1764842197.9415166,0,0,-215,-26.875
1764842197.9455135,0,0,-2228,-278.500
1764842197.9495199,0,0,-1720,-215.000
1764842197.9535158,1,1,2101,262.625
1764842197.9575229,0,0,4697,587.125
1764842197.961515,0,0,-373,-46.625
1764842197.9655123,0,0,-2246,-280.750
1764842197.9695354,0,0,-1856,-232.000
1764842197.973533,1,1,1781,222.625
1764842197.9776235,0,0,4682,585.250
1764842197.9818819,0,0,-253,-31.625
1764842197.9855998,0,0,-2218,-277.250
1764842197.9895415,0,0,-1982,-247.750
1764842197.9935296,1,1,1440,180.000
1764842197.9975338,0,0,4667,583.375
1764842198.0015311,0,0,-81,-10.125
1764842198.0055273,0,0,-2167,-270.875
1764842198.009531,0,0,-1883,-235.375
1764842198.0135329,1,1,1637,204.625
1764842198.0175319,0,0,4992,624.000
1764842198.0215323,0,0,108,13.500
1764842198.0255296,0,0,-2153,-269.125
1764842198.0296082,0,0,-1845,-230.625
1764842198.0335424,1,1,1692,211.500
1764842198.037532,0,0,5222,652.750
1764842198.0415165,0,0,323,40.375
1764842198.0455158,0,0,-2112,-264.000
1764842198.0495358,0,0,-2092,-261.500
1764842198.053529,1,1,956,119.500
1764842198.0575283,0,0,4830,603.750
1764842198.061517,0,0,374,46.750
1764842198.0655167,0,0,-2098,-262.250
1764842198.069532,0,0,-2021,-252.625
1764842198.0735307,1,1,1156,144.500
1764842198.077534,0,0,5164,645.500
1764842198.0815284,0,0,699,87.375
1764842198.0855312,0,0,-2020,-252.500
1764842198.089532,0,0,-1852,-231.500
1764842198.0935256,1,1,1562,195.250
1764842198.0975318,0,0,5627,703.375
1764842198.1015315,0,0,1071,133.875
1764842198.1055288,0,0,-1943,-242.875
1764842198.109573,0,0,-1990,-248.750
1764842198.1135252,1,1,1173,146.625
1764842198.1175323,0,0,5434,679.250
1764842198.1215303,0,0,1196,149.500
1764842198.125529,0,0,-1920,-240.000
1764842198.129534,0,0,-1826,-228.250
1764842198.133526,1,1,1592,199.000
1764842198.1375299,0,0,5852,731.500
1764842198.141528,0,0,1503,187.875
1764842198.1455295,0,0,-1860,-232.500
1764842198.1495352,0,0,-2148,-268.500
1764842198.1535273,1,1,650,81.250
1764842198.1575317,0,0,5153,644.125
1764842198.1615264,0,0,1456,182.000
1764842198.1655307,0,0,-1873,-234.125
1764842198.1695335,0,0,-2130,-266.250
1764842198.1735268,1,1,698,87.250
1764842198.1775293,0,0,5263,657.875
1764842198.1815264,0,0,1790,223.750
1764842198.1855278,0,0,-1788,-223.500
1764842198.1895308,0,0,-2044,-255.500
1764842198.1935499,1,1,957,119.625
1764842198.197525,0,0,5523,690.375
1764842198.2015107,0,0,2037,254.625
1764842198.2055104,0,0,-1735,-216.875
1764842198.2095635,0,0,-2346,-293.250
1764842198.2135282,1,1,-1005,-125.625
1764842198.217525,0,0,3512,439.000
1764842198.221512,0,0,1446,180.750
1764842198.2255096,0,0,-1852,-231.500
1764842198.2296143,0,0,-2296,-287.000
1764842198.233544,1,1,-231,-28.875
1764842198.2375283,0,0,4465,558.125
1764842198.2415106,0,0,2258,282.250
1764842198.2455127,0,0,-1621,-202.625
1764842198.249532,0,0,-2292,-286.500
1764842198.2535293,1,1,-336,-42.000
1764842198.257525,0,0,4360,545.000
1764842198.2615116,0,0,2528,316.000
1764842198.2655108,0,0,-1533,-191.625
1764842198.269514,0,0,-2288,-286.000
1764842198.2735138,1,1,-366,-45.750
1764842198.2775276,0,0,4331,541.375
1764842198.2815282,0,0,2818,352.250
1764842198.2855241,0,0,-1438,-179.750
1764842198.2895186,0,0,-2276,-284.500
1764842198.2935116,1,1,-345,-43.125
1764842198.297527,0,0,4345,543.125
1764842198.301533,0,0,3142,392.750
1764842198.3055294,0,0,-1326,-165.750
1764842198.3095553,0,0,-2291,-286.375
1764842198.3135092,1,1,-584,-73.000
1764842198.3175268,0,0,4054,506.750
1764842198.3215292,0,0,3252,406.500
1764842198.3255265,0,0,-1284,-160.500
1764842198.3295221,0,0,-2313,-289.125
1764842198.3335085,1,1,-990,-123.750
1764842198.3375232,0,0,3533,441.625
1764842198.341531,0,0,3272,409.000
1764842198.3455281,0,0,-1247,-155.875
1764842198.3495312,0,0,-2310,-288.750
1764842198.3535268,1,1,-1056,-132.000
1764842198.3575335,0,0,3414,426.750
1764842198.3615286,0,0,3507,438.375
1764842198.365529,0,0,-1139,-142.375
1764842198.3695316,0,0,-2303,-287.875
1764842198.3735247,1,1,-1322,-165.250
1764842198.3775291,0,0,2993,374.125
1764842198.3815272,0,0,3559,444.875
1764842198.3855276,0,0,-1073,-134.125
1764842198.3895302,0,0,-2291,-286.375
1764842198.3935254,1,1,-1236,-154.500
1764842198.3975298,0,0,3091,386.375
1764842198.4015276,0,0,3893,486.625
1764842198.405527,0,0,-924,-115.500
1764842198.4095442,0,0,-2276,-284.500
1764842198.4135275,1,1,-1600,-200.000
1764842198.4175286,0,0,2447,305.875
1764842198.4215226,0,0,3797,474.625
1764842198.4255254,0,0,-882,-110.250
1764842198.429625,0,0,-2261,-282.625
1764842198.4335403,1,1,-1338,-167.250
1764842198.4375243,0,0,2866,358.250
1764842198.4415073,0,0,4367,545.875
1764842198.4455118,0,0,-634,-79.250
1764842198.4495318,0,0,-2224,-278.000
1764842198.4535263,1,1,-1345,-168.125
1764842198.4575176,0,0,2821,352.625
1764842198.4615097,0,0,4623,577.875
1764842198.4655101,0,0,-481,-60.125
1764842198.469529,0,0,-2183,-272.875
1764842198.4735258,1,1,-942,-117.750
1764842198.477528,0,0,3400,425.000
1764842198.4815233,0,0,5236,654.500
1764842198.485521,0,0,-218,-27.250
1764842198.4895182,0,0,-2167,-270.875
1764842198.493509,1,1,-1547,-193.375
1764842198.4975247,0,0,2434,304.250
1764842198.5015213,0,0,4801,600.125
1764842198.505524,0,0,-306,-38.250
1764842198.5095348,0,0,-2185,-273.125
1764842198.5135634,1,1,-2062,-257.750
1764842198.5175295,0,0,1209,151.125
1764842198.5215223,0,0,4095,511.875
1764842198.5255227,0,0,-450,-56.250
1764842198.529528,0,0,-2134,-266.750
1764842198.533522,1,1,919,114.875
1764842198.5375192,0,0,4069,508.625
1764842198.5415068,0,0,-342,-42.750
1764842198.545504,0,0,-2165,-270.625
1764842198.5495245,0,0,-2239,-279.875
1764842198.5535214,0,1,389,48.625
1764842198.5575283,0,0,3786,473.250
1764842198.5615244,0,0,-319,-39.875
1764842198.5655203,0,0,-2140,-267.500
1764842198.5695262,0,0,-2263,-282.875
1764842198.5735238,0,0,174,21.750
1764842198.577526,0,0,3757,469.625
1764842198.5815258,0,0,-202,-25.250
1764842198.5855289,0,0,-2093,-261.625
1764842198.5895164,0,0,-2318,-289.750
1764842198.5935075,0,0,-450,-56.250
1764842198.59752,0,0,3260,407.500
1764842198.6015215,0,0,-237,-29.625
1764842198.605525,0,0,-2070,-258.750
1764842198.609513,0,0,-2294,-286.750
1764842198.613559,0,1,-340,-42.500
1764842198.6175673,0,0,3578,447.250
1764842198.621569,0,0,67,8.375
1764842198.6255674,0,0,-1973,-246.625
1764842198.636132,1,1,323,40.375
1764842198.6380336,0,0,4429,553.625
1764842198.641572,0,0,552,69.000
1764842198.6455686,0,0,-1841,-230.125
1764842198.6495636,0,0,-2284,-285.500
1764842198.6535485,0,0,-784,-98.000
1764842198.6575644,0,0,3290,411.250
1764842198.6615674,0,0,239,29.875
1764842198.6655672,0,0,-1893,-236.625
1764842198.6695623,0,0,-2285,-285.625
1764842198.6735473,0,0,-982,-122.750
1764842198.677566,0,0,3141,392.625
1764842198.681567,0,0,383,47.875
1764842198.6855667,0,0,-1824,-228.000
1764842198.6895745,0,0,-2256,-282.000
1764842198.6935635,0,0,-898,-112.250
1764842198.6975684,0,0,3371,421.375
1764842198.7015648,0,0,699,87.375
1764842198.705566,0,0,-1715,-214.375
1764842198.7095687,0,0,-2226,-278.250
1764842198.7136767,1,1,-903,-112.875
1764842198.7175257,0,0,3447,430.875
1764842198.7215052,0,0,980,122.500
1764842198.7255063,0,0,-1615,-201.875
1764842198.729524,0,0,-2195,-274.375
1764842198.7335224,0,0,-820,-102.500
1764842198.7375152,1,1,3635,454.375
1764842198.741501,0,0,1342,167.750
1764842198.7455018,0,0,-1501,-187.625
1764842198.7495272,0,0,-2145,-268.125
1764842198.7535243,0,0,-514,-64.250
1764842198.7575257,1,1,4077,509.625
1764842198.7616851,0,0,1765,220.625
1764842198.7655778,0,0,-1378,-172.250
1764842198.7695177,0,0,-2166,-270.750
1764842198.773507,0,0,-1280,-160.000
1764842198.7775037,1,1,2998,374.750
1764842198.7815,0,0,1466,183.250
1764842198.7855015,0,0,-1448,-181.000
1764842198.789507,0,0,-2161,-270.125
1764842198.7935042,0,0,-1030,-128.750
1764842198.7975183,1,1,3425,428.125
1764842198.8015168,0,0,1956,244.500
1764842198.8055162,0,0,-1294,-161.750
1764842198.809524,0,0,-2138,-267.250
1764842198.8135974,0,0,-1431,-178.875
1764842198.817573,1,0,2747,343.375
1764842198.8215597,0,0,1842,230.250
1764842198.8255594,0,0,-1308,-163.500
1764842198.829567,0,0,-2132,-266.500
1764842198.8336425,0,0,-1434,-179.250
1764842198.8375735,1,1,2739,342.375
1764842198.8415458,0,0,2121,265.125
1764842198.8455403,0,0,-1205,-150.625
1764842198.8495665,0,0,-2101,-262.625
1764842198.8535614,0,0,-1594,-199.250
1764842198.8575602,1,1,2391,298.875
1764842198.8615432,0,0,2193,274.125
1764842198.865541,0,0,-1156,-144.500
1764842198.869565,0,0,-2079,-259.875
1764842198.8735647,0,0,-1549,-193.625
1764842198.8775704,1,1,2465,308.125
1764842198.8815632,0,0,2587,323.375
1764842198.8855622,0,0,-1003,-125.375
1764842198.8895657,0,0,-2030,-253.750
1764842198.8935616,0,0,-1320,-165.000
1764842198.8975685,1,1,2873,359.125
1764842198.901563,0,0,3113,389.125
1764842198.9055624,0,0,-801,-100.125
1764842198.909554,0,0,-1979,-247.375
1764842198.9135425,0,0,-1848,-231.000
1764842198.917654,1,0,1620,202.500
1764842198.9215214,0,0,2478,309.750
1764842198.9255195,0,0,-980,-122.500
1764842198.929521,0,0,-2013,-251.625
1764842198.9335139,0,0,-1836,-229.500
1764842198.9375186,1,1,1637,204.625
1764842198.9415193,0,0,2793,349.125
1764842198.9455163,0,0,-842,-105.250
1764842198.949517,0,0,-1971,-246.375
1764842198.9535136,0,0,-1829,-228.625
1764842198.9575188,1,1,1615,201.875
1764842198.9615178,0,0,2982,372.750
1764842198.9655166,0,0,-753,-94.125
1764842198.9695237,0,0,-1943,-242.875
1764842198.9735165,0,0,-2103,-262.875
1764842198.9776106,1,1,333,41.625
1764842198.9818654,0,0,2172,271.500
1764842198.985585,0,0,-950,-118.750
1764842198.989526,0,0,-1968,-246.000
1764842198.993516,0,0,-1697,-212.125
1764842198.997543,1,1,1867,233.375
1764842199.001509,0,0,3813,476.625
1764842199.0055034,0,0,-351,-43.875
1764842199.0095227,0,0,-1812,-226.500
1764842199.0135195,0,0,-1930,-241.250
1764842199.0175183,1,1,1005,125.625
1764842199.0215158,0,0,3344,418.000
1764842199.0255182,0,0,-446,-55.750
1764842199.0295117,0,0,-1832,-229.000
1764842199.03359,0,0,-1951,-243.875
1764842199.0375175,1,1,891,111.375
1764842199.0415146,0,0,3500,437.500
1764842199.0455172,0,0,-319,-39.875
1764842199.0495214,0,0,-1791,-223.875
1764842199.0535173,0,0,-1947,-243.375
1764842199.057513,1,1,818,102.250
1764842199.061513,0,0,3652,456.500
1764842199.0655124,0,0,-196,-24.500
1764842199.069522,0,0,-1750,-218.750
1764842199.0735173,0,0,-2024,-253.000
1764842199.0775187,1,1,332,41.500
1764842199.0815136,0,0,3351,418.875
1764842199.085513,0,0,-237,-29.625
1764842199.089518,0,0,-1749,-218.625
1764842199.0935197,0,0,-2084,-260.500
1764842199.097523,1,1,-289,-36.125
1764842199.1015186,0,0,2868,358.500
1764842199.1055188,0,0,-313,-39.125
1764842199.109511,0,0,-1750,-218.750
1764842199.113503,0,0,-2044,-255.500
1764842199.1175187,1,1,-45,-5.625
1764842199.1215174,0,0,3363,420.375
1764842199.1255155,0,0,-27,-3.375
1764842199.1295106,0,0,-1657,-207.125
1764842199.1335,0,0,-2051,-256.375
1764842199.1375165,1,1,-472,-59.000
1764842199.141518,0,0,3004,375.500
1764842199.1455145,0,0,-62,-7.750
1764842199.1495173,0,0,-1650,-206.250
1764842199.1535158,0,0,-605,-75.625
1764842199.1575222,1,1,2996,374.500
1764842199.161516,0,0,54,6.750
1764842199.1655126,0,0,-1598,-199.750
1764842199.1695182,0,0,-2017,-252.125
1764842199.173514,0,0,-704,-88.000
1764842199.1775212,1,1,3002,375.250
1764842199.1815176,0,0,182,22.750
1764842199.1855147,0,0,-1547,-193.375
1764842199.189517,0,0,-1994,-249.250
1764842199.1935134,0,0,-749,-93.625
1764842199.197517,1,1,3086,385.750
1764842199.2015152,0,0,351,43.875
1764842199.205517,0,0,-1485,-185.625
1764842199.2095177,0,0,-1970,-246.250
1764842199.2135122,0,0,-1050,-131.250
1764842199.2175503,1,1,2681,335.125
1764842199.221518,0,0,315,39.375
1764842199.225514,0,0,-1477,-184.625
1764842199.2295172,0,0,-1952,-244.000
1764842199.2335951,0,0,-1049,-131.125
1764842199.2375314,1,1,2825,353.125
1764842199.241499,0,0,558,69.750
1764842199.2455003,0,0,-1390,-173.750
1764842199.2495196,0,0,-1914,-239.250
1764842199.253514,0,0,-867,-108.375
1764842199.2575097,1,1,3248,406.000
1764842199.2614985,0,0,930,116.250
1764842199.2655,0,0,-1274,-159.250
1764842199.2695193,0,0,-1884,-235.500
1764842199.273514,0,0,-1193,-149.125
1764842199.2775178,1,1,2719,339.875
1764842199.2815146,0,0,847,105.875
1764842199.2855153,0,0,-1286,-160.750
1764842199.2895107,0,0,-1876,-234.500
1764842199.2935007,0,0,-1132,-141.500
1764842199.297513,1,1,2926,365.750
1764842199.3015127,0,0,1164,145.500
1764842199.305514,0,0,-1185,-148.125
1764842199.3095076,0,0,-1843,-230.375
1764842199.3135,0,0,-1333,-166.625
1764842199.3175423,1,1,2527,315.875
1764842199.3215187,0,0,1159,144.875
1764842199.3255148,0,0,-1176,-147.000
1764842199.329524,0,0,-1830,-228.750
1764842199.3335166,0,0,-1097,-137.125
1764842199.3375196,1,1,3069,383.625
1764842199.3415132,0,0,1736,217.000
1764842199.3455129,0,0,-1002,-125.250
1764842199.3495164,0,0,-1785,-223.125
1764842199.353517,0,0,-1257,-157.125
1764842199.3575172,1,1,2760,345.000
1764842199.3615124,0,0,1827,228.375
1764842199.3655121,0,0,-967,-120.875
1764842199.3695207,0,0,-1771,-221.375
1764842199.3735135,0,0,-1171,-146.375
1764842199.3775175,1,1,2938,367.250
1764842199.3815117,0,0,2174,271.750
1764842199.3855116,0,0,-864,-108.000
1764842199.389517,0,0,-1748,-218.500
1764842199.3935134,0,0,-1421,-177.625
1764842199.3975163,1,1,2386,298.250
1764842199.4015253,0,0,2071,258.875
1764842199.4055161,0,0,-889,-111.125
1764842199.4095073,0,0,-1754,-219.250
1764842199.413497,0,0,-1596,-199.500
1764842199.4175253,1,1,1908,238.500
1764842199.421517,0,0,2024,253.000
1764842199.42551,0,0,-887,-110.875
1764842199.429519,0,0,-1745,-218.125
1764842199.4335856,0,0,-1477,-184.625
1764842199.4375257,1,1,2219,277.375
1764842199.4414983,0,0,2548,318.500
1764842199.4454968,0,0,-711,-88.875
1764842199.4495175,0,0,-1697,-212.125
1764842199.4535108,0,0,-1360,-170.000
1764842199.457507,1,1,2462,307.750
1764842199.4614978,0,0,3035,379.375
1764842199.4654965,0,0,-545,-68.125
1764842199.4695044,0,0,-1657,-207.125
1764842199.4734938,0,0,-1307,-163.375
1764842199.477512,1,1,2557,319.625
1764842199.4815128,0,0,3338,417.250
1764842199.4855106,0,0,-445,-55.625
1764842199.4895144,0,0,-1642,-205.250
1764842199.4935105,0,0,-1652,-206.500
1764842199.4975326,1,1,1613,201.625
1764842199.5015228,0,0,2893,361.625
1764842199.5055134,0,0,-564,-70.500
1764842199.5095026,0,0,-1676,-209.500
1764842199.5134947,0,0,-1476,-184.500
1764842199.5175085,1,1,2119,264.875
1764842199.5215468,0,0,3728,466.000
1764842199.5255096,0,0,-236,-29.500
1764842199.529504,0,0,-1578,-197.250
1764842199.5334933,0,0,-560,-70.000
1764842199.5374987,1,1,3822,477.750
1764842199.5414946,0,0,5147,643.375
1764842199.545494,0,0,223,27.875
1764842199.5495164,0,0,-1506,-188.250
1764842199.5535073,0,0,-1450,-181.250
1764842199.5575132,1,1,2116,264.500
1764842199.561508,0,0,4139,517.375
1764842199.56551,0,0,-91,-11.375
1764842199.5695155,0,0,-1617,-202.125
1764842199.5735111,0,0,-1722,-215.250
1764842199.577511,1,1,1391,173.875
1764842199.5815067,0,0,3705,463.125
1764842199.5855088,0,0,-216,-27.000
1764842199.589512,0,0,-1658,-207.250
1764842199.5935109,0,0,-1880,-235.000
1764842199.597512,1,1,749,93.625
1764842199.6015062,0,0,3400,425.000
1764842199.6055079,0,0,-241,-30.125
1764842199.609514,0,0,-1662,-207.750
1764842199.6135094,0,0,-1952,-244.000
1764842199.6175132,1,1,288,36.000
1764842199.6215227,0,0,3159,394.875
1764842199.6255507,0,0,-257,-32.125
1764842199.6295443,0,0,-1656,-207.000
1764842199.7802691,0,0,8092,1011.500
1764842199.7822084,0,0,3351,418.875
1764842199.78556,0,0,713,89.125
1764842199.7895496,0,0,3673,459.125
1764842199.793536,0,0,7415,926.875
1764842199.7975533,1,1,9556,1194.500
1764842199.8015532,0,0,4068,508.500
1764842199.8055546,0,0,1626,203.250
1764842199.8095467,0,0,4757,594.625
1764842199.8135362,0,0,7983,997.875
1764842199.817554,1,1,9591,1198.875
1764842199.8215528,0,0,4320,540.000
1764842199.8255522,0,0,1781,222.625
1764842199.8295536,0,0,4891,611.375
1764842199.8335533,0,0,7972,996.500
1764842199.8375583,1,1,9442,1180.250
1764842199.8415496,0,0,4751,593.875
1764842199.8455524,0,0,2544,318.000
1764842199.8495564,0,0,5606,700.750
1764842199.8535552,0,0,8214,1026.750
1764842199.8575552,1,1,9273,1159.125
1764842199.8615482,0,0,4373,546.625
1764842199.8655524,0,0,627,78.375
1764842199.8695514,0,0,3287,410.875
1764842199.873552,0,0,6705,838.125
1764842199.8775544,1,1,8687,1085.875
1764842199.8815515,0,0,4281,535.125
1764842199.88555,0,0,-586,-73.250
1764842199.889556,0,0,1358,169.750
1764842199.8935533,0,0,5240,655.000
1764842199.897557,1,1,8032,1004.000
1764842199.9015462,0,0,4481,560.125
1764842199.9055488,0,0,-399,-49.875
1764842199.9095526,0,0,1608,201.000
1764842199.9135513,0,0,5347,668.375
1764842199.9175632,1,1,7945,993.125
1764842199.9215574,0,0,4375,546.875
1764842199.925548,0,0,-1327,-165.875
1764842199.9296367,0,0,-583,-72.875
1764842199.9335115,0,0,3383,422.875
1764842199.937512,1,1,6958,869.750
1764842199.9415097,0,0,4490,561.250
1764842199.9455063,0,0,-1172,-146.500
1764842199.9494944,0,0,-89,-11.125
1764842199.9534903,0,0,3846,480.750
1764842199.9575088,1,1,7116,889.500
1764842199.9615095,0,0,4624,578.000
1764842199.9655066,0,0,-1413,-176.625
1764842199.9695108,0,0,-1143,-142.875
1764842199.973506,0,0,2695,336.875
1764842199.97767,1,1,6438,804.750
1764842199.9818687,0,0,4500,562.500
1764842199.9855711,0,0,-1516,-189.500
1764842199.9895175,0,0,-2054,-256.750
1764842199.9935055,0,0,706,88.250
1764842199.9975097,1,1,5057,632.125
1764842200.0015092,0,0,4257,532.125
1764842200.0055058,0,0,-1532,-191.500
1764842200.009506,0,0,-1776,-222.000
1764842200.0135057,0,0,184,23.000
1764842200.0175037,1,1,4614,576.750
1764842200.0214934,0,0,4408,551.000
1764842200.025493,0,0,-1441,-180.125
1764842200.0295374,0,0,-2053,-256.625
1764842200.0334883,0,0,528,66.000
1764842200.0374935,1,1,4889,611.125
1764842200.0414977,0,0,4841,605.125
1764842200.0455334,0,0,-1268,-158.500
1764842200.0498214,0,0,-2008,-251.000
1764842200.0537152,0,0,1187,148.375
1764842200.0575316,1,1,5381,672.625
1764842200.0614915,0,0,5216,652.000
1764842200.0654924,0,0,-1133,-141.625
1764842200.0695145,0,0,-1720,-215.000
1764842200.0735059,0,0,-580,-72.500
1764842200.0775049,1,1,3837,479.625
1764842200.0814927,0,0,4854,606.750
1764842200.085492,0,0,-1120,-140.000
1764842200.089515,0,0,-2123,-265.375
1764842200.0935059,0,0,108,13.500
1764842200.097507,1,1,4492,561.500
1764842200.1015048,0,0,5383,672.875
1764842200.1055064,0,0,-846,-105.750
1764842200.1095045,0,0,-1922,-240.250
1764842200.113505,0,0,-542,-67.750
1764842200.1175113,1,1,3836,479.500
1764842200.1215024,0,0,5349,668.625
1764842200.1255076,0,0,-768,-96.000
1764842200.1295514,0,0,-2238,-279.750
1764842200.133507,0,0,242,30.250
1764842200.1375077,1,1,4566,570.750
1764842200.1415067,0,0,5902,737.750
1764842200.1455033,0,0,-500,-62.500
1764842200.1495059,0,0,-2250,-281.250
1764842200.1535058,0,0,217,27.125
1764842200.157513,1,1,4505,563.125
1764842200.1615028,0,0,6022,752.750
1764842200.1655014,0,0,-378,-47.250
1764842200.1695077,0,0,-2264,-283.000
1764842200.1735053,0,0,-198,-24.750
1764842200.1775956,1,1,4110,513.750
1764842200.1815176,0,0,5970,746.250
1764842200.1855044,0,0,-303,-37.875
1764842200.189498,0,0,-1890,-236.250
1764842200.1934912,0,0,-866,-108.250
1764842200.1975088,1,1,3407,425.875
1764842200.2015023,0,0,5787,723.375
1764842200.2055051,0,0,-225,-28.125
1764842200.209498,0,0,-1660,-207.500
1764842200.2134912,0,0,-1271,-158.875
1764842200.2175086,1,1,2891,361.375
1764842200.2215075,0,0,5734,716.750
1764842200.2255023,0,0,5,0.625
1764842200.2295055,0,0,-1979,-247.375
1764842200.233543,0,0,-983,-122.875
1764842200.2375114,1,1,3247,405.875
1764842200.241506,0,0,6109,763.625
1764842200.2455037,0,0,369,46.125
1764842200.2495084,0,0,-2297,-287.125
1764842200.2535014,0,0,-515,-64.375
1764842200.2575085,1,1,3732,466.500
1764842200.2615042,0,0,6458,807.250
1764842200.265505,0,0,648,81.000
1764842200.2695026,0,0,-2216,-277.000
1764842200.273502,0,0,-948,-118.500
1764842200.277508,1,1,3241,405.125
1764842200.281504,0,0,6282,785.250
1764842200.285505,0,0,730,91.250
1764842200.2894957,0,0,-1587,-198.375
1764842200.293488,0,0,-1705,-213.125
1764842200.2975028,1,1,2087,260.875
1764842200.3015053,0,0,5733,716.625
1764842200.3055062,0,0,863,107.875
1764842200.3095038,0,0,-1955,-244.375
1764842200.313503,0,0,-1349,-168.625
1764842200.3175073,1,1,2695,336.875
1764842200.321524,0,0,6191,773.875
1764842200.3255148,0,0,1317,164.625
1764842200.3295028,0,0,-2172,-271.500
1764842200.33352,0,0,-1241,-155.125
1764842200.3375037,1,1,2820,352.500
1764842200.3415062,0,0,6321,790.125
1764842200.345504,0,0,1568,196.000
1764842200.3494966,0,0,-1720,-215.000
1764842200.353487,0,0,-1731,-216.375
1764842200.3575032,1,1,1995,249.375
1764842200.3615017,0,0,5874,734.250
1764842200.3655047,0,0,1730,216.250
1764842200.369507,0,0,-2067,-258.375
1764842200.3735,0,0,-1484,-185.500
1764842200.377596,1,1,2438,304.750
1764842200.3815181,0,0,6191,773.875
1764842200.3855057,0,0,2103,262.875
1764842200.389494,0,0,-1794,-224.250
1764842200.3934891,0,0,-1756,-219.500
1764842200.3975005,1,1,5884,735.500
1764842200.4014995,0,0,2280,285.000
1764842200.4055037,0,0,-1712,-214.000
1764842200.4094975,0,0,-1832,-229.000
1764842200.4134846,0,0,1619,202.375
1764842200.4175029,1,1,5715,714.375
1764842200.4215014,0,0,2601,325.125
1764842200.4255013,0,0,-1949,-243.625
1764842200.4295118,0,0,-1716,-214.500
1764842200.4335425,0,0,1978,247.250
1764842200.4375126,1,1,5957,744.625
1764842200.4415019,0,0,2934,366.750
1764842200.445502,0,0,-1745,-218.125
1764842200.449517,0,0,-1879,-234.875
1764842200.453505,0,0,1456,182.000
1764842200.4574995,1,1,5612,701.500
1764842200.4614851,0,0,3095,386.875
1764842200.4654841,0,0,-1709,-213.625
1764842200.4695058,0,0,-1877,-234.625
1764842200.473504,0,0,1230,153.750
1764842200.4775,1,1,5460,682.500
1764842200.4814858,0,0,3439,429.875
1764842200.485485,0,0,-1809,-226.125
1764842200.4894907,0,0,-1873,-234.125
1764842200.4934871,0,0,1574,196.750
1764842200.4974966,1,1,5681,710.125
1764842200.5015054,0,0,3744,468.000
1764842200.5054998,0,0,-1635,-204.375
1764842200.509499,0,0,-1870,-233.750
1764842200.5135007,0,0,839,104.875
1764842200.5175073,1,1,5150,643.750
1764842200.521502,0,0,3876,484.500
1764842200.5254972,0,0,-1633,-204.125
1764842200.5294905,0,0,-1906,-238.250
1764842200.533483,0,0,883,110.375
1764842200.5375223,1,1,5171,646.375
1764842200.5414853,0,0,4207,525.875
1764842200.545485,0,0,-1577,-197.125
1764842200.5495005,0,0,-2016,-252.000
1764842200.5534983,0,0,972,121.500
1764842200.5575063,1,1,5217,652.125
1764842200.5615022,0,0,4480,560.000
1764842200.5655017,0,0,-1483,-185.375
1764842200.5695016,0,0,-2005,-250.625
1764842200.5734956,0,0,736,92.000
1764842200.5775888,1,1,5029,628.625
1764842200.581516,0,0,4593,574.125
1764842200.5855014,0,0,-1425,-178.125
1764842200.5894902,0,0,-1553,-194.125
1764842200.593482,0,0,-405,-50.625
1764842200.5974991,1,1,4023,502.875
1764842200.6015005,0,0,4444,555.500
1764842200.6054997,0,0,-1388,-173.500
1764842200.6094944,0,0,-1669,-208.625
1764842200.6134834,0,0,-263,-32.875
1764842200.6174958,1,1,4152,519.000
1764842200.6215026,0,0,4829,603.625
1764842200.625501,0,0,-1198,-149.750
1764842200.629502,0,0,-1876,-234.500
1764842200.6335,0,0,-110,-13.750
1764842200.637503,1,1,4285,535.625
1764842200.6414976,0,0,5195,649.375
1764842200.6455007,0,0,-984,-123.000
1764842200.6495042,0,0,-2173,-271.625
1764842200.6534986,0,0,605,75.625
1764842200.6575055,1,1,4876,609.500
1764842200.6615005,0,0,5650,706.250
1764842200.6655009,0,0,-787,-98.375
1764842200.6695018,0,0,-2222,-277.750
1764842200.6734986,0,0,336,42.000
1764842200.6775014,1,1,4629,578.625
1764842200.6814978,0,0,5718,714.750
1764842200.6854994,0,0,-701,-87.625
1764842200.6895046,0,0,-1966,-245.750
1764842200.6935,0,0,-427,-53.375
1764842200.6975021,1,1,3909,488.625
1764842200.701496,0,0,5616,702.000
1764842200.7054956,0,0,-587,-73.375
1764842200.709502,0,0,-2207,-275.875
1764842200.7135,0,0,-200,-25.000
1764842200.7175033,1,1,4115,514.375
1764842200.7214952,0,0,5945,743.125
1764842200.7254958,0,0,-331,-41.375
1764842200.7295024,0,0,-2270,-283.750
1764842200.7334976,0,0,-181,-22.625
1764842200.7375138,1,1,4103,512.875
1764842200.7414968,0,0,6093,761.625
1764842200.7454953,0,0,-161,-20.125
1764842200.749494,0,0,-2206,-275.750
1764842200.7534974,0,0,-508,-63.500
1764842200.7575033,1,1,3772,471.500
1764842200.7614992,0,0,6069,758.625
1764842200.765495,0,0,-46,-5.750
1764842200.7694986,0,0,-1772,-221.500
1764842200.773498,0,0,-1112,-139.000
1764842200.7827833,0,0,5917,739.625
1764842200.7855182,0,0,177,22.125
1764842200.7894938,0,0,-2293,-286.625
1764842200.7934847,0,0,-316,-39.500
1764842200.7974973,1,1,3923,490.375
1764842200.801508,0,0,6413,801.625
1764842200.805498,0,0,401,50.125
1764842200.8094935,0,0,-1624,-203.000
1764842200.8134785,0,0,-1502,-187.750
1764842200.817496,1,1,2496,312.000
1764842200.8215003,0,0,5816,727.000
1764842200.8254976,0,0,522,65.250
1764842200.8294833,0,0,-2175,-271.875
1764842200.8334787,0,0,-931,-116.375
1764842200.8374972,1,1,3246,405.750
1764842200.8414993,0,0,6318,789.750
1764842200.8454955,0,0,831,103.875
1764842200.8494995,0,0,-1631,-203.875
1764842200.8534951,0,0,-1643,-205.375
1764842200.8574982,1,1,2208,276.000
1764842200.8614945,0,0,5813,726.625
1764842200.8654966,0,0,922,115.250
1764842200.869499,0,0,-1622,-202.750
1764842200.8734937,0,0,-1718,-214.750
1764842200.8774989,1,1,2027,253.375
1764842200.8814943,0,0,5811,726.375
1764842200.8854985,0,0,1326,165.750
1764842200.8895009,0,0,-2236,-279.500
1764842200.8934922,0,0,-931,-116.375
1764842200.8974895,1,1,3196,399.500
1764842200.9014783,0,0,6544,818.000
1764842200.9054794,0,0,1827,228.375
1764842200.9094987,0,0,-2165,-270.625
1764842200.9134924,0,0,-1208,-151.000
1764842200.9174976,1,1,2826,353.250
1764842200.9214914,0,0,6377,797.125
1764842200.9254947,0,0,2054,256.750
1764842200.9295022,0,0,-2129,-266.125
1764842200.9334946,0,0,-1312,-164.000
1764842200.9374957,1,1,2672,334.000
1764842200.9415421,0,0,6300,787.500
1764842200.9455419,0,0,2205,275.625
1764842200.94954,0,0,-1626,-203.250
1764842200.9535365,0,0,-1809,-226.125
1764842200.95754,1,1,1526,190.750
1764842200.9615352,0,0,5602,700.250
1764842200.9655368,0,0,2306,288.250
1764842200.9695442,0,0,-1828,-228.500
1764842200.9735377,0,0,-1717,-214.625
1764842200.977626,1,1,1978,247.250
1764842200.981958,0,0,2806,350.750
1764842200.9856517,0,0,2806,350.750
1764842200.989548,0,0,-1994,-249.250
1764842200.9935248,0,0,-1568,-196.000
1764842200.9975553,1,1,2231,278.875
1764842201.0015366,0,0,6076,759.500
1764842201.005535,0,0,3136,392.000
1764842201.0095282,0,0,-1912,-239.000
1764842201.0135212,0,0,1973,246.625
1764842201.0175405,1,1,5903,737.875
1764842201.021539,0,0,3335,416.875
1764842201.025538,0,0,-1718,-214.750
1764842201.029539,0,0,-1865,-233.125
1764842201.033538,0,0,1527,190.875
1764842201.037538,1,1,5607,700.875
1764842201.0416212,0,0,3600,450.000
1764842201.0454836,0,0,-1840,-230.000
1764842201.0494943,0,0,-1665,-208.125
1764842201.0534954,0,0,2010,251.250
1764842201.057495,1,1,5896,737.000
1764842201.0614946,0,0,3850,481.250
1764842201.0654902,0,0,-1570,-196.250
1764842201.069494,0,0,-1809,-226.125
1764842201.0734875,0,0,800,100.000
1764842201.077498,1,1,5058,632.250
1764842201.0814962,0,0,3907,488.375
1764842201.0855148,0,0,-1585,-198.125
1764842201.0895073,0,0,-1897,-237.125
1764842201.0934925,0,0,1112,139.000
1764842201.0974965,1,1,5275,659.375
1764842201.1014924,0,0,4305,538.125
1764842201.1054935,0,0,-1602,-200.250
1764842201.109492,0,0,-1900,-237.500
1764842201.1134899,0,0,1482,185.250
1764842201.1174977,1,1,5517,689.625
1764842201.1214938,0,0,4643,580.375
1764842201.1254952,0,0,-1486,-185.750
1764842201.1294963,0,0,-1998,-249.750
1764842201.133489,0,0,1094,136.750
1764842201.1374936,1,1,5218,652.250
1764842201.1414948,0,0,4753,594.125
1764842201.1455014,0,0,-1417,-177.125
1764842201.1494827,0,0,-1905,-238.125
1764842201.1534746,0,0,729,91.125
1764842201.1574934,1,1,4931,616.375
1764842201.1614926,0,0,4878,609.750
1764842201.1654904,0,0,-1329,-166.125
1764842201.1694837,0,0,-1740,-217.500
1764842201.1734746,0,0,235,29.375
1764842201.1774938,1,1,4520,565.000
1764842201.1816974,0,0,4988,623.500
1764842201.185503,0,0,-1234,-154.250
1764842201.1894846,0,0,-1815,-226.875
1764842201.1934736,0,0,282,35.250
1764842201.1974907,1,1,4544,568.000
1764842201.2014902,0,0,5256,657.000
1764842201.2054918,0,0,-1077,-134.625
1764842201.2094862,0,0,-2076,-259.500
1764842201.213477,0,0,462,57.750
1764842201.217491,1,1,4668,583.500
1764842201.2214897,0,0,5542,692.750
1764842201.2254903,0,0,-907,-113.375
1764842201.2294943,0,0,-2029,-253.625
1764842201.2334921,0,0,200,25.000
1764842201.237493,1,1,4437,554.625
1764842201.2415414,0,0,5654,706.750
1764842201.245752,0,0,-762,-95.250
1764842201.2494874,0,0,-2153,-269.125
1764842201.2534764,0,0,247,30.875
1764842201.2574904,1,1,4453,556.625
1764842201.2614868,0,0,5808,726.000
1764842201.265488,0,0,-636,-79.500
1764842201.269481,0,0,-1818,-227.250
1764842201.2734754,0,0,-345,-43.125
1764842201.277493,1,1,3915,489.375
1764842201.2814875,0,0,5816,727.000
1764842201.2854884,0,0,-432,-54.000
1764842201.289479,0,0,-2223,-277.875
1764842201.2934783,0,0,345,43.125
1764842201.2974904,1,1,4500,562.500
1764842201.3014898,0,0,6228,778.500
1764842201.30549,0,0,-180,-22.500
1764842201.3094907,0,0,-2241,-280.125
1764842201.3134909,0,0,-21,-2.625
1764842201.3174958,1,1,4164,520.500
1764842201.321491,0,0,6227,778.375
1764842201.325489,0,0,-4,-0.500
1764842201.3294942,0,0,-2263,-282.875
1764842201.3334906,0,0,69,8.625
1764842201.337496,1,1,4207,525.875
1764842201.341504,0,0,6333,791.625
1764842201.34549,0,0,136,17.000
1764842201.3494895,0,0,-1804,-225.500
1764842201.3534865,0,0,-778,-97.250
1764842201.357496,1,1,3382,422.750
1764842201.3614912,0,0,6082,760.250
1764842201.3654902,0,0,279,34.875
1764842201.3694935,0,0,-1806,-225.750
1764842201.3734887,0,0,-870,-108.750
1764842201.3774948,1,1,3271,408.875
1764842201.3816884,0,0,6116,764.500
1764842201.3855052,0,0,444,55.500
1764842201.389483,0,0,-1439,-179.875
1764842201.3934734,0,0,-1484,-185.500
1764842201.3974876,1,1,2473,309.125
1764842201.4014914,0,0,5784,723.000
1764842201.4054904,0,0,541,67.625
1764842201.409482,0,0,-1358,-169.750
1764842201.413472,0,0,-1727,-215.875
1764842201.4174879,1,1,1725,215.625
1764842201.421489,0,0,5472,684.000
1764842201.425487,0,0,909,113.625
1764842201.4294913,0,0,-2117,-264.625
1764842201.4334905,0,0,-949,-118.625
1764842201.437493,1,1,3152,394.000
1764842201.4414911,0,0,6377,797.125
1764842201.445529,0,0,1514,189.250
1764842201.4494944,0,0,-2247,-280.875
1764842201.4534845,0,0,-773,-96.625
1764842201.4574885,1,1,3316,414.500
1764842201.4614851,0,0,6479,809.875
1764842201.4654865,0,0,1687,210.875
1764842201.4694872,0,0,-1647,-205.875
1764842201.4734871,0,0,-1586,-198.250
1764842201.4774904,1,1,2241,280.125
1764842201.4814854,0,0,5933,741.625
1764842201.4854875,0,0,1866,233.250
1764842201.4894924,0,0,-1822,-227.750
1764842201.4934878,0,0,-1450,-181.250
1764842201.4974887,1,1,2450,306.250
1764842201.5014832,0,0,6092,761.500
1764842201.5054862,0,0,2314,289.250
1764842201.509477,0,0,-2133,-266.625
1764842201.5134702,0,0,-592,-74.000
1764842201.5174832,1,1,3439,429.875
1764842201.5214846,0,0,6602,825.250
1764842201.525485,0,0,2570,321.250
1764842201.529491,0,0,-1545,-193.125
1764842201.5334847,0,0,-1765,-220.625
1764842201.5374825,1,1,1681,210.125
1764842201.5414693,0,0,5622,702.750
1764842201.5455446,0,0,2579,322.375
1764842201.5495224,0,0,-1561,-195.125
1764842201.5538082,0,0,-1779,-222.375
1764842201.5575194,1,1,1511,188.875
1764842201.56151,0,0,5524,690.500
1764842201.5655074,0,0,2910,363.750
1764842201.569529,0,0,-1658,-207.250
1764842201.573531,0,0,-1757,-219.625
1764842201.5775259,1,1,1821,227.625
1764842201.5816,0,0,5728,716.000
1764842201.5855212,0,0,3270,408.750
1764842201.5895126,0,0,-1569,-196.125
1764842201.593511,0,0,-1807,-225.875
1764842201.59753,1,1,1322,165.250
1764842201.601531,0,0,5402,675.250
1764842201.6055264,0,0,3494,436.750
1764842201.609518,0,0,-1785,-223.125
1764842201.6135135,0,0,-1767,-220.875
1764842201.6175275,1,1,1802,225.250
1764842201.6215324,0,0,5708,713.500
1764842201.6255283,0,0,3923,490.375
1764842201.6295302,0,0,-1598,-199.750
1764842201.6335256,0,0,1405,175.625
1764842201.6375332,1,1,5423,677.875
1764842201.6415305,0,0,4014,501.750
1764842201.645617,0,0,-1482,-185.250
1764842201.6494904,0,0,-1717,-214.625
1764842201.653508,0,0,503,62.875
1764842201.6574867,1,1,4761,595.125
1764842201.6614726,0,0,4079,509.875
1764842201.6654716,0,0,-1464,-183.000
1764842201.6694856,0,0,-1805,-225.625
1764842201.6734846,0,0,781,97.625
1764842201.677483,1,1,4966,620.750
1764842201.6814718,0,0,4498,562.250
1764842201.6854692,0,0,-1492,-186.500
1764842201.6894884,0,0,-1936,-242.000
1764842201.6934834,0,0,1037,129.625
1764842201.6974866,1,1,5140,642.500
1764842201.7014809,0,0,4769,596.125
1764842201.705484,0,0,-1379,-172.375
1764842201.7094846,0,0,-1804,-225.500
1764842201.7134807,0,0,541,67.625
1764842201.717484,1,1,4753,594.125
1764842201.7214832,0,0,4921,615.125
1764842201.7254846,0,0,-1308,-163.500
1764842201.7294888,0,0,-1868,-233.500
1764842201.733481,0,0,584,73.000
1764842201.737484,1,1,4770,596.250
1764842201.7414799,0,0,5179,647.375
1764842201.7454832,0,0,-1179,-147.375
1764842201.7494845,0,0,-1897,-237.125
1764842201.7534819,0,0,460,57.500
1764842201.7574868,1,1,4648,581.000
1764842201.7614808,0,0,5379,672.375
1764842201.7654817,0,0,-1031,-128.875
1764842201.7694867,0,0,-2076,-259.500
1764842201.773484,0,0,942,117.750
1764842201.7774835,1,1,4993,624.125
1764842201.786755,0,0,-848,-106.000
1764842201.7895756,0,0,-2103,-262.875
1764842201.7934728,0,0,859,107.375
1764842201.7974749,1,1,4900,612.500
1764842201.8014665,0,0,5824,728.000
1764842201.8054657,0,0,-760,-95.000
1764842201.8094828,0,0,-1932,-241.500
1764842201.8134832,0,0,135,16.875
1764842201.817481,1,1,4304,538.000
1764842201.821466,0,0,5728,716.000
1764842201.8254654,0,0,-699,-87.375
1764842201.829489,0,0,-1489,-186.125
1764842201.8334854,0,0,-672,-84.000
1764842201.83749,1,1,3550,443.750
1764842201.8414812,0,0,5588,698.500
1764842201.8454819,0,0,-572,-71.500
1764842201.8494837,0,0,-1577,-197.125
1764842201.853485,0,0,-694,-86.750
1764842201.8574893,1,1,3522,440.250
1764842201.8614855,0,0,5783,722.875
1764842201.8654802,0,0,-315,-39.375
1764842201.8694801,0,0,-1778,-222.250
1764842201.8734813,0,0,-563,-70.375
1764842201.877489,1,1,3644,455.500
1764842201.8814836,0,0,6035,754.375
1764842201.8854795,0,0,-3,-0.375
1764842201.8894854,0,0,-2214,-276.750
1764842201.8934815,0,0,-243,-30.375
1764842201.8974867,1,1,3928,491.000
1764842201.901481,0,0,6281,785.125
1764842201.9054837,0,0,243,30.375
1764842201.909483,0,0,-2090,-261.250
1764842201.9134796,0,0,-538,-67.250
1764842201.9174829,1,1,3627,453.375
1764842201.9214816,0,0,6255,781.875
1764842201.9254818,0,0,461,57.625
1764842201.9294834,0,0,-2270,-283.750
1764842201.9334843,0,0,-355,-44.375
1764842201.9374871,1,1,3774,471.750
1764842201.9414816,0,0,6389,798.625
1764842201.94548,0,0,650,81.250
1764842201.9495437,0,0,-1806,-225.750
1764842201.9535253,0,0,-994,-124.250
1764842201.9575315,1,1,3101,387.625
1764842201.9615276,0,0,6146,768.250
1764842201.965525,0,0,820,102.500
1764842201.9695284,0,0,-1823,-227.875
1764842201.9735198,0,0,-1029,-128.625
1764842201.9776,1,1,3041,380.125
1764842201.981868,0,0,6182,772.750
1764842201.9856818,0,0,1090,136.250
1764842201.989541,0,0,-1695,-211.875
1764842201.9935079,0,0,-1308,-163.500
1764842201.9975262,1,1,2679,334.875
1764842202.001524,0,0,6056,757.000
1764842202.0055249,0,0,1320,165.000
1764842202.0095158,0,0,-1548,-193.500
1764842202.0135078,0,0,-1549,-193.625
1764842202.0175254,1,1,2307,288.375
1764842202.0215242,0,0,5918,739.750
1764842202.0255265,0,0,1682,210.250
1764842202.0295246,0,0,-2108,-263.500
1764842202.0335248,0,0,-1097,-137.125
1764842202.03752,1,1,2916,364.500
1764842202.0415094,0,0,6277,784.625
1764842202.0455065,0,0,1985,248.125
1764842202.0496044,0,0,-1586,-198.250
1764842202.0535722,0,0,-1624,-203.000
1764842202.0574906,1,1,2142,267.750
1764842202.061464,0,0,5869,733.625
1764842202.0654633,0,0,2255,281.875
1764842202.0694869,0,0,-2103,-262.875
1764842202.0734823,0,0,-1239,-154.875
1764842202.0774806,1,1,2702,337.750
1764842202.0814643,0,0,6189,773.625
1764842202.0854642,0,0,2668,333.500
1764842202.0894823,0,0,-2120,-265.000
1764842202.0934803,0,0,-1107,-138.375
1764842202.097482,1,1,2834,354.250
1764842202.1014805,0,0,6243,780.375
1764842202.1054773,0,0,2856,357.000
1764842202.109467,0,0,-1548,-193.500
1764842202.1134644,0,0,-1747,-218.375
1764842202.1174834,1,1,1752,219.000
1764842202.1214817,0,0,5622,702.750
1764842202.1254756,0,0,3037,379.625
1764842202.1294806,0,0,-1881,-235.125
1764842202.133476,0,0,-1562,-195.250
1764842202.137482,1,1,2192,274.000
1764842202.141477,0,0,5882,735.250
1764842202.1454751,0,0,3343,417.875
1764842202.1495478,0,0,-1524,-190.500
1764842202.153519,0,0,-1785,-223.125
1764842202.1575363,1,1,1433,179.125
1764842202.1615238,0,0,5404,675.500
1764842202.1655211,0,0,3569,446.125
1764842202.1695275,0,0,-1875,-234.375
1764842202.1735172,0,0,-1611,-201.375
1764842202.1775253,1,1,2077,259.625
1764842202.1815238,0,0,5793,724.125
1764842202.185595,0,0,3918,489.750
1764842202.1895292,0,0,-1497,-187.125
1764842202.1935046,0,0,-1808,-226.000
1764842202.1975212,1,1,1269,158.625
1764842202.2015228,0,0,5263,657.875
1764842202.2055213,0,0,4035,504.375
1764842202.2095153,0,0,-1480,-185.000
1764842202.213501,0,0,-1824,-228.000
1764842202.2175207,1,1,1262,157.750
1764842202.2215238,0,0,5260,657.500
1764842202.225523,0,0,4152,519.000
1764842202.229525,0,0,-1395,-174.375
1764842202.233519,0,0,-1225,-153.125
1764842202.2375278,1,1,-883,-110.375
1764842202.241521,0,0,3421,427.625
1764842202.2455204,0,0,3829,478.625
1764842202.2496068,0,0,-1468,-183.500
1764842202.2534819,0,0,-1796,-224.500
1764842202.2574863,1,1,4942,617.750
1764842202.2614784,0,0,4831,603.875
1764842202.2654784,0,0,-1398,-174.750
1764842202.2694702,0,0,-1965,-245.625
1764842202.2734613,0,0,1274,159.250
1764842202.2774773,1,1,5254,656.750
1764842202.281477,0,0,5130,641.250
1764842202.2854764,0,0,-1260,-157.500
1764842202.2894714,0,0,-1843,-230.375
1764842202.2934616,0,0,566,70.750
1764842202.2974722,1,1,4721,590.125
1764842202.3014767,0,0,5162,645.250
1764842202.3054748,0,0,-1179,-147.375
1764842202.3094761,0,0,-1769,-221.125
1764842202.313476,0,0,320,40.000
1764842202.3174846,1,1,4510,563.750
1764842202.3214748,0,0,5291,661.375
1764842202.3254733,0,0,-1074,-134.250
1764842202.3294811,0,0,-1657,-207.125
1764842202.3334765,0,0,-49,-6.125
1764842202.3374808,1,1,4186,523.250
1764842202.341473,0,0,5430,678.750
1764842202.345473,0,0,-910,-113.750
1764842202.3494756,0,0,-1915,-239.375
1764842202.353489,0,0,209,26.125
1764842202.3574805,1,1,4395,549.375
1764842202.3614738,0,0,5705,713.125
1764842202.3654742,0,0,-733,-91.625
1764842202.369478,0,0,-1747,-218.375
1764842202.3734741,0,0,-244,-30.500
1764842202.3774767,1,1,3985,498.125
1764842202.381474,0,0,5721,715.125
1764842202.3855443,0,0,-582,-72.750
1764842202.3894806,0,0,-2009,-251.125
1764842202.3934615,0,0,-11,-1.375
1764842202.3974748,1,1,4175,521.875
1764842202.4014764,0,0,5953,744.125
1764842202.4054725,0,0,-406,-50.750
1764842202.4094672,0,0,-1675,-209.375
1764842202.4134595,0,0,-622,-77.750
1764842202.4174767,1,1,3589,448.625
1764842202.4214773,0,0,5854,731.750
1764842202.425475,0,0,-254,-31.750
1764842202.4294643,0,0,-1654,-206.750
1764842202.4334633,0,0,-772,-96.500
1764842202.437478,1,1,3422,427.750
1764842202.4414785,0,0,5937,742.125
1764842202.4454756,0,0,-40,-5.000
1764842202.4494793,0,0,-1584,-198.000
1764842202.4535067,0,0,-1078,-134.750
1764842202.45748,1,1,3058,382.250
1764842202.4614754,0,0,5909,738.625
1764842202.4654741,0,0,209,26.125
1764842202.4694748,0,0,-1929,-241.125
1764842202.473472,0,0,-745,-93.125
1764842202.4774818,1,1,3423,427.875
1764842202.4814823,0,0,6212,776.500
1764842202.485479,0,0,522,65.250
1764842202.48947,0,0,-2009,-251.125
1764842202.4934564,0,0,-810,-101.250
1764842202.497473,1,1,3328,416.000
1764842202.5014758,0,0,6251,781.375
1764842202.5054762,0,0,737,92.125
1764842202.5094645,0,0,-1672,-209.000
1764842202.513457,0,0,-1288,-161.000
1764842202.5174718,1,1,2739,342.375
1764842202.521473,0,0,6031,753.875
1764842202.5254724,0,0,946,118.250
1764842202.5294774,0,0,-1777,-222.125
1764842202.5334735,0,0,-1247,-155.875
1764842202.5374637,1,1,2780,347.500
1764842202.541455,0,0,6131,766.375
1764842202.5454571,0,0,1283,160.375
1764842202.549475,0,0,-1969,-246.125
1764842202.5534852,0,0,-1172,-146.500
1764842202.557475,1,1,2860,357.500
1764842202.561471,0,0,6220,777.500
1764842202.565474,0,0,1530,191.250
1764842202.5694673,0,0,-1681,-210.125
1764842202.5734556,0,0,-1512,-189.000
1764842202.5774705,1,1,2362,295.250
1764842202.5814705,0,0,5984,748.000
1764842202.58554,0,0,1761,220.125
1764842202.589479,0,0,-1587,-198.375
1764842202.5934596,0,0,-1656,-207.000
1764842202.5974758,1,1,2093,261.625
1764842202.601471,0,0,5866,733.250
1764842202.605469,0,0,2133,266.625
1764842202.609468,0,0,-2167,-270.875
1764842202.6134577,0,0,-1112,-139.000
1764842202.6174755,1,1,2881,360.125
1764842202.621473,0,0,6325,790.625
1764842202.6254723,0,0,2441,305.125
1764842202.6294744,0,0,-1581,-197.625
1764842202.6334739,0,0,-1740,-217.500
1764842202.6374786,1,1,1851,231.375
1764842202.6414728,0,0,5736,717.000
1764842202.6454692,0,0,2527,315.875
1764842202.649475,0,0,-1543,-192.875
1764842202.653472,0,0,-1764,-220.500
1764842202.657515,1,1,1200,150.000
1764842202.6614728,0,0,5325,665.625
1764842202.6654694,0,0,2725,340.625
1764842202.6694736,0,0,-1558,-194.750
1764842202.6734731,0,0,-1789,-223.625
1764842202.677483,1,1,1304,163.000
1764842202.6814773,0,0,5414,676.750
1764842202.6854699,0,0,3102,387.750
1764842202.6894653,0,0,-1597,-199.625
1764842202.6934538,0,0,-1807,-225.875
1764842202.697468,1,1,1195,149.375
1764842202.7014747,0,0,5341,667.625
1764842202.7054725,0,0,3360,420.000
1764842202.7094576,0,0,-1553,-194.125
1764842202.713452,0,0,-1766,-220.750
1764842202.7174733,1,1,759,94.875
1764842202.7214735,0,0,5022,627.750
1764842202.72547,0,0,3631,453.875
1764842202.7294729,0,0,-1640,-205.000
1764842202.733468,0,0,-1878,-234.750
1764842202.7374697,1,1,1229,153.625
1764842202.7414699,0,0,5359,669.875
1764842202.7454686,0,0,4049,506.125
1764842202.7494702,0,0,-1552,-194.000
1764842202.7534657,0,0,-1851,-231.375
1764842202.7574713,1,1,883,110.375
1764842202.7614717,0,0,5094,636.750
1764842202.7654724,0,0,4210,526.250
1764842202.7694745,0,0,-1528,-191.000
1764842202.7734663,0,0,-1863,-232.875
1764842202.7774694,1,1,821,102.625
1764842202.7814689,0,0,5039,629.875
1764842202.79076,0,0,-1861,-232.625
1764842202.793488,0,0,-1861,-232.625
1764842202.7974615,1,1,678,84.750
1764842202.801454,0,0,4917,614.625
1764842202.805453,0,0,4726,590.750
1764842202.8094738,0,0,-1399,-174.875
1764842202.8134718,0,0,-2039,-254.875
1764842202.8174653,1,1,937,117.125
1764842202.8214505,0,0,5092,636.500
1764842202.8254557,0,0,5010,626.250
1764842202.8294764,0,0,-1285,-160.625
1764842202.833472,0,0,-1766,-220.750
1764842202.8374748,1,1,211,26.375
1764842202.8414707,0,0,4498,562.250
1764842202.8454688,0,0,5069,633.625
1764842202.8494759,0,0,-1179,-147.375
1764842202.8534718,0,0,-2044,-255.500
1764842202.8575103,1,1,508,63.500
1764842202.8614705,0,0,4729,591.125
1764842202.8654678,0,0,5313,664.125
1764842202.869473,0,0,-1075,-134.375
1764842202.8734705,0,0,-1616,-202.000
1764842202.8774755,1,1,-401,-50.125
1764842202.8814685,0,0,5246,655.750
1764842202.8854697,0,0,-947,-118.375
1764842202.8894782,0,0,-2060,-257.500
1764842202.893474,0,0,199,24.875
1764842202.8974733,1,1,4445,555.625
1764842202.9014504,0,0,5693,711.625
1764842202.9054496,0,0,-714,-89.250
1764842202.9094698,0,0,-2186,-273.250
1764842202.9134703,0,0,167,20.875
1764842202.9174693,1,1,4391,548.875
1764842202.9214532,0,0,5818,727.250
1764842202.9254518,0,0,-601,-75.125
1764842202.9294684,0,0,-1645,-205.625
1764842202.9334729,0,0,-788,-98.500
1764842202.937479,1,1,3472,434.000
1764842202.9414713,0,0,5628,703.500
1764842202.9454648,0,0,-458,-57.250
1764842202.9494677,0,0,-2063,-257.875
1764842202.9534667,0,0,-283,-35.375
1764842202.957473,1,1,3970,496.250
1764842202.9614685,0,0,6033,754.125
1764842202.9654675,0,0,-193,-24.125
1764842202.9694703,0,0,-1983,-247.875
1764842202.9734654,0,0,-573,-71.625
1764842202.977552,1,1,3666,458.250
1764842202.9818122,0,0,6075,759.375
1764842202.9855309,0,0,38,4.750
1764842202.9895515,0,0,-2266,-283.250
1764842202.9934754,0,0,-299,-37.375
1764842202.9974775,1,1,3906,488.250
1764842203.0014682,0,0,6287,785.875
1764842203.005465,0,0,240,30.000
1764842203.0094666,0,0,-2242,-280.250
1764842203.0134633,0,0,-500,-62.500
1764842203.0174646,1,1,3694,461.750
1764842203.0214643,0,0,6310,788.750
1764842203.0254643,0,0,446,55.750
1764842203.029471,0,0,-2019,-252.375
1764842203.033462,0,0,-844,-105.500
1764842203.0374613,1,1,3319,414.875
1764842203.041457,0,0,6218,777.250
1764842203.0454526,0,0,621,77.625
1764842203.0494678,0,0,-1788,-223.500
1764842203.0534651,0,0,-1179,-147.375
1764842203.0574627,1,1,2914,364.250
1764842203.0615058,0,0,6098,762.250
1764842203.0654655,0,0,732,91.500
1764842203.0694695,0,0,-1480,-185.000
1764842203.073464,0,0,-1681,-210.125
1764842203.077466,1,1,2057,257.125
1764842203.0814502,0,0,5691,711.375
1764842203.0854511,0,0,971,121.375
1764842203.089474,0,0,-1770,-221.250
1764842203.0934758,0,0,-1374,-171.750
1764842203.0974636,1,1,2616,327.000
1764842203.1014504,0,0,6123,765.375
1764842203.1054494,0,0,1509,188.625
1764842203.109468,0,0,-2239,-279.875
1764842203.1134677,0,0,-844,-105.500
1764842203.1174614,1,1,3249,406.125
1764842203.1214483,0,0,6484,810.500
1764842203.1254468,0,0,1799,224.875
1764842203.1294727,0,0,-1878,-234.750
1764842203.1334705,0,0,-1440,-180.000
1764842203.1374722,1,1,2477,309.625
1764842203.1414666,0,0,6095,761.875
1764842203.1454656,0,0,1942,242.750
1764842203.1494555,0,0,-1697,-212.125
1764842203.1534505,0,0,-1611,-201.375
1764842203.1574717,1,1,2186,273.250
1764842203.1614995,0,0,5951,743.875
1764842203.165466,0,0,2218,277.250
1764842203.1694698,0,0,-1928,-241.000
1764842203.1734698,0,0,-1505,-188.125
1764842203.1774724,1,1,2347,293.375
1764842203.1814628,0,0,6065,758.125
1764842203.1854649,0,0,2578,322.250
1764842203.1895444,0,0,-1768,-221.000
1764842203.1934807,0,0,-1676,-209.500
1764842203.1974714,1,1,2029,253.625
1764842203.201452,0,0,5875,734.375
1764842203.2054477,0,0,2725,340.625
1764842203.2094674,0,0,-1570,-196.250
1764842203.2134683,0,0,-1791,-223.875
1764842203.217464,1,1,1318,164.750
1764842203.22145,0,0,5422,677.750
1764842203.225447,0,0,2875,359.375
1764842203.2294712,0,0,-1603,-200.375
1764842203.2334657,0,0,-1776,-222.000
1764842203.2374718,1,1,1001,125.125
1764842203.2414672,0,0,5210,651.250
1764842203.2454677,0,0,3141,392.625
1764842203.249468,0,0,-1611,-201.375
1764842203.2534618,0,0,-1797,-224.625
1764842203.257469,1,1,988,123.500
1764842203.2615023,0,0,5213,651.625
1764842203.265467,0,0,3504,438.000
1764842203.269461,0,0,-1636,-204.500
1764842203.273462,0,0,-1867,-233.375
1764842203.277473,1,1,1242,155.250
1764842203.2814653,0,0,5383,672.875
1764842203.2854645,0,0,3863,482.875
1764842203.2894568,0,0,-1657,-207.125
1764842203.2934475,0,0,-1917,-239.625
1764842203.297463,1,1,1290,161.250
1764842203.3014755,0,0,5402,675.250
1764842203.3054676,0,0,4113,514.125
1764842203.3094525,0,0,-1542,-192.750
1764842203.3134453,0,0,-1821,-227.625
1764842203.3174634,1,1,715,89.375
1764842203.3214643,0,0,4973,621.625
1764842203.325462,0,0,4267,533.375
1764842203.329457,0,0,-1506,-188.250
1764842203.333444,0,0,-1816,-227.000
1764842203.3374588,1,1,595,74.375
1764842203.3414612,0,0,4866,608.250
1764842203.3454645,0,0,4534,566.750
1764842203.3494644,0,0,-1458,-182.250
1764842203.353464,0,0,-1978,-247.250
1764842203.3574677,1,1,842,105.250
1764842203.3614619,0,0,5043,630.375
1764842203.3655367,0,0,4897,612.125
1764842203.3695104,0,0,-1331,-166.375
1764842203.3735077,0,0,-2051,-256.375
1764842203.3775103,1,1,1012,126.500
1764842203.3815057,0,0,5141,642.625
1764842203.3855078,0,0,5114,639.250
1764842203.3895893,0,0,-1240,-155.000
1764842203.3935199,0,0,-1814,-226.750
1764842203.3975086,1,1,247,30.875
1764842203.401487,0,0,4524,565.500
1764842203.4054866,0,0,5137,642.125
1764842203.4095094,0,0,-1140,-142.500
1764842203.4135082,0,0,-2071,-258.875
1764842203.4175038,0,1,498,62.250
1764842203.421485,0,0,4713,589.125
1764842203.4254837,0,0,5440,680.000
1764842203.4295003,0,0,-978,-122.250
1764842203.4334936,0,0,-2084,-260.500
1764842203.4375076,0,1,312,39.000
1764842203.4415047,0,0,4539,567.375
1764842203.4455047,0,0,5552,694.000
1764842203.449508,0,0,-869,-108.625
1764842203.4535077,0,0,-1833,-229.125
1764842203.4575102,0,1,-144,-18.000
1764842203.461505,0,0,4131,516.375
1764842203.4655852,0,0,5579,697.375
1764842203.4694738,0,0,-746,-93.250
1764842203.4734504,0,0,-1764,-220.500
1764842203.4774542,0,0,-385,-48.125
1764842203.4814472,0,0,3888,486.000
1764842203.4854443,0,0,5681,710.125
1764842203.4894612,0,0,-570,-71.250
1764842203.493462,0,0,-1941,-242.625
1764842203.4974577,0,0,-293,-36.625
1764842203.5014482,0,0,5908,738.500
1764842203.505441,0,0,-341,-42.625
1764842203.509463,0,0,-2198,-274.750
1764842203.5134587,0,0,-170,-21.250
1764842203.5174685,0,0,4052,506.500
1764842203.5214632,0,0,6084,760.500
1764842203.5254626,0,0,-170,-21.250
1764842203.5294635,0,0,-1808,-226.000
1764842203.5334587,0,0,-778,-97.250
1764842203.537457,0,0,3438,429.750
1764842203.5414464,0,0,5995,749.375
1764842203.545445,0,0,63,7.875
1764842203.5494618,0,0,-2252,-281.500
1764842203.5534582,0,0,-335,-41.875
1764842203.5574627,0,0,3865,483.125
1764842203.561462,0,0,6306,788.250
1764842203.5654738,0,0,305,38.125
1764842203.5694664,0,0,-2212,-276.500
1764842203.5734594,0,0,-555,-69.375
1764842203.5774622,0,0,3627,453.375
1764842203.58146,0,0,6297,787.125
1764842203.5854592,0,0,489,61.125
1764842203.589543,0,0,-1889,-236.125
1764842203.5934722,0,0,-973,-121.625
1764842203.5974643,0,0,3162,395.250
1764842203.6014612,0,0,6162,770.250
1764842203.6054626,0,0,701,87.625
1764842203.6094644,0,0,-2198,-274.750
1764842203.613462,0,0,-755,-94.375
1764842203.6174545,0,0,3389,423.625
1764842203.6214437,1,0,6371,796.375
1764842203.6254456,0,0,1002,125.250
1764842203.6294649,0,0,-2082,-260.250
1764842203.63346,0,0,-971,-121.375
1764842203.637464,0,0,3120,390.000
1764842203.641456,1,0,6289,786.125
1764842203.645458,0,0,1257,157.125
1764842203.6494637,0,0,-2243,-280.375
1764842203.6534598,0,0,-823,-102.875
1764842203.657461,0,0,3265,408.125
1764842203.6614604,1,0,6398,799.750
1764842203.6654983,0,0,1478,184.750
1764842203.6694539,0,0,-1662,-207.750
1764842203.6734455,0,0,-1492,-186.500
1764842203.6774585,0,0,2401,300.125
1764842203.681457,1,0,5984,748.000
1764842203.685456,0,0,1653,206.625
1764842203.6894531,0,0,-1598,-199.750
1764842203.693444,0,0,-1615,-201.875
1764842203.6974604,0,0,2175,271.875
1764842203.7014594,1,1,5892,736.500
1764842203.7054572,0,0,1915,239.375
1764842203.709463,0,0,-1620,-202.500
1764842203.7134619,0,0,-1632,-204.000
1764842203.7174635,0,0,2133,266.625
1764842203.7214596,1,1,5894,736.750
1764842203.725457,0,0,2203,275.375
1764842203.7294614,0,0,-1571,-196.375
1764842203.7334583,0,0,-1728,-216.000
1764842203.737461,0,0,1884,235.500
1764842203.7414582,1,1,5762,720.250
1764842203.7454543,0,0,2470,308.750
1764842203.749458,0,0,-1592,-199.000
1764842203.753458,0,0,-1768,-221.000
1764842203.7574642,0,0,1718,214.750
1764842203.7614577,1,1,5675,709.375
1764842203.7654538,0,0,2755,344.375
1764842203.76946,0,0,-1602,-200.250
1764842203.773457,0,0,-1790,-223.750
1764842203.7774622,0,0,1658,207.250
1764842203.781458,1,1,5642,705.250
1764842203.785453,0,0,3064,383.000
1764842203.7947595,0,0,-1795,-224.375
1764842203.7974849,0,0,1148,143.500
1764842203.8014631,1,1,5296,662.000
1764842203.8054605,0,0,3341,417.625
1764842203.8094509,0,0,-1839,-229.875
1764842203.81344,0,0,-1754,-219.250
1764842203.8174567,0,0,1834,229.250
1764842203.82146,1,1,5746,718.250
1764842203.8254595,0,0,3746,468.250
1764842203.829451,0,0,-1688,-211.000
1764842203.8334398,0,0,-1863,-232.875
1764842203.8374572,0,0,1506,188.250
1764842203.8414576,1,1,5535,691.875
1764842203.8454568,0,0,3891,486.375
1764842203.8494618,0,0,-1531,-191.375
1764842203.8534548,0,0,-1755,-219.375
1764842203.857458,0,0,620,77.500
1764842203.8614562,1,1,4870,608.750
1764842203.8654563,0,0,3962,495.250
1764842203.8694613,0,0,-1539,-192.375
1764842203.8734574,0,0,-1826,-228.250
1764842203.8774579,0,0,885,110.625
1764842203.881454,1,1,5070,633.750
1764842203.8854578,0,0,4380,547.500
1764842203.889463,0,0,-1568,-196.000
1764842203.8934526,0,0,-1927,-240.875
1764842203.8974578,0,0,1388,173.500
1764842203.901454,1,1,5406,675.750
1764842203.9054565,0,0,4748,593.500
1764842203.9094574,0,0,-1437,-179.625
1764842203.9134557,0,0,-1923,-240.375
1764842203.9174578,0,0,844,105.500
1764842203.9214544,1,1,4993,624.125
1764842203.9254565,0,0,4845,605.625
1764842203.92946,0,0,-1361,-170.125
1764842203.933462,0,0,-1978,-247.250
1764842203.9374583,0,0,835,104.375
1764842203.941451,1,1,4965,620.625
1764842203.9454525,0,0,5064,633.000
1764842203.9494593,0,0,-1255,-156.875
1764842203.953456,0,0,-1737,-217.125
1764842203.9574585,0,0,222,27.750
1764842203.961455,1,1,4471,558.875
1764842203.9654512,0,0,5098,637.250
1764842203.969505,0,0,-1176,-147.000
1764842203.9734986,0,0,-1833,-229.125
1764842203.9775865,0,0,331,41.375
1764842203.9818964,0,0,4549,568.625
1764842203.9856162,0,0,5360,670.000
1764842203.9895108,0,0,-1026,-128.250
1764842203.9935465,0,0,-1815,-226.875
1764842203.9974983,0,0,102,12.750
1764842204.0014892,1,1,4341,542.625
1764842204.005479,0,0,5451,681.375
1764842204.0094829,0,0,-922,-115.250
1764842204.013482,0,0,-1546,-193.250
1764842204.0174801,0,0,-591,-73.875
1764842204.0214787,1,1,3684,460.500
1764842204.0254743,0,0,5411,676.375
1764842204.0295064,0,0,-768,-96.000
1764842204.0334992,0,0,-1787,-223.375
1764842204.0374987,0,0,-301,-37.625
1764842204.0414793,1,1,3958,494.750
1764842204.0454776,0,0,5758,719.750
1764842204.0495057,0,0,-512,-64.000
1764842204.053504,0,0,-2162,-270.250
1764842204.0574975,0,0,-37,-4.625
1764842204.061483,1,1,4181,522.625
1764842204.0654812,0,0,5995,749.375
1764842204.0694623,0,0,-345,-43.125
1764842204.0734537,0,0,-1677,-209.625
1764842204.0774517,0,0,-841,-105.125
1764842204.0814388,1,1,3374,421.750
1764842204.0854414,0,0,5818,727.250
1764842204.0894563,0,0,-175,-21.875
1764842204.093454,0,0,-2101,-262.625
1764842204.097451,0,0,-401,-50.125
1764842204.1014402,1,1,3812,476.500
1764842204.105437,0,0,6167,770.875
1764842204.1094553,0,0,91,11.375
1764842204.1134517,0,0,-1934,-241.750
1764842204.117458,0,0,-734,-91.750
1764842204.121454,1,1,6121,765.125
1764842204.1254532,0,0,256,32.000
1764842204.1294587,0,0,-1712,-214.000
1764842204.1334517,0,0,-1140,-142.500
1764842204.137455,0,0,2976,372.000
1764842204.1414526,1,1,6005,750.625
1764842204.1454532,0,0,473,59.125
1764842204.1494584,0,0,-1939,-242.375
1764842204.1534514,0,0,-961,-120.125
1764842204.1574557,0,0,3178,397.250
1764842204.16145,1,1,6196,774.500
1764842204.1654549,0,0,705,88.125
1764842204.1695492,0,0,-1528,-191.000
1764842204.173502,0,0,-1576,-197.000
1764842204.177502,0,0,2309,288.625
1764842204.1814923,1,1,5818,727.250
1764842204.1854966,0,0,892,111.500
1764842204.1894872,0,0,-1728,-216.000
1764842204.1935666,0,0,-1400,-175.000
1764842204.1975296,0,0,2584,323.000
1764842204.2014947,1,1,6076,759.500
1764842204.2054992,0,0,1313,164.125
1764842204.2095025,0,0,-2060,-257.500
1764842204.2134979,0,0,-1199,-149.875
1764842204.2174928,0,0,2841,355.125
1764842204.221474,1,1,6263,782.875
1764842204.225474,0,0,1617,202.125
1764842204.2295055,0,0,-2114,-264.250
1764842204.2334993,0,0,-1233,-154.125
1764842204.2375028,0,0,2773,346.625
1764842204.2414954,1,1,6251,781.375
1764842204.2454927,0,0,1830,228.750
1764842204.249505,0,0,-1573,-196.625
1764842204.2534971,0,0,-1763,-220.375
1764842204.2575028,0,0,1696,212.000
1764842204.261497,1,1,5646,705.750
1764842204.2654927,0,0,1975,246.875
1764842204.2694814,0,0,-1922,-240.250
1764842204.2734554,0,0,-1490,-186.250
1764842204.2774587,0,0,2381,297.625
1764842204.2814522,1,1,6101,762.625
1764842204.2854502,0,0,2421,302.625
1764842204.2894437,0,0,-1688,-211.000
1764842204.293437,0,0,-1744,-218.000
1764842204.2974486,0,0,1886,235.750
1764842204.301453,1,1,5809,726.125
1764842204.3054495,0,0,2650,331.250
1764842204.3094556,0,0,-1916,-239.500
1764842204.3134537,0,0,-1635,-204.375
1764842204.3174622,0,0,2105,263.125
1764842204.3214605,1,1,5952,744.000
1764842204.325453,0,0,2953,369.125
1764842204.3294458,0,0,-1611,-201.375
1764842204.3334343,0,0,-1810,-226.250
1764842204.3374512,0,0,1281,160.125
1764842204.341453,1,1,5410,676.250
1764842204.3454528,0,0,3138,392.250
1764842204.3494427,0,0,-1737,-217.125
1764842204.3534336,0,0,-1818,-227.250
1764842204.35745,0,0,1673,209.125
1764842204.3614507,1,1,5681,710.125
1764842204.3654528,0,0,3493,436.625
1764842204.3694909,0,0,-1621,-202.625
1764842204.373448,0,0,-1852,-231.500
1764842204.3774521,0,0,1271,158.875
1764842204.3814528,1,1,5396,674.500
1764842204.3854516,0,0,3647,455.875
1764842204.389452,0,0,-1573,-196.625
1764842204.3935192,0,0,-1813,-226.625
1764842204.397463,0,0,904,113.000
1764842204.4014354,1,1,5126,640.750
1764842204.4054334,0,0,3873,484.125
1764842204.4094546,0,0,-1575,-196.875
1764842204.4134505,0,0,-1853,-231.625
1764842204.4174445,0,0,955,119.375
1764842204.4214344,1,1,5156,644.500
1764842204.4254339,0,0,4156,519.500
1764842204.429454,0,0,-1529,-191.125
1764842204.4334412,0,0,-1846,-230.750
1764842204.437463,0,0,795,99.375
1764842204.441451,1,1,5029,628.625
1764842204.4454513,0,0,4452,556.500
1764842204.4494507,0,0,-1518,-189.750
1764842204.4534357,0,0,-2000,-250.000
1764842204.4574463,0,0,1081,135.125
1764842204.461449,1,1,5218,652.250
1764842204.4654503,0,0,4732,591.500
1764842204.4694922,0,0,-1401,-175.125
1764842204.4734588,0,0,-1757,-219.625
1764842204.4774537,0,0,301,37.625
1764842204.4814332,1,1,4595,574.375
1764842204.4854343,0,0,4708,588.500
1764842204.4894564,0,0,-1369,-171.125
1764842204.4934518,0,0,-1629,-203.625
1764842204.4974434,0,0,-151,-18.875
1764842204.501431,1,1,4194,524.250
1764842204.505431,0,0,4811,601.375
1764842204.5094347,0,0,-1269,-158.625
1764842204.513433,0,0,-1691,-211.375
1764842204.5174506,0,0,-70,-8.750
1764842204.5214462,1,1,4264,533.000
1764842204.5254447,0,0,5086,635.750
1764842204.5294547,0,0,-1113,-139.125
1764842204.5334487,0,0,-1692,-211.500
1764842204.5374455,0,0,-319,-39.875
1764842204.541429,1,1,4018,502.250
1764842204.5454288,0,0,5235,654.375
1764842204.5494518,0,0,-955,-119.375
1764842204.5534484,0,0,-1954,-244.250
1764842204.557452,0,0,-51,-6.375
1764842204.561448,1,1,4258,532.250
1764842204.565446,0,0,5598,699.750
1764842204.569451,0,0,-727,-90.875
1764842204.5734823,0,0,-2135,-266.875
1764842204.5774481,0,0,-67,-8.375
1764842204.5814497,1,1,4217,527.125
1764842204.5854464,0,0,5755,719.375
1764842204.589448,0,0,-578,-72.250
1764842204.5935144,0,0,-1940,-242.500
1764842204.597463,0,0,-464,-58.000
1764842204.6014333,1,1,3829,478.625
1764842204.6054265,0,0,5784,723.000
1764842204.6094322,0,0,-413,-51.625
1764842204.6134295,0,0,-2136,-267.000
1764842204.6174319,0,0,-336,-42.000
1764842204.6214292,1,1,3947,493.375
1764842204.6254299,0,0,5966,745.750
1764842204.6294498,0,0,-288,-36.000
1764842204.633447,0,0,-1355,-169.375
1764842204.6374533,0,0,-1589,-198.625
1764842204.641449,1,1,2368,296.000
1764842204.6454494,0,0,5368,671.000
1764842204.6494536,0,0,-154,-19.250
1764842204.6534488,0,0,-2287,-285.875
1764842204.6574516,0,0,-186,-23.250
1764842204.6614478,1,1,4055,506.875
1764842204.6654463,0,0,6384,798.000
1764842204.6694539,0,0,280,35.000
1764842204.6734867,0,0,-1978,-247.250
1764842204.6774514,0,0,-1020,-127.500
1764842204.681448,1,1,3156,394.500
1764842204.6854494,0,0,6071,758.875
1764842204.689453,0,0,399,49.875
1764842204.6934452,0,0,-2084,-260.500
1764842204.697449,0,0,-962,-120.250
1764842204.7014458,1,1,3213,401.625
1764842204.7054498,0,0,6220,777.500
1764842204.70945,0,0,669,83.625
1764842204.7134442,0,0,-2158,-269.750
1764842204.7174497,0,0,-979,-122.375
1764842204.721444,1,1,3171,396.375
1764842204.725448,0,0,6281,785.125
1764842204.729454,0,0,901,112.625
1764842204.7334468,0,0,-2141,-267.625
1764842204.737448,0,0,-1075,-134.375
1764842204.741444,1,1,3033,379.125
1764842204.7454484,0,0,1115,139.375
1764842204.7494507,0,0,-1766,-220.750
1764842204.7534478,0,0,-1490,-186.250
1764842204.7574492,0,0,2446,305.750
1764842204.7614434,1,1,6021,752.625
1764842204.7654452,0,0,1321,165.125
1764842204.7694578,0,0,-1800,-225.000
1764842204.7734632,0,0,-1500,-187.500
1764842204.7774458,0,0,2414,301.750
1764842204.7814283,1,1,6063,757.875
1764842204.7854266,0,0,1620,202.500
1764842204.7894309,0,0,-1842,-230.250
1764842204.9306278,0,0,-1754,-219.250
1764842204.933695,0,0,-1913,-239.125
1764842204.937512,0,0,1424,178.000
1764842204.9414723,1,1,5554,694.250
1764842204.9454718,0,0,3846,480.750
1764842204.9495046,0,0,-1651,-206.375
1764842204.953496,0,0,-1915,-239.375
1764842204.957489,0,0,1031,128.875
1764842204.9614701,1,1,5257,657.125
1764842204.9654725,0,0,4054,506.750
1764842204.9694993,0,0,-1611,-201.375
1764842204.973496,0,0,-1959,-244.875
1764842204.9817917,1,1,5237,654.625
1764842204.983821,0,0,5237,654.625
1764842204.98573,0,0,4339,542.375
1764842204.9894552,0,0,-1543,-192.875
1764842204.9934382,0,0,-1996,-249.500
1764842204.9974365,0,0,920,115.000
1764842205.0014331,1,1,5144,643.000
1764842205.0054321,0,0,4527,565.875
1764842205.0094345,0,0,-1466,-183.250
1764842205.0134337,0,0,-1822,-227.750
1764842205.0174465,0,0,420,52.500
1764842205.0214345,1,1,4735,591.875
1764842205.0254273,0,0,4644,580.500
1764842205.0294564,0,0,-1387,-173.375
1764842205.0334523,0,0,-1966,-245.750
1764842205.0374482,0,0,551,68.875
1764842205.0414414,1,1,4833,604.125
1764842205.0454333,0,0,4920,615.000
1764842205.0494528,0,0,-1278,-159.750
1764842205.0534656,0,0,-1734,-216.750
1764842205.0574477,0,0,-67,-8.375
1764842205.0614443,1,1,4290,536.250
1764842205.0654423,0,0,4953,619.125
1764842205.0694451,0,0,-1181,-147.625
1764842205.0734403,0,0,-1805,-225.625
1764842205.077446,0,0,-72,-9.000
1764842205.0814474,1,1,4274,534.250
1764842205.0854502,0,0,5159,644.875
1764842205.0894878,0,0,-1050,-131.250
1764842205.0934458,0,0,-1707,-213.375
1764842205.0974512,0,0,-471,-58.875
1764842205.101449,1,1,3885,485.625
1764842205.105447,0,0,5228,653.500
1764842205.1094494,0,0,-909,-113.625
1764842205.113445,0,0,-1909,-238.625
1764842205.1174424,0,0,-301,-37.625
1764842205.1214306,1,1,4039,504.875
1764842205.1254292,0,0,5498,687.250
1764842205.12956,0,0,-737,-92.125
1764842205.1334631,0,0,-1659,-207.375
1764842205.1374438,0,0,-927,-115.875
1764842205.1414292,1,1,3365,420.625
1764842205.145431,0,0,5395,674.375
1764842205.149438,0,0,-612,-76.500
1764842205.1534283,0,0,-1833,-229.125
1764842205.1574333,0,0,-788,-98.500
1764842205.1614316,1,1,3511,438.875
1764842205.1654334,0,0,5684,710.500
1764842205.169452,0,0,-365,-45.625
1764842205.1734612,0,0,-1993,-249.125
1764842205.1774523,0,0,-784,-98.000
1764842205.1814442,1,1,3494,436.750
1764842205.1854463,0,0,5853,731.625
1764842205.189454,0,0,-156,-19.500
1764842205.1934478,0,0,-2042,-255.250
1764842205.1974468,0,0,-856,-107.000
1764842205.201442,1,1,3404,425.500
1764842205.205445,0,0,5990,748.750
1764842205.2094498,0,0,76,9.500
1764842205.213445,0,0,-2239,-279.875
1764842205.2174459,0,0,-719,-89.875
1764842205.2214434,1,1,3537,442.125
1764842205.225443,0,0,6181,772.625
1764842205.229436,0,0,274,34.250
1764842205.2334294,0,0,-1726,-215.750
1764842205.2374542,0,0,-1435,-179.375
1764842205.2414455,1,1,2612,326.500
1764842205.2454426,0,0,5831,728.875
1764842205.2494495,0,0,412,51.500
1764842205.253444,0,0,-2083,-260.375
1764842205.2574494,0,0,-1123,-140.375
1764842205.2614484,1,1,3027,378.375
1764842205.2654426,0,0,6185,773.125
1764842205.2694454,0,0,758,94.750
1764842205.273445,0,0,-2183,-272.875
1764842205.2774508,0,0,-1136,-142.000
1764842205.2814462,1,1,2991,373.875
1764842205.2854424,0,0,6262,782.750
1764842205.2894664,0,0,1016,127.000
1764842205.293444,0,0,-2173,-271.625
1764842205.297448,0,0,-1205,-150.625
1764842205.3014324,1,1,2882,360.250
1764842205.3054256,0,0,6269,783.625
1764842205.3094893,0,0,1243,155.375
1764842205.313446,0,0,-2065,-258.125
1764842205.3174443,0,0,-1385,-173.125
1764842205.3214304,1,1,2616,327.000
1764842205.3254256,0,0,6173,771.625
1764842205.3294976,0,0,1425,178.125
1764842205.3334394,0,0,-1700,-212.500
1764842205.337443,0,0,-1753,-219.125
1764842205.3414462,1,1,1941,242.625
1764842205.345443,0,0,5816,727.000
1764842205.3494391,0,0,1576,197.000
1764842205.3534267,0,0,-1726,-215.750
1764842205.3574421,0,0,-1772,-221.500
1764842205.3614428,1,1,1874,234.250
1764842205.3654423,0,0,1899,237.375
1764842205.3694472,0,0,-1797,-224.625
1764842205.37344,0,0,-1782,-222.750
1764842205.3774428,0,0,1862,232.750
1764842205.3814397,1,1,5873,734.125
1764842205.3854413,0,0,2107,263.375
1764842205.3894813,0,0,-1691,-211.375
1764842205.3934414,0,0,-1719,-214.875
1764842205.397444,0,0,460,57.500
1764842205.4014423,1,1,4845,605.625
1764842205.405452,0,0,2084,260.500
1764842205.4094427,0,0,-1750,-218.750
1764842205.4134262,0,0,-1868,-233.500
1764842205.4174383,0,0,1234,154.250
1764842205.4214392,1,1,5492,686.500
1764842205.4254413,0,0,2729,341.125
1764842205.429436,0,0,-1872,-234.000
1764842205.4334254,0,0,-1917,-239.625
1764842205.437461,0,0,1460,182.500
1764842205.4415345,1,1,5664,708.000
1764842205.4454525,0,0,3091,386.375
1764842205.4494376,0,0,-1822,-227.750
1764842205.4534369,0,0,-1958,-244.750
1764842205.4574358,0,0,1217,152.125
1764842205.461431,1,1,5486,685.750
1764842205.4654295,0,0,3308,413.500
1764842205.4694273,0,0,-1733,-216.625
1764842205.4734192,0,0,-1901,-237.625
1764842205.4774282,0,0,734,91.750
1764842205.4814312,1,1,5117,639.625
1764842205.4854312,0,0,3522,440.250
1764842205.489434,0,0,-1742,-217.750
1764842205.4935312,0,0,-2019,-252.375
1764842205.4974806,0,0,1050,131.250
1764842205.5014749,1,1,5352,669.000
1764842205.5054739,0,0,3930,491.250
1764842205.5094638,0,0,-1640,-205.000
1764842205.5134585,0,0,-1993,-249.125
1764842205.5174732,0,0,1253,156.625
1764842205.521474,1,1,5484,685.500
1764842205.5254712,0,0,4266,533.250
1764842205.529557,0,0,-1540,-192.500
1764842205.5334923,0,0,-2086,-260.750
1764842205.5374734,0,0,788,98.500
1764842205.54146,1,1,5115,639.375
1764842205.5454593,0,0,4324,540.500
1764842205.5494668,0,0,-1501,-187.625
1764842205.5534592,0,0,-1951,-243.875
1764842205.5574608,0,0,347,43.375
1764842205.5614598,1,1,4743,592.875
1764842205.5654628,0,0,4440,555.000
1764842205.5694785,0,0,-1425,-178.125
1764842205.5734782,0,0,-1953,-244.125
1764842205.5774755,0,0,189,23.625
1764842205.5814707,1,1,4603,575.375
1764842205.585471,0,0,4647,580.875
1764842205.5894809,0,0,-1321,-165.125
1764842205.5934737,0,0,-1839,-229.875
1764842205.5974343,0,0,-198,-24.750
1764842205.6014285,1,1,4235,529.375
1764842205.6054296,0,0,4742,592.750
1764842205.6094334,0,0,-1222,-152.750
1764842205.6134336,0,0,-1891,-236.375
1764842205.6174316,0,0,-307,-38.375
1764842205.6214283,1,1,4115,514.375
1764842205.625429,0,0,4991,623.875
1764842205.6294246,0,0,-1051,-131.375
1764842205.63342,0,0,-2111,-263.875
1764842205.6374261,0,0,-203,-25.375
1764842205.6414258,1,1,4201,525.125
1764842205.645426,0,0,5281,660.125
1764842205.649433,0,0,-868,-108.500
1764842205.653456,0,0,-2254,-281.750
1764842205.6574352,0,0,59,7.375
1764842205.661417,1,1,4427,553.375
1764842205.665416,0,0,5583,697.875
1764842205.6694348,0,0,-700,-87.500
1764842205.673432,0,0,-2260,-282.500
1764842205.6774294,0,0,-167,-20.875
1764842205.681415,1,1,4198,524.750
1764842205.685418,0,0,5671,708.875
1764842205.6894305,0,0,-582,-72.750
1764842205.6934462,0,0,-1978,-247.250
1764842205.6974332,0,0,-798,-99.750
1764842205.7014272,1,1,3534,441.750
1764842205.7054245,0,0,5535,691.875
1764842205.709417,0,0,-497,-62.125
1764842205.713415,0,0,-1983,-247.875
1764842205.7174277,0,0,-870,-108.750
1764842205.7214284,1,1,3435,429.375
1764842205.7254233,0,0,5684,710.500
1764842205.7295048,0,0,-306,-38.250
1764842205.7334464,0,0,-1918,-239.750
1764842205.7374306,0,0,-1099,-137.375
1764842205.741419,1,1,3145,393.125
1764842205.7454152,0,0,5721,715.125
1764842205.7494335,0,0,-117,-14.625
1764842205.7534277,0,0,-2243,-280.375
1764842205.757429,0,0,-794,-99.250
1764842205.7614176,1,1,3490,436.250
1764842205.7654166,0,0,6081,760.125
1764842205.7694323,0,0,171,21.375
1764842205.7734306,0,0,-2229,-278.625
1764842205.777433,0,0,-950,-118.750
1764842205.7814295,1,1,3290,411.250
1764842205.7854276,0,0,6121,765.125
1764842205.7894201,0,0,364,45.500
1764842205.7934492,0,0,-2166,-270.750
1764842205.7974253,0,0,-1129,-141.125
1764842205.8014266,1,1,3050,381.250
1764842205.8054273,0,0,6152,769.000
1764842205.8094323,0,0,620,77.500
1764842205.8134286,0,0,-2252,-281.500
1764842205.8174274,0,0,-990,-123.750
1764842205.8214242,1,1,3202,400.250
1764842205.8254273,0,0,6305,788.125
1764842205.8294315,0,0,790,98.750
1764842205.8334448,0,0,-1773,-221.625
1764842205.8374321,0,0,-1657,-207.125
1764842205.8414178,1,1,2202,275.250
1764842205.8454168,0,0,5820,727.500
1764842205.849428,0,0,872,109.000
1764842205.8534288,0,0,-1748,-218.500
1764842205.8574245,0,0,-1726,-215.750
1764842205.861414,1,1,2049,256.125
1764842205.8654141,0,0,5820,727.500
1764842205.869433,0,0,1139,142.375
1764842205.8734286,0,0,-1872,-234.000
1764842205.8774261,0,0,-1704,-213.000
1764842205.8814228,1,1,2086,260.750
1764842205.8854268,0,0,5918,739.750
1764842205.8894312,0,0,1415,176.875
1764842205.8934605,0,0,-1758,-219.750
1764842205.8974276,0,0,-1857,-232.125
1764842205.9014227,1,1,1543,192.875
1764842205.9054227,0,0,5612,701.500
1764842205.9094245,0,0,1576,197.000
1764842205.9134266,0,0,-1811,-226.375
1764842205.9174314,0,0,-1878,-234.750
1764842205.9214215,1,1,1490,186.250
1764842205.9254205,0,0,5632,704.000
1764842205.9348114,0,0,-1881,-235.125
1764842205.937471,0,0,-1881,-235.125
1764842205.9414346,1,1,1131,141.375
1764842205.9454303,0,0,5415,676.875
1764842205.9494224,0,0,2116,264.500
1764842205.9534166,0,0,-1871,-233.875
1764842205.9574294,0,0,-1926,-240.750
1764842205.9614284,1,1,1138,142.250
1764842205.96543,0,0,5450,681.250
1764842205.969424,0,0,2410,301.250
1764842205.9734132,0,0,-1850,-231.250
1764842205.9774988,0,0,-1882,-235.250
1764842205.981799,1,1,5123,640.375
1764842205.9854863,0,0,2616,327.000
1764842205.9894364,0,0,-1877,-234.625
1764842205.993428,0,0,-1956,-244.500
1764842205.9974759,0,0,768,96.000
1764842206.0014277,1,1,5205,650.625
1764842206.0054293,0,0,2942,367.750
1764842206.0094395,0,0,-1839,-229.875
1764842206.0134265,0,0,-1886,-235.750
1764842206.0174284,0,0,337,42.125
1764842206.0214276,1,1,4851,606.375
1764842206.0254247,0,0,3106,388.250
1764842206.0294285,0,0,-1782,-222.750
1764842206.0334237,0,0,-1867,-233.375
1764842206.037561,0,0,51,6.375
1764842206.0414295,1,1,4603,575.375
1764842206.045532,0,0,3282,410.250
1764842206.0494819,0,0,-1727,-215.875
1764842206.0534296,0,0,-1691,-211.375
1764842206.0574286,0,0,-618,-77.250
1764842206.06143,1,1,3927,490.875
1764842206.0654306,0,0,3299,412.375
1764842206.069417,0,0,-1674,-209.250
1764842206.0734122,0,0,-1860,-232.500
1764842206.077434,0,0,-581,-72.625
1764842206.0814304,1,1,3969,496.125
1764842206.0854316,0,0,3634,454.250
1764842206.0894377,0,0,-1536,-192.000
1764842206.093428,0,0,-2039,-254.875
1764842206.0974703,0,0,-639,-79.875
1764842206.1014311,1,1,3904,488.000
1764842206.1054301,0,0,3881,485.125
1764842206.109431,0,0,-1417,-177.125
1764842206.1134262,0,0,-2005,-250.625
1764842206.1174324,0,0,-1007,-125.875
1764842206.1214278,1,1,3451,431.375
1764842206.125429,0,0,3952,494.000
1764842206.129437,0,0,-1321,-165.125
1764842206.1335127,0,0,-2140,-267.500
1764842206.137442,0,0,-1028,-128.500
1764842206.1414135,1,1,3417,427.125
1764842206.1454163,0,0,4219,527.375
1764842206.1494346,0,0,-1163,-145.375
1764842206.153427,0,0,-2230,-278.750
1764842206.1574216,0,0,-1113,-139.125
1764842206.161413,1,1,3290,411.250
1764842206.1654148,0,0,4411,551.375
1764842206.1694357,0,0,-1025,-128.125
1764842206.1734302,0,0,-2186,-273.250
1764842206.1774333,0,0,-1426,-178.250
1764842206.1814287,1,1,2834,354.250
1764842206.1854284,0,0,4310,538.750
1764842206.189429,0,0,-998,-124.750
1764842206.1934276,0,0,-2014,-251.750
1764842206.1974685,0,0,-1903,-237.875
1764842206.201427,1,1,576,72.000
1764842206.2054255,0,0,2966,370.750
1764842206.2094362,0,0,-1265,-158.125
1764842206.213428,0,0,-2194,-274.250
1764842206.2174325,0,0,-2003,-250.375
1764842206.2214227,1,1,1411,176.375
1764842206.2254243,0,0,3930,491.250
1764842206.2294269,0,0,-796,-99.500
1764842206.2334282,0,0,-2283,-285.375
1764842206.2374306,0,0,-1979,-247.375
1764842206.2414234,1,1,1571,196.375
1764842206.245425,0,0,4299,537.375
1764842206.2494314,0,0,-536,-67.000
1764842206.2534275,0,0,-2273,-284.125
1764842206.2574303,0,0,-2053,-256.625
1764842206.2614286,1,1,1323,165.375
1764842206.265424,0,0,4333,541.625
1764842206.2694266,0,0,-382,-47.750
1764842206.2734306,0,0,-2253,-281.625
1764842206.277436,0,0,-2085,-260.625
1764842206.2814286,1,1,1204,150.500
1764842206.2854252,0,0,4455,556.875
1764842206.2894204,0,0,-192,-24.000
1764842206.2934093,0,0,-2219,-277.375
1764842206.297426,0,0,-2200,-275.000
1764842206.3014412,1,1,709,88.625
1764842206.3054273,0,0,4219,527.375
1764842206.3094149,0,0,-121,-15.125
1764842206.313408,0,0,-2195,-274.375
1764842206.3174267,0,0,-2189,-273.625
1764842206.3214273,1,1,758,94.750
1764842206.3254282,0,0,4434,554.250
1764842206.3294318,0,0,104,13.000
1764842206.3335104,0,0,-2143,-267.875
1764842206.3374414,0,0,-2303,-287.875
1764842206.341413,1,1,19,2.375
1764842206.345411,0,0,3869,483.625
1764842206.3494284,0,0,40,5.000
1764842206.353426,0,0,-2131,-266.375
1764842206.3574226,0,0,-2337,-292.125
1764842206.3614104,1,1,-430,-53.750
1764842206.3654134,0,0,3510,438.750
1764842206.3694322,0,0,71,8.875
1764842206.3734262,0,0,-2095,-261.875
1764842206.377429,0,0,-2349,-293.625
1764842206.3814259,1,1,-774,-96.750
1764842206.3854272,0,0,3199,399.875
1764842206.3894277,0,0,119,14.875
1764842206.3934255,0,0,-2050,-256.250
1764842206.397429,0,0,-2347,-293.375
1764842206.4014282,1,1,-1085,-135.625
1764842206.4054325,0,0,2870,358.750
1764842206.4094257,0,0,194,24.250
1764842206.4134119,0,0,-1996,-249.500
1764842206.417421,0,0,-2331,-291.375
1764842206.421423,1,1,-983,-122.875
1764842206.4254243,0,0,3126,390.750
1764842206.4294145,0,0,522,65.250
1764842206.433409,0,0,-1881,-235.125
1764842206.43743,0,0,-2315,-289.375
1764842206.4414244,1,1,-1167,-145.875
1764842206.445427,0,0,2917,364.625
1764842206.449434,0,0,669,83.625
1764842206.4534256,0,0,-1808,-226.000
1764842206.4574258,0,0,-2288,-286.000
1764842206.4614244,1,1,-950,-118.750
1764842206.4654238,0,0,3331,416.375
1764842206.4694269,0,0,1110,138.750
1764842206.4734237,0,0,-1664,-208.000
1764842206.4774287,0,0,-2267,-283.375
1764842206.4814231,1,1,-1365,-170.625
1764842206.4854226,0,0,2672,334.000
1764842206.4894228,0,0,1008,126.000
1764842206.4934084,0,0,-1661,-207.625
1764842206.497425,0,0,-2250,-281.250
1764842206.5014622,1,1,-1281,-160.125
1764842206.505424,0,0,2865,358.125
1764842206.5094135,0,0,1334,166.750
1764842206.5134091,0,0,-1542,-192.750
1764842206.5174265,0,0,-2221,-277.625
1764842206.5214267,1,1,-1688,-211.000
1764842206.525422,0,0,2015,251.875
1764842206.5294294,0,0,1149,143.625
1764842206.5335064,0,0,-1557,-194.625
1764842206.5374386,0,0,-2201,-275.125
1764842206.5414102,1,1,-1385,-173.125
1764842206.5454047,0,0,2707,338.375
1764842206.5494273,0,0,1796,224.500
1764842206.5534253,0,0,-1344,-168.000
1764842206.5574193,0,0,-2153,-269.125
1764842206.5614095,1,1,-1811,-226.375
1764842206.5654073,0,0,1661,207.625
1764842206.569426,0,0,1389,173.625
1764842206.5734212,0,0,-1426,-178.250
1764842206.5774276,0,0,-2146,-268.250
1764842206.581425,1,1,-1888,-236.000
1764842206.5854223,0,0,1392,174.000
1764842206.5894082,0,0,1501,187.625
1764842206.5934038,0,0,-1347,-168.375
1764842206.5974228,0,0,-2107,-263.375
1764842206.6014564,1,1,-1792,-224.000
1764842206.6054244,0,0,1662,207.750
1764842206.6094296,0,0,-1150,-143.750
1764842206.613422,0,0,-2046,-255.750
1764842206.617421,0,0,-1685,-210.625
1764842206.6214216,1,1,1940,242.500
1764842206.625422,0,0,2482,310.250
1764842206.6294239,0,0,-975,-121.875
1764842206.6334195,0,0,-1994,-249.250
1764842206.6374223,0,0,-1834,-229.250
1764842206.6414185,1,1,1437,179.625
1764842206.6454232,0,0,2358,294.750
1764842206.649417,0,0,-976,-122.000
1764842206.653403,0,0,-1978,-247.250
1764842206.6574192,0,0,-1984,-248.000
1764842206.6614227,1,1,774,96.750
1764842206.665421,0,0,2047,255.875
1764842206.6694202,0,0,-1023,-127.875
1764842206.6734226,0,0,-1967,-245.875
1764842206.6774216,0,0,-2009,-251.125
1764842206.6814039,1,1,547,68.375
1764842206.6854074,0,0,2130,266.250
1764842206.6894238,0,0,-935,-116.875
1764842206.6934211,0,0,-1920,-240.000
1764842206.697415,0,0,-1933,-241.625
1764842206.7014024,1,1,843,105.375
1764842206.7054574,0,0,2632,329.000
1764842206.7094731,0,0,-719,-89.875
1764842206.7134666,0,0,-1848,-231.000
1764842206.7174718,0,0,-1996,-249.500
1764842206.7214642,1,1,343,42.875
1764842206.7254612,0,0,2390,298.750
1764842206.7294714,0,0,-735,-91.875
1764842206.7335558,0,0,-1832,-229.000
1764842206.7374797,0,0,-1968,-246.000
1764842206.741445,1,1,434,54.250
1764842206.7454433,0,0,2749,343.625
1764842206.749468,0,0,-537,-67.125
1764842206.7534666,0,0,-1762,-220.250
1764842206.7574623,0,0,-1919,-239.875
1764842206.7614434,1,1,584,73.000
1764842206.7654448,0,0,3174,396.750
1764842206.7694695,0,0,-303,-37.875
1764842206.7734656,0,0,-1687,-210.875
1764842206.7774715,0,0,-1902,-237.750
1764842206.7814589,1,1,555,69.375
1764842206.785461,0,0,3499,437.375
1764842206.78945,0,0,-59,-7.375
1764842206.793446,0,0,-1613,-201.625
1764842206.7974565,0,0,-1773,-221.625
1764842206.8014643,1,1,1122,140.250
1764842206.8054516,0,0,4576,572.000
1764842206.8094182,0,0,589,73.625
1764842206.8134062,0,0,-1440,-180.000
1764842206.8174162,0,0,-1574,-196.750
1764842206.8214202,1,1,1695,211.875
1764842206.825416,0,0,5782,722.750
1764842206.8294058,0,0,2036,254.500
1764842206.8333995,0,0,229,28.625
1764842206.8374162,0,0,3370,421.250
1764842206.841417,1,1,7420,927.500
1764842206.8454163,0,0,9554,1194.250
1764842206.8494213,0,0,6371,796.375
1764842206.8534162,0,0,4281,535.125
1764842206.8574176,0,0,5541,692.625
1764842206.8614185,1,1,7733,966.625
1764842206.8654199,0,0,9103,1137.875
1764842206.8694158,0,0,7541,942.625
1764842206.873413,0,0,6144,768.000
1764842206.8774214,0,0,6646,830.750
1764842206.8814168,1,1,7826,978.250
1764842206.885416,0,0,8649,1081.125
1764842206.8894203,0,0,8105,1013.125
1764842206.8934143,0,0,7402,925.250
1764842206.897416,0,0,7452,931.500
1764842206.9014156,1,1,7873,984.125
1764842206.9054286,0,0,8210,1026.250
1764842206.9094176,0,0,7602,950.250
1764842206.9134147,0,0,6883,860.375
1764842206.9174173,0,0,6965,870.625
1764842206.9214168,1,1,7438,929.750
1764842206.925416,0,0,7792,974.000
1764842206.9294214,0,0,6735,841.875
1764842206.9387534,0,0,5676,709.500
1764842206.9414332,1,1,6652,831.500
1764842206.945422,0,0,7409,926.125
1764842206.9494114,0,0,6933,866.625
1764842206.9534018,0,0,6139,767.375
1764842206.9574165,0,0,6180,772.500
1764842206.9614184,1,1,6652,831.500
1764842206.9654183,0,0,7070,883.750
1764842206.9694178,0,0,3971,496.375
1764842206.973405,0,0,362,45.250
1764842206.9774868,0,0,1501,187.625
1764842206.9817758,1,1,4525,565.625
1764842206.985488,0,0,6844,855.500
1764842206.9894257,0,0,4264,533.000
1764842206.9934156,0,0,212,26.500
1764842206.9974158,0,0,1104,138.000
1764842207.0014083,1,1,4142,517.750
1764842207.0054495,0,0,6568,821.000
1764842207.0094192,0,0,5052,631.500
1764842207.0134134,0,0,3091,386.375
1764842207.0174162,0,0,3929,491.125
1764842207.0214133,1,1,5501,687.625
1764842207.025412,0,0,6605,825.625
1764842207.0294151,0,0,3138,392.250
1764842207.0334165,0,0,-1982,-247.750
1764842207.0375626,0,0,-978,-122.250
1764842207.0414,1,1,2945,368.125
1764842207.0453987,0,0,6136,767.000
1764842207.0494,0,0,4575,571.875
1764842207.0533988,0,0,-216,-27.000
1764842207.0573995,0,0,3,0.375
1764842207.0613983,1,1,3066,383.250
1764842207.065397,0,0,5817,727.125
1764842207.0694003,0,0,4083,510.375
1764842207.0734003,0,0,-719,-89.875
1764842207.077414,0,0,-283,-35.375
1764842207.0814157,1,1,2926,365.750
1764842207.0854437,0,0,5752,719.000
1764842207.0894337,0,0,3567,445.875
1764842207.0934176,0,0,-1896,-237.000
1764842207.0974135,0,0,-1488,-186.000
1764842207.1014035,1,1,2232,279.000
1764842207.1053975,0,0,5620,702.500
1764842207.1094165,0,0,4105,513.125
1764842207.113416,0,0,-1663,-207.875
1764842207.117413,0,0,-1527,-190.875
1764842207.121399,1,1,2050,256.250
1764842207.1253972,0,0,5433,679.125
1764842207.1294172,0,0,4476,559.500
1764842207.1334116,0,0,-809,-101.125
1764842207.1375,0,0,-823,-102.875
1764842207.1414354,1,1,2365,295.625
1764842207.1454196,0,0,5368,671.000
1764842207.149406,0,0,4714,589.250
1764842207.1533957,0,0,-159,-19.875
1764842207.157403,0,0,-353,-44.125
1764842207.161424,1,1,2480,310.000
1764842207.1653996,0,0,5233,654.125
1764842207.1694021,0,0,4501,562.625
1764842207.1733987,0,0,-984,-123.000
1764842207.1774151,0,0,-1343,-167.875
1764842207.181416,1,1,1814,226.750
1764842207.1854143,0,0,4967,620.875
1764842207.1894188,0,0,5181,647.625
1764842207.1934118,0,0,1289,161.125
1764842207.1974146,0,0,795,99.375
1764842207.2014134,1,1,2831,353.875
1764842207.2054203,0,0,4995,624.375
1764842207.209416,0,0,4700,587.500
1764842207.2133985,0,0,-737,-92.125
1764842207.2174106,0,0,-1770,-221.250
1764842207.221412,1,1,1109,138.625
1764842207.2254145,0,0,4402,550.250
1764842207.229404,0,0,2692,336.500
1764842207.233397,0,0,1758,219.750
1764842207.2374141,0,0,3006,375.750
1764842207.2414134,1,1,4661,582.625
1764842207.2454157,0,0,4671,583.875
1764842207.2494216,0,0,281,35.125
1764842207.2534149,0,0,-889,-111.125
1764842207.2574158,0,0,1421,177.625
1764842207.2614129,1,1,4182,522.750
1764842207.2654147,0,0,4719,589.875
1764842207.269415,0,0,-731,-91.375
1764842207.2734149,0,0,-1508,-188.500
1764842207.2774165,0,0,-165,-20.625
1764842207.2814097,1,1,3599,449.875
1764842207.2854087,0,0,5151,643.875
1764842207.289411,0,0,1711,213.875
1764842207.2933967,0,0,661,82.625
1764842207.2974114,0,0,2309,288.625
1764842207.3014138,1,1,4361,545.125
1764842207.3054101,0,0,4921,615.125
1764842207.3094614,0,0,1762,220.250
1764842207.3134592,0,0,1055,131.875
1764842207.3174624,0,0,2622,327.750
1764842207.3214571,1,1,4409,551.125
1764842207.3254557,0,0,4914,614.250
1764842207.3294652,0,0,810,101.250
1764842207.3334563,0,0,-1015,-126.875
1764842207.3375568,0,0,883,110.375
1764842207.341471,1,1,3598,449.750
1764842207.3454566,0,0,4768,596.000
1764842207.3494425,0,0,403,50.375
1764842207.353438,0,0,-1862,-232.750
1764842207.3574567,0,0,133,16.625
1764842207.3614562,1,1,3220,402.500
1764842207.3654504,0,0,4879,609.875
1764842207.36945,0,0,2893,361.625
1764842207.373441,0,0,1751,218.875
1764842207.377458,0,0,2569,321.125
1764842207.381463,1,1,3937,492.125
1764842207.3854547,0,0,4678,584.750
1764842207.3894546,0,0,2235,279.375
1764842207.393454,0,0,575,71.875
1764842207.39746,0,0,1597,199.625
1764842207.4014566,1,1,3439,429.875
1764842207.4054573,0,0,4710,588.750
1764842207.4095411,0,0,5970,746.250
1764842207.4134135,0,0,6745,843.125
1764842207.4174175,0,0,6041,755.125
1764842207.4214125,0,1,4991,623.875
1764842207.4254117,0,0,4353,544.125
1764842207.42941,0,0,4151,518.875
1764842207.433411,0,0,4092,511.500
1764842207.4374166,0,0,4064,508.000
1764842207.4414139,1,1,4104,513.000
1764842207.4454107,0,0,4117,514.625
1764842207.4494205,0,0,3427,428.375
1764842207.453412,0,0,2678,334.750
1764842207.4574156,0,0,2846,355.750
1764842207.4614081,1,1,3437,429.625
1764842207.4654126,0,0,3916,489.500
1764842207.4694154,0,0,4683,585.375
1764842207.4734082,0,0,5372,671.500
1764842207.477414,0,0,4969,621.125
1764842207.4814126,1,1,4230,528.750
1764842207.4854195,0,0,3765,470.625
1764842207.4894118,0,0,4413,551.625
1764842207.493396,0,0,5869,733.625
1764842207.497409,0,0,5653,706.625
1764842207.50141,0,1,4548,568.500
1764842207.5054114,0,0,3672,459.000
1764842207.5094368,0,0,2984,373.000
1764842207.513399,0,0,2884,360.500
1764842207.5174086,0,0,3091,386.375
1764842207.5214076,1,1,3249,406.125
1764842207.5254118,0,0,3370,421.250
1764842207.529417,0,0,843,105.375
1764842207.5334098,0,0,-1600,-200.000
1764842207.5374854,0,0,-607,-75.875
1764842207.5414073,1,1,1591,198.875
1764842207.5453932,0,0,3220,402.500
1764842207.5494015,0,0,1645,205.625
1764842207.5533967,0,0,-798,-99.750
1764842207.5574133,0,0,-217,-27.125
1764842207.5614088,1,1,1603,200.375
1764842207.5654082,0,0,3094,386.750
1764842207.5694034,0,0,2441,305.125
1764842207.5733953,0,0,595,74.375
1764842207.5774121,0,0,748,93.500
1764842207.5814073,1,1,1895,236.875
1764842207.58541,0,0,2955,369.375
1764842207.5894141,0,0,1622,202.750
1764842207.5934124,0,0,-1126,-140.750
1764842207.5974147,0,0,-760,-95.000
1764842207.6014109,1,1,1158,144.750
1764842207.6054115,0,0,2826,353.250
1764842207.6094384,0,0,2156,269.500
1764842207.6133995,0,0,-178,-22.250
1764842207.617408,0,0,-139,-17.375
1764842207.6214106,1,1,1314,164.250
1764842207.6254067,0,0,2721,340.125
1764842207.629399,0,0,611,76.375
1764842207.6333947,0,0,-881,-110.125
1764842207.6374094,0,0,-1731,-216.375
1764842207.6414104,1,1,214,26.750
1764842207.6454074,0,0,2943,367.875
1764842207.649412,0,0,1235,154.375
1764842207.6534061,0,0,-2215,-276.875
1764842207.6574135,0,0,-1558,-194.750
1764842207.661408,1,1,1065,133.125
1764842207.665407,0,0,3245,405.625
1764842207.6693957,0,0,1320,165.000
1764842207.6733897,0,0,-1100,-137.500
1764842207.6774056,0,0,-1810,-226.250
1764842207.6814096,1,1,573,71.625
1764842207.685408,0,0,3236,404.500
1764842207.6894128,0,0,1442,180.250
1764842207.693408,0,0,-917,-114.625
1764842207.6974108,0,0,-1639,-204.875
1764842207.7014055,1,1,332,41.500
1764842207.705408,0,0,3406,425.750
1764842207.709478,0,0,2183,272.875
1764842207.713452,0,0,-1043,-130.375
1764842207.717455,0,0,-1448,-181.000
1764842207.7214513,1,1,-298,-37.250
1764842207.7254488,0,0,3217,402.125
1764842207.7294598,0,0,3568,446.000
1764842207.7334487,0,0,462,57.750
1764842207.7375317,0,0,605,75.625
1764842207.7414653,1,1,2350,293.750
1764842207.7454531,0,0,3947,493.375
1764842207.7494435,0,0,2954,369.250
1764842207.7534316,0,0,-1220,-152.500
1764842207.7574446,0,0,-982,-122.750
1764842207.7614467,1,1,1513,189.125
1764842207.765451,0,0,3758,469.750
1764842207.769446,0,0,2966,370.750
1764842207.7734308,0,0,-1269,-158.625
1764842207.7774508,0,0,-1757,-219.625
1764842207.7814486,1,1,399,49.875
1764842207.7854505,0,0,3468,433.500
1764842207.7894404,0,0,2928,366.000
1764842207.793433,0,0,-1118,-139.750
1764842207.7974474,0,0,-1461,-182.625
1764842207.801452,1,1,-262,-32.750
1764842207.8054533,0,0,3314,414.250
1764842207.8094754,0,0,2807,350.875
1764842207.8134139,0,0,-1119,-139.875
1764842207.817412,0,0,-954,-119.250
1764842207.8214042,1,1,-1343,-167.875
1764842207.8254037,0,0,2445,305.625
1764842207.8294048,0,0,2951,368.875
1764842207.8334055,0,0,-1224,-153.000
1764842207.8374116,0,0,-963,-120.375
1764842207.8414042,1,1,-1340,-167.500
1764842207.845404,0,0,2543,317.875
1764842207.8494124,0,0,-1232,-154.000
1764842207.853409,0,0,-825,-103.125
1764842207.857412,0,0,-1634,-204.250
1764842207.861402,1,1,1840,230.000
1764842207.8654027,0,0,3496,437.000
1764842207.8694055,0,0,-1198,-149.750
1764842207.8734057,0,0,-923,-115.375
1764842207.8774078,0,0,-1427,-178.375
1764842207.8814023,1,1,2558,319.750
1764842207.885403,0,0,4146,518.250
1764842207.889408,0,0,-1181,-147.625
1764842207.893405,0,0,-869,-108.625
1764842207.8974109,0,0,-1610,-201.250
1764842207.901411,1,1,2193,274.125
1764842207.905409,0,0,4018,502.250
1764842207.9093966,0,0,-1238,-154.750
1764842207.9134283,0,0,-808,-101.000
1764842207.9174483,0,0,-1686,-210.750
1764842207.921451,1,1,1695,211.875
1764842207.9254487,0,0,4041,505.125
1764842207.92944,0,0,-1206,-150.750
1764842207.9334302,0,0,-818,-102.250
1764842207.9439628,1,1,1638,204.750
1764842207.945864,0,0,4342,542.750
1764842207.9494412,0,0,-1036,-129.500
1764842207.953429,0,0,-928,-116.000
1764842207.957445,0,0,-1654,-206.750
1764842207.961449,1,1,2192,274.000
1764842207.9654517,0,0,4958,619.750
1764842207.9694433,0,0,-623,-77.875
1764842207.9734282,0,0,-1106,-138.250
1764842207.9775085,0,0,-1680,-210.000
1764842207.981815,1,1,2133,266.625
1764842207.9855452,0,0,5138,642.250
1764842207.9894636,0,0,-341,-42.625
1764842207.9934416,0,0,-1290,-161.250
1764842207.9974465,0,0,-1691,-211.375
1764842208.0014422,1,1,2129,266.125
1764842208.0054471,0,0,5361,670.125
1764842208.0094488,0,0,19,2.375
1764842208.0135345,0,0,-1581,-197.625
1764842208.0174062,0,0,-1531,-191.375
1764842208.0214052,1,1,2476,309.500
1764842208.0254128,0,0,5748,718.500
1764842208.0293987,0,0,414,51.750
1764842208.0333886,0,0,-1706,-213.250
1764842208.0374026,0,0,-1553,-194.125
1764842208.0414,1,1,2430,303.750
1764842208.0454025,0,0,5867,733.375
1764842208.0494,0,0,771,96.375
1764842208.05339,0,0,-2214,-276.750
1764842208.0573997,0,0,-1104,-138.000
1764842208.0614004,1,1,3059,382.375
1764842208.065401,0,0,6302,787.750
1764842208.0694027,0,0,1062,132.750
1764842208.073401,0,0,-1733,-216.625
1764842208.0774052,0,0,-1653,-206.625
1764842208.0813985,1,1,2214,276.750
1764842208.0853992,0,0,5894,736.750
1764842208.089409,0,0,1209,151.125
1764842208.0934026,0,0,-1795,-224.375
1764842208.097402,0,0,-1653,-206.625
1764842208.1014004,1,1,2201,275.125
1764842208.1053982,0,0,5950,743.750
1764842208.1094055,0,0,1473,184.125
1764842208.1134355,0,0,-1757,-219.625
1764842208.1174052,0,0,-1757,-219.625
1764842208.1213984,1,1,1961,245.125
1764842208.1253986,0,0,5856,732.000
1764842208.1294065,0,0,1718,214.750
1764842208.1333995,0,0,-1739,-217.375
1764842208.1374042,0,0,-1833,-229.125
1764842208.1414802,1,1,1660,207.500
1764842208.145415,0,0,5698,712.250
1764842208.1493924,0,0,1969,246.125
1764842208.153389,0,0,-1810,-226.250
1764842208.1573997,0,0,-1824,-228.000
1764842208.161426,1,1,1763,220.375
1764842208.1654027,0,0,5805,725.625
1764842208.1693995,0,0,2264,283.000
1764842208.1733882,0,0,-1765,-220.625
1764842208.17739,0,0,-1870,-233.750
1764842208.181389,1,1,1329,166.125
1764842208.1853862,0,0,5526,690.750
1764842208.1894066,0,0,2433,304.125
1764842208.1934035,0,0,-1778,-222.250
1764842208.1974082,0,0,-1894,-236.750
1764842208.2014031,1,1,1268,158.500
1764842208.2054005,0,0,5508,688.500
1764842208.2094095,0,0,2786,348.250
1764842208.2134368,0,0,-1884,-235.500
1764842208.2174108,0,0,-1914,-239.250
1764842208.2214031,1,1,1502,187.750
1764842208.225402,0,0,5682,710.250
1764842208.2294016,0,0,3088,386.000
1764842208.2333994,0,0,-1752,-219.000
1764842208.2374063,0,0,-1830,-228.750
1764842208.2414017,1,1,611,76.375
1764842208.2454023,0,0,5016,627.000
1764842208.249408,0,0,3176,397.000
1764842208.2534003,0,0,-1755,-219.375
1764842208.257405,0,0,-1904,-238.000
1764842208.2614052,1,1,775,96.875
1764842208.2654016,0,0,5154,644.250
1764842208.2694037,0,0,3529,441.125
1764842208.2733996,0,0,-1719,-214.875
1764842208.277404,0,0,-1975,-246.875
1764842208.2813983,1,1,742,92.750
1764842208.2854016,0,0,5125,640.625
1764842208.2893982,0,0,3758,469.750
1764842208.2933853,0,0,-1666,-208.250
1764842208.2973988,0,0,-1691,-211.375
1764842208.3014028,1,1,-113,-14.125
1764842208.3054004,0,0,4382,547.750
1764842208.3094034,0,0,3769,471.125
1764842208.3134124,0,0,-1620,-202.500
1764842208.3174121,0,0,-1889,-236.125
1764842208.3214028,1,1,167,20.875
1764842208.325404,0,0,4641,580.125
1764842208.3293967,0,0,4213,526.625
1764842208.3333886,0,0,-1459,-182.375
1764842208.3373978,0,0,-2117,-264.625
1764842208.3414767,1,1,269,33.625
1764842208.3454132,0,0,4720,590.000
1764842208.3493943,0,0,4535,566.875
1764842208.3533866,0,0,-1327,-165.875
1764842208.3573983,0,0,-2083,-260.375
1764842208.3613994,1,1,-48,-6.000
1764842208.3654003,0,0,4416,552.000
1764842208.369398,0,0,4641,580.125
1764842208.3733852,0,0,-1238,-154.750
1764842208.377403,0,0,-2183,-272.875
1764842208.3813999,1,1,-7,-0.875
1764842208.3853986,0,0,4449,556.125
1764842208.389398,0,0,4925,615.625
1764842208.3934011,0,0,-1087,-135.875
1764842208.3974051,0,0,-2169,-271.125
1764842208.4013975,1,1,-258,-32.250
1764842208.4054067,0,0,4198,524.750
1764842208.409395,0,0,5060,632.500
1764842208.413385,0,0,-964,-120.500
1764842208.4174337,0,0,-2253,-281.625
1764842208.4213998,1,1,-147,-18.375
1764842208.425397,0,0,4296,537.000
1764842208.4293852,0,0,5232,654.000
1764842208.433383,0,0,-882,-110.250
1764842208.4373972,0,0,-1612,-201.500
1764842208.4414048,1,1,-1349,-168.625
1764842208.4453988,0,0,2890,361.250
1764842208.4494054,0,0,4786,598.250
1764842208.4534,0,0,-860,-107.500
1764842208.4574037,0,0,-1944,-243.000
1764842208.4614003,1,1,-947,-118.375
1764842208.4653957,0,0,3418,427.250
1764842208.469399,0,0,5321,665.125
1764842208.473397,0,0,-2248,-281.000
1764842208.4774044,0,0,-746,-93.250
1764842208.4813986,1,1,3640,455.000
1764842208.485398,0,0,5640,705.000
1764842208.4894009,0,0,-351,-43.875
1764842208.4933991,0,0,-2225,-278.125
1764842208.4974008,0,0,-957,-119.625
1764842208.5013983,1,1,3373,421.625
1764842208.505398,0,0,5679,709.875
1764842208.5093987,0,0,-212,-26.500
1764842208.5133967,0,0,-2130,-266.250
1764842208.5174062,0,0,-1188,-148.500
1764842208.5213985,1,1,3069,383.625
1764842208.5253985,0,0,5702,712.750
1764842208.5293999,0,0,-42,-5.250
1764842208.5333812,0,0,-2211,-276.375
1764842208.5373821,0,0,-1177,-147.125
1764842208.5414648,1,1,3059,382.375
1764842208.5453951,0,0,5864,733.000
1764842208.5493865,0,0,176,22.000
1764842208.5533812,0,0,-2195,-274.375
1764842208.5573976,0,0,-1295,-161.875
1764842208.561399,1,1,2888,361.000
1764842208.565397,0,0,5908,738.500
1764842208.5693982,0,0,353,44.125
1764842208.573382,0,0,-2163,-270.375
1764842208.5773983,0,0,-1418,-177.250
1764842208.581397,1,1,2683,335.375
1764842208.5853987,0,0,5893,736.625
1764842208.5893862,0,0,474,59.250
1764842208.593379,0,0,-1799,-224.875
1764842208.5974014,0,0,-1858,-232.250
1764842208.601395,1,1,1556,194.500
1764842208.6053967,0,0,5301,662.625
1764842208.6094055,0,0,500,62.500
1764842208.613397,0,0,-1871,-233.875
1764842208.61741,0,0,-1865,-233.125
1764842208.6213999,1,1,1699,212.375
1764842208.625402,0,0,5534,691.750
1764842208.6293874,0,0,851,106.375
1764842208.6333814,0,0,-2063,-257.875
1764842208.6373935,0,0,-1823,-227.875
1764842208.6413937,1,1,1873,234.125
1764842208.645393,0,0,5756,719.500
1764842208.6493917,0,0,1167,145.875
1764842208.6533804,0,0,-2094,-261.750
1764842208.6573956,0,0,-1834,-229.250
1764842208.6613946,1,1,1833,229.125
1764842208.6653945,0,0,5819,727.375
1764842208.669386,0,0,1510,188.750
1764842208.6733794,0,0,-2119,-264.875
1764842208.677398,0,0,-1529,-191.125
1764842208.6813943,1,1,2406,300.750
1764842208.6853945,0,0,6249,781.125
1764842208.6893895,0,0,1873,234.125
1764842208.6933832,0,0,-2001,-250.125
1764842208.6973944,0,0,-1984,-248.000
1764842208.7013943,1,1,1325,165.625
1764842208.7053924,0,0,5545,693.125
1764842208.7093942,0,0,1856,232.000
1764842208.7133968,0,0,-2008,-251.000
1764842208.7174113,0,0,-1991,-248.875
1764842208.7213984,1,1,1299,162.375
1764842208.7253952,0,0,5577,697.125
1764842208.7294002,0,0,2132,266.500
1764842208.7333953,0,0,-1967,-245.875
1764842208.7374005,0,0,-1962,-245.250
1764842208.7414782,1,1,657,82.125
1764842208.74541,0,0,5099,637.375
1764842208.7493858,0,0,2282,285.250
1764842208.7533798,0,0,-1952,-244.000
1764842208.7573948,0,0,-1992,-249.000
1764842208.7613974,1,1,1338,167.250
1764842208.7653973,0,0,5666,708.250
1764842208.7693908,0,0,2845,355.625
1764842208.7733793,0,0,-1837,-229.625
1764842208.7773943,0,0,-2070,-258.750
1764842208.7813947,1,1,1068,133.500
1764842208.7853944,0,0,5468,683.500
1764842208.7893834,0,0,3086,385.750
1764842208.793377,0,0,-1776,-222.000
1764842208.7973917,0,0,-2046,-255.750
1764842208.801396,1,1,1154,144.250
1764842208.805395,0,0,5534,691.750
1764842208.8093984,0,0,3504,438.000
1764842208.8133924,0,0,-1665,-208.125
1764842208.8173938,0,0,-1967,-245.875
1764842208.8214343,1,1,1375,171.875
1764842208.8253984,0,0,5700,712.500
1764842208.8293839,0,0,3750,468.750
1764842208.8333755,0,0,-1612,-201.500
1764842208.8373919,0,0,-2176,-272.000
1764842208.8413918,1,1,461,57.625
1764842208.8453908,0,0,4960,620.000
1764842208.8493874,0,0,3708,463.500
1764842208.8533757,0,0,-1598,-199.750
1764842208.85739,0,0,-2171,-271.375
1764842208.8613925,1,1,582,72.750
1764842208.8653932,0,0,5054,631.750
1764842208.869395,0,0,4027,503.375
1764842208.8733933,0,0,-1490,-186.250
1764842208.8773956,0,0,-2192,-274.000
1764842208.8813903,1,1,66,8.250
1764842208.8853953,0,0,4592,574.000
1764842208.8893979,0,0,4121,515.125
1764842208.893395,0,0,-1422,-177.750
1764842208.8973942,0,0,-2225,-278.125
1764842208.9013906,1,1,205,25.625
1764842208.9053912,0,0,4708,588.500
1764842208.909394,0,0,4446,555.750
1764842208.9133933,0,0,-1291,-161.375
1764842208.9173937,0,0,-2248,-281.000
1764842208.9214709,1,1,65,8.125
1764842208.9254363,0,0,4555,569.375
1764842208.9294398,0,0,4800,600.000
1764842208.933437,0,0,-1095,-136.875
1764842208.9374428,0,0,-2183,-272.875
1764842208.9479313,0,0,5174,646.750
1764842208.9498353,0,0,5174,646.750
1764842208.953442,0,0,-967,-120.875
1764842208.9574387,0,0,-2278,-284.750
1764842208.961416,1,1,-297,-37.125
1764842208.9654183,0,0,4174,521.750
1764842208.9694374,0,0,5054,631.750
1764842208.9734366,0,0,-914,-114.250
1764842208.977493,0,0,-2283,-285.375
1764842208.98181,1,1,-83,-10.375
1764842208.9855306,0,0,4370,546.250
1764842208.9894521,0,0,5389,673.625
1764842208.9934325,0,0,-728,-91.000
1764842208.9974384,0,0,-2268,-283.500
1764842209.0014324,1,1,107,13.375
1764842209.005427,0,0,4525,565.625
1764842209.0094295,0,0,5637,704.625
1764842209.0134315,0,0,-602,-75.250
1764842209.0174363,0,0,-2217,-277.125
1764842209.0215259,1,1,-803,-100.375
1764842209.0253947,0,0,3582,447.750
1764842209.0293934,0,0,5336,667.000
1764842209.0333915,0,0,-608,-76.000
1764842209.0373936,0,0,-2129,-266.125
1764842209.0413938,0,1,-931,-116.375
1764842209.045389,0,0,3423,427.875
1764842209.0493896,0,0,5470,683.750
1764842209.0533829,0,0,-438,-54.750
1764842209.0573885,0,0,-2096,-262.000
1764842209.0613875,0,0,-1140,-142.500
1764842209.0653846,0,0,3144,393.000
1764842209.0693882,0,0,5573,696.625
1764842209.073385,0,0,-212,-26.500
1764842209.077388,0,0,-2306,-288.250
1764842209.0813887,0,0,-721,-90.125
1764842209.0853875,0,0,3631,453.875
1764842209.089389,0,0,6000,750.000
1764842209.0933857,0,0,-2243,-280.375
1764842209.0973873,0,0,-1117,-139.625
1764842209.1013854,0,0,3138,392.250
1764842209.1053884,0,0,5933,741.625
1764842209.1093948,0,0,226,28.250
1764842209.1133864,0,0,-2270,-283.750
1764842209.117391,0,0,-1054,-131.750
1764842209.1213896,0,0,3199,399.875
1764842209.1254292,0,0,6117,764.625
1764842209.1293945,0,0,467,58.375
1764842209.133386,0,0,-2277,-284.625
1764842209.1373906,0,0,-872,-109.000
1764842209.141387,0,0,3395,424.375
1764842209.1454623,0,0,6317,789.625
1764842209.1494021,0,0,653,81.625
1764842209.153377,0,0,-2231,-278.875
1764842209.1573896,0,0,-1243,-155.375
1764842209.1614702,0,0,2919,364.875
1764842209.1653934,0,0,6140,767.500
1764842209.1693854,0,0,696,87.000
1764842209.1733775,0,0,-1747,-218.375
1764842209.177389,0,0,-1850,-231.250
1764842209.1813867,0,0,1381,172.625
1764842209.1853857,0,0,5285,660.625
1764842209.1893952,0,0,775,96.875
1764842209.19339,0,0,-2205,-275.625
1764842209.1973853,0,0,-1373,-171.625
1764842209.2013712,0,0,2697,337.125
1764842209.2053704,0,0,6262,782.750
1764842209.2093885,0,0,1362,170.250
1764842209.2133882,0,0,-2151,-268.875
1764842209.2173922,0,0,-1514,-189.250
1764842209.221388,0,0,2448,306.000
1764842209.2254205,0,0,6162,770.250
1764842209.22939,0,0,1542,192.750
1764842209.2333887,0,0,-2102,-262.750
1764842209.2373931,0,0,-1667,-208.375
1764842209.2413912,0,0,2166,270.750
1764842209.2454116,0,0,6039,754.875
1764842209.2493818,0,0,1740,217.500
1764842209.2533731,0,0,-2074,-259.250
1764842209.2573857,0,0,-1726,-215.750
1764842209.261391,0,0,2034,254.250
1764842209.2653863,0,0,6003,750.375
1764842209.2693775,0,0,2024,253.000
1764842209.2733731,0,0,-2058,-257.250
1764842209.2773883,0,0,-1683,-210.375
1764842209.2813888,0,0,2094,261.750
1764842209.285389,0,0,6067,758.375
1764842209.2893798,0,0,2250,281.250
1764842209.29337,0,0,-1982,-247.750
1764842209.2973855,0,0,-1873,-234.125
1764842209.3013904,0,0,1667,208.375
1764842209.3053894,0,0,5800,725.000
1764842209.3093781,0,0,2378,297.250
1764842209.313372,0,0,-1865,-233.125
1764842209.317386,0,0,-1941,-242.625
1764842209.3213887,0,0,1137,142.125
1764842209.3254008,0,0,5440,680.000
1764842209.329392,0,0,2557,319.625
1764842209.333386,0,0,-1892,-236.500
1764842209.3373923,0,0,-1977,-247.125
1764842209.3413866,0,0,1120,140.000
1764842209.3454747,0,0,5446,680.750
1764842209.3493996,0,0,2837,354.625
1764842209.3533738,0,0,-1839,-229.875
1764842209.3573854,0,0,-1962,-245.250
1764842209.3613873,0,0,809,101.125
1764842209.3653877,0,0,5215,651.875
1764842209.3693812,0,0,3123,390.375
1764842209.3733704,0,0,-1811,-226.375
1764842209.3773885,0,0,-2017,-252.125
1764842209.3813875,0,0,1202,150.250
1764842209.3853862,1,0,5526,690.750
1764842209.3893929,0,0,3485,435.625
1764842209.3933861,0,0,-1719,-214.875
1764842209.3973916,0,0,-1975,-246.875
1764842209.401386,0,0,414,51.750
1764842209.4053879,1,0,4888,611.000
1764842209.409391,0,0,3489,436.125
1764842209.4133847,0,0,-1699,-212.375
1764842209.417389,0,0,-1830,-228.750
1764842209.4213853,0,0,-32,-4.000
1764842209.4254217,1,0,4487,560.875
1764842209.4293928,0,0,3681,460.125
1764842209.433386,0,0,-1616,-202.000
1764842209.437391,0,0,-2144,-268.000
1764842209.441389,0,0,558,69.750
1764842209.4453955,1,1,5008,626.000
1764842209.4493845,0,0,4204,525.500
1764842209.4533722,0,0,-1451,-181.375
1764842209.457387,0,0,-2190,-273.750
1764842209.4613848,0,0,262,32.750
1764842209.4653847,1,1,4737,592.125
1764842209.4693782,0,0,4375,546.875
1764842209.4733717,0,0,-1361,-170.125
1764842209.4773862,0,0,-2211,-276.375
1764842209.481383,0,0,345,43.125
1764842209.485382,1,1,4796,599.500
1764842209.4893916,0,0,4710,588.750
1764842209.493387,0,0,-1212,-151.500
1764842209.4973893,0,0,-2230,-278.750
1764842209.5013802,0,0,288,36.000
1764842209.5053818,1,1,4731,591.375
1764842209.5093856,0,0,4917,614.625
1764842209.5133862,0,0,-1109,-138.625
1764842209.5173872,0,0,-2219,-277.375
1764842209.5213823,0,0,-236,-29.500
1764842209.5253835,1,1,4228,528.500
1764842209.5293834,0,0,4927,615.875
1764842209.5333827,0,0,-1030,-128.750
1764842209.5373795,0,0,-2259,-282.375
1764842209.5413706,0,0,-122,-15.250
1764842209.5454464,1,1,4324,540.500
1764842209.54939,0,0,5218,652.250
1764842209.553372,0,0,-868,-108.500
1764842209.5573888,0,0,-2258,-282.250
1764842209.5613866,0,0,-404,-50.500
1764842209.5653813,1,1,4026,503.250
1764842209.5693762,0,0,5341,667.625
1764842209.5733674,0,0,-719,-89.875
1764842209.5773835,0,0,-2288,-286.000
1764842209.5813863,0,0,-257,-32.125
1764842209.5853858,1,1,4155,519.375
1764842209.5893867,0,0,5585,698.125
1764842209.5933845,0,0,-568,-71.000
1764842209.5973885,0,0,-2267,-283.375
1764842209.6013854,0,0,-612,-76.500
1764842209.6053855,1,1,3781,472.625
1764842209.6093893,0,0,5567,695.875
1764842209.6133816,0,0,-486,-60.750
1764842209.6173856,0,0,-2001,-250.125
1764842209.6213844,0,0,-1122,-140.250
1764842209.6253831,1,1,3161,395.125
1764842209.6294136,0,0,5389,673.625
1764842209.6333663,0,0,-435,-54.375
1764842209.6373873,0,0,-1988,-248.500
1764842209.6413867,0,0,-1206,-150.750
1764842209.6453898,1,1,3040,380.000
1764842209.649379,0,0,5568,696.000
1764842209.653365,0,0,-191,-23.875
1764842209.6573787,0,0,-2225,-278.125
1764842209.661385,0,0,-1049,-131.125
1764842209.6653836,1,1,3230,403.750
1764842209.6693745,0,0,5834,729.250
1764842209.6733642,0,0,27,3.375
1764842209.6773834,0,0,-2047,-255.875
1764842209.6813805,0,0,-1400,-175.000
1764842209.6853814,1,1,2731,341.375
1764842209.689386,0,0,5723,715.375
1764842209.6933815,0,0,183,22.875
1764842209.6973827,0,0,-2159,-269.875
1764842209.701377,0,0,-1361,-170.125
1764842209.7053812,1,1,2771,346.375
1764842209.7093747,0,0,5921,740.125
1764842209.7133672,0,0,463,57.875
1764842209.7173793,0,0,-1321,-165.125
1764842209.7213802,0,0,2807,350.875
1764842209.7253807,1,1,6061,757.625
1764842209.7294004,0,0,684,85.500
1764842209.7333813,0,0,-2194,-274.250
1764842209.7373812,0,0,-1420,-177.500
1764842209.741379,0,0,2641,330.125
1764842209.7454545,1,1,6061,757.625
1764842209.7493908,0,0,855,106.875
1764842209.753367,0,0,-1900,-237.500
1764842209.7573857,0,0,-1831,-228.875
1764842209.7613811,0,0,1834,229.250
1764842209.7653785,1,1,5647,705.875
1764842209.769374,0,0,967,120.875
1764842209.7733676,0,0,-2144,-268.000
1764842209.7773783,0,0,-1611,-201.375
1764842209.7813816,0,0,2294,286.750
1764842209.785379,1,1,6041,755.125
1764842209.789373,0,0,1310,163.750
1764842209.7933657,0,0,-1931,-241.375
1764842209.797381,0,0,-1908,-238.500
1764842209.8013804,0,0,1540,192.500
1764842209.8053796,1,1,5612,701.500
1764842209.8093836,0,0,1513,189.125
1764842209.8133855,0,0,-2128,-266.000
1764842209.817388,0,0,-1559,-194.875
1764842209.8213816,0,0,2339,292.375
1764842209.825378,1,1,6199,774.875
1764842209.8293846,0,0,1967,245.875
1764842209.83338,0,0,-2053,-256.625
1764842209.837384,0,0,-1736,-217.000
1764842209.841378,0,0,1992,249.000
1764842209.845377,1,1,6015,751.875
1764842209.8493824,0,0,2218,277.250
1764842209.8533924,0,0,-2018,-252.250
1764842209.8573813,0,0,-1736,-217.000
1764842209.8613653,0,0,1982,247.750
1764842209.8653655,1,1,6029,753.625
1764842209.8693795,0,0,2450,306.250
1764842209.8733788,0,0,-1941,-242.625
1764842209.8773804,0,0,-1964,-245.500
1764842209.8813658,0,0,1372,171.500
1764842209.8853633,1,1,5620,702.500
1764842209.8893788,0,0,2536,317.000
1764842209.8933787,0,0,-1895,-236.875
1764842209.8973806,0,0,-1938,-242.250
1764842209.9013786,0,0,785,98.125
1764842209.9053786,1,1,5189,648.625
1764842209.9093814,0,0,2801,350.125
1764842209.9133763,0,0,-1894,-236.750
1764842209.91738,0,0,-1735,-216.875
1764842209.9213748,0,0,1931,241.375
1764842209.9253788,1,1,6057,757.125
1764842209.929395,0,0,3289,411.125
1764842209.9333746,0,0,-1770,-221.250
1764842209.9373786,0,0,-1931,-241.375
1764842209.9413822,0,0,394,49.250
1764842209.950922,0,0,3172,396.500
1764842209.9533937,0,0,-1783,-222.875
1764842209.957405,0,0,-2036,-254.500
1764842209.9613686,0,0,1135,141.875
1764842209.965365,1,1,5470,683.750
1764842209.9693806,0,0,3739,467.375
1764842209.9733822,0,0,-1647,-205.875
1764842209.9774337,0,0,-2128,-266.000
1764842209.9817262,0,0,642,80.250
1764842209.9854438,1,1,5070,633.750
1764842209.989393,0,0,3868,483.500
1764842209.9933765,0,0,-1588,-198.500
1764842209.9973755,0,0,-2106,-263.250
1764842210.0013707,0,0,884,110.500
1764842210.0053725,1,1,5253,656.625
1764842210.009378,0,0,4241,530.125
1764842210.013374,0,0,-1466,-183.250
1764842210.0173779,0,0,-2167,-270.875
1764842210.0213752,0,0,555,69.375
1764842210.0253747,1,1,4975,621.875
1764842210.0293763,0,0,4401,550.125
1764842210.0333745,0,0,-1387,-173.375
1764842210.0375059,0,0,-2142,-267.750
1764842210.0413613,0,0,755,94.375
1764842210.045358,1,1,5120,640.000
1764842210.0493793,0,0,4716,589.500
1764842210.0533764,0,0,-1266,-158.250
1764842210.0573788,0,0,-2180,-272.500
1764842210.0613716,0,0,583,72.875
1764842210.065372,1,1,4959,619.875
1764842210.0693784,0,0,4870,608.750
1764842210.0733764,0,0,-1188,-148.500
1764842210.0773778,0,0,-2207,-275.875
1764842210.08143,0,0,55,6.875
1764842210.085383,1,1,4482,560.250
1764842210.0893734,0,0,4924,615.500
1764842210.093362,0,0,-1099,-137.375
1764842210.0973768,0,0,-2233,-279.125
1764842210.1013827,0,0,197,24.625
1764842210.1053772,1,1,4592,574.000
1764842210.109371,0,0,5207,650.875
1764842210.1133597,0,0,-954,-119.250
1764842210.1173797,0,0,-2253,-281.625
1764842210.1213787,0,0,67,8.375
1764842210.1253772,1,1,4458,557.250
1764842210.1293693,0,0,5401,675.125
1764842210.1333916,0,0,-808,-101.000
1764842210.1373777,0,0,-2261,-282.625
1764842210.1413786,0,0,-154,-19.250
1764842210.1453774,1,1,4235,529.375
1764842210.1494477,0,0,5504,688.000
1764842210.1533747,0,0,-688,-86.000
1764842210.1573677,0,0,-2272,-284.000
1764842210.161363,0,0,-199,-24.875
1764842210.1653688,1,1,4174,521.750
1764842210.169364,0,0,5677,709.625
1764842210.17336,0,0,-534,-66.750
1764842210.1773615,0,0,-2280,-285.000
1764842210.1813626,0,0,-327,-40.875
1764842210.1853638,1,1,4029,503.625
1764842210.1893685,0,0,5810,726.250
1764842210.193359,0,0,-369,-46.125
1764842210.197376,0,0,-2288,-286.000
1764842210.2013767,0,0,-417,-52.125
1764842210.2053883,1,1,3925,490.625
1764842210.2093844,0,0,5932,741.500
1764842210.2133746,0,0,-211,-26.375
1764842210.2173657,0,0,-2207,-275.875
1764842210.221373,0,0,-764,-95.500
1764842210.2253642,1,1,3537,442.125
1764842210.2293658,0,0,5905,738.125
1764842210.2333567,0,0,-63,-7.875
1764842210.2373736,0,0,-2278,-284.750
1764842210.2413747,0,0,-646,-80.750
1764842210.245377,1,1,3644,455.500
1764842210.2493691,0,0,6120,765.000
1764842210.2533588,0,0,164,20.500
1764842210.2573779,0,0,-2273,-284.125
1764842210.261373,0,0,-762,-95.250
1764842210.2653759,1,1,3498,437.250
1764842210.2693822,0,0,6169,771.125
1764842210.273377,0,0,336,42.000
1764842210.2773805,0,0,-2268,-283.500
1764842210.281375,0,0,-822,-102.750
1764842210.2853749,1,1,3409,426.125
1764842210.2893686,0,0,6257,782.125
1764842210.2933602,0,0,572,71.500
1764842210.2973757,0,0,-2270,-283.750
1764842210.3013752,0,0,-851,-106.375
1764842210.3053727,1,1,3364,420.500
1764842210.3093796,0,0,6330,791.250
1764842210.3133743,0,0,786,98.250
1764842210.3173823,0,0,-2257,-282.125
1764842210.321374,0,0,-918,-114.750
1764842210.3253744,1,1,3262,407.750
1764842210.3293793,0,0,6367,795.875
1764842210.33339,0,0,1029,128.625
1764842210.3374257,0,0,-893,-111.625
1764842210.3414173,0,0,3262,407.750
1764842210.3454163,1,1,6425,803.125
1764842210.349506,0,0,1210,151.250
1764842210.3534362,0,0,-1823,-227.875
1764842210.3574178,0,0,-1546,-193.250
1764842210.361401,0,0,2362,295.250
1764842210.3653965,1,1,5977,747.125
1764842210.369418,0,0,1343,167.875
1764842210.37342,0,0,-2066,-258.250
1764842210.3774157,0,0,-1396,-174.500
1764842210.381398,0,0,2591,323.875
1764842210.385399,1,1,6170,771.250
1764842210.3894222,0,0,1653,206.625
1764842210.3934178,0,0,-1898,-237.250
1764842210.397421,0,0,-1595,-199.375
1764842210.401417,0,0,2250,281.250
1764842210.4054174,1,1,6009,751.125
1764842210.4094203,0,0,1890,236.250
1764842210.4134293,0,0,-1929,-241.125
1764842210.4174209,0,0,-1621,-202.625
1764842210.421398,0,0,2186,273.250
1764842210.4253967,1,1,5998,749.750
1764842210.429421,0,0,2148,268.500
1764842210.4334354,0,0,-1850,-231.250
1764842210.4373736,0,0,-1723,-215.375
1764842210.4413629,0,0,1974,246.750
1764842210.4453573,1,1,5890,736.250
1764842210.4493806,0,0,2400,300.000
1764842210.4533727,0,0,-1728,-216.000
1764842210.4573767,0,0,-1837,-229.625
1764842210.461374,0,0,1596,199.500
1764842210.4653754,1,1,5660,707.500
1764842210.4693794,0,0,2640,330.000
1764842210.473388,0,0,-1908,-238.500
1764842210.4773772,0,0,-1776,-222.000
1764842210.4813743,0,0,1838,229.750
1764842210.485374,1,1,5833,729.125
1764842210.4893794,0,0,2959,369.875
1764842210.49337,0,0,-1702,-212.750
1764842210.4973748,0,0,-1868,-233.500
1764842210.5013716,0,0,1213,151.625
1764842210.5053728,1,1,5405,675.625
1764842210.509374,0,0,3114,389.250
1764842210.5133724,0,0,-1770,-221.250
1764842210.5173745,0,0,-1898,-237.250
1764842210.52137,0,0,1404,175.500
1764842210.5253708,1,1,5547,693.375
1764842210.529378,0,0,3426,428.250
1764842210.5333858,0,0,-1668,-208.500
1764842210.5373688,0,0,-1843,-230.375
1764842210.5413532,0,0,807,100.875
1764842210.545355,1,1,5106,638.250
1764842210.5494626,0,0,3585,448.125
1764842210.5533879,0,0,-1654,-206.750
1764842210.5573685,0,0,-1887,-235.875
1764842210.561353,0,0,853,106.625
1764842210.5653553,1,1,5133,641.625
1764842210.5693767,0,0,3885,485.625
1764842210.5733564,0,0,-1615,-201.875
1764842210.5773594,0,0,-1851,-231.375
1764842210.5813553,0,0,580,72.500
1764842210.5853534,1,1,4910,613.750
1764842210.5893817,0,0,4092,511.500
1764842210.5933738,0,0,-1561,-195.125
1764842210.5973778,0,0,-1865,-233.125
1764842210.60137,0,0,493,61.625
1764842210.605371,1,1,4835,604.375
1764842210.6093757,0,0,4342,542.750
1764842210.6133716,0,0,-1489,-186.125
1764842210.6173797,0,0,-1930,-241.250
1764842210.621373,0,0,452,56.500
1764842210.6253698,1,1,4791,598.875
1764842210.6293762,0,0,4561,570.125
1764842210.6333737,0,0,-1399,-174.875
1764842210.637415,0,0,-1639,-204.875
1764842210.6413748,0,0,-403,-50.375
1764842210.6453717,1,1,4014,501.750
1764842210.6493754,0,0,4494,561.750
1764842210.6533732,0,0,-1340,-167.500
1764842210.6573765,0,0,-1907,-238.375
1764842210.6613736,0,0,40,5.000
1764842210.665392,1,1,4435,554.375
1764842210.6693673,0,0,4854,606.750
1764842210.673353,0,0,-1210,-151.250
1764842210.6773777,0,0,-1265,-158.125
1764842210.681371,0,0,-1395,-174.375
1764842210.6853695,1,1,2802,350.250
1764842210.6893713,0,0,4332,541.500
1764842210.6933687,0,0,-1209,-151.125
1764842210.6973655,0,0,-1715,-214.375
1764842210.7013555,0,0,-769,-96.125
1764842210.7053547,1,1,3613,451.625
1764842210.7093713,0,0,5047,630.875
1764842210.7133696,0,0,-886,-110.750
1764842210.7173731,0,0,-1839,-229.875
1764842210.7213695,0,0,-938,-117.250
1764842210.7253685,1,1,3412,426.500
1764842210.729363,0,0,5193,649.125
1764842210.733352,0,0,-712,-89.000
1764842210.7373676,0,0,-1971,-246.375
1764842210.7413673,0,0,-938,-117.250
1764842210.7453678,1,1,3399,424.875
1764842210.7494442,0,0,5408,676.000
1764842210.753365,0,0,-516,-64.500
1764842210.7573574,0,0,-1886,-235.750
1764842210.7613537,0,0,-1253,-156.625
1764842210.7653537,1,1,2982,372.750
1764842210.7693717,0,0,5379,672.375
1764842210.7733688,0,0,-383,-47.875
1764842210.7773647,0,0,-1912,-239.000
1764842210.7813532,0,0,-1366,-170.750
1764842210.7853525,1,1,2803,350.375
1764842210.7893605,0,0,5475,684.375
1764842210.793355,0,0,-188,-23.500
1764842210.7973678,0,0,-1962,-245.250
1764842210.8013668,0,0,-1420,-177.500
1764842210.8053725,1,1,2712,339.000
1764842210.8093755,0,0,5594,699.250
1764842210.8133698,0,0,5,0.625
1764842210.8173711,0,0,-1841,-230.125
1764842210.8213716,0,0,-1672,-209.000
1764842210.8253703,1,1,2261,282.625
1764842210.8293638,0,0,5472,684.000
1764842210.8333542,0,0,130,16.250
1764842210.8373692,0,0,-1769,-221.125
1764842210.8413677,0,0,-1869,-233.625
1764842210.845367,1,1,1483,185.375
1764842210.8493583,0,0,5105,638.125
1764842210.8533516,0,0,221,27.625
1764842210.8573692,0,0,-1881,-235.125
1764842210.8613636,0,0,-1890,-236.250
1764842210.8653626,1,1,1632,204.000
1764842210.869364,0,0,5370,671.250
1764842210.873366,0,0,547,68.375
1764842210.8773694,0,0,-1970,-246.250
1764842210.8813622,0,0,-1939,-242.375
1764842210.8853624,1,1,1402,175.250
1764842210.8893657,0,0,5345,668.125
1764842210.8933625,0,0,804,100.500
1764842210.897368,0,0,-2035,-254.375
1764842210.9013667,0,0,-1980,-247.500
1764842210.9053621,1,1,1309,163.625
1764842210.9093618,0,0,5382,672.750
1764842210.9133637,0,0,1065,133.125
1764842210.9173682,0,0,-2096,-262.000
1764842210.921364,0,0,-1984,-248.000
1764842210.9253602,1,1,1416,177.000
1764842210.929366,0,0,5572,696.500
1764842210.933361,0,0,1455,181.875
1764842210.9374168,0,0,-2058,-257.250
1764842210.9414182,0,0,-2039,-254.875
1764842210.9454086,1,1,1219,152.375
1764842210.9559739,0,0,-2018,-252.250
1764842210.9579256,0,0,-2037,-254.625
1764842210.9614177,0,0,1243,155.375
1764842210.9654107,1,1,5565,695.625
1764842210.969403,0,0,2091,261.375
1764842210.973391,0,0,-1960,-245.000
1764842210.9774559,0,0,-2027,-253.375
1764842210.9817953,0,0,1277,159.625
1764842210.9855201,1,1,5641,705.125
1764842210.9894297,0,0,2465,308.125
1764842210.9934049,0,0,-1882,-235.250
1764842210.9974182,0,0,-2095,-261.875
1764842211.001409,0,0,1034,129.250
1764842211.0054085,1,1,5475,684.375
1764842211.0094116,0,0,2791,348.875
1764842211.0134065,0,0,-1804,-225.500
1764842211.0174065,0,0,-2056,-257.000
1764842211.0214083,0,0,1160,145.000
1764842211.0254073,1,1,5577,697.125
1764842211.0294135,0,0,3087,385.875
1764842211.033405,0,0,-1733,-216.625
1764842211.0375679,0,0,-2077,-259.625
1764842211.0413542,0,0,1080,135.000
1764842211.0453503,1,1,5524,690.500
1764842211.049353,0,0,3503,437.875
1764842211.053349,0,0,-1617,-202.125
1764842211.0573504,0,0,-1950,-243.750
1764842211.061347,0,0,1403,175.375
1764842211.0653498,1,1,5762,720.250
1764842211.069353,0,0,3734,466.750
1764842211.073351,0,0,-1574,-196.750
1764842211.0773635,0,0,-2156,-269.500
1764842211.0813596,0,0,763,95.375
1764842211.0853634,1,1,5244,655.500
1764842211.0893693,0,0,4102,512.750
1764842211.0933623,0,0,-1424,-178.000
1764842211.0973675,0,0,-1882,-235.250
1764842211.1013627,0,0,1509,188.625
1764842211.10536,1,1,5798,724.750
1764842211.1093664,0,0,4429,553.625
1764842211.1133626,0,0,-1360,-170.000
1764842211.1173682,0,0,-2210,-276.250
1764842211.1213808,0,0,487,60.875
1764842211.1253724,1,1,4977,622.125
1764842211.129363,0,0,4255,531.875
1764842211.133351,0,0,-1396,-174.500
1764842211.1373951,0,0,-2201,-275.125
1764842211.141363,0,0,-193,-24.125
1764842211.1453607,1,1,4335,541.875
1764842211.149356,0,0,4139,517.375
1764842211.1534398,0,0,-1391,-173.875
1764842211.1573746,0,0,-2066,-258.250
1764842211.1613483,0,0,-557,-69.625
1764842211.1653483,1,1,3972,496.500
1764842211.169364,0,0,4259,532.375
1764842211.1733668,0,0,-1292,-161.500
1764842211.1773617,0,0,-2021,-252.625
1764842211.1813495,0,0,-861,-107.625
1764842211.1853473,1,1,3619,452.375
1764842211.1893673,0,0,4261,532.625
1764842211.193364,0,0,-1233,-154.125
1764842211.1973658,0,0,-2083,-260.375
1764842211.2013626,0,0,-952,-119.000
1764842211.2053616,1,1,3502,437.750
1764842211.2093651,0,0,4636,579.500
1764842211.2133603,0,0,-989,-123.625
1764842211.2173662,0,0,-2265,-283.125
1764842211.2213638,0,0,-860,-107.500
1764842211.2253659,1,1,3607,450.875
1764842211.22936,0,0,4754,594.250
1764842211.2333457,0,0,-933,-116.625
1764842211.2373488,0,0,-1909,-238.625
1764842211.2413838,0,0,-1589,-198.625
1764842211.2453485,1,1,2526,315.750
1764842211.2493477,0,0,4530,566.250
1764842211.253345,0,0,-823,-102.875
1764842211.2573612,0,0,-2278,-284.750
1764842211.261364,0,0,-1080,-135.000
1764842211.2653632,1,1,3299,412.375
1764842211.2693646,0,0,5643,705.375
1764842211.27336,0,0,-91,-11.375
1764842211.2773647,0,0,-2005,-250.625
1764842211.2813618,0,0,670,83.750
1764842211.2853637,1,1,5053,631.625
1764842211.289356,0,0,6543,817.875
1764842211.2933443,0,0,145,18.125
1764842211.297359,0,0,-2167,-270.875
1764842211.301364,0,0,60,7.500
1764842211.3053625,1,1,4471,558.875
1764842211.3093636,0,0,6429,803.625
1764842211.3133585,0,0,219,27.375
1764842211.317365,0,0,-2225,-278.125
1764842211.3213596,0,0,-224,-28.000
1764842211.325362,1,1,4174,521.750
1764842211.3293662,0,0,6255,781.875
1764842211.3333633,0,0,109,13.625
1764842211.3373625,0,0,-2200,-275.000
1764842211.3413744,0,0,-1402,-175.250
1764842211.3454084,1,1,2767,345.875
1764842211.34941,0,0,5737,717.125
1764842211.353492,0,0,197,24.625
1764842211.3574207,0,0,-2287,-285.875
1764842211.3613863,0,0,-916,-114.500
1764842211.3653855,1,1,3399,424.875
1764842211.3694088,0,0,6397,799.625
1764842211.3734055,0,0,829,103.625
1764842211.3774,0,0,-2190,-273.750
1764842211.3813837,0,0,-470,-58.750
1764842211.3853858,1,1,3854,481.750
1764842211.3894074,0,0,6566,820.750
1764842211.3934045,0,0,703,87.875
1764842211.3974094,0,0,-2072,-259.000
1764842211.4014027,0,0,-1662,-207.750
1764842211.4053998,1,1,2279,284.875
1764842211.4094093,0,0,5791,723.875
1764842211.413406,0,0,654,81.750
1764842211.4174094,0,0,-2020,-252.500
1764842211.421411,0,0,-1718,-214.750
1764842211.425408,1,1,2150,268.750
1764842211.4293928,0,0,5840,730.000
1764842211.4333856,0,0,961,120.125
1764842211.4374027,0,0,-2210,-276.250
1764842211.441411,0,0,-1317,-164.625
1764842211.4453633,1,1,2792,349.000
1764842211.449354,0,0,6270,783.750
1764842211.4533424,0,0,1145,143.125
1764842211.4573581,0,0,-1869,-233.625
1764842211.46136,0,0,-1805,-225.625
1764842211.4653568,1,1,651,81.375
1764842211.46936,0,0,4740,592.500
1764842211.4733589,0,0,496,62.000
1764842211.4773645,0,0,-1868,-233.500
1764842211.4813583,0,0,-1221,-152.625
1764842211.485355,1,1,-1072,-134.000
1764842211.489363,0,0,2942,367.750
1764842211.4933581,0,0,-203,-25.375
1764842211.4973638,0,0,-1990,-248.750
1764842211.5013566,0,0,-1026,-128.250
1764842211.5053575,1,1,-1834,-229.250
1764842211.50936,0,0,1342,167.750
1764842211.513355,0,0,-705,-88.125
1764842211.5173624,0,0,-2216,-277.000
1764842211.5213585,0,0,-1578,-197.250
1764842211.525359,1,1,-1885,-235.625
1764842211.5293612,0,0,1478,184.750
1764842211.5333548,0,0,-358,-44.750
1764842211.537353,0,0,-2256,-282.000
1764842211.5414076,0,0,-2210,-276.250
1764842211.5453868,1,1,-1982,-247.750
1764842211.5494094,0,0,1289,161.125
1764842211.553474,0,0,-145,-18.125
1764842211.5574152,0,0,-2189,-273.625
1764842211.5613873,0,0,-2339,-292.375
1764842211.565385,1,1,-1890,-236.250
1764842211.569403,0,0,1625,203.125
1764842211.5733986,0,0,365,45.625
1764842211.5773947,0,0,-2353,-294.125
1764842211.5813856,0,0,-1861,-232.625
1764842211.5853834,1,1,1714,214.250
1764842211.5893943,0,0,651,81.375
1764842211.5933828,0,0,-1910,-238.750
1764842211.597398,0,0,-2339,-292.375
1764842211.601401,0,0,-1970,-246.250
1764842211.6054049,1,1,1383,172.875
1764842211.6094062,0,0,691,86.375
1764842211.613402,0,0,-1841,-230.125
1764842211.6174035,0,0,-2317,-289.625
1764842211.6214004,0,0,-1990,-248.750
1764842211.6253996,1,1,1297,162.125
1764842211.6294055,0,0,881,110.125
1764842211.6334014,0,0,-1732,-216.500
1764842211.637409,0,0,-2283,-285.375
1764842211.6413987,0,0,-2124,-265.500
1764842211.6454842,1,1,713,89.125
1764842211.6493669,0,0,752,94.000
1764842211.653359,0,0,-1704,-213.000
1764842211.6573615,0,0,-2248,-281.000
1764842211.6613545,0,0,-2007,-250.875
1764842211.6653545,1,1,1116,139.500
1764842211.669357,0,0,1300,162.500
1764842211.6733572,0,0,-1490,-186.250
1764842211.6773596,0,0,-2188,-273.500
1764842211.681355,0,0,-2086,-260.750
1764842211.6853561,1,1,687,85.875
1764842211.6893628,0,0,1243,155.375
1764842211.69336,0,0,-1448,-181.000
1764842211.697361,0,0,-2150,-268.750
1764842211.7013416,0,0,-2061,-257.625
1764842211.705339,1,1,691,86.375
1764842211.7093408,0,0,1484,185.500
1764842211.713342,0,0,-1318,-164.750
1764842211.7173195,0,0,-2095,-261.875
1764842211.7213445,0,0,-2057,-257.125
1764842211.7253394,1,1,581,72.625
1764842211.7293575,0,0,1651,206.375
1764842211.733357,0,0,-1209,-151.125
1764842211.737362,0,0,-2042,-255.250
1764842211.741358,0,0,-2054,-256.750
1764842211.7453835,1,1,444,55.500
1764842211.7493446,0,0,1777,222.125
1764842211.7534318,0,0,-1109,-138.625
1764842211.757376,0,0,-1989,-248.625
1764842211.761354,0,0,-2054,-256.750
1764842211.7653515,1,1,271,33.875
1764842211.7693543,0,0,1847,230.875
1764842211.773354,0,0,-1025,-128.125
1764842211.7773497,0,0,-1940,-242.500
1764842211.7813418,0,0,-2031,-253.875
1764842211.7853394,1,1,248,31.000
1764842211.7893586,0,0,2053,256.625
1764842211.7933402,0,0,-895,-111.875
1764842211.797356,0,0,-1881,-235.125
1764842211.8013575,0,0,-2018,-252.250
1764842211.8053548,1,1,134,16.750
1764842211.8093576,0,0,2178,272.250
1764842211.813355,0,0,-786,-98.250
1764842211.8173563,0,0,-1828,-228.500
1764842211.8213563,0,0,-1989,-248.625
1764842211.8253536,1,1,143,17.875
1764842211.8293614,0,0,2425,303.125
1764842211.8333561,0,0,-627,-78.375
1764842211.8373578,0,0,-1764,-220.500
1764842211.8413422,0,0,-1955,-244.375
1764842211.8453753,1,1,205,25.625
1764842211.8493588,0,0,2697,337.125
1764842211.8533537,0,0,-462,-57.750
1764842211.8573494,0,0,-1703,-212.875
1764842211.861338,0,0,-1960,-245.000
1764842211.8653388,1,1,-62,-7.750
1764842211.8693597,0,0,2595,324.375
1764842211.8733525,0,0,-421,-52.625
1764842211.8773541,0,0,-1674,-209.250
1764842211.8813505,0,0,-1943,-242.875
1764842211.8853536,1,1,-96,-12.000
1764842211.8893597,0,0,2736,342.000
1764842211.8933537,0,0,-292,-36.500
1764842211.8973575,0,0,-1622,-202.750
1764842211.9013515,0,0,-1947,-243.375
1764842211.9053526,1,1,-509,-63.625
1764842211.9093575,0,0,2374,296.750
1764842211.9133546,0,0,-337,-42.125
1764842211.917357,0,0,-1614,-201.750
1764842211.921351,0,0,-1912,-239.000
1764842211.9253519,1,1,-237,-29.625
1764842211.929358,0,0,2946,368.250
1764842211.9333518,0,0,-7,-0.875
1764842211.9373543,0,0,-1506,-188.250
1764842211.9413514,0,0,-1885,-235.625
1764842211.9453542,1,1,-358,-44.750
1764842211.9494038,0,0,2940,367.500
1764842211.9599206,0,0,-1865,-233.125
1764842211.9618225,0,0,-1865,-233.125
1764842211.965401,1,1,-337,-42.125
1764842211.9693933,0,0,3144,393.000
1764842211.9733803,0,0,298,37.250
1764842211.9774437,0,0,-1400,-175.000
1764842211.9817815,0,0,-1844,-230.500
1764842211.9855056,1,1,-368,-46.000
1764842211.9894059,0,0,3231,403.875
1764842211.993393,0,0,437,54.625
1764842211.9974046,0,0,-1353,-169.125
1764842212.0013945,0,0,-1842,-230.250
1764842212.005391,1,1,-751,-93.875
1764842212.0093927,0,0,2757,344.625
1764842212.013392,0,0,349,43.625
1764842212.0173965,0,0,-1367,-170.875
1764842212.0214012,0,0,-1839,-229.875
1764842212.0253968,1,1,-863,-107.875
1764842212.0293992,0,0,2703,337.875
1764842212.033393,0,0,483,60.375
1764842212.0373948,0,0,-1316,-164.500
1764842212.0413783,0,0,-1812,-226.500
1764842212.0453942,1,1,-686,-85.750
1764842212.0494459,0,0,3120,390.000
1764842212.0535407,0,0,844,105.500
1764842212.0573804,0,0,-1206,-150.750
1764842212.0613391,0,0,-1780,-222.500
1764842212.0653365,1,1,-656,-82.000
1764842212.0693552,0,0,3277,409.625
1764842212.0733497,0,0,1107,138.375
1764842212.0773454,0,0,-1129,-141.125
1764842212.0813363,0,0,-1763,-220.375
1764842212.0853376,1,1,-807,-100.875
1764842212.0893517,0,0,3104,388.000
1764842212.09335,0,0,1233,154.125
1764842212.0973535,0,0,-1092,-136.500
1764842212.1013496,0,0,-1749,-218.625
1764842212.1053493,1,1,-559,-69.875
1764842212.1093547,0,0,3608,451.000
1764842212.113351,0,0,1738,217.250
1764842212.1173556,0,0,-951,-118.875
1764842212.1213374,0,0,-1712,-214.000
1764842212.1253362,1,1,-376,-47.000
1764842212.1293585,0,0,3957,494.625
1764842212.1333513,0,0,2176,272.000
1764842212.1373467,0,0,-836,-104.500
1764842212.1413336,0,0,-1699,-212.375
1764842212.1453362,1,1,-447,-55.875
1764842212.1493573,0,0,3897,487.125
1764842212.1533499,0,0,2309,288.625
1764842212.1574392,0,0,-814,-101.750
1764842212.1613574,0,0,-1723,-215.375
1764842212.1653774,1,1,-1215,-151.875
1764842212.1693516,0,0,2521,315.125
1764842212.1733363,0,0,1792,224.000
1764842212.17735,0,0,-966,-120.750
1764842212.1813486,0,0,-1763,-220.375
1764842212.1853495,1,1,-921,-115.125
1764842212.1893451,0,0,3186,398.250
1764842212.1933353,0,0,2522,315.250
1764842212.1973515,0,0,-744,-93.000
1764842212.2013516,0,0,-623,-77.875
1764842212.20535,1,1,3708,463.500
1764842212.2093585,0,0,3085,385.625
1764842212.2133522,0,0,-595,-74.375
1764842212.2173562,0,0,-1693,-211.625
1764842212.2213488,0,0,-853,-106.625
1764842212.2253497,1,1,3344,418.000
1764842212.229355,0,0,3170,396.250
1764842212.233353,0,0,-570,-71.250
1764842212.237356,0,0,-1706,-213.250
1764842212.2413518,0,0,-995,-124.375
1764842212.2453578,1,1,3106,388.250
1764842212.2493827,0,0,3267,408.375
1764842212.2533348,0,0,-542,-67.750
1764842212.257336,0,0,-1715,-214.375
1764842212.2613328,0,0,-952,-119.000
1764842212.265332,1,1,3207,400.875
1764842212.2693355,0,0,3598,449.750
1764842212.2733355,0,0,-434,-54.250
1764842212.2773485,0,0,-1708,-213.500
1764842212.2813523,0,0,-1017,-127.125
1764842212.2853484,1,1,3103,387.875
1764842212.28934,0,0,3792,474.000
1764842212.2933338,0,0,-371,-46.375
1764842212.2973459,0,0,-1714,-214.250
1764842212.3013513,0,0,-1152,-144.000
1764842212.3053474,1,1,2861,357.625
1764842212.3093493,0,0,3872,484.000
1764842212.3133476,0,0,-334,-41.750
1764842212.3173535,0,0,-1723,-215.375
1764842212.3213491,0,0,-1387,-173.375
1764842212.325348,1,1,2379,297.375
1764842212.3293512,0,0,3771,471.375
1764842212.333348,0,0,-342,-42.750
1764842212.337353,0,0,-1737,-217.125
1764842212.341349,0,0,-1543,-192.875
1764842212.3453488,1,1,2013,251.625
1764842212.349408,0,0,3738,467.250
1764842212.3533945,0,0,-314,-39.250
1764842212.3574827,0,0,-1737,-217.125
1764842212.3614056,0,0,-1521,-190.125
1764842212.3653917,1,1,2082,260.250
1764842212.3693864,0,0,4036,504.500
1764842212.3733711,0,0,-172,-21.500
1764842212.3773909,0,0,-1709,-213.625
1764842212.381394,0,0,-1727,-215.875
1764842212.3853922,1,1,1481,185.125
1764842212.3893845,0,0,3765,470.625
1764842212.3933709,0,0,-212,-26.500
1764842212.3973932,0,0,-1724,-215.500
1764842212.4013956,0,0,-1686,-210.750
1764842212.4053955,1,1,1629,203.625
1764842212.409403,0,0,4102,512.750
1764842212.413391,0,0,-41,-5.125
1764842212.4173949,0,0,-1685,-210.625
1764842212.4213886,0,0,-1690,-211.250
1764842212.4253917,1,1,1606,200.750
1764842212.4293957,0,0,4294,536.750
1764842212.433393,0,0,88,11.000
1764842212.4373958,0,0,-1661,-207.625
1764842212.4413886,0,0,-1866,-233.250
1764842212.4453967,1,1,968,121.000
1764842212.4495027,0,0,3923,490.375
1764842212.4533544,0,0,31,3.875
1764842212.4573529,0,0,-1681,-210.125
1764842212.4613476,0,0,-1888,-236.000
1764842212.4653468,1,1,897,112.125
1764842212.4693508,0,0,4065,508.125
1764842212.4733477,0,0,175,21.875
1764842212.4773533,0,0,-1644,-205.500
1764842212.4813461,0,0,-1874,-234.250
1764842212.485345,1,1,933,116.625
1764842212.4893556,0,0,4295,536.875
1764842212.4933486,0,0,357,44.625
1764842212.4973526,0,0,-1599,-199.875
1764842212.5013492,0,0,-1895,-236.875
1764842212.505351,1,1,811,101.375
1764842212.509336,0,0,4321,540.125
1764842212.5133314,0,0,444,55.500
1764842212.5173469,0,0,-1582,-197.750
1764842212.521346,0,0,-2001,-250.125
1764842212.5253456,1,1,219,27.375
1764842212.5293388,0,0,3855,481.875
1764842212.533333,0,0,370,46.250
1764842212.537345,0,0,-1602,-200.250
1764842212.54133,0,0,-2021,-252.625
1764842212.5453274,1,1,81,10.125
1764842212.5493834,0,0,3858,482.250
1764842212.5533476,0,0,496,62.000
1764842212.5574322,0,0,-1564,-195.500
1764842212.5613608,0,0,-2015,-251.875
1764842212.5653496,1,1,50,6.250
1764842212.569339,0,0,3989,498.625
1764842212.573326,0,0,712,89.000
1764842212.5773451,0,0,-1502,-187.750
1764842212.581349,0,0,-1984,-248.000
1764842212.5853477,1,1,178,22.250
1764842212.5893362,0,0,4266,533.250
1764842212.593329,0,0,969,121.125
1764842212.5973454,0,0,-1433,-179.125
1764842212.6013484,0,0,-2010,-251.250
1764842212.6053483,1,1,-123,-15.375
1764842212.6093464,0,0,4036,504.500
1764842212.6133265,0,0,1058,132.250
1764842212.6173437,0,0,-1410,-176.250
1764842212.6213515,0,0,-1989,-248.625
1764842212.6253495,1,1,15,1.875
1764842212.6293392,0,0,4321,540.125
1764842212.6333277,0,0,1392,174.000
1764842212.637343,0,0,-1321,-165.125
1764842212.6413472,0,0,-1951,-243.875
1764842212.645347,1,1,178,22.250
1764842212.649375,0,0,4608,576.000
1764842212.6533284,0,0,1753,219.125
1764842212.6573446,0,0,-1231,-153.875
1764842212.6613472,0,0,-1933,-241.625
1764842212.665343,1,1,217,27.125
1764842212.669348,0,0,4720,590.000
1764842212.6733434,0,0,2012,251.500
1764842212.6773462,0,0,-1175,-146.875
1764842212.6813416,0,0,-1975,-246.875
1764842212.6853447,1,1,-80,-10.000
1764842212.6893494,0,0,4424,553.000
1764842212.6933432,0,0,2063,257.875
1764842212.6973464,0,0,-1176,-147.000
1764842212.7013438,0,0,-2008,-251.000
1764842212.705343,1,1,-295,-36.875
1764842212.7093453,0,0,4208,526.000
1764842212.7133446,0,0,2206,275.750
1764842212.7173479,0,0,-1146,-143.250
1764842212.7213428,0,0,-2028,-253.500
1764842212.7253442,1,1,-508,-63.500
1764842212.7293494,0,0,3965,495.625
1764842212.7333455,0,0,2335,291.875
1764842212.7373445,0,0,-1115,-139.375
1764842212.741342,0,0,-2030,-253.750
1764842212.7453408,1,1,-563,-70.375
1764842212.7493355,0,0,3921,490.125
1764842212.7534251,0,0,2593,324.125
1764842212.757459,0,0,-1042,-130.250
1764842212.7614028,0,0,-2021,-252.625
1764842212.7653866,1,1,-568,-71.000
1764842212.7693822,0,0,3935,491.875
1764842212.7733698,0,0,2917,364.625
1764842212.7773855,0,0,-947,-118.375
1764842212.781385,0,0,-2003,-250.375
1764842212.7853854,1,1,-494,-61.750
1764842212.7893753,0,0,4046,505.750
1764842212.7933683,0,0,3261,407.625
1764842212.79739,0,0,-847,-105.875
1764842212.8013895,0,0,-1983,-247.875
1764842212.8053844,1,1,-380,-47.500
1764842212.809391,0,0,4197,524.625
1764842212.8133895,0,0,3583,447.875
1764842212.8173923,0,0,-758,-94.750
1764842212.8213887,0,0,-876,-109.500
1764842212.8253849,1,1,3529,441.125
1764842212.8293757,0,0,3420,427.500
1764842212.8333683,0,0,-809,-101.125
1764842212.8373811,0,0,-2050,-256.250
1764842212.8413846,0,0,-1415,-176.875
1764842212.8453865,1,1,2608,326.000
1764842212.849386,0,0,3134,391.750
1764842212.8534472,0,0,-867,-108.375
1764842212.8573508,0,0,-2059,-257.375
1764842212.861341,0,0,-1302,-162.750
1764842212.86534,1,1,2825,353.125
1764842212.8693407,0,0,3596,449.500
1764842212.8733394,0,0,-685,-85.625
1764842212.877346,0,0,-2017,-252.125
1764842212.8813405,0,0,-1065,-133.125
1764842212.8853414,1,1,3218,402.250
1764842212.889343,0,0,4176,522.000
1764842212.8933372,0,0,-464,-58.000
1764842212.8973415,0,0,-1972,-246.500
1764842212.9013405,0,0,-966,-120.750
1764842212.9053392,1,1,3361,420.125
1764842212.9093397,0,0,4484,560.500
1764842212.9133365,0,0,-344,-43.000
1764842212.9173455,0,0,-1969,-246.125
1764842212.9213521,0,0,-1233,-154.125
1764842212.9253414,1,1,2917,364.625
1764842212.9293365,0,0,4473,559.125
1764842212.9333231,0,0,-299,-37.375
1764842212.9373405,0,0,-1966,-245.750
1764842212.9413443,0,0,-1060,-132.500
1764842212.9453456,1,1,3197,399.625
1764842212.9493356,0,0,4866,608.250
1764842212.9533603,0,0,-137,-17.125
1764842212.9627042,0,0,-1435,-179.375
1764842212.9653616,1,1,2545,318.125
1764842212.9693456,0,0,4660,582.500
1764842212.9733253,0,0,-146,-18.250
1764842212.9773934,0,0,-1969,-246.125
1764842212.9817011,0,0,-1434,-179.250
1764842212.985413,1,1,2550,318.750
1764842212.9893484,0,0,4905,613.125
1764842212.9933386,0,0,12,1.500
1764842212.997361,0,0,-1943,-242.875
1764842213.0013354,0,0,-1356,-169.500
1764842213.005335,1,1,2677,334.625
1764842213.0093398,0,0,5203,650.375
1764842213.0133374,0,0,182,22.750
1764842213.0173373,0,0,-1921,-240.125
1764842213.0213387,0,0,-1573,-196.625
1764842213.0253384,1,1,2253,281.625
1764842213.029346,0,0,5108,638.500
1764842213.0333614,0,0,244,30.500
1764842213.0373423,0,0,-1919,-239.875
1764842213.0413346,0,0,-1507,-188.375
1764842213.0453353,1,1,2386,298.250
1764842213.0493417,0,0,5392,674.000
1764842213.0533724,0,0,431,53.875
1764842213.057339,0,0,-1891,-236.375
1764842213.0613353,0,0,-1736,-217.000
1764842213.0653338,1,1,1886,235.750
1764842213.0693374,0,0,5193,649.125
1764842213.0733347,0,0,472,59.000
1764842213.0773385,0,0,-1892,-236.500
1764842213.081335,0,0,-1674,-209.250
1764842213.085331,1,1,2025,253.125
1764842213.0893335,0,0,5479,684.875
1764842213.0933356,0,0,704,88.000
1764842213.0973365,0,0,-1849,-231.125
1764842213.1013355,0,0,-1710,-213.750
1764842213.105334,1,1,1926,240.750
1764842213.1093385,0,0,5572,696.500
1764842213.1133368,0,0,892,111.500
1764842213.117341,0,0,-1817,-227.125
1764842213.1213355,0,0,-1558,-194.750
1764842213.1253335,1,1,2233,279.125
1764842213.1293404,0,0,5949,743.625
1764842213.133332,0,0,1182,147.750
1764842213.1373389,0,0,-1768,-221.000
1764842213.1413352,0,0,-1761,-220.125
1764842213.1453362,1,1,1789,223.625
1764842213.149336,0,0,5739,717.375
1764842213.1533334,0,0,1288,161.000
1764842213.157437,0,0,-1760,-220.000
1764842213.1614633,0,0,-1600,-200.000
1764842213.165424,1,1,2127,265.875
1764842213.169384,0,0,6101,762.625
1764842213.173362,0,0,1594,199.250
1764842213.1773808,0,0,-1710,-213.750
1764842213.1813824,0,0,-1814,-226.750
1764842213.1853812,1,1,1649,206.125
1764842213.1893756,0,0,5812,726.500
1764842213.193362,0,0,1657,207.125
1764842213.197384,0,0,-1716,-214.500
1764842213.2013826,0,0,-1885,-235.625
1764842213.2053816,1,1,1478,184.750
1764842213.2093883,0,0,5757,719.625
1764842213.2133815,0,0,1854,231.750
1764842213.2173827,0,0,-1684,-210.500
1764842213.2213817,0,0,-1935,-241.875
1764842213.2253816,1,1,1335,166.875
1764842213.2293866,0,0,5695,711.875
1764842213.2333796,0,0,2025,253.125
1764842213.2373848,0,0,-1660,-207.500
1764842213.2413774,0,0,-2128,-266.000
1764842213.245381,1,1,712,89.000
1764842213.2493873,0,0,5214,651.750
1764842213.253381,0,0,2102,262.750
1764842213.257378,0,0,-1646,-205.750
1764842213.2613363,0,0,-2071,-258.875
1764842213.2653358,1,1,916,114.500
1764842213.2693412,0,0,5432,679.000
1764842213.2733395,0,0,2458,307.250
1764842213.277331,0,0,-1562,-195.250
1764842213.2813191,0,0,-2083,-260.375
1764842213.2853203,1,1,850,106.250
1764842213.289325,0,0,5406,675.750
1764842213.2933223,0,0,2711,338.875
1764842213.2973385,0,0,-1506,-188.250
1764842213.3013358,0,0,-2141,-267.625
1764842213.3053348,1,1,612,76.500
1764842213.3093405,0,0,5208,651.000
1764842213.3133352,0,0,2919,364.875
1764842213.317342,0,0,-1454,-181.750
1764842213.3213377,0,0,-2082,-260.250
1764842213.3253415,1,1,817,102.125
1764842213.3293312,0,0,5404,675.500
1764842213.3333206,0,0,3277,409.625
1764842213.3373322,0,0,-1364,-170.500
1764842213.341335,0,0,-2131,-266.375
1764842213.3453348,1,1,616,77.000
1764842213.3493242,0,0,5222,652.750
1764842213.353322,0,0,3452,431.500
1764842213.357347,0,0,-1322,-165.250
1764842213.361417,0,0,-2242,-280.250
1764842213.3653433,1,1,98,12.250
1764842213.3693333,0,0,4728,591.000
1764842213.3733225,0,0,3535,441.875
1764842213.377334,0,0,-1287,-160.875
1764842213.381336,0,0,-2212,-276.500
1764842213.385332,1,1,250,31.250
1764842213.3893268,0,0,4874,609.250
1764842213.3933172,0,0,3917,489.625
1764842213.3973346,0,0,-1163,-145.375
1764842213.4013386,0,0,-2201,-275.125
1764842213.405335,1,1,258,32.250
1764842213.4093385,0,0,4867,608.375
1764842213.4133334,0,0,4218,527.250
1764842213.4173377,0,0,-1059,-132.375
1764842213.4213626,0,0,-2205,-275.625
1764842213.4253447,1,1,206,25.750
1764842213.4293265,0,0,4802,600.250
1764842213.433319,0,0,4459,557.375
1764842213.4373312,0,0,-968,-121.000
1764842213.4413347,0,0,-2232,-279.000
1764842213.445339,1,1,4615,576.875
1764842213.4493291,0,0,4628,578.500
1764842213.453318,0,0,-891,-111.375
1764842213.4573328,0,0,-2220,-277.500
1764842213.4613373,0,0,83,10.375
1764842213.4653332,1,1,4647,580.875
1764842213.4693263,0,0,4883,610.375
1764842213.473316,0,0,-787,-98.375
1764842213.4773345,0,0,-2272,-284.000
1764842213.481336,0,0,-279,-34.875
1764842213.4853334,1,1,4262,532.750
1764842213.4893394,0,0,4941,617.625
1764842213.4933338,0,0,-721,-90.125
1764842213.4973364,0,0,-2254,-281.750
1764842213.5013309,0,0,-170,-21.250
1764842213.5053337,1,1,4370,546.250
1764842213.5093362,0,0,5207,650.875
1764842213.513333,0,0,-607,-75.875
1764842213.5173361,0,0,-2308,-288.500
1764842213.5213306,0,0,-902,-112.750
1764842213.5253308,1,1,3507,438.375
1764842213.5293398,0,0,4988,623.500
1764842213.533333,0,0,-588,-73.500
1764842213.5373282,0,0,-2307,-288.375
1764842213.5413156,0,0,-872,-109.000
1764842213.5453174,1,1,3540,442.500
1764842213.5493367,0,0,5145,643.125
1764842213.5533361,0,0,-499,-62.375
1764842213.5573363,0,0,-2295,-286.875
1764842213.5614128,0,0,-1363,-170.375
1764842213.565346,1,1,2852,356.500
1764842213.5693312,0,0,4985,623.125
1764842213.5733197,0,0,-441,-55.125
1764842213.5773318,0,0,-2289,-286.125
1764842213.581329,0,0,-1418,-177.250
1764842213.5853302,1,1,2745,343.125
1764842213.5893276,0,0,5106,638.250
1764842213.5933185,0,0,-308,-38.500
1764842213.597333,0,0,-2275,-284.375
1764842213.6013317,0,0,-1528,-191.000
1764842213.6053317,1,1,2544,318.000
1764842213.6093361,0,0,5197,649.625
1764842213.6133318,0,0,-145,-18.125
1764842213.6173363,0,0,-2257,-282.125
1764842213.6213305,0,0,-1581,-197.625
1764842213.6253304,1,1,2431,303.875
1764842213.6293292,0,0,5341,667.625
1764842213.6333208,0,0,54,6.750
1764842213.637324,0,0,-2238,-279.750
1764842213.6413171,0,0,-1284,-160.500
1764842213.645316,1,1,2900,362.500
1764842213.6493297,0,0,5785,723.125
1764842213.653332,0,0,308,38.500
1764842213.6573398,0,0,-2198,-274.750
1764842213.6613193,0,0,-1808,-226.000
1764842213.6653135,1,1,1943,242.875
1764842213.669332,0,0,5318,664.750
1764842213.67333,0,0,299,37.375
1764842213.6773357,0,0,-2195,-274.375
1764842213.6813304,0,0,-1894,-236.750
1764842213.6853323,1,1,1726,215.750
1764842213.6893332,0,0,5312,664.000
1764842213.6933293,0,0,457,57.125
1764842213.697336,0,0,-2168,-271.000
1764842213.7013314,0,0,-1961,-245.125
1764842213.705331,1,1,1531,191.375
1764842213.7093318,0,0,5328,666.000
1764842213.7133288,0,0,677,84.625
1764842213.717333,0,0,-2130,-266.250
1764842213.7213295,0,0,-1875,-234.375
1764842213.7253323,1,1,1736,217.000
1764842213.7293324,0,0,5596,699.500
1764842213.7333272,0,0,941,117.625
1764842213.7373312,0,0,-2081,-260.125
1764842213.7413309,0,0,-2071,-258.875
1764842213.7453303,1,1,1156,144.500
1764842213.7493322,0,0,5262,657.750
1764842213.753326,0,0,1022,127.750
1764842213.7573307,0,0,-2065,-258.125
1764842213.7614138,0,0,-2155,-269.375
1764842213.765345,1,1,821,102.625
1764842213.7693286,0,0,5084,635.500
1764842213.7733147,0,0,1221,152.625
1764842213.777328,0,0,-2015,-251.875
1764842213.781328,0,0,-2028,-253.500
1764842213.7853308,1,1,1256,157.000
1764842213.789324,0,0,5530,691.250
1764842213.7933152,0,0,1654,206.750
1764842213.797414,0,0,-1920,-240.000
1764842213.8013473,0,0,-2055,-256.875
1764842213.8053415,1,1,1151,143.875
1764842213.8093421,0,0,5510,688.750
1764842213.8133352,0,0,1906,238.250
1764842213.81734,0,0,-1864,-233.000
1764842213.821338,0,0,-2088,-261.000
1764842213.8253343,1,1,1029,128.625
1764842213.8293388,0,0,5453,681.625
1764842213.8333356,0,0,2133,266.625
1764842213.8373368,0,0,-1815,-226.875
1764842213.8413365,0,0,-2161,-270.125
1764842213.845616,1,1,746,93.250
1764842213.849331,0,0,5249,656.125
1764842213.8533185,0,0,2343,292.875
1764842213.8573325,0,0,-1761,-220.125
1764842213.8614137,0,0,-2157,-269.625
1764842213.865382,1,1,746,93.250
1764842213.8693688,0,0,5279,659.875
1764842213.8733573,0,0,2612,326.500
1764842213.8773842,0,0,-1692,-211.500
1764842213.8813806,0,0,-2226,-278.250
1764842213.8853767,1,1,422,52.750
1764842213.8893828,0,0,5006,625.750
1764842213.8933809,0,0,2803,350.375
1764842213.8973813,0,0,-1634,-204.250
1764842213.9013739,0,0,-2169,-271.125
1764842213.905377,1,1,658,82.250
1764842213.9093816,0,0,5227,653.375
1764842213.9133804,0,0,3176,397.000
1764842213.917379,0,0,-1533,-191.625
1764842213.9213731,0,0,-2264,-283.000
1764842213.9253774,1,1,174,21.750
1764842213.9293826,0,0,4784,598.000
1764842213.933377,0,0,3267,408.375
1764842213.937378,0,0,-1495,-186.875
1764842213.9413736,0,0,-2273,-284.125
1764842213.9453783,1,1,102,12.750
1764842213.949382,0,0,4712,589.000
1764842213.9533782,0,0,3521,440.125
1764842213.95738,0,0,-1406,-175.750
1764842213.9681163,1,1,4635,579.375
1764842213.9701133,0,0,3740,467.500
1764842213.973342,0,0,3740,467.500
1764842213.9773893,0,0,-1327,-165.875
1764842213.9816585,0,0,-2320,-290.000
1764842213.985385,1,1,-385,-48.125
1764842213.9893472,0,0,4199,524.875
1764842213.9933302,0,0,3865,483.125
1764842213.9973264,0,0,-1247,-155.875
1764842214.0013149,0,0,-2259,-282.375
1764842214.0053158,1,1,100,12.500
1764842214.0093346,0,0,4686,585.750
1764842214.013332,0,0,4348,543.500
1764842214.0173326,0,0,-1087,-135.875
1764842214.0213325,0,0,-2325,-290.625
1764842214.0253282,1,1,-598,-74.750
1764842214.0293322,0,0,3938,492.250
1764842214.0333304,0,0,4247,530.875
1764842214.0373313,0,0,-1069,-133.625
1764842214.041335,0,0,-2327,-290.875
1764842214.0453262,1,1,-686,-85.750
1764842214.0493338,0,0,3821,477.625
1764842214.0535004,0,0,-962,-120.250
1764842214.0573335,0,0,-962,-120.250
1764842214.0613174,0,0,-2316,-289.500
1764842214.065314,1,1,-1284,-160.500
1764842214.0693383,0,0,4296,537.000
1764842214.0733323,0,0,-907,-113.375
1764842214.0773292,0,0,-2319,-289.875
1764842214.0813158,0,0,-757,-94.625
1764842214.0853179,1,1,3708,463.500
1764842214.0893335,0,0,4986,623.250
1764842214.0933273,0,0,-609,-76.125
1764842214.0973332,0,0,-2297,-287.125
1764842214.1013293,0,0,-769,-96.125
1764842214.1053267,1,1,3671,458.875
1764842214.1093261,0,0,5182,647.750
1764842214.1133258,0,0,-482,-60.250
1764842214.1173308,0,0,-2296,-287.000
1764842214.1213284,0,0,-1114,-139.250
1764842214.1253285,1,1,3210,401.250
1764842214.1293359,0,0,5154,644.250
1764842214.133327,0,0,-394,-49.250
1764842214.1373303,0,0,-2287,-285.875
1764842214.1413248,0,0,-1000,-125.000
1764842214.1453269,1,1,3349,418.625
1764842214.1493297,0,0,5432,679.000
1764842214.1533234,0,0,-219,-27.375
1764842214.157328,0,0,-2273,-284.125
1764842214.1613274,0,0,-1335,-166.875
1764842214.1655295,1,1,2856,357.000
1764842214.1693852,0,0,5337,667.125
1764842214.173314,0,0,-142,-17.750
1764842214.177339,0,0,-2263,-282.875
1764842214.1813335,0,0,-1474,-184.250
1764842214.1853337,1,1,2626,328.250
1764842214.1893206,0,0,5375,671.875
1764842214.1933134,0,0,-25,-3.125
1764842214.1973352,0,0,-2232,-279.000
1764842214.2013302,0,0,-1927,-240.875
1764842214.2053268,1,1,1658,207.250
1764842214.2094579,0,0,4902,612.750
1764842214.2133343,0,0,-15,-1.875
1764842214.217333,0,0,-2240,-280.000
1764842214.2213273,0,0,-1614,-201.750
1764842214.225329,1,1,2337,292.125
1764842214.229333,0,0,5597,699.625
1764842214.2333312,0,0,413,51.625
1764842214.2373347,0,0,-2180,-272.500
1764842214.241327,0,0,-1630,-203.750
1764842214.2453296,1,1,2278,284.750
1764842214.2493384,0,0,5744,718.000
1764842214.2533312,0,0,670,83.750
1764842214.2573495,0,0,-2139,-267.375
1764842214.2613149,0,0,-1442,-180.250
1764842214.2653115,1,1,2583,322.875
1764842214.2693691,0,0,6085,760.625
1764842214.2733333,0,0,964,120.500
1764842214.2773266,0,0,-2096,-262.000
1764842214.2813115,0,0,-1664,-208.000
1764842214.285312,1,1,2172,271.500
1764842214.2893147,0,0,5989,748.625
1764842214.2933118,0,0,1280,160.000
1764842214.2973137,0,0,-2005,-250.625
1764842214.3013146,0,0,-853,-106.625
1764842214.3053083,1,1,3352,419.000
1764842214.3093286,0,0,6896,862.000
1764842214.3133304,0,0,2094,261.750
1764842214.3173351,0,0,-1666,-208.250
1764842214.32133,0,0,81,10.125
1764842214.3253257,1,1,4308,538.500
1764842214.3293333,0,0,7587,948.375
1764842214.3333292,0,0,5747,718.375
1764842214.337333,0,0,3817,477.125
1764842214.3413277,0,0,4830,603.750
1764842214.3453264,1,1,6594,824.250
1764842214.3493283,0,0,7809,976.125
1764842214.3533263,0,0,6024,753.000
1764842214.3573284,0,0,4144,518.000
1764842214.3613293,0,0,4840,605.000
1764842214.3655229,1,1,6328,791.000
1764842214.369375,0,0,7440,930.000
1764842214.373314,0,0,5761,720.125
1764842214.3773255,0,0,3831,478.875
1764842214.381331,0,0,4521,565.125
1764842214.3853297,1,1,6011,751.375
1764842214.3893123,0,0,7147,893.375
1764842214.3933089,0,0,5550,693.750
1764842214.3973346,0,0,3304,413.000
1764842214.4013317,0,0,3898,487.250
1764842214.4053314,1,1,5512,689.000
1764842214.4093373,0,0,6807,850.875
1764842214.4133255,0,0,5473,684.125
1764842214.4173315,0,0,3273,409.125
1764842214.4213295,0,0,3807,475.875
1764842214.4253292,1,1,5313,664.125
1764842214.4293303,0,0,6544,818.000
1764842214.4333286,0,0,5050,631.250
1764842214.4373338,0,0,2162,270.250
1764842214.4413917,0,0,2624,328.000
1764842214.4455037,1,1,4546,568.250
1764842214.449328,0,0,6192,774.000
1764842214.4533062,0,0,5113,639.125
1764842214.4573176,0,0,2300,287.500
1764842214.4613175,0,0,2628,328.500
1764842214.465315,1,1,4388,548.500
1764842214.4693098,0,0,5947,743.375
1764842214.473348,0,0,5035,629.375
1764842214.4773614,0,0,2280,285.000
1764842214.4813602,0,0,2549,318.625
1764842214.4853594,1,1,4220,527.500
1764842214.4893627,0,0,5733,716.625
1764842214.4933617,0,0,5107,638.375
1764842214.497364,0,0,2781,347.625
1764842214.5013597,0,0,3031,378.875
1764842214.50536,1,1,4372,546.500
1764842214.5093598,0,0,5588,698.500
1764842214.513361,0,0,4624,578.000
1764842214.5173638,0,0,1278,159.750
1764842214.5213602,0,0,1364,170.500
1764842214.5253596,1,1,3325,415.625
1764842214.5293648,0,0,5185,648.125
1764842214.5333593,0,0,4708,588.500
1764842214.5373566,0,0,1356,169.500
1764842214.541344,0,0,1241,155.125
1764842214.5453453,1,1,3095,386.875
1764842214.5493648,0,0,4951,618.875
1764842214.5533593,0,0,4636,579.500
1764842214.557362,0,0,1210,151.250
1764842214.5613544,0,0,968,121.000
1764842214.5654266,1,1,2822,352.750
1764842214.5693781,0,0,4734,591.750
1764842214.5734365,0,0,4586,573.250
1764842214.5773163,0,0,1141,142.625
1764842214.5813131,0,0,783,97.875
1764842214.5853176,1,1,2602,325.250
1764842214.589311,0,0,4540,567.500
1764842214.5933075,0,0,4589,573.625
1764842214.5973165,0,0,1286,160.750
1764842214.6013134,0,0,840,105.000
1764842214.6053135,1,1,2530,316.250
1764842214.6093254,0,0,4388,548.500
1764842214.6133182,0,0,4556,569.500
1764842214.6173205,0,0,1448,181.000
1764842214.6213114,0,0,962,120.250
1764842214.625311,1,1,2511,313.875
1764842214.6293135,0,0,4253,531.625
1764842214.6333153,0,0,4446,555.750
1764842214.6373196,0,0,1178,147.250
1764842214.6413097,0,0,561,70.125
1764842214.6453094,1,1,2182,272.750
1764842214.6493173,0,0,4047,505.875
1764842214.6533058,0,0,4392,549.000
1764842214.6573122,0,0,1062,132.750
1764842214.6613286,0,0,271,33.875
1764842214.665315,1,1,1886,235.750
1764842214.669303,0,0,3830,478.750
1764842214.6733172,0,0,4359,544.875
1764842214.6773212,0,0,1097,137.125
1764842214.6813164,0,0,161,20.125
1764842214.6853094,1,1,1707,213.375
1764842214.6893094,0,0,4306,538.250
1764842214.6933038,0,0,1233,154.125
1764842214.6973145,0,0,293,36.625
1764842214.7013156,0,0,1728,216.000
1764842214.7053115,1,1,3573,446.625
1764842214.7093122,0,0,4257,532.125
1764842214.7133162,0,0,1259,157.375
1764842214.717319,0,0,216,27.000
1764842214.7213159,0,0,1588,198.500
1764842214.725315,1,1,3414,426.750
1764842214.7293184,0,0,4177,522.125
1764842214.733313,0,0,1157,144.625
1764842214.737319,0,0,-50,-6.250
1764842214.7413158,0,0,1319,164.875
1764842214.7453125,1,1,3217,402.125
1764842214.7493124,0,0,4059,507.375
1764842214.753316,0,0,629,78.625
1764842214.7573178,0,0,-1014,-126.750
1764842214.7613142,0,0,541,67.625
1764842214.765385,1,1,2841,355.125
1764842214.7693305,0,0,4011,501.375
1764842214.7733424,0,0,438,54.750
1764842214.7773132,0,0,-1635,-204.375
1764842214.7813132,0,0,-64,-8.000
1764842214.7853117,1,1,2499,312.375
1764842214.789309,0,0,4005,500.625
1764842214.7933018,0,0,1223,152.875
1764842214.7973123,0,0,-492,-61.500
1764842214.8013122,0,0,729,91.125
1764842214.8053129,1,1,2744,343.000
1764842214.8093133,0,0,3960,495.000
1764842214.8132985,0,0,1241,155.125
1764842214.81731,0,0,-580,-72.500
1764842214.8213103,0,0,595,74.375
1764842214.8253098,1,1,2615,326.875
1764842214.8293023,0,0,3858,482.250
1764842214.8333006,0,0,618,77.250
1764842214.8373141,0,0,-1893,-236.625
1764842214.84131,0,0,-551,-68.875
1764842214.845309,1,1,2052,256.500
1764842214.849315,0,0,3797,474.625
1764842214.853315,0,0,810,101.250
1764842214.8573139,0,0,-1944,-243.000
1764842214.861305,0,0,-736,-92.000
1764842214.8653123,1,1,1882,235.250
1764842214.8693063,0,0,3750,468.750
1764842214.8733323,0,0,1339,167.375
1764842214.87731,0,0,-1118,-139.750
1764842214.8813071,0,0,-95,-11.875
1764842214.885306,1,1,2119,264.875
1764842214.8893077,0,0,3727,465.875
1764842214.8933015,0,0,1179,147.375
1764842214.8973122,0,0,-1678,-209.750
1764842214.901309,0,0,-678,-84.750
1764842214.9053068,1,1,1759,219.875
1764842214.9093027,0,0,3608,451.000
1764842214.9133003,0,0,1687,210.875
1764842214.917311,0,0,-734,-91.750
1764842214.9213092,0,0,81,10.125
1764842214.9253073,0,1,2065,258.125
1764842214.929313,0,0,3597,449.625
1764842214.9333146,0,0,1587,198.375
1764842214.937316,0,0,-1285,-160.625
1764842214.9413095,0,0,-532,-66.500
1764842214.945318,1,1,1686,210.750
1764842214.949317,0,0,3465,433.125
1764842214.9533143,0,0,1628,203.500
1764842214.9573147,0,0,-1464,-183.000
1764842214.9613104,0,0,-800,-100.000
1764842214.9707577,0,0,3375,421.875
1764842214.9733315,0,0,1705,213.125
1764842214.981196,0,0,-1116,-139.500
1764842214.9833014,0,0,-1116,-139.500
1764842214.985323,0,1,1240,155.000
1764842214.9893043,0,0,3268,408.500
1764842214.9932983,0,0,1865,233.125
1764842214.9973056,0,0,-1578,-197.250
1764842215.0013022,0,0,-1166,-145.750
1764842215.0053356,1,1,1144,143.000
1764842215.0093105,0,0,3189,398.625
1764842215.0132964,0,0,1906,238.250
1764842215.0173042,0,0,-1707,-213.375
1764842215.0213013,0,0,-1373,-171.625
1764842215.0252995,0,0,979,122.375
1764842215.0292995,0,0,3118,389.750
1764842215.0332956,0,0,2158,269.750
1764842215.0372999,0,0,-1331,-166.375
1764842215.0413082,0,0,-1120,-140.000
1764842215.0452983,0,0,1052,131.500
1764842215.049315,0,0,3066,383.250
1764842215.0533102,0,0,2199,274.875
1764842215.0573077,0,0,-1402,-175.250
1764842215.0613074,0,0,-1273,-159.125
1764842215.0653107,0,0,914,114.250
1764842215.069317,0,0,2987,373.375
1764842215.073312,0,0,2235,279.375
1764842215.0773292,0,0,-1691,-211.375
1764842215.0813012,0,0,-1721,-215.125
1764842215.0852985,0,0,560,70.000
1764842215.089319,0,0,2855,356.875
1764842215.0933144,0,0,2350,293.750
1764842215.0973086,0,0,-1710,-213.750
1764842215.1012948,0,0,-1876,-234.500
1764842215.1052978,0,0,382,47.750
1764842215.1093175,0,0,2772,346.500
1764842215.113317,0,0,2490,311.250
1764842215.1173193,0,0,-1625,-203.125
1764842215.1213152,0,0,-1929,-241.125
1764842215.1253126,0,0,283,35.375
1764842215.1293232,0,0,2705,338.125
1764842215.133316,0,0,2561,320.125
1764842215.137318,0,0,-1687,-210.875
1764842215.1413133,0,0,-2111,-263.875
1764842215.1453116,0,0,-50,-6.250
1764842215.1493177,0,0,2589,323.625
1764842215.1533155,0,0,2795,349.375
1764842215.1573184,0,0,-1409,-176.125
1764842215.1613104,0,0,-2034,-254.250
1764842215.165314,0,0,72,9.000
1764842215.1694024,0,0,2591,323.875
1764842215.1733289,0,0,2839,354.875
1764842215.1773512,0,0,-1477,-184.625
1764842215.1812973,0,0,-2152,-269.000
1764842215.185296,0,0,-105,-13.125
1764842215.1893137,0,0,2524,315.500
1764842215.193315,0,0,2937,367.125
1764842215.197313,0,0,-1386,-173.250
1764842215.2012954,0,0,-1898,-237.250
1764842215.205295,0,0,-361,-45.125
1764842215.2093148,0,0,2433,304.125
1764842215.2133167,0,0,2761,345.125
1764842215.2173183,0,0,-1107,-138.375
1764842215.2213113,0,0,-976,-122.000
1764842215.2253125,0,0,-1276,-159.500
1764842215.2293103,0,0,2192,274.000
1764842215.2333128,0,0,3698,462.250
1764842215.2373178,0,0,-864,-108.000
1764842215.2413116,0,0,-2248,-281.000
1764842215.2453084,0,0,-329,-41.125
1764842215.2493176,0,0,2653,331.625
1764842215.2533114,0,0,3682,460.250
1764842215.257317,0,0,-911,-113.875
1764842215.26131,0,0,-1466,-183.250
1764842215.2653093,0,0,-705,-88.125
1764842215.269313,0,0,2551,318.875
1764842215.2733119,0,0,3998,499.750
1764842215.2773182,0,0,-375,-46.875
1764842215.2812982,0,0,-2203,-275.375
1764842215.285295,0,0,-315,-39.375
1764842215.2892938,0,0,2637,329.625
1764842215.2932944,0,0,3965,495.625
1764842215.2972963,0,0,-513,-64.125
1764842215.3012946,0,0,-2269,-283.625
1764842215.305294,0,0,-569,-71.125
1764842215.3093112,0,0,2512,314.000
1764842215.313305,0,0,-9,-1.125
1764842215.317316,0,0,-2177,-272.125
1764842215.3212974,0,0,-437,-54.625
1764842215.3252957,0,0,2489,311.125
1764842215.3293128,0,0,4095,511.875
1764842215.3333101,0,0,237,29.625
1764842215.3373115,0,0,-2108,-263.500
1764842215.341309,0,0,-469,-58.625
1764842215.345309,0,0,2402,300.250
1764842215.3493125,0,0,4049,506.125
1764842215.3533072,0,0,80,10.000
1764842215.3573105,0,0,-2305,-288.125
1764842215.3613071,0,0,-781,-97.625
1764842215.365309,0,0,2237,279.625
1764842215.3693886,0,0,4094,511.750
1764842215.373326,0,0,406,50.750
1764842215.3773093,0,0,-2242,-280.250
1764842215.3813334,0,0,-787,-98.375
1764842215.3852963,0,0,2159,269.875
1764842215.389312,0,0,4073,509.125
1764842215.3933105,0,0,558,69.750
1764842215.3973074,0,0,-2238,-279.750
1764842215.4012933,0,0,-868,-108.500
1764842215.4052951,0,0,2077,259.625
1764842215.4093127,0,0,4078,509.750
1764842215.4133115,0,0,807,100.875
1764842215.4173129,0,0,-2153,-269.125
1764842215.4213042,0,0,-860,-107.500
1764842215.4253044,0,0,2019,252.375
1764842215.4293096,0,0,4029,503.625
1764842215.4333074,0,0,484,60.500
1764842215.4373093,0,0,-1312,-164.000
1764842215.4413013,0,0,-1512,-189.000
1764842215.44532,0,0,1628,203.500
1764842215.4493387,0,0,4083,510.375
1764842215.4533124,0,0,1240,155.000
1764842215.457315,0,0,-2201,-275.125
1764842215.4613092,0,0,-1207,-150.875
1764842215.4653075,0,0,1744,218.000
1764842215.4693086,0,0,4033,504.125
1764842215.473308,0,0,1301,162.625
1764842215.477317,0,0,-2232,-279.000
1764842215.4813137,0,0,-1377,-172.125
1764842215.485311,0,0,1594,199.250
1764842215.4893048,0,0,3995,499.375
1764842215.4932964,0,0,1229,153.625
1764842215.4973066,0,0,-1328,-166.000
1764842215.5013092,0,0,-1731,-216.375
1764842215.5053074,0,0,1307,163.375
1764842215.509297,0,0,4013,501.625
1764842215.5132935,0,0,1960,245.000
1764842215.5173218,0,0,-2004,-250.500
1764842215.5213106,0,0,-1363,-170.375
1764842215.5253067,0,0,1511,188.875
1764842215.5293167,0,0,3958,494.750
1764842215.5333085,0,0,1423,177.875
1764842215.5373068,0,0,-1034,-129.250
1764842215.541295,0,0,-1708,-213.500
1764842215.5452926,0,0,966,120.750
1764842215.549294,0,0,4039,504.875
1764842215.5532925,0,0,2480,310.000
1764842215.5573149,0,0,-1941,-242.625
1764842215.5613089,0,0,-1596,-199.500
1764842215.5653052,0,0,1314,164.250
1764842215.5693803,0,0,3995,499.375
1764842215.5733218,0,0,2536,317.000
1764842215.5773048,0,0,-1932,-241.500
1764842215.5813293,0,0,-1674,-209.250
1764842215.5852938,0,0,1216,152.000
1764842215.589309,0,0,3952,494.000
1764842215.5933063,0,0,2438,304.750
1764842215.5973022,0,0,-1329,-166.125
1764842215.6012921,0,0,-1786,-223.250
1764842215.6052933,0,0,831,103.875
1764842215.6093125,0,0,3885,485.625
1764842215.613306,0,0,3067,383.375
1764842215.6173105,0,0,-1690,-211.250
1764842215.6213071,0,0,-1777,-222.125
1764842215.6253083,0,0,1003,125.375
1764842215.62931,0,0,3831,478.875
1764842215.6333072,0,0,3118,389.750
1764842215.6373112,0,0,-1695,-211.875
1764842215.6413054,0,0,-1878,-234.750
1764842215.6453094,0,0,865,108.125
1764842215.649315,0,0,3752,469.000
1764842215.6533096,0,0,3262,407.750
1764842215.6573093,0,0,-1595,-199.375
1764842215.661306,0,0,-1904,-238.000
1764842215.665308,0,0,781,97.625
1764842215.669301,0,0,3678,459.750
1764842215.6732914,0,0,3300,412.500
1764842215.677304,0,0,-1394,-174.250
1764842215.6813374,0,0,-1882,-235.250
1764842215.6853085,0,0,461,57.625
1764842215.6893175,0,0,3580,447.500
1764842215.6933227,0,0,3520,440.000
1764842215.697309,0,0,-1313,-164.125
1764842215.7012916,0,0,-1830,-228.750
1764842215.7052886,0,0,301,37.625
1764842215.7093074,0,0,3497,437.125
1764842215.7133076,0,0,3807,475.875
1764842215.7173057,0,0,-1221,-152.625
1764842215.7212887,0,0,-2081,-260.125
1764842215.7252882,0,0,393,49.125
1764842215.7293062,0,0,3457,432.125
1764842215.7333083,0,0,3807,475.875
1764842215.737307,0,0,-1276,-159.500
1764842215.7413054,0,0,-1953,-244.125
1764842215.745304,0,0,152,19.000
1764842215.7493017,0,0,3359,419.875
1764842215.7533047,0,0,3979,497.375
1764842215.7573113,0,0,-1136,-142.000
1764842215.7613058,0,0,-2130,-266.250
1764842215.765301,0,0,84,10.500
1764842215.769378,0,0,3289,411.125
1764842215.7733204,0,0,4131,516.375
1764842215.777306,0,0,-798,-99.750
1764842215.781323,0,0,-2148,-268.500
1764842215.7852871,0,0,126,15.750
1764842215.7892907,0,0,3235,404.375
1764842215.7932906,0,0,4121,515.125
1764842215.7972896,0,0,-917,-114.625
1764842215.80129,0,0,-1632,-204.000
1764842215.8052878,0,0,-317,-39.625
1764842215.8093033,0,0,3057,382.125
1764842215.8132992,0,0,4285,535.625
1764842215.817321,0,0,-756,-94.500
1764842215.8213053,0,0,-1576,-197.000
1764842215.8253047,0,0,-460,-57.500
1764842215.8292952,0,0,2976,372.000
1764842215.8332868,0,0,4429,553.625
1764842215.8373053,0,0,-586,-73.250
1764842215.8413055,0,0,-1742,-217.750
1764842215.8453076,0,0,-470,-58.750
1764842215.8493116,0,0,2938,367.250
1764842215.8533041,0,0,4597,574.625
1764842215.857308,0,0,419,52.375
1764842215.861306,0,0,-1719,-214.875
1764842215.865304,0,0,179,22.375
1764842215.8692935,0,0,3096,387.000
1764842215.8732848,0,0,4436,554.500
1764842215.8773038,0,0,-427,-53.375
1764842215.881308,0,0,-1228,-153.500
1764842215.8853467,0,0,-960,-120.000
1764842215.8893518,0,0,2640,330.000
1764842215.893329,0,0,4728,591.000
1764842215.8973448,0,0,373,46.625
1764842215.9013498,0,0,-2280,-285.000
1764842215.9053483,0,0,-563,-70.375
1764842215.9093366,0,0,2737,342.125
1764842215.9133275,0,0,4664,583.000
1764842215.9173455,0,0,345,43.125
1764842215.9213412,0,0,-2301,-287.625
1764842215.925344,0,0,-741,-92.625
1764842215.9293513,0,0,4699,587.375
1764842215.933343,0,0,666,83.250
1764842215.9373431,0,0,-2292,-286.500
1764842215.941338,0,0,-772,-96.500
1764842215.9453397,0,0,2527,315.875
1764842215.9493496,0,0,4683,585.375
1764842215.9533315,0,0,807,100.875
1764842215.9573507,0,0,-2297,-287.125
1764842215.9613442,0,0,-939,-117.375
1764842215.9653382,0,0,2380,297.500
1764842215.9758804,0,0,911,113.875
1764842215.9779198,0,0,-2047,-255.875
1764842215.981707,0,0,-1147,-143.375
1764842215.9855616,0,0,2217,277.125
1764842215.9893243,0,0,4678,584.750
1764842215.993291,0,0,1556,194.500
1764842215.9972894,0,0,-2003,-250.375
1764842216.0012918,0,0,-814,-101.750
1764842216.0052872,0,0,2295,286.875
1764842216.009292,0,0,4600,575.000
1764842216.0132856,0,0,1426,178.250
1764842216.017317,0,0,-2237,-279.625
1764842216.0213027,0,0,-1229,-153.625
1764842216.0253,0,0,2023,252.875
1764842216.0293012,0,0,4553,569.125
1764842216.0333028,0,0,1539,192.375
1764842216.0373006,0,0,-1907,-238.375
1764842216.041288,0,0,-1446,-180.750
1764842216.0452867,0,0,1830,228.750
1764842216.0493054,1,0,4523,565.375
1764842216.0533054,0,0,1880,235.000
1764842216.057309,0,0,-2148,-268.500
1764842216.061304,0,0,-1464,-183.000
1764842216.0653002,0,0,1749,218.625
1764842216.0693,1,1,4472,559.000
1764842216.0732985,0,0,2209,276.125
1764842216.0773075,0,0,-2013,-251.625
1764842216.081301,0,0,-1327,-165.875
1764842216.0852985,0,0,1769,221.125
1764842216.0893054,1,1,4407,550.875
1764842216.0933013,0,0,2485,310.625
1764842216.0973055,0,0,-1772,-221.500
1764842216.101315,0,0,-1232,-154.000
1764842216.1053116,0,0,1733,216.625
1764842216.1092906,1,1,4317,539.625
1764842216.113284,0,0,2747,343.375
1764842216.1172996,0,0,-1353,-169.125
1764842216.1213036,0,0,-932,-116.500
1764842216.1253006,0,0,1821,227.625
1764842216.1292946,1,1,4249,531.125
1764842216.1332853,0,0,2334,291.750
1764842216.1373115,0,0,-1304,-163.000
1764842216.1413007,0,0,-1766,-220.750
1764842216.1452994,0,0,1025,128.125
1764842216.1493008,1,1,4127,515.875
1764842216.1532989,0,0,2909,363.625
1764842216.1573002,0,0,-1863,-232.875
1764842216.1612988,0,0,-1834,-229.250
1764842216.1653008,0,0,1107,138.375
1764842216.1693032,1,1,4068,508.500
1764842216.1733706,0,0,2893,361.625
1764842216.1773086,0,0,-1358,-169.750
1764842216.181285,0,0,-1810,-226.250
1764842216.1852977,0,0,865,108.125
1764842216.1893024,1,1,4020,502.500
1764842216.1932971,0,0,3522,440.250
1764842216.1972954,0,0,-1070,-133.750
1764842216.201281,0,0,-1298,-162.250
1764842216.2052824,0,0,1363,170.375
1764842216.2093077,1,1,4030,503.750
1764842216.2133029,0,0,3569,446.125
1764842216.217302,0,0,-1019,-127.375
1764842216.2212987,0,0,-1389,-173.625
1764842216.2253003,0,0,1212,151.500
1764842216.2293015,1,1,3902,487.750
1764842216.2333007,0,0,3159,394.875
1764842216.2373042,0,0,-1172,-146.500
1764842216.2413015,0,0,-1592,-199.000
1764842216.2453039,0,0,250,31.250
1764842216.2492986,1,1,3747,468.375
1764842216.2532847,0,0,3792,474.000
1764842216.257301,0,0,-1205,-150.625
1764842216.2612977,0,0,-1762,-220.250
1764842216.2652972,0,0,358,44.750
1764842216.2692895,1,1,3723,465.375
1764842216.2732854,0,0,3937,492.125
1764842216.2772975,0,0,-1156,-144.500
1764842216.281296,0,0,-1773,-221.625
1764842216.2852962,0,0,291,36.375
1764842216.2893307,1,1,3681,460.125
1764842216.293325,0,0,4169,521.125
1764842216.297337,0,0,-1098,-137.250
1764842216.3013384,0,0,-2113,-264.125
1764842216.3053365,0,0,419,52.375
1764842216.3093443,1,1,3670,458.750
1764842216.3133392,0,0,4190,523.750
1764842216.3173442,0,0,-977,-122.125
1764842216.3213406,0,0,-1622,-202.750
1764842216.325339,0,0,-23,-2.875
1764842216.3293447,1,1,3494,436.750
1764842216.33334,0,0,4407,550.875
1764842216.3373358,0,0,-930,-116.250
1764842216.341325,0,0,-1756,-219.500
1764842216.3453228,0,0,-31,-3.875
1764842216.3493369,1,1,3449,431.125
1764842216.3533347,0,0,4590,573.750
1764842216.3573456,0,0,-443,-55.375
1764842216.361339,0,0,-2142,-267.750
1764842216.3653343,0,0,162,20.250
1764842216.3693442,1,1,3436,429.500
1764842216.3734102,0,0,4558,569.750
1764842216.3773553,0,0,-700,-87.500
1764842216.3813255,0,0,-1649,-206.125
1764842216.3853223,0,0,-307,-38.375
1764842216.389304,1,1,3224,403.000
1764842216.3932958,0,0,4716,589.500
1764842216.3972948,0,0,-239,-29.875
1764842216.4012816,0,0,-2263,-282.875
1764842216.4052787,0,0,-194,-24.250
1764842216.4093027,1,1,3198,399.750
1764842216.413295,0,0,4819,602.375
1764842216.4172971,0,0,696,87.000
1764842216.4212964,0,0,-1411,-176.375
1764842216.4252956,0,0,474,59.250
1764842216.4292953,1,1,3356,419.500
1764842216.4332907,0,0,4724,590.500
1764842216.4372973,0,0,183,22.875
1764842216.441295,0,0,-2216,-277.000
1764842216.4452934,0,0,-295,-36.875
1764842216.4493124,1,1,2983,372.875
1764842216.4532971,0,0,4766,595.750
1764842216.4573004,0,0,749,93.625
1764842216.4612951,0,0,-1780,-222.500
1764842216.465298,0,0,-14,-1.750
1764842216.4693,1,1,3005,375.625
1764842216.4732962,0,0,4666,583.250
1764842216.477297,0,0,14,1.750
1764842216.4812946,0,0,-1403,-175.375
1764842216.4852974,0,0,-977,-122.125
1764842216.4893415,1,1,2545,318.125
1764842216.493296,0,0,4778,597.250
1764842216.4972992,0,0,740,92.500
1764842216.5012984,0,0,-2274,-284.250
1764842216.5053105,0,0,-732,-91.500
1764842216.5092876,1,1,2585,323.125
1764842216.5132813,0,0,4778,597.250
1764842216.517277,0,0,1540,192.500
1764842216.521294,0,0,-1328,-166.000
1764842216.5252938,0,0,29,3.625
1764842216.529294,1,1,2827,353.375
1764842216.5332828,0,0,4705,588.125
1764842216.537295,0,0,1348,168.500
1764842216.5412772,0,0,-1847,-230.875
1764842216.545275,0,0,-498,-62.250
1764842216.5492985,1,1,2509,313.625
1764842216.5532951,0,0,1703,212.875
1764842216.5572982,0,0,-1440,-180.000
1764842216.561291,0,0,-267,-33.375
1764842216.5652943,0,0,2522,315.250
1764842216.5692966,1,1,4532,566.500
1764842216.5733752,0,0,1306,163.250
1764842216.577309,0,0,-2243,-280.375
1764842216.5812836,0,0,-1169,-146.125
1764842216.5852776,0,0,2016,252.000
1764842216.5893292,1,1,4456,557.000
1764842216.593293,0,0,1505,188.125
1764842216.5972955,0,0,-2212,-276.500
1764842216.601289,0,0,-1361,-170.125
1764842216.6052861,0,0,1828,228.500
1764842216.6092975,1,1,4411,551.375
1764842216.6132977,0,0,1943,242.875
1764842216.6173,0,0,-2004,-250.500
1764842216.6212976,0,0,-1180,-147.500
1764842216.6252952,0,0,1852,231.500
1764842216.6292953,1,1,4338,542.250
1764842216.6332915,0,0,2075,259.375
1764842216.6373174,0,0,-1980,-247.500
1764842216.6412997,0,0,-1276,-159.500
1764842216.6452963,0,0,1727,215.875
1764842216.6492918,1,1,4265,533.125
1764842216.6532764,0,0,2246,280.750
1764842216.6572652,0,0,-1974,-246.750
1764842216.6612947,0,0,-1426,-178.250
1764842216.6652956,0,0,1555,194.375
1764842216.6692798,1,1,4172,521.500
1764842216.673276,0,0,2394,299.250
1764842216.677258,0,0,-1973,-246.625
1764842216.6812944,0,0,-1576,-197.000
1764842216.6852913,0,0,1379,172.375
1764842216.6893756,1,1,4083,510.375
1764842216.6933172,0,0,2637,329.625
1764842216.6973343,0,0,-1776,-222.000
1764842216.7013388,0,0,-1506,-188.250
1764842216.705337,0,0,1349,168.625
1764842216.7093363,1,1,4005,500.625
1764842216.713331,0,0,2828,353.500
1764842216.7173383,0,0,-1577,-197.125
1764842216.7213368,0,0,-1443,-180.375
1764842216.725334,0,0,1310,163.750
1764842216.7293413,1,1,3921,490.125
1764842216.7333326,0,0,2725,340.625
1764842216.7373378,0,0,-1568,-196.000
1764842216.74133,0,0,-1915,-239.375
1764842216.7453337,0,0,827,103.375
1764842216.7493362,1,1,3791,473.875
1764842216.7533357,0,0,3369,421.125
1764842216.7573378,0,0,-770,-96.250
1764842216.7613344,0,0,-962,-120.250
1764842216.7653332,0,0,1429,178.625
1764842216.7693417,1,1,3824,478.000
1764842216.7734084,0,0,3186,398.250
1764842216.7773507,0,0,-1373,-171.625
1764842216.7813146,0,0,-1650,-206.250
1764842216.7853124,0,0,954,119.250
1764842216.7893348,1,1,3651,456.375
1764842216.7932792,0,0,3323,415.375
1764842216.797256,0,0,-1274,-159.250
1764842216.8012736,0,0,-1717,-214.625
1764842216.8052711,0,0,821,102.625
1764842216.809296,1,1,3547,443.375
1764842216.8132956,0,0,3398,424.750
1764842216.8172948,0,0,-1369,-171.125
1764842216.821292,0,0,-1968,-246.000
1764842216.8252904,0,0,527,65.875
1764842216.8292928,1,1,3396,424.500
1764842216.8332918,0,0,3550,443.750
1764842216.8372993,0,0,-1102,-137.750
1764842216.841289,0,0,-1887,-235.875
1764842216.8452885,0,0,517,64.625
1764842216.8492854,1,1,3321,415.125
1764842216.8532789,0,0,3602,450.250
1764842216.8572628,0,0,-1065,-133.125
1764842216.861291,0,0,-1977,-247.125
1764842216.8652887,0,0,368,46.000
1764842216.8692894,1,1,3218,402.250
1764842216.873294,0,0,3753,469.125
1764842216.8772964,0,0,-653,-81.625
1764842216.881277,0,0,-1754,-219.250
1764842216.8852725,0,0,451,56.375
1764842216.8892903,1,1,3160,395.000
1764842216.8933332,0,0,3821,477.625
1764842216.897335,0,0,-290,-36.250
1764842216.901318,0,0,-1456,-182.000
1764842216.9053168,0,0,582,72.750
1764842216.9093206,1,1,3127,390.875
1764842216.9133122,0,0,3780,472.500
1764842216.917333,0,0,-545,-68.125
1764842216.9213302,0,0,-1875,-234.375
1764842216.9253302,0,0,212,26.500
1764842216.9293358,1,1,2944,368.000
1764842216.9333272,0,0,3848,481.000
1764842216.9373348,0,0,-450,-56.250
1764842216.9413273,0,0,-2013,-251.625
1764842216.9453273,0,0,-25,-3.125
1764842216.9493444,1,1,2771,346.375
1764842216.9533274,0,0,3883,485.375
1764842216.9573295,0,0,-114,-14.250
1764842216.9613283,0,0,-1751,-218.875
1764842216.9653294,0,0,113,14.125
1764842216.9693348,1,1,2758,344.750
1764842216.9806592,0,0,-1579,-197.375
1764842216.9828627,0,0,149,18.625
1764842216.9854896,0,0,149,18.625
1764842216.9893575,1,1,2693,336.625
1764842216.9934256,0,0,3894,486.750
1764842216.9972878,0,0,173,21.625
1764842217.0012817,0,0,-1732,-216.500
1764842217.0052774,0,0,-54,-6.750
1764842217.0092943,1,1,2540,317.500
1764842217.013286,0,0,3898,487.250
1764842217.0172956,0,0,436,54.500
1764842217.021294,0,0,-1564,-195.500
1764842217.0252907,0,0,-31,-3.875
1764842217.0292912,1,1,2469,308.625
1764842217.0332897,0,0,3850,481.250
1764842217.0372834,0,0,309,38.625
1764842217.0412855,0,0,-1927,-240.875
1764842217.0452938,0,0,-392,-49.000
1764842217.0492923,1,1,2265,283.125
1764842217.053287,0,0,3834,479.250
1764842217.0572784,0,0,257,32.125
1764842217.0612717,0,0,-2193,-274.125
1764842217.065275,0,0,-740,-92.500
1764842217.0692897,1,1,2057,257.125
1764842217.073287,0,0,3832,479.000
1764842217.0772884,0,0,305,38.125
1764842217.081288,0,0,-2311,-288.875
1764842217.0852864,0,0,-1065,-133.125
1764842217.089296,1,1,1831,228.875
1764842217.093327,0,0,3820,477.500
1764842217.0972972,0,0,787,98.375
1764842217.1012914,0,0,-1984,-248.000
1764842217.1052864,0,0,-751,-93.875
1764842217.109278,1,1,1927,240.875
1764842217.1132731,0,0,3798,474.750
1764842217.1172655,0,0,799,99.875
1764842217.1212864,0,0,-2178,-272.250
1764842217.125286,0,0,-1052,-131.500
1764842217.1292815,1,1,1726,215.750
1764842217.1332743,0,0,3788,473.500
1764842217.1372628,0,0,1446,180.750
1764842217.1412904,0,0,-1275,-159.375
1764842217.1452882,0,0,-328,-41.000
1764842217.149288,1,1,1999,249.875
1764842217.1532876,0,0,3738,467.250
1764842217.1572943,0,0,1126,140.750
1764842217.1612878,0,0,-2064,-258.000
1764842217.165285,0,0,-1111,-138.875
1764842217.1692946,1,1,1567,195.875
1764842217.1732898,0,0,3661,457.625
1764842217.1773808,0,0,-2032,-254.000
1764842217.1813025,0,0,-1219,-152.375
1764842217.1852875,0,0,1429,178.625
1764842217.1892784,1,1,3585,448.125
1764842217.1933084,0,0,1440,180.000
1764842217.1972685,0,0,-2088,-261.000
1764842217.2012892,0,0,-1397,-174.625
1764842217.2052867,0,0,1269,158.625
1764842217.2092798,1,1,3528,441.000
1764842217.2132702,0,0,2005,250.625
1764842217.2172763,0,0,-1148,-143.500
1764842217.2212908,0,0,-604,-75.500
1764842217.2252872,0,0,1623,202.875
1764842217.2292848,1,1,3514,439.250
1764842217.233285,0,0,2014,251.750
1764842217.2372932,0,0,-1230,-153.750
1764842217.2412868,0,0,-741,-92.625
1764842217.245285,0,0,1499,187.375
1764842217.2492933,1,1,3435,429.375
1764842217.253296,0,0,1842,230.250
1764842217.2572837,0,0,-1968,-246.000
1764842217.261274,0,0,-1590,-198.750
1764842217.2652712,0,0,956,119.500
1764842217.2692878,1,1,3289,411.125
1764842217.2732854,0,0,2266,283.250
1764842217.2772791,0,0,-1256,-157.000
1764842217.2812707,0,0,-1005,-125.625
1764842217.2852705,0,0,1226,153.250
1764842217.2892742,1,1,3274,409.250
1764842217.2932692,0,0,2233,279.125
1764842217.2972598,0,0,-1667,-208.375
1764842217.301284,0,0,-1546,-193.250
1764842217.305286,0,0,838,104.750
1764842217.3092866,1,1,3132,391.500
1764842217.3132837,0,0,2388,298.500
1764842217.317287,0,0,-1439,-179.875
1764842217.321284,0,0,-1409,-176.125
1764842217.3252861,0,0,873,109.125
1764842217.3292913,1,1,3091,386.375
1764842217.3332863,0,0,2437,304.625
1764842217.3372884,0,0,-1525,-190.625
1764842217.3412852,0,0,-1598,-199.750
1764842217.3452864,0,0,707,88.375
1764842217.3492863,1,1,3025,378.125
1764842217.353284,0,0,2661,332.625
1764842217.35728,0,0,-1086,-135.750
1764842217.361266,0,0,-1260,-157.500
1764842217.3652668,0,0,850,106.250
1764842217.3692875,1,1,2985,373.125
1764842217.3732886,0,0,2627,328.375
1764842217.3773742,0,0,-1510,-188.750
1764842217.3812969,0,0,-1871,-233.875
1764842217.3852844,0,0,346,43.250
1764842217.389278,1,1,2784,348.000
1764842217.3932705,0,0,2826,353.250
1764842217.3972986,0,0,-1053,-131.625
1764842217.4012852,0,0,-1534,-191.750
1764842217.405284,0,0,525,65.625
1764842217.4092813,1,1,2777,347.125
1764842217.413271,0,0,2796,349.500
1764842217.4172761,0,0,-1365,-170.625
1764842217.4212847,0,0,-1972,-246.500
1764842217.4252815,0,0,144,18.000
1764842217.4292812,1,1,2626,328.250
1764842217.433284,0,0,2962,370.250
1764842217.4372892,0,0,-1097,-137.125
1764842217.4412842,0,0,-1891,-236.375
1764842217.44528,0,0,127,15.875
1764842217.4492939,1,1,2552,319.000
1764842217.453286,0,0,2978,372.250
1764842217.4572885,0,0,-958,-119.750
1764842217.4612834,0,0,-1781,-222.625
1764842217.4652812,0,0,191,23.875
1764842217.4692812,1,1,2541,317.625
1764842217.47328,0,0,3059,382.375
1764842217.4772854,0,0,-873,-109.125
1764842217.4812822,0,0,-1860,-232.500
1764842217.4852827,0,0,52,6.500
1764842217.489288,1,1,2436,304.500
1764842217.49328,0,0,3077,384.625
1764842217.497291,0,0,-1017,-127.125
1764842217.5012865,0,0,-2140,-267.500
1764842217.505284,0,0,-268,-33.500
1764842217.5092804,1,1,2289,286.125
1764842217.5132792,0,0,3022,377.750
1764842217.517288,0,0,-1026,-128.250
1764842217.5212827,0,0,-1424,-178.000
1764842217.5252807,0,0,-920,-115.000
1764842217.5292876,1,1,2100,262.500
1764842217.533285,0,0,3297,412.125
1764842217.5372822,0,0,-918,-114.750
1764842217.5412693,0,0,-1317,-164.625
1764842217.5452678,0,0,-1040,-130.000
1764842217.5492857,1,1,2096,262.000
1764842217.5532796,0,0,3492,436.500
1764842217.5572753,0,0,-802,-100.250
1764842217.5612671,0,0,-1062,-132.750
1764842217.5652664,0,0,-1282,-160.250
1764842217.5692825,1,1,2109,263.625
1764842217.57328,0,0,3944,493.000
1764842217.5773652,0,0,-539,-67.375
1764842217.581297,0,0,-1194,-149.250
1764842217.585284,0,0,-1146,-143.250
1764842217.589274,1,1,2211,276.375
1764842217.5932686,0,0,4048,506.000
1764842217.5972726,0,0,-533,-66.625
1764842217.6012797,0,0,-1073,-134.125
1764842217.6052835,0,0,-1228,-153.500
1764842217.6092796,1,1,2303,287.875
1764842217.6132693,0,0,4463,557.875
1764842217.6172767,0,0,218,27.250
1764842217.6212833,0,0,-2151,-268.875
1764842217.6252823,0,0,-324,-40.500
1764842217.6292725,1,1,2709,338.625
1764842217.633264,0,0,4420,552.500
1764842217.637259,0,0,495,61.875
1764842217.6412802,0,0,-1440,-180.000
1764842217.6452782,0,0,428,53.500
1764842217.6492887,1,1,3047,380.875
1764842217.6532874,0,0,4507,563.375
1764842217.6572855,0,0,1450,181.250
1764842217.6612656,0,0,839,104.875
1764842217.665266,0,0,2467,308.375
1764842217.6692855,1,1,3973,496.625
1764842217.6732829,0,0,4555,569.375
1764842217.6772804,0,0,1148,143.500
1764842217.681265,0,0,818,102.250
1764842217.685264,0,0,2681,335.125
1764842217.6892836,1,1,4098,512.250
1764842217.6932821,0,0,4595,574.375
1764842217.6972995,0,0,2457,307.125
1764842217.7012813,0,0,3678,459.750
1764842217.7052789,0,0,5043,630.375
1764842217.7092779,1,1,5010,626.250
1764842217.7132764,0,0,4456,557.000
1764842217.7172801,0,0,-794,-99.250
1764842217.721279,0,0,-1986,-248.250
1764842217.725279,0,0,546,68.250
1764842217.7292843,1,1,3119,389.875
1764842217.7332804,0,0,4328,541.000
1764842217.7372828,0,0,-461,-57.625
1764842217.7412806,0,0,-1408,-176.000
1764842217.7452781,0,0,-595,-74.375
1764842217.7492774,1,1,2571,321.375
1764842217.7532768,0,0,4420,552.500
1764842217.7572846,0,0,-378,-47.250
1764842217.7612789,0,0,-1334,-166.750
1764842217.765279,0,0,-728,-91.000
1764842217.7692823,1,1,2529,316.125
1764842217.7732775,0,0,4608,576.000
1764842217.7773702,0,0,-267,-33.375
1764842217.781296,0,0,-1824,-228.000
1764842217.785283,0,0,1090,136.250
1764842217.7892673,1,1,3693,461.625
1764842217.7932618,0,0,4904,613.000
1764842217.79727,0,0,-197,-24.625
1764842217.8012798,0,0,122,15.250
1764842217.8052797,0,0,3151,393.875
1764842217.8092766,1,1,4879,609.875
1764842217.8132632,0,0,33,4.125
1764842217.8172624,0,0,-2032,-254.000
1764842217.8212793,0,0,758,94.750
1764842217.8252802,0,0,3538,442.250
1764842217.8292725,1,1,4963,620.375
1764842217.8332627,0,0,221,27.625
1764842217.8372612,0,0,-2076,-259.500
1764842217.8412807,0,0,636,79.500
1764842217.8452787,0,0,3447,430.875
1764842217.8492846,1,1,4933,616.625
1764842217.8532805,0,0,392,49.000
1764842217.8572807,0,0,-2017,-252.125
1764842217.861276,0,0,294,36.750
1764842217.8652797,0,0,3201,400.125
1764842217.8692718,1,1,4858,607.250
1764842217.8732636,0,0,552,69.000
1764842217.8772664,0,0,-1522,-190.250
1764842217.8812766,0,0,-355,-44.375
1764842217.8852785,0,0,2752,344.000
1764842217.8892846,1,1,4738,592.250
1764842217.8932796,0,0,1136,142.000
1764842217.8973587,0,0,-1798,-224.750
1764842217.901322,0,0,1014,126.750
1764842217.9053197,0,0,3646,455.750
1764842217.9093251,1,1,4957,619.625
1764842217.9133239,0,0,1185,148.125
1764842217.917327,0,0,-2096,-262.000
1764842217.9213188,0,0,538,67.250
1764842217.9253194,0,0,3352,419.000
1764842217.9293265,1,1,4847,605.875
1764842217.9333212,0,0,1427,178.375
1764842217.937328,0,0,-2113,-264.125
1764842217.9413245,0,0,451,56.375
1764842217.945327,0,0,3271,408.875
1764842217.949315,1,1,4768,596.000
1764842217.953307,0,0,1730,216.250
1764842217.9573162,0,0,-1867,-233.375
1764842217.9613192,0,0,760,95.000
1764842217.9653194,0,0,3422,427.750
1764842217.969314,1,1,4734,591.750
1764842217.9733043,0,0,2767,345.875
1764842217.9842083,0,0,4932,616.500
1764842217.9861698,0,0,4932,616.500
1764842217.989327,1,1,4838,604.750
1764842217.9933233,0,0,2569,321.125
1764842217.9974136,0,0,1733,216.625
1764842218.0012722,0,0,4735,591.875
1764842218.0052621,0,0,5555,694.375
1764842218.009277,1,1,4973,621.625
1764842218.0132728,0,0,2575,321.875
1764842218.0172927,0,0,1458,182.250
1764842218.0212793,0,0,4413,551.625
1764842218.0252757,0,0,5310,663.750
1764842218.0292659,1,1,4765,595.625
1764842218.0332615,0,0,2620,327.500
1764842218.037266,0,0,1902,237.750
1764842218.0412853,0,0,5148,643.500
1764842218.0453005,0,0,5803,725.375
1764842218.0493925,1,1,4837,604.625
1764842218.053503,0,0,2683,335.375
1764842218.0573082,0,0,2513,314.125
1764842218.0612636,0,0,6084,760.500
1764842218.065286,0,0,6405,800.625
1764842218.0692716,1,1,4913,614.125
1764842218.073259,0,0,2314,289.250
1764842218.0772657,0,0,608,76.000
1764842218.0812783,0,0,3876,484.500
1764842218.0852776,0,0,5057,632.125
1764842218.0892751,1,1,4421,552.625
1764842218.0932598,0,0,2402,300.250
1764842218.0972774,0,0,524,65.500
1764842218.10128,0,0,3600,450.000
1764842218.105276,0,0,4789,598.625
1764842218.1092782,1,1,4202,525.250
1764842218.1132748,0,0,2363,295.375
1764842218.11728,0,0,368,46.000
1764842218.1212754,0,0,3450,431.250
1764842218.125278,0,0,4708,588.500
1764842218.1292846,1,1,4104,513.000
1764842218.1332726,0,0,2386,298.250
1764842218.1372788,0,0,427,53.375
1764842218.141275,0,0,3533,441.625
1764842218.1452756,0,0,4751,593.875
1764842218.149277,1,1,4024,503.000
1764842218.1532762,0,0,2355,294.375
1764842218.1572773,0,0,372,46.500
1764842218.1612713,0,0,3646,455.750
1764842218.1652758,0,0,4914,614.250
1764842218.1692843,1,1,4053,506.625
1764842218.173281,0,0,2327,290.875
1764842218.1772773,0,0,-142,-17.750
1764842218.1813629,0,0,2854,356.750
1764842218.185287,0,0,4349,543.625
1764842218.189272,1,1,3762,470.250
1764842218.193263,0,0,2315,289.375
1764842218.1972778,0,0,-40,-5.000
1764842218.2013118,0,0,3104,388.000
1764842218.2052743,0,0,4598,574.750
1764842218.2092733,1,1,3824,478.000
1764842218.2132607,0,0,2297,287.125
1764842218.2172842,0,0,-135,-16.875
1764842218.221275,0,0,3085,385.625
1764842218.2252724,0,0,4656,582.000
1764842218.2292724,1,1,3812,476.500
1764842218.2332747,0,0,2266,283.250
1764842218.23728,0,0,-493,-61.625
1764842218.241272,0,0,2575,321.875
1764842218.245272,0,0,4370,546.250
1764842218.2492762,1,1,3682,460.250
1764842218.2532754,0,0,2275,284.375
1764842218.2572787,0,0,-411,-51.375
1764842218.261274,0,0,2657,332.125
1764842218.2652695,0,0,4467,558.375
1764842218.2692733,1,1,3683,460.375
1764842218.2732742,0,0,2227,278.375
1764842218.2772768,0,0,-870,-108.750
1764842218.2812707,0,0,1784,223.000
1764842218.2852705,0,0,3825,478.125
1764842218.2892666,1,1,3376,422.000
1764842218.2932546,0,0,2186,273.250
1764842218.2972739,0,0,-844,-105.500
1764842218.3012862,0,0,1702,212.750
1764842218.3052723,0,0,3806,475.750
1764842218.3092713,1,1,3342,417.750
1764842218.3132706,0,0,2151,268.875
1764842218.3172753,0,0,-980,-122.500
1764842218.3212698,0,0,1409,176.125
1764842218.3252735,0,0,3662,457.750
1764842218.329276,1,1,3288,411.000
1764842218.3332703,0,0,2157,269.625
1764842218.337278,0,0,-925,-115.625
1764842218.3412733,0,0,1341,167.625
1764842218.345273,0,0,3644,455.500
1764842218.3492663,1,1,3265,408.125
1764842218.3532546,0,0,2123,265.375
1764842218.3572679,0,0,-939,-117.375
1764842218.3612726,0,0,1290,161.250
1764842218.3652725,0,0,3732,466.500
1764842218.3692677,1,1,3330,416.250
1764842218.373255,0,0,2124,265.500
1764842218.3772657,0,0,-1159,-144.875
1764842218.3813493,0,0,559,69.875
1764842218.3852727,0,0,3139,392.375
1764842218.389264,1,1,3045,380.625
1764842218.3932567,0,0,2061,257.625
1764842218.3972619,0,0,-1069,-133.625
1764842218.4013095,0,0,485,60.625
1764842218.4052758,0,0,3095,386.875
1764842218.4092684,1,1,3010,376.250
1764842218.4132566,0,0,2023,252.875
1764842218.4172785,0,0,-1070,-133.750
1764842218.4212706,0,0,2964,370.500
1764842218.425271,0,0,2978,372.250
1764842218.429271,1,1,2026,253.250
1764842218.4332707,0,0,-1199,-149.875
1764842218.4372747,0,0,-651,-81.375
1764842218.441268,0,0,2109,263.625
1764842218.4452696,0,0,2547,318.375
1764842218.4492812,1,1,1935,241.875
1764842218.453273,0,0,-999,-124.875
1764842218.457275,0,0,-412,-51.500
1764842218.4612734,0,0,2424,303.000
1764842218.4652717,0,0,2744,343.000
1764842218.4692621,1,1,1975,246.875
1764842218.473255,0,0,-1022,-127.750
1764842218.4772677,0,0,-864,-108.000
1764842218.481269,0,0,2065,258.125
1764842218.485266,0,0,2608,326.000
1764842218.4892652,1,1,1960,245.000
1764842218.4932578,0,0,-892,-111.500
1764842218.4972682,0,0,-969,-121.125
1764842218.5012712,0,0,1921,240.125
1764842218.5052688,0,0,2522,315.250
1764842218.50927,1,1,1918,239.750
1764842218.5132723,0,0,-810,-101.250
1764842218.5172777,0,0,-1065,-133.125
1764842218.5212717,0,0,1976,247.000
1764842218.5252683,0,0,2669,333.625
1764842218.5292733,1,1,2001,250.125
1764842218.5332692,0,0,-421,-52.625
1764842218.5372682,0,0,-239,-29.875
1764842218.5412543,0,0,2954,369.250
1764842218.5452514,0,0,3253,406.625
1764842218.5492718,1,1,2118,264.750
1764842218.553272,0,0,-511,-63.875
1764842218.5572755,0,0,-889,-111.125
1764842218.5612698,0,0,2317,289.625
1764842218.5652683,0,0,2949,368.625
1764842218.569273,1,1,2039,254.875
1764842218.5732687,0,0,-335,-41.875
1764842218.5772734,0,0,-976,-122.000
1764842218.5813606,0,0,2136,267.000
1764842218.585284,0,0,2830,353.750
1764842218.58926,1,1,1967,245.875
1764842218.593254,0,0,-186,-23.250
1764842218.5972729,0,0,-316,-39.500
1764842218.6012697,0,0,3186,398.250
1764842218.6052887,0,0,3589,448.625
1764842218.6092646,1,1,2207,275.875
1764842218.6132522,0,0,-26,-3.250
1764842218.6172793,0,0,477,59.625
1764842218.6212714,0,0,4486,560.750
1764842218.6252697,0,0,4555,569.375
1764842218.6292694,1,1,2532,316.500
1764842218.6332653,0,0,13,1.625
1764842218.6372714,0,0,809,101.125
1764842218.6412678,0,0,5277,659.625
1764842218.6452682,0,0,5202,650.250
1764842218.6492777,1,1,2754,344.250
1764842218.6532686,0,0,-212,-26.500
1764842218.6572683,0,0,-1510,-188.750
1764842218.6612542,0,0,1858,232.250
1764842218.665253,0,0,2859,357.375
1764842218.669269,1,1,1873,234.125
1764842218.6732662,0,0,-88,-11.000
1764842218.6772625,0,0,-1355,-169.375
1764842218.6812496,0,0,2049,256.125
1764842218.685252,0,0,2986,373.250
1764842218.6892703,1,1,1894,236.750
1764842218.6932707,0,0,-93,-11.625
1764842218.6972709,0,0,-1789,-223.625
1764842218.7012663,0,0,1409,176.125
1764842218.7053812,0,0,2657,332.125
1764842218.7093194,1,1,1823,227.875
1764842218.713314,0,0,12,1.500
1764842218.7173157,0,0,-1977,-247.125
1764842218.7213085,0,0,730,91.250
1764842218.7253103,0,0,2223,277.875
1764842218.7293212,1,1,1689,211.125
1764842218.7333124,0,0,148,18.500
1764842218.737331,0,0,-2048,-256.000
1764842218.741312,0,0,700,87.500
1764842218.7453094,0,0,2270,283.750
1764842218.7493124,1,1,1743,217.875
1764842218.7533102,0,0,269,33.625
1764842218.757317,0,0,-1956,-244.500
1764842218.7613091,0,0,118,14.750
1764842218.765423,0,0,1854,231.750
1764842218.7693348,1,1,1604,200.500
1764842218.7733123,0,0,372,46.500
1764842218.7773035,0,0,-1860,-232.500
1764842218.781368,0,0,-84,-10.500
1764842218.785302,0,0,1804,225.500
1764842218.7893136,1,1,1655,206.875
1764842218.7933106,0,0,546,68.250
1764842218.7973142,0,0,-2106,-263.250
1764842218.8013105,0,0,126,15.750
1764842218.8054001,0,0,2057,257.125
1764842218.8092673,1,1,1799,224.875
1764842218.813255,0,0,672,84.000
1764842218.817282,0,0,-1871,-233.875
1764842218.8212698,0,0,-272,-34.000
1764842218.8252645,0,0,1824,228.000
1764842218.8292627,1,1,1775,221.875
1764842218.8332636,0,0,819,102.375
1764842218.8372715,0,0,-2114,-264.250
1764842218.841266,0,0,17,2.125
1764842218.845263,0,0,2079,259.875
1764842218.84927,1,1,1880,235.000
1764842218.8532512,0,0,879,109.875
1764842218.8572652,0,0,-2036,-254.500
1764842218.8612523,0,0,248,31.000
1764842218.8652499,0,0,2402,300.250
1764842218.8692632,1,1,2086,260.750
1764842218.8732622,0,0,966,120.750
1764842218.877269,0,0,-1816,-227.000
1764842218.8812654,0,0,-414,-51.750
1764842218.8852654,0,0,1978,247.250
1764842218.8892605,1,1,2003,250.375
1764842218.8932505,0,0,1107,138.375
1764842218.8972864,0,0,-1874,-234.250
1764842218.9012709,0,0,148,18.500
1764842218.9052796,0,0,2512,314.000
1764842218.9092696,1,1,2253,281.625
1764842218.9132648,0,0,1154,144.250
1764842218.9172695,0,0,-1882,-235.250
1764842218.9212651,0,0,-135,-16.875
1764842218.9252648,0,0,2366,295.750
1764842218.9292722,1,1,2244,280.500
1764842218.933265,0,0,1220,152.500
1764842218.9372692,0,0,-1744,-218.000
1764842218.9412622,0,0,-131,-16.375
1764842218.9452662,0,0,2417,302.125
1764842218.9492683,1,1,2322,290.250
1764842218.953267,0,0,1260,157.500
1764842218.9572673,0,0,-1031,-128.875
1764842218.9612622,0,0,1766,220.750
1764842218.9652662,0,0,4313,539.125
1764842218.9692721,1,1,3308,413.500
1764842218.973265,0,0,1412,176.500
1764842218.9773214,0,0,-1247,-155.875
1764842218.9868412,0,0,3128,391.000
1764842218.989298,1,1,3128,391.000
1764842218.9932678,0,0,1365,170.625
1764842218.997271,0,0,-988,-123.500
1764842219.00125,0,0,1924,240.500
1764842219.0052476,0,0,4827,603.375
1764842219.009269,1,1,3703,462.875
1764842219.013265,0,0,1484,185.500
1764842219.017258,0,0,-1228,-153.500
1764842219.0212457,0,0,1133,141.625
1764842219.0252464,0,0,4218,527.250
1764842219.0292704,1,1,3440,430.000
1764842219.033264,0,0,1428,178.500
1764842219.037264,0,0,-1313,-164.125
1764842219.0412655,0,0,3424,428.000
1764842219.0452635,0,0,3014,376.750
1764842219.049265,1,1,1298,162.250
1764842219.0532627,0,0,-1167,-145.875
1764842219.0572543,0,0,815,101.875
1764842219.061273,0,0,4165,520.625
1764842219.0652566,0,0,3521,440.125
1764842219.0692642,1,1,1448,181.000
1764842219.0732613,0,0,-1254,-156.750
1764842219.0772705,0,0,-146,-18.250
1764842219.0812652,0,0,3162,395.250
1764842219.0852613,0,0,3011,376.375
1764842219.0892606,1,1,1329,166.125
1764842219.0932493,0,0,-1021,-127.625
1764842219.0972643,0,0,731,91.375
1764842219.1012661,0,0,4368,546.000
1764842219.105263,0,0,3781,472.625
1764842219.1093001,1,1,1519,189.875
1764842219.1132634,0,0,-1076,-134.500
1764842219.1172695,0,0,495,61.875
1764842219.1212633,0,0,4351,543.875
1764842219.125264,0,0,3880,485.000
1764842219.1292694,1,1,1568,196.000
1764842219.133263,0,0,-1107,-138.375
1764842219.137268,0,0,-428,-53.500
1764842219.141264,0,0,3244,405.500
1764842219.1452641,0,0,3253,406.625
1764842219.1492648,1,1,1380,172.500
1764842219.1532605,0,0,-989,-123.625
1764842219.1572688,0,0,-456,-57.000
1764842219.1612642,0,0,3294,411.750
1764842219.1652648,0,0,3362,420.250
1764842219.1692677,1,1,1428,178.500
1764842219.1732633,0,0,-913,-114.125
1764842219.177265,0,0,-449,-56.125
1764842219.181264,0,0,3379,422.375
1764842219.1853476,0,0,3467,433.375
1764842219.1892693,1,1,1461,182.625
1764842219.1932461,0,0,-874,-109.250
1764842219.197271,0,0,-483,-60.375
1764842219.2012644,0,0,3571,446.375
1764842219.2052634,0,0,3726,465.750
1764842219.2092998,1,1,1598,199.750
1764842219.213248,0,0,-820,-102.500
1764842219.2172632,0,0,-809,-101.125
1764842219.2212596,0,0,3180,397.500
1764842219.225262,0,0,3537,442.125
1764842219.2292662,1,1,1542,192.750
1764842219.2332628,0,0,-778,-97.250
1764842219.2372632,0,0,-1060,-132.500
1764842219.241259,0,0,2837,354.625
1764842219.245263,0,0,3350,418.750
1764842219.2492685,1,1,1472,184.000
1764842219.253261,0,0,-757,-94.625
1764842219.257262,0,0,-1384,-173.000
1764842219.26126,0,0,2356,294.500
1764842219.2652605,0,0,3089,386.125
1764842219.2692611,1,1,1403,175.375
1764842219.273262,0,0,-687,-85.875
1764842219.2772849,0,0,-1226,-153.250
1764842219.2812579,0,0,2844,355.500
1764842219.285259,0,0,3567,445.875
1764842219.2892573,1,1,1629,203.625
1764842219.293245,0,0,-628,-78.500
1764842219.2972658,0,0,-1434,-179.250
1764842219.3012598,0,0,2583,322.875
1764842219.3052568,0,0,3492,436.500
1764842219.309263,1,1,1643,205.375
1764842219.3132439,0,0,-545,-68.125
1764842219.3172665,0,0,-1468,-183.500
1764842219.3212612,0,0,2562,320.250
1764842219.3252604,0,0,3555,444.375
1764842219.3292634,1,1,1693,211.625
1764842219.333262,0,0,-511,-63.875
1764842219.3372662,0,0,-1610,-201.250
1764842219.34126,0,0,2463,307.875
1764842219.3452582,0,0,3654,456.750
1764842219.3492596,1,1,1806,225.750
1764842219.3532588,0,0,-415,-51.875
1764842219.3572655,0,0,-1648,-206.000
1764842219.3612602,0,0,2417,302.125
1764842219.3652587,0,0,3709,463.625
1764842219.3692632,1,1,1867,233.375
1764842219.3732603,0,0,-384,-48.000
1764842219.3772635,0,0,-1939,-242.375
1764842219.3812616,0,0,1575,196.875
1764842219.385343,0,0,3099,387.375
1764842219.3892632,1,1,1645,205.625
1764842219.3932428,0,0,-356,-44.500
1764842219.3972623,0,0,-1668,-208.500
1764842219.4012434,0,0,94,11.750
1764842219.405243,0,0,1935,241.875
1764842219.4092815,1,1,1196,149.500
1764842219.4132442,0,0,-279,-34.875
1764842219.4172616,0,0,-2025,-253.125
1764842219.4212625,0,0,1011,126.375
1764842219.4252605,0,0,2739,342.375
1764842219.4292583,1,1,1570,196.250
1764842219.4332564,0,0,-214,-26.750
1764842219.4372618,0,0,-2072,-259.000
1764842219.4412596,0,0,655,81.875
1764842219.44526,0,0,2599,324.875
1764842219.4492679,1,1,1602,200.250
1764842219.4532597,0,0,-116,-14.500
1764842219.4572604,0,0,-2091,-261.375
1764842219.461257,0,0,456,57.000
1764842219.4652586,0,0,2476,309.500
1764842219.4692593,1,1,1588,198.500
1764842219.4732552,0,0,-62,-7.750
1764842219.4772596,0,0,-2064,-258.000
1764842219.4812572,0,0,454,56.750
1764842219.4852564,0,0,2588,323.500
1764842219.4892626,1,1,1710,213.750
1764842219.493256,0,0,17,2.125
1764842219.4972584,0,0,-1568,-196.000
1764842219.5012543,0,0,-1009,-126.125
1764842219.5052564,0,0,1093,136.625
1764842219.5093324,1,1,990,123.750
1764842219.513304,0,0,-43,-5.375
1764842219.517307,0,0,-1545,-193.125
1764842219.5212994,0,0,-1279,-159.875
1764842219.5252998,0,0,767,95.875
1764842219.5293071,1,1,850,106.250
1764842219.5333016,0,0,-2,-0.250
1764842219.5372941,0,0,-1911,-238.875
1764842219.5412784,0,0,-624,-78.000
1764842219.5452788,0,0,1702,212.750
1764842219.5493038,1,1,1473,184.125
1764842219.5533018,0,0,227,28.375
1764842219.557306,0,0,-1699,-212.375
1764842219.5612965,0,0,-881,-110.125
1764842219.5652966,0,0,1556,194.500
1764842219.5693054,1,1,1495,186.875
1764842219.5733016,0,0,329,41.125
1764842219.5773249,0,0,-1755,-219.375
1764842219.581304,0,0,-760,-95.000
1764842219.5853772,0,0,1764,220.500
1764842219.5893042,1,1,1666,208.250
1764842219.5932853,0,0,413,51.625
1764842219.5973136,0,0,-1622,-202.750
1764842219.601298,0,0,-1118,-139.750
1764842219.605299,0,0,1438,179.750
1764842219.6092932,1,1,1576,197.000
1764842219.61328,0,0,481,60.125
1764842219.6172664,0,0,-1141,-142.625
1764842219.6212606,0,0,-1667,-208.375
1764842219.625257,0,0,545,68.125
1764842219.6292543,1,1,1116,139.500
1764842219.6332572,0,0,426,53.250
1764842219.6372626,0,0,-1459,-182.375
1764842219.6412578,0,0,-1164,-145.500
1764842219.6452532,0,0,1498,187.250
1764842219.6492643,1,1,1743,217.875
1764842219.653263,0,0,639,79.875
1764842219.6572568,0,0,-1377,-172.125
1764842219.6612418,0,0,-1366,-170.750
1764842219.6652384,0,0,1290,161.250
1764842219.6692553,1,1,685,85.625
1764842219.6732547,0,0,-1250,-156.250
1764842219.6772554,0,0,-1618,-202.250
1764842219.6812408,0,0,945,118.125
1764842219.6852405,0,0,1535,191.875
1764842219.6892548,1,1,689,86.125
1764842219.693253,0,0,-1054,-131.750
1764842219.697259,0,0,-1751,-218.875
1764842219.7012553,0,0,320,40.000
1764842219.7052555,0,0,1176,147.000
1764842219.7092426,1,1,626,78.250
1764842219.7132504,0,0,-989,-123.625
1764842219.7172613,0,0,-1766,-220.750
1764842219.721256,0,0,45,5.625
1764842219.725256,0,0,1059,132.375
1764842219.7292628,1,1,663,82.875
1764842219.7332537,0,0,-911,-113.875
1764842219.7372584,0,0,-1928,-241.000
1764842219.7412574,0,0,364,45.500
1764842219.7452548,0,0,1346,168.250
1764842219.7492566,1,1,818,102.250
1764842219.7532513,0,0,-792,-99.000
1764842219.757255,0,0,-1915,-239.375
1764842219.7612522,0,0,-144,-18.000
1764842219.7652538,0,0,1028,128.500
1764842219.7692592,1,1,757,94.625
1764842219.7732553,0,0,-672,-84.000
1764842219.7772574,0,0,-1957,-244.625
1764842219.7812521,0,0,-100,-12.500
1764842219.7853413,0,0,1154,144.250
1764842219.789264,1,1,882,110.250
1764842219.7932408,0,0,-506,-63.250
1764842219.797267,0,0,-2065,-258.125
1764842219.8012524,0,0,-20,-2.500
1764842219.805256,0,0,1315,164.375
1764842219.8092513,1,1,1019,127.375
1764842219.8132517,0,0,-358,-44.750
1764842219.8172781,0,0,-1779,-222.375
1764842219.821255,0,0,-677,-84.625
1764842219.8252513,0,0,847,105.875
1764842219.8292537,1,1,900,112.500
1764842219.8332648,0,0,-120,-15.000
1764842219.8372574,0,0,-2146,-268.250
1764842219.8412511,0,0,-65,-8.125
1764842219.8452518,0,0,1355,169.375
1764842219.8492584,1,1,1127,140.875
1764842219.8532531,0,0,-74,-9.250
1764842219.8572574,0,0,-1699,-212.375
1764842219.861252,0,0,-1130,-141.250
1764842219.8652508,0,0,542,67.750
1764842219.8692496,1,1,870,108.750
1764842219.8732364,0,0,104,13.000
1764842219.8772638,0,0,-1904,-238.000
1764842219.88125,0,0,-1132,-141.500
1764842219.885258,0,0,582,72.750
1764842219.889249,1,1,942,117.750
1764842219.8932364,0,0,259,32.375
1764842219.8972654,0,0,-1833,-229.125
1764842219.9012542,0,0,-1317,-164.625
1764842219.9052498,0,0,461,57.625
1764842219.909237,1,1,961,120.125
1764842219.913236,0,0,415,51.875
1764842219.9173608,0,0,-1571,-196.375
1764842219.921302,0,0,-1664,-208.000
1764842219.925296,0,0,116,14.500
1764842219.9293015,1,1,859,107.375
1764842219.9332943,0,0,555,69.375
1764842219.9373033,0,0,-2103,-262.875
1764842219.9412978,0,0,-1217,-152.125
1764842219.9452958,0,0,657,82.125
1764842219.9492946,1,1,1176,147.000
1764842219.9532974,0,0,703,87.875
1764842219.9573019,0,0,-1718,-214.750
1764842219.9612958,0,0,-1600,-200.000
1764842219.9652972,0,0,297,37.125
1764842219.9693015,1,1,1065,133.125
1764842219.9732938,0,0,817,102.125
1764842219.9773536,0,0,-1594,-199.250
1764842219.9816859,0,0,-1779,-222.375
1764842219.9924755,0,0,900,112.500
1764842219.9943771,0,0,900,112.500
1764842219.9972944,0,0,-1734,-216.750
1764842220.0012825,0,0,-1120,-140.000
1764842220.0052788,0,0,837,104.625
1764842220.009301,1,1,1391,173.875
1764842220.013292,0,0,1007,125.875
1764842220.0173926,0,0,-1726,-215.750
1764842220.021257,0,0,-1690,-211.250
1764842220.025253,0,0,267,33.375
1764842220.0292413,1,1,1154,144.250
1764842220.0332305,0,0,1062,132.750
1764842220.0372624,0,0,-1540,-192.500
1764842220.0412366,0,0,-1606,-200.750
1764842220.045235,0,0,298,37.250
1764842220.0492547,1,1,1148,143.500
1764842220.0532532,0,0,1070,133.750
1764842220.0572536,0,0,-1421,-177.625
1764842220.0612512,0,0,-1595,-199.375
1764842220.0652578,0,0,343,42.875
1764842220.069242,1,1,1210,151.250
1764842220.0732358,0,0,1123,140.375
1764842220.0772653,0,0,-1324,-165.500
1764842220.0812476,0,0,-1567,-195.875
1764842220.0852501,0,0,469,58.625
1764842220.089257,1,1,1341,167.625
1764842220.0932353,0,0,1215,151.875
1764842220.097274,0,0,-1122,-140.250
1764842220.1012495,0,0,-1503,-187.875
1764842220.1052468,0,0,527,65.875
1764842220.1092415,1,1,1377,172.125
1764842220.1132355,0,0,1232,154.000
1764842220.1172786,0,0,-1122,-140.250
1764842220.1212504,0,0,-1874,-234.250
1764842220.1252508,0,0,120,15.000
1764842220.1292593,1,1,1226,153.250
1764842220.1332521,0,0,1266,158.250
1764842220.1372554,0,0,-753,-94.125
1764842220.1412504,0,0,-1636,-204.500
1764842220.1452518,0,0,-994,-124.250
1764842220.149248,1,1,605,75.625
1764842220.1532497,0,0,1219,152.375
1764842220.1572552,0,0,-666,-83.250
1764842220.1612506,0,0,-1949,-243.625
1764842220.1652467,0,0,-80,-10.000
1764842220.1692543,1,1,1158,144.750
1764842220.1732516,0,0,1363,170.375
1764842220.1772568,0,0,-597,-74.625
1764842220.1812508,0,0,-2035,-254.375
1764842220.1852465,0,0,-157,-19.625
1764842220.1893528,1,1,1171,146.375
1764842220.1932633,0,0,1417,177.125
1764842220.1972492,0,0,-495,-61.875
1764842220.2012365,0,0,-2208,-276.000
1764842220.2052326,0,0,-743,-92.875
1764842220.2092495,1,1,817,102.125
1764842220.2132463,0,0,1367,170.875
1764842220.217282,0,0,-238,-29.750
1764842220.221236,0,0,-2213,-276.625
1764842220.2252352,0,0,-613,-76.625
1764842220.2292502,1,1,913,114.125
1764842220.2332458,0,0,1422,177.750
1764842220.237254,0,0,-14,-1.750
1764842220.241249,0,0,-2013,-251.625
1764842220.2452497,0,0,-240,-30.000
1764842220.249254,1,1,1178,147.250
1764842220.2532477,0,0,1520,190.000
1764842220.2572498,0,0,10,1.250
1764842220.2612453,0,0,-2285,-285.625
1764842220.2652469,0,0,-911,-113.875
1764842220.2692487,1,1,774,96.750
1764842220.2732446,0,0,1450,181.250
1764842220.277248,0,0,243,30.375
1764842220.2812443,0,0,-2222,-277.750
1764842220.2852488,0,0,946,118.250
1764842220.2892423,1,1,1528,191.000
1764842220.2932482,0,0,413,51.625
1764842220.297251,0,0,-2153,-269.125
1764842220.3012457,0,0,-567,-70.875
1764842220.3052444,0,0,1072,134.000
1764842220.3092484,1,1,1596,199.500
1764842220.313246,0,0,561,70.125
1764842220.3172553,0,0,-1913,-239.125
1764842220.3212292,0,0,-73,-9.125
1764842220.3252335,0,0,1480,185.000
1764842220.3292494,1,1,1771,221.375
1764842220.3332493,0,0,577,72.125
1764842220.3372498,0,0,-2228,-278.500
1764842220.3412442,0,0,-631,-78.875
1764842220.3452487,0,0,1143,142.875
1764842220.3492494,1,1,1698,212.250
1764842220.3532476,0,0,857,107.125
1764842220.3572502,0,0,-980,-122.500
1764842220.3612444,0,0,1524,190.500
1764842220.3652444,0,0,2719,339.875
1764842220.3692539,1,1,2296,287.000
1764842220.3732493,0,0,891,111.375
1764842220.3772507,0,0,-343,-42.875
1764842220.381244,0,0,3000,375.000
1764842220.3852444,0,0,3905,488.125
1764842220.389334,1,1,2740,342.500
1764842220.3932629,0,0,828,103.500
1764842220.397246,0,0,-1878,-234.750
1764842220.401229,0,0,691,86.375
1764842220.4052293,0,0,2336,292.000
1764842220.4092512,1,1,2165,270.625
1764842220.413248,0,0,806,100.750
1764842220.41728,0,0,-1169,-146.125
1764842220.421231,0,0,-1671,-208.875
1764842220.4252298,0,0,327,40.875
1764842220.4292486,1,1,1415,176.875
1764842220.4332473,0,0,1013,126.625
1764842220.4372535,0,0,-1089,-136.125
1764842220.4412467,0,0,-1845,-230.625
1764842220.4452424,0,0,-13,-1.625
1764842220.4492493,1,1,1371,171.375
1764842220.453253,0,0,1312,164.000
1764842220.4572542,0,0,-1262,-157.750
1764842220.4612455,0,0,-1732,-216.500
1764842220.4652424,0,0,372,46.500
1764842220.469244,1,1,1615,201.875
1764842220.4732413,0,0,1504,188.000
1764842220.4772472,0,0,-1097,-137.125
1764842220.4812446,0,0,-1799,-224.875
1764842220.4852428,0,0,-110,-13.750
1764842220.489249,1,1,1510,188.750
1764842220.4932418,0,0,1802,225.250
1764842220.497248,0,0,-1162,-145.250
1764842220.5012443,0,0,-1827,-228.375
1764842220.5052447,0,0,119,14.875
1764842220.5092485,1,1,1669,208.625
1764842220.5132473,0,0,1990,248.750
1764842220.5172436,0,0,-1098,-137.250
1764842220.521246,0,0,-1808,-226.000
1764842220.5252302,0,0,-62,-7.750
1764842220.5292432,1,1,1633,204.125
1764842220.5332415,0,0,2153,269.125
1764842220.5372386,0,0,-1014,-126.750
1764842220.5412307,0,0,-1742,-217.750
1764842220.5452273,0,0,-313,-39.125
1764842220.549247,1,1,1569,196.125
1764842220.553243,0,0,2342,292.750
1764842220.557247,0,0,-1078,-134.750
1764842220.5612462,0,0,-1871,-233.875
1764842220.5652454,0,0,246,30.750
1764842220.5692503,1,1,1907,238.375
1764842220.5732424,0,0,2492,311.500
1764842220.5772464,0,0,-846,-105.750
1764842220.5812414,0,0,-1768,-221.000
1764842220.5852451,0,0,-268,-33.500
1764842220.5893319,1,1,1648,206.000
1764842220.5932558,0,0,2548,318.500
1764842220.5972424,0,0,-809,-101.125
1764842220.601228,0,0,-1766,-220.750
1764842220.6052299,0,0,-278,-34.750
1764842220.6092494,1,1,1686,210.750
1764842220.6132455,0,0,2661,332.625
1764842220.6172404,0,0,-701,-87.625
1764842220.6212664,0,0,-1786,-223.250
1764842220.6252294,0,0,-266,-33.250
1764842220.629248,1,1,1722,215.250
1764842220.6332438,0,0,2746,343.250
1764842220.6372464,0,0,-675,-84.375
1764842220.6412404,0,0,-1898,-237.250
1764842220.6452403,0,0,-33,-4.125
1764842220.649252,1,1,1905,238.125
1764842220.6532445,0,0,2855,356.875
1764842220.6572475,0,0,-518,-64.750
1764842220.6612415,0,0,-1831,-228.875
1764842220.6652405,0,0,-321,-40.125
1764842220.6692462,1,1,1722,215.250
1764842220.673243,0,0,2847,355.875
1764842220.677246,0,0,-356,-44.500
1764842220.6812413,0,0,-1811,-226.375
1764842220.685242,0,0,-429,-53.625
1764842220.6892471,1,1,1668,208.500
1764842220.6932414,0,0,2866,358.250
1764842220.6972458,0,0,-169,-21.125
1764842220.7012398,0,0,-1676,-209.500
1764842220.7052386,0,0,-662,-82.750
1764842220.7092388,1,1,1529,191.125
1764842220.7132409,0,0,2867,358.375
1764842220.717248,0,0,55,6.875
1764842220.721253,0,0,-1814,-226.750
1764842220.725239,0,0,-580,-72.500
1764842220.7292438,1,1,1620,202.500
1764842220.733242,0,0,2934,366.750
1764842220.7372446,0,0,395,49.375
1764842220.7412415,0,0,-2200,-275.000
1764842220.745253,0,0,-257,-32.125
1764842220.74925,1,1,1812,226.500
1764842220.753241,0,0,2971,371.375
1764842220.7572389,0,0,520,65.000
1764842220.761226,0,0,-2140,-267.500
1764842220.7652247,0,0,-814,-101.750
1764842220.7692409,1,1,1410,176.250
1764842220.7732413,0,0,2842,355.250
1764842220.7772377,0,0,801,100.125
1764842220.7812252,0,0,-2205,-275.625
1764842220.7852244,0,0,-378,-47.250
1764842220.789327,1,1,1728,216.000
1764842220.7932477,0,0,2934,366.750
1764842220.7972455,0,0,1052,131.500
1764842220.801242,0,0,-1946,-243.250
1764842220.805241,0,0,76,9.500
1764842220.8092346,1,1,2052,256.500
1764842220.8132248,0,0,3024,378.000
1764842220.8172555,0,0,1161,145.125
1764842220.821281,0,0,-2186,-273.250
1764842220.8252437,0,0,-456,-57.000
1764842220.8292415,1,1,1673,209.125
1764842220.833239,0,0,2872,359.000
1764842220.8372438,0,0,1354,169.250
1764842220.8412416,0,0,-2072,-259.000
1764842220.8452423,0,0,-315,-39.375
1764842220.8492463,1,1,1763,220.375
1764842220.8532398,0,0,2886,360.750
1764842220.8572435,0,0,1413,176.625
1764842220.86124,0,0,-2071,-258.875
1764842220.8652513,0,0,-1116,-139.500
1764842220.8692348,1,1,1201,150.125
1764842220.8732264,0,0,2698,337.250
1764842220.8772535,0,0,1728,216.000
1764842220.881238,0,0,-2023,-252.875
1764842220.8852422,0,0,-492,-61.500
1764842220.8892353,1,1,1634,204.250
1764842220.8932252,0,0,2802,350.250
1764842220.8972743,0,0,1892,236.500
1764842220.9012399,0,0,-1683,-210.375
1764842220.9052396,0,0,1968,246.000
1764842220.9092388,1,1,2883,360.375
1764842220.9132388,0,0,1915,239.375
1764842220.9172413,0,0,-2167,-270.875
1764842220.921236,0,0,-1167,-145.875
1764842220.9253469,0,0,1080,135.000
1764842220.9292798,1,1,2529,316.125
1764842220.9332635,0,0,2091,261.375
1764842220.937308,0,0,-1727,-215.875
1764842220.9412827,0,0,-267,-33.375
1764842220.9452798,0,0,1827,228.375
1764842220.9492826,1,1,2816,352.000
1764842220.9532862,0,0,2202,275.250
1764842220.9572902,0,0,-1744,-218.000
1764842220.9612842,0,0,-319,-39.875
1764842220.9652781,0,0,1836,229.500
1764842220.9692864,1,1,2810,351.250
1764842220.9732833,0,0,2294,286.750
1764842220.9773364,0,0,-1751,-218.875
1764842220.9816637,0,0,-522,-65.250
1764842220.985412,0,0,1669,208.625
1764842220.9961343,0,0,2395,299.375
1764842220.9980583,0,0,-1340,-167.500
1764842221.001289,0,0,26,3.250
1764842221.0053003,0,0,2075,259.375
1764842221.009299,1,1,2829,353.625
1764842221.0132833,0,0,2459,307.375
1764842221.0172858,0,0,-1088,-136.000
1764842221.0212853,0,0,-1750,-218.750
1764842221.0253677,0,0,488,61.000
1764842221.0292292,1,1,2325,290.625
1764842221.0332224,0,0,2481,310.125
1764842221.0372488,0,0,-1102,-137.750
1764842221.0412393,0,0,-885,-110.625
1764842221.0452404,0,0,-846,-105.750
1764842221.0492408,1,1,-1540,-192.500
1764842221.0532346,1,0,16,2.000
1764842221.0572379,0,0,-1112,-139.000
1764842221.0612366,0,0,-832,-104.000
1764842221.0652359,0,0,-804,-100.500
1764842221.069238,1,1,-1520,-190.000
1764842221.0732372,0,0,149,18.625
1764842221.0772562,0,0,-1223,-152.875
1764842221.0812402,0,0,-867,-108.375
1764842221.0852373,0,0,-821,-102.625
1764842221.08924,1,1,-1494,-186.750
1764842221.0932384,0,0,-6,-0.750
1764842221.097233,0,0,-1322,-165.250
1764842221.1012237,0,0,-812,-101.500
1764842221.105222,0,0,-807,-100.875
1764842221.1092432,1,1,-1571,-196.375
1764842221.1132336,0,0,708,88.500
1764842221.117239,0,0,-1262,-157.750
1764842221.1212375,0,0,-807,-100.875
1764842221.1252742,0,0,-1253,-156.625
1764842221.1292465,1,1,-858,-107.250
1764842221.133236,0,0,3421,427.625
1764842221.1372383,0,0,225,28.125
1764842221.1412342,0,0,-1382,-172.750
1764842221.1452365,0,0,-1043,-130.375
1764842221.149228,0,1,-1345,-168.125
1764842221.1532202,0,0,2864,358.000
1764842221.1572478,0,0,155,19.375
1764842221.1612325,0,0,-1526,-190.750
1764842221.1652384,0,0,-888,-111.000
1764842221.1692445,0,1,-1714,-214.250
1764842221.1732385,1,1,1650,206.250
1764842221.1772368,0,0,-138,-17.250
1764842221.1812363,0,0,-1695,-211.875
1764842221.185237,0,0,-958,-119.750
1764842221.189236,0,0,-1780,-222.500
1764842221.193315,0,0,1621,202.625
1764842221.1972485,0,0,244,30.500
1764842221.2012212,0,0,-2086,-260.750
1764842221.2052164,0,0,-1079,-134.875
1764842221.2092373,0,0,-1881,-235.125
1764842221.213238,0,0,1722,215.250
1764842221.2172322,0,0,664,83.000
1764842221.221218,0,0,-2151,-268.875
1764842221.2252533,0,0,-1838,-229.750
1764842221.229242,0,0,-1807,-225.875
1764842221.233238,0,0,2167,270.875
1764842221.2372434,0,0,1310,163.750
1764842221.2412374,0,0,-1978,-247.250
1764842221.2452343,0,0,-2234,-279.250
1764842221.249241,0,0,-1805,-225.625
1764842221.2532372,0,0,2180,272.500
1764842221.2572405,0,0,1650,206.250
1764842221.261235,0,0,-1838,-229.750
1764842221.2652328,0,0,-2320,-290.000
1764842221.2692344,0,0,-1845,-230.625
1764842221.2732337,0,0,2073,259.125
1764842221.2772377,0,0,1943,242.875
1764842221.2812355,0,0,-1696,-212.000
1764842221.2852323,0,0,-2340,-292.500
1764842221.289229,0,0,-1792,-224.000
1764842221.2932186,0,0,2171,271.375
1764842221.2972505,0,0,2378,297.250
1764842221.3012364,0,0,-1506,-188.250
1764842221.3052332,0,0,-2335,-291.875
1764842221.3092322,0,0,-1417,-177.125
1764842221.3132308,1,1,2864,358.000
1764842221.3172388,0,0,3155,394.375
1764842221.3212361,0,0,-1225,-153.125
1764842221.32527,0,0,-2309,-288.625
1764842221.329236,0,0,-1548,-193.500
1764842221.3332176,1,1,2595,324.375
1764842221.3372505,0,0,3313,414.125
1764842221.3412359,0,0,-1115,-139.375
1764842221.3452353,0,0,-2288,-286.000
1764842221.3492222,0,0,-1417,-177.125
1764842221.3532147,1,0,2787,348.375
1764842221.3572524,0,0,3749,468.625
1764842221.3612342,0,0,-922,-115.250
1764842221.3652322,0,0,-2260,-282.500
1764842221.3692534,0,0,-1355,-169.375
1764842221.373232,1,0,2850,356.250
1764842221.3772357,0,0,4103,512.875
1764842221.3812342,0,0,-746,-93.250
1764842221.385232,0,0,-2226,-278.250
1764842221.3892355,0,0,-1162,-145.250
1764842221.393309,1,1,3116,389.500
1764842221.397247,0,0,4595,574.375
1764842221.4012184,0,0,-515,-64.375
1764842221.4052165,0,0,-2193,-274.125
1764842221.409237,0,0,-1192,-149.000
1764842221.4132326,1,1,3029,378.625
1764842221.4172282,0,0,4790,598.750
1764842221.421215,0,0,-382,-47.750
1764842221.4252174,0,0,-2159,-269.875
1764842221.4292397,0,0,-905,-113.125
1764842221.4332337,1,1,3398,424.750
1764842221.437229,0,0,5265,658.125
1764842221.4412146,0,0,-165,-20.625
1764842221.4452171,0,0,-2136,-267.000
1764842221.449238,0,0,-995,-124.375
1764842221.4532413,1,1,3246,405.750
1764842221.4572403,0,0,5384,673.000
1764842221.4612298,0,0,-67,-8.375
1764842221.4653945,0,0,-2147,-268.375
1764842221.4692447,0,0,-1261,-157.625
1764842221.473234,1,1,2835,354.375
1764842221.477236,0,0,5312,664.000
1764842221.4812307,0,0,-32,-4.000
1764842221.4852285,0,0,-2161,-270.125
1764842221.4892266,0,0,-1539,-192.375
1764842221.4932163,1,1,2359,294.875
1764842221.4972475,0,0,5208,651.000
1764842221.5012288,0,0,40,5.000
1764842221.505229,0,0,-2153,-269.125
1764842221.5092301,0,0,-1599,-199.875
1764842221.51323,1,1,2230,278.750
1764842221.5172336,0,0,5255,656.875
1764842221.5212286,0,0,116,14.500
1764842221.525231,0,0,-2145,-268.125
1764842221.5292704,0,0,915,114.375
1764842221.5332296,1,1,4442,555.250
1764842221.5372262,0,0,-18,-2.250
1764842221.541217,0,0,-2158,-269.750
1764842221.545211,0,0,-1851,-231.375
1764842221.5492308,0,0,1653,206.625
1764842221.5532293,1,1,5188,648.500
1764842221.5572357,0,0,352,44.000
1764842221.5612295,0,0,-2085,-260.625
1764842221.5652268,0,0,-2242,-280.250
1764842221.5692341,0,0,320,40.000
1764842221.5732288,1,1,4197,524.625
1764842221.5772343,0,0,123,15.375
1764842221.5812292,0,0,-2116,-264.500
1764842221.5852284,0,0,-2326,-290.750
1764842221.58923,0,0,-377,-47.125
1764842221.5933042,1,1,3667,458.375
1764842221.5972445,0,0,127,15.875
1764842221.601217,0,0,-2087,-260.875
1764842221.605216,0,0,-2224,-278.000
1764842221.6092339,0,0,299,37.375
1764842221.6132295,1,1,4523,565.375
1764842221.6172266,0,0,713,89.125
1764842221.6212168,0,0,-1942,-242.750
1764842221.6252136,0,0,-2100,-262.500
1764842221.6292324,0,0,741,92.625
1764842221.6332285,1,1,5059,632.375
1764842221.6372325,0,0,1143,142.875
1764842221.6412318,0,0,-1834,-229.250
1764842221.6452303,0,0,-2053,-256.625
1764842221.6492386,0,0,855,106.875
1764842221.6532311,1,1,5259,657.375
1764842221.657233,0,0,1441,180.125
1764842221.6612308,0,0,-1765,-220.625
1764842221.665239,0,0,-2128,-266.000
1764842221.6692247,0,0,546,68.250
1764842221.673213,1,1,5052,631.500
1764842221.6772559,0,0,1584,198.000
1764842221.6812303,0,0,-1732,-216.500
1764842221.6852314,0,0,-2173,-271.625
1764842221.6892254,0,0,339,42.375
1764842221.6932166,1,1,4922,615.250
1764842221.6972482,0,0,1813,226.625
1764842221.7012274,0,0,-1674,-209.250
1764842221.705232,0,0,-2071,-258.875
1764842221.7092316,0,0,717,89.625
1764842221.7132318,1,1,5321,665.125
1764842221.7172325,0,0,2209,276.125
1764842221.7212253,0,0,-1579,-197.375
1764842221.725229,0,0,-2240,-280.000
1764842221.7292717,0,0,-91,-11.375
1764842221.7332299,1,1,4559,569.875
1764842221.7372284,0,0,2107,263.375
1764842221.741227,0,0,-1605,-200.625
1764842221.745225,0,0,-2279,-284.875
1764842221.7492275,0,0,-368,-46.000
1764842221.7532263,1,1,4284,535.500
1764842221.7572322,0,0,2293,286.625
1764842221.7612233,0,0,-1543,-192.875
1764842221.765223,0,0,-2287,-285.875
1764842221.7692344,0,0,-527,-65.875
1764842221.773228,1,1,4114,514.250
1764842221.7772326,0,0,2498,312.250
1764842221.7812235,0,0,-1472,-184.000
1764842221.7852244,0,0,-2256,-282.000
1764842221.789216,0,0,-308,-38.500
1764842221.7933006,1,1,4367,545.875
1764842221.7972581,0,0,2923,365.375
1764842221.8012323,0,0,-1342,-167.750
1764842221.8052285,0,0,-2265,-283.125
1764842221.8092275,0,0,-502,-62.750
1764842221.8132255,1,1,4136,517.000
1764842221.8172247,0,0,3122,390.250
1764842221.8212142,0,0,-1270,-158.750
1764842221.8252096,0,0,-2270,-283.750
1764842221.829228,0,0,-640,-80.000
1764842221.8332627,1,1,3957,494.625
1764842221.8372333,0,0,3291,411.375
1764842221.841227,0,0,-1205,-150.625
1764842221.8452244,0,0,-2290,-286.250
1764842221.8492327,0,0,-1093,-136.625
1764842221.853224,1,1,3344,418.000
1764842221.8572314,0,0,3275,409.375
1764842221.8612251,0,0,-1174,-146.750
1764842221.8652265,0,0,-2281,-285.125
1764842221.8692257,0,0,-1018,-127.250
1764842221.873223,1,1,3430,428.750
1764842221.8772292,0,0,3622,452.750
1764842221.8812366,0,0,-1034,-129.250
1764842221.8852239,0,0,-2269,-283.625
1764842221.8892288,0,0,-1187,-148.375
1764842221.8932238,1,1,3161,395.125
1764842221.8972573,0,0,3634,454.250
1764842221.9012258,0,0,-1012,-126.500
1764842221.9052248,0,0,-2274,-284.250
1764842221.9092147,0,0,-2095,-261.875
1764842221.9132078,1,1,1230,153.750
1764842221.917245,0,0,2573,321.625
1764842221.921222,0,0,-1271,-158.875
1764842221.9252264,0,0,-2290,-286.250
1764842221.9292276,0,0,-2118,-264.750
1764842221.9332442,1,1,1091,136.375
1764842221.9372454,0,0,2758,344.750
1764842221.9412096,0,0,-1126,-140.750
1764842221.9452078,0,0,-2253,-281.625
1764842221.9492118,0,0,-2101,-262.625
1764842221.9532087,1,1,1083,135.375
1764842221.9572506,0,0,3050,381.250
1764842221.9612224,0,0,-941,-117.625
1764842221.9652262,0,0,-2205,-275.625
1764842221.9692285,0,0,-2086,-260.750
1764842221.9732273,1,1,1059,132.375
1764842221.9773006,0,0,3280,410.000
1764842221.9815848,0,0,-781,-97.625
1764842221.985303,0,0,-2157,-269.625
1764842221.9892373,0,0,-2150,-268.750
1764842221.9986475,0,0,-734,-91.750
1764842222.0012457,0,0,-734,-91.750
1764842222.005227,0,0,-2127,-265.875
1764842222.0092325,0,0,-2294,-286.750
1764842222.0132256,1,1,-354,-44.250
1764842222.0172584,0,0,2287,285.875
1764842222.0212245,0,0,-963,-120.375
1764842222.025222,0,0,-2140,-267.500
1764842222.029226,0,0,-2295,-286.875
1764842222.0332618,1,1,-740,-92.500
1764842222.0372396,0,0,1975,246.875
1764842222.041227,0,0,-973,-121.625
1764842222.0452218,0,0,-2104,-263.000
1764842222.049228,0,0,-2272,-284.000
1764842222.053226,1,1,-905,-113.125
1764842222.057229,0,0,1937,242.125
1764842222.0612226,0,0,-872,-109.000
1764842222.06522,0,0,-2041,-255.125
1764842222.0692232,0,0,-2240,-280.000
1764842222.0732255,1,1,-905,-113.125
1764842222.077227,0,0,2126,265.750
1764842222.0812082,0,0,-681,-85.125
1764842222.0852036,0,0,-1957,-244.625
1764842222.089226,0,0,-2205,-275.625
1764842222.0932248,1,1,-1186,-148.250
1764842222.0972211,0,0,1782,222.750
1764842222.1012082,0,0,-717,-89.625
1764842222.1052039,0,0,-1925,-240.625
1764842222.1092165,0,0,-2172,-271.500
1764842222.1132064,1,1,-1403,-175.375
1764842222.1172564,0,0,1488,186.000
1764842222.1212292,0,0,-723,-90.375
1764842222.1252215,0,0,-1882,-235.250
1764842222.1292293,0,0,-2132,-266.500
1764842222.1332219,1,1,-1625,-203.125
1764842222.1372647,0,0,1037,129.625
1764842222.1412244,0,0,-809,-101.125
1764842222.1452253,0,0,-1856,-232.000
1764842222.1492229,0,0,-1789,-223.625
1764842222.1532192,1,1,570,71.250
1764842222.1572516,0,0,-911,-113.875
1764842222.161223,0,0,-1831,-228.875
1764842222.165223,0,0,-2044,-255.500
1764842222.1692297,0,0,-1889,-236.125
1764842222.1732209,1,1,118,14.750
1764842222.1772516,0,0,-1016,-127.000
1764842222.1812232,0,0,-1803,-225.375
1764842222.1852224,0,0,-1987,-248.375
1764842222.189216,0,0,-1984,-248.000
1764842222.1932049,1,1,-813,-101.625
1764842222.1973355,0,0,-1374,-171.750
1764842222.20124,0,0,-1834,-229.250
1764842222.2052276,0,0,-1935,-241.875
1764842222.2092233,0,0,-1881,-235.125
1764842222.2132056,1,1,-296,-37.000
1764842222.2172513,0,0,-985,-123.125
1764842222.221222,0,0,-1673,-209.125
1764842222.2252228,0,0,-1844,-230.500
1764842222.2292106,0,0,-1847,-230.875
1764842222.2332034,1,1,-569,-71.125
1764842222.237241,0,0,-1035,-129.375
1764842222.2412226,0,0,-1632,-204.000
1764842222.2452223,0,0,-1782,-222.750
1764842222.2492304,0,0,-1805,-225.625
1764842222.253223,1,1,-983,-122.875
1764842222.2572498,0,0,-1121,-140.125
1764842222.261218,0,0,-1599,-199.875
1764842222.2652209,0,0,-1700,-212.500
1764842222.2692246,0,0,-227,-28.375
1764842222.2732224,1,1,4316,539.500
1764842222.2772424,0,0,2581,322.625
1764842222.281219,0,0,-519,-64.875
1764842222.2852197,0,0,-1434,-179.250
1764842222.2892177,0,0,-659,-82.375
1764842222.2932062,1,1,3590,448.750
1764842222.2972374,0,0,2328,291.000
1764842222.301219,0,0,-617,-77.125
1764842222.3052163,0,0,-1455,-181.875
1764842222.3092186,0,0,-22,-2.750
1764842222.313219,1,1,4605,575.625
1764842222.3172483,0,0,3682,460.250
1764842222.321218,0,0,-70,-8.750
1764842222.3252168,0,0,1036,129.500
1764842222.3292277,0,0,4946,618.250
1764842222.333222,1,1,8811,1101.375
1764842222.3373592,0,0,5410,676.250
1764842222.3412702,0,0,156,19.500
1764842222.3452675,0,0,-1229,-153.625
1764842222.3492515,0,0,950,118.750
1764842222.3532457,1,1,5734,716.750
1764842222.3572845,0,0,4854,606.750
1764842222.3612628,0,0,80,10.000
1764842222.3652608,0,0,616,77.000
1764842222.3692558,0,0,4358,544.750
1764842222.3732457,1,1,8348,1043.500
1764842222.3772933,0,0,5289,661.125
1764842222.3812647,0,0,-91,-11.375
1764842222.3852642,0,0,-1712,-214.000
1764842222.3892646,0,0,-2000,-250.000
1764842222.3932598,1,1,283,35.375
1764842222.3973644,0,0,1150,143.750
1764842222.401279,0,0,-1273,-159.125
1764842222.4052656,0,0,-599,-74.875
1764842222.4092612,0,0,3194,399.250
1764842222.413246,1,1,7563,945.375
1764842222.4172893,0,0,5968,746.000
1764842222.4212651,0,0,157,19.625
1764842222.4252636,0,0,-860,-107.500
1764842222.4292464,0,0,2204,275.500
1764842222.4332423,1,1,6736,842.000
1764842222.4372885,0,0,5780,722.500
1764842222.4412234,0,0,31,3.875
1764842222.4452193,0,0,-1220,-152.500
1764842222.4492235,0,0,1588,198.500
1764842222.4532175,1,1,6204,775.500
1764842222.4572544,0,0,5779,722.375
1764842222.4612021,0,0,-5,-0.625
1764842222.4652026,0,0,-1345,-168.125
1764842222.4692235,0,0,1393,174.125
1764842222.473216,1,1,5997,749.625
1764842222.4772408,0,0,5820,727.500
1764842222.4812193,0,0,-41,-5.125
1764842222.4852288,0,0,-1757,-219.625
1764842222.4892185,0,0,339,42.375
1764842222.4932015,1,1,5013,626.625
1764842222.4972398,0,0,5647,705.875
1764842222.5012155,0,0,-70,-8.750
1764842222.5052183,0,0,-1527,-190.875
1764842222.5092075,0,0,1128,141.000
1764842222.5132022,1,1,5689,711.125
1764842222.517234,0,0,6180,772.500
1764842222.521216,0,0,90,11.250
1764842222.525218,0,0,-1846,-230.750
1764842222.5292268,0,0,158,19.750
1764842222.5332215,1,1,4760,595.000
1764842222.5372736,0,0,5915,739.375
1764842222.5412018,0,0,21,2.625
1764842222.5452032,0,0,-2000,-250.000
1764842222.549222,0,0,-334,-41.750
1764842222.553218,1,1,4225,528.125
1764842222.557245,0,0,5817,727.125
1764842222.5612152,0,0,23,2.875
1764842222.5652156,0,0,-2057,-257.125
1764842222.5692255,0,0,-545,-68.125
1764842222.5732183,1,1,3962,495.250
1764842222.5772417,0,0,5930,741.250
1764842222.5812163,0,0,144,18.000
1764842222.5852177,0,0,-2001,-250.125
1764842222.5892212,0,0,-247,-30.875
1764842222.593216,1,1,4248,531.000
1764842222.5973353,0,0,6241,780.125
1764842222.60123,0,0,287,35.875
1764842222.605216,0,0,-2107,-263.375
1764842222.6092145,0,0,-1069,-133.625
1764842222.6132054,1,1,3260,407.500
1764842222.6172419,0,0,5892,736.500
1764842222.6212199,0,0,284,35.500
1764842222.6252158,0,0,-2099,-262.375
1764842222.6292064,0,0,-804,-100.500
1764842222.6332002,1,1,3565,445.625
1764842222.6372867,0,0,6247,780.875
1764842222.6412227,0,0,498,62.250
1764842222.6452162,0,0,-2123,-265.375
1764842222.6492207,0,0,-1492,-186.500
1764842222.6532192,1,1,2585,323.125
1764842222.657248,0,0,5785,723.125
1764842222.6612165,0,0,446,55.750
1764842222.6652153,0,0,-2140,-267.500
1764842222.6692157,0,0,-1468,-183.500
1764842222.6732125,1,1,2603,325.375
1764842222.6772442,0,0,5958,744.750
1764842222.6812162,0,0,645,80.625
1764842222.6852157,0,0,-2108,-263.500
1764842222.689223,0,0,-1379,-172.375
1764842222.6932154,1,1,2701,337.625
1764842222.69724,0,0,6167,770.875
1764842222.7012172,0,0,869,108.625
1764842222.705216,0,0,-2084,-260.500
1764842222.7092133,0,0,-1584,-198.000
1764842222.7132115,1,1,2342,292.750
1764842222.717236,0,0,6059,757.375
1764842222.7212145,0,0,993,124.125
1764842222.7252147,0,0,-2071,-258.875
1764842222.7292206,0,0,-1677,-209.625
1764842222.733214,1,1,2147,268.375
1764842222.7372372,0,0,6040,755.000
1764842222.7412288,0,0,1162,145.250
1764842222.7452164,0,0,-2049,-256.125
1764842222.749215,0,0,-1985,-248.125
1764842222.753215,1,1,1464,183.000
1764842222.7572458,0,0,5668,708.500
1764842222.761202,0,0,1284,160.500
1764842222.7651987,0,0,-2025,-253.125
1764842222.7692175,0,0,1800,225.000
1764842222.7732105,1,1,6008,751.000
1764842222.7772279,0,0,1665,208.125
1764842222.7811959,0,0,-1952,-244.000
1764842222.785199,0,0,-1853,-231.625
1764842222.7892177,0,0,1692,211.500
1764842222.7932148,1,1,5990,748.750
1764842222.7973237,0,0,1878,234.750
1764842222.8012247,0,0,-1917,-239.625
1764842222.8052132,0,0,-2136,-267.000
1764842222.80922,0,0,918,114.750
1764842222.813215,1,1,5446,680.750
1764842222.8172283,0,0,1919,239.875
1764842222.8211958,0,0,-1907,-238.375
1764842222.8251963,0,0,-2090,-261.250
1764842222.8292186,0,0,1040,130.000
1764842222.833216,1,1,5591,698.875
1764842222.8372388,0,0,2260,282.500
1764842222.8412516,0,0,-1829,-228.625
1764842222.8452137,0,0,-2188,-273.500
1764842222.84922,0,0,654,81.750
1764842222.853216,1,1,5302,662.750
1764842222.857249,0,0,2423,302.875
1764842222.8612232,0,0,-1788,-223.500
1764842222.865213,0,0,-2209,-276.125
1764842222.869206,0,0,537,67.125
1764842222.873199,1,1,5222,652.750
1764842222.8772378,0,0,2683,335.375
1764842222.8812144,0,0,-1718,-214.750
1764842222.8852105,0,0,-2266,-283.250
1764842222.8892071,0,0,218,27.250
1764842222.8932009,1,1,4956,619.500
1764842222.897237,0,0,3023,377.875
1764842222.901214,0,0,-1611,-201.375
1764842222.9052215,0,0,-2175,-271.875
1764842222.9092114,0,0,600,75.000
1764842222.9132123,1,1,5296,662.000
1764842222.917237,0,0,3320,415.000
1764842222.9212127,0,0,-1537,-192.125
1764842222.9252086,0,0,-2307,-288.375
1764842222.9292154,0,0,-145,-18.125
1764842222.933195,1,1,4621,577.625
1764842222.9372344,0,0,3230,403.750
1764842222.941245,0,0,-1547,-193.375
1764842222.9452116,0,0,-2263,-282.875
1764842222.9492133,0,0,-1207,-150.875
1764842222.9532087,1,1,3336,417.000
1764842222.9572499,0,0,2953,369.125
1764842222.9612129,0,0,-1559,-194.875
1764842222.9652123,0,0,-2319,-289.875
1764842222.969206,0,0,-312,-39.000
1764842222.973193,1,1,4433,554.125
1764842222.977291,0,0,3855,481.875
1764842222.9815657,0,0,-1271,-158.875
1764842222.985281,0,0,-2335,-291.875
1764842222.9892192,0,0,-697,-87.125
1764842222.9932103,1,1,3994,499.250
1764842223.0026078,0,0,-1209,-151.125
1764842223.005236,0,0,-2329,-291.125
1764842223.0092242,0,0,-651,-81.375
1764842223.013209,1,1,4030,503.750
1764842223.0172453,0,0,4218,527.250
1764842223.021214,0,0,-1079,-134.875
1764842223.0252132,0,0,-2328,-291.000
1764842223.0292058,0,0,-1170,-146.250
1764842223.0331945,1,1,3359,419.875
1764842223.037234,0,0,4111,513.875
1764842223.0412111,0,0,-1053,-131.625
1764842223.0452566,0,0,-2320,-290.000
1764842223.0492156,0,0,-1411,-176.375
1764842223.0532076,1,1,2976,372.000
1764842223.0572393,0,0,4204,525.500
1764842223.0612087,0,0,-938,-117.250
1764842223.0652087,0,0,-2318,-289.750
1764842223.0692108,0,0,-1429,-178.625
1764842223.0732105,1,1,2930,366.250
1764842223.0772305,0,0,4467,558.375
1764842223.0812109,0,0,-767,-95.875
1764842223.0852141,0,0,-2308,-288.500
1764842223.0892222,0,0,-1382,-172.750
1764842223.0932143,1,1,2982,372.750
1764842223.097235,0,0,4773,596.625
1764842223.1012099,0,0,-579,-72.375
1764842223.10521,0,0,-2285,-285.625
1764842223.1092143,0,0,-1626,-203.250
1764842223.1132123,1,1,2539,317.375
1764842223.1172376,0,0,4705,588.125
1764842223.1212134,0,0,-519,-64.875
1764842223.125222,0,0,-2274,-284.250
1764842223.129214,0,0,-1853,-231.625
1764842223.133197,1,1,2038,254.750
1764842223.137241,0,0,4609,576.125
1764842223.141212,0,0,-434,-54.250
1764842223.1452467,0,0,-2260,-282.500
1764842223.1492002,0,0,-1873,-234.125
1764842223.1531966,1,1,1965,245.625
1764842223.1572475,0,0,4760,595.000
1764842223.1612134,0,0,-280,-35.000
1764842223.1652117,0,0,-2235,-279.375
1764842223.1692169,0,0,-2016,-252.000
1764842223.173211,1,1,1544,193.000
1764842223.1772354,0,0,4698,587.250
1764842223.1812117,0,0,-145,-18.125
1764842223.1852093,0,0,-2206,-275.750
1764842223.1892102,0,0,-2032,-254.000
1764842223.19321,1,1,1472,184.000
1764842223.1972349,0,0,4885,610.625
1764842223.2012887,0,0,93,11.625
1764842223.2052255,0,0,-2159,-269.875
1764842223.2092106,0,0,-2023,-252.875
1764842223.2131963,1,1,1472,184.000
1764842223.2172372,0,0,5086,635.750
1764842223.2212112,0,0,324,40.500
1764842223.2252083,0,0,-2111,-263.875
1764842223.2291982,0,0,-1991,-248.875
1764842223.233191,1,1,1533,191.625
1764842223.2372365,0,0,5310,663.750
1764842223.2412117,0,0,570,71.250
1764842223.245225,0,0,-2058,-257.250
1764842223.24922,0,0,-2017,-252.125
1764842223.2532089,1,1,1428,178.500
1764842223.2572477,0,0,5376,672.000
1764842223.2612119,0,0,754,94.250
1764842223.265211,0,0,-2018,-252.250
1764842223.2692113,0,0,-2115,-264.375
1764842223.2732072,1,1,1084,135.500
1764842223.2772324,0,0,5222,652.750
1764842223.2812102,0,0,861,107.625
1764842223.2852106,0,0,-1990,-248.750
1764842223.2892072,0,0,-2186,-273.250
1764842223.293191,1,1,773,96.625
1764842223.2972288,0,0,5089,636.125
1764842223.3012109,0,0,1023,127.875
1764842223.30521,0,0,-1947,-243.375
1764842223.3092105,0,0,-2201,-275.125
1764842223.3132071,1,1,671,83.875
1764842223.3172345,0,0,5105,638.125
1764842223.3212075,0,0,1245,155.625
1764842223.3252108,0,0,-1890,-236.250
1764842223.3292167,0,0,-2233,-279.125
1764842223.3332102,1,1,473,59.125
1764842223.3372328,0,0,5020,627.500
1764842223.3412075,0,0,1456,182.000
1764842223.34521,0,0,-1832,-229.000
1764842223.3492112,0,0,-2227,-278.375
1764842223.3532088,1,1,459,57.375
1764842223.3572364,0,0,5093,636.625
1764842223.3613734,0,0,1765,220.625
1764842223.3652306,0,0,-1752,-219.000
1764842223.3692083,0,0,-2255,-281.875
1764842223.3731952,1,1,247,30.875
1764842223.3772373,0,0,4946,618.250
1764842223.381207,0,0,2008,251.000
1764842223.3852067,0,0,-1684,-210.500
1764842223.3892007,0,0,550,68.750
1764842223.3931937,1,1,5288,661.000
1764842223.397245,0,0,2459,307.375
1764842223.40129,0,0,-1568,-196.000
1764842223.4052227,0,0,-2187,-273.375
1764842223.409209,0,0,465,58.125
1764842223.4131925,1,1,5232,654.000
1764842223.4172506,0,0,2735,341.875
1764842223.421206,0,0,-1497,-187.125
1764842223.4252045,0,0,-2150,-268.750
1764842223.4291968,0,0,559,69.875
1764842223.4331925,1,1,5326,665.750
1764842223.437228,0,0,3057,382.125
1764842223.4412088,0,0,-1417,-177.125
1764842223.445205,0,0,-2261,-282.625
1764842223.4492507,0,0,-6,-0.750
1764842223.4532092,1,1,4796,599.500
1764842223.4572487,0,0,3123,390.375
1764842223.4612093,0,0,-1393,-174.125
1764842223.4652045,0,0,-2257,-282.125
1764842223.4692066,0,0,-6,-0.750
1764842223.4732132,1,1,4797,599.625
1764842223.4772363,0,0,3430,428.750
1764842223.4811952,0,0,-1296,-162.000
1764842223.485189,0,0,-2204,-275.500
1764842223.4892113,0,0,201,25.125
1764842223.4932063,1,1,4988,623.500
1764842223.497224,0,0,3830,478.750
1764842223.5011928,0,0,-1176,-147.000
1764842223.5051935,0,0,-2292,-286.500
1764842223.5092056,0,0,-415,-51.875
1764842223.5132055,1,1,4350,543.750
1764842223.517248,0,0,3855,481.875
1764842223.5212085,0,0,-1141,-142.625
1764842223.5252085,0,0,-2213,-276.625
1764842223.529212,0,0,56,7.000
1764842223.5332046,1,1,4809,601.125
1764842223.5372221,0,0,4408,551.000
1764842223.5411925,0,0,-954,-119.250
1764842223.54519,0,0,-2165,-270.625
1764842223.5492234,0,0,172,21.500
1764842223.553204,1,1,4891,611.375
1764842223.5572371,0,0,4638,579.750
1764842223.5612044,0,0,-886,-110.750
1764842223.5652044,0,0,-2276,-284.500
1764842223.569214,0,0,-475,-59.375
1764842223.5732057,1,1,4207,525.875
1764842223.5772305,0,0,4653,581.625
1764842223.5812047,0,0,-824,-103.000
1764842223.5852058,0,0,-2234,-279.250
1764842223.5892076,0,0,-219,-27.375
1764842223.5932016,1,1,4443,555.375
1764842223.5972285,0,0,5036,629.500
1764842223.601288,0,0,-666,-83.250
1764842223.605222,0,0,-2223,-277.875
1764842223.6092107,0,0,-245,-30.625
1764842223.6131911,1,1,4393,549.125
1764842223.61723,0,0,5265,658.125
1764842223.621204,0,0,-554,-69.250
1764842223.625206,0,0,-2272,-284.000
1764842223.6291957,0,0,-670,-83.750
1764842223.633191,1,1,3913,489.125
1764842223.637227,0,0,5247,655.875
1764842223.6412039,0,0,-503,-62.875
1764842223.645204,0,0,-2296,-287.000
1764842223.6492503,0,0,-1365,-170.625
1764842223.6532068,1,1,2982,372.750
1764842223.657238,0,0,4957,619.625
1764842223.6612036,0,0,-495,-61.875
1764842223.6652021,0,0,-2290,-286.250
1764842223.6692078,0,0,-1016,-127.000
1764842223.6732097,1,1,3428,428.500
1764842223.6772327,0,0,5495,686.875
1764842223.6811883,0,0,-208,-26.000
1764842223.6851864,0,0,-2218,-277.250
1764842223.6892037,0,0,-558,-69.750
1764842223.6932065,1,1,3927,490.875
1764842223.6972308,0,0,5949,743.625
1764842223.701205,0,0,6,0.750
1764842223.7052004,0,0,-2250,-281.250
1764842223.709192,0,0,-1283,-160.375
1764842223.7131882,1,1,3010,376.250
1764842223.7172372,0,0,5680,710.000
1764842223.7212017,0,0,75,9.375
1764842223.7252004,0,0,-2217,-277.125
1764842223.72921,0,0,-788,-98.500
1764842223.7332036,1,1,3594,449.250
1764842223.737229,0,0,6194,774.250
1764842223.7412052,0,0,349,43.625
1764842223.7452009,0,0,-2217,-277.125
1764842223.7492173,0,0,-1462,-182.750
1764842223.753201,1,1,2675,334.375
1764842223.7572355,0,0,5842,730.250
1764842223.7612042,0,0,410,51.250
1764842223.765198,0,0,-2202,-275.250
1764842223.769208,0,0,-1096,-137.000
1764842223.773202,1,1,3154,394.250
1764842223.777228,0,0,6356,794.500
1764842223.781204,0,0,796,99.500
1764842223.7852015,0,0,-2157,-269.625
1764842223.7891932,0,0,-1835,-229.375
1764842223.7931843,1,1,1915,239.375
1764842223.79722,0,0,5454,681.750
1764842223.801283,0,0,275,34.375
1764842223.8052175,0,0,-2191,-273.875
1764842223.8092034,0,0,-1487,-185.875
1764842223.8131845,1,1,-1431,-178.875
1764842223.817235,0,0,2112,264.000
1764842223.8212042,0,0,-861,-107.625
1764842223.8252037,0,0,-2276,-284.500
1764842223.8291903,0,0,-2034,-254.250
1764842223.8331838,1,1,-1432,-179.000
1764842223.8372264,0,0,2281,285.125
1764842223.8412056,0,0,-515,-64.375
1764842223.8452027,0,0,-2267,-283.375
1764842223.849223,0,0,-2299,-287.375
1764842223.8532023,1,1,-1169,-146.125
1764842223.857236,0,0,2873,359.125
1764842223.8612015,0,0,7,0.875
1764842223.865203,0,0,-2158,-269.750
1764842223.8691926,0,0,-2348,-293.500
1764842223.873351,1,1,-1200,-150.000
1764842223.8772433,0,0,2938,367.250
1764842223.8812017,0,0,301,37.625
1764842223.8851998,0,0,-2057,-257.125
1764842223.889205,0,0,-2355,-294.375
1764842223.8932028,1,1,-1130,-141.250
1764842223.8972175,0,0,3141,392.625
1764842223.9011824,0,0,623,77.875
1764842223.9051852,0,0,-1945,-243.125
1764842223.9092045,0,0,-2348,-293.500
1764842223.9131997,1,1,-1514,-189.250
1764842223.9172246,0,0,2524,315.500
1764842223.9211996,0,0,586,73.250
1764842223.9251993,0,0,-1908,-238.500
1764842223.929209,0,0,-2326,-290.750
1764842223.9332042,1,1,-995,-124.375
1764842223.9372294,0,0,3483,435.375
1764842223.9412014,0,0,1407,175.875
1764842223.9452,0,0,-1664,-208.000
1764842223.9491947,0,0,-2295,-286.875
1764842223.9532197,1,1,-992,-124.000
1764842223.9572763,0,0,3527,440.875
1764842223.9612014,0,0,1771,221.375
1764842223.9651976,0,0,-1540,-192.500
1764842223.9692051,0,0,-2257,-282.125
1764842223.9732018,1,1,-712,-89.000
1764842223.9772747,0,0,3955,494.375
1764842223.981555,0,0,-1360,-170.000
1764842223.9852724,0,0,-1360,-170.000
1764842223.989208,0,0,-2224,-278.000
1764842223.9932032,1,1,-629,-78.625
1764842223.9972372,0,0,4076,509.500
1764842224.0065846,0,0,-2193,-274.125
1764842224.0092185,0,0,-484,-60.500
1764842224.0132034,1,1,4270,533.750
1764842224.0172236,0,0,3284,410.500
1764842224.0211875,0,0,-1064,-133.000
1764842224.025182,0,0,-2071,-258.875
1764842224.029198,0,0,164,20.500
1764842224.0331974,1,1,4981,622.625
1764842224.03722,0,0,4075,509.375
1764842224.0411856,0,0,-821,-102.625
1764842224.0452888,0,0,-1895,-236.875
1764842224.049255,0,0,686,85.750
1764842224.0532112,1,1,5438,679.750
1764842224.0572324,0,0,4621,577.625
1764842224.0612004,0,0,-664,-83.000
1764842224.065199,0,0,-1916,-239.500
1764842224.069187,0,0,557,69.625
1764842224.0731802,1,1,5290,661.250
1764842224.0772212,0,0,4703,587.875
1764842224.0812006,0,0,-671,-83.875
1764842224.0851998,0,0,-2131,-266.375
1764842224.0892036,0,0,-285,-35.625
1764842224.0931983,1,1,4434,554.250
1764842224.0972326,0,0,4425,553.125
1764842224.1011999,0,0,-767,-95.875
1764842224.105199,0,0,-2227,-278.375
1764842224.1092024,0,0,-957,-119.625
1764842224.1131964,1,1,3617,452.125
1764842224.1172214,0,0,4202,525.250
1764842224.1211984,0,0,-812,-101.500
1764842224.125199,0,0,-2249,-281.125
1764842224.1292062,0,0,-1227,-153.375
1764842224.133195,1,1,3207,400.875
1764842224.1372266,0,0,4268,533.500
1764842224.1411958,0,0,-737,-92.125
1764842224.1451972,0,0,-2242,-280.250
1764842224.1491985,0,0,-1485,-185.625
1764842224.1532292,1,1,2756,344.500
1764842224.1572318,0,0,4320,540.000
1764842224.1611965,0,0,-635,-79.375
1764842224.1651978,0,0,-2217,-277.125
1764842224.1692057,0,0,-1163,-145.375
1764842224.1731997,1,1,3258,407.250
1764842224.1772215,0,0,5068,633.500
1764842224.1811948,0,0,-264,-33.000
1764842224.1851988,0,0,-2034,-254.250
1764842224.1891875,0,0,-143,-17.875
1764842224.193188,1,1,4431,553.875
1764842224.1972318,0,0,6043,755.375
1764842224.201199,0,0,178,22.250
1764842224.2052755,0,0,-868,-108.500
1764842224.2092147,0,0,2357,294.625
1764842224.2131867,1,1,6460,807.500
1764842224.2172432,0,0,7100,887.500
1764842224.2211976,0,0,484,60.500
1764842224.2251961,0,0,-1332,-166.500
1764842224.2291896,0,0,1491,186.375
1764842224.2331805,1,1,5754,719.250
1764842224.237231,0,0,6993,874.125
1764842224.2411947,0,0,526,65.750
1764842224.2451947,0,0,-1120,-140.000
1764842224.2492025,0,0,1884,235.500
1764842224.253233,1,1,5969,746.125
1764842224.2572322,0,0,7184,898.000
1764842224.2612014,0,0,612,76.500
1764842224.2652001,0,0,-1289,-161.125
1764842224.269185,0,0,1606,200.750
1764842224.2731783,1,1,5694,711.750
1764842224.2772193,0,0,7171,896.375
1764842224.2811959,0,0,649,81.125
1764842224.2851937,0,0,-1636,-204.500
1764842224.2891912,0,0,997,124.625
1764842224.2931807,1,1,5167,645.875
1764842224.2972233,0,0,7063,882.875
1764842224.3011997,0,0,709,88.625
1764842224.3051941,0,0,-1677,-209.625
1764842224.3091958,0,0,943,117.875
1764842224.3131928,1,1,5069,633.625
1764842224.3172214,0,0,7134,891.750
1764842224.3211958,0,0,874,109.250
1764842224.325195,0,0,-1580,-197.500
1764842224.3291998,0,0,1108,138.500
1764842224.3331943,1,1,5141,642.625
1764842224.3372228,0,0,7190,898.750
1764842224.3411963,0,0,881,110.125
1764842224.3451958,0,0,-2146,-268.250
1764842224.3491936,0,0,-318,-39.750
1764842224.353193,1,1,3869,483.625
1764842224.3572435,0,0,6698,837.250
1764842224.3611956,0,0,941,117.625
1764842224.3651943,0,0,-2104,-263.000
1764842224.3692024,0,0,-86,-10.750
1764842224.373194,1,1,4054,506.750
1764842224.3772194,0,0,6871,858.875
1764842224.3811922,0,0,1192,149.000
1764842224.385194,0,0,-2097,-262.125
1764842224.389198,0,0,-148,-18.500
1764842224.393191,1,1,3947,493.375
1764842224.3972178,0,0,6874,859.250
1764842224.4011936,0,0,1400,175.000
1764842224.40528,0,0,-2038,-254.750
1764842224.4092126,0,0,-3,-0.375
1764842224.4131823,1,1,4026,503.250
1764842224.4172223,0,0,6928,866.000
1764842224.421195,0,0,1564,195.500
1764842224.4251966,0,0,-2176,-272.000
1764842224.4291828,0,0,-633,-79.125
1764842224.4331799,1,1,3393,424.125
1764842224.4372168,0,0,6645,830.625
1764842224.441194,0,0,1697,212.125
1764842224.4451964,0,0,-2170,-271.250
1764842224.449202,0,0,-639,-79.875
1764842224.4531934,1,1,3348,418.500
1764842224.4572368,0,0,6646,830.750
1764842224.4611933,0,0,1975,246.875
1764842224.4651916,0,0,-2170,-271.250
1764842224.4691932,0,0,-975,-121.875
1764842224.473191,1,1,2951,368.875
1764842224.4772253,0,0,6443,805.375
1764842224.4811904,0,0,2129,266.125
1764842224.4851894,0,0,-2160,-270.000
1764842224.4891994,0,0,-1052,-131.500
1764842224.4931965,1,1,2834,354.250
1764842224.497219,0,0,6387,798.375
1764842224.5011768,0,0,2364,295.500
1764842224.505174,0,0,-2125,-265.625
1764842224.5091953,0,0,-1275,-159.375
1764842224.5131938,1,1,2528,316.000
1764842224.517222,0,0,6213,776.625
1764842224.5211914,0,0,2572,321.500
1764842224.5251906,0,0,-2045,-255.625
1764842224.529186,0,0,-1522,-190.250
1764842224.5331783,1,1,2161,270.125
1764842224.5372133,0,0,5997,749.625
1764842224.5411801,0,0,2747,343.375
1764842224.545175,0,0,-1669,-208.625
1764842224.5491922,0,0,-1827,-228.375
1764842224.5531938,1,1,1568,196.000
1764842224.557255,0,0,5633,704.125
1764842224.5611966,0,0,2961,370.125
1764842224.5651896,0,0,-1807,-225.875
1764842224.5691948,0,0,-1785,-223.125
1764842224.5731912,1,1,1659,207.375
1764842224.5772238,0,0,5686,710.750
1764842224.5811923,0,0,3227,403.375
1764842224.5851882,0,0,-1614,-201.750
1764842224.5891917,0,0,-1879,-234.875
1764842224.5931897,1,1,1162,145.250
1764842224.5972183,0,0,5347,668.375
1764842224.6011908,0,0,3483,435.375
1764842224.6052763,0,0,-1741,-217.625
1764842224.6092007,0,0,-1875,-234.375
1764842224.6131742,1,1,1394,174.250
1764842224.6172185,0,0,5485,685.625
1764842224.6211941,0,0,3778,472.250
1764842224.625191,0,0,-1551,-193.875
1764842224.6291773,0,0,-1817,-227.125
1764842224.6331732,1,1,4859,607.375
1764842224.6372142,0,0,3857,482.125
1764842224.641193,0,0,-1530,-191.250
1764842224.6451907,0,0,-1854,-231.750
1764842224.6491947,0,0,628,78.500
1764842224.6531885,1,1,4920,615.000
1764842224.6572294,0,0,4171,521.375
1764842224.6611915,0,0,-1512,-189.000
1764842224.6651912,0,0,-1892,-236.500
1764842224.669192,0,0,615,76.875
1764842224.6731875,1,1,4890,611.250
1764842224.6772244,0,0,4438,554.750
1764842224.6811888,0,0,-1494,-186.750
1764842224.6851916,0,0,-1938,-242.250
1764842224.6891942,0,0,602,75.250
1764842224.693186,1,1,4858,607.250
1764842224.6972253,0,0,4623,577.875
1764842224.7011864,0,0,-1390,-173.750
1764842224.7051904,0,0,-1648,-206.000
1764842224.7091932,0,0,-238,-29.750
1764842224.713195,1,1,4145,518.125
1764842224.7172115,0,0,4672,584.000
1764842224.7211733,0,0,-1340,-167.500
1764842224.7251716,0,0,-1809,-226.125
1764842224.7291908,0,0,58,7.250
1764842224.7331917,1,1,4381,547.625
1764842224.737205,0,0,5023,627.875
1764842224.7411697,0,0,-1182,-147.750
1764842224.7451706,0,0,-1908,-238.500
1764842224.7491949,0,0,10,1.250
1764842224.753193,1,1,4316,539.500
1764842224.7572212,0,0,5257,657.125
1764842224.7611916,0,0,-1026,-128.250
1764842224.7651887,0,0,-1984,-248.000
1764842224.7691941,0,0,-84,-10.500
1764842224.7731903,1,1,4207,525.875
1764842224.7772222,0,0,5476,684.500
1764842224.7811875,0,0,-838,-104.750
1764842224.7851863,0,0,-2072,-259.000
1764842224.7891774,0,0,-178,-22.250
1764842224.7931738,1,1,4089,511.125
1764842224.7972097,0,0,5606,700.750
1764842224.801186,0,0,-704,-88.000
1764842224.8052704,0,0,-2052,-256.500
1764842224.809195,0,0,-326,-40.750
1764842224.8131754,1,1,3926,490.750
1764842224.817228,0,0,5746,718.250
1764842224.8211923,0,0,-524,-65.500
1764842224.8251865,0,0,-1737,-217.125
1764842224.8291767,0,0,-887,-110.875
1764842224.8331726,1,1,3339,417.375
1764842224.8372142,0,0,5656,707.000
1764842224.8411927,0,0,-386,-48.250
1764842224.845184,0,0,-2248,-281.000
1764842224.8491895,0,0,-282,-35.250
1764842224.8531852,1,1,3913,489.125
1764842224.8572145,0,0,6081,760.125
1764842224.8611865,0,0,-136,-17.000
1764842224.8651862,0,0,-1955,-244.375
1764842224.8691876,0,0,-874,-109.250
1764842224.873186,1,1,3293,411.625
1764842224.8772197,0,0,5945,743.125
1764842224.8811884,0,0,14,1.750
1764842224.8851893,0,0,-2129,-266.125
1764842224.8891919,0,0,-780,-97.500
1764842224.8931828,1,1,3360,420.000
1764842224.8972113,0,0,6124,765.500
1764842224.9011908,0,0,266,33.250
1764842224.9051945,0,0,-2023,-252.875
1764842224.909176,0,0,-1048,-131.000
1764842224.9131682,1,1,3036,379.500
1764842224.9172137,0,0,6083,760.375
1764842224.9211924,0,0,473,59.125
1764842224.9251883,0,0,-1869,-233.625
1764842224.9291804,0,0,-1274,-159.250
1764842224.9331675,1,1,2733,341.625
1764842224.9372132,0,0,6040,755.000
1764842224.9411893,0,0,734,91.750
1764842224.9451873,0,0,-2256,-282.000
1764842224.9491887,0,0,-890,-111.250
1764842224.9531848,1,1,3153,394.125
1764842224.9572237,0,0,6346,793.250
1764842224.961191,0,0,1064,133.000
1764842224.9651873,0,0,-2144,-268.000
1764842224.9691844,0,0,-1194,-149.250
1764842224.973171,1,1,2765,345.625
1764842224.977262,0,0,6204,775.500
1764842224.9815397,0,0,1264,158.000
1764842224.9852638,0,0,-2076,-259.500
1764842224.9891984,0,0,-1295,-161.875
1764842224.9931889,1,1,2606,325.750
1764842224.9972208,0,0,6166,770.750
1764842225.001186,0,0,1511,188.875
1764842225.010568,0,0,-1364,-170.500
1764842225.0132136,1,1,2483,310.375
1764842225.0172281,0,0,6134,766.750
1764842225.0211878,0,0,1754,219.250
1764842225.0251837,0,0,-1770,-221.250
1764842225.0291913,0,0,-1643,-205.375
1764842225.033186,1,1,2041,255.125
1764842225.0372114,0,0,5913,739.125
1764842225.041184,0,0,1956,244.500
1764842225.0451868,0,0,-1718,-214.750
1764842225.0491898,0,0,-1733,-216.625
1764842225.0531855,1,1,1851,231.375
1764842225.057251,0,0,5827,728.375
1764842225.0611835,0,0,2134,266.750
1764842225.0651803,0,0,-1577,-197.125
1764842225.0691838,0,0,-1755,-219.375
1764842225.0731812,1,1,537,67.125
1764842225.077218,0,0,4936,617.000
1764842225.0811896,0,0,2333,291.625
1764842225.0851855,0,0,-1995,-249.375
1764842225.0891886,0,0,-1661,-207.625
1764842225.0931823,1,1,1936,242.000
1764842225.0972123,0,0,5923,740.375
1764842225.1011868,0,0,2979,372.375
1764842225.1051838,0,0,-1749,-218.625
1764842225.1091814,0,0,-1891,-236.375
1764842225.1131897,1,1,1393,174.125
1764842225.1172206,0,0,5564,695.500
1764842225.121173,0,0,3148,393.500
1764842225.125168,0,0,-1754,-219.250
1764842225.1291854,0,0,-1904,-238.000
1764842225.1331825,1,1,1341,167.625
1764842225.1372042,0,0,5523,690.375
1764842225.1411726,0,0,3405,425.625
1764842225.145168,0,0,-1657,-207.125
1764842225.1491804,0,0,-1914,-239.250
1764842225.1531794,1,1,951,118.875
1764842225.1572108,0,0,5238,654.750
1764842225.1611898,0,0,3533,441.625
1764842225.1651876,0,0,-1617,-202.125
1764842225.1691892,0,0,-1853,-231.625
1764842225.1731825,1,1,574,71.750
1764842225.1772165,0,0,4948,618.500
1764842225.1811883,0,0,3855,481.875
1764842225.185187,0,0,-1700,-212.500
1764842225.1891856,0,0,-1970,-246.250
1764842225.193182,1,1,1134,141.750
1764842225.1972132,0,0,5341,667.625
1764842225.201183,0,0,4260,532.500
1764842225.2051842,0,0,-1528,-191.000
1764842225.209281,0,0,-1868,-233.500
1764842225.2131984,1,1,362,45.250
1764842225.2172134,0,0,4735,591.875
1764842225.221171,0,0,4349,543.625
1764842225.2251685,0,0,-1488,-186.000
1764842225.229182,0,0,-1925,-240.625
1764842225.2331786,1,1,394,49.250
1764842225.2372124,0,0,4744,593.000
1764842225.2411866,0,0,4622,577.750
1764842225.2451856,0,0,-1396,-174.500
1764842225.2491782,0,0,-1881,-235.125
1764842225.25317,1,1,4522,565.250
1764842225.257204,0,0,4735,591.875
1764842225.2612212,0,0,-1330,-166.250
1764842225.2651837,0,0,-1671,-208.875
1764842225.2691858,0,0,-385,-48.125
1764842225.2731833,1,1,4024,503.000
1764842225.2772195,0,0,4807,600.875
1764842225.2811804,0,0,-1227,-153.375
1764842225.2851803,0,0,-1778,-222.250
1764842225.289176,0,0,-363,-45.375
1764842225.2931676,1,1,4023,502.875
1764842225.2972019,0,0,5026,628.250
1764842225.3011825,0,0,-1092,-136.500
1764842225.3051813,0,0,-1716,-214.500
1764842225.3091705,0,0,-683,-85.375
1764842225.3131733,1,1,3687,460.875
1764842225.3172114,0,0,5209,651.125
1764842225.3211675,0,0,-875,-109.375
1764842225.3251648,0,0,-2208,-276.000
1764842225.3291821,0,0,-163,-20.375
1764842225.3331811,1,1,4154,519.250
1764842225.3372004,0,0,5595,699.375
1764842225.3411672,0,0,-699,-87.375
1764842225.3451643,0,0,-1878,-234.750
1764842225.3491755,0,0,-841,-105.125
1764842225.3531806,1,1,3461,432.625
1764842225.3572087,0,0,5502,687.750
1764842225.3611996,0,0,-568,-71.000
1764842225.3651829,0,0,-2143,-267.875
1764842225.369185,0,0,-610,-76.250
1764842225.3731813,1,1,3671,458.875
1764842225.3772163,0,0,5820,727.500
1764842225.381184,0,0,-314,-39.250
1764842225.3851802,0,0,-2289,-286.125
1764842225.389181,0,0,-382,-47.750
1764842225.3931818,1,1,3857,482.125
1764842225.3972123,0,0,6075,759.375
1764842225.4011846,0,0,-101,-12.625
1764842225.4051795,0,0,-2208,-276.000
1764842225.4092698,0,0,-805,-100.625
1764842225.4131966,1,1,3399,424.875
1764842225.417213,0,0,6007,750.875
1764842225.4211676,0,0,45,5.625
1764842225.4251661,0,0,-2269,-283.625
1764842225.4291785,0,0,-726,-90.750
1764842225.433175,1,1,3447,430.875
1764842225.4372025,0,0,6177,772.125
1764842225.4411824,0,0,277,34.625
1764842225.4451838,0,0,-2228,-278.500
1764842225.4491746,0,0,-930,-116.250
1764842225.4531639,1,1,3194,399.250
1764842225.4572048,0,0,6179,772.375
1764842225.461224,0,0,485,60.625
1764842225.465182,0,0,-2244,-280.500
1764842225.4691837,0,0,-967,-120.875
1764842225.4731784,1,1,3117,389.625
1764842225.4772131,0,0,6254,781.750
1764842225.4811807,0,0,744,93.000
1764842225.4851818,0,0,-2273,-284.125
1764842225.4891858,0,0,-893,-111.625
1764842225.4931784,1,1,3161,395.125
1764842225.4972057,0,0,6365,795.625
1764842225.5011802,0,0,1027,128.375
1764842225.5051804,0,0,-2251,-281.375
1764842225.5091808,0,0,-1034,-129.250
1764842225.5131814,1,1,2968,371.000
1764842225.5172057,0,0,6328,791.000
1764842225.5211647,0,0,1253,156.625
1764842225.5251663,0,0,-2225,-278.125
1764842225.5291853,0,0,-1128,-141.000
1764842225.53318,1,1,2825,353.125
1764842225.5372016,0,0,6301,787.625
1764842225.5411785,0,0,1508,188.500
1764842225.5451794,0,0,-2185,-273.125
1764842225.5491848,0,0,-1255,-156.875
1764842225.553182,1,1,2632,329.000
1764842225.557203,0,0,6230,778.750
1764842225.5611773,0,0,1761,220.125
1764842225.5652165,0,0,-2181,-272.625
1764842225.569185,0,0,-1240,-155.000
1764842225.57318,1,1,2619,327.375
1764842225.577215,0,0,6243,780.375
1764842225.5811782,0,0,2002,250.250
1764842225.585177,0,0,-2064,-258.000
1764842225.5891812,0,0,-1487,-185.875
1764842225.5931795,1,1,2256,282.000
1764842225.5972078,0,0,6050,756.250
1764842225.6011782,0,0,2263,282.875
1764842225.6051774,0,0,-2067,-258.375
1764842225.609262,0,0,-1507,-188.375
1764842225.6131964,1,1,2195,274.375
1764842225.6172109,0,0,6021,752.625
1764842225.6211627,0,0,2570,321.250
1764842225.6251621,0,0,-2086,-260.750
1764842225.6291804,0,0,-1398,-174.750
1764842225.6331794,1,1,2321,290.125
1764842225.6372044,0,0,6086,760.750
1764842225.6411815,0,0,2920,365.000
1764842225.645178,0,0,-1992,-249.000
1764842225.64917,0,0,-1600,-200.000
1764842225.653165,1,1,1994,249.250
1764842225.6572003,0,0,5879,734.875
1764842225.6611812,0,0,3100,387.500
1764842225.665192,0,0,-2008,-251.000
1764842225.6691766,0,0,-1322,-165.250
1764842225.6731734,1,1,2364,295.500
1764842225.6772137,0,0,6071,758.875
1764842225.681178,0,0,3491,436.375
1764842225.6851764,0,0,-1931,-241.375
1764842225.6891785,0,0,-1305,-163.125
1764842225.693175,1,1,2350,293.750
1764842225.6972027,0,0,6026,753.250
1764842225.701179,0,0,3682,460.250
1764842225.7051787,0,0,-1754,-219.250
1764842225.709177,0,0,-1823,-227.875
1764842225.7131844,1,1,1495,186.875
1764842225.7172008,0,0,5466,683.250
1764842225.721163,0,0,3846,480.750
1764842225.725164,0,0,-1834,-229.250
1764842225.7291763,0,0,-1414,-176.750
1764842225.7331724,1,1,2154,269.250
1764842225.7371974,0,0,5833,729.125
1764842225.7411797,0,0,4171,521.375
1764842225.745177,0,0,-1760,-220.000
1764842225.7491672,0,0,-1656,-207.000
1764842225.7531576,1,1,1768,221.000
1764842225.7571728,0,0,5575,696.875
1764842225.7611797,0,0,4283,535.375
1764842225.7651927,0,0,-1460,-182.500
1764842225.7691848,0,0,-1739,-217.375
1764842225.7731748,1,1,320,40.000
1764842225.777207,0,0,4543,567.875
1764842225.7811766,0,0,4318,539.750
1764842225.785178,0,0,-1553,-194.125
1764842225.7891665,0,0,-1929,-241.125
1764842225.7931626,1,1,1087,135.875
1764842225.7971706,0,0,5078,634.750
1764842225.801177,0,0,4799,599.875
1764842225.8051775,0,0,-1460,-182.500
1764842225.80927,0,0,-1880,-235.000
1764842225.8131955,1,1,1299,162.375
1764842225.8172038,0,0,5177,647.125
1764842225.8211617,0,0,5057,632.125
1764842225.8251603,0,0,-1354,-169.250
1764842225.8291776,0,0,-1934,-241.750
1764842225.8331773,1,1,1157,144.625
1764842225.8372004,0,0,5036,629.500
1764842225.8411767,0,0,5221,652.625
1764842225.8451757,0,0,-1248,-156.000
1764842225.849171,0,0,-1853,-231.625
1764842225.8531597,1,1,1318,164.750
1764842225.8571727,0,0,5095,636.875
1764842225.8611782,0,0,5433,679.125
1764842225.8651748,0,0,-1132,-141.500
1764842225.8691769,0,0,-1909,-238.625
1764842225.8731751,1,1,4959,619.875
1764842225.8772144,0,0,5576,697.000
1764842225.8811772,0,0,-1016,-127.000
1764842225.8851736,0,0,-2041,-255.125
1764842225.8891783,0,0,838,104.750
1764842225.8931777,1,1,4684,585.500
1764842225.8972023,0,0,5676,709.500
1764842225.9011624,0,0,-875,-109.375
1764842225.905157,0,0,-2041,-255.125
1764842225.909174,0,0,845,105.625
1764842225.9131746,1,1,4642,580.250
1764842225.9171968,0,0,5787,723.375
1764842225.921162,0,0,-761,-95.125
1764842225.9251583,0,0,-2095,-261.875
1764842225.9291766,0,0,414,51.750
1764842225.9331753,1,1,4292,536.500
1764842225.9371989,0,0,5835,729.375
1764842225.9411805,0,0,-597,-74.625
1764842225.9451742,0,0,-2090,-261.250
1764842225.949163,0,0,241,30.125
1764842225.9531577,0,1,4126,515.750
1764842225.9571736,0,0,5887,735.875
1764842225.961182,0,0,-462,-57.750
1764842225.9651756,0,0,-2152,-269.000
1764842225.969178,0,0,277,34.625
1764842225.9731722,0,1,4112,514.000
1764842225.9772658,0,0,6010,751.250
1764842225.9815416,0,0,-263,-32.875
1764842225.9852464,0,0,-2183,-272.875
1764842225.989175,0,0,193,24.125
1764842225.9931574,0,0,4016,502.000
1764842225.9971695,0,0,6070,758.750
1764842226.0011737,0,0,-102,-12.750
1764842226.0051727,0,0,-1595,-199.375
1764842226.0145369,1,1,3290,411.250
1764842226.01724,0,0,5922,740.250
1764842226.0211802,0,0,254,31.750
1764842226.0251749,0,0,-2000,-250.000
1764842226.0291648,0,0,774,96.750
1764842226.0331562,0,0,4354,544.250
1764842226.0371766,0,0,6374,796.750
1764842226.0411782,0,0,495,61.875
1764842226.045173,0,0,-2229,-278.625
1764842226.0491748,0,0,141,17.625
1764842226.0531697,0,0,3846,480.750
1764842226.0571942,0,0,6220,777.500
1764842226.061173,0,0,663,82.875
1764842226.0651746,0,0,-2262,-282.750
1764842226.0691755,0,0,-135,-16.875
1764842226.0731769,0,0,3592,449.000
1764842226.077208,0,0,6147,768.375
1764842226.0811725,0,0,883,110.375
1764842226.0851748,0,0,-2269,-283.625
1764842226.0891783,0,0,-124,-15.500
1764842226.093174,0,0,3563,445.375
1764842226.0971963,0,0,6157,769.625
1764842226.1011698,0,0,1159,144.875
1764842226.1051705,0,0,-2236,-279.500
1764842226.1091769,0,0,-11,-1.375
1764842226.1131787,0,0,3609,451.125
1764842226.1172051,0,0,6179,772.375
1764842226.1211588,0,0,1519,189.875
1764842226.1251564,0,0,-2136,-267.000
1764842226.1291738,0,0,171,21.375
1764842226.133174,0,0,3688,461.000
1764842226.1371968,0,0,6163,770.375
1764842226.141173,0,0,1618,202.250
1764842226.1451702,0,0,-2277,-284.625
1764842226.149165,0,0,-354,-44.250
1764842226.1531584,0,0,3246,405.750
1764842226.1571717,0,0,5983,747.875
1764842226.161172,0,0,1968,246.000
1764842226.1651702,0,0,-2163,-270.375
1764842226.1692145,0,0,-64,-8.000
1764842226.1731746,0,0,3429,428.625
1764842226.1772044,0,0,6013,751.625
1764842226.1811736,0,0,2308,288.500
1764842226.18517,0,0,-2107,-263.375
1764842226.1891682,0,0,-86,-10.750
1764842226.193172,0,0,3349,418.625
1764842226.197201,0,0,5919,739.875
1764842226.2011707,0,0,2442,305.250
1764842226.205169,0,0,-2230,-278.750
1764842226.209172,0,0,-573,-71.625
1764842226.2132528,0,0,2924,365.500
1764842226.2172184,0,0,5711,713.875
1764842226.2211554,0,0,2655,331.875
1764842226.2251534,0,0,-2116,-264.500
1764842226.2291713,0,0,-262,-32.750
1764842226.2331657,0,0,3145,393.125
1764842226.2371962,0,0,5740,717.500
1764842226.241172,0,0,2872,359.000
1764842226.2451706,0,0,-2185,-273.125
1764842226.2491615,0,0,-932,-116.500
1764842226.2531548,0,0,2532,316.500
1764842226.2571669,0,0,5443,680.375
1764842226.2611732,0,0,3041,380.125
1764842226.2651713,0,0,-2163,-270.375
1764842226.2691958,0,0,-775,-96.875
1764842226.2731545,0,0,2654,331.750
1764842226.2771692,0,0,5453,681.625
1764842226.2811735,0,0,3394,424.250
1764842226.285171,0,0,-1975,-246.875
1764842226.2891648,0,0,-459,-57.375
1764842226.2931538,0,0,2871,358.875
1764842226.2971616,0,0,5471,683.875
1764842226.30117,0,0,3569,446.125
1764842226.305169,0,0,-2062,-257.750
1764842226.3091717,0,0,-985,-123.125
1764842226.3131669,0,0,2378,297.250
1764842226.3171728,0,0,5203,650.375
1764842226.3211684,0,0,3806,475.750
1764842226.3251722,0,0,-1943,-242.875
1764842226.3291745,0,0,-920,-115.000
1764842226.3331678,0,0,2375,296.875
1764842226.3371668,0,0,5125,640.625
1764842226.3411672,0,0,3955,494.375
1764842226.3451722,0,0,-1908,-238.500
1764842226.349159,0,0,-1031,-128.875
1764842226.3531544,0,0,2250,281.250
1764842226.3571637,0,0,5018,627.250
1764842226.3611674,0,0,4047,505.875
1764842226.3651776,0,0,-1862,-232.750
1764842226.3692477,0,0,-913,-114.125
1764842226.3732014,0,0,2372,296.500
1764842226.3772402,0,0,5028,628.500
1764842226.381212,0,0,4296,537.000
1764842226.3852112,0,0,-1685,-210.625
1764842226.3892019,0,0,-854,-106.750
1764842226.3931952,0,0,2357,294.625
1764842226.3972414,0,0,4940,617.500
1764842226.4012094,0,0,4367,545.875
1764842226.405209,0,0,-1758,-219.750
1764842226.4092188,0,0,-1511,-188.875
1764842226.4132974,0,0,1676,209.500
1764842226.4172668,0,0,4583,572.875
1764842226.4211948,0,0,4448,556.000
1764842226.425193,0,0,-1346,-168.250
1764842226.42921,0,0,-1744,-218.000
1764842226.4332101,0,0,1302,162.750
1764842226.4372425,0,0,4362,545.250
1764842226.4412112,0,0,4611,576.375
1764842226.4452078,0,0,-1215,-151.875
1764842226.4492004,0,0,-1783,-222.875
1764842226.453196,0,0,1074,134.250
1764842226.4572384,0,0,4212,526.500
1764842226.4612236,0,0,4711,588.875
1764842226.4652126,0,0,-944,-118.000
1764842226.4692106,0,0,-1647,-205.875
1764842226.4732955,0,0,283,35.375
1764842226.4772093,0,0,3743,467.875
1764842226.4811711,0,0,4741,592.625
1764842226.485168,0,0,-945,-118.125
1764842226.4891717,0,0,-1334,-166.750
1764842226.4931846,0,0,2930,366.250
1764842226.4971995,0,0,4759,594.875
1764842226.5011559,0,0,-841,-105.125
1764842226.505153,0,0,-1591,-198.875
1764842226.5091677,0,0,30,3.750
1764842226.5131652,0,0,3609,451.125
1764842226.517168,0,0,5175,646.875
1764842226.521153,0,0,-706,-88.250
1764842226.525152,0,0,-1429,-178.625
1764842226.529166,0,0,-535,-66.875
1764842226.5331652,0,0,3177,397.125
1764842226.5371635,1,0,5201,650.125
1764842226.541153,0,0,-590,-73.750
1764842226.5451512,0,0,-1401,-175.125
1764842226.549151,0,0,-610,-76.250
1764842226.5531483,0,0,3113,389.125
1764842226.5571582,1,0,5361,670.125
1764842226.5611665,0,0,-387,-48.375
1764842226.5651665,0,0,-1376,-172.000
1764842226.5691702,0,0,-691,-86.375
1764842226.5731778,0,0,3039,379.875
1764842226.5771646,1,0,5471,683.875
1764842226.5811687,0,0,-234,-29.250
1764842226.5851667,0,0,-997,-124.625
1764842226.5891662,0,0,-1434,-179.250
1764842226.5931628,0,0,2257,282.125
1764842226.5971663,1,1,5269,658.625
1764842226.6011643,0,0,-49,-6.125
1764842226.6051648,0,0,-917,-114.625
1764842226.6091704,0,0,-1571,-196.375
1764842226.6132493,0,0,2061,257.625
1764842226.6172173,1,0,5305,663.125
1764842226.6211488,0,0,269,33.625
1764842226.6251478,0,0,-1008,-126.000
1764842226.629168,0,0,-1618,-202.250
1764842226.6331656,0,0,1979,247.375
1764842226.637157,1,0,5383,672.875
1764842226.6411486,0,0,663,82.875
1764842226.6451528,0,0,-1161,-145.125
1764842226.6491668,0,0,-1586,-198.250
1764842226.6531644,0,0,2024,253.000
1764842226.657166,1,0,5493,686.625
1764842226.6611667,0,0,997,124.625
1764842226.6651645,0,0,-1169,-146.125
1764842226.6691694,0,0,-1731,-216.375
1764842226.6731799,0,0,1646,205.750
1764842226.6771712,1,1,5352,669.000
1764842226.681163,0,0,1260,157.500
1764842226.6851647,0,0,-1246,-155.750
1764842226.6891713,0,0,-1764,-220.500
1764842226.693166,0,0,1447,180.875
1764842226.697167,1,1,5299,662.375
1764842226.7011638,0,0,1659,207.375
1764842226.705164,0,0,-1287,-160.875
1764842226.7091615,0,0,-1768,-221.000
1764842226.7131646,0,0,1001,125.125
1764842226.7171674,1,1,5065,633.125
1764842226.7211645,0,0,1933,241.625
1764842226.7251625,0,0,-1402,-175.250
1764842226.729166,0,0,-1770,-221.250
1764842226.7331655,0,0,940,117.500
1764842226.7371652,1,1,5066,633.250
1764842226.7411637,0,0,2304,288.000
1764842226.7451637,0,0,-1471,-183.875
1764842226.749162,0,0,-1790,-223.750
1764842226.753163,0,0,1055,131.875
1764842226.7571664,1,1,5175,646.875
1764842226.7611663,0,0,2712,339.000
1764842226.765162,0,0,-1485,-185.625
1764842226.7691653,0,0,-1769,-221.125
1764842226.773159,0,0,679,84.875
1764842226.7772827,1,0,4923,615.375
1764842226.7812169,0,0,3022,377.750
1764842226.7852082,0,0,-1521,-190.125
1764842226.7891932,0,0,-1829,-228.625
1764842226.7931855,0,0,1192,149.000
1764842226.79724,1,1,5280,660.000
1764842226.8012097,0,0,3417,427.125
1764842226.8052094,0,0,-1520,-190.000
1764842226.8091955,0,0,-1765,-220.625
1764842226.813296,0,0,491,61.375
1764842226.8172624,1,1,4774,596.750
1764842226.8211937,0,0,3604,450.500
1764842226.8251903,0,0,-1560,-195.000
1764842226.8292103,0,0,-1857,-232.125
1764842226.833204,0,0,977,122.125
1764842226.8372333,1,1,5118,639.750
1764842226.8412094,0,0,4042,505.250
1764842226.8452094,0,0,-1525,-190.625
1764842226.8492022,0,0,-1861,-232.625
1764842226.853187,0,0,793,99.125
1764842226.857231,1,1,4968,621.000
1764842226.8612103,0,0,4311,538.875
1764842226.865206,0,0,-1506,-188.250
1764842226.8692052,0,0,-1894,-236.750
1764842226.8732007,0,0,782,97.750
1764842226.8773148,1,1,4929,616.125
1764842226.8811696,0,0,4563,570.375
1764842226.8851693,0,0,-1510,-188.750
1764842226.8891585,0,0,-1981,-247.625
1764842226.893147,0,0,976,122.000
1764842226.897155,1,1,5033,629.125
1764842226.9011593,0,0,4866,608.250
1764842226.905161,0,0,-1381,-172.625
1764842226.9091525,0,0,-1931,-241.375
1764842226.9131467,0,0,594,74.250
1764842226.9171538,1,1,4721,590.125
1764842226.9211626,0,0,5021,627.625
1764842226.9251597,0,0,-1266,-158.250
1764842226.9291666,0,0,-1863,-232.875
1764842226.9331634,0,0,335,41.875
1764842226.9371636,1,1,4500,562.500
1764842226.941158,0,0,5126,640.750
1764842226.9451602,0,0,-1190,-148.750
1764842226.9491618,0,0,-1824,-228.000
1764842226.9531639,0,0,193,24.125
1764842226.9571645,1,1,4354,544.250
1764842226.9611638,0,0,5348,668.500
1764842226.9651594,0,0,-1027,-128.375
1764842226.969166,0,0,-2056,-257.000
1764842226.973161,0,0,823,102.875
1764842226.9772694,1,1,4793,599.125
1764842226.9815276,0,0,5703,712.875
1764842226.9852393,0,0,-855,-106.875
1764842226.9891667,0,0,-2106,-263.250
1764842226.993163,0,0,223,27.875
1764842226.9971662,1,1,4301,537.625
1764842227.0011604,0,0,5685,710.625
1764842227.005158,0,0,-751,-93.875
1764842227.0091574,0,0,-2156,-269.500
1764842227.0195022,0,0,5952,744.000
1764842227.0213757,0,0,5952,744.000
1764842227.0251658,0,0,-422,-52.750
1764842227.0291495,0,0,-1886,-235.750
1764842227.033143,0,0,1099,137.375
1764842227.0371478,1,1,4840,605.000
1764842227.041156,0,0,6166,770.750
1764842227.0451596,0,0,-416,-52.000
1764842227.0491614,0,0,-1906,-238.250
1764842227.0531569,0,0,-269,-33.625
1764842227.0571637,1,1,3770,471.250
1764842227.0611608,0,0,5902,737.750
1764842227.0651588,0,0,-316,-39.500
1764842227.0691602,0,0,-1990,-248.750
1764842227.0731559,0,0,-244,-30.500
1764842227.0771613,1,1,3761,470.125
1764842227.0811634,0,0,6057,757.125
1764842227.0851612,0,0,-67,-8.375
1764842227.0891626,0,0,-1958,-244.750
1764842227.093157,0,0,-461,-57.625
1764842227.0971603,1,1,3533,441.625
1764842227.1011617,0,0,6092,761.500
1764842227.1051605,0,0,194,24.250
1764842227.1091614,0,0,-2082,-260.250
1764842227.113158,0,0,-496,-62.000
1764842227.1171608,1,1,6133,766.625
1764842227.1211607,0,0,357,44.625
1764842227.125159,0,0,-1825,-228.125
1764842227.1291633,0,0,-827,-103.375
1764842227.1331577,0,0,3119,389.875
1764842227.1371613,1,1,6075,759.375
1764842227.1411572,0,0,627,78.375
1764842227.1451595,0,0,-1981,-247.625
1764842227.1491609,0,0,-796,-99.500
1764842227.153159,0,0,3119,389.875
1764842227.1572132,1,1,6148,768.500
1764842227.1611435,0,0,934,116.750
1764842227.1651428,0,0,-2256,-282.000
1764842227.1691606,0,0,-614,-76.750
1764842227.1731606,0,0,3260,407.500
1764842227.177153,1,1,6253,781.625
1764842227.1811426,0,0,1217,152.125
1764842227.185143,0,0,-2260,-282.500
1764842227.189159,0,0,-683,-85.375
1764842227.1931574,0,0,3160,395.000
1764842227.1971552,1,1,6224,778.000
1764842227.2011595,0,0,1366,170.750
1764842227.2051566,0,0,-1583,-197.875
1764842227.2091634,0,0,-1447,-180.875
1764842227.21316,0,0,2277,284.625
1764842227.2172859,1,1,5828,728.500
1764842227.221176,0,0,1518,189.750
1764842227.2251577,0,0,-1413,-176.625
1764842227.2291503,0,0,-1758,-219.750
1764842227.233145,0,0,1627,203.375
1764842227.2371533,1,1,5484,685.500
1764842227.241157,0,0,1938,242.250
1764842227.2451565,0,0,-2108,-263.500
1764842227.2491508,0,0,-1164,-145.500
1764842227.2531416,0,0,2588,323.500
1764842227.2571588,1,1,6046,755.750
1764842227.261158,0,0,2394,299.250
1764842227.2651558,0,0,-2058,-257.250
1764842227.269157,0,0,-1298,-162.250
1764842227.273158,0,0,2394,299.250
1764842227.2771575,1,1,5935,741.875
1764842227.2811577,0,0,2655,331.875
1764842227.285156,0,0,-2148,-268.500
1764842227.2891483,0,0,-1128,-141.000
1764842227.2931466,0,0,2563,320.375
1764842227.2971494,1,1,5999,749.875
1764842227.301143,0,0,2799,349.875
1764842227.3051395,0,0,-1561,-195.125
1764842227.3091526,0,0,-1685,-210.625
1764842227.3131382,0,0,1771,221.375
1764842227.3171422,1,1,5553,694.125
1764842227.3211417,0,0,3070,383.750
1764842227.325142,0,0,-1632,-204.000
1764842227.3291526,0,0,-1682,-210.250
1764842227.3331504,0,0,1762,220.250
1764842227.337158,1,1,5534,691.750
1764842227.341158,0,0,3420,427.500
1764842227.345156,0,0,-1773,-221.625
1764842227.349156,0,0,-1659,-207.375
1764842227.3531547,0,0,1782,222.750
1764842227.357155,1,1,5521,690.125
1764842227.361156,0,0,3692,461.500
1764842227.3651576,0,0,-1902,-237.750
1764842227.369158,0,0,-1557,-194.625
1764842227.3731544,0,0,1920,240.000
1764842227.377171,1,1,5568,696.000
1764842227.3812008,0,0,3944,493.000
1764842227.3852012,0,0,-1743,-217.875
1764842227.3891923,0,0,-1728,-216.000
1764842227.3931797,0,0,1615,201.875
1764842227.397192,1,1,5354,669.250
1764842227.4011993,0,0,4109,513.625
1764842227.405201,0,0,-1442,-180.250
1764842227.4092057,0,0,-1820,-227.500
1764842227.4131994,0,0,1124,140.500
1764842227.4173422,1,1,5021,627.625
1764842227.4212182,0,0,4304,538.000
1764842227.4252038,0,0,-1618,-202.250
1764842227.4291883,0,0,-1828,-228.500
1764842227.4331815,0,0,1367,170.875
1764842227.437191,1,1,5146,643.250
1764842227.4411995,0,0,4592,574.000
1764842227.4452007,0,0,-1551,-193.875
1764842227.4491916,0,0,-1860,-232.500
1764842227.4531825,0,0,1281,160.125
1764842227.4571898,1,1,5052,631.500
1764842227.4612021,0,0,4840,605.000
1764842227.4651978,0,0,-1446,-180.750
1764842227.469186,0,0,-1908,-238.500
1764842227.473179,0,0,1094,136.750
1764842227.4772773,1,1,4892,611.500
1764842227.4811578,0,0,4972,621.500
1764842227.4851549,0,0,-1216,-152.000
1764842227.4891617,0,0,-1790,-223.750
1764842227.4931562,0,0,554,69.250
1764842227.497158,1,1,4496,562.000
1764842227.5011504,0,0,5072,634.000
1764842227.5051515,0,0,-1275,-159.375
1764842227.5091546,0,0,-1932,-241.500
1764842227.5131505,0,0,838,104.750
1764842227.5171568,1,1,4668,583.500
1764842227.5211518,0,0,5360,670.000
1764842227.52515,0,0,-1138,-142.250
1764842227.5291555,0,0,-1980,-247.500
1764842227.533155,0,0,721,90.125
1764842227.537148,1,1,4544,568.000
1764842227.5411382,0,0,5480,685.000
1764842227.545133,0,0,-1024,-128.000
1764842227.5491526,0,0,-1992,-249.000
1764842227.553152,0,0,617,77.125
1764842227.5571527,1,1,4435,554.375
1764842227.5611563,0,0,5585,698.125
1764842227.5651557,0,0,-885,-110.625
1764842227.5691454,0,0,-1662,-207.750
1764842227.5731401,0,0,-37,-4.625
1764842227.5771487,1,1,3917,489.625
1764842227.5811703,0,0,5625,703.125
1764842227.5851514,0,0,-720,-90.000
1764842227.5891411,0,0,-1768,-221.000
1764842227.5931342,0,0,53,6.625
1764842227.5971487,1,1,3958,494.750
1764842227.6011553,0,0,5800,725.000
1764842227.6051528,0,0,-519,-64.875
1764842227.6091552,0,0,-1704,-213.000
1764842227.6131513,0,0,-237,-29.625
1764842227.6172898,1,1,3691,461.375
1764842227.6211722,0,0,5840,730.000
1764842227.6251566,0,0,-319,-39.875
1764842227.629143,0,0,-2156,-269.500
1764842227.633136,0,0,155,19.375
1764842227.6371448,1,1,3974,496.750
1764842227.6411536,0,0,6070,758.750
1764842227.6451554,0,0,-67,-8.375
1764842227.649148,0,0,-2198,-274.750
1764842227.653135,0,0,63,7.875
1764842227.6571472,1,1,3864,483.000
1764842227.6611557,0,0,6115,764.375
1764842227.6651528,0,0,128,16.000
1764842227.6691523,0,0,-1920,-240.000
1764842227.6731505,0,0,-359,-44.875
1764842227.6771574,1,1,3486,435.750
1764842227.681189,0,0,6031,753.875
1764842227.6851513,0,0,287,35.875
1764842227.6891558,0,0,-1539,-192.375
1764842227.693151,0,0,-963,-120.375
1764842227.697157,1,1,2892,361.500
1764842227.701137,0,0,5847,730.875
1764842227.7051363,0,0,487,60.875
1764842227.7091537,0,0,-1586,-198.250
1764842227.7131503,0,0,-943,-117.875
1764842227.717151,1,1,2890,361.250
1764842227.7211344,0,0,5939,742.375
1764842227.7251334,0,0,884,110.500
1764842227.729154,0,0,-1740,-217.500
1764842227.7331522,0,0,-962,-120.250
1764842227.7371485,1,1,5963,745.375
1764842227.7411506,0,0,1138,142.250
1764842227.7451494,0,0,-1715,-214.375
1764842227.749152,0,0,-1065,-133.125
1764842227.7531507,0,0,2712,339.000
1764842227.7571576,1,1,5942,742.750
1764842227.7611492,0,0,1476,184.500
1764842227.765148,0,0,-1928,-241.000
1764842227.7691586,0,0,-1011,-126.375
1764842227.7731516,0,0,2741,342.625
1764842227.7771554,1,1,5977,747.125
1764842227.7811663,0,0,1730,216.250
1764842227.7851498,0,0,-1585,-198.125
1764842227.78914,0,0,-1412,-176.500
1764842227.793135,0,0,2242,280.250
1764842227.7971468,1,1,5740,717.500
1764842227.8011508,0,0,1981,247.625
1764842227.8051472,0,0,-1504,-188.000
1764842227.8091536,0,0,-1539,-192.375
1764842227.8131502,0,0,2044,255.500
1764842227.817275,1,1,5650,706.250
1764842227.8211699,0,0,2231,278.875
1764842227.8251503,0,0,-1474,-184.250
1764842227.829139,0,0,-1694,-211.750
1764842227.833138,0,0,1742,217.750
1764842227.837148,1,1,5492,686.500
1764842227.841153,0,0,2593,324.125
1764842227.84515,0,0,-1643,-205.375
1764842227.849142,0,0,-1555,-194.375
1764842227.8531349,0,0,1980,247.500
1764842227.857147,1,1,5631,703.875
1764842227.8611526,0,0,2957,369.625
1764842227.865151,0,0,-1503,-187.875
1764842227.8691473,0,0,-1714,-214.250
1764842227.8731453,0,0,1671,208.875
1764842227.877153,1,1,5437,679.625
1764842227.881167,0,0,3176,397.000
1764842227.8851519,0,0,-1441,-180.125
1764842227.8891509,0,0,-1779,-222.375
1764842227.8931448,0,0,1236,154.500
1764842227.8971555,1,1,5163,645.375
1764842227.9011483,0,0,3385,423.125
1764842227.9051473,0,0,-1706,-213.250
1764842227.9091494,0,0,-1658,-207.250
1764842227.9131453,0,0,1765,220.625
1764842227.917145,1,1,5468,683.500
1764842227.9211469,0,0,3764,470.500
1764842227.9251487,0,0,-1446,-180.750
1764842227.9291532,0,0,-1801,-225.125
1764842227.9331455,0,0,1240,155.000
1764842227.937154,1,1,5125,640.625
1764842227.9411502,0,0,4025,503.125
1764842227.9451485,0,0,-1603,-200.375
1764842227.9491487,0,0,-1801,-225.125
1764842227.953144,0,0,1435,179.375
1764842227.9571512,1,1,5216,652.000
1764842227.9611485,0,0,4324,540.500
1764842227.965148,0,0,-1501,-187.625
1764842227.9691532,0,0,-1847,-230.875
1764842227.9731505,0,0,1229,153.625
1764842227.9772024,1,1,5062,632.750
1764842227.9815123,0,0,4506,563.250
1764842227.9852304,0,0,-1650,-206.250
1764842227.9891627,0,0,-1722,-215.250
1764842227.993148,0,0,1572,196.500
1764842227.997149,1,1,5239,654.875
1764842228.0011463,0,0,4757,594.625
1764842228.0051455,0,0,-1255,-156.875
1764842228.0091527,0,0,-1557,-194.625
1764842228.0131495,0,0,-237,-29.625
1764842228.022524,0,0,4726,590.750
1764842228.0251715,0,0,-1345,-168.125
1764842228.0291462,0,0,-1253,-156.625
1764842228.0331342,0,0,2161,270.125
1764842228.037149,1,1,5502,687.750
1764842228.0411322,0,0,5305,663.125
1764842228.0451298,0,0,-1160,-145.000
1764842228.0491347,0,0,-1762,-220.250
1764842228.0531344,0,0,385,48.125
1764842228.0571446,1,1,4350,543.750
1764842228.061149,0,0,5189,648.625
1764842228.065147,0,0,-1162,-145.250
1764842228.0691466,0,0,-1859,-232.375
1764842228.0731468,0,0,581,72.625
1764842228.0771475,1,1,4460,557.500
1764842228.0811322,0,0,5410,676.250
1764842228.0851696,0,0,-1005,-125.625
1764842228.0891476,0,0,-1728,-216.000
1764842228.0931497,0,0,164,20.500
1764842228.097157,1,1,4126,515.750
1764842228.1011481,0,0,5489,686.125
1764842228.1051447,0,0,-891,-111.375
1764842228.109149,0,0,-1621,-202.625
1764842228.1131504,0,0,-181,-22.625
1764842228.1171393,1,1,3826,478.250
1764842228.1211343,0,0,5576,697.000
1764842228.1251285,0,0,-735,-91.875
1764842228.1291466,0,0,-1651,-206.375
1764842228.1331468,0,0,-197,-24.625
1764842228.1371515,1,1,3784,473.000
1764842228.1411338,0,0,5726,715.750
1764842228.1451313,0,0,-547,-68.375
1764842228.1491487,0,0,-1831,-228.875
1764842228.1531446,0,0,-71,-8.875
1764842228.1571505,1,1,3863,482.875
1764842228.1611454,0,0,5907,738.375
1764842228.1651459,0,0,-331,-41.375
1764842228.1691477,0,0,-1950,-243.750
1764842228.1731431,0,0,-108,-13.500
1764842228.1771505,1,1,3796,474.500
1764842228.1811478,0,0,6008,751.000
1764842228.1851819,0,0,-106,-13.250
1764842228.189144,0,0,-1845,-230.625
1764842228.1931443,0,0,-382,-47.750
1764842228.1971495,1,1,3536,442.000
1764842228.2011464,0,0,5988,748.500
1764842228.2051444,0,0,50,6.250
1764842228.2091494,0,0,-1863,-232.875
1764842228.213142,0,0,-453,-56.625
1764842228.21715,1,1,3442,430.250
1764842228.221234,0,0,6050,756.250
1764842228.2251582,0,0,289,36.125
1764842228.2291374,0,0,-2101,-262.625
1764842228.2331285,0,0,-358,-44.750
1764842228.237136,1,1,3494,436.750
1764842228.2411432,0,0,6160,770.000
1764842228.2451463,0,0,607,75.875
1764842228.2491393,0,0,-1747,-218.375
1764842228.2531292,0,0,-858,-107.250
1764842228.2571394,1,1,2994,374.250
1764842228.261146,0,0,5995,749.375
1764842228.2651443,0,0,833,104.125
1764842228.2691462,0,0,-1966,-245.750
1764842228.2731469,0,0,-731,-91.375
1764842228.277148,1,1,3094,386.750
1764842228.2811542,0,0,6090,761.250
1764842228.285183,0,0,1113,139.125
1764842228.2891395,0,0,-1662,-207.750
1764842228.2931464,0,0,-1173,-146.625
1764842228.297136,1,1,2603,325.375
1764842228.3011281,0,0,5899,737.375
1764842228.3051274,0,0,1417,177.125
1764842228.309147,0,0,-1834,-229.250
1764842228.3131452,0,0,-1087,-135.875
1764842228.3171458,1,1,2674,334.250
1764842228.3211417,0,0,5960,745.000
1764842228.3251412,0,0,1678,209.750
1764842228.3291376,0,0,-1816,-227.000
1764842228.33313,0,0,-1194,-149.250
1764842228.3371384,1,1,2526,315.750
1764842228.3411415,0,0,5900,737.500
1764842228.3451407,0,0,1969,246.125
1764842228.3491313,0,0,-1857,-232.125
1764842228.353128,0,0,-1238,-154.750
1764842228.3571374,1,1,2449,306.125
1764842228.3611434,0,0,2243,280.375
1764842228.3651407,0,0,-1532,-191.500
1764842228.369145,0,0,-1608,-201.000
1764842228.3731418,0,0,1920,240.000
1764842228.3771484,1,1,5587,698.375
1764842228.3811445,0,0,2485,310.625
1764842228.3851392,0,0,-1493,-186.625
1764842228.3891394,0,0,-1708,-213.500
1764842228.3931425,0,0,1704,213.000
1764842228.3971493,1,1,5470,683.750
1764842228.4011414,0,0,2817,352.125
1764842228.4051385,0,0,-1796,-224.500
1764842228.4091432,0,0,-1483,-185.375
1764842228.4131389,0,0,2071,258.875
1764842228.4171464,1,1,5665,708.125
1764842228.4212286,0,0,3140,392.500
1764842228.4251564,0,0,-2024,-253.000
1764842228.4291334,0,0,-1371,-171.375
1764842228.433124,0,0,2194,274.250
1764842228.43714,1,1,5703,712.875
1764842228.441147,0,0,3481,435.125
1764842228.4451458,0,0,-1821,-227.625
1764842228.4491355,0,0,-1581,-197.625
1764842228.4531248,0,0,1877,234.625
1764842228.4571393,1,1,5499,687.375
1764842228.46115,0,0,3672,459.000
1764842228.4651444,0,0,-1526,-190.750
1764842228.4691446,0,0,-1746,-218.250
1764842228.473141,0,0,1553,194.125
1764842228.4771442,1,1,5287,660.875
1764842228.4811385,0,0,3891,486.375
1764842228.4851427,0,0,-1503,-187.875
1764842228.489148,0,0,-1781,-222.625
1764842228.49314,0,0,1440,180.000
1764842228.4971485,1,1,5190,648.750
1764842228.501145,0,0,4139,517.375
1764842228.5051434,0,0,-1387,-173.375
1764842228.5091426,0,0,-1800,-225.000
1764842228.5131395,0,0,1025,128.125
1764842228.5171452,1,1,4902,612.750
1764842228.5211399,0,0,4322,540.250
1764842228.525142,0,0,-1411,-176.375
1764842228.5291476,0,0,-1818,-227.250
1764842228.5331426,0,0,1062,132.750
1764842228.5371397,1,1,4902,612.750
1764842228.5411277,0,0,4619,577.375
1764842228.545128,0,0,-1478,-184.750
1764842228.549144,0,0,-1870,-233.750
1764842228.553142,0,0,1185,148.125
1764842228.5571456,1,1,4949,618.625
1764842228.561139,0,0,4836,604.500
1764842228.5651383,0,0,-1330,-166.250
1764842228.569146,0,0,-1862,-232.750
1764842228.5731404,0,0,950,118.750
1764842228.5771427,1,1,4763,595.375
1764842228.5811396,0,0,4995,624.375
1764842228.5851376,0,0,-1146,-143.250
1764842228.5891824,0,0,-1728,-216.000
1764842228.593169,0,0,330,41.250
1764842228.5971801,1,1,4303,537.875
1764842228.6011894,0,0,5048,631.000
1764842228.6051922,0,0,-1094,-136.750
1764842228.6091797,0,0,-1693,-211.625
1764842228.6131682,0,0,178,22.250
1764842228.6171772,1,1,4169,521.125
1764842228.621268,0,0,5225,653.125
1764842228.6251924,0,0,-1150,-143.750
1764842228.6291716,0,0,-1910,-238.750
1764842228.633167,0,0,1160,145.000
1764842228.6371782,1,1,4818,602.250
1764842228.641185,0,0,5616,702.000
1764842228.645183,0,0,-931,-116.375
1764842228.6491735,0,0,-1718,-214.750
1764842228.6531658,0,0,121,15.125
1764842228.6571796,1,1,4054,506.750
1764842228.6611884,0,0,5557,694.625
1764842228.6651812,0,0,-819,-102.375
1764842228.6691792,0,0,-1651,-206.375
1764842228.6731796,0,0,-100,-12.500
1764842228.6771848,1,1,3855,481.875
1764842228.6811843,0,0,5677,709.625
1764842228.685182,0,0,-626,-78.250
1764842228.689183,0,0,-1871,-233.875
1764842228.693143,0,0,100,12.500
1764842228.697145,1,1,3981,497.625
1764842228.7011247,0,0,5870,733.750
1764842228.7051225,0,0,-416,-52.000
1764842228.7091393,0,0,-2140,-267.500
1764842228.713139,0,0,229,28.625
1764842228.7171412,1,1,4046,505.750
1764842228.7211232,0,0,6009,751.125
1764842228.7251232,0,0,-231,-28.875
1764842228.7291408,0,0,-1778,-222.250
1764842228.733139,0,0,-294,-36.750
1764842228.7371445,1,1,3594,449.250
1764842228.7411401,0,0,5931,741.375
1764842228.7451372,0,0,-76,-9.500
1764842228.7491412,0,0,-1589,-198.625
1764842228.7531374,0,0,-647,-80.875
1764842228.757142,1,1,3258,407.250
1764842228.7611375,0,0,5892,736.500
1764842228.76514,0,0,101,12.625
1764842228.769143,0,0,-1395,-174.375
1764842228.773135,0,0,-1123,-140.375
1764842228.777137,1,1,2748,343.500
1764842228.7811377,0,0,5768,721.000
1764842228.7851367,0,0,345,43.125
1764842228.78914,0,0,-1442,-180.250
1764842228.793132,0,0,-1170,-146.250
1764842228.7971299,1,1,2671,333.875
1764842228.801137,0,0,5828,728.500
1764842228.8051388,0,0,704,88.000
1764842228.8091443,0,0,-1765,-220.625
1764842228.8131392,0,0,-925,-115.625
1764842228.817135,1,1,2920,365.000
1764842228.8212233,0,0,6021,752.625
1764842228.8251522,0,0,1080,135.000
1764842228.8291285,0,0,-2132,-266.500
1764842228.8331225,0,0,-732,-91.500
1764842228.8371284,1,1,3080,385.000
1764842228.841137,0,0,6134,766.750
1764842228.845137,0,0,1420,177.500
1764842228.849132,0,0,-1724,-215.500
1764842228.8531227,0,0,-1217,-152.125
1764842228.8571336,1,1,2539,317.375
1764842228.8611386,0,0,5898,737.250
1764842228.8651352,0,0,1629,203.625
1764842228.8691394,0,0,-2267,-283.375
1764842228.8731377,0,0,-642,-80.250
1764842228.8771417,1,1,3110,388.750
1764842228.8811336,0,0,6175,771.875
1764842228.8851342,0,0,1961,245.125
1764842228.8891733,0,0,-1929,-241.125
1764842228.8931422,0,0,-1150,-143.750
1764842228.8971434,1,1,2557,319.625
1764842228.9011192,0,0,5910,738.750
1764842228.9051192,0,0,2194,274.250
1764842228.9091375,0,0,-1960,-245.000
1764842228.9131382,0,0,-1190,-148.750
1764842228.9171364,1,1,2484,310.500
1764842228.9211216,0,0,5867,733.375
1764842228.9251196,0,0,2389,298.625
1764842228.9291358,0,0,-1595,-199.375
1764842228.9331384,0,0,-1532,-191.500
1764842228.9371378,1,1,2024,253.000
1764842228.9411361,0,0,5623,702.875
1764842228.9451323,0,0,2705,338.125
1764842228.949136,0,0,-1501,-187.625
1764842228.953136,0,0,-1677,-209.625
1764842228.9571407,1,1,1759,219.875
1764842228.9611382,0,0,5469,683.625
1764842228.9651372,0,0,2943,367.875
1764842228.9691393,0,0,-1452,-181.500
1764842228.973133,0,0,-1759,-219.875
1764842228.9771843,1,1,5296,662.000
1764842228.9815035,0,0,3291,411.375
1764842228.9852183,0,0,-1964,-245.500
1764842228.9891937,0,0,-583,-72.875
1764842228.9931338,0,0,3004,375.500
1764842228.9971373,1,1,6063,757.875
1764842229.0011346,0,0,3665,458.125
1764842229.0051332,0,0,-1596,-199.500
1764842229.009135,0,0,-1692,-211.500
1764842229.0131326,0,0,1676,209.500
1764842229.0171347,1,1,5342,667.750
1764842229.0264509,0,0,-1656,-207.000
1764842229.029161,0,0,-1676,-209.500
1764842229.0331376,0,0,1689,211.125
1764842229.0371368,1,1,5319,664.875
1764842229.0411303,0,0,4031,503.875
1764842229.0451396,0,0,-1587,-198.375
1764842229.0491354,0,0,-1750,-218.750
1764842229.053121,0,0,1528,191.000
1764842229.0571322,1,1,5192,649.000
1764842229.0611339,0,0,4245,530.625
1764842229.0651336,0,0,-1342,-167.750
1764842229.0691378,0,0,-1789,-223.625
1764842229.0731351,0,0,983,122.875
1764842229.0771315,1,1,4828,603.500
1764842229.0811298,0,0,4411,551.375
1764842229.0851357,0,0,-1397,-174.625
1764842229.0891771,0,0,-1824,-228.000
1764842229.0931344,0,0,1086,135.750
1764842229.0971346,1,1,4868,608.500
1764842229.1011288,0,0,4682,585.250
1764842229.1051211,0,0,-1318,-164.750
1764842229.1091368,0,0,-1809,-226.125
1764842229.1131349,0,0,857,107.125
1764842229.1171386,1,1,4689,586.125
1764842229.1211343,0,0,4878,609.750
1764842229.1251302,0,0,-1248,-156.000
1764842229.1291413,0,0,-1806,-225.750
1764842229.1331356,0,0,698,87.250
1764842229.137141,1,1,4556,569.500
1764842229.1411304,0,0,5060,632.500
1764842229.145131,0,0,-1340,-167.500
1764842229.1491356,0,0,-1870,-233.750
1764842229.1531343,0,0,1248,156.000
1764842229.1571379,1,1,4877,609.625
1764842229.1611316,0,0,5309,663.625
1764842229.165132,0,0,-1055,-131.875
1764842229.1691356,0,0,-1722,-215.250
1764842229.1731334,0,0,274,34.250
1764842229.1771402,1,1,4185,523.125
1764842229.1811352,0,0,5296,662.000
1764842229.1851327,0,0,-993,-124.125
1764842229.18913,0,0,-1661,-207.625
1764842229.1932082,0,0,43,5.375
1764842229.1971803,1,1,3986,498.250
1764842229.2011766,0,0,5450,681.250
1764842229.2051764,0,0,-880,-110.000
1764842229.2091806,0,0,-1744,-218.000
1764842229.2131765,0,0,169,21.125
1764842229.2171783,1,1,4058,507.250
1764842229.22118,0,0,5650,706.250
1764842229.225256,0,0,-732,-91.500
1764842229.2291772,0,0,-2050,-256.250
1764842229.2331553,0,0,421,52.625
1764842229.23717,1,1,4208,526.000
1764842229.2411785,0,0,5863,732.875
1764842229.2451746,0,0,-524,-65.500
1764842229.2491653,0,0,-1920,-240.000
1764842229.253155,0,0,119,14.875
1764842229.2571716,1,1,3948,493.500
1764842229.2611823,0,0,5888,736.000
1764842229.2651958,0,0,-365,-45.625
1764842229.2691712,0,0,-1616,-202.000
1764842229.273177,0,0,-428,-53.500
1764842229.2771704,1,1,3474,434.250
1764842229.2811587,0,0,5820,727.500
1764842229.2851577,0,0,-185,-23.125
1764842229.2891746,0,0,-1673,-209.125
1764842229.2931924,0,0,-433,-54.125
1764842229.2971337,1,1,3444,430.500
1764842229.3011346,0,0,5920,740.000
1764842229.3051324,0,0,54,6.750
1764842229.3091216,0,0,-2008,-251.000
1764842229.3131137,0,0,-212,-26.500
1764842229.3171248,1,1,3605,450.625
1764842229.3211327,0,0,6082,760.250
1764842229.3251336,0,0,347,43.375
1764842229.3291368,0,0,-1893,-236.625
1764842229.3331292,0,0,-476,-59.500
1764842229.3371346,1,1,3342,417.750
1764842229.3411305,0,0,6022,752.750
1764842229.345129,0,0,509,63.625
1764842229.3491292,0,0,-1536,-192.000
1764842229.3531294,0,0,-1036,-129.500
1764842229.3571346,1,1,2781,347.625
1764842229.361128,0,0,5855,731.875
1764842229.3651292,0,0,831,103.875
1764842229.3691347,0,0,-1827,-228.375
1764842229.3731294,0,0,-793,-99.125
1764842229.377134,1,1,3005,375.625
1764842229.3811266,0,0,6010,751.250
1764842229.3851268,0,0,1143,142.875
1764842229.38912,0,0,-1823,-227.875
1764842229.3931267,0,0,-943,-117.875
1764842229.3971274,1,1,2824,353.000
1764842229.4011312,0,0,5956,744.500
1764842229.4051282,0,0,1408,176.000
1764842229.409135,0,0,-1711,-213.875
1764842229.4131277,0,0,-1173,-146.625
1764842229.4171355,1,1,2551,318.875
1764842229.421129,0,0,5848,731.000
1764842229.4252083,0,0,1678,209.750
1764842229.4291346,0,0,-1764,-220.500
1764842229.4331167,0,0,-1187,-148.375
1764842229.4371257,1,1,2514,314.250
1764842229.4411294,0,0,5847,730.875
1764842229.4451263,0,0,1974,246.750
1764842229.4491203,0,0,-1745,-218.125
1764842229.4531143,0,0,-1299,-162.375
1764842229.4571288,1,1,2355,294.375
1764842229.4611354,0,0,5772,721.500
1764842229.4651334,0,0,2270,283.750
1764842229.4691167,0,0,-1714,-214.250
1764842229.4731157,0,0,-1382,-172.750
1764842229.4771278,1,1,2228,278.500
1764842229.4811332,0,0,5704,713.000
1764842229.4851284,0,0,2554,319.250
1764842229.4891331,0,0,-1642,-205.250
1764842229.493131,0,0,-1506,-188.250
1764842229.4971461,1,1,2041,255.125
1764842229.5011191,0,0,5600,700.000
1764842229.5051126,0,0,2881,360.125
1764842229.5091288,0,0,-2012,-251.500
1764842229.5131269,0,0,-1309,-163.625
1764842229.517129,1,1,2274,284.250
1764842229.521113,0,0,5700,712.500
1764842229.5251122,0,0,3194,399.250
1764842229.5291297,0,0,-2035,-254.375
1764842229.5331287,0,0,-1322,-165.250
1764842229.5371306,1,1,2234,279.250
1764842229.541112,0,0,5654,706.750
1764842229.5451126,0,0,3363,420.375
1764842229.549129,0,0,-1399,-174.875
1764842229.553126,0,0,-1769,-221.125
1764842229.5571303,1,1,1137,142.125
1764842229.5611277,0,0,5017,627.125
1764842229.5651276,0,0,3479,434.875
1764842229.569132,0,0,-1376,-172.000
1764842229.5731246,0,0,-1741,-217.625
1764842229.5771298,1,1,679,84.875
1764842229.5811245,0,0,4699,587.375
1764842229.5851274,0,0,3749,468.625
1764842229.589129,0,0,-1637,-204.625
1764842229.5931246,0,0,-1724,-215.500
1764842229.5971603,1,1,5272,659.000
1764842229.6011248,0,0,4188,523.500
1764842229.6051285,0,0,-1746,-218.250
1764842229.6091213,0,0,-1684,-210.500
1764842229.6131063,0,0,1659,207.375
1764842229.617118,1,1,5271,658.875
1764842229.621126,0,0,4407,550.875
1764842229.6252134,0,0,-1482,-185.250
1764842229.6291325,0,0,-1826,-228.250
1764842229.6331136,0,0,1293,161.625
1764842229.637118,1,1,5015,626.875
1764842229.6411252,0,0,4583,572.875
1764842229.6451268,0,0,-1271,-158.875
1764842229.6491218,0,0,-1753,-219.125
1764842229.6531117,0,0,573,71.625
1764842229.657117,1,1,4517,564.625
1764842229.6611285,0,0,4689,586.125
1764842229.6651244,0,0,-1330,-166.250
1764842229.6691284,0,0,-1854,-231.750
1764842229.6731272,0,0,958,119.750
1764842229.6771336,1,1,4757,594.625
1764842229.6811235,0,0,5027,628.375
1764842229.6851242,0,0,-1221,-152.625
1764842229.689132,0,0,-1848,-231.000
1764842229.6931329,0,0,743,92.875
1764842229.6971402,1,1,4580,572.500
1764842229.7011137,0,0,5165,645.625
1764842229.7051098,0,0,-1095,-136.875
1764842229.7091253,0,0,-1693,-211.625
1764842229.7131248,0,0,190,23.750
1764842229.7171276,1,1,4156,519.500
1764842229.721125,0,0,5252,656.500
1764842229.7251244,0,0,-985,-123.125
1764842229.7291152,0,0,-802,-100.250
1764842229.7331116,0,0,-1203,-150.375
1764842229.7371213,1,1,-606,-75.750
1764842229.741129,0,0,2435,304.375
1764842229.7451227,0,0,-1503,-187.875
1764842229.749124,0,0,-1873,-234.125
1764842229.7531242,0,0,993,124.125
1764842229.7571304,1,1,4836,604.500
1764842229.7611237,0,0,6097,762.125
1764842229.7651248,0,0,-491,-61.375
1764842229.769128,0,0,-2200,-275.000
1764842229.7731214,0,0,204,25.500
1764842229.7771306,1,1,4191,523.875
1764842229.7811265,0,0,6020,752.500
1764842229.7851238,0,0,-347,-43.375
1764842229.7891104,0,0,-2209,-276.125
1764842229.7931044,0,0,61,7.625
1764842229.7971215,1,1,4039,504.875
1764842229.801127,0,0,6095,761.875
1764842229.8051224,0,0,-162,-20.250
1764842229.8091283,0,0,-2077,-259.625
1764842229.8131225,0,0,-295,-36.875
1764842229.8171215,1,1,3704,463.000
1764842229.821125,0,0,6087,760.875
1764842229.825207,0,0,44,5.500
1764842229.829128,0,0,-2193,-274.125
1764842229.833109,0,0,-297,-37.125
1764842229.8371174,1,1,3667,458.375
1764842229.841128,0,0,6173,771.625
1764842229.8451247,0,0,266,33.250
1764842229.8491175,0,0,-2021,-252.625
1764842229.8531082,0,0,-570,-71.250
1764842229.8571198,1,1,3386,423.250
1764842229.8611279,0,0,6142,767.750
1764842229.865125,0,0,508,63.500
1764842229.8691263,0,0,-2272,-284.000
1764842229.8731225,0,0,-347,-43.375
1764842229.8771281,1,1,3550,443.750
1764842229.8811224,0,0,6262,782.750
1764842229.885125,0,0,696,87.000
1764842229.8891304,0,0,-1790,-223.750
1764842229.893125,0,0,-1007,-125.875
1764842229.8971617,1,1,2882,360.250
1764842229.9011254,0,0,6018,752.250
1764842229.9051251,0,0,910,113.750
1764842229.9091272,0,0,-1983,-247.875
1764842229.9131262,0,0,-886,-110.750
1764842229.9171271,1,1,2982,372.750
1764842229.921122,0,0,6128,766.000
1764842229.9251227,0,0,1242,155.250
1764842229.9291267,0,0,-1949,-243.625
1764842229.9331284,0,0,-1036,-129.500
1764842229.93713,1,1,2793,349.125
1764842229.941107,0,0,6072,759.000
1764842229.9451053,0,0,1543,192.875
1764842229.9491317,0,0,-2090,-261.250
1764842229.9531264,0,0,-1026,-128.250
1764842229.9571242,1,1,2772,346.500
1764842229.9611084,0,0,6077,759.625
1764842229.965111,0,0,1809,226.125
1764842229.96913,0,0,-1910,-238.750
1764842229.973124,0,0,-1218,-152.250
1764842229.9771678,1,1,2524,315.500
1764842229.9814868,0,0,5969,746.125
1764842229.985204,0,0,2274,284.250
1764842229.9891334,0,0,-1862,-232.750
1764842229.9931226,0,0,320,40.000
1764842229.9971285,1,1,3869,483.625
1764842230.0011246,0,0,6525,815.625
1764842230.005119,0,0,2345,293.125
1764842230.009121,0,0,-1663,-207.875
1764842230.0131207,0,0,-1503,-187.875
1764842230.0171227,1,1,2092,261.500
1764842230.0211232,0,0,5691,711.375
1764842230.0305405,0,0,-1439,-179.875
1764842230.033141,0,0,-1439,-179.875
1764842230.037133,1,1,2164,270.500
1764842230.04111,0,0,5731,716.375
1764842230.0452223,0,0,2828,353.500
1764842230.0495775,0,0,-1862,-232.750
1764842230.0531905,0,0,-1442,-180.250
1764842230.0571291,1,1,2131,266.375
1764842230.0611274,0,0,5693,711.625
1764842230.0651245,0,0,3091,386.375
1764842230.0691128,0,0,-1609,-201.125
1764842230.0731177,0,0,-1646,-205.750
1764842230.0771184,1,1,1805,225.625
1764842230.081126,0,0,5493,686.625
1764842230.0851243,0,0,3352,419.000
1764842230.0891304,0,0,-1746,-218.250
1764842230.0931184,0,0,-1606,-200.750
1764842230.097124,1,1,1852,231.500
1764842230.10117,0,0,5498,687.250
1764842230.1051211,0,0,3624,453.000
1764842230.1091125,0,0,-1428,-178.500
1764842230.1131036,0,0,-1790,-223.750
1764842230.1171155,1,1,1149,143.625
1764842230.1211238,0,0,5052,631.500
1764842230.1251225,0,0,3813,476.625
1764842230.1291273,0,0,-1654,-206.750
1764842230.1331236,0,0,-1738,-217.250
1764842230.1371255,1,1,1587,198.375
1764842230.1411095,0,0,5300,662.500
1764842230.1451073,0,0,4138,517.250
1764842230.1491268,0,0,-1426,-178.250
1764842230.1531193,0,0,-1813,-226.625
1764842230.1571207,1,1,1069,133.625
1764842230.161105,0,0,4951,618.875
1764842230.1651073,0,0,4280,535.000
1764842230.1691253,0,0,-1369,-171.125
1764842230.1731246,0,0,-1806,-225.750
1764842230.1771238,1,1,914,114.250
1764842230.1811175,0,0,4828,603.500
1764842230.1851192,0,0,4501,562.625
1764842230.1891208,0,0,-1422,-177.750
1764842230.1931195,0,0,-1848,-231.000
1764842230.197122,1,1,996,124.500
1764842230.2011533,0,0,4855,606.875
1764842230.2051208,0,0,4758,594.750
1764842230.2091298,0,0,-1274,-159.250
1764842230.213119,0,0,-1765,-220.625
1764842230.217126,1,1,491,61.375
1764842230.2211192,0,0,4894,611.750
1764842230.225117,0,0,-1271,-158.875
1764842230.229206,0,0,-1861,-232.625
1764842230.2331347,0,0,735,91.875
1764842230.2371233,1,1,4630,578.750
1764842230.2411027,0,0,5171,646.375
1764842230.245101,0,0,-1106,-138.250
1764842230.2491236,0,0,-1650,-206.250
1764842230.2531219,0,0,16,2.000
1764842230.2571213,1,1,4067,508.375
1764842230.2611015,0,0,5188,648.500
1764842230.2651012,0,0,-1071,-133.875
1764842230.2691207,0,0,-1778,-222.250
1764842230.2731218,0,0,284,35.500
1764842230.277127,1,1,4254,531.750
1764842230.2811203,0,0,5448,681.000
1764842230.2851186,0,0,-979,-122.375
1764842230.2891152,0,0,-2049,-256.125
1764842230.2931187,0,0,585,73.125
1764842230.2971277,1,1,4442,555.250
1764842230.3011367,0,0,5707,713.375
1764842230.3051183,0,0,-792,-99.000
1764842230.3091185,0,0,-1902,-237.750
1764842230.3131182,0,0,226,28.250
1764842230.3171232,1,1,4142,517.750
1764842230.3211045,0,0,5784,723.000
1764842230.325101,0,0,-611,-76.375
1764842230.3291214,0,0,-1683,-210.375
1764842230.3331156,0,0,-229,-28.625
1764842230.337121,1,1,3759,469.875
1764842230.3411195,0,0,5738,717.250
1764842230.3451164,0,0,-542,-67.750
1764842230.349114,0,0,-1380,-172.500
1764842230.3531137,0,0,-887,-110.875
1764842230.3571231,1,1,3112,389.000
1764842230.3611186,0,0,5651,706.375
1764842230.3651164,0,0,-281,-35.125
1764842230.369122,0,0,-1774,-221.750
1764842230.3731189,0,0,-452,-56.500
1764842230.3771207,1,1,3511,438.875
1764842230.3811166,0,0,5979,747.375
1764842230.3851173,0,0,30,3.750
1764842230.389118,0,0,-2158,-269.750
1764842230.3931139,0,0,-212,-26.500
1764842230.397119,1,1,3689,461.125
1764842230.4011157,0,0,6142,767.750
1764842230.4052246,0,0,250,31.250
1764842230.4091713,0,0,-1879,-234.875
1764842230.4131584,0,0,-591,-73.875
1764842230.4171622,1,1,3319,414.875
1764842230.4211576,0,0,6058,757.250
1764842230.4251585,0,0,424,53.000
1764842230.4292402,0,0,-1625,-203.125
1764842230.4331605,0,0,-1015,-126.875
1764842230.4371464,1,1,2870,358.750
1764842230.4411416,0,0,5937,742.125
1764842230.445141,0,0,688,86.000
1764842230.4491656,0,0,-1963,-245.375
1764842230.4531603,0,0,-747,-93.375
1764842230.4571607,1,1,3118,389.750
1764842230.4611402,0,0,6119,764.875
1764842230.4651458,0,0,1020,127.500
1764842230.4691703,0,0,-1751,-218.875
1764842230.4731653,0,0,-1107,-138.375
1764842230.477165,1,1,2712,339.000
1764842230.48116,0,0,5973,746.625
1764842230.4851587,0,0,1264,158.000
1764842230.489171,0,0,-2112,-264.000
1764842230.4931612,0,0,-884,-110.500
1764842230.4971693,1,1,2926,365.750
1764842230.501163,0,0,6116,764.500
1764842230.505241,0,0,1664,208.000
1764842230.5091116,0,0,-2250,-281.250
1764842230.5131028,0,0,-795,-99.375
1764842230.5171156,1,1,2977,372.125
1764842230.521119,0,0,6140,767.500
1764842230.5251162,0,0,1898,237.250
1764842230.5291111,0,0,-1917,-239.625
1764842230.5331042,0,0,-1180,-147.500
1764842230.5371044,1,1,2540,317.500
1764842230.5411,0,0,5929,741.125
1764842230.5450995,0,0,2100,262.500
1764842230.5491188,0,0,-1725,-215.625
1764842230.5531182,0,0,-1404,-175.500
1764842230.5571218,1,1,2240,280.000
1764842230.5611172,0,0,5777,722.125
1764842230.565115,0,0,2348,293.500
1764842230.5691204,0,0,-1900,-237.500
1764842230.573116,0,0,-1302,-162.750
1764842230.5771205,1,1,2348,293.500
1764842230.5811167,0,0,5829,728.625
1764842230.5851128,0,0,2668,333.500
1764842230.5891163,0,0,-1781,-222.625
1764842230.5931118,0,0,-1449,-181.125
1764842230.5971205,1,1,2131,266.375
1764842230.6011145,0,0,5700,712.500
1764842230.6051323,0,0,2921,365.125
1764842230.6091216,0,0,-1516,-189.500
1764842230.6131134,0,0,-1693,-211.625
1764842230.6171227,1,1,1720,215.000
1764842230.6211169,0,0,5456,682.000
1764842230.6251159,0,0,3149,393.625
1764842230.6292014,0,0,-1452,-181.500
1764842230.6331258,0,0,-1771,-221.375
1764842230.6371186,0,1,1398,174.750
1764842230.6411138,0,0,5258,657.250
1764842230.645112,0,0,3440,430.000
1764842230.6491175,0,0,-1976,-247.000
1764842230.6531148,0,0,-1439,-179.875
1764842230.657114,0,0,2085,260.625
1764842230.6610997,0,0,5626,703.250
1764842230.6650994,0,0,3756,469.500
1764842230.669123,0,0,-1669,-208.625
1764842230.6731155,0,0,-1703,-212.875
1764842230.6771195,0,0,1659,207.375
1764842230.6811154,0,0,5351,668.875
1764842230.6851158,0,0,3960,495.000
1764842230.6891232,0,0,-1401,-175.125
1764842230.6931136,0,0,-1784,-223.000
1764842230.697118,0,0,929,116.125
1764842230.7011118,0,0,4873,609.125
1764842230.7051492,0,0,4131,516.375
1764842230.7091398,0,0,-1510,-188.750
1764842230.7131195,0,0,-1824,-228.000
1764842230.7171154,0,0,1333,166.625
1764842230.721098,0,0,5110,638.750
1764842230.725099,0,0,4429,553.625
1764842230.729116,0,0,-1435,-179.375
1764842230.7331154,0,0,-1843,-230.375
1764842230.737113,0,0,1095,136.875
1764842230.7410955,0,0,4929,616.125
1764842230.7450962,0,0,4589,573.625
1764842230.7491193,0,0,-1318,-164.750
1764842230.7531135,0,0,-1806,-225.750
1764842230.7571144,0,0,794,99.250
1764842230.7611105,0,0,4705,588.125
1764842230.7651114,0,0,4809,601.125
1764842230.769119,0,0,-1323,-165.375
1764842230.7731125,0,0,-1857,-232.125
1764842230.7771184,0,0,860,107.500
1764842230.7811108,0,0,4719,589.875
1764842230.7851093,0,0,5051,631.375
1764842230.7891011,0,0,-1254,-156.750
1764842230.7930963,0,0,-1884,-235.500
1764842230.7971084,0,0,779,97.375
1764842230.801111,0,0,4631,578.875
1764842230.8051102,0,0,5212,651.500
1764842230.8091168,0,0,-1183,-147.875
1764842230.8131151,0,0,-1843,-230.375
1764842230.817119,0,0,576,72.000
1764842230.8211145,0,0,4458,557.250
1764842230.8251128,0,0,5357,669.625
1764842230.8292031,0,0,-1104,-138.000
1764842230.83313,0,0,-2001,-250.125
1764842230.8371153,0,0,717,89.625
1764842230.8410993,0,0,4523,565.375
1764842230.8450944,0,0,-940,-117.500
1764842230.8491123,0,0,-1863,-232.875
1764842230.8531146,0,0,370,46.250
1764842230.857114,0,0,4240,530.000
1764842230.8610957,1,0,5634,704.250
1764842230.8650947,0,0,-804,-100.500
1764842230.8691146,0,0,-1741,-217.625
1764842230.873113,0,0,82,10.250
1764842230.8771207,0,0,3990,498.750
1764842230.8811128,0,0,5695,711.875
1764842230.885112,0,0,-664,-83.000
1764842230.8891158,0,0,-1765,-220.625
1764842230.8931105,0,0,10,1.250
1764842230.897118,0,0,3905,488.125
1764842230.9011111,0,0,5840,730.000
1764842230.9051116,0,0,-439,-54.875
1764842230.909151,0,0,-1822,-227.750
1764842230.9131098,0,0,-101,-12.625
1764842230.9171162,0,0,3782,472.750
1764842230.9211113,0,0,5920,740.000
1764842230.9251137,0,0,-239,-29.875
1764842230.9291224,0,0,-1758,-219.750
1764842230.9331098,0,0,-321,-40.125
1764842230.9371147,0,0,3571,446.375
1764842230.9411116,0,0,5946,743.250
1764842230.945115,0,0,-36,-4.500
1764842230.9491098,0,0,-1582,-197.750
1764842230.953094,0,0,-710,-88.750
1764842230.957101,0,0,3195,399.375
1764842230.9611115,0,0,5896,737.000
1764842230.9651163,0,0,195,24.375
1764842230.9691095,0,0,-1727,-215.875
1764842230.9730945,0,0,-685,-85.625
1764842230.977146,0,0,3191,398.875
1764842230.9814682,0,0,6015,751.875
1764842230.9851916,0,0,711,88.875
1764842230.989123,0,0,-1523,-190.375
1764842230.9931104,0,0,1418,177.250
1764842230.9971104,0,0,4714,589.250
1764842231.0011055,0,1,6552,819.000
1764842231.0051067,0,0,715,89.375
1764842231.0091553,0,0,-1389,-173.625
1764842231.0131128,0,0,-1246,-155.750
1764842231.0171087,0,0,2527,315.875
1764842231.021106,0,0,5746,718.250
1764842231.0251062,0,0,858,107.250
1764842231.0344465,0,0,-838,-104.750
1764842231.0371377,0,0,2947,368.375
1764842231.041116,1,1,5993,749.125
1764842231.0451117,0,0,1147,143.375
1764842231.04911,0,0,-1723,-215.375
1764842231.0531096,0,0,-1054,-131.750
1764842231.0571096,0,0,2700,337.500
1764842231.0611074,0,0,5914,739.250
1764842231.065105,0,0,1511,188.875
1764842231.0691032,0,0,-1692,-211.500
1764842231.0730965,0,0,-1210,-151.250
1764842231.0771062,0,0,2497,312.125
1764842231.0811076,0,0,5835,729.375
1764842231.0851061,0,0,1788,223.500
1764842231.0891051,0,0,-1599,-199.875
1764842231.093095,0,0,-1387,-173.375
1764842231.0971184,0,0,2261,282.625
1764842231.1011136,0,0,5735,716.875
1764842231.1051097,0,0,2123,265.375
1764842231.1091511,0,0,-1707,-213.375
1764842231.1131122,0,0,-1358,-169.750
1764842231.117116,0,0,2274,284.250
1764842231.1211097,1,0,5744,718.000
1764842231.1251082,0,0,2404,300.500
1764842231.1291165,0,0,-1636,-204.500
1764842231.1331072,0,0,-1489,-186.125
1764842231.1371052,0,0,2081,260.125
1764842231.1410954,0,0,5650,706.250
1764842231.1450915,0,0,2604,325.500
1764842231.1491086,0,0,-1445,-180.625
1764842231.1531067,0,0,-1769,-221.125
1764842231.1571126,0,0,1278,159.750
1764842231.161109,0,0,5188,648.500
1764842231.1651084,0,0,2763,345.375
1764842231.1691136,0,0,-1416,-177.000
1764842231.1731076,0,0,-1746,-218.250
1764842231.1771166,0,0,739,92.375
1764842231.1811106,1,1,4839,604.875
1764842231.1851125,0,0,3050,381.250
1764842231.18911,0,0,-1431,-178.875
1764842231.1931057,0,0,-1781,-222.625
1764842231.1971126,0,0,1351,168.875
1764842231.2011087,0,1,5248,656.000
1764842231.2051086,0,0,3567,445.875
1764842231.209148,0,0,-1531,-191.375
1764842231.2131088,0,0,-1794,-224.250
1764842231.2171082,0,0,1415,176.875
1764842231.2211103,0,0,5269,658.625
1764842231.2251093,0,0,3860,482.500
1764842231.2291114,0,0,-1507,-188.375
1764842231.2331955,0,0,-1818,-227.250
1764842231.2371275,0,0,1317,164.625
1764842231.2410927,1,0,5184,648.000
1764842231.2450938,0,0,4097,512.125
1764842231.2491133,0,0,-1407,-175.875
1764842231.2531078,0,0,-1784,-223.000
1764842231.2571082,0,0,745,93.125
1764842231.2610912,0,0,4784,598.000
1764842231.265093,0,0,4209,526.125
1764842231.2691116,0,0,-1324,-165.500
1764842231.273108,0,0,-1693,-211.625
1764842231.2771106,0,0,250,31.250
1764842231.281104,1,1,4413,551.625
1764842231.2851086,0,0,4339,542.375
1764842231.2891028,0,0,-1329,-166.125
1764842231.293092,0,0,-1755,-219.375
1764842231.297096,0,0,435,54.375
1764842231.3011062,1,0,4539,567.375
1764842231.3051069,0,0,4710,588.750
1764842231.309162,0,0,-1362,-170.250
1764842231.313112,0,0,-1865,-233.125
1764842231.3171098,0,0,702,87.750
1764842231.32109,1,0,4707,588.375
1764842231.3250875,0,0,5001,625.125
1764842231.3291094,0,0,-1198,-149.750
1764842231.3331208,0,0,-1723,-215.375
1764842231.3371093,0,0,168,21.000
1764842231.3410876,1,1,4283,535.375
1764842231.345089,0,0,5088,636.000
1764842231.3491058,0,0,-1192,-149.000
1764842231.3531063,0,0,-1817,-227.125
1764842231.3571088,0,0,335,41.875
1764842231.3610892,1,1,4389,548.625
1764842231.365087,0,0,5334,666.750
1764842231.3691087,0,0,-1078,-134.750
1764842231.3731084,0,0,-1764,-220.500
1764842231.3771126,0,0,115,14.375
1764842231.3811085,1,1,4186,523.250
1764842231.3851063,0,0,5459,682.375
1764842231.3891063,0,0,-937,-117.125
1764842231.3931065,0,0,-1547,-193.375
1764842231.3971126,0,0,-488,-61.000
1764842231.4011059,1,1,3646,455.750
1764842231.4051068,0,0,5461,682.625
1764842231.4091113,0,0,-787,-98.375
1764842231.4131408,0,0,-1651,-206.375
1764842231.4171126,0,0,-420,-52.500
1764842231.421106,1,1,3687,460.875
1764842231.4251053,0,0,5643,705.375
1764842231.4291055,0,0,-610,-76.250
1764842231.4331858,0,0,-1714,-214.250
1764842231.4371233,0,0,-451,-56.375
1764842231.4410913,1,1,3635,454.375
1764842231.4450934,0,0,5825,728.125
1764842231.4491096,0,0,-359,-44.875
1764842231.4531054,0,0,-2006,-250.750
1764842231.4571056,0,0,-268,-33.500
1764842231.4610913,1,1,3767,470.875
1764842231.4650955,0,0,-169,-21.125
1764842231.4690914,0,0,-1742,-217.750
1764842231.473086,0,0,-715,-89.375
1764842231.4770987,0,0,3322,415.250
1764842231.4811068,1,1,5976,747.000
1764842231.485104,0,0,80,10.000
1764842231.4891133,0,0,-2015,-251.875
1764842231.493105,0,0,-562,-70.250
1764842231.4971092,0,0,3440,430.000
1764842231.5011027,1,1,6152,769.000
1764842231.5051026,0,0,361,45.125
1764842231.509108,0,0,-2077,-259.625
1764842231.5131407,0,0,-661,-82.625
1764842231.5171075,0,0,3308,413.500
1764842231.5211003,1,1,6172,771.500
1764842231.5251052,0,0,592,74.000
1764842231.5291088,0,0,-2228,-278.500
1764842231.5331023,0,0,-603,-75.375
1764842231.5371032,0,0,3332,416.500
1764842231.5410852,1,1,6239,779.875
1764842231.5450876,0,0,801,100.125
1764842231.5490882,0,0,-1986,-248.250
1764842231.5531106,0,0,-918,-114.750
1764842231.5570977,0,0,2985,373.125
1764842231.5610883,1,1,6142,767.750
1764842231.5650876,0,0,1065,133.125
1764842231.5691078,0,0,-2156,-269.500
1764842231.5731037,0,0,-857,-107.125
1764842231.577103,0,0,3020,377.500
1764842231.581085,1,1,6198,774.750
1764842231.5850835,0,0,1336,167.000
1764842231.589107,0,0,-1709,-213.625
1764842231.5931056,0,0,-1359,-169.875
1764842231.5971107,0,0,2413,301.625
1764842231.6011002,1,1,5923,740.375
1764842231.6051006,0,0,1507,188.375
1764842231.6091075,0,0,-1858,-232.250
1764842231.613138,0,0,-1266,-158.250
1764842231.617111,0,0,2508,313.500
1764842231.6210995,1,1,6009,751.125
1764842231.6251013,0,0,1847,230.875
1764842231.629104,0,0,-1695,-211.875
1764842231.6331806,0,0,-1508,-188.500
1764842231.63712,0,0,2158,269.750
1764842231.641088,1,1,5839,729.875
1764842231.6450858,0,0,2117,264.625
1764842231.6490905,0,0,-1527,-190.875
1764842231.6530874,0,0,-1734,-216.750
1764842231.657093,0,0,1738,217.250
1764842231.6611025,1,1,5616,702.000
1764842231.6650977,0,0,2367,295.875
1764842231.6691024,0,0,-1600,-200.000
1764842231.6731033,0,0,-1680,-210.000
1764842231.6771078,0,0,1836,229.500
1764842231.681103,1,1,5677,709.625
1764842231.6850977,0,0,2645,330.625
1764842231.689105,0,0,-1554,-194.250
1764842231.6931014,0,0,-1756,-219.500
1764842231.697108,0,0,1650,206.250
1764842231.7011013,1,1,5565,695.625
1764842231.705107,0,0,2973,371.625
1764842231.709094,0,0,-1512,-189.000
1764842231.7130826,0,0,-1815,-226.875
1764842231.7171333,0,0,1337,167.125
1764842231.721103,1,1,5362,670.250
1764842231.7251012,0,0,3224,403.000
1764842231.7290921,0,0,-1645,-205.625
1764842231.7330835,0,0,-1784,-223.000
1764842231.737094,0,0,1560,195.000
1764842231.7411034,1,1,5492,686.500
1764842231.745101,0,0,3568,446.000
1764842231.749105,0,0,-1579,-197.375
1764842231.753099,0,0,-1839,-229.875
1764842231.7571046,0,0,1320,165.000
1764842231.7611012,1,1,5321,665.125
1764842231.7651005,0,0,3774,471.750
1764842231.7691069,0,0,-1516,-189.500
1764842231.7731004,0,0,-1841,-230.125
1764842231.7771041,0,0,1013,126.625
1764842231.7811012,1,1,5099,637.375
1764842231.7850995,0,0,3992,499.000
1764842231.7890913,0,0,-1461,-182.625
1764842231.793082,0,0,-1789,-223.625
1764842231.7970917,0,0,572,71.500
1764842231.8011,1,1,4770,596.250
1764842231.8051045,0,0,4163,520.375
1764842231.8091066,0,0,-1429,-178.625
1764842231.8131006,0,0,-1649,-206.125
1764842231.8171356,0,0,-12,-1.500
1764842231.8211005,1,1,4299,537.375
1764842231.8251014,0,0,4274,534.250
1764842231.8291008,0,0,-1406,-175.750
1764842231.8331878,0,0,-1724,-215.500
1764842231.837118,0,0,163,20.375
1764842231.841085,1,1,4433,554.125
1764842231.8450825,0,0,4607,575.875
1764842231.8491058,0,0,-1359,-169.875
1764842231.8531027,0,0,-1620,-202.500
1764842231.8571022,0,0,-212,-26.500
1764842231.8610826,1,1,4099,512.375
1764842231.8650944,0,0,4745,593.125
1764842231.8690987,0,0,-1334,-166.750
1764842231.8731003,0,0,-1932,-241.500
1764842231.8771067,0,0,447,55.875
1764842231.881096,1,1,4616,577.000
1764842231.8850951,0,0,5174,646.750
1764842231.8891034,0,0,-1170,-146.250
1764842231.893099,0,0,-1604,-200.500
1764842231.8971028,0,0,-430,-53.750
1764842231.9010956,1,1,3856,482.000
1764842231.905097,0,0,5119,639.875
1764842231.9091,0,0,-1071,-133.875
1764842231.913099,0,0,-1666,-208.250
1764842231.9171405,0,0,-431,-53.875
1764842231.921099,1,1,3835,479.375
1764842231.925097,0,0,5352,669.000
1764842231.929101,0,0,-893,-111.625
1764842231.9330978,0,0,-1685,-210.625
1764842231.937103,0,0,-568,-71.000
1764842231.941098,1,1,3682,460.250
1764842231.9450939,0,0,5515,689.375
1764842231.949095,0,0,-698,-87.250
1764842231.9530945,0,0,-1856,-232.000
1764842231.9571044,0,0,-501,-62.625
1764842231.961099,1,1,3734,466.750
1764842231.9651015,0,0,5701,712.625
1764842231.9691033,0,0,-549,-68.625
1764842231.9730973,0,0,-1349,-168.625
1764842231.9771318,0,0,-1486,-185.750
1764842231.981471,1,1,2562,320.250
1764842231.985177,0,0,5387,673.375
1764842231.9891095,0,0,-326,-40.750
1764842231.993095,0,0,-2136,-267.000
1764842231.9970992,0,0,491,61.375
1764842232.0010958,1,1,4511,563.875
1764842232.0050976,0,0,6404,800.500
1764842232.0090957,0,0,-1,-0.125
1764842232.0130935,0,0,-1549,-193.625
1764842232.0170956,0,0,-1470,-183.750
1764842232.0211434,1,1,2525,315.625
1764842232.0250995,0,0,5609,701.125
1764842232.029098,0,0,-14,-1.750
1764842232.038492,1,1,2329,291.125
1764842232.041136,1,1,2329,291.125
1764842232.0451038,0,0,5688,711.000
1764842232.0490935,0,0,311,38.875
1764842232.0530813,0,0,-2050,-256.250
1764842232.0570893,0,0,-1061,-132.625
1764842232.0611124,1,1,3004,375.500
1764842232.065105,0,0,6135,766.875
1764842232.069089,0,0,549,68.625
1764842232.0730793,0,0,-1766,-220.750
1764842232.0770898,0,0,-1477,-184.625
1764842232.0810947,1,1,2436,304.500
1764842232.085096,0,0,773,96.625
1764842232.0890946,0,0,-1634,-204.250
1764842232.0930817,0,0,-1735,-216.875
1764842232.0970895,0,0,1978,247.250
1764842232.101097,1,1,5783,722.875
1764842232.1050985,0,0,1064,133.000
1764842232.1090896,0,0,-1913,-239.125
1764842232.113081,0,0,-1512,-189.000
1764842232.1170878,0,0,2326,290.750
1764842232.121143,1,1,6052,756.500
1764842232.1250944,0,0,1357,169.625
1764842232.1291053,0,0,-1605,-200.625
1764842232.1330967,0,0,-1867,-233.375
1764842232.1370978,0,0,1280,160.000
1764842232.1410787,1,1,5442,680.250
1764842232.1450782,0,0,1428,178.500
1764842232.1491005,0,0,-1668,-208.500
1764842232.153097,0,0,-1886,-235.750
1764842232.1570926,0,0,1310,163.750
1764842232.1610763,1,1,5529,691.125
1764842232.1650772,0,0,1795,224.375
1764842232.1690972,0,0,-1731,-216.375
1764842232.1730962,0,0,-1905,-238.125
1764842232.1771007,0,0,1351,168.875
1764842232.181094,1,1,5595,699.375
1764842232.1850939,0,0,2086,260.750
1764842232.1890824,0,0,-1713,-214.125
1764842232.1930785,0,0,-1912,-239.000
1764842232.1970928,0,0,981,122.625
1764842232.2010958,1,1,5363,670.375
1764842232.2050939,0,0,2338,292.250
1764842232.2090995,0,0,-1736,-217.000
1764842232.213094,0,0,-1874,-234.250
1764842232.217101,0,0,631,78.875
1764842232.2211611,1,1,5114,639.250
1764842232.225139,0,0,2540,317.500
1764842232.2291398,0,0,-1759,-219.875
1764842232.2331357,0,0,-1907,-238.375
1764842232.2372332,0,0,626,78.250
1764842232.2411535,1,1,5128,641.000
1764842232.2451425,0,0,2939,367.375
1764842232.2491348,0,0,-1802,-225.250
1764842232.253118,0,0,-1941,-242.625
1764842232.2571309,0,0,549,68.625
1764842232.2611406,1,1,5069,633.625
1764842232.2651381,0,0,3230,403.750
1764842232.2691207,0,0,-1759,-219.875
1764842232.2731168,0,0,-1935,-241.875
1764842232.2771306,0,0,338,42.250
1764842232.2811396,1,1,4893,611.625
1764842232.2851412,0,0,3454,431.750
1764842232.289136,0,0,-1734,-216.750
1764842232.293118,0,0,-1794,-224.250
1764842232.2971299,0,0,-153,-19.125
1764842232.3011396,1,1,4456,557.000
1764842232.3051393,0,0,3521,440.125
1764842232.3091395,0,0,-1684,-210.500
1764842232.3131347,0,0,-1945,-243.125
1764842232.3171403,0,0,2,0.250
1764842232.3211381,1,1,4591,573.875
1764842232.3252308,0,0,3925,490.625
1764842232.3291051,0,0,-1558,-194.750
1764842232.3330936,0,0,-2056,-257.000
1764842232.337097,0,0,-132,-16.500
1764842232.341092,1,1,4453,556.625
1764842232.345094,0,0,4218,527.250
1764842232.3490934,0,0,-1426,-178.250
1764842232.3530931,0,0,-2051,-256.375
1764842232.3570983,0,0,-411,-51.375
1764842232.361091,1,1,4167,520.875
1764842232.3650942,0,0,4374,546.750
1764842232.3691006,0,0,-1321,-165.125
1764842232.3731134,0,0,-2146,-268.250
1764842232.3771064,0,0,-459,-57.375
1764842232.3810766,1,1,4102,512.750
1764842232.3850744,0,0,4620,577.500
1764842232.389096,0,0,-1183,-147.875
1764842232.393093,0,0,-2181,-272.625
1764842232.3970916,0,0,-607,-75.875
1764842232.4010751,1,1,3923,490.375
1764842232.4050744,0,0,4781,597.625
1764842232.409096,0,0,-1065,-133.125
1764842232.4130921,0,0,-1993,-249.125
1764842232.417098,0,0,-1078,-134.750
1764842232.4210908,1,1,3367,420.875
1764842232.4250925,0,0,4798,599.750
1764842232.429094,0,0,-943,-117.875
1764842232.43309,0,0,-2203,-275.375
1764842232.437182,0,0,-954,-119.250
1764842232.4411035,1,1,3493,436.625
1764842232.445088,0,0,5081,635.125
1764842232.4490857,0,0,-773,-96.625
1764842232.4530785,0,0,-2232,-279.000
1764842232.4570878,0,0,-1076,-134.500
1764842232.4610922,1,1,3318,414.750
1764842232.4650896,0,0,5236,654.500
1764842232.4690828,0,0,-604,-75.500
1764842232.4730775,0,0,-2259,-282.375
1764842232.4770873,0,0,-1150,-143.750
1764842232.4810946,1,1,3197,399.625
1764842232.4850893,0,0,5390,673.750
1764842232.4890997,0,0,-438,-54.750
1764842232.493094,0,0,-2181,-272.625
1764842232.497097,0,0,-1434,-179.250
1764842232.5010896,1,1,2776,347.000
1764842232.5050883,0,0,5353,669.125
1764842232.5090814,0,0,-323,-40.375
1764842232.5130732,0,0,-2160,-270.000
1764842232.5170894,0,0,-1566,-195.750
1764842232.5210955,1,1,2542,317.750
1764842232.5251315,0,0,5452,681.500
1764842232.5290878,0,0,-99,-12.375
1764842232.5330744,0,0,-2290,-286.250
1764842232.5370789,0,0,-1250,-156.250
1764842232.5410762,1,1,2973,371.625
1764842232.545075,0,0,5901,737.625
1764842232.5490901,0,0,207,25.875
1764842232.55309,0,0,-2214,-276.750
1764842232.557089,0,0,-1653,-206.625
1764842232.5610938,1,1,2326,290.750
1764842232.565091,0,0,5659,707.375
1764842232.5690997,0,0,283,35.375
1764842232.5730865,0,0,-2183,-272.875
1764842232.5770931,0,0,-1761,-220.125
1764842232.5810928,1,1,2095,261.875
1764842232.5850902,0,0,5668,708.500
1764842232.58908,0,0,478,59.750
1764842232.593073,0,0,-2128,-266.000
1764842232.597083,0,0,-1929,-241.125
1764842232.6010919,1,1,1674,209.250
1764842232.6050875,0,0,5516,689.500
1764842232.6090956,0,0,619,77.375
1764842232.613087,0,0,-2107,-263.375
1764842232.6170917,0,0,-2019,-252.375
1764842232.6210861,1,1,1316,164.500
1764842232.6251016,0,0,5393,674.125
1764842232.6290932,0,0,821,102.625
1764842232.6330876,0,0,-2162,-270.250
1764842232.6371734,0,0,-1883,-235.375
1764842232.641101,1,1,1736,217.000
1764842232.6450903,0,0,5815,726.875
1764842232.6490877,0,0,1239,154.875
1764842232.6530747,0,0,-2111,-263.875
1764842232.6570792,0,0,-1915,-239.375
1764842232.661089,1,1,1625,203.125
1764842232.6650863,0,0,5817,727.125
1764842232.6690803,0,0,1473,184.125
1764842232.6730733,0,0,-2069,-258.625
1764842232.6770842,0,0,-2014,-251.750
1764842232.6810899,1,1,1339,167.375
1764842232.6850877,0,0,5680,710.000
1764842232.689098,0,0,1704,213.000
1764842232.69309,0,0,-2026,-253.250
1764842232.6970947,0,0,-2116,-264.500
1764842232.7010858,1,1,945,118.125
1764842232.705086,0,0,1868,233.500
1764842232.7090914,0,0,-1994,-249.250
1764842232.7130888,0,0,-2111,-263.875
1764842232.7170923,0,0,963,120.375
1764842232.721084,1,1,5486,685.750
1764842232.7250857,0,0,2185,273.125
1764842232.729097,0,0,-1929,-241.125
1764842232.733089,0,0,-2085,-260.625
1764842232.7370918,0,0,1028,128.500
1764842232.7410893,1,1,5564,695.500
1764842232.7450857,0,0,2515,314.375
1764842232.7490864,0,0,-1856,-232.000
1764842232.753088,0,0,-2151,-268.875
1764842232.7570944,0,0,777,97.125
1764842232.761088,1,1,5396,674.500
1764842232.765086,0,0,2655,331.875
1764842232.7690945,0,0,-1822,-227.750
1764842232.7730877,0,0,-2136,-267.000
1764842232.7770941,0,0,-440,-55.000
1764842232.7810876,1,1,4279,534.875
1764842232.7850873,0,0,2579,322.375
1764842232.7890756,0,0,-1803,-225.375
1764842232.7930803,0,0,-2217,-277.125
1764842232.797098,0,0,422,52.750
1764842232.8010864,1,1,5111,638.875
1764842232.8050845,0,0,3287,410.875
1764842232.8090847,0,0,-1612,-201.500
1764842232.8130841,0,0,-2264,-283.000
1764842232.8170893,0,0,162,20.250
1764842232.8210697,1,1,4869,608.625
1764842232.825071,0,0,3489,436.125
1764842232.8291352,0,0,-1541,-192.625
1764842232.833125,0,0,-2300,-287.500
1764842232.8372152,0,0,-357,-44.625
1764842232.8411405,1,1,4364,545.500
1764842232.8451295,0,0,3587,448.375
1764842232.8491251,0,0,-1474,-184.250
1764842232.8531117,0,0,-2281,-285.125
1764842232.8571224,0,0,15,1.875
1764842232.8611305,1,1,4711,588.875
1764842232.8651295,0,0,4008,501.000
1764842232.8691175,0,0,-1334,-166.750
1764842232.8731077,0,0,-2312,-289.000
1764842232.8771217,0,0,-285,-35.625
1764842232.8811302,1,1,4400,550.000
1764842232.88513,0,0,4160,520.000
1764842232.8891513,0,0,-1251,-156.375
1764842232.8931308,0,0,-2316,-289.500
1764842232.8971334,0,0,-357,-44.625
1764842232.9011261,1,1,4309,538.625
1764842232.9051278,0,0,4405,550.625
1764842232.9091287,0,0,-1134,-141.750
1764842232.9131312,0,0,-2323,-290.375
1764842232.9171324,0,0,-868,-108.500
1764842232.921108,1,1,3729,466.125
1764842232.9251122,0,0,4384,548.000
1764842232.9291055,0,0,-1075,-134.375
1764842232.9330895,0,0,-2330,-291.250
1764842232.937086,0,0,-808,-101.000
1764842232.9410665,1,1,3780,472.500
1764842232.945065,0,0,4681,585.125
1764842232.9490893,0,0,-920,-115.000
1764842232.9530828,0,0,-2321,-290.125
1764842232.9570892,0,0,-1098,-137.250
1764842232.9610796,1,1,3398,424.750
1764842232.9650815,0,0,4763,595.375
1764842232.9690964,0,0,-801,-100.125
1764842232.9730835,0,0,-2320,-290.000
1764842232.9771187,0,0,-1169,-146.125
1764842232.9814534,1,1,3278,409.750
1764842232.9851646,0,0,5113,639.125
1764842232.9890935,0,0,-520,-65.000
1764842232.9930851,0,0,-1925,-240.625
1764842232.9970877,0,0,822,102.750
1764842233.0010817,1,1,5222,652.750
1764842233.0050795,0,0,6124,765.500
1764842233.0090828,0,0,-260,-32.500
1764842233.0130832,0,0,-2169,-271.125
1764842233.0170858,0,0,-1847,-230.875
1764842233.0210826,1,1,2047,255.875
1764842233.0250793,0,0,4590,573.750
1764842233.0291305,0,0,-620,-77.500
1764842233.033084,0,0,-2308,-288.500
1764842233.0425441,0,1,2919,364.875
1764842233.045106,0,0,5504,688.000
1764842233.0490894,0,0,-106,-13.250
1764842233.0530782,0,0,-2277,-284.625
1764842233.0570834,0,0,-982,-122.750
1764842233.0610847,1,1,3381,422.625
1764842233.0650806,0,0,5879,734.875
1764842233.0690804,0,0,54,6.750
1764842233.073078,0,0,-2218,-277.250
1764842233.0770872,0,0,-1846,-230.750
1764842233.081086,1,1,1996,249.500
1764842233.085085,0,0,5210,651.250
1764842233.0890896,0,0,-13,-1.625
1764842233.0930803,0,0,-2252,-281.500
1764842233.097086,0,0,-1726,-215.750
1764842233.101084,1,1,2223,277.875
1764842233.1050832,0,0,5559,694.875
1764842233.1090825,0,0,278,34.750
1764842233.1130805,0,0,-2222,-277.750
1764842233.117087,0,0,-1817,-227.125
1764842233.1210828,1,1,2003,250.375
1764842233.125082,0,0,5555,694.375
1764842233.1291192,0,0,423,52.875
1764842233.1330643,0,0,-2180,-272.500
1764842233.137074,0,0,-2070,-258.750
1764842233.1410825,1,1,1243,155.375
1764842233.1450827,0,0,5162,645.250
1764842233.1490834,0,0,486,60.750
1764842233.1530805,0,0,-2178,-272.250
1764842233.1570842,0,0,-2096,-262.000
1764842233.1610801,1,1,1150,143.750
1764842233.1650817,0,0,5236,654.500
1764842233.1690884,0,0,727,90.875
1764842233.173082,0,0,-2138,-267.250
1764842233.1770756,0,0,-2135,-266.875
1764842233.1810634,1,1,989,123.625
1764842233.185065,0,0,5234,654.250
1764842233.1891105,0,0,943,117.875
1764842233.1930902,0,0,-2095,-261.875
1764842233.1970818,0,0,-2213,-276.625
1764842233.2010632,1,1,578,72.250
1764842233.2050629,0,0,4977,622.125
1764842233.2090847,0,0,1044,130.500
1764842233.2130823,0,0,-2069,-258.625
1764842233.2170794,0,0,-2257,-282.125
1764842233.2210624,1,1,289,36.125
1764842233.2250617,0,0,4820,602.500
1764842233.22912,0,0,1293,161.625
1764842233.2330813,0,0,-2002,-250.250
1764842233.2370844,0,0,-2259,-282.375
1764842233.2411647,1,1,347,43.375
1764842233.2450957,0,0,4956,619.500
1764842233.2490823,0,0,1621,202.625
1764842233.253065,0,0,-1916,-239.500
1764842233.2570758,0,0,-2268,-283.500
1764842233.2610788,1,1,301,37.625
1764842233.2650764,0,0,4970,621.250
1764842233.2690666,0,0,1856,232.000
1764842233.2730632,0,0,-1852,-231.500
1764842233.2770762,0,0,-2324,-290.500
1764842233.281082,1,1,-329,-41.125
1764842233.2850792,0,0,4368,546.000
1764842233.2890754,0,0,1865,233.125
1764842233.293067,0,0,-1827,-228.375
1764842233.2970748,0,0,-2329,-291.125
1764842233.3010802,1,1,-335,-41.875
1764842233.3050787,0,0,4404,550.500
1764842233.3090816,0,0,2144,268.000
1764842233.3130877,0,0,-1736,-217.000
1764842233.3170855,0,0,-2344,-293.000
1764842233.3210664,1,1,-858,-107.250
1764842233.3250637,0,0,3791,473.875
1764842233.3291178,0,0,-1699,-212.375
1764842233.3330796,0,0,-2344,-293.000
1764842233.3370826,0,0,-794,-99.250
1764842233.3410654,1,1,3905,488.125
1764842233.3450658,0,0,2588,323.500
1764842233.3490803,0,0,-1551,-193.875
1764842233.3530784,0,0,-2342,-292.750
1764842233.3570843,0,0,-903,-112.875
1764842233.361079,1,1,3772,471.500
1764842233.3650782,0,0,2839,354.875
1764842233.3690832,0,0,-1447,-180.875
1764842233.373078,0,0,-2336,-292.000
1764842233.3770812,0,0,-1088,-136.000
1764842233.3810751,1,1,3514,439.250
1764842233.3850777,0,0,2992,374.000
1764842233.38908,0,0,-1366,-170.750
1764842233.393076,0,0,-2329,-291.125
1764842233.3970804,0,0,-1200,-150.000
1764842233.401079,1,1,3347,418.375
1764842233.4050775,0,0,3172,396.500
1764842233.409084,0,0,-1275,-159.375
1764842233.4130783,0,0,-2319,-289.875
1764842233.417082,0,0,-1553,-194.125
1764842233.421077,1,1,2720,340.000
1764842233.4250767,0,0,3058,382.250
1764842233.4290926,0,0,-1257,-157.125
1764842233.433076,0,0,-2311,-288.875
1764842233.43708,0,0,-1733,-216.625
1764842233.44116,1,1,2328,291.000
1764842233.4450934,0,0,3109,388.625
1764842233.4490821,0,0,-1176,-147.000
1764842233.4530644,0,0,-2295,-286.875
1764842233.4570668,0,0,-1635,-204.375
1764842233.4610786,1,1,2535,316.875
1764842233.465077,0,0,3524,440.500
1764842233.4690704,0,0,-990,-123.750
1764842233.473064,0,0,-2264,-283.000
1764842233.4770708,0,0,-1827,-228.375
1764842233.481078,1,1,2071,258.875
1764842233.4850762,0,0,3523,440.375
1764842233.4890888,0,0,-909,-113.625
1764842233.4930782,0,0,-2242,-280.250
1764842233.497084,0,0,-1688,-211.000
1764842233.5010757,1,1,2384,298.000
1764842233.505076,0,0,4052,506.500
1764842233.5090792,0,0,-663,-82.875
1764842233.5130768,0,0,-2197,-274.625
1764842233.5170841,0,0,-2025,-253.125
1764842233.5210743,1,1,1452,181.500
1764842233.5250745,0,0,3570,446.250
1764842233.5290825,0,0,-746,-93.250
1764842233.5331197,0,0,-2198,-274.750
1764842233.5370817,0,0,-1934,-241.750
1764842233.5410595,1,1,1724,215.500
1764842233.5450597,0,0,4042,505.250
1764842233.5490746,0,0,-504,-63.000
1764842233.5530753,0,0,-2142,-267.750
1764842233.557082,0,0,-1964,-245.500
1764842233.5610785,1,1,1612,201.500
1764842233.565078,0,0,4151,518.875
1764842233.5690842,0,0,-396,-49.500
1764842233.5730786,0,0,-2112,-264.000
1764842233.5770764,0,0,-2238,-279.750
1764842233.581079,1,1,360,45.000
1764842233.5850747,0,0,3251,406.375
1764842233.5890749,0,0,-597,-74.625
1764842233.5930738,0,0,-2130,-266.250
1764842233.597082,0,0,-2079,-259.875
1764842233.601076,1,1,1138,142.250
1764842233.6050756,0,0,4267,533.375
1764842233.6090808,0,0,-97,-12.125
1764842233.6130805,0,0,-2009,-251.125
1764842233.6170833,0,0,-2169,-271.125
1764842233.6210632,1,1,644,80.500
1764842233.625063,0,0,4018,502.250
1764842233.6290588,0,0,-66,-8.250
1764842233.6330724,0,0,-1987,-248.375
1764842233.6370654,0,0,-2115,-264.375
1764842233.6411583,1,1,867,108.375
1764842233.645091,0,0,4444,555.500
1764842233.6490788,0,0,223,27.875
1764842233.653061,0,0,-1910,-238.750
1764842233.6570723,0,0,-2178,-272.250
1764842233.6610794,1,1,463,57.875
1764842233.6650796,0,0,4233,529.125
1764842233.6690693,0,0,284,35.500
1764842233.67306,0,0,-1884,-235.500
1764842233.6770694,0,0,-2170,-271.250
1764842233.6810775,1,1,451,56.375
1764842233.6850796,0,0,4409,551.125
1764842233.689073,0,0,509,63.625
1764842233.6930585,0,0,-1817,-227.125
1764842233.6970694,0,0,-2175,-271.875
1764842233.7010741,1,1,348,43.500
1764842233.7050762,0,0,4458,557.250
1764842233.7090738,0,0,687,85.875
1764842233.7130783,0,0,-1764,-220.500
1764842233.7170787,0,0,-2138,-267.250
1764842233.7210588,1,1,496,62.000
1764842233.7250595,0,0,4765,595.625
1764842233.7290785,0,0,984,123.000
1764842233.733089,0,0,-1684,-210.500
1764842233.7370758,0,0,-2214,-276.750
1764842233.7410583,1,1,-145,-18.125
1764842233.7450585,0,0,4162,520.250
1764842233.7490792,0,0,879,109.875
1764842233.7530763,0,0,-1705,-213.125
1764842233.7570791,0,0,-2229,-278.625
1764842233.7610726,1,1,-359,-44.875
1764842233.7650743,0,0,4026,503.250
1764842233.7690809,0,0,1037,129.625
1764842233.7730758,0,0,-1651,-206.375
1764842233.7770793,0,0,-2230,-278.750
1764842233.7810729,1,1,-583,-72.875
1764842233.7850726,0,0,3829,478.625
1764842233.7890637,0,0,1171,146.375
1764842233.7930584,0,0,-1600,-200.000
1764842233.7970705,0,0,-2220,-277.500
1764842233.8010728,1,1,-672,-84.000
1764842233.8050706,0,0,3788,473.500
1764842233.8090777,0,0,1383,172.875
1764842233.8130767,0,0,-1529,-191.125
1764842233.81708,0,0,-2212,-276.500
1764842233.821072,1,1,-923,-115.375
1764842233.825073,0,0,3479,434.875
1764842233.8290749,0,0,1480,185.000
1764842233.833077,0,0,-1486,-185.750
1764842233.8371832,0,0,-2196,-274.500
1764842233.8412082,1,1,-882,-110.250
1764842233.845131,0,0,3598,449.750
1764842233.84912,0,0,1831,228.875
1764842233.8531039,0,0,-1373,-171.625
1764842233.8571134,0,0,-2166,-270.750
1764842233.8611205,1,1,-761,-95.125
1764842233.8651164,0,0,3821,477.625
1764842233.8691063,0,0,2201,275.125
1764842233.8730977,0,0,-1260,-157.500
1764842233.8771095,0,0,-2140,-267.500
1764842233.8811202,1,1,-700,-87.500
1764842233.885122,0,0,3945,493.125
1764842233.8891227,0,0,2606,325.750
1764842233.8931146,0,0,-1137,-142.125
1764842233.8971224,0,0,-2135,-266.875
1764842233.9011335,1,1,-1153,-144.125
1764842233.9051263,0,0,3249,406.125
1764842233.909103,0,0,2481,310.125
1764842233.9130952,0,0,-1160,-145.000
1764842233.91711,0,0,-2133,-266.625
1764842233.921117,1,1,-1004,-125.500
1764842233.925115,0,0,3525,440.625
1764842233.9291096,0,0,2928,366.000
1764842233.9330955,0,0,-1015,-126.875
1764842233.9371068,0,0,-2111,-263.875
1764842233.9410782,1,1,-1325,-165.625
1764842233.9450724,0,0,2874,359.250
1764842233.9490745,0,0,-1012,-126.500
1764842233.9530704,0,0,-2106,-263.250
1764842233.9570763,0,0,-1223,-152.875
1764842233.961072,1,1,3166,395.750
1764842233.9650724,0,0,3316,414.500
1764842233.9690857,0,0,-853,-106.625
1764842233.973074,0,0,-2076,-259.500
1764842233.9771047,0,0,-1451,-181.375
1764842233.9814491,1,1,2725,340.625
1764842233.9851584,0,0,3530,441.250
1764842233.9890873,0,0,-724,-90.500
1764842233.9930732,0,0,-2033,-254.125
1764842233.9970725,0,0,-855,-106.875
1764842234.001068,1,1,3748,468.500
1764842234.0050707,0,0,4322,540.250
1764842234.0090744,0,0,-481,-60.125
1764842234.0130727,0,0,-2010,-251.250
1764842234.017072,0,0,-1478,-184.750
1764842234.0210721,1,1,2664,333.000
1764842234.0250702,0,0,3854,481.750
1764842234.0290742,0,0,-602,-75.250
1764842234.0330727,0,0,-2042,-255.250
1764842234.0370686,0,0,-1594,-199.250
1764842234.0464475,0,0,4010,501.250
1764842234.049097,0,0,-489,-61.125
1764842234.0530782,0,0,-2016,-252.000
1764842234.057075,0,0,-1375,-171.875
1764842234.0610569,1,1,2863,357.875
1764842234.065055,0,0,4588,573.500
1764842234.069074,0,0,-254,-31.750
1764842234.073071,0,0,-1974,-246.750
1764842234.0770736,0,0,-1811,-226.375
1764842234.081053,1,1,1859,232.375
1764842234.0850532,0,0,4035,504.375
1764842234.0890768,0,0,-391,-48.875
1764842234.0930731,0,0,-2005,-250.625
1764842234.0970767,0,0,-1893,-236.625
1764842234.1010704,1,1,1626,203.250
1764842234.1050684,0,0,4086,510.750
1764842234.1090696,0,0,-300,-37.500
1764842234.1130705,0,0,-1981,-247.625
1764842234.117075,0,0,-1946,-243.250
1764842234.1210706,1,1,1432,179.000
1764842234.1250694,0,0,4174,521.750
1764842234.1290867,0,0,-181,-22.625
1764842234.1330733,0,0,-1947,-243.375
1764842234.137107,0,0,-1942,-242.750
1764842234.1410558,1,1,1421,177.625
1764842234.1450522,0,0,4428,553.500
1764842234.1490588,0,0,17,2.125
1764842234.1530514,0,0,-1896,-237.000
1764842234.1570544,0,0,-1894,-236.750
1764842234.1610558,1,1,1545,193.125
1764842234.1650546,0,0,4764,595.500
1764842234.1690714,0,0,243,30.375
1764842234.173067,0,0,-1843,-230.375
1764842234.177071,0,0,-2006,-250.750
1764842234.1810734,1,1,1127,140.875
1764842234.1850708,0,0,4576,572.000
1764842234.1890707,0,0,273,34.125
1764842234.1930685,0,0,-1837,-229.625
1764842234.1970663,0,0,-2004,-250.500
1764842234.2010555,1,1,1119,139.875
1764842234.2050543,0,0,4757,594.625
1764842234.2090697,0,0,454,56.750
1764842234.2130685,0,0,-1793,-224.125
1764842234.2170737,0,0,-2119,-264.875
1764842234.2210689,1,1,559,69.875
1764842234.225069,0,0,4399,549.875
1764842234.2290757,0,0,460,57.500
1764842234.233068,0,0,-1787,-223.375
1764842234.2370715,0,0,-2114,-264.250
1764842234.241083,1,1,567,70.875
1764842234.2451534,0,0,4599,574.875
1764842234.249083,0,0,714,89.250
1764842234.2530522,0,0,-1717,-214.625
1764842234.2570634,0,0,-2021,-252.625
1764842234.261069,1,1,933,116.625
1764842234.26507,0,0,5128,641.000
1764842234.269063,0,0,1095,136.875
1764842234.2730544,0,0,-1623,-202.875
1764842234.2770631,0,0,-2121,-265.125
1764842234.2810695,1,1,375,46.875
1764842234.2850711,0,0,4695,586.875
1764842234.289063,0,0,1094,136.750
1764842234.293054,0,0,-1627,-203.375
1764842234.2970605,0,0,-2135,-266.875
1764842234.3010685,1,1,288,36.000
1764842234.3050666,0,0,4730,591.250
1764842234.3090742,0,0,1307,163.375
1764842234.3130684,0,0,-1571,-196.375
1764842234.3170736,0,0,-2103,-262.875
1764842234.3210642,1,1,435,54.375
1764842234.325066,0,0,4986,623.250
1764842234.3290713,0,0,1576,197.000
1764842234.333094,0,0,-1506,-188.250
1764842234.3370767,0,0,-2204,-275.500
1764842234.3410652,1,1,-458,-57.250
1764842234.3450496,0,0,4035,504.375
1764842234.3490727,0,0,1437,179.625
1764842234.3530703,0,0,-1539,-192.375
1764842234.3570688,0,0,-2101,-262.625
1764842234.36105,1,1,376,47.000
1764842234.3650508,0,0,5096,637.000
1764842234.3690672,0,0,2204,275.500
1764842234.373067,0,0,-1332,-166.500
1764842234.3770723,0,0,-2129,-266.125
1764842234.381066,1,1,11,1.375
1764842234.385064,0,0,4735,591.875
1764842234.389066,0,0,2216,277.000
1764842234.3930662,0,0,-1341,-167.625
1764842234.3970718,0,0,-2174,-271.750
1764842234.4010673,1,1,-338,-42.250
1764842234.4050624,0,0,4379,547.375
1764842234.4090688,0,0,2371,296.375
1764842234.4130645,0,0,-1298,-162.250
1764842234.4170713,0,0,-2173,-271.625
1764842234.4210634,1,1,-390,-48.750
1764842234.4250667,0,0,4348,543.500
1764842234.4290655,0,0,2659,332.375
1764842234.4330626,0,0,-1214,-151.750
1764842234.4370685,0,0,-2140,-267.500
1764842234.4410772,1,1,-182,-22.750
1764842234.445153,0,0,4628,578.500
1764842234.4490745,0,0,3111,388.875
1764842234.4530525,0,0,-1086,-135.750
1764842234.4570606,0,0,-2150,-268.750
1764842234.461068,1,1,-428,-53.500
1764842234.4650655,0,0,4339,542.375
1764842234.469068,0,0,3180,397.500
1764842234.4730494,0,0,-1070,-133.750
1764842234.477059,0,0,-2177,-272.125
1764842234.48107,1,1,-739,-92.375
1764842234.4850676,0,0,3946,493.250
1764842234.4890747,0,0,3281,410.125
1764842234.4930644,0,0,-1029,-128.625
1764842234.49707,0,0,-2159,-269.875
1764842234.5010664,1,1,-533,-66.625
1764842234.5050673,0,0,4226,528.250
1764842234.5090706,0,0,3720,465.000
1764842234.5130637,0,0,-890,-111.250
1764842234.5170681,0,0,-2167,-270.875
1764842234.5210624,1,1,-935,-116.875
1764842234.5250661,0,0,3677,459.625
1764842234.5290709,0,0,3696,462.000
1764842234.5330641,0,0,-879,-109.875
1764842234.5370648,0,0,-2171,-271.375
1764842234.541048,1,1,-971,-121.375
1764842234.545088,0,0,3626,453.250
1764842234.5490696,0,0,3989,498.625
1764842234.5530665,0,0,-758,-94.750
1764842234.557076,0,0,-2160,-270.000
1764842234.5610657,1,1,-1126,-140.750
1764842234.5650675,0,0,4120,515.000
1764842234.5690603,0,0,-685,-85.625
1764842234.5730512,0,0,-2153,-269.125
1764842234.5770543,0,0,-1190,-148.750
1764842234.5810647,1,1,3266,408.250
1764842234.5850632,0,0,4326,540.750
1764842234.5890584,0,0,-579,-72.375
1764842234.5930498,0,0,-2137,-267.125
1764842234.5970647,0,0,-1193,-149.125
1764842234.601067,1,1,3249,406.125
1764842234.6050603,0,0,4604,575.500
1764842234.6090703,0,0,-439,-54.875
1764842234.613064,0,0,-2123,-265.375
1764842234.6170702,0,0,-1457,-182.125
1764842234.6210592,1,1,2777,347.125
1764842234.6250603,0,0,4564,570.500
1764842234.6290636,0,0,-387,-48.375
1764842234.633063,0,0,-2112,-264.000
1764842234.6370687,0,0,-1287,-160.875
1764842234.6410594,1,1,3062,382.750
1764842234.645159,0,0,5048,631.000
1764842234.6490762,0,0,-147,-18.375
1764842234.6530476,0,0,-2073,-259.125
1764842234.6570582,0,0,-1291,-161.375
1764842234.661066,1,1,3029,378.625
1764842234.66506,0,0,5236,654.500
1764842234.6690514,0,0,-30,-3.750
1764842234.6730478,0,0,-2064,-258.000
1764842234.677061,0,0,-1508,-188.500
1764842234.681068,1,1,2638,329.750
1764842234.685064,0,0,5191,648.875
1764842234.6890662,0,0,35,4.375
1764842234.6930614,0,0,-2062,-257.750
1764842234.6970685,0,0,-1609,-201.125
1764842234.701063,1,1,2427,303.375
1764842234.7050624,0,0,5281,660.125
1764842234.7090526,0,0,171,21.375
1764842234.7130475,0,0,-2039,-254.875
1764842234.717059,0,0,-1591,-198.875
1764842234.721064,1,1,2441,305.125
1764842234.7250636,0,0,5505,688.125
1764842234.729066,0,0,360,45.000
1764842234.7330608,0,0,-2009,-251.125
1764842234.7370658,0,0,-1731,-216.375
1764842234.7410626,1,1,2133,266.625
1764842234.7450767,0,0,5473,684.125
1764842234.7490625,0,0,469,58.625
1764842234.7530594,0,0,-1995,-249.375
1764842234.757067,0,0,-1907,-238.375
1764842234.7610633,1,1,1700,212.500
1764842234.7650754,0,0,5311,663.875
1764842234.76906,0,0,538,67.250
1764842234.7730453,0,0,-1983,-247.875
1764842234.7770534,0,0,-1844,-230.500
1764842234.781064,1,1,1833,229.125
1764842234.7850611,0,0,5623,702.875
1764842234.789053,0,0,842,105.250
1764842234.793045,0,0,-1920,-240.000
1764842234.7970548,0,0,-1811,-226.375
1764842234.8010612,1,1,1870,233.750
1764842234.8050609,0,0,5795,724.375
1764842234.8090646,0,0,1064,133.000
1764842234.8130622,0,0,-1879,-234.875
1764842234.8170652,0,0,-1970,-246.250
1764842234.8210566,1,1,1454,181.750
1764842234.8250592,0,0,5589,698.625
1764842234.8290622,0,0,1147,143.375
1764842234.8330612,0,0,-1869,-233.625
1764842234.8370616,0,0,-2077,-259.625
1764842234.841057,1,1,1107,138.375
1764842234.8451412,0,0,5422,677.750
1764842234.8490772,0,0,1300,162.500
1764842234.853049,0,0,-1836,-229.500
1764842234.8570547,0,0,-2005,-250.625
1764842234.8610609,1,1,1297,162.125
1764842234.8650603,0,0,5684,710.500
1764842234.8690524,0,0,1612,201.500
1764842234.873045,0,0,-1768,-221.000
1764842234.877057,0,0,-2048,-256.000
1764842234.8810608,1,1,1131,141.375
1764842234.8850613,0,0,5629,703.625
1764842234.8890684,0,0,1830,228.750
1764842234.8930614,0,0,-1724,-215.500
1764842234.897065,0,0,-2120,-265.000
1764842234.901058,1,1,861,107.625
1764842234.9050567,0,0,5464,683.000
1764842234.909062,0,0,2021,252.625
1764842234.9130626,0,0,-1683,-210.375
1764842234.9170706,0,0,-2071,-258.875
1764842234.9210627,1,1,985,123.125
1764842234.9250596,0,0,5617,702.125
1764842234.9290655,0,0,2310,288.750
1764842234.9330819,0,0,-1621,-202.625
1764842234.937064,0,0,-2219,-277.375
1764842234.9410458,1,1,384,48.000
1764842234.9450417,0,0,5120,640.000
1764842234.949065,0,0,2394,299.250
1764842234.9530597,0,0,-1600,-200.000
1764842234.9570613,0,0,-2204,-275.500
1764842234.9610443,1,1,432,54.000
1764842234.9650435,0,0,5195,649.375
1764842234.969074,0,0,2737,342.125
1764842234.9730597,0,0,-1508,-188.500
1764842234.9770966,0,0,-2171,-271.375
1764842234.9814336,1,1,508,63.500
1764842234.985148,0,0,5286,660.750
1764842234.9890714,0,0,3239,404.875
1764842234.993057,0,0,-1365,-170.625
1764842234.9970617,0,0,-2165,-270.625
1764842235.0010579,1,1,458,57.250
1764842235.0050561,0,0,5233,654.125
1764842235.0090568,0,0,3534,441.750
1764842235.0130565,0,0,-1248,-156.000
1764842235.0170565,0,0,-1147,-143.375
1764842235.021059,1,1,2524,315.500
1764842235.0250585,0,0,6802,850.250
1764842235.029062,0,0,4248,531.000
1764842235.0330567,0,0,-1141,-142.625
1764842235.037058,0,0,-2316,-289.500
1764842235.041048,1,1,-568,-71.000
1764842235.050497,0,0,-1352,-169.000
1764842235.053076,0,0,-1352,-169.000
1764842235.057059,0,0,-2127,-265.875
1764842235.0610583,1,1,588,73.500
1764842235.065058,0,0,5327,665.875
1764842235.0690594,0,0,4136,517.000
1764842235.0730522,0,0,-1158,-144.750
1764842235.0770562,0,0,-2329,-291.125
1764842235.0810554,1,1,-1150,-143.750
1764842235.0850549,0,0,3413,426.625
1764842235.0890608,0,0,3482,435.250
1764842235.0930574,0,0,-1292,-161.500
1764842235.0970562,0,0,-2306,-288.250
1764842235.101058,1,1,-363,-45.375
1764842235.1050587,0,0,4375,546.875
1764842235.1090636,0,0,4317,539.625
1764842235.1130593,0,0,-1008,-126.000
1764842235.1170633,0,0,-2311,-288.875
1764842235.1210592,1,1,-640,-80.000
1764842235.1250634,0,0,4043,505.375
1764842235.1290565,0,0,4486,560.750
1764842235.1330435,0,0,-900,-112.500
1764842235.1370528,0,0,-2286,-285.750
1764842235.1410592,1,1,-496,-62.000
1764842235.1450567,0,0,4180,522.500
1764842235.14909,0,0,4846,605.750
1764842235.153042,0,0,-739,-92.375
1764842235.157062,0,0,-2301,-287.625
1764842235.1610632,1,1,-865,-108.125
1764842235.1650555,0,0,3727,465.875
1764842235.1690614,0,0,4848,606.000
1764842235.1730418,0,0,-682,-85.250
1764842235.1770513,0,0,-2300,-287.500
1764842235.1810544,1,1,-966,-120.750
1764842235.185054,0,0,3577,447.125
1764842235.1890602,0,0,-586,-73.250
1764842235.1930568,0,0,-2296,-287.000
1764842235.1970637,0,0,-1339,-167.375
1764842235.2010558,1,1,3042,380.250
1764842235.205053,0,0,4929,616.125
1764842235.20906,0,0,-505,-63.125
1764842235.2130582,0,0,-2287,-285.875
1764842235.2170525,0,0,-1454,-181.750
1764842235.2210405,1,1,2838,354.750
1764842235.2250369,0,0,5011,626.375
1764842235.2290564,0,0,-397,-49.625
1764842235.2330544,0,0,-2268,-283.500
1764842235.2370613,0,0,-1738,-217.250
1764842235.2410557,1,1,2297,287.125
1764842235.2450569,0,0,4907,613.375
1764842235.2491581,0,0,-304,-38.000
1764842235.2530694,0,0,-2259,-282.375
1764842235.2570581,0,0,-1675,-209.375
1764842235.2610419,1,1,2400,300.000
1764842235.2650402,0,0,5210,651.250
1764842235.2690587,0,0,-76,-9.500
1764842235.2730536,0,0,-2227,-278.375
1764842235.2770598,0,0,-1759,-219.875
1764842235.2810395,1,1,2204,275.500
1764842235.2850382,0,0,5283,660.375
1764842235.2890399,0,0,83,10.375
1764842235.2930384,0,0,-2203,-275.375
1764842235.2970493,0,0,-1736,-217.000
1764842235.3010585,1,1,2218,277.250
1764842235.3050568,0,0,5509,688.625
1764842235.3090591,0,0,320,40.000
1764842235.3130543,0,0,-2163,-270.375
1764842235.3170588,0,0,-1831,-228.875
1764842235.321056,1,1,1983,247.875
1764842235.3250537,0,0,5513,689.125
1764842235.3290608,0,0,475,59.375
1764842235.3330553,0,0,-2135,-266.875
1764842235.3370597,0,0,-2034,-254.250
1764842235.3410532,1,1,1437,179.625
1764842235.3450608,0,0,5269,658.625
1764842235.3490546,0,0,568,71.000
1764842235.3530412,0,0,-2114,-264.250
1764842235.3570452,0,0,-1779,-222.375
1764842235.3610544,1,1,2022,252.750
1764842235.3650534,0,0,5836,729.500
1764842235.3690488,0,0,924,115.500
1764842235.3730404,0,0,-2050,-256.250
1764842235.3770452,0,0,-1995,-249.375
1764842235.3810542,1,1,1487,185.875
1764842235.385055,0,0,5588,698.500
1764842235.3890576,0,0,1060,132.500
1764842235.3930545,0,0,-2023,-252.875
1764842235.3970568,0,0,-2072,-259.000
1764842235.40105,1,1,1236,154.500
1764842235.405051,0,0,5505,688.125
1764842235.4090548,0,0,1249,156.125
1764842235.4130511,0,0,-1980,-247.500
1764842235.4170592,0,0,-1921,-240.125
1764842235.4210527,1,1,1593,199.125
1764842235.4250498,0,0,5877,734.625
1764842235.4290552,0,0,1642,205.250
1764842235.4330542,0,0,-1900,-237.500
1764842235.437062,0,0,-2082,-260.250
1764842235.44105,1,1,1128,141.000
1764842235.4450493,0,0,5588,698.500
1764842235.4491704,0,0,1782,222.750
1764842235.453074,0,0,-1871,-233.875
1764842235.457058,0,0,-2121,-265.125
1764842235.461038,1,1,968,121.000
1764842235.4650373,0,0,5507,688.375
1764842235.4690619,0,0,1963,245.375
1764842235.473051,0,0,-1832,-229.000
1764842235.4770565,0,0,-2155,-269.375
1764842235.4810388,1,1,818,102.250
1764842235.4850338,0,0,5430,678.750
1764842235.4890544,0,0,2218,277.250
1764842235.4930558,0,0,-1770,-221.250
1764842235.497059,0,0,-2020,-252.500
1764842235.5010552,1,1,1186,148.250
1764842235.5050533,0,0,5764,720.500
1764842235.5090559,0,0,2672,334.000
1764842235.5130515,0,0,-1665,-208.125
1764842235.51706,0,0,-2057,-257.125
1764842235.5210521,1,1,1039,129.875
1764842235.5250518,0,0,5666,708.250
1764842235.529056,0,0,2978,372.250
1764842235.5330498,0,0,-1592,-199.000
1764842235.537054,0,0,-2104,-263.000
1764842235.5410368,1,1,862,107.750
1764842235.5450363,0,0,5523,690.375
1764842235.5490537,0,0,3151,393.875
1764842235.55305,0,0,-1553,-194.125
1764842235.557056,0,0,-2123,-265.375
1764842235.561051,1,1,778,97.250
1764842235.5650542,0,0,5451,681.375
1764842235.5690546,0,0,3417,427.125
1764842235.573063,0,0,-1484,-185.500
1764842235.5770621,0,0,-2231,-278.875
1764842235.5810394,1,1,336,42.000
1764842235.5850365,0,0,5063,632.875
1764842235.5890563,0,0,3550,443.750
1764842235.5930505,0,0,-1437,-179.625
1764842235.5970507,0,0,-2273,-284.125
1764842235.6010356,1,1,91,11.375
1764842235.6050363,0,0,4827,603.375
1764842235.6090546,0,0,3716,464.500
1764842235.6130512,0,0,-1374,-171.750
1764842235.6170535,0,0,-2301,-287.625
1764842235.62105,1,1,-140,-17.500
1764842235.6250515,0,0,4595,574.375
1764842235.6290417,0,0,3936,492.000
1764842235.6330345,0,0,-1278,-159.750
1764842235.6370442,0,0,-2283,-285.375
1764842235.6410515,1,1,-55,-6.875
1764842235.6450498,0,0,4659,582.375
1764842235.6491313,0,0,4202,525.250
1764842235.6531045,0,0,-1182,-147.750
1764842235.6570523,0,0,-2313,-289.125
1764842235.6610315,1,1,-343,-42.875
1764842235.665031,0,0,4351,543.875
1764842235.669059,0,0,4336,542.000
1764842235.6730523,0,0,-1103,-137.875
1764842235.6770504,0,0,-2314,-289.250
1764842235.6810322,1,1,-403,-50.375
1764842235.6850333,0,0,4265,533.125
1764842235.6890543,0,0,4605,575.625
1764842235.693053,0,0,-968,-121.000
1764842235.6970568,0,0,-2324,-290.500
1764842235.7010467,1,1,-634,-79.250
1764842235.7050476,0,0,3990,498.750
1764842235.7090418,0,0,4735,591.875
1764842235.7130349,0,0,-870,-108.750
1764842235.7170458,0,0,-2302,-287.750
1764842235.7210486,1,1,-438,-54.750
1764842235.7250483,0,0,4173,521.625
1764842235.729041,0,0,5108,638.500
1764842235.733034,0,0,-688,-86.000
1764842235.7370439,0,0,-2293,-286.625
1764842235.7410526,1,1,-463,-57.875
1764842235.7450476,0,0,4117,514.625
1764842235.7490494,0,0,5336,667.000
1764842235.7530837,0,0,-547,-68.375
1764842235.7570553,0,0,-2315,-289.375
1764842235.7610526,1,1,-905,-113.125
1764842235.7650545,0,0,3589,448.625
1764842235.7690425,0,0,5279,659.875
1764842235.7730336,0,0,-482,-60.250
1764842235.7770448,0,0,-2281,-285.125
1764842235.7810504,1,1,-496,-62.000
1764842235.7850475,0,0,4020,502.500
1764842235.78904,0,0,5717,714.625
1764842235.7930305,0,0,-273,-34.125
1764842235.7970428,0,0,-2298,-287.250
1764842235.8010507,0,1,-977,-122.125
1764842235.8050497,0,0,3453,431.625
1764842235.80905,0,0,-261,-32.625
1764842235.8130448,0,0,-2191,-273.875
1764842235.817053,0,0,-1840,-230.000
1764842235.821049,0,1,2035,254.375
1764842235.825047,0,0,4959,619.875
1764842235.8290458,0,0,-264,-33.000
1764842235.8330438,0,0,-2291,-286.375
1764842235.8370507,0,0,-936,-117.000
1764842235.8410456,0,0,3437,429.625
1764842235.8450465,0,0,6059,757.375
1764842235.8491318,0,0,252,31.500
1764842235.853079,0,0,-2238,-279.750
1764842235.8570507,0,0,-973,-121.625
1764842235.86103,0,0,3345,418.125
1764842235.8650324,0,0,6180,772.500
1764842235.8690524,0,0,435,54.375
1764842235.8730457,0,0,-2222,-277.750
1764842235.8770463,0,0,-1576,-197.000
1764842235.8810313,0,0,2466,308.250
1764842235.885033,0,0,5791,723.875
1764842235.8890514,0,0,450,56.250
1764842235.893047,0,0,-2226,-278.250
1764842235.8970532,0,0,-1470,-183.750
1764842235.9010475,0,0,2605,325.625
1764842235.905049,0,0,6006,750.750
1764842235.9090548,0,0,665,83.125
1764842235.9130497,0,0,-2203,-275.375
1764842235.9170501,0,0,-1450,-181.250
1764842235.9210432,0,0,2602,325.250
1764842235.9250488,0,0,6153,769.125
1764842235.9290524,0,0,931,116.375
1764842235.9330482,0,0,-2166,-270.750
1764842235.9370499,0,0,-1572,-196.500
1764842235.9410446,0,0,2375,296.875
1764842235.9450424,0,0,6107,763.375
1764842235.9490497,0,0,1086,135.750
1764842235.9530609,0,0,-2139,-267.375
1764842235.9570541,0,0,-1822,-227.750
1764842235.9610484,0,0,1884,235.500
1764842235.9650524,0,0,5902,737.750
1764842235.9690516,0,0,1313,164.125
1764842235.973034,0,0,-2112,-264.000
1764842235.9770741,0,0,-1584,-198.000
1764842235.981425,1,1,2287,285.875
1764842235.9851274,0,0,6269,783.625
1764842235.9890606,0,0,1759,219.875
1764842235.9930468,0,0,-2040,-255.000
1764842235.9970493,0,0,-1535,-191.875
1764842236.0010424,0,0,2323,290.375
1764842236.0050437,0,0,6315,789.375
1764842236.0090425,0,0,1905,238.125
1764842236.013043,0,0,-2023,-252.875
1764842236.0170467,0,0,-1675,-209.375
1764842236.0210466,0,0,2062,257.750
1764842236.0250452,0,0,6182,772.750
1764842236.0290446,0,0,2102,262.750
1764842236.0330458,0,0,-1991,-248.875
1764842236.0370483,0,0,-1832,-229.000
1764842236.041031,0,0,1733,216.625
1764842236.0450442,0,0,5993,749.125
1764842236.054669,0,0,-1949,-243.625
1764842236.0574012,0,0,-1928,-241.000
1764842236.0612655,1,1,1493,186.625
1764842236.0650635,0,0,5850,731.250
1764842236.0690491,0,0,2565,320.625
1764842236.073044,0,0,-1904,-238.000
1764842236.0770507,0,0,-1962,-245.250
1764842236.0810437,0,0,1376,172.000
1764842236.0850432,0,0,5775,721.875
1764842236.089046,0,0,2851,356.375
1764842236.0930412,0,0,-1841,-230.125
1764842236.0970485,0,0,-2002,-250.250
1764842236.1010432,0,0,1245,155.625
1764842236.105044,0,0,5681,710.125
1764842236.1090322,0,0,3149,393.625
1764842236.1130247,0,0,-1771,-221.375
1764842236.117039,0,0,-1762,-220.250
1764842236.1210463,0,0,1737,217.125
1764842236.125044,0,0,6018,752.250
1764842236.1290524,0,0,3540,442.500
1764842236.1330404,0,0,-1685,-210.625
1764842236.1370468,0,0,-1975,-246.875
1764842236.1410434,0,0,1257,157.125
1764842236.1450424,0,0,5663,707.875
1764842236.1490436,0,0,3710,463.750
1764842236.1530392,0,0,-1636,-204.500
1764842236.1570475,0,0,-1838,-229.750
1764842236.1610441,0,0,1535,191.875
1764842236.1650527,0,0,5837,729.625
1764842236.1690414,0,0,4054,506.750
1764842236.1730235,0,0,-1547,-193.375
1764842236.177033,0,0,-1808,-226.000
1764842236.181042,0,0,1564,195.500
1764842236.1850405,0,0,5825,728.125
1764842236.1890335,0,0,4320,540.000
1764842236.1930265,0,0,-1469,-183.625
1764842236.1970346,0,0,-1781,-222.625
1764842236.2010424,0,0,1589,198.625
1764842236.2050436,0,0,5800,725.000
1764842236.2090535,0,0,4546,568.250
1764842236.2130437,0,0,-1411,-176.375
1764842236.2170405,0,0,-2115,-264.375
1764842236.2210412,0,0,765,95.625
1764842236.2250388,0,0,5170,646.250
1764842236.2290473,0,0,4614,576.750
1764842236.2330422,0,0,-1350,-168.750
1764842236.2370381,0,0,-2165,-270.625
1764842236.241024,0,0,526,65.750
1764842236.245024,1,0,4953,619.125
1764842236.2490447,0,0,4790,598.750
1764842236.2531345,0,0,-1253,-156.625
1764842236.257104,0,0,-2058,-257.250
1764842236.2610266,0,0,914,114.250
1764842236.2650251,0,0,5218,652.250
1764842236.2690437,0,0,5131,641.375
1764842236.2730427,0,0,-1124,-140.500
1764842236.2770438,0,0,-2141,-267.625
1764842236.2810242,0,0,635,79.375
1764842236.2850235,1,0,4966,620.750
1764842236.2890437,0,0,5248,656.000
1764842236.293028,0,0,-1041,-130.125
1764842236.2970343,0,0,-2219,-277.375
1764842236.3010402,0,0,117,14.625
1764842236.3050375,1,1,4509,563.625
1764842236.3090396,0,0,5284,660.500
1764842236.313042,0,0,-956,-119.500
1764842236.3170452,0,0,-2230,-278.750
1764842236.3210402,0,0,103,12.875
1764842236.3250403,0,0,4469,558.625
1764842236.3290446,0,0,5483,685.375
1764842236.3330374,0,0,-820,-102.500
1764842236.3370457,0,0,-2190,-273.750
1764842236.34104,0,0,-309,-38.625
1764842236.34504,0,0,4066,508.250
1764842236.3490252,0,0,5550,693.750
1764842236.3530207,0,0,-673,-84.125
1764842236.3570821,0,0,-2233,-279.125
1764842236.3610919,0,0,-344,-43.000
1764842236.3650877,0,1,4007,500.875
1764842236.369092,0,0,5740,717.500
1764842236.3730874,0,0,-488,-61.000
1764842236.377087,0,0,-2274,-284.250
1764842236.3810673,0,0,-145,-18.125
1764842236.3850646,0,0,4155,519.375
1764842236.3890882,0,0,6001,750.125
1764842236.393083,0,0,-276,-34.500
1764842236.3970823,0,0,-2186,-273.250
1764842236.4010632,0,0,331,41.375
1764842236.4050655,0,0,4519,564.875
1764842236.4090886,0,0,6321,790.125
1764842236.4130793,0,0,-57,-7.125
1764842236.4170856,0,0,-2241,-280.125
1764842236.421085,0,0,71,8.875
1764842236.425083,0,0,6308,788.500
1764842236.4290798,0,0,33,4.125
1764842236.4330788,0,0,-2271,-283.875
1764842236.4370852,0,0,-566,-70.750
1764842236.441078,0,0,3643,455.375
1764842236.445082,1,0,6215,776.875
1764842236.44909,0,0,260,32.500
1764842236.4531758,0,0,-2292,-286.500
1764842236.4572012,0,0,-359,-44.875
1764842236.4610276,0,0,3801,475.125
1764842236.465025,1,1,6394,799.250
1764842236.4690442,0,0,490,61.250
1764842236.4730422,0,0,-2240,-280.000
1764842236.477037,0,0,-58,-7.250
1764842236.481022,0,0,4030,503.750
1764842236.4850228,0,0,6569,821.125
1764842236.4890437,0,0,677,84.625
1764842236.4930406,0,0,-2014,-251.750
1764842236.497042,0,0,-1115,-139.375
1764842236.5010374,0,0,2949,368.625
1764842236.5050375,0,0,6113,764.125
1764842236.5090396,0,0,673,84.125
1764842236.5130382,0,0,-1741,-217.625
1764842236.5170503,0,0,-1394,-174.250
1764842236.521041,0,0,2553,319.125
1764842236.5250378,1,0,5990,748.750
1764842236.5290327,0,0,986,123.250
1764842236.5330245,0,0,-2271,-283.875
1764842236.5370247,0,0,-479,-59.875
1764842236.541021,0,0,3552,444.000
1764842236.5450206,1,1,6566,820.750
1764842236.5490224,0,0,1367,170.875
1764842236.553022,0,0,-2222,-277.750
1764842236.5570462,0,0,-1036,-129.500
1764842236.5610425,0,0,2938,367.250
1764842236.565037,1,1,6306,788.250
1764842236.569042,0,0,1612,201.500
1764842236.5730386,0,0,-2198,-274.750
1764842236.5770447,0,0,-397,-49.625
1764842236.5810378,0,0,3548,443.500
1764842236.5850358,0,0,6621,827.625
1764842236.589033,0,0,1950,243.750
1764842236.5930336,0,0,-2213,-276.625
1764842236.5970416,0,0,-817,-102.125
1764842236.601037,0,0,3097,387.125
1764842236.6050327,1,1,6402,800.250
1764842236.6090393,0,0,2132,266.500
1764842236.6130345,0,0,-2195,-274.375
1764842236.6170409,0,0,-999,-124.875
1764842236.6210341,0,0,2871,358.875
1764842236.6250386,1,0,6285,785.625
1764842236.6290357,0,0,2360,295.000
1764842236.6330333,0,0,-2138,-267.250
1764842236.6370404,0,0,-1227,-153.375
1764842236.6410358,0,0,2577,322.125
1764842236.645038,1,1,6126,765.750
1764842236.6490395,0,0,2623,327.875
1764842236.6531227,0,0,-2133,-266.625
1764842236.6570578,0,0,-1170,-146.250
1764842236.6610625,0,0,2609,326.125
1764842236.6650217,1,1,6123,765.375
1764842236.6690228,0,0,2856,357.000
1764842236.673017,0,0,-1729,-216.125
1764842236.6770203,0,0,-1642,-205.250
1764842236.6810215,0,0,1934,241.750
1764842236.6850183,1,1,5738,717.250
1764842236.689041,0,0,3145,393.125
1764842236.6930354,0,0,-2040,-255.000
1764842236.6970394,0,0,-1280,-160.000
1764842236.7010365,0,0,2418,302.250
1764842236.7050364,1,1,5988,748.500
1764842236.709037,0,0,3435,429.375
1764842236.713034,0,0,-1988,-248.500
1764842236.717039,0,0,-1361,-170.125
1764842236.7210326,0,0,2286,285.750
1764842236.7250345,1,1,5880,735.000
1764842236.729044,0,0,3717,464.625
1764842236.7330377,0,0,-1926,-240.750
1764842236.737038,0,0,-1364,-170.500
1764842236.741034,0,0,2246,280.750
1764842236.7450366,1,1,5816,727.000
1764842236.7490246,0,0,4068,508.500
1764842236.75302,0,0,-1813,-226.625
1764842236.7570283,0,0,-1239,-154.875
1764842236.7611158,0,0,2352,294.000
1764842236.765081,1,1,5814,726.750
1764842236.7690873,0,0,4346,543.250
1764842236.7730792,0,0,-1676,-209.500
1764842236.7770813,0,0,-1060,-132.500
1764842236.781084,0,0,2498,312.250
1764842236.7850792,1,0,5822,727.750
1764842236.7890682,0,0,4684,585.500
1764842236.793062,0,0,-1170,-146.250
1764842236.7970731,0,0,-525,-65.625
1764842236.8010786,0,0,2810,351.250
1764842236.805076,1,0,5827,728.375
1764842236.8090692,0,0,4704,588.000
1764842236.8130608,0,0,-1596,-199.500
1764842236.8170724,0,0,-1435,-179.375
1764842236.8210757,0,0,1991,248.875
1764842236.8250723,1,1,5412,676.500
1764842236.8290737,0,0,4943,617.875
1764842236.83308,0,0,-1167,-145.875
1764842236.8370852,0,0,-1083,-135.375
1764842236.8410769,0,0,2177,272.125
1764842236.845071,1,1,5366,670.750
1764842236.8490784,0,0,4977,622.125
1764842236.8531668,0,0,-1287,-160.875
1764842236.8571005,0,0,-1336,-167.000
1764842236.8611455,0,0,1947,243.375
1764842236.865021,1,1,5211,651.375
1764842236.869034,0,0,5093,636.625
1764842236.873032,0,0,-1241,-155.125
1764842236.8770366,0,0,-1499,-187.375
1764842236.8810174,0,0,1726,215.750
1764842236.8850162,1,1,5028,628.500
1764842236.8890371,0,0,5194,649.250
1764842236.893031,0,0,-937,-117.125
1764842236.8970382,0,0,-1156,-144.500
1764842236.9010332,0,0,1973,246.625
1764842236.905033,1,1,5045,630.625
1764842236.9090314,0,0,5240,655.000
1764842236.9130301,0,0,-1111,-138.875
1764842236.917038,0,0,-1607,-200.875
1764842236.9210398,0,0,1528,191.000
1764842236.9250398,1,1,4787,598.375
1764842236.9290278,0,0,5376,672.000
1764842236.9330153,0,0,-685,-85.625
1764842236.937026,0,0,-1314,-164.250
1764842236.9410353,0,0,1673,209.125
1764842236.9450324,1,1,4726,590.750
1764842236.949022,0,0,5382,672.750
1764842236.953014,0,0,-786,-98.250
1764842236.9570253,0,0,-1633,-204.125
1764842236.9610326,0,0,1352,169.000
1764842236.965047,1,1,4522,565.250
1764842236.9690392,0,0,5413,676.625
1764842236.9730358,0,0,-796,-99.500
1764842236.977059,0,0,-1822,-227.750
1764842236.9813964,0,0,1127,140.875
1764842236.9851186,1,1,4366,545.750
1764842236.9890463,0,0,5455,681.875
1764842236.9930334,0,0,-741,-92.625
1764842236.9970343,0,0,-1998,-249.750
1764842237.00103,0,0,822,102.750
1764842237.0050275,1,1,4153,519.125
1764842237.0090342,0,0,5519,689.875
1764842237.013033,0,0,-433,-54.125
1764842237.0170295,0,0,-1879,-234.875
1764842237.0210304,0,0,942,117.750
1764842237.0250306,1,1,4139,517.375
1764842237.029034,0,0,5488,686.000
1764842237.0330327,0,0,-567,-70.875
1764842237.0370307,0,0,-1848,-231.000
1764842237.0410247,0,0,375,46.875
1764842237.0450327,1,1,3818,477.250
1764842237.0490375,0,0,5545,693.125
1764842237.0583816,0,0,317,39.625
1764842237.0610518,0,0,3730,466.250
1764842237.0650697,1,1,5579,697.375
1764842237.0690358,0,0,-82,-10.250
1764842237.0730307,0,0,-1695,-211.875
1764842237.0770345,0,0,-120,-15.000
1764842237.08103,0,0,3397,424.625
1764842237.0850286,1,1,5530,691.250
1764842237.0890274,0,0,145,18.125
1764842237.0930176,0,0,-1916,-239.500
1764842237.0970316,0,0,-77,-9.625
1764842237.1010318,0,0,3397,424.625
1764842237.1050298,1,1,5575,696.875
1764842237.1090305,0,0,433,54.125
1764842237.113029,0,0,-2213,-276.625
1764842237.1170375,0,0,154,19.250
1764842237.1210308,0,0,3512,439.000
1764842237.125028,1,1,5604,700.500
1764842237.129037,0,0,500,62.500
1764842237.1330318,0,0,-1041,-130.125
1764842237.1370378,0,0,-1242,-155.250
1764842237.1410327,0,0,2350,293.750
1764842237.1450295,1,1,5261,657.625
1764842237.149031,0,0,780,97.500
1764842237.1530302,0,0,-1707,-213.375
1764842237.1570363,0,0,-577,-72.125
1764842237.1610303,0,0,2970,371.250
1764842237.1651037,1,1,5554,694.250
1764842237.1690822,0,0,1086,135.750
1764842237.1730745,0,0,-1779,-222.375
1764842237.1770804,0,0,-631,-78.875
1764842237.1810737,0,0,2910,363.750
1764842237.1850722,1,1,5560,695.000
1764842237.1890752,0,0,1210,151.250
1764842237.193073,0,0,-1124,-140.500
1764842237.1970785,0,0,-1451,-181.375
1764842237.2010727,0,0,2060,257.500
1764842237.205073,1,1,5237,654.625
1764842237.209077,0,0,1512,189.000
1764842237.213054,0,0,-1085,-135.625
1764842237.2170644,0,0,-1661,-207.625
1764842237.2210803,0,0,1667,208.375
1764842237.2250779,1,1,5092,636.500
1764842237.2290657,0,0,1992,249.000
1764842237.233053,0,0,-1964,-245.500
1764842237.2370641,0,0,-911,-113.875
1764842237.2410753,0,0,2652,331.500
1764842237.2450726,1,1,5572,696.500
1764842237.249068,0,0,2396,299.500
1764842237.2530546,0,0,-2080,-260.000
1764842237.2571616,0,0,-956,-119.500
1764842237.261087,0,0,2582,322.750
1764842237.2651594,1,1,5519,689.875
1764842237.2690394,0,0,2665,333.125
1764842237.273031,0,0,-2154,-269.250
1764842237.2770286,0,0,-982,-122.750
1764842237.2810125,0,0,2530,316.250
1764842237.285014,1,1,5466,683.250
1764842237.289027,0,0,2947,368.375
1764842237.2930117,0,0,-2163,-270.375
1764842237.2970197,0,0,-719,-89.875
1764842237.301029,0,0,2731,341.375
1764842237.3050277,1,1,5499,687.375
1764842237.3090277,0,0,3145,393.125
1764842237.3130274,0,0,-1590,-198.750
1764842237.3170319,0,0,-1466,-183.250
1764842237.3210251,0,0,1940,242.500
1764842237.3250232,1,1,5119,639.875
1764842237.3290472,0,0,3334,416.750
1764842237.3330371,0,0,-1912,-239.000
1764842237.3370318,0,0,-1323,-165.375
1764842237.3410106,0,0,2092,261.500
1764842237.3450093,1,1,5162,645.250
1764842237.3490283,0,0,3773,471.625
1764842237.3530273,0,0,-1704,-213.000
1764842237.357031,0,0,-480,-60.000
1764842237.3610094,0,0,2754,344.250
1764842237.365007,1,1,5345,668.125
1764842237.369029,0,0,3888,486.000
1764842237.3730295,0,0,-1953,-244.125
1764842237.3770332,0,0,-1358,-169.750
1764842237.3810284,0,0,1960,245.000
1764842237.3850255,1,1,4969,621.125
1764842237.3890266,0,0,4096,512.000
1764842237.3930278,0,0,-1739,-217.375
1764842237.3970346,0,0,-1022,-127.750
1764842237.4010293,0,0,2205,275.625
1764842237.4050226,1,1,4989,623.625
1764842237.4090335,0,0,4246,530.750
1764842237.413026,0,0,-1736,-217.000
1764842237.4170334,0,0,-1304,-163.000
1764842237.4210262,0,0,1894,236.750
1764842237.4250252,1,1,4784,598.000
1764842237.4290283,0,0,4386,548.250
1764842237.4330254,0,0,-1640,-205.000
1764842237.4370325,0,0,-1449,-181.125
1764842237.441027,0,0,1678,209.750
1764842237.4450264,1,1,4611,576.375
1764842237.4490333,0,0,4499,562.375
1764842237.453026,0,0,-1516,-189.500
1764842237.4571111,0,0,-1460,-182.500
1764842237.4610443,0,0,1614,201.750
1764842237.4650283,1,1,4512,564.000
1764842237.4690158,0,0,4642,580.250
1764842237.4730132,0,0,-1217,-152.125
1764842237.4770188,0,0,-1288,-161.000
1764842237.4810274,0,0,1667,208.375
1764842237.4850261,1,1,4429,553.625
1764842237.4890244,0,0,4638,579.750
1764842237.493009,0,0,-1433,-179.125
1764842237.4970222,0,0,-1637,-204.625
1764842237.5010302,0,0,1394,174.250
1764842237.5050244,1,1,4312,539.000
1764842237.5090253,0,0,4790,598.750
1764842237.5130217,0,0,-1292,-161.500
1764842237.5170288,0,0,-1711,-213.875
1764842237.521025,0,0,1260,157.500
1764842237.5250247,1,1,4188,523.500
1764842237.529035,0,0,4865,608.125
1764842237.5330265,0,0,-1211,-151.375
1764842237.5370245,0,0,-1850,-231.250
1764842237.5410063,0,0,1049,131.125
1764842237.5450094,1,1,4042,505.250
1764842237.54903,0,0,4929,616.125
1764842237.553026,0,0,-1117,-139.625
1764842237.5570295,0,0,-1841,-230.125
1764842237.561022,0,0,1079,134.875
1764842237.565026,1,1,4037,504.625
1764842237.5691385,0,0,5018,627.250
1764842237.5730736,0,0,-764,-95.500
1764842237.5770752,0,0,-1707,-213.375
1764842237.5810657,0,0,306,38.250
1764842237.5850644,1,1,3580,447.500
1764842237.589071,0,0,5031,628.875
1764842237.5930688,0,0,-833,-104.125
1764842237.5970728,0,0,-1979,-247.375
1764842237.601064,0,0,696,87.000
1764842237.6050673,1,1,3788,473.500
1764842237.6090736,0,0,5155,644.375
1764842237.6130745,0,0,-503,-62.875
1764842237.6170697,0,0,-1622,-202.750
1764842237.6210475,0,0,31,3.875
1764842237.6250472,1,1,3366,420.750
1764842237.6290731,0,0,5141,642.625
1764842237.6330693,0,0,-415,-51.875
1764842237.6370678,0,0,-1677,-209.625
1764842237.641046,0,0,101,12.625
1764842237.6450486,1,1,3401,425.125
1764842237.6490684,0,0,5269,658.625
1764842237.6530704,0,0,-23,-2.875
1764842237.657164,0,0,-2050,-256.250
1764842237.6610837,0,0,585,73.125
1764842237.6650686,1,1,3624,453.000
1764842237.6691444,0,0,25,3.125
1764842237.6730127,0,0,-2135,-266.875
1764842237.677022,0,0,225,28.125
1764842237.6810265,0,0,3393,424.125
1764842237.6850219,1,1,5283,660.375
1764842237.689019,0,0,344,43.000
1764842237.693007,0,0,-2142,-267.750
1764842237.69702,0,0,359,44.875
1764842237.7010257,0,0,3426,428.250
1764842237.7050242,1,1,5274,659.250
1764842237.709012,0,0,443,55.375
1764842237.7130058,0,0,-2181,-272.625
1764842237.7170172,0,0,45,5.625
1764842237.7210271,0,0,3208,401.000
1764842237.725025,1,1,5230,653.750
1764842237.7290287,0,0,713,89.125
1764842237.733021,0,0,-1962,-245.250
1764842237.737029,0,0,-294,-36.750
1764842237.7410283,0,0,2932,366.500
1764842237.7450316,1,1,5141,642.625
1764842237.749015,0,0,950,118.750
1764842237.7530038,0,0,-2246,-280.750
1764842237.7570162,0,0,-46,-5.750
1764842237.7610245,0,0,3088,386.000
1764842237.7650225,1,1,5185,648.125
1764842237.769049,0,0,1153,144.125
1764842237.773009,0,0,-1677,-209.625
1764842237.7770178,0,0,-686,-85.750
1764842237.781027,0,0,2596,324.500
1764842237.785023,1,1,5025,628.125
1764842237.7890117,0,0,1288,161.000
1764842237.793004,0,0,-1265,-158.125
1764842237.7970152,0,0,-1111,-138.875
1764842237.8010235,0,0,2233,279.125
1764842237.8050234,1,1,4933,616.625
1764842237.809031,0,0,1762,220.250
1764842237.8130271,0,0,-1668,-208.500
1764842237.8170266,0,0,-940,-117.500
1764842237.8210194,0,0,2369,296.125
1764842237.8250194,1,1,4976,622.000
1764842237.8290265,0,0,2245,280.625
1764842237.833023,0,0,-2256,-282.000
1764842237.8370261,0,0,-716,-89.500
1764842237.8410194,0,0,2468,308.500
1764842237.8450224,1,1,4940,617.500
1764842237.8490286,0,0,2283,285.375
1764842237.8530228,0,0,-2168,-271.000
1764842237.8571072,0,0,-852,-106.500
1764842237.861038,0,0,2396,299.500
1764842237.8650217,1,1,4921,615.125
1764842237.869014,0,0,2498,312.250
1764842237.8730435,0,0,-1948,-243.500
1764842237.8770187,0,0,-996,-124.500
1764842237.8810208,0,0,2275,284.375
1764842237.8850207,1,1,4877,609.625
1764842237.8890185,0,0,2680,335.000
1764842237.8930063,0,0,-1179,-147.375
1764842237.897016,0,0,-1669,-208.625
1764842237.9010184,0,0,1361,170.125
1764842237.9050186,1,1,4481,560.125
1764842237.9090185,0,0,2976,372.000
1764842237.9130218,0,0,-1374,-171.750
1764842237.9170275,0,0,-1533,-191.625
1764842237.9210205,0,0,1699,212.375
1764842237.92502,1,1,4649,581.125
1764842237.9290235,0,0,3305,413.125
1764842237.9330175,0,0,-1534,-191.750
1764842237.9370258,0,0,-1508,-188.500
1764842237.9410195,0,0,1719,214.875
1764842237.945017,1,1,4640,580.000
1764842237.9490154,0,0,3578,447.250
1764842237.9530187,0,0,-1394,-174.250
1764842237.957025,0,0,-1645,-205.625
1764842237.9610212,0,0,1505,188.125
1764842237.9650185,1,1,4520,565.000
1764842237.9690223,0,0,3868,483.500
1764842237.9730585,0,0,-1874,-234.250
1764842237.9770525,0,0,-1480,-185.000
1764842237.981405,0,0,1706,213.250
1764842237.9851034,1,1,4572,571.500
1764842237.989031,0,0,4071,508.875
1764842237.9930193,0,0,-1809,-226.125
1764842237.9970202,0,0,-1090,-136.250
1764842238.0010176,0,0,2098,262.250
1764842238.00502,1,1,4702,587.750
1764842238.0090177,0,0,4231,528.875
1764842238.013016,0,0,-1784,-223.000
1764842238.0170171,0,0,-1499,-187.375
1764842238.0210233,0,0,1650,206.250
1764842238.0250251,1,1,4455,556.875
1764842238.0290112,0,0,4344,543.000
1764842238.0330021,0,0,-1667,-208.375
1764842238.0370066,0,0,-1647,-205.875
1764842238.041009,0,0,1435,179.375
1764842238.0450044,1,1,4306,538.250
1764842238.049007,0,0,4496,562.000
1764842238.0530047,0,0,-1583,-197.875
1764842238.0624278,0,0,1495,186.875
1764842238.0650709,1,1,4288,536.000
1764842238.0690217,0,0,4678,584.750
1764842238.073005,0,0,-1159,-144.875
1764842238.0770133,0,0,-1195,-149.375
1764842238.0810192,0,0,1753,219.125
1764842238.0850189,1,1,4283,535.375
1764842238.0890172,0,0,4619,577.375
1764842238.0930061,0,0,-1075,-134.375
1764842238.0970106,0,0,-1785,-223.125
1764842238.101019,0,0,851,106.375
1764842238.1050196,1,1,3876,484.500
1764842238.1090233,0,0,4749,593.625
1764842238.1130185,0,0,-1004,-125.500
1764842238.1170175,0,0,-1781,-222.625
1764842238.1210155,0,0,730,91.250
1764842238.1250184,1,1,3793,474.125
1764842238.1290293,0,0,4863,607.875
1764842238.1330178,0,0,-767,-95.875
1764842238.1370215,0,0,-1688,-211.000
1764842238.141018,0,0,329,41.125
1764842238.1450152,1,1,3544,443.000
1764842238.14902,0,0,4952,619.000
1764842238.1530204,0,0,-874,-109.250
1764842238.1570234,0,0,-1964,-245.500
1764842238.1610157,0,0,799,99.875
1764842238.165014,1,1,3787,473.375
1764842238.1690218,0,0,5086,635.750
1764842238.1730216,0,0,-631,-78.875
1764842238.1770625,0,0,-1936,-242.000
1764842238.181069,0,0,859,107.375
1764842238.1850593,1,1,3761,470.125
1764842238.189049,0,0,5099,637.375
1764842238.1930447,0,0,-532,-66.500
1764842238.1970553,0,0,-1858,-232.250
1764842238.2010617,0,0,351,43.875
1764842238.2050588,1,1,3423,427.875
1764842238.2090535,0,0,5058,632.250
1764842238.2130425,0,0,-256,-32.000
1764842238.2170575,0,0,-1482,-185.250
1764842238.2210653,0,0,-375,-46.875
1764842238.2250593,1,1,2967,370.875
1764842238.2290502,0,0,5058,632.250
1764842238.233041,0,0,-146,-18.250
1764842238.2370555,0,0,-1658,-207.250
1764842238.2410634,0,0,16,2.000
1764842238.2450604,1,1,3244,405.500
1764842238.2490678,0,0,5209,651.125
1764842238.2530599,0,0,95,11.875
1764842238.2570672,0,0,-1690,-211.250
1764842238.261152,0,0,-32,-4.000
1764842238.2650769,1,1,3195,399.375
1764842238.2690525,0,0,5230,653.750
1764842238.2730427,0,0,351,43.875
1764842238.2771444,0,0,-528,-66.000
1764842238.28102,0,0,-528,-66.000
1764842238.285019,1,1,2811,351.375
1764842238.2890177,0,0,5143,642.875
1764842238.293014,0,0,665,83.125
1764842238.2970166,0,0,-52,-6.500
1764842238.301018,0,0,3154,394.250
1764842238.3050158,1,1,5267,658.375
1764842238.3090186,0,0,931,116.375
1764842238.3130143,0,0,-1896,-237.000
1764842238.317018,0,0,-310,-38.750
1764842238.3210175,0,0,2942,367.750
1764842238.3250163,1,1,5198,649.750
1764842238.3290236,0,0,1212,151.500
1764842238.3330128,0,0,-1842,-230.250
1764842238.3370183,0,0,-496,-62.000
1764842238.3410134,0,0,2780,347.500
1764842238.3450155,1,1,5141,642.625
1764842238.3490047,0,0,1485,185.625
1764842238.3529973,0,0,-2027,-253.375
1764842238.3570068,0,0,-481,-60.125
1764842238.361013,0,0,2775,346.875
1764842238.3650146,1,1,5124,640.500
1764842238.3690205,0,0,1770,221.250
1764842238.3730178,0,0,-1912,-239.000
1764842238.3770502,0,0,-708,-88.500
1764842238.381013,0,0,2567,320.875
1764842238.3850145,1,1,5027,628.375
1764842238.3890166,0,0,2014,251.750
1764842238.3930154,0,0,-1989,-248.625
1764842238.3970172,0,0,-777,-97.125
1764842238.4010124,0,0,2487,310.875
1764842238.4050136,1,1,4975,621.875
1764842238.40902,0,0,2293,286.625
1764842238.413014,0,0,-2262,-282.750
1764842238.4170206,0,0,-583,-72.875
1764842238.4210134,0,0,2635,329.375
1764842238.4250107,1,1,5001,625.125
1764842238.4290025,0,0,2591,323.875
1764842238.4330184,0,0,-2201,-275.125
1764842238.4370208,0,0,-423,-52.875
1764842238.4410112,0,0,2733,341.625
1764842238.445011,1,1,4988,623.500
1764842238.449018,0,0,2775,346.875
1764842238.4530165,0,0,-2111,-263.875
1764842238.4570153,0,0,-978,-122.250
1764842238.4610903,0,0,2242,280.250
1764842238.4650238,1,1,4757,594.625
1764842238.469004,0,0,3121,390.125
1764842238.4730058,0,0,-1973,-246.625
1764842238.477047,0,0,-485,-60.625
1764842238.4810169,0,0,2540,317.500
1764842238.4850142,1,1,4766,595.750
1764842238.489012,0,0,3231,403.875
1764842238.4929988,0,0,-2057,-257.125
1764842238.4970114,0,0,-762,-95.250
1764842238.5010164,0,0,2316,289.500
1764842238.5050108,1,1,4638,579.750
1764842238.50901,0,0,3326,415.750
1764842238.5130117,0,0,-2107,-263.375
1764842238.517019,0,0,-1012,-126.500
1764842238.5210133,0,0,2130,266.250
1764842238.5250168,1,1,4548,568.500
1764842238.529025,0,0,3586,448.250
1764842238.5330122,0,0,-1823,-227.875
1764842238.5370142,0,0,-586,-73.250
1764842238.540996,0,0,2411,301.375
1764842238.5449977,1,1,4571,571.375
1764842238.5490155,0,0,3645,455.625
1764842238.5530102,0,0,-1990,-248.750
1764842238.5570135,0,0,-1038,-129.750
1764842238.5609975,0,0,2062,257.750
1764842238.5649967,1,1,4425,553.125
1764842238.5690114,0,0,3704,463.000
1764842238.5730114,0,0,-1131,-141.375
1764842238.577017,0,0,-1682,-210.250
1764842238.581048,0,0,603,75.375
1764842238.585012,1,1,3729,466.125
1764842238.5890167,0,0,3995,499.375
1764842238.5930157,0,0,-1783,-222.875
1764842238.5970163,0,0,-1248,-156.000
1764842238.6010127,0,0,1847,230.875
1764842238.605014,1,1,4316,539.500
1764842238.6090193,0,0,4238,529.750
1764842238.6130095,0,0,-1647,-205.875
1764842238.617015,0,0,-1074,-134.250
1764842238.6210093,0,0,2030,253.750
1764842238.6250122,1,1,4367,545.875
1764842238.629014,0,0,4342,542.750
1764842238.6330118,0,0,-1265,-158.125
1764842238.6370146,0,0,-1760,-220.000
1764842238.6410108,0,0,1133,141.625
1764842238.6450107,1,1,3904,488.000
1764842238.649018,0,0,4413,551.625
1764842238.6530142,0,0,-1155,-144.375
1764842238.6570158,0,0,-1783,-222.875
1764842238.6610963,0,0,960,120.000
1764842238.6650271,1,1,3791,473.875
1764842238.6690063,0,0,4550,568.750
1764842238.672998,0,0,-1335,-166.875
1764842238.6770053,0,0,-1719,-214.875
1764842238.6810274,0,0,1231,153.875
1764842238.6850107,1,1,3888,486.000
1764842238.6890094,0,0,4646,580.750
1764842238.6929963,0,0,-1213,-151.625
1764842238.6970074,0,0,-1730,-216.250
1764842238.701011,0,0,1230,153.750
1764842238.70501,1,1,3869,483.625
1764842238.7090108,0,0,4735,591.875
1764842238.7130115,0,0,-900,-112.500
1764842238.717019,0,0,-1842,-230.250
1764842238.7210093,0,0,673,84.125
1764842238.7250068,1,1,3528,441.000
1764842238.7290137,0,0,4755,594.375
1764842238.7330122,0,0,-804,-100.500
1764842238.7370157,0,0,-1921,-240.125
1764842238.741008,0,0,830,103.750
1764842238.745007,1,1,3555,444.375
1764842238.748997,0,0,4794,599.250
1764842238.7529962,0,0,-458,-57.250
1764842238.7570078,0,0,-1546,-193.250
1764842238.7610128,0,0,1300,162.500
1764842238.7650087,1,1,3753,469.125
1764842238.7690141,0,0,4833,604.125
1764842238.7730103,0,0,-309,-38.625
1764842238.7770112,0,0,-1652,-206.500
1764842238.781021,0,0,1145,143.125
1764842238.7850087,1,1,3621,452.625
1764842238.7889974,0,0,4802,600.250
1764842238.7929907,0,0,-237,-29.625
1764842238.7970045,0,0,-2029,-253.625
1764842238.8010085,0,0,565,70.625
1764842238.8050103,1,1,3260,407.500
1764842238.809013,0,0,4717,589.625
1764842238.8130076,0,0,-141,-17.625
1764842238.817015,0,0,-2060,-257.500
1764842238.8210092,0,0,530,66.250
1764842238.8250082,1,1,3238,404.750
1764842238.8289952,0,0,4739,592.375
1764842238.833002,0,0,176,22.000
1764842238.8370013,0,0,-1981,-247.625
1764842238.8409941,0,0,647,80.875
1764842238.8449938,1,1,3265,408.125
1764842238.8490086,0,0,4726,590.750
1764842238.8530078,0,0,398,49.750
1764842238.8570085,0,0,-1978,-247.250
1764842238.8610952,0,0,623,77.875
1764842238.865021,1,1,3216,402.000
1764842238.8690016,0,0,4684,585.500
1764842238.8729925,0,0,476,59.500
1764842238.8770003,0,0,-2163,-270.375
1764842238.8810081,0,0,242,30.250
1764842238.8850453,1,1,2987,373.375
1764842238.8890066,0,0,4629,578.625
1764842238.8929899,0,0,626,78.250
1764842238.897001,0,0,-1901,-237.625
1764842238.9010086,0,0,-165,-20.625
1764842238.9050102,1,1,2707,338.375
1764842238.9090116,0,0,4551,568.875
1764842238.9130096,0,0,808,101.000
1764842238.9170122,0,0,-499,-62.375
1764842238.9210048,0,0,2485,310.625
1764842238.9250093,1,1,4510,563.750
1764842238.9290135,0,0,1092,136.500
1764842238.9330153,0,0,-1342,-167.750
1764842238.9370131,0,0,-990,-123.750
1764842238.9409912,0,0,2075,259.375
1764842238.9449904,1,1,4389,548.625
1764842238.94901,0,0,1485,185.625
1764842238.9530087,0,0,-1842,-230.250
1764842238.957007,0,0,-708,-88.500
1764842238.9609904,0,0,2297,287.125
1764842238.9649904,1,1,4456,557.000
1764842238.969009,0,0,1748,218.500
1764842238.9730115,0,0,-2273,-284.125
1764842238.9770346,0,0,-331,-41.375
1764842238.981383,0,0,2598,324.750
1764842238.9851384,1,1,4548,568.500
1764842238.989019,0,0,2086,260.750
1764842238.9930089,0,0,-2254,-281.750
1764842238.9970098,0,0,-482,-60.250
1764842239.001004,0,0,2414,301.750
1764842239.0050035,1,1,4415,551.875
1764842239.0090065,0,0,2236,279.500
1764842239.0130048,0,0,-2239,-279.875
1764842239.017008,0,0,-780,-97.500
1764842239.0210068,0,0,2181,272.625
1764842239.0250022,1,1,4313,539.125
1764842239.0290062,0,0,2495,311.875
1764842239.033007,0,0,-2211,-276.375
1764842239.0370111,0,0,-587,-73.375
1764842239.040999,0,0,2316,289.500
1764842239.045004,1,1,4321,540.125
1764842239.0490038,0,0,2638,329.750
1764842239.0530016,0,0,-2181,-272.625
1764842239.0570028,0,0,-936,-117.000
1764842239.0662975,1,1,4201,525.125
1764842239.0690355,0,0,3041,380.125
1764842239.073005,0,0,-1711,-213.875
1764842239.0770042,0,0,-193,-24.125
1764842239.0809908,0,0,2459,307.375
1764842239.0850303,1,1,4221,527.625
1764842239.0890112,0,0,2985,373.125
1764842239.0930042,0,0,-2144,-268.000
1764842239.097008,0,0,-1021,-127.625
1764842239.1009943,0,0,1908,238.500
1764842239.1049907,1,1,4041,505.125
1764842239.1090086,0,0,3161,395.125
1764842239.113007,0,0,-2108,-263.500
1764842239.11701,0,0,-1009,-126.125
1764842239.121007,0,0,1969,246.125
1764842239.1250064,1,1,4068,508.500
1764842239.1290154,0,0,3288,411.000
1764842239.1330037,0,0,-1264,-158.000
1764842239.1370058,0,0,-1674,-209.250
1764842239.1410074,0,0,1143,142.875
1764842239.1450052,1,1,3724,465.500
1764842239.149007,0,0,3491,436.375
1764842239.153002,0,0,-1199,-149.875
1764842239.15701,0,0,-1698,-212.250
1764842239.1610038,0,0,996,124.500
1764842239.1650066,1,1,3674,459.250
1764842239.169012,0,0,3746,468.250
1764842239.1730032,0,0,-1158,-144.750
1764842239.1770086,0,0,-1713,-214.125
1764842239.1810017,0,0,820,102.500
1764842239.1850371,1,1,3592,449.000
1764842239.1890097,0,0,3971,496.375
1764842239.1930063,0,0,-1227,-153.375
1764842239.1970084,0,0,-1709,-213.625
1764842239.201,0,0,1186,148.250
1764842239.2050056,1,1,3795,474.375
1764842239.2090108,0,0,4101,512.625
1764842239.213006,0,0,-999,-124.875
1764842239.2170074,0,0,-1599,-199.875
1764842239.2210026,0,0,62,7.750
1764842239.225003,1,1,3185,398.125
1764842239.229005,0,0,4297,537.125
1764842239.2330065,0,0,-1415,-176.875
1764842239.2370126,0,0,-1679,-209.875
1764842239.2409883,0,0,1313,164.125
1764842239.2449872,1,1,3879,484.875
1764842239.2490027,0,0,4516,564.500
1764842239.2529893,0,0,-935,-116.875
1764842239.2569904,0,0,-1752,-219.000
1764842239.2609866,0,0,765,95.625
1764842239.2650802,1,1,3576,447.000
1764842239.2690094,0,0,4599,574.875
1764842239.272992,0,0,-974,-121.750
1764842239.2769992,0,0,-1840,-230.000
1764842239.2810018,0,0,875,109.375
1764842239.2850397,1,1,3613,451.625
1764842239.289,0,0,4676,584.500
1764842239.29299,0,0,-689,-86.125
1764842239.297,0,0,-1677,-209.625
1764842239.3010037,0,0,294,36.750
1764842239.3049998,1,1,3273,409.125
1764842239.3090022,0,0,4713,589.125
1764842239.3130026,0,0,-525,-65.625
1764842239.3170097,0,0,-1673,-209.125
1764842239.3210046,0,0,264,33.000
1764842239.325002,1,1,3263,407.875
1764842239.3290076,0,0,4814,601.750
1764842239.3330045,0,0,-385,-48.125
1764842239.3370092,0,0,-1634,-204.250
1764842239.3409874,0,0,86,10.750
1764842239.344987,1,1,3138,392.250
1764842239.3490045,0,0,4855,606.875
1764842239.3530004,0,0,-264,-33.000
1764842239.3570046,0,0,-1688,-211.000
1764842239.360986,0,0,171,21.375
1764842239.3649867,1,1,3195,399.375
1764842239.3690023,0,0,4931,616.375
1764842239.3730009,0,0,-30,-3.750
1764842239.3770094,0,0,-1513,-189.125
1764842239.3810034,0,0,-285,-35.625
1764842239.3850362,1,1,2877,359.625
1764842239.3890045,0,0,4905,613.125
1764842239.3930016,0,0,175,21.875
1764842239.3970053,0,0,-1484,-185.500
1764842239.4010026,0,0,-420,-52.500
1764842239.4050028,1,1,2773,346.625
1764842239.4090097,0,0,4922,615.250
1764842239.4129984,0,0,387,48.375
1764842239.4170063,0,0,-1454,-181.750
1764842239.4210048,0,0,-482,-60.250
1764842239.4250028,1,1,2731,341.375
1764842239.4290037,0,0,4960,620.000
1764842239.432998,0,0,756,94.500
1764842239.4370053,0,0,-1750,-218.750
1764842239.4409997,0,0,-286,-35.750
1764842239.445001,1,1,2867,358.375
1764842239.4490068,0,0,5011,626.375
1764842239.4530008,0,0,933,116.625
1764842239.4570038,0,0,-1440,-180.000
1764842239.4609976,0,0,-742,-92.750
1764842239.4650872,1,1,2510,313.750
1764842239.4690087,0,0,4914,614.250
1764842239.472991,0,0,1251,156.375
1764842239.476995,0,0,-1448,-181.000
1764842239.481002,0,0,-877,-109.625
1764842239.4850018,1,1,2391,298.875
1764842239.4890013,0,0,4889,611.125
1764842239.4929876,0,0,1594,199.250
1764842239.496994,0,0,-1655,-206.875
1764842239.501001,0,0,-785,-98.125
1764842239.5049996,1,1,2468,308.500
1764842239.5090008,0,0,4921,615.125
1764842239.5129986,0,0,1811,226.375
1764842239.517007,0,0,-1260,-157.500
1764842239.520999,0,0,-1326,-165.750
1764842239.5249958,1,1,1945,243.125
1764842239.5290072,0,0,4731,591.375
1764842239.5330021,0,0,2174,271.750
1764842239.537002,0,0,-1275,-159.375
1764842239.540982,0,0,2000,250.000
1764842239.5449824,1,1,4761,595.125
1764842239.5490007,0,0,2487,310.875
1764842239.5530016,0,0,-1919,-239.875
1764842239.5570104,0,0,-923,-115.375
1764842239.560984,0,0,2356,294.500
1764842239.5649836,1,1,4900,612.500
1764842239.568999,0,0,2719,339.875
1764842239.572996,0,0,-1546,-193.250
1764842239.577002,0,0,-1268,-158.500
1764842239.5809872,0,0,2007,250.875
1764842239.5849814,1,1,4741,592.625
1764842239.5890532,0,0,3028,378.500
1764842239.5930455,0,0,-1685,-210.625
1764842239.5970511,0,0,-1286,-160.750
1764842239.6010447,0,0,1967,245.875
1764842239.6050398,1,1,4696,587.000
1764842239.609049,0,0,3286,410.750
1764842239.6130412,0,0,-1480,-185.000
1764842239.6170511,0,0,-1498,-187.250
1764842239.621044,0,0,1709,213.625
1764842239.625045,1,1,4563,570.375
1764842239.6290476,0,0,3501,437.625
1764842239.6330416,0,0,-1653,-206.625
1764842239.6370482,0,0,-1402,-175.250
1764842239.6410434,0,0,1826,228.250
1764842239.6450436,1,1,4599,574.875
1764842239.6490464,0,0,3773,471.625
1764842239.6530428,0,0,-1397,-174.625
1764842239.6570454,0,0,-1632,-204.000
1764842239.6610434,0,0,1496,187.000
1764842239.665128,1,1,4415,551.875
1764842239.669047,0,0,3948,493.500
1764842239.6730244,0,0,-1521,-190.125
1764842239.6770353,0,0,-1578,-197.250
1764842239.6810443,0,0,1580,197.500
1764842239.6850424,1,1,4436,554.500
1764842239.689131,0,0,4102,512.750
1764842239.692984,0,0,-1266,-158.250
1764842239.6969922,0,0,-1706,-213.250
1764842239.7010002,0,0,1274,159.250
1764842239.7049966,1,1,4271,533.875
1764842239.708997,0,0,4283,535.375
1764842239.7129958,0,0,-1191,-148.875
1764842239.7170012,0,0,-1719,-214.875
1764842239.7209947,0,0,1064,133.000
1764842239.7249963,1,1,4151,518.875
1764842239.7290044,0,0,4471,558.875
1764842239.7330005,0,0,-1226,-153.250
1764842239.737001,0,0,-1747,-218.375
1764842239.7409928,0,0,1223,152.875
1764842239.7449968,1,1,4214,526.750
1764842239.7490048,0,0,4670,583.750
1764842239.7529998,0,0,-1239,-154.875
1764842239.7569985,0,0,-1784,-223.000
1764842239.7609787,0,0,1194,149.250
1764842239.7649777,1,1,4168,521.000
1764842239.7689962,0,0,4803,600.375
1764842239.7729971,0,0,-1044,-130.500
1764842239.7769957,0,0,-1780,-222.500
1764842239.780977,0,0,865,108.125
1764842239.784978,1,1,3949,493.625
1764842239.7889972,0,0,4899,612.375
1764842239.792982,0,0,-1102,-137.750
1764842239.7969944,0,0,-1851,-231.375
1764842239.8009977,0,0,991,123.875
1764842239.8049953,1,1,4002,500.250
1764842239.8089917,0,0,4976,622.000
1764842239.812982,0,0,-770,-96.250
1764842239.8169901,0,0,-1649,-206.125
1764842239.8209968,0,0,283,35.375
1764842239.8249934,1,1,3572,446.500
1764842239.828994,0,0,5052,631.500
1764842239.8329952,0,0,-880,-110.000
1764842239.8370013,0,0,-1918,-239.750
1764842239.840995,0,0,984,123.000
1764842239.844993,1,1,3981,497.625
1764842239.849,0,0,5243,655.375
1764842239.8529963,0,0,-565,-70.625
1764842239.8570018,0,0,-1750,-218.750
1764842239.8609948,0,0,413,51.625
1764842239.8650765,1,1,3602,450.250
1764842239.8690019,0,0,5208,651.000
1764842239.8729808,0,0,-333,-41.625
1764842239.876994,0,0,-1471,-183.875
1764842239.8809967,0,0,-397,-49.625
1764842239.8849943,1,1,3031,378.875
1764842239.8890247,0,0,5171,646.375
1764842239.8929803,0,0,-203,-25.375
1764842239.8969927,0,0,-2063,-257.875
1764842239.9009962,0,0,444,55.500
1764842239.9049947,1,1,3600,450.000
1764842239.9089901,0,0,5373,671.625
1764842239.9129894,0,0,-34,-4.250
1764842239.916999,0,0,-1612,-201.500
1764842239.920994,0,0,-124,-15.500
1764842239.9249918,1,1,3200,400.000
1764842239.9290087,0,0,5314,664.250
1764842239.9329953,0,0,313,39.125
1764842239.9369936,0,0,-2144,-268.000
1764842239.940981,0,0,433,54.125
1764842239.9449787,1,1,3550,443.750
1764842239.9489934,0,0,5421,677.625
1764842239.9529905,0,0,429,53.625
1764842239.9569952,0,0,-1603,-200.375
1764842239.960978,0,0,-326,-40.750
1764842239.9649768,1,1,3004,375.500
1764842239.968996,0,0,5282,660.250
1764842239.9729972,0,0,698,87.250
1764842239.9770217,0,0,-1656,-207.000
1764842239.9813752,0,0,-430,-53.750
1764842239.9850886,1,1,2909,363.625
1764842239.9890532,0,0,5269,658.625
1764842239.9929924,0,0,1030,128.750
1764842239.9969966,0,0,-1934,-241.750
1764842240.0009923,0,0,-322,-40.250
1764842240.0049927,1,1,2972,371.500
1764842240.0089953,0,0,5292,661.500
1764842240.0129936,0,0,1307,163.375
1764842240.0169911,0,0,-1777,-222.125
1764842240.0209923,0,0,-588,-73.500
1764842240.0249944,1,1,2744,343.000
1764842240.0289981,0,0,5206,650.750
1764842240.0329933,0,0,1486,185.750
1764842240.0369918,0,0,-1616,-202.000
1764842240.0409756,0,0,-826,-103.250
1764842240.0449762,1,1,2539,317.375
1764842240.0489976,0,0,5141,642.625
1764842240.0529943,0,0,1844,230.500
1764842240.0569942,0,0,-1978,-247.250
1764842240.0609925,0,0,-639,-79.875
1764842240.070344,0,0,2205,275.625
1764842240.0730205,0,0,2205,275.625
1764842240.0770066,0,0,-2214,-276.750
1764842240.0809784,0,0,-193,-24.125
1764842240.084977,1,1,2996,374.500
1764842240.0889983,0,0,5242,655.250
1764842240.0930388,0,0,2305,288.125
1764842240.0969968,0,0,-1458,-182.250
1764842240.100978,0,0,-1261,-157.625
1764842240.104976,1,1,2060,257.500
1764842240.108996,0,0,4875,609.375
1764842240.1129923,0,0,2604,325.500
1764842240.1170008,0,0,-1524,-190.500
1764842240.1209931,0,0,-1309,-163.625
1764842240.12499,1,1,1999,249.875
1764842240.1289976,0,0,4838,604.750
1764842240.1329951,0,0,2883,360.375
1764842240.1369977,0,0,-1530,-191.250
1764842240.1409912,0,0,-1374,-171.750
1764842240.1449893,1,1,1921,240.125
1764842240.1489944,0,0,4794,599.250
1764842240.1529894,0,0,3192,399.000
1764842240.1569927,0,0,-1646,-205.750
1764842240.1609952,0,0,1931,241.375
1764842240.1649992,1,1,4775,596.875
1764842240.1689901,0,0,3395,424.375
1764842240.172976,0,0,-1436,-179.500
1764842240.176985,0,0,-1569,-196.125
1764842240.180993,0,0,1650,206.250
1764842240.1849928,1,1,4630,578.750
1764842240.188982,0,0,3636,454.500
1764842240.1930099,0,0,-1475,-184.375
1764842240.1969917,0,0,-1547,-193.375
1764842240.2009964,0,0,1682,210.250
1764842240.2049947,1,1,4632,579.000
1764842240.208999,0,0,3832,479.000
1764842240.212993,0,0,-1297,-162.125
1764842240.216997,0,0,-1698,-212.250
1764842240.2209935,0,0,1312,164.000
1764842240.2249932,1,1,4431,553.875
1764842240.2289946,0,0,4086,510.750
1764842240.2329898,0,0,-1452,-181.500
1764842240.2369964,0,0,-1634,-204.250
1764842240.2409916,0,0,1543,192.875
1764842240.2449942,1,1,4528,566.000
1764842240.2490003,0,0,4281,535.125
1764842240.25299,0,0,-1255,-156.875
1764842240.2569945,0,0,-1730,-216.250
1764842240.2609904,0,0,1204,150.500
1764842240.2649915,1,1,4331,541.375
1764842240.2690685,0,0,4497,562.125
1764842240.272992,0,0,-1221,-152.625
1764842240.2769754,0,0,-1755,-219.375
1764842240.280974,0,0,1137,142.125
1764842240.284974,1,1,4272,534.000
1764842240.2889798,0,0,4670,583.750
1764842240.2930102,0,0,-1511,-188.875
1764842240.2969737,0,0,-1679,-209.875
1764842240.3009746,0,0,1459,182.375
1764842240.3049746,1,1,4411,551.375
1764842240.3089962,0,0,4803,600.375
1764842240.3129911,0,0,-1085,-135.625
1764842240.3169904,0,0,-1768,-221.000
1764842240.3209863,0,0,955,119.375
1764842240.3249862,1,1,4109,513.625
1764842240.3289943,0,0,4910,613.750
1764842240.3329933,0,0,-934,-116.750
1764842240.336996,0,0,-1711,-213.875
1764842240.3409872,0,0,527,65.875
1764842240.3449874,1,1,3835,479.375
1764842240.348992,0,0,4985,623.125
1764842240.3529906,0,0,-879,-109.875
1764842240.356996,0,0,-1752,-219.000
1764842240.36099,0,0,668,83.500
1764842240.3649955,1,1,3911,488.875
1764842240.368982,0,0,5163,645.375
1764842240.3729768,0,0,-763,-95.375
1764842240.3769858,0,0,-1731,-216.375
1764842240.380992,0,0,451,56.375
1764842240.384987,1,1,3754,469.250
1764842240.3889766,0,0,5241,655.125
1764842240.3929746,0,0,-598,-74.750
1764842240.3970182,0,0,-1648,-206.000
1764842240.400992,0,0,148,18.500
1764842240.4049892,1,1,3536,442.000
1764842240.408996,0,0,5284,660.500
1764842240.4129908,0,0,-513,-64.125
1764842240.4169962,0,0,-1772,-221.500
1764842240.4209905,0,0,356,44.500
1764842240.4249873,1,1,3656,457.000
1764842240.4289894,0,0,5391,673.875
1764842240.4329886,0,0,-329,-41.125
1764842240.436994,0,0,-1623,-202.875
1764842240.4409904,0,0,-9,-1.125
1764842240.4449906,1,1,3389,423.625
1764842240.4489942,0,0,5392,674.000
1764842240.4529874,0,0,-147,-18.375
1764842240.4569952,0,0,-1754,-219.250
1764842240.4609904,0,0,153,19.125
1764842240.4649894,1,1,3487,435.875
1764842240.4690778,0,0,5483,685.375
1764842240.4730036,0,0,137,17.125
1764842240.4769979,0,0,-1965,-245.625
1764842240.480976,0,0,129,16.125
1764842240.4849744,1,1,3434,429.250
1764842240.4889956,0,0,5492,686.500
1764842240.4929879,0,0,368,46.000
1764842240.4970279,0,0,-1720,-215.000
1764842240.5009756,0,0,-216,-27.000
1764842240.5049741,1,1,3163,395.375
1764842240.508995,0,0,5433,679.125
1764842240.5129864,0,0,679,84.875
1764842240.5169857,0,0,-2212,-276.500
1764842240.52099,0,0,120,15.000
1764842240.5249891,1,1,3386,423.250
1764842240.5289977,0,0,5507,688.375
1764842240.5329897,0,0,858,107.250
1764842240.5369875,0,0,-1761,-220.125
1764842240.5409722,0,0,-423,-52.875
1764842240.5449734,1,1,2962,370.250
1764842240.5489914,0,0,5374,671.750
1764842240.552988,0,0,1159,144.875
1764842240.5569918,0,0,-1857,-232.125
1764842240.5609887,0,0,-477,-59.625
1764842240.5649981,1,1,2900,362.500
1764842240.5689864,0,0,5365,670.625
1764842240.572975,0,0,1296,162.000
1764842240.5769792,0,0,-990,-123.750
1764842240.5809884,0,0,-1551,-193.875
1764842240.5849864,1,1,1795,224.375
1764842240.5889795,0,0,4928,616.000
1764842240.5929723,0,0,1711,213.875
1764842240.5970154,0,0,-2002,-250.250
1764842240.600989,0,0,-664,-83.000
1764842240.6049876,1,1,2737,342.125
1764842240.6089928,0,0,5346,668.250
1764842240.612987,0,0,2069,258.625
1764842240.6169949,0,0,-2251,-281.375
1764842240.6209874,0,0,-561,-70.125
1764842240.6249862,1,1,2812,351.500
1764842240.6289878,0,0,5354,669.250
1764842240.6329856,0,0,2252,281.500
1764842240.636992,0,0,-1552,-194.000
1764842240.6409843,0,0,-1196,-149.500
1764842240.6449826,1,1,2206,275.750
1764842240.6489892,0,0,5095,636.875
1764842240.652988,0,0,2603,325.375
1764842240.656991,0,0,-2115,-264.375
1764842240.660985,0,0,-897,-112.125
1764842240.6649826,1,1,2483,310.375
1764842240.6690733,0,0,5186,648.250
1764842240.6730013,0,0,2969,371.125
1764842240.6769884,0,0,-2141,-267.625
1764842240.6809702,0,0,-511,-63.875
1764842240.68497,1,1,2776,347.000
1764842240.6889875,0,0,5247,655.875
1764842240.6929836,0,0,3093,386.625
1764842240.697023,0,0,-1433,-179.125
1764842240.7009742,0,0,-1514,-189.250
1764842240.7049687,1,1,1771,221.375
1764842240.708988,0,0,4799,599.875
1764842240.7129867,0,0,3261,407.625
1764842240.7169936,0,0,-1481,-185.125
1764842240.7209864,0,0,-1500,-187.500
1764842240.7249882,1,1,1786,223.250
1764842240.7289917,0,0,4793,599.125
1764842240.7329836,0,0,3506,438.250
1764842240.7369907,0,0,-1405,-175.625
1764842240.7409856,0,0,-1608,-201.000
1764842240.7449846,1,1,1622,202.750
1764842240.7489839,0,0,4701,587.625
1764842240.7529829,0,0,3734,466.750
1764842240.756987,0,0,-1322,-165.250
1764842240.7609856,0,0,-1683,-210.375
1764842240.7649841,1,1,1433,179.125
1764842240.7689905,0,0,4590,573.750
1764842240.7729871,0,0,3917,489.625
1764842240.7769852,0,0,-1714,-214.250
1764842240.7809706,0,0,1085,135.625
1764842240.78497,1,1,4400,550.000
1764842240.7889705,0,0,4193,524.125
1764842240.7929657,0,0,-1242,-155.250
1764842240.7969685,0,0,-1735,-216.875
1764842240.8010213,0,0,1137,142.125
1764842240.8050137,1,1,4417,552.125
1764842240.809033,0,0,4439,554.875
1764842240.8130255,0,0,-1267,-158.375
1764842240.817032,0,0,-1753,-219.125
1764842240.8210266,0,0,1119,139.875
1764842240.8250234,1,1,4386,548.250
1764842240.8290157,0,0,4604,575.500
1764842240.833008,0,0,-1132,-141.500
1764842240.8370178,0,0,-1728,-216.000
1764842240.8410244,0,0,799,99.875
1764842240.8450274,1,1,4186,523.250
1764842240.8490343,0,0,4789,598.625
1764842240.8530269,0,0,-1135,-141.875
1764842240.857031,0,0,-1785,-223.125
1764842240.861026,0,0,978,122.250
1764842240.8650215,1,1,4269,533.625
1764842240.8691154,0,0,5051,631.375
1764842240.873044,0,0,-1186,-148.250
1764842240.8770323,0,0,-1334,-166.750
1764842240.8810072,0,0,1898,237.250
1764842240.8850048,1,1,4716,589.500
1764842240.8890307,0,0,5175,646.875
1764842240.8930285,0,0,-992,-124.000
1764842240.8970277,0,0,-1782,-222.750
1764842240.9010947,0,0,789,98.625
1764842240.9049656,1,1,4078,509.750
1764842240.908972,0,0,5190,648.750
1764842240.912969,0,0,-1023,-127.875
1764842240.9169817,0,0,-1915,-239.375
1764842240.9209821,0,0,976,122.000
1764842240.9249828,1,1,4151,518.875
1764842240.9289885,0,0,5329,666.125
1764842240.9329836,0,0,-758,-94.750
1764842240.9369886,0,0,-1786,-223.250
1764842240.940982,0,0,500,62.500
1764842240.9449792,1,1,3826,478.250
1764842240.9489806,0,0,5327,665.875
1764842240.9529815,0,0,-646,-80.750
1764842240.9569886,0,0,-1790,-223.750
1764842240.960983,0,0,489,61.125
1764842240.9649785,1,1,3799,474.875
1764842240.9689856,0,0,5402,675.250
1764842240.9729815,0,0,-458,-57.250
1764842240.977057,0,0,-1628,-203.500
1764842240.9813673,0,0,50,6.250
1764842240.98508,1,1,3482,435.250
1764842240.9889922,0,0,5416,677.000
1764842240.9929814,0,0,-283,-35.375
1764842240.9969862,0,0,-1764,-220.500
1764842241.0010269,0,0,196,24.500
1764842241.0049813,1,1,3559,444.875
1764842241.0089815,0,0,5491,686.375
1764842241.0129776,0,0,-107,-13.375
1764842241.0169854,0,0,-1621,-202.625
1764842241.0209827,0,0,-114,-14.250
1764842241.0249815,1,1,3324,415.500
1764842241.0289805,0,0,5478,684.750
1764842241.0329788,0,0,121,15.125
1764842241.03698,0,0,-1663,-207.875
1764842241.0409737,0,0,-156,-19.500
1764842241.0449853,1,1,3273,409.125
1764842241.048985,0,0,5516,689.500
1764842241.052977,0,0,438,54.750
1764842241.056979,0,0,-1879,-234.875
1764842241.0609794,0,0,-105,-13.125
1764842241.0649786,1,1,3291,411.375
1764842241.0744221,0,0,935,116.875
1764842241.0770102,0,0,-1818,-227.250
1764842241.080981,0,0,943,117.875
1764842241.0849807,1,1,3928,491.000
1764842241.0889826,0,0,5697,712.125
1764842241.0929778,0,0,910,113.750
1764842241.0969799,0,0,-1895,-236.875
1764842241.1010203,0,0,-313,-39.125
1764842241.1049824,1,1,3059,382.375
1764842241.1089716,0,0,5432,679.000
1764842241.112964,0,0,1146,143.250
1764842241.1169736,0,0,-1794,-224.250
1764842241.1209795,0,0,-511,-63.875
1764842241.124983,1,1,2887,360.875
1764842241.128991,0,0,5376,672.000
1764842241.1329818,0,0,1436,179.500
1764842241.1369846,0,0,-1373,-171.625
1764842241.14098,0,0,-1102,-137.750
1764842241.1449792,1,1,2337,292.125
1764842241.1489708,0,0,5172,646.500
1764842241.1529624,0,0,1703,212.875
1764842241.1573894,0,0,-1895,-236.875
1764842241.1610172,0,0,-688,-86.000
1764842241.1649804,1,1,2716,339.500
1764842241.1689937,0,0,5327,665.875
1764842241.1729836,0,0,2089,261.125
1764842241.1769855,0,0,-2239,-279.875
1764842241.180983,0,0,-234,-29.250
1764842241.1849823,1,1,3047,380.875
1764842241.1889696,0,0,5406,675.750
1764842241.192965,0,0,2284,285.500
1764842241.196978,0,0,-2233,-279.125
1764842241.201018,0,0,-268,-33.500
1764842241.2049792,1,1,3006,375.750
1764842241.2089777,0,0,5349,668.625
1764842241.2129674,0,0,2563,320.375
1764842241.2169788,0,0,-2202,-275.250
1764842241.2209806,0,0,-377,-47.125
1764842241.2251344,1,1,2868,358.500
1764842241.2289948,0,0,5234,654.250
1764842241.2329776,0,0,2761,345.125
1764842241.2369854,0,0,-1891,-236.375
1764842241.2409792,0,0,-1069,-133.625
1764842241.2449753,1,1,2253,281.625
1764842241.2489836,0,0,4958,619.750
1764842241.2529793,0,0,2873,359.125
1764842241.2569835,0,0,-1948,-243.500
1764842241.2609773,0,0,-1026,-128.250
1764842241.2649772,1,1,2308,288.500
1764842241.26898,0,0,4969,621.125
1764842241.273053,0,0,3149,393.625
1764842241.2770007,0,0,-1573,-196.625
1764842241.280964,0,0,-1375,-171.875
1764842241.2849648,1,1,1915,239.375
1764842241.2889686,0,0,4766,595.750
1764842241.2929604,0,0,3395,424.375
1764842241.2969646,0,0,-1717,-214.625
1764842241.3009644,0,0,-1333,-166.625
1764842241.3050678,1,1,1952,244.000
1764842241.3090267,0,0,4761,595.125
1764842241.3130188,0,0,3598,449.750
1764842241.317023,0,0,-1537,-192.125
1764842241.321017,0,0,-1481,-185.125
1764842241.3250196,1,1,1762,220.250
1764842241.3290277,0,0,4655,581.875
1764842241.3330173,0,0,3756,469.500
1764842241.3370163,0,0,-1198,-149.750
1764842241.3409986,0,0,-1696,-212.000
1764842241.3450024,1,1,843,105.375
1764842241.349022,0,0,4168,521.000
1764842241.3530152,0,0,4019,502.375
1764842241.3570213,0,0,-1853,-231.625
1764842241.3610191,0,0,-1415,-176.875
1764842241.3650188,1,1,1844,230.500
1764842241.3690288,0,0,4669,583.625
1764842241.373019,0,0,4317,539.625
1764842241.3770185,0,0,-1729,-216.125
1764842241.381016,0,0,-1532,-191.500
1764842241.3850193,1,1,1687,210.875
1764842241.389018,0,0,4558,569.750
1764842241.393027,0,0,4470,558.750
1764842241.3970249,0,0,-1522,-190.250
1764842241.4009986,0,0,1694,211.750
1764842241.4050832,1,1,4529,566.125
1764842241.4089804,0,0,4659,582.375
1764842241.4129775,0,0,-1270,-158.750
1764842241.4169743,0,0,-1790,-223.750
1764842241.4209557,0,0,1182,147.750
1764842241.4249573,0,0,4211,526.375
1764842241.4289792,0,0,4725,590.625
1764842241.4329762,0,0,-1426,-178.250
1764842241.4369807,0,0,-1400,-175.000
1764842241.4409757,0,0,1792,224.000
1764842241.444973,0,0,4483,560.375
1764842241.448982,0,0,4878,609.750
1764842241.452977,0,0,-1315,-164.375
1764842241.4569805,0,0,-1423,-177.875
1764842241.4609725,0,0,1762,220.250
1764842241.464971,0,0,4424,553.000
1764842241.4689772,0,0,4983,622.875
1764842241.4730518,0,0,-1106,-138.250
1764842241.4770043,0,0,-1377,-172.125
1764842241.4809577,0,0,1758,219.750
1764842241.4849584,0,0,4352,544.000
1764842241.4889767,0,0,5010,626.250
1764842241.492977,0,0,-1023,-127.875
1764842241.4969757,0,0,-1549,-193.625
1764842241.500961,0,0,1538,192.250
1764842241.5049942,0,0,4186,523.250
1764842241.5089765,0,0,5057,632.125
1764842241.5129764,0,0,-714,-89.250
1764842241.5169802,0,0,-1342,-167.750
1764842241.5209732,0,0,1708,213.500
1764842241.5249689,0,0,4196,524.500
1764842241.52898,0,0,5051,631.375
1764842241.5329742,0,0,-567,-70.875
1764842241.5369854,0,0,-1251,-156.375
1764842241.5409596,0,0,1810,226.250
1764842241.5449543,0,0,4213,526.625
1764842241.5489721,0,0,5073,634.125
1764842241.5529692,0,0,-398,-49.750
1764842241.5569763,0,0,-1456,-182.000
1764842241.5609577,0,0,1489,186.125
1764842241.5649571,0,0,3953,494.125
1764842241.5689728,0,0,4997,624.625
1764842241.5729697,0,0,38,4.750
1764842241.5769775,0,0,-958,-119.750
1764842241.580973,0,0,1864,233.000
1764842241.5849738,0,0,4039,504.875
1764842241.5889704,0,0,4948,618.500
1764842241.5929725,0,0,292,36.500
1764842241.5969772,0,0,-416,-52.000
1764842241.6009753,0,0,2482,310.250
1764842241.605007,0,0,4355,544.375
1764842241.6089816,0,0,4987,623.375
1764842241.6129708,0,0,328,41.000
1764842241.6169755,0,0,-708,-88.500
1764842241.6209726,0,0,2171,271.375
1764842241.6249728,0,0,4131,516.375
1764842241.6289732,0,0,4882,610.250
1764842241.6329691,0,0,437,54.625
1764842241.6369748,0,0,-595,-74.375
1764842241.6409717,0,0,2394,299.250
1764842241.6449726,0,0,4250,531.250
1764842241.648979,0,0,4876,609.500
1764842241.6529717,0,0,865,108.125
1764842241.656975,0,0,-102,-12.750
1764842241.6609688,0,0,2723,340.375
1764842241.6649714,0,0,4307,538.375
1764842241.668974,0,0,4771,596.375
1764842241.673049,0,0,1076,134.500
1764842241.6769867,0,0,523,65.375
1764842241.6809554,0,0,3498,437.250
1764842241.6849563,0,0,4736,592.000
1764842241.688977,0,0,4811,601.375
1764842241.6929743,0,0,1026,128.250
1764842241.6969712,0,0,-369,-46.125
1764842241.7009556,0,0,2416,302.000
1764842241.7049553,0,0,4028,503.500
1764842241.7089746,0,0,4520,565.000
1764842241.712972,0,0,1128,141.000
1764842241.7169785,0,0,-340,-42.500
1764842241.7209687,0,0,2496,312.000
1764842241.724968,0,0,4062,507.750
1764842241.728979,0,0,4463,557.875
1764842241.7329707,0,0,1148,143.500
1764842241.7369757,0,0,-761,-95.125
1764842241.7409656,0,0,2001,250.125
1764842241.744967,0,0,3738,467.250
1764842241.7489722,0,0,4304,538.000
1764842241.752971,0,0,1198,149.750
1764842241.7569761,0,0,-908,-113.500
1764842241.760966,0,0,1940,242.500
1764842241.7649677,0,0,3731,466.375
1764842241.7689753,1,0,4263,532.875
1764842241.7729692,0,0,1367,170.875
1764842241.7769754,0,0,-1016,-127.000
1764842241.7809718,0,0,1696,212.000
1764842241.784966,0,0,3523,440.375
1764842241.7889562,0,0,4116,514.500
1764842241.792953,0,0,1303,162.875
1764842241.796964,0,0,-1725,-215.625
1764842241.8009722,0,0,881,110.125
1764842241.8049743,0,0,3056,382.000
1764842241.80902,0,0,3957,494.625
1764842241.8130076,0,0,1687,210.875
1764842241.8170133,0,0,-975,-121.875
1764842241.8210104,0,0,1668,208.500
1764842241.8250124,0,0,3480,435.000
1764842241.8289993,0,0,3993,499.125
1764842241.8329916,0,0,1560,195.000
1764842241.8370075,0,0,-1878,-234.750
1764842241.8410156,0,0,631,78.875
1764842241.845013,0,0,2910,363.750
1764842241.8490033,0,0,3831,478.875
1764842241.8529916,0,0,1818,227.250
1764842241.8570092,0,0,-1727,-215.875
1764842241.8610165,0,0,643,80.375
1764842241.8650146,0,0,2848,356.000
1764842241.8689976,0,0,3730,466.250
1764842241.8730798,0,0,1906,238.250
1764842241.8770163,0,0,-1820,-227.500
1764842241.881001,0,0,498,62.250
1764842241.8849945,0,0,2770,346.250
1764842241.8890162,0,0,3674,459.250
1764842241.8930132,0,0,2014,251.750
1764842241.8970118,0,0,-2096,-262.000
1764842241.900995,0,0,-148,-18.500
1764842241.9049945,0,0,2293,286.625
1764842241.9089816,1,1,3465,433.125
1764842241.9129663,0,0,2231,278.875
1764842241.9169717,0,0,-1533,-191.625
1764842241.9209664,0,0,631,78.875
1764842241.9249666,0,0,2806,350.750
1764842241.9289784,0,0,3585,448.125
1764842241.9329689,0,0,2271,283.875
1764842241.936971,0,0,-1899,-237.375
1764842241.940963,0,0,-55,-6.875
1764842241.9449654,0,0,2313,289.125
1764842241.9489584,1,1,3370,421.250
1764842241.9529574,0,0,2386,298.250
1764842241.9569566,0,0,-2054,-256.750
1764842241.9609528,0,0,-630,-78.750
1764842241.9649518,0,0,1849,231.125
1764842241.9689715,0,0,3152,394.000
1764842241.97297,0,0,2495,311.875
1764842241.976997,0,0,-2024,-253.000
1764842241.981347,0,0,-997,-124.625
1764842241.985056,0,0,1462,182.750
1764842241.9889843,1,0,2928,366.000
1764842241.9929655,0,0,2600,325.000
1764842241.9969697,0,0,-1710,-213.750
1764842242.0009615,0,0,-409,-51.125
1764842242.0049615,0,0,1984,248.000
1764842242.0089686,0,0,3144,393.000
1764842242.0129654,0,0,2675,334.375
1764842242.016966,0,0,-1825,-228.125
1764842242.020964,0,0,1708,213.500
1764842242.0249617,0,0,3002,375.250
1764842242.0289652,1,1,2769,346.125
1764842242.0329645,0,0,-1554,-194.250
1764842242.0369644,0,0,-358,-44.750
1764842242.04108,0,0,2087,260.875
1764842242.0449731,0,0,3163,395.375
1764842242.0490386,0,0,2894,361.750
1764842242.053006,0,0,-858,-107.250
1764842242.0569777,0,0,736,92.000
1764842242.060953,0,0,2915,364.375
1764842242.0649486,0,0,3453,431.625
1764842242.0689664,1,0,2821,352.625
1764842242.0782862,0,0,-1729,-216.125
1764842242.080982,0,0,763,95.375
1764842242.0849705,0,0,2621,327.625
1764842242.0889668,1,1,2987,373.375
1764842242.0929494,0,0,-1459,-182.375
1764842242.0969608,0,0,-1124,-140.500
1764842242.1009665,0,0,1430,178.750
1764842242.104965,0,0,2843,355.375
1764842242.1089973,1,0,3004,375.500
1764842242.112947,0,0,-1380,-172.500
1764842242.1169667,0,0,-1288,-161.000
1764842242.1209664,0,0,1279,159.875
1764842242.1249654,0,0,2781,347.625
1764842242.1289709,0,0,3041,380.125
1764842242.1329632,0,0,-927,-115.875
1764842242.136967,0,0,-1826,-228.250
1764842242.1409638,0,0,-41,-5.125
1764842242.1449647,0,0,2076,259.500
1764842242.1489658,1,1,3000,375.000
1764842242.152961,0,0,-1129,-141.125
1764842242.156966,0,0,-1916,-239.500
1764842242.1609635,0,0,454,56.750
1764842242.164965,0,0,2364,295.500
1764842242.1689684,1,1,3119,389.875
1764842242.172961,0,0,-850,-106.250
1764842242.1769643,0,0,-1643,-205.375
1764842242.1809638,0,0,832,104.000
1764842242.1849632,0,0,2549,318.625
1764842242.1889567,1,1,3160,395.000
1764842242.192947,0,0,-761,-95.125
1764842242.1969557,0,0,-1974,-246.750
1764842242.2009654,0,0,279,34.875
1764842242.2049725,0,0,2183,272.875
1764842242.2090037,1,0,3065,383.125
1764842242.2129502,0,0,-549,-68.625
1764842242.2169552,0,0,-1710,-213.750
1764842242.220967,0,0,708,88.500
1764842242.2249653,0,0,2434,304.250
1764842242.2289543,1,1,3135,391.875
1764842242.232947,0,0,-293,-36.625
1764842242.236955,0,0,-1124,-140.500
1764842242.2409651,0,0,1525,190.625
1764842242.2449617,0,0,2935,366.875
1764842242.2489707,1,1,3264,408.000
1764842242.2529635,0,0,13,1.625
1764842242.2569656,0,0,-589,-73.625
1764842242.260962,0,0,2133,266.625
1764842242.2649608,0,0,3261,407.625
1764842242.2689674,1,1,3304,413.000
1764842242.272964,0,0,37,4.625
1764842242.2770498,0,0,-961,-120.125
1764842242.2809746,0,0,1721,215.125
1764842242.2849646,0,0,3004,375.500
1764842242.2889602,1,1,3194,399.250
1764842242.2929478,0,0,240,30.000
1764842242.2969584,0,0,-588,-73.500
1764842242.3009636,0,0,2231,278.875
1764842242.3049624,0,0,3323,415.375
1764842242.3089871,1,1,3256,407.000
1764842242.3129468,0,0,94,11.750
1764842242.3169625,0,0,-1837,-229.625
1764842242.3209674,0,0,654,81.750
1764842242.3249645,0,0,2368,296.000
1764842242.3289676,1,1,2961,370.125
1764842242.3329663,0,0,419,52.375
1764842242.3369713,0,0,-1024,-128.000
1764842242.3409672,0,0,1811,226.375
1764842242.3449667,0,0,3111,388.875
1764842242.348954,1,1,3155,394.375
1764842242.3529456,0,0,422,52.750
1764842242.356956,0,0,-1511,-188.875
1764842242.3609643,0,0,1197,149.625
1764842242.3649578,0,0,2733,341.625
1764842242.36896,1,1,3010,376.250
1764842242.3729599,0,0,585,73.125
1764842242.3769648,0,0,-1433,-179.125
1764842242.3809645,0,0,1391,173.875
1764842242.384963,0,0,2906,363.250
1764842242.3889627,1,1,3054,381.750
1764842242.3929608,0,0,715,89.375
1764842242.3969681,0,0,-1500,-187.500
1764842242.400962,0,0,1273,159.125
1764842242.4049635,0,0,2832,354.000
1764842242.4090047,1,1,2993,374.125
1764842242.4129615,0,0,862,107.750
1764842242.4169655,0,0,-1497,-187.125
1764842242.4209635,0,0,1257,157.125
1764842242.4249642,0,0,2828,353.500
1764842242.4289641,1,1,2953,369.125
1764842242.4329581,0,0,919,114.875
1764842242.436966,0,0,-1667,-208.375
1764842242.4409614,0,0,1125,140.625
1764842242.4449594,0,0,2813,351.625
1764842242.4489682,1,1,2955,369.375
1764842242.4529593,0,0,1085,135.625
1764842242.4569662,0,0,-1704,-213.000
1764842242.460961,0,0,934,116.750
1764842242.4649627,0,0,2653,331.625
1764842242.468963,1,1,2843,355.375
1764842242.4729574,0,0,1193,149.125
1764842242.4770598,0,0,-1587,-198.375
1764842242.4809735,0,0,1125,140.625
1764842242.484964,0,0,2815,351.875
1764842242.4889607,1,1,2882,360.250
1764842242.4929461,0,0,1214,151.750
1764842242.4969523,0,0,-2085,-260.625
1764842242.5009606,0,0,351,43.875
1764842242.5049615,0,0,2372,296.500
1764842242.5089877,1,1,2755,344.375
1764842242.512947,0,0,1400,175.000
1764842242.516954,0,0,-1981,-247.625
1764842242.5209622,0,0,423,52.875
1764842242.5249631,0,0,2417,302.125
1764842242.528969,1,1,2739,342.375
1764842242.5329628,0,0,1526,190.750
1764842242.5369637,0,0,-1875,-234.375
1764842242.540944,0,0,468,58.500
1764842242.5449407,0,0,2435,304.375
1764842242.5489635,1,1,2706,338.250
1764842242.552963,0,0,1602,200.250
1764842242.5569675,0,0,-1862,-232.750
1764842242.5609605,0,0,468,58.500
1764842242.5649588,0,0,2491,311.375
1764842242.5689697,1,1,2723,340.375
1764842242.5729651,0,0,1685,210.625
1764842242.576966,0,0,-1991,-248.875
1764842242.5809593,0,0,70,8.750
1764842242.5849586,0,0,2221,277.625
1764842242.5889494,1,1,2608,326.000
1764842242.5929468,0,0,1762,220.250
1764842242.5969543,0,0,-1907,-238.375
1764842242.6009622,0,0,269,33.625
1764842242.6049583,0,0,2477,309.625
1764842242.608966,1,1,2744,343.000
1764842242.6129963,0,0,1872,234.000
1764842242.6169877,0,0,-1673,-209.125
1764842242.6209648,0,0,762,95.250
1764842242.624959,0,0,2966,370.750
1764842242.628947,1,1,2966,370.750
1764842242.6329396,0,0,1936,242.000
1764842242.636954,0,0,-1957,-244.625
1764842242.6409605,0,0,-243,-30.375
1764842242.644961,0,0,2557,319.625
1764842242.6489522,1,1,1953,244.125
1764842242.6529412,0,0,-1654,-206.750
1764842242.6569533,0,0,319,39.875
1764842242.6609633,0,0,2637,329.625
1764842242.6649616,0,0,2793,349.125
1764842242.6689615,1,1,2012,251.500
1764842242.6729562,0,0,-1724,-215.500
1764842242.6770442,0,0,38,4.750
1764842242.6809752,0,0,2501,312.625
1764842242.6849627,0,0,2760,345.000
1764842242.6889565,1,1,2064,258.000
1764842242.692943,0,0,-1544,-193.000
1764842242.6969512,0,0,191,23.875
1764842242.7009637,0,0,2667,333.375
1764842242.704961,0,0,2830,353.750
1764842242.708949,1,1,2082,260.250
1764842242.7129755,0,0,-1630,-203.750
1764842242.7169535,0,0,-787,-98.375
1764842242.7209613,0,0,1660,207.500
1764842242.7249587,0,0,2279,284.875
1764842242.7289677,1,1,1975,246.875
1764842242.7329583,0,0,-1436,-179.500
1764842242.7369618,0,0,-246,-30.750
1764842242.7409549,0,0,2311,288.875
1764842242.744958,0,0,2652,331.500
1764842242.7489603,1,1,2077,259.625
1764842242.7529588,0,0,-1454,-181.750
1764842242.7569668,0,0,-637,-79.625
1764842242.7609596,0,0,1999,249.875
1764842242.7649558,0,0,2516,314.500
1764842242.768956,1,1,2077,259.625
1764842242.77294,0,0,-1238,-154.750
1764842242.7769473,0,0,-340,-42.500
1764842242.7809556,0,0,2374,296.750
1764842242.7849562,0,0,2739,342.375
1764842242.7889464,1,1,2129,266.125
1764842242.7929397,0,0,-1229,-153.625
1764842242.7969506,0,0,-780,-97.500
1764842242.8009572,0,0,1955,244.375
1764842242.8049557,0,0,2534,316.750
1764842242.8089635,1,1,2102,262.750
1764842242.8129725,0,0,-761,-95.125
1764842242.8169663,0,0,-1720,-215.000
1764842242.8209548,0,0,376,47.000
1764842242.824957,0,0,1708,213.500
1764842242.8289592,1,1,1982,247.750
1764842242.8329575,0,0,-858,-107.250
1764842242.8369632,0,0,-894,-111.750
1764842242.840955,0,0,1870,233.750
1764842242.844954,0,0,2550,318.750
1764842242.8489616,1,1,2163,270.375
1764842242.8529577,0,0,-873,-109.125
1764842242.8569632,0,0,-1792,-224.000
1764842242.8609555,0,0,674,84.250
1764842242.8649557,0,0,1883,235.375
1764842242.8689435,1,1,2014,251.750
1764842242.8729403,0,0,-574,-71.750
1764842242.8770428,0,0,-991,-123.875
1764842242.8809707,0,0,1822,227.750
1764842242.8849587,0,0,2581,322.625
1764842242.8889515,1,1,2189,273.625
1764842242.892941,0,0,-604,-75.500
1764842242.8969533,0,0,-1522,-190.250
1764842242.9009602,0,0,1243,155.375
1764842242.9049578,0,0,2300,287.500
1764842242.908943,1,1,2132,266.500
1764842242.9129367,0,0,-338,-42.250
1764842242.9169917,0,0,-1121,-140.125
1764842242.9209614,0,0,1785,223.125
1764842242.9249551,0,0,2640,330.000
1764842242.928962,1,1,2208,276.000
1764842242.9329557,0,0,-266,-33.250
1764842242.936962,0,0,-1273,-159.125
1764842242.9409564,0,0,1709,213.625
1764842242.9449546,0,0,2661,332.625
1764842242.948955,1,1,2223,277.875
1764842242.952953,0,0,-191,-23.875
1764842242.956957,0,0,-1652,-206.500
1764842242.9609554,0,0,1153,144.125
1764842242.9649575,0,0,2332,291.500
1764842242.9689598,1,1,2114,264.250
1764842242.9729514,0,0,-23,-2.875
1764842242.9769814,0,0,-1509,-188.625
1764842242.981333,0,0,1445,180.625
1764842242.9850533,0,0,2576,322.000
1764842242.988964,1,1,2197,274.625
1764842242.9929495,0,0,36,4.500
1764842242.9969563,0,0,-1933,-241.625
1764842243.000954,0,0,677,84.625
1764842243.0049512,0,0,2080,260.000
1764842243.0089557,1,1,2026,253.250
1764842243.0129483,0,0,210,26.250
1764842243.0169513,0,0,-1873,-234.125
1764842243.02095,0,0,757,94.625
1764842243.0249515,0,0,2145,268.125
1764842243.0289564,1,1,2034,254.250
1764842243.0329518,0,0,282,35.250
1764842243.036954,0,0,-1898,-237.250
1764842243.0410967,0,0,976,122.000
1764842243.0449417,0,0,2473,309.125
1764842243.0489438,1,1,2230,278.750
1764842243.052936,0,0,493,61.625
1764842243.0569358,0,0,-1898,-237.250
1764842243.060934,0,0,887,110.875
1764842243.0649345,0,0,2404,300.500
1764842243.068941,1,1,2174,271.750
1764842243.072937,0,0,579,72.375
1764842243.0823421,0,0,2654,331.750
1764842243.0849588,0,0,2654,331.750
1764842243.0889497,1,1,2312,289.000
1764842243.0929406,0,0,690,86.250
1764842243.0969508,0,0,-2079,-259.875
1764842243.1009526,0,0,626,78.250
1764842243.1049504,0,0,2410,301.250
1764842243.1089456,1,1,2247,280.875
1764842243.1129386,0,0,884,110.500
1764842243.1169481,0,0,-1913,-239.125
1764842243.1209488,0,0,843,105.375
1764842243.1249502,0,0,2551,318.875
1764842243.128956,1,1,2263,282.875
1764842243.1329503,0,0,946,118.250
1764842243.1369555,0,0,-1947,-243.375
1764842243.1409492,0,0,739,92.375
1764842243.1449454,0,0,2530,316.250
1764842243.1489506,1,1,2261,282.625
1764842243.15295,0,0,1009,126.125
1764842243.1569555,0,0,-2025,-253.125
1764842243.1609492,0,0,584,73.000
1764842243.1649506,0,0,2506,313.250
1764842243.1689515,1,1,2283,285.375
1764842243.1729355,0,0,1108,138.500
1764842243.176945,0,0,-2036,-254.500
1764842243.180949,0,0,468,58.500
1764842243.1849468,0,0,2478,309.750
1764842243.1889398,1,1,2288,286.000
1764842243.1929328,0,0,1199,149.875
1764842243.1969714,0,0,-1940,-242.500
1764842243.200954,0,0,512,64.000
1764842243.204952,0,0,2533,316.625
1764842243.2089484,1,1,2297,287.125
1764842243.212937,0,0,1230,153.750
1764842243.2169468,0,0,-2050,-256.250
1764842243.2209551,0,0,53,6.625
1764842243.2249513,0,0,2221,277.625
1764842243.22895,1,1,2183,272.875
1764842243.2329493,0,0,1291,161.375
1764842243.236954,0,0,-1930,-241.250
1764842243.2409503,0,0,451,56.375
1764842243.2449517,0,0,2750,343.750
1764842243.2489579,1,1,2501,312.625
1764842243.25295,0,0,1423,177.875
1764842243.2569547,0,0,-1872,-234.000
1764842243.2609522,0,0,354,44.250
1764842243.2649522,0,0,2502,312.750
1764842243.268953,1,1,1456,182.000
1764842243.2729478,0,0,-1885,-235.625
1764842243.276955,0,0,3,0.375
1764842243.2810304,0,0,2467,308.375
1764842243.284967,0,0,2401,300.125
1764842243.2889535,1,1,1483,185.375
1764842243.292936,0,0,-1779,-222.375
1764842243.2969434,0,0,-80,-10.000
1764842243.30095,0,0,2403,300.375
1764842243.3049526,0,0,2363,295.375
1764842243.3089428,1,1,1485,185.625
1764842243.3129382,0,0,-1669,-208.625
1764842243.3169408,0,0,334,41.750
1764842243.320989,0,0,3054,381.750
1764842243.3249524,0,0,2807,350.875
1764842243.3289578,1,1,1637,204.625
1764842243.33295,0,0,-1675,-209.375
1764842243.3369503,0,0,-564,-70.500
1764842243.3409476,0,0,2100,262.500
1764842243.3449464,0,0,2284,285.500
1764842243.3489482,1,1,1523,190.375
1764842243.3529475,0,0,-1555,-194.375
1764842243.3569565,0,0,-292,-36.500
1764842243.3609462,0,0,2474,309.250
1764842243.3649461,0,0,2519,314.875
1764842243.3689544,1,1,1594,199.250
1764842243.3729498,0,0,-1459,-182.375
1764842243.376946,0,0,-448,-56.000
1764842243.3809297,0,0,2376,297.000
1764842243.384932,0,0,2499,312.375
1764842243.3889513,1,1,1600,200.000
1764842243.392949,0,0,-1359,-169.875
1764842243.3969553,0,0,-950,-118.750
1764842243.4009464,0,0,2002,250.250
1764842243.4049447,0,0,2402,300.250
1764842243.4089515,1,1,1647,205.875
1764842243.412951,0,0,-1272,-159.000
1764842243.4169545,0,0,-913,-114.125
1764842243.4210608,0,0,2029,253.625
1764842243.424996,0,0,2417,302.125
1764842243.4289892,1,1,1644,205.500
1764842243.4329932,0,0,-1140,-142.500
1764842243.4369984,0,0,-842,-105.250
1764842243.4409945,0,0,2135,266.875
1764842243.4450006,0,0,2494,311.750
1764842243.4489868,1,1,1657,207.125
1764842243.452971,0,0,-1068,-133.500
1764842243.4569852,0,0,-973,-121.625
1764842243.4609945,0,0,2131,266.375
1764842243.4649937,0,0,2584,323.000
1764842243.468975,1,1,1718,214.750
1764842243.4729712,0,0,-928,-116.000
1764842243.4769936,0,0,-831,-103.875
1764842243.481083,0,0,2434,304.250
1764842243.485009,0,0,2832,354.000
1764842243.4889958,1,1,1800,225.000
1764842243.4929748,0,0,-841,-105.125
1764842243.4969885,0,0,-1379,-172.375
1764842243.5009925,0,0,1597,199.625
1764842243.5049922,0,0,2300,287.500
1764842243.5089762,1,1,1620,202.500
1764842243.5129719,0,0,-731,-91.375
1764842243.5169852,0,0,-1184,-148.000
1764842243.521097,0,0,2095,261.875
1764842243.5249534,0,0,2735,341.875
1764842243.5289564,1,1,1816,227.000
1764842243.5329454,0,0,-421,-52.625
1764842243.536948,0,0,-1568,-196.000
1764842243.5409334,0,0,743,92.875
1764842243.544932,0,0,1979,247.375
1764842243.5489736,1,1,1649,206.125
1764842243.5529485,0,0,-402,-50.250
1764842243.5569456,0,0,-1243,-155.375
1764842243.56093,0,0,2145,268.125
1764842243.5649326,0,0,2919,364.875
1764842243.5689485,1,1,1934,241.750
1764842243.572947,0,0,-352,-44.000
1764842243.5769465,0,0,-1558,-194.750
1764842243.5809305,0,0,1705,213.125
1764842243.5849319,0,0,2694,336.750
1764842243.5889509,1,1,1876,234.500
1764842243.592948,0,0,-216,-27.000
1764842243.5969503,0,0,-1655,-206.875
1764842243.600946,0,0,1566,195.750
1764842243.6049483,0,0,2656,332.000
1764842243.6089513,1,1,1872,234.000
1764842243.612947,0,0,-121,-15.125
1764842243.6169512,0,0,-1879,-234.875
1764842243.620982,0,0,1028,128.500
1764842243.6249464,0,0,2290,286.250
1764842243.6289465,1,1,1733,216.625
1764842243.6329472,0,0,3,0.375
1764842243.6369524,0,0,-1749,-218.625
1764842243.6409438,0,0,1511,188.875
1764842243.644944,0,0,2762,345.250
1764842243.6489549,1,1,1957,244.625
1764842243.652946,0,0,102,12.750
1764842243.6569467,0,0,-2007,-250.875
1764842243.6609445,0,0,714,89.250
1764842243.6649442,0,0,2190,273.750
1764842243.6689434,1,1,1736,217.000
1764842243.6729462,0,0,213,26.625
1764842243.6769457,0,0,-2006,-250.750
1764842243.6810267,0,0,929,116.125
1764842243.6849608,0,0,2488,311.000
1764842243.6889462,1,1,1915,239.375
1764842243.692935,0,0,384,48.000
1764842243.6969442,0,0,-2036,-254.500
1764842243.7009475,0,0,896,112.000
1764842243.704944,0,0,2542,317.750
1764842243.7089336,1,1,1965,245.625
1764842243.7129295,0,0,473,59.125
1764842243.716939,0,0,-2078,-259.750
1764842243.7209816,0,0,629,78.625
1764842243.7249453,0,0,2435,304.375
1764842243.7289493,1,1,1968,246.000
1764842243.7329416,0,0,617,77.125
1764842243.7369506,0,0,-2102,-262.750
1764842243.7409446,0,0,630,78.750
1764842243.744944,0,0,2483,310.375
1764842243.7489424,1,1,1998,249.750
1764842243.752942,0,0,676,84.500
1764842243.7569506,0,0,-1832,-229.000
1764842243.760945,0,0,-262,-32.750
1764842243.7649431,0,0,1770,221.250
1764842243.768949,1,1,1717,214.625
1764842243.772944,0,0,778,97.250
1764842243.776946,0,0,-2090,-261.250
1764842243.7809434,0,0,-204,-25.500
1764842243.7849433,0,0,1855,231.875
1764842243.7889304,1,1,1773,221.625
1764842243.7929256,0,0,868,108.500
1764842243.7969344,0,0,-2094,-261.750
1764842243.800943,0,0,-23,-2.875
1764842243.8049438,0,0,2171,271.375
1764842243.8089478,1,1,1999,249.875
1764842243.812941,0,0,1013,126.625
1764842243.8169456,0,0,-2040,-255.000
1764842243.8209438,0,0,149,18.625
1764842243.8250465,0,0,2399,299.875
1764842243.8289912,1,1,2135,266.875
1764842243.8329835,0,0,1097,137.125
1764842243.8369892,0,0,-1932,-241.500
1764842243.8409832,0,0,310,38.750
1764842243.844986,0,0,2604,325.500
1764842243.8489926,1,1,2248,281.000
1764842243.8529892,0,0,1142,142.750
1764842243.856988,0,0,-1949,-243.625
1764842243.8609643,0,0,-123,-15.375
1764842243.8649673,0,0,2330,291.250
1764842243.868989,1,1,2179,272.375
1764842243.8729866,0,0,1197,149.625
1764842243.8769846,0,0,-1875,-234.375
1764842243.8810635,0,0,2114,264.250
1764842243.8849933,0,0,2100,262.500
1764842243.8889904,1,1,1226,153.250
1764842243.8929718,0,0,-1789,-223.625
1764842243.8969808,0,0,-469,-58.625
1764842243.9009862,0,0,2164,270.500
1764842243.9049826,0,0,2191,273.875
1764842243.9089699,1,1,1308,163.500
1764842243.912969,0,0,-1692,-211.500
1764842243.9169812,0,0,-255,-31.875
1764842243.9209857,0,0,2483,310.375
1764842243.9250743,0,0,2405,300.625
1764842243.9289477,1,1,1380,172.500
1764842243.9329462,0,0,-1609,-201.125
1764842243.9369485,0,0,-644,-80.500
1764842243.9409418,0,0,2155,269.375
1764842243.9449615,0,0,2280,285.000
1764842243.9489303,1,1,1394,174.250
1764842243.9529276,0,0,-1452,-181.500
1764842243.9569407,0,0,-1032,-129.000
1764842243.9609456,0,0,1697,212.125
1764842243.9649415,0,0,2037,254.625
1764842243.9689355,1,1,1350,168.750
1764842243.9729288,0,0,-1410,-176.250
1764842243.9769387,0,0,-733,-91.625
1764842243.9813137,0,0,2221,277.625
1764842243.9850886,0,0,2423,302.875
1764842243.9889646,1,1,1497,187.125
1764842243.9929366,0,0,-1282,-160.250
1764842243.9969392,0,0,-1093,-136.625
1764842244.000939,0,0,1815,226.875
1764842244.0049343,0,0,2227,278.375
1764842244.0089362,1,1,1464,183.000
1764842244.0129352,0,0,-1182,-147.750
1764842244.0169387,0,0,-1218,-152.250
1764842244.0209413,0,0,1668,208.500
1764842244.024983,0,0,2168,271.000
1764842244.0289297,1,1,1460,182.500
1764842244.032923,0,0,-1080,-135.000
1764842244.0369306,0,0,-1199,-149.875
1764842244.0409257,0,0,1799,224.875
1764842244.044924,0,0,2315,289.375
1764842244.048938,1,1,1529,191.125
1764842244.052936,0,0,-897,-112.125
1764842244.0569367,0,0,-1526,-190.750
1764842244.0609362,0,0,1324,165.500
1764842244.0649362,0,0,2075,259.375
1764842244.068937,1,1,1489,186.125
1764842244.0729342,0,0,-806,-100.750
1764842244.0769393,0,0,-1507,-188.375
1764842244.0862908,0,0,2283,285.375
1764842244.0889697,1,1,1609,201.125
1764842244.092943,0,0,-583,-72.875
1764842244.0969565,0,0,-748,-93.500
1764842244.1009424,0,0,2595,324.375
1764842244.104941,0,0,2973,371.625
1764842244.1089427,1,1,1777,222.125
1764842244.1129372,0,0,-639,-79.875
1764842244.1169403,0,0,-1615,-201.875
1764842244.1209223,0,0,1366,170.750
1764842244.1249225,0,0,2306,288.250
1764842244.1289508,1,1,1628,203.500
1764842244.1329398,0,0,-488,-61.000
1764842244.1369424,0,0,-1720,-215.000
1764842244.1409361,0,0,1215,151.875
1764842244.1449387,0,0,2226,278.250
1764842244.1489406,1,1,1601,200.125
1764842244.152939,0,0,-380,-47.500
1764842244.1569405,0,0,-1756,-219.500
1764842244.1609342,0,0,1233,154.125
1764842244.1649363,0,0,2323,290.375
1764842244.168946,1,1,1669,208.625
1764842244.1729383,0,0,-222,-27.750
1764842244.1769419,0,0,-1734,-216.750
1764842244.1809351,0,0,1370,171.250
1764842244.1849341,0,0,2481,310.125
1764842244.188938,1,1,1742,217.750
1764842244.1929376,0,0,-142,-17.750
1764842244.1969678,0,0,-1878,-234.750
1764842244.2009394,0,0,1053,131.625
1764842244.2049375,0,0,2373,296.625
1764842244.2089455,1,1,1760,220.000
1764842244.21294,0,0,-7,-0.875
1764842244.2169445,0,0,-1887,-235.875
1764842244.2209363,0,0,576,72.000
1764842244.224934,0,0,2053,256.625
1764842244.2289286,1,1,1663,207.875
1764842244.2329237,0,0,46,5.750
1764842244.2369368,0,0,-1388,-173.500
1764842244.240943,0,0,-577,-72.125
1764842244.2449396,0,0,1326,165.750
1764842244.2489462,1,1,1517,189.625
1764842244.2529397,0,0,431,53.875
1764842244.2569447,0,0,-1962,-245.250
1764842244.2609427,0,0,906,113.250
1764842244.2649426,0,0,2445,305.625
1764842244.2689295,1,1,1911,238.875
1764842244.272922,0,0,509,63.625
1764842244.276935,0,0,-1970,-246.250
1764842244.2809408,0,0,952,119.000
1764842244.2850175,0,0,2581,322.625
1764842244.288949,1,1,1997,249.625
1764842244.2929227,0,0,576,72.000
1764842244.2969344,0,0,-2142,-267.750
1764842244.300941,0,0,227,28.375
1764842244.3049402,0,0,2075,259.375
1764842244.3089268,1,1,1820,227.500
1764842244.3129203,0,0,685,85.625
1764842244.3169339,0,0,-2144,-268.000
1764842244.32094,0,0,251,31.375
1764842244.324939,0,0,2199,274.875
1764842244.3289847,1,1,1920,240.000
1764842244.332935,0,0,806,100.750
1764842244.33694,0,0,-2120,-265.000
1764842244.3409386,0,0,291,36.375
1764842244.3449385,0,0,2298,287.250
1764842244.3489377,1,1,1991,248.875
1764842244.352933,0,0,874,109.250
1764842244.3569372,0,0,-1925,-240.625
1764842244.3609393,0,0,-152,-19.000
1764842244.3649352,0,0,2058,257.250
1764842244.3689427,1,1,1964,245.500
1764842244.3729339,0,0,1010,126.250
1764842244.3769395,0,0,-2060,-257.500
1764842244.3809342,0,0,-115,-14.375
1764842244.3849359,0,0,2145,268.125
1764842244.388939,1,1,2028,253.500
1764842244.3929367,0,0,1091,136.375
1764842244.3969312,0,0,-2017,-252.125
1764842244.4009185,0,0,-54,-6.750
1764842244.4049377,0,0,2265,283.125
1764842244.4089491,1,1,2112,264.000
1764842244.4129372,0,0,1151,143.875
1764842244.4169338,0,0,-1623,-202.875
1764842244.420935,0,0,-864,-108.000
1764842244.424937,0,0,1527,190.875
1764842244.4289415,1,1,1796,224.500
1764842244.4329214,0,0,1190,148.750
1764842244.4369304,0,0,-1878,-234.750
1764842244.4409375,0,0,-497,-62.125
1764842244.4449348,0,0,1958,244.750
1764842244.448945,1,1,2039,254.875
1764842244.4529402,0,0,1277,159.625
1764842244.4569423,0,0,-1780,-222.500
1764842244.4609354,0,0,-636,-79.500
1764842244.4649355,0,0,1935,241.875
1764842244.468936,1,1,2090,261.250
1764842244.4729354,0,0,1350,168.750
1764842244.4769418,0,0,-1428,-178.500
1764842244.4809377,0,0,-1091,-136.375
1764842244.4850152,0,0,1472,184.000
1764842244.4889529,1,1,1881,235.125
1764842244.4929252,0,0,1360,170.000
1764842244.4969327,0,0,-1589,-198.625
1764842244.5009377,0,0,-565,-70.625
1764842244.5049336,0,0,2174,271.750
1764842244.508925,1,1,1493,186.625
1764842244.512921,0,0,-1506,-188.250
1764842244.51693,0,0,-704,-88.000
1764842244.5209365,0,0,2088,261.000
1764842244.5249336,0,0,2308,288.500
1764842244.5289764,1,1,1512,189.000
1764842244.5329354,0,0,-1402,-175.250
1764842244.5369353,0,0,-874,-109.250
1764842244.54092,0,0,2063,257.875
1764842244.544916,0,0,2394,299.250
1764842244.5489345,1,1,1594,199.250
1764842244.5529325,0,0,-1269,-158.625
1764842244.5569434,0,0,-942,-117.750
1764842244.5609343,0,0,1948,243.500
1764842244.564933,0,0,2321,290.125
1764842244.5689397,1,1,1561,195.125
1764842244.5729334,0,0,-1155,-144.375
1764842244.57694,0,0,-1254,-156.750
1764842244.5809317,0,0,1652,206.500
1764842244.5849326,0,0,2224,278.000
1764842244.5889351,1,1,1578,197.250
1764842244.5929315,0,0,-1054,-131.750
1764842244.5969365,0,0,-1192,-149.000
1764842244.6009333,0,0,1797,224.625
1764842244.6049356,0,0,2354,294.250
1764842244.6089404,1,1,1628,203.500
1764842244.6129315,0,0,-930,-116.250
1764842244.616937,0,0,-1143,-142.875
1764842244.620935,0,0,1926,240.750
1764842244.6249344,0,0,2476,309.500
1764842244.6290076,1,1,1671,208.875
1764842244.6329808,0,0,-861,-107.625
1764842244.6369817,0,0,-1237,-154.625
1764842244.6409783,0,0,2031,253.875
1764842244.6449783,0,0,2684,335.500
1764842244.648984,1,1,1798,224.750
1764842244.6529727,0,0,-705,-88.125
1764842244.6569815,0,0,-1565,-195.625
1764842244.6609745,0,0,1431,178.875
1764842244.6649816,0,0,2317,289.625
1764842244.6689706,1,1,1683,210.375
1764842244.6729593,0,0,-589,-73.625
1764842244.6769714,0,0,-1595,-199.375
1764842244.6809793,0,0,1428,178.500
1764842244.685056,0,0,2351,293.875
1764842244.6889923,1,1,1702,212.750
1764842244.6929598,0,0,-492,-61.500
1764842244.6969671,0,0,-1699,-212.375
1764842244.7009773,0,0,1202,150.250
1764842244.7049758,0,0,2286,285.750
1764842244.7089643,1,1,1721,215.125
1764842244.7129576,0,0,-339,-42.375
1764842244.7169702,0,0,-1776,-222.000
1764842244.7209783,0,0,1171,146.375
1764842244.7249744,0,0,2328,291.000
1764842244.728985,1,1,1760,220.000
1764842244.7330627,0,0,-218,-27.250
1764842244.7369416,0,0,-1794,-224.250
1764842244.7409332,0,0,1262,157.750
1764842244.7449293,0,0,2489,311.125
1764842244.7489316,1,1,1856,232.000
1764842244.7529352,0,0,-69,-8.625
1764842244.7569373,0,0,-1963,-245.375
1764842244.7609134,0,0,719,89.875
1764842244.764914,0,0,2078,259.750
1764842244.7689323,1,1,1684,210.500
1764842244.7729318,0,0,42,5.250
1764842244.7769341,0,0,-2002,-250.250
1764842244.7809162,0,0,724,90.500
1764842244.7849123,0,0,2153,269.125
1764842244.7889178,1,1,1743,217.875
1764842244.792916,0,0,162,20.250
1764842244.7969267,0,0,-1984,-248.000
1764842244.8009322,0,0,941,117.625
1764842244.8049324,0,0,2454,306.750
1764842244.8089378,1,1,1921,240.125
1764842244.8129306,0,0,301,37.625
1764842244.8169394,0,0,-1925,-240.625
1764842244.820934,0,0,470,58.750
1764842244.8249283,0,0,2176,272.000
1764842244.8289292,1,1,1852,231.500
1764842244.8329444,0,0,483,60.375
1764842244.8369384,0,0,-2029,-253.625
1764842244.8409314,0,0,890,111.250
1764842244.8449323,0,0,2567,320.875
1764842244.8489351,1,1,2031,253.875
1764842244.8529308,0,0,576,72.000
1764842244.8569374,0,0,-2125,-265.625
1764842244.8609312,0,0,426,53.250
1764842244.8649325,0,0,2261,282.625
1764842244.8689294,1,1,1926,240.750
1764842244.8729308,0,0,700,87.500
1764842244.8769338,0,0,-2096,-262.000
1764842244.8809297,0,0,535,66.875
1764842244.8850155,0,0,2394,299.250
1764842244.8889444,1,1,1994,249.250
1764842244.892915,0,0,789,98.625
1764842244.8969245,0,0,-2016,-252.000
1764842244.900934,0,0,750,93.750
1764842244.904932,0,0,2663,332.875
1764842244.908922,1,1,2140,267.500
1764842244.9129117,0,0,864,108.000
1764842244.916922,0,0,-2092,-261.500
1764842244.9209282,0,0,446,55.750
1764842244.924931,0,0,2541,317.625
1764842244.928937,1,1,2143,267.875
1764842244.9329624,0,0,945,118.125
1764842244.9369373,0,0,-1673,-209.125
1764842244.940929,0,0,-776,-97.000
1764842244.9449303,0,0,1419,177.375
1764842244.9489305,1,1,1634,204.250
1764842244.952929,0,0,967,120.875
1764842244.956933,0,0,-1476,-184.500
1764842244.9609277,0,0,-1046,-130.750
1764842244.964938,0,0,1271,158.875
1764842244.9689295,1,1,1659,207.375
1764842244.9729137,0,0,1125,140.625
1764842244.976919,0,0,-1981,-247.625
1764842244.9812999,0,0,-292,-36.500
1764842244.9850724,0,0,2064,258.000
1764842244.9889507,1,1,2059,257.375
1764842244.992928,0,0,1247,155.875
1764842244.9969327,0,0,-1897,-237.125
1764842245.00093,0,0,-349,-43.625
1764842245.0049255,0,0,2044,255.500
1764842245.00893,1,1,2066,258.250
1764842245.0129259,0,0,1274,159.250
1764842245.0169303,0,0,-1798,-224.750
1764842245.0209296,0,0,-774,-96.750
1764842245.0249264,0,0,1705,213.125
1764842245.028932,1,1,1943,242.875
1764842245.032967,0,0,1317,164.625
1764842245.0369337,0,0,-1683,-210.375
1764842245.0409184,0,0,-180,-22.500
1764842245.0449278,0,0,2439,304.875
1764842245.0489264,1,1,2380,297.500
1764842245.0529275,0,0,1439,179.875
1764842245.0569274,0,0,-1645,-205.625
1764842245.060925,0,0,-753,-94.125
1764842245.0649214,0,0,1937,242.125
1764842245.0689256,1,1,2175,271.875
1764842245.0729253,0,0,1448,181.000
1764842245.0769315,0,0,-1519,-189.875
1764842245.0809264,0,0,-1192,-149.000
1764842245.0905213,1,1,1351,168.875
1764842245.092949,0,0,1351,168.875
1764842245.0969393,0,0,-1308,-163.500
1764842245.100916,0,0,-361,-45.125
1764842245.1049123,0,0,2320,290.000
1764842245.1089306,1,1,2368,296.000
1764842245.1129265,0,0,1480,185.000
1764842245.1169317,0,0,-1021,-127.625
1764842245.1209126,0,0,-1351,-168.875
1764842245.1249118,0,0,1447,180.875
1764842245.1289272,1,1,1542,192.750
1764842245.132925,0,0,-1187,-148.375
1764842245.1369686,0,0,-1222,-152.750
1764842245.1409252,0,0,1662,207.750
1764842245.1449246,0,0,2221,277.625
1764842245.1489244,1,1,1598,199.750
1764842245.1529224,0,0,-1088,-136.000
1764842245.1569273,0,0,-1207,-150.875
1764842245.1609244,0,0,1715,214.375
1764842245.164926,0,0,2280,285.000
1764842245.168933,1,1,1620,202.500
1764842245.1729221,0,0,-767,-95.875
1764842245.1769245,0,0,-1604,-200.500
1764842245.180928,0,0,1079,134.875
1764842245.1849327,0,0,1973,246.625
1764842245.1889186,1,1,1587,198.375
1764842245.192909,0,0,-820,-102.500
1764842245.1969206,0,0,-1678,-209.750
1764842245.200926,0,0,982,122.750
1764842245.2049253,0,0,1887,235.875
1764842245.2089217,1,1,1540,192.500
1764842245.212911,0,0,-729,-91.125
1764842245.2169168,0,0,-1567,-195.875
1764842245.220929,0,0,1300,162.500
1764842245.224926,0,0,2174,271.750
1764842245.228928,1,1,1666,208.250
1764842245.232928,0,0,-583,-72.875
1764842245.2369652,0,0,-1496,-187.000
1764842245.2409256,0,0,1573,196.625
1764842245.2449265,0,0,2457,307.125
1764842245.2489252,1,1,1799,224.875
1764842245.2529123,0,0,-454,-56.750
1764842245.2569177,0,0,-1712,-214.000
1764842245.2609255,0,0,1216,152.000
1764842245.2649245,0,0,2279,284.875
1764842245.268928,1,1,1763,220.375
1764842245.2729266,0,0,-341,-42.625
1764842245.276931,0,0,-1818,-227.250
1764842245.280923,0,0,999,124.875
1764842245.2849226,0,0,2194,274.250
1764842245.2889915,1,1,1759,219.875
1764842245.2929265,0,0,-135,-16.875
1764842245.296915,0,0,-1792,-224.000
1764842245.3009093,0,0,1043,130.375
1764842245.3049054,0,0,2198,274.750
1764842245.3089252,1,1,1726,215.750
1764842245.312926,0,0,-109,-13.625
1764842245.316929,0,0,-1799,-224.875
1764842245.3209078,0,0,1320,165.000
1764842245.3249068,0,0,2594,324.250
1764842245.3289256,1,1,1964,245.500
1764842245.3329244,0,0,87,10.875
1764842245.3369648,0,0,-1826,-228.250
1764842245.3409245,0,0,1314,164.250
1764842245.3449216,0,0,2653,331.625
1764842245.3489223,1,1,2002,250.250
1764842245.352924,0,0,169,21.125
1764842245.3569288,0,0,-1959,-244.875
1764842245.3609233,0,0,967,120.875
1764842245.3649232,0,0,2501,312.625
1764842245.3689294,1,1,1987,248.375
1764842245.3729205,0,0,336,42.000
1764842245.3769248,0,0,-2013,-251.625
1764842245.3809292,0,0,898,112.250
1764842245.3849316,0,0,2479,309.875
1764842245.3889127,1,1,1977,247.125
1764842245.3929048,0,0,472,59.000
1764842245.3969336,0,0,-1907,-238.375
1764842245.4009337,0,0,1164,145.500
1764842245.404927,0,0,2719,339.875
1764842245.408918,1,1,2071,258.875
1764842245.4129052,0,0,542,67.750
1764842245.416916,0,0,-2122,-265.250
1764842245.4209223,0,0,463,57.875
1764842245.4249198,0,0,2203,275.375
1764842245.4289227,1,1,1864,233.000
1764842245.4329224,0,0,598,74.750
1764842245.4369307,0,0,-1933,-241.625
1764842245.4409611,0,0,-33,-4.125
1764842245.4449246,0,0,1927,240.875
1764842245.4489303,1,1,1820,227.500
1764842245.4529228,0,0,758,94.750
1764842245.4569285,0,0,-2154,-269.250
1764842245.4609237,0,0,136,17.000
1764842245.4649234,0,0,2062,257.750
1764842245.468926,1,1,1866,233.250
1764842245.4729242,0,0,841,105.125
1764842245.4769266,0,0,-2015,-251.875
1764842245.4809206,0,0,777,97.125
1764842245.4849286,0,0,2799,349.875
1764842245.489005,1,1,2279,284.875
1764842245.4929388,0,0,979,122.375
1764842245.4969244,0,0,-2106,-263.250
1764842245.5009065,0,0,176,22.000
1764842245.5049064,0,0,2349,293.625
1764842245.5089278,1,1,2098,262.250
1764842245.512924,0,0,1042,130.250
1764842245.516923,0,0,-1989,-248.625
1764842245.5209038,0,0,546,68.250
1764842245.5249038,0,0,2778,347.250
1764842245.5289257,1,1,2335,291.875
1764842245.5329232,0,0,1132,141.500
1764842245.5369205,0,0,-2032,-254.000
1764842245.540941,0,0,-269,-33.625
1764842245.544904,0,0,1996,249.500
1764842245.5489264,1,1,1938,242.250
1764842245.5529222,0,0,1096,137.000
1764842245.5569272,0,0,-1969,-246.125
1764842245.5609202,0,0,-223,-27.875
1764842245.5649195,0,0,2159,269.875
1764842245.5689285,1,1,2077,259.625
1764842245.5729203,0,0,1186,148.250
1764842245.5769258,0,0,-1842,-230.250
1764842245.580919,0,0,-841,-105.125
1764842245.5849228,0,0,1491,186.375
1764842245.5889099,1,1,1720,215.000
1764842245.5929053,0,0,1150,143.750
1764842245.5969145,0,0,-1784,-223.000
1764842245.6009204,0,0,17,2.125
1764842245.60492,0,0,2635,329.375
1764842245.6089115,1,1,2441,305.125
1764842245.6129048,0,0,1381,172.625
1764842245.6169171,0,0,-1736,-217.000
1764842245.6209223,0,0,-412,-51.500
1764842245.62492,0,0,2308,288.500
1764842245.6289222,1,1,2330,291.250
1764842245.6329186,0,0,1409,176.125
1764842245.6369267,0,0,-1588,-198.500
1764842245.6409967,0,0,-237,-29.625
1764842245.6449678,0,0,2509,313.625
1764842245.648969,1,1,2444,305.500
1764842245.652964,0,0,1432,179.000
1764842245.6569684,0,0,-1546,-193.250
1764842245.6609643,0,0,-777,-97.125
1764842245.6649656,0,0,2015,251.875
1764842245.668964,1,1,2228,278.500
1764842245.6729627,0,0,1415,176.875
1764842245.6769705,0,0,-1428,-178.500
1764842245.6809628,0,0,-550,-68.750
1764842245.684966,0,0,2324,290.500
1764842245.6890464,1,1,2427,303.375
1764842245.6929786,0,0,1471,183.875
1764842245.6969652,0,0,-1367,-170.875
1764842245.7009459,0,0,-474,-59.250
1764842245.7049465,0,0,2695,336.875
1764842245.7089658,1,1,2776,347.000
1764842245.7129626,0,0,1639,204.875
1764842245.7169626,0,0,-728,-91.000
1764842245.720946,0,0,-1551,-193.875
1764842245.7249444,0,0,923,115.375
1764842245.72897,1,1,1833,229.125
1764842245.7329593,0,0,1477,184.625
1764842245.7369664,0,0,-1035,-129.375
1764842245.7409616,0,0,-796,-99.500
1764842245.745047,0,0,2672,334.000
1764842245.7489245,1,1,1671,208.875
1764842245.7529175,0,0,-987,-123.375
1764842245.756921,0,0,-1190,-148.750
1764842245.7609162,0,0,1892,236.500
1764842245.7649233,0,0,2440,305.000
1764842245.768947,1,1,1617,202.125
1764842245.7729237,0,0,-833,-104.125
1764842245.7769194,0,0,-1141,-142.625
1764842245.7809014,0,0,1934,241.750
1764842245.784903,0,0,2465,308.125
1764842245.7889063,1,1,1599,199.875
1764842245.7929008,0,0,-792,-99.000
1764842245.7968984,0,0,-1410,-176.250
1764842245.8008997,0,0,1791,223.875
1764842245.8049011,0,0,2545,318.125
1764842245.8095667,1,1,1711,213.875
1764842245.812922,0,0,-631,-78.875
1764842245.8169065,0,0,-1411,-176.375
1764842245.8209016,0,0,1774,221.750
1764842245.8249004,0,0,2539,317.375
1764842245.828906,1,1,1691,211.375
1764842245.8329034,0,0,-573,-71.625
1764842245.836905,0,0,-1647,-205.875
1764842245.8408995,0,0,1290,161.250
1764842245.84494,0,0,2300,287.500
1764842245.8489237,1,1,1652,206.500
1764842245.85292,0,0,-429,-53.625
1764842245.8569252,0,0,-1744,-218.000
1764842245.8609161,0,0,878,109.750
1764842245.8649173,0,0,2044,255.500
1764842245.8689156,1,1,1576,197.000
1764842245.8729203,0,0,-290,-36.250
1764842245.8769233,0,0,-1718,-214.750
1764842245.880917,0,0,1429,178.625
1764842245.884915,0,0,2541,317.625
1764842245.8889928,1,1,1797,224.625
1764842245.8929353,0,0,-140,-17.500
1764842245.8969214,0,0,-1939,-242.375
1764842245.900904,0,0,805,100.625
1764842245.9049022,0,0,2089,261.125
1764842245.9089203,1,1,1617,202.125
1764842245.9129152,0,0,-93,-11.625
1764842245.9169192,0,0,-1753,-219.125
1764842245.9209015,0,0,471,58.875
1764842245.9249034,0,0,1965,245.625
1764842245.928917,1,1,1642,205.250
1764842245.932911,0,0,106,13.250
1764842245.9369109,0,0,-2011,-251.375
1764842245.940917,0,0,686,85.750
1764842245.9449525,0,0,2202,275.250
1764842245.9489179,1,1,1766,220.750
1764842245.9529154,0,0,262,32.750
1764842245.9569213,0,0,-2041,-255.125
1764842245.9609165,0,0,768,96.000
1764842245.964918,0,0,2326,290.750
1764842245.9689217,1,1,1833,229.125
1764842245.972912,0,0,348,43.500
1764842245.976918,0,0,-1983,-247.875
1764842245.9813035,0,0,385,48.125
1764842245.9850593,0,0,2132,266.500
1764842245.9889512,1,1,1809,226.125
1764842245.9929132,0,0,531,66.375
1764842245.9969141,0,0,-2093,-261.625
1764842246.0009153,0,0,614,76.750
1764842246.0049148,0,0,2361,295.125
1764842246.008916,1,1,1916,239.500
1764842246.0129073,0,0,639,79.875
1764842246.0169141,0,0,-2012,-251.500
1764842246.0209153,0,0,788,98.500
1764842246.0249155,0,0,2546,318.250
1764842246.0289085,1,1,2000,250.000
1764842246.0329,0,0,709,88.625
1764842246.036903,0,0,-2121,-265.125
1764842246.0410447,0,0,318,39.750
1764842246.044912,0,0,2216,277.000
1764842246.0489202,1,1,1875,234.375
1764842246.052915,0,0,772,96.500
1764842246.0569196,0,0,-2091,-261.375
1764842246.0609138,0,0,366,45.750
1764842246.064916,0,0,2360,295.000
1764842246.068918,1,1,1982,247.750
1764842246.0729148,0,0,865,108.125
1764842246.0769193,0,0,-2080,-260.000
1764842246.0809133,0,0,301,37.625
1764842246.0849118,0,0,2436,304.500
1764842246.0944254,0,0,984,123.000
1764842246.096944,0,0,-1742,-217.750
1764842246.1009007,0,0,989,123.625
1764842246.104897,0,0,2983,372.875
1764842246.1089127,1,1,2274,284.250
1764842246.1129026,0,0,974,121.750
1764842246.1169033,0,0,-2016,-252.000
1764842246.1208985,0,0,172,21.500
1764842246.1248965,0,0,2473,309.125
1764842246.1289144,1,1,2138,267.250
1764842246.1329126,0,0,1062,132.750
1764842246.1369164,0,0,-1901,-237.625
1764842246.1409123,0,0,312,39.000
1764842246.144909,0,0,2716,339.500
1764842246.1489086,1,1,2303,287.875
1764842246.1529067,0,0,1130,141.250
1764842246.156917,0,0,-1898,-237.250
1764842246.1609104,0,0,-358,-44.750
1764842246.1649067,0,0,2090,261.250
1764842246.1689157,1,1,2002,250.250
1764842246.1729114,0,0,1103,137.875
1764842246.1769156,0,0,-1818,-227.250
1764842246.18091,0,0,-425,-53.125
1764842246.184907,0,0,2158,269.750
1764842246.1889117,1,1,2108,263.500
1764842246.1929078,0,0,1190,148.750
1764842246.196914,0,0,-1727,-215.875
1764842246.2009206,0,0,-381,-47.625
1764842246.2049222,0,0,2257,282.125
1764842246.2089088,1,1,2190,273.750
1764842246.2128954,0,0,1227,153.375
1764842246.2169094,0,0,-1658,-207.250
1764842246.220917,0,0,-519,-64.875
1764842246.2249126,0,0,2271,283.875
1764842246.2288988,1,1,2283,285.375
1764842246.2328951,0,0,1308,163.500
1764842246.2369072,0,0,-1555,-194.375
1764842246.2409132,0,0,-718,-89.750
1764842246.244915,0,0,2095,261.875
1764842246.248978,1,1,2219,277.375
1764842246.2529569,0,0,1313,164.125
1764842246.2569609,0,0,-1449,-181.125
1764842246.2609553,0,0,-603,-75.375
1764842246.2649572,0,0,2331,291.375
1764842246.2689476,1,1,2413,301.625
1764842246.2729375,0,0,1391,173.875
1764842246.276957,0,0,-1343,-167.875
1764842246.2809706,0,0,-1056,-132.000
1764842246.284971,0,0,1797,224.625
1764842246.2889595,1,1,2128,266.000
1764842246.293028,0,0,1328,166.000
1764842246.2969532,0,0,-1213,-151.625
1764842246.3009396,0,0,-856,-107.000
1764842246.304939,0,0,2039,254.875
1764842246.3089607,1,1,2274,284.250
1764842246.3129554,0,0,1353,169.125
1764842246.316955,0,0,-1118,-139.750
1764842246.3209355,0,0,-1174,-146.750
1764842246.324939,0,0,1902,237.750
1764842246.328963,1,1,2355,294.375
1764842246.3329568,0,0,1467,183.375
1764842246.3369565,0,0,-1037,-129.625
1764842246.3409574,0,0,-1070,-133.750
1764842246.3449533,0,0,2167,270.875
1764842246.3490279,1,1,2598,324.750
1764842246.352916,0,0,1569,196.125
1764842246.3569138,0,0,-914,-114.250
1764842246.3609085,0,0,-1397,-174.625
1764842246.3649127,0,0,1638,204.750
1764842246.368916,1,1,2273,284.125
1764842246.3729107,0,0,-818,-102.250
1764842246.3769157,0,0,-1522,-190.250
1764842246.3809128,0,0,1477,184.625
1764842246.384908,0,0,2226,278.250
1764842246.38891,1,1,1469,183.625
1764842246.3929086,0,0,-705,-88.125
1764842246.396916,0,0,-1500,-187.500
1764842246.4009066,0,0,1633,204.125
1764842246.4049067,0,0,2415,301.875
1764842246.408914,1,1,1565,195.625
1764842246.4129136,0,0,-572,-71.500
1764842246.416915,0,0,-1460,-182.500
1764842246.4209104,0,0,1764,220.500
1764842246.4249105,0,0,2554,319.250
1764842246.4289017,1,1,1622,202.750
1764842246.432895,0,0,-485,-60.625
1764842246.436906,0,0,-1653,-206.625
1764842246.4409094,0,0,1472,184.000
1764842246.4449034,0,0,2431,303.875
1764842246.448939,1,1,1604,200.500
1764842246.4529073,0,0,-355,-44.375
1764842246.4569094,0,0,-1568,-196.000
1764842246.4609106,0,0,1770,221.250
1764842246.464907,0,0,2727,340.875
1764842246.4689088,1,1,1740,217.500
1764842246.472908,0,0,-274,-34.250
1764842246.4769115,0,0,-1804,-225.500
1764842246.480895,0,0,1162,145.250
1764842246.4849014,0,0,2373,296.625
1764842246.4889128,1,1,1654,206.750
1764842246.4929883,0,0,-221,-27.625
1764842246.4969304,0,0,-1496,-187.000
1764842246.500897,0,0,46,5.750
1764842246.5048943,0,0,1687,210.875
1764842246.5089104,1,1,1494,186.750
1764842246.5129087,0,0,88,11.000
1764842246.51691,0,0,-1937,-242.125
1764842246.5208955,0,0,1084,135.500
1764842246.5248926,0,0,2481,310.125
1764842246.528914,1,1,1787,223.375
1764842246.5329132,0,0,199,24.875
1764842246.5369081,0,0,-1873,-234.125
1764842246.5408938,0,0,1380,172.500
1764842246.544893,0,0,2822,352.750
1764842246.548954,1,1,1961,245.125
1764842246.5529087,0,0,301,37.625
1764842246.5569108,0,0,-1983,-247.875
1764842246.5609052,0,0,1148,143.500
1764842246.564915,0,0,2742,342.750
1764842246.5689147,1,1,1966,245.750
1764842246.5729244,0,0,421,52.625
1764842246.5769124,0,0,-2157,-269.625
1764842246.5808914,0,0,116,14.500
1764842246.584893,0,0,1819,227.375
1764842246.5889184,1,1,1523,190.375
1764842246.5929067,0,0,424,53.000
1764842246.5969074,0,0,-2146,-268.250
1764842246.6008892,0,0,251,31.375
1764842246.6049006,0,0,2001,250.125
1764842246.6089113,1,1,1629,203.625
1764842246.61291,0,0,515,64.375
1764842246.6169114,0,0,-2093,-261.625
1764842246.6209064,0,0,643,80.375
1764842246.6249056,0,0,2621,327.625
1764842246.6289108,1,1,2049,256.125
1764842246.6329112,0,0,728,91.000
1764842246.6369147,0,0,-2102,-262.750
1764842246.640905,0,0,366,45.750
1764842246.644907,0,0,2432,304.000
1764842246.6489136,1,1,1985,248.125
1764842246.6530118,0,0,803,100.375
1764842246.6569607,0,0,-2089,-261.125
1764842246.6609478,0,0,240,30.000
1764842246.664946,0,0,2378,297.250
1764842246.6689506,1,1,1980,247.500
1764842246.6729505,0,0,860,107.500
1764842246.676957,0,0,-2058,-257.250
1764842246.6809478,0,0,51,6.375
1764842246.6849487,0,0,2307,288.375
1764842246.688954,1,1,1997,249.625
1764842246.6930428,0,0,932,116.500
1764842246.6969728,0,0,-2011,-251.375
1764842246.7009382,0,0,-70,-8.750
1764842246.7049317,0,0,2261,282.625
1764842246.7089496,1,1,2005,250.625
1764842246.7129526,0,0,989,123.625
1764842246.7169528,0,0,-1954,-244.250
1764842246.7209334,0,0,-196,-24.500
1764842246.7249315,0,0,2224,278.000
1764842246.7289557,1,1,2027,253.375
1764842246.7329483,0,0,1042,130.250
1764842246.7369556,0,0,-1788,-223.500
1764842246.7409625,0,0,-496,-62.000
1764842246.744951,0,0,2010,251.250
1764842246.7489347,1,1,1973,246.625
1764842246.753017,0,0,1095,136.875
1764842246.7569,0,0,-1804,-225.500
1764842246.760907,0,0,-431,-53.875
1764842246.764908,0,0,2153,269.125
1764842246.7689118,1,1,2088,261.000
1764842246.7729049,0,0,1158,144.750
1764842246.7769103,0,0,-1714,-214.250
1764842246.7809067,0,0,-289,-36.125
1764842246.7849073,0,0,2393,299.125
1764842246.7888932,1,1,2259,282.375
1764842246.7928884,0,0,1220,152.500
1764842246.7969,0,0,-1625,-203.125
1764842246.8009076,0,0,-558,-69.750
1764842246.8049054,0,0,2273,284.125
1764842246.80891,1,1,2291,286.375
1764842246.812905,0,0,1294,161.750
1764842246.8169081,0,0,-1536,-192.000
1764842246.820905,0,0,-624,-78.000
1764842246.8249044,0,0,2261,282.625
1764842246.8289065,1,1,2324,290.500
1764842246.8329053,0,0,1323,165.375
1764842246.836912,0,0,-1443,-180.375
1764842246.8408902,0,0,-695,-86.875
1764842246.8448904,0,0,2265,283.125
1764842246.8489075,1,1,2377,297.125
1764842246.8529212,0,0,1359,169.875
1764842246.8569012,0,0,-1335,-166.875
1764842246.860887,0,0,-874,-109.250
1764842246.8648863,0,0,2051,256.375
1764842246.8689191,1,1,2268,283.500
1764842246.872905,0,0,1326,165.750
1764842246.8769073,0,0,-1164,-145.500
1764842246.8809001,0,0,-1450,-181.250
1764842246.8849142,0,0,1214,151.750
1764842246.8889105,1,1,1767,220.875
1764842246.892984,0,0,1194,149.250
1764842246.8969226,0,0,-1118,-139.750
1764842246.9009004,0,0,-684,-85.500
1764842246.904887,0,0,2538,317.250
1764842246.9089034,1,1,2715,339.375
1764842246.912905,0,0,1526,190.750
1764842246.916917,0,0,-1011,-126.375
1764842246.9208853,0,0,-1279,-159.875
1764842246.9248846,0,0,1835,229.375
1764842246.928909,1,1,2368,296.000
1764842246.932904,0,0,1462,182.750
1764842246.93691,0,0,-922,-115.250
1764842246.9409022,0,0,-1267,-158.375
1764842246.9449024,0,0,1951,243.875
1764842246.9488912,1,1,2512,314.000
1764842246.9529245,0,0,1531,191.375
1764842246.9568994,0,0,-799,-99.875
1764842246.960903,0,0,-1421,-177.625
1764842246.9648976,0,0,1753,219.125
1764842246.968906,1,1,2444,305.500
1764842246.9729033,0,0,1532,191.500
1764842246.9769094,0,0,-688,-86.000
1764842246.9812548,0,0,1733,216.625
1764842246.9850304,0,0,2512,314.000
1764842246.9889324,1,1,2512,314.000
1764842246.9929054,0,0,-582,-72.750
1764842246.9969022,0,0,-1711,-213.875
1764842247.0009022,0,0,1179,147.375
1764842247.0048964,0,0,2139,267.375
1764842247.0089006,1,1,1448,181.000
1764842247.0128946,0,0,-470,-58.750
1764842247.0168982,0,0,-1626,-203.250
1764842247.0209074,0,0,1553,194.125
1764842247.0248978,0,0,2486,310.750
1764842247.028896,1,1,1604,200.500
1764842247.0328956,0,0,-328,-41.000
1764842247.036909,0,0,-1712,-214.000
1764842247.0410383,0,0,1392,174.000
1764842247.0448885,0,0,2413,301.625
1764842247.0488887,1,1,1582,197.750
1764842247.0528936,0,0,-275,-34.375
1764842247.0569315,0,0,-1850,-231.250
1764842247.0608869,0,0,1092,136.500
1764842247.064886,0,0,2313,289.125
1764842247.0688992,1,1,1598,199.750
1764842247.0728836,0,0,-137,-17.125
1764842247.076889,0,0,-1899,-237.375
1764842247.080889,0,0,1088,136.000
1764842247.084897,0,0,2406,300.750
1764842247.088907,1,1,1677,209.625
1764842247.098412,0,0,-1490,-186.250
1764842247.1009223,0,0,2224,278.000
1764842247.1049044,0,0,3348,418.500
1764842247.1088943,1,1,2062,257.750
1764842247.1128838,0,0,79,9.875
1764842247.1169038,0,0,-1710,-213.750
1764842247.1209,0,0,624,78.000
1764842247.124901,0,0,2279,284.875
1764842247.1288993,1,1,1719,214.875
1764842247.1328986,0,0,260,32.500
1764842247.136894,0,0,-2047,-255.875
1764842247.1409018,0,0,858,107.250
1764842247.1449013,0,0,2481,310.125
1764842247.1488917,1,1,1796,224.500
1764842247.152887,0,0,338,42.250
1764842247.1568947,0,0,-2076,-259.500
1764842247.1608973,0,0,672,84.000
1764842247.164896,0,0,2417,302.125
1764842247.1689074,1,1,1808,226.000
1764842247.1729014,0,0,447,55.875
1764842247.1769016,0,0,-2114,-264.250
1764842247.1808946,0,0,425,53.125
1764842247.1848955,0,0,2259,282.375
1764842247.1889026,1,1,1758,219.750
1764842247.192901,0,0,525,65.625
1764842247.196903,0,0,-2112,-264.000
1764842247.2009025,0,0,497,62.125
1764842247.2049003,0,0,2423,302.875
1764842247.2089057,1,1,1875,234.375
1764842247.2129006,0,0,629,78.625
1764842247.2169063,0,0,-2096,-262.000
1764842247.220903,0,0,501,62.625
1764842247.224917,0,0,2532,316.500
1764842247.228889,1,1,1970,246.250
1764842247.2328844,0,0,719,89.875
1764842247.236897,0,0,-2078,-259.750
1764842247.2409031,0,0,171,21.375
1764842247.244899,0,0,2328,291.000
1764842247.248895,1,1,1930,241.250
1764842247.252886,0,0,783,97.875
1764842247.2568972,0,0,-1247,-155.875
1764842247.260902,0,0,-1201,-150.125
1764842247.2648973,0,0,1140,142.500
1764842247.2689085,1,1,1484,185.500
1764842247.272897,0,0,924,115.500
1764842247.2769032,0,0,-1789,-223.625
1764842247.280898,0,0,632,79.000
1764842247.2849073,0,0,2885,360.625
1764842247.2888942,1,1,2293,286.625
1764842247.2928805,0,0,1030,128.750
1764842247.2969737,0,0,-1943,-242.875
1764842247.3009293,0,0,-103,-12.875
1764842247.304899,0,0,2324,290.500
1764842247.3088863,1,1,2072,259.000
1764842247.312881,0,0,1050,131.250
1764842247.3169055,0,0,-1856,-232.000
1764842247.3208997,0,0,-516,-64.500
1764842247.324898,0,0,1945,243.125
1764842247.3288922,1,1,1905,238.125
1764842247.3328934,0,0,1052,131.500
1764842247.3368921,0,0,-1795,-224.375
1764842247.3409026,0,0,-380,-47.500
1764842247.3448997,0,0,2252,281.500
1764842247.3488972,1,1,2146,268.250
1764842247.3528955,0,0,1160,145.000
1764842247.356942,0,0,-1712,-214.000
1764842247.3609,0,0,-275,-34.375
1764842247.3648984,0,0,2515,314.375
1764842247.3689058,1,1,2369,296.125
1764842247.3728974,0,0,1267,158.375
1764842247.3769016,0,0,-1603,-200.375
1764842247.3808959,0,0,-586,-73.250
1764842247.3848977,0,0,2248,281.000
1764842247.3889012,1,1,2271,283.875
1764842247.3928955,0,0,1279,159.875
1764842247.3969007,0,0,-1444,-180.500
1764842247.4008944,0,0,-814,-101.750
1764842247.4048998,0,0,2087,260.875
1764842247.408905,1,1,2242,280.250
1764842247.412898,0,0,1305,163.125
1764842247.4168947,0,0,-1358,-169.750
1764842247.4208968,0,0,-986,-123.250
1764842247.4248996,0,0,1912,239.000
1764842247.4288998,1,1,2169,271.125
1764842247.4329019,0,0,1301,162.625
1764842247.4369028,0,0,-1315,-164.375
1764842247.4408815,0,0,-981,-122.625
1764842247.4448802,0,0,1869,233.625
1764842247.448901,1,1,2139,267.375
1764842247.4528997,0,0,1290,161.250
1764842247.4569242,0,0,-900,-112.500
1764842247.4608822,0,0,-1521,-190.125
1764842247.4648814,0,0,1160,145.000
1764842247.4689019,1,1,1816,227.000
1764842247.4728985,0,0,1272,159.000
1764842247.476915,0,0,-1063,-132.875
1764842247.480893,0,0,-1242,-155.250
1764842247.4849086,0,0,1830,228.750
1764842247.4889026,1,1,2329,291.125
1764842247.492896,0,0,1465,183.125
1764842247.4969735,0,0,-960,-120.000
1764842247.5009227,0,0,-1046,-130.750
1764842247.504896,0,0,2210,276.250
1764842247.5088832,1,1,2628,328.500
1764842247.512882,0,0,1572,196.500
1764842247.5169015,0,0,-759,-94.875
1764842247.5208964,0,0,-1504,-188.000
1764842247.5248935,0,0,1452,181.500
1764842247.5288904,1,1,2212,276.500
1764842247.5328925,0,0,1474,184.250
1764842247.5368855,0,0,-729,-91.125
1764842247.5408835,0,0,-1303,-162.875
1764842247.5448785,0,0,2007,250.875
1764842247.548895,1,1,2654,331.750
1764842247.5528932,0,0,1637,204.625
1764842247.556937,0,0,-601,-75.125
1764842247.5608985,0,0,-1246,-155.750
1764842247.5648985,0,0,2134,266.750
1764842247.568903,1,1,2771,346.375
1764842247.572896,0,0,1663,207.875
1764842247.5769012,0,0,-556,-69.500
1764842247.5808961,0,0,-1575,-196.875
1764842247.5848958,0,0,1616,202.000
1764842247.5888953,1,1,2486,310.750
1764842247.5928924,0,0,1589,198.625
1764842247.596901,0,0,-421,-52.625
1764842247.6008947,0,0,-1465,-183.125
1764842247.6048963,0,0,1994,249.250
1764842247.6088984,1,1,2858,357.250
1764842247.6128933,0,0,1752,219.000
1764842247.6169012,0,0,-1349,-168.625
1764842247.620898,0,0,2321,290.125
1764842247.6248953,0,0,3172,396.500
1764842247.628896,1,1,1886,235.750
1764842247.632892,0,0,-254,-31.750
1764842247.6369033,0,0,-1744,-218.000
1764842247.640901,0,0,1514,189.250
1764842247.6448977,0,0,2684,335.500
1764842247.6488917,1,1,1735,216.875
1764842247.6528773,0,0,-88,-11.000
1764842247.6568842,0,0,-1652,-206.500
1764842247.6609294,0,0,1878,234.750
1764842247.664896,0,0,3013,376.625
1764842247.6688852,1,1,1867,233.375
1764842247.6728785,0,0,0,0.000
1764842247.6768863,0,0,-1785,-223.125
1764842247.6808927,0,0,1652,206.500
1764842247.6848893,0,0,2935,366.875
1764842247.6889012,1,1,1851,231.375
1764842247.692905,0,0,35,4.375
1764842247.696974,0,0,-1206,-150.750
1764842247.7009056,0,0,-859,-107.375
1764842247.704894,0,0,1229,153.625
1764842247.7088952,1,1,1425,178.125
1764842247.712876,0,0,447,55.875
1764842247.7168849,0,0,-1405,-175.625
1764842247.7208898,0,0,-806,-100.750
1764842247.7249024,0,0,1296,162.000
1764842247.7288914,1,1,1490,186.250
1764842247.7328773,0,0,551,68.875
1764842247.736891,0,0,-969,-121.125
1764842247.7408936,0,0,-1622,-202.750
1764842247.7448916,0,0,578,72.250
1764842247.7488928,1,1,1413,176.625
1764842247.7528932,0,0,964,120.500
1764842247.756901,0,0,-1036,-129.500
1764842247.7609313,0,0,-1650,-206.250
1764842247.7648907,0,0,565,70.625
1764842247.7688997,1,1,1501,187.625
1764842247.772898,0,0,1264,158.000
1764842247.7768998,0,0,-1466,-183.250
1764842247.7808812,0,0,-850,-106.250
1764842247.7848744,0,0,1639,204.875
1764842247.788878,1,1,2070,258.750
1764842247.7928777,0,0,1508,188.500
1764842247.7968805,0,0,-1337,-167.125
1764842247.800878,0,0,1479,184.875
1764842247.8048742,0,0,3521,440.125
1764842247.8088899,1,1,2815,351.875
1764842247.812902,0,0,1492,186.500
1764842247.8168952,0,0,-1125,-140.625
1764842247.8208916,0,0,2054,256.750
1764842247.8248901,0,0,4040,505.000
1764842247.8288996,1,1,3014,376.750
1764842247.8328893,0,0,1478,184.750
1764842247.8368952,0,0,-1142,-142.750
1764842247.8408897,0,0,1955,244.375
1764842247.8449018,0,0,4006,500.750
1764842247.8488932,1,1,2978,372.250
1764842247.8528867,0,0,1442,180.250
1764842247.8568957,0,0,-1100,-137.500
1764842247.860914,0,0,1828,228.500
1764842247.8648915,0,0,3906,488.250
1764842247.8688886,1,1,2894,361.750
1764842247.8728888,0,0,1380,172.500
1764842247.876904,0,0,-1220,-152.500
1764842247.8808908,0,0,1756,219.500
1764842247.884889,0,0,4078,509.750
1764842247.8888958,1,1,3053,381.625
1764842247.8928988,0,0,1425,178.125
1764842247.8969698,0,0,-1146,-143.250
1764842247.9009006,0,0,1942,242.750
1764842247.9048922,0,0,4398,549.750
1764842247.908892,1,1,3246,405.750
1764842247.9128728,0,0,1440,180.000
1764842247.9168797,0,0,-1161,-145.125
1764842247.9208906,0,0,1567,195.875
1764842247.9249017,0,0,3999,499.875
1764842247.9288876,1,1,2987,373.375
1764842247.9328732,0,0,1317,164.625
1764842247.9368832,0,0,-1054,-131.750
1764842247.9408908,0,0,1742,217.750
1764842247.9448898,0,0,4256,532.000
1764842247.9488816,1,1,3136,392.000
1764842247.952877,0,0,1318,164.750
1764842247.956884,0,0,-1011,-126.375
1764842247.9608886,0,0,1743,217.875
1764842247.9649277,0,0,4378,547.250
1764842247.9688869,1,1,3223,402.875
1764842247.9728768,0,0,1298,162.250
1764842247.9768825,0,0,-940,-117.500
1764842247.981262,0,0,1528,191.000
1764842247.9850216,0,0,4069,508.625
1764842247.9889174,1,1,2980,372.500
1764842247.9928906,0,0,1148,143.500
1764842247.996887,0,0,-1000,-125.000
1764842248.0008876,0,0,1502,187.750
1764842248.004885,0,0,4296,537.000
1764842248.0088904,1,1,3206,400.750
1764842248.0128868,0,0,1223,152.875
1764842248.0168903,0,0,-1232,-154.000
1764842248.020888,0,0,537,67.125
1764842248.0248883,0,0,3449,431.125
1764842248.0288928,1,1,2779,347.375
1764842248.0328903,0,0,1087,135.875
1764842248.0368915,0,0,-827,-103.375
1764842248.0408723,0,0,1832,229.000
1764842248.0449002,0,0,4959,619.875
1764842248.0489407,1,1,3691,461.375
1764842248.0529428,0,0,1296,162.000
1764842248.0569017,0,0,-834,-104.250
1764842248.0608888,0,0,1800,225.000
1764842248.0649078,0,0,5098,637.250
1764842248.068891,1,1,3825,478.125
1764842248.072889,0,0,1294,161.750
1764842248.0769007,0,0,-1189,-148.625
1764842248.0808725,0,0,283,35.375
1764842248.0848699,0,0,3937,492.125
1764842248.088891,0,1,3411,426.375
1764842248.092886,0,0,1295,161.875
1764842248.1024172,0,0,2117,264.625
1764842248.1049085,0,0,2117,264.625
1764842248.1088808,0,1,2371,296.375
1764842248.1128702,0,0,1026,128.250
1764842248.1168904,0,0,-859,-107.375
1764842248.1208928,0,0,-1389,-173.625
1764842248.12489,0,0,1655,206.875
1764842248.1288857,0,1,2210,276.250
1764842248.1328714,0,0,1054,131.750
1764842248.1368873,0,0,-764,-95.500
1764842248.1408906,0,0,-1485,-185.625
1764842248.1448889,0,0,1122,140.250
1764842248.1488981,0,1,1959,244.875
1764842248.1528852,0,0,1043,130.375
1764842248.15689,0,0,-710,-88.750
1764842248.1608877,0,0,-1525,-190.625
1764842248.164934,0,0,1039,129.875
1764842248.1688979,0,1,1957,244.625
1764842248.1728902,0,0,1078,134.750
1764842248.1768909,0,0,-643,-80.375
1764842248.1808727,0,0,-1305,-163.125
1764842248.184872,0,0,2366,295.750
1764842248.1888878,0,0,2977,372.125
1764842248.1928701,0,0,1468,183.500
1764842248.1968687,0,0,-539,-67.375
1764842248.2008908,0,0,-1406,-175.750
1764842248.204882,0,0,2313,289.125
1764842248.2088912,0,0,3050,381.250
1764842248.2128885,0,0,1533,191.625
1764842248.2168913,0,0,-390,-48.750
1764842248.2208843,0,0,-1389,-173.625
1764842248.2248874,0,0,2252,281.500
1764842248.2288888,0,0,2995,374.375
1764842248.2328873,0,0,1482,185.250
1764842248.2368906,0,0,-958,-119.750
1764842248.2408826,0,0,2931,366.375
1764842248.2448878,0,0,3490,436.250
1764842248.2488952,0,0,1633,204.125
1764842248.2528894,0,0,-298,-37.250
1764842248.2568915,0,0,-829,-103.625
1764842248.260885,0,0,3957,494.625
1764842248.2648854,0,0,4680,585.000
1764842248.2688894,0,0,2276,284.500
1764842248.2728887,0,0,-156,-19.500
1764842248.276893,0,0,-1418,-177.250
1764842248.2808843,0,0,2677,334.625
1764842248.2848866,0,0,3666,458.250
1764842248.2888834,0,0,1803,225.375
1764842248.2928722,0,0,-259,-32.375
1764842248.2968843,0,0,-1895,-236.875
1764842248.3009734,0,0,1430,178.750
1764842248.3048966,0,0,2777,347.125
1764842248.3088787,0,0,1456,182.000
1764842248.3128738,0,0,-311,-38.875
1764842248.316886,0,0,-1434,-179.250
1764842248.3208864,0,0,-255,-31.875
1764842248.3248847,0,0,1593,199.125
1764842248.328883,0,0,1123,140.375
1764842248.3328748,0,0,-103,-12.875
1764842248.3368824,0,0,-1271,-158.875
1764842248.3408878,0,0,-802,-100.250
1764842248.3448853,0,0,1236,154.500
1764842248.3488965,0,0,1109,138.625
1764842248.352884,0,0,164,20.500
1764842248.3568902,0,0,-1541,-192.625
1764842248.3608851,0,0,-404,-50.500
1764842248.3648942,0,0,1684,210.500
1764842248.3689284,0,0,1367,170.875
1764842248.3728848,0,0,321,40.125
1764842248.3768911,0,0,-1415,-176.875
1764842248.380895,0,0,-630,-78.750
1764842248.3848848,0,0,1637,204.625
1764842248.3888824,0,0,1480,185.000
1764842248.3928823,0,0,538,67.250
1764842248.3969014,0,0,-1578,-197.250
1764842248.4008834,0,0,-443,-55.375
1764842248.4048846,0,0,1879,234.875
1764842248.4088867,0,0,1644,205.500
1764842248.4128928,0,0,668,83.500
1764842248.4168894,0,0,-1813,-226.625
1764842248.4208834,0,0,223,27.875
1764842248.4248822,0,0,2733,341.625
1764842248.4288924,0,0,2176,272.000
1764842248.4328806,0,0,843,105.375
1764842248.4368813,0,0,-1431,-178.875
1764842248.4408855,0,0,-540,-67.500
1764842248.444896,0,0,2051,256.375
1764842248.44889,0,0,1895,236.875
1764842248.4528842,0,0,885,110.625
1764842248.4568892,0,0,-1592,-199.000
1764842248.4608698,0,0,-233,-29.125
1764842248.4648685,0,0,2484,310.500
1764842248.4689322,0,0,2180,272.500
1764842248.472881,0,0,991,123.875
1764842248.4768784,0,0,-1098,-137.250
1764842248.4808648,0,0,-1247,-155.875
1764842248.4848876,0,0,1412,176.500
1764842248.488893,0,0,1728,216.000
1764842248.492888,0,0,1053,131.625
1764842248.4968865,0,0,-1215,-151.875
1764842248.5009696,0,0,-1192,-149.000
1764842248.5048978,0,0,1364,170.500
1764842248.5088766,0,0,1640,205.000
1764842248.51287,1,1,1009,126.125
1764842248.5168774,0,0,-1592,-199.000
1764842248.5208821,0,0,-477,-59.625
1764842248.5248835,0,0,2423,302.875
1764842248.528883,0,0,2339,292.375
1764842248.5328708,0,0,1242,155.250
1764842248.5368695,0,0,-1198,-149.750
1764842248.5408666,0,0,551,68.875
1764842248.5448647,0,0,3422,427.750
1764842248.548896,0,0,2843,355.375
1764842248.5528867,0,0,1288,161.000
1764842248.5568895,0,0,-1182,-147.750
1764842248.5608802,0,0,864,108.000
1764842248.5648816,0,0,3970,496.250
1764842248.568923,0,0,3226,403.250
1764842248.572882,0,0,1377,172.125
1764842248.5768778,0,0,-696,-87.000
1764842248.5808787,0,0,2316,289.500
1764842248.58488,0,0,5569,696.125
1764842248.5888798,0,0,4128,516.000
1764842248.5928674,1,1,1528,191.000
1764842248.5968788,0,0,-1037,-129.625
1764842248.600886,0,0,1261,157.625
1764842248.6048825,0,0,4661,582.625
1764842248.6088896,0,0,3686,460.750
1764842248.612884,1,0,1406,175.750
1764842248.6168902,0,0,-1252,-156.500
1764842248.620884,0,0,-60,-7.500
1764842248.6248798,0,0,3353,419.125
1764842248.6288846,0,0,3001,375.125
1764842248.632885,0,0,1229,153.625
1764842248.636888,0,0,-1007,-125.875
1764842248.640881,0,0,426,53.250
1764842248.644881,0,0,3880,485.000
1764842248.6488857,0,0,3297,412.125
1764842248.6528814,0,0,1256,157.000
1764842248.65689,0,0,-908,-113.500
1764842248.6608834,0,0,808,101.000
1764842248.6648836,0,0,4418,552.250
1764842248.6688807,0,0,3654,456.750
1764842248.6729841,0,0,1321,165.125
1764842248.6769323,0,0,-908,-113.500
1764842248.6809251,0,0,998,124.750
1764842248.6849258,0,0,5014,626.750
1764842248.6889338,0,0,4178,522.250
1764842248.6929226,0,0,1507,188.375
1764842248.6969283,0,0,-1044,-130.500
1764842248.7010052,0,0,-311,-38.875
1764842248.7049391,0,0,3455,431.875
1764842248.7089171,0,0,3249,406.125
1764842248.712905,1,0,1207,150.875
1764842248.7169209,0,0,-878,-109.750
1764842248.720927,0,0,380,47.500
1764842248.724927,0,0,4468,558.500
1764842248.7289226,0,0,3957,494.625
1764842248.732906,0,0,1417,177.125
1764842248.7369146,0,0,-830,-103.750
1764842248.7409256,0,0,698,87.250
1764842248.7449234,0,0,4882,610.250
1764842248.7489374,0,0,4205,525.625
1764842248.7529218,0,0,1439,179.875
1764842248.7569282,0,0,-970,-121.250
1764842248.7609227,0,0,-491,-61.375
1764842248.764924,0,0,3009,376.125
1764842248.7689369,0,0,2829,353.625
1764842248.772939,0,0,864,108.000
1764842248.7768862,0,0,-1027,-128.375
1764842248.7808897,0,0,-394,-49.250
1764842248.7848797,0,0,3258,407.250
1764842248.788868,0,0,3053,381.625
1764842248.7928646,0,0,936,117.000
1764842248.7968805,0,0,-965,-120.625
1764842248.8008804,0,0,-275,-34.375
1764842248.8048763,0,0,3653,456.625
1764842248.8088846,0,0,3444,430.500
1764842248.8128917,0,0,1096,137.000
1764842248.816883,0,0,-972,-121.500
1764842248.8208754,0,0,-607,-75.875
1764842248.8248765,0,0,3333,416.625
1764842248.8288786,0,0,3318,414.750
1764842248.8328633,0,0,1058,132.250
1764842248.836876,0,0,-1014,-126.750
1764842248.8408782,0,0,-1315,-164.375
1764842248.8448777,0,0,2289,286.125
1764842248.8488846,0,0,2679,334.875
1764842248.8528776,0,0,859,107.375
1764842248.8568845,0,0,-966,-120.750
1764842248.8608847,0,0,2211,276.375
1764842248.864885,0,0,2777,347.125
1764842248.8688707,0,0,964,120.500
1764842248.8728795,0,0,-895,-111.875
1764842248.876876,0,0,-1646,-205.750
1764842248.880879,0,0,2007,250.875
1764842248.8848772,0,0,2820,352.500
1764842248.888873,0,0,1074,134.250
1764842248.8928618,0,0,-768,-96.000
1764842248.8968732,0,0,-1842,-230.250
1764842248.9009657,0,0,1411,176.375
1764842248.904889,0,0,2351,293.875
1764842248.9088671,0,0,875,109.375
1764842248.9128616,0,0,-758,-94.750
1764842248.9168777,0,0,-1845,-230.625
1764842248.92088,0,0,1055,131.875
1764842248.9248757,0,0,2222,277.750
1764842248.928872,0,0,906,113.250
1764842248.9328623,0,0,-617,-77.125
1764842248.936876,0,0,-1972,-246.500
1764842248.9408827,0,0,1109,138.625
1764842248.944878,0,0,2290,286.250
1764842248.9488761,0,0,946,118.250
1764842248.9528768,0,0,-562,-70.250
1764842248.9568853,0,0,-2058,-257.250
1764842248.9608798,0,0,750,93.750
1764842248.96488,0,0,2049,256.125
1764842248.9688866,0,0,869,108.625
1764842248.9729156,1,1,-525,-65.625
1764842248.9768856,0,0,-2037,-254.625
1764842248.9812474,0,0,1023,127.875
1764842248.9850252,0,0,2516,314.500
1764842248.9889088,0,0,1196,149.500
1764842248.9928734,1,1,-389,-48.625
1764842248.9968765,0,0,-2025,-253.125
1764842249.0008762,0,0,433,54.125
1764842249.004874,0,0,2087,260.875
1764842249.0088775,0,0,1054,131.750
1764842249.0128722,0,0,-327,-40.875
1764842249.0168743,0,0,-2103,-262.875
1764842249.020886,0,0,155,19.375
1764842249.0248783,0,0,1877,234.625
1764842249.0288763,0,0,984,123.000
1764842249.0328748,0,0,-279,-34.875
1764842249.0368881,0,0,-2102,-262.750
1764842249.0408664,0,0,67,8.375
1764842249.0448766,0,0,1809,226.125
1764842249.048877,0,0,966,120.750
1764842249.0528731,0,0,-252,-31.500
1764842249.0568702,0,0,-2055,-256.875
1764842249.0608678,0,0,-360,-45.000
1764842249.064871,0,0,1507,188.375
1764842249.0688844,0,0,887,110.875
1764842249.0729148,0,0,-188,-23.500
1764842249.0768745,0,0,-2008,-251.000
1764842249.0808737,0,0,219,27.375
1764842249.084876,0,0,2276,284.500
1764842249.0888822,0,0,1388,173.500
1764842249.0928757,1,0,-14,-1.750
1764842249.0968814,0,0,-1836,-229.500
1764842249.1062515,0,0,1140,142.500
1764842249.108907,0,0,798,99.750
1764842249.1128807,0,0,-105,-13.125
1764842249.1168795,0,0,-1731,-216.375
1764842249.1208577,0,0,-731,-91.375
1764842249.1248565,0,0,1517,189.625
1764842249.1288774,0,0,1150,143.750
1764842249.132877,0,0,93,11.625
1764842249.1368773,0,0,-1841,-230.125
1764842249.1408575,0,0,-925,-115.625
1764842249.1448574,0,0,1227,153.375
1764842249.1488652,0,0,975,121.875
1764842249.1528614,1,0,58,7.250
1764842249.1568725,0,0,-1251,-156.375
1764842249.1608741,0,0,-1600,-200.000
1764842249.1648705,0,0,451,56.375
1764842249.1688795,0,0,634,79.250
1764842249.172876,0,0,77,9.625
1764842249.1769147,0,0,-1491,-186.375
1764842249.180873,0,0,-1199,-149.875
1764842249.1848705,0,0,1257,157.125
1764842249.188874,0,0,1259,157.375
1764842249.1928694,0,0,350,43.750
1764842249.1968763,0,0,-1310,-163.750
1764842249.2008944,0,0,-1349,-168.625
1764842249.204879,0,0,1167,145.875
1764842249.2088826,0,0,1304,163.000
1764842249.2128725,1,1,444,55.500
1764842249.2168806,0,0,-933,-116.625
1764842249.2208755,0,0,-1559,-194.875
1764842249.2248755,0,0,-323,-40.375
1764842249.2288613,0,0,803,100.375
1764842249.232856,1,1,701,87.625
1764842249.2368712,0,0,-735,-91.875
1764842249.240875,0,0,-886,-110.750
1764842249.244875,0,0,-1824,-228.000
1764842249.248879,0,0,-93,-11.625
1764842249.252874,1,1,956,119.500
1764842249.256878,0,0,-343,-42.875
1764842249.2608747,0,0,-978,-122.250
1764842249.2648742,0,0,-1633,-204.125
1764842249.2688756,0,0,205,25.625
1764842249.2728722,1,1,1221,152.625
1764842249.276879,0,0,-138,-17.250
1764842249.2808764,0,0,-1287,-160.875
1764842249.2848825,0,0,-1198,-149.750
1764842249.2888741,0,0,652,81.500
1764842249.2928555,1,1,1478,184.750
1764842249.2968671,0,0,98,12.250
1764842249.300874,0,0,-1907,-238.375
1764842249.3049488,0,0,447,55.875
1764842249.3088784,0,0,1717,214.625
1764842249.3128603,1,1,1730,216.250
1764842249.316864,0,0,280,35.000
1764842249.3208718,0,0,-1523,-190.375
1764842249.3248742,0,0,788,98.500
1764842249.3288715,0,0,1830,228.750
1764842249.33286,1,1,1676,209.500
1764842249.3368654,0,0,230,28.750
1764842249.340874,0,0,-1979,-247.375
1764842249.3448718,0,0,22,2.750
1764842249.348871,0,0,1308,163.500
1764842249.352874,1,1,1479,184.875
1764842249.3568764,0,0,368,46.000
1764842249.3608706,0,0,-1898,-237.250
1764842249.364867,0,0,15,1.875
1764842249.3688786,0,0,1276,159.500
1764842249.3728771,1,1,1435,179.375
1764842249.3768969,0,0,486,60.750
1764842249.3808587,0,0,-1573,-196.625
1764842249.384855,0,0,603,75.375
1764842249.3888726,0,0,1757,219.625
1764842249.392871,0,0,1621,202.625
1764842249.3968747,0,0,529,66.125
1764842249.4008548,0,0,-2145,-268.125
1764842249.4048522,0,0,-623,-77.875
1764842249.4088724,0,0,838,104.750
1764842249.4128718,1,1,1258,157.250
1764842249.4168777,0,0,642,80.250
1764842249.4208732,0,0,-1850,-231.250
1764842249.4248686,0,0,50,6.250
1764842249.4288678,0,0,1443,180.375
1764842249.4328687,1,1,1531,191.375
1764842249.436879,0,0,751,93.875
1764842249.4408734,0,0,-1938,-242.250
1764842249.444869,0,0,-135,-16.875
1764842249.4488747,0,0,1364,170.500
1764842249.452874,1,1,1517,189.625
1764842249.4568734,0,0,859,107.375
1764842249.4608712,0,0,-1828,-228.500
1764842249.4648674,0,0,-75,-9.375
1764842249.4688714,0,0,1422,177.750
1764842249.4728682,1,0,1537,192.125
1764842249.4769497,0,0,870,108.750
1764842249.480921,0,0,-1824,-228.000
1764842249.484918,0,0,-137,-17.125
1764842249.488927,0,0,909,113.625
1764842249.4929137,1,0,1000,125.000
1764842249.4969165,0,0,-2104,-263.000
1764842249.5008972,0,0,-1319,-164.875
1764842249.5049953,0,0,477,59.625
1764842249.508935,0,0,1226,153.250
1764842249.5129104,0,1,1150,143.750
1764842249.516911,0,0,-1919,-239.875
1764842249.5209148,0,0,-1076,-134.500
1764842249.5249162,0,0,674,84.250
1764842249.5289118,0,0,1294,161.750
1764842249.5328946,0,1,1208,151.000
1764842249.5368972,0,0,-1767,-220.875
1764842249.5408986,0,0,-766,-95.750
1764842249.5448945,0,0,1032,129.000
1764842249.5489185,0,0,1489,186.125
1764842249.5529122,1,0,1283,160.375
1764842249.5569172,0,0,-1902,-237.750
1764842249.5609138,0,0,-1375,-171.875
1764842249.5649154,0,0,591,73.875
1764842249.5689232,0,0,1358,169.750
1764842249.5729094,1,1,1367,170.875
1764842249.5769155,0,0,-1018,-127.250
1764842249.580922,0,0,-1713,-214.125
1764842249.5848784,0,0,-494,-61.750
1764842249.5888612,0,0,1088,136.000
1764842249.5928545,1,1,1729,216.125
1764842249.5968602,0,0,-891,-111.375
1764842249.6008673,0,0,-1637,-204.625
1764842249.6048687,0,0,-675,-84.375
1764842249.6088674,0,0,1074,134.250
1764842249.6128547,1,1,1912,239.000
1764842249.6168616,0,0,-773,-96.625
1764842249.62087,0,0,-1214,-151.750
1764842249.624867,0,0,-1338,-167.250
1764842249.6288693,0,0,907,113.375
1764842249.6328683,1,1,2330,291.250
1764842249.636873,0,0,-511,-63.875
1764842249.6408672,0,0,-1404,-175.500
1764842249.6448667,0,0,-1083,-135.375
1764842249.6488724,0,0,1108,138.500
1764842249.6528697,1,1,2489,311.125
1764842249.6568747,0,0,-510,-63.750
1764842249.660866,0,0,-1708,-213.500
1764842249.6648655,0,0,-439,-54.875
1764842249.6688716,0,0,1554,194.250
1764842249.6728685,1,1,2648,331.000
1764842249.6768734,0,0,-233,-29.125
1764842249.680882,0,0,-1385,-173.125
1764842249.6848674,0,0,878,109.750
1764842249.6888728,0,0,2215,276.875
1764842249.69287,1,1,2702,337.750
1764842249.6968741,0,0,-156,-19.500
1764842249.7008708,0,0,-1551,-193.875
1764842249.7049403,0,0,475,59.375
1764842249.7088718,0,0,1863,232.875
1764842249.7128537,1,1,2525,315.625
1764842249.7168646,0,0,-107,-13.375
1764842249.7208688,0,0,-1657,-207.125
1764842249.7248642,0,0,360,45.000
1764842249.728861,0,0,1798,224.750
1764842249.732851,1,1,2496,312.000
1764842249.7368653,0,0,-114,-14.250
1764842249.7408667,0,0,-2072,-259.000
1764842249.7448661,0,0,-192,-24.000
1764842249.748869,0,0,1490,186.250
1764842249.7528656,1,1,2427,303.375
1764842249.7568715,0,0,85,10.625
1764842249.7608666,0,0,-2034,-254.250
1764842249.7648668,0,0,-148,-18.500
1764842249.76887,0,0,1524,190.500
1764842249.7728622,1,1,2433,304.125
1764842249.776872,0,0,344,43.000
1764842249.7808738,0,0,-1790,-223.750
1764842249.7848766,0,0,126,15.750
1764842249.7888536,0,0,1666,208.250
1764842249.7928464,1,1,2440,305.000
1764842249.7968605,0,0,348,43.500
1764842249.800867,0,0,-2177,-272.125
1764842249.804865,0,0,-496,-62.000
1764842249.8088598,0,0,1280,160.000
1764842249.8128502,1,1,2328,291.000
1764842249.8168583,0,0,425,53.125
1764842249.8208704,0,0,-2272,-284.000
1764842249.8248665,0,0,-670,-83.750
1764842249.8288674,0,0,1235,154.375
1764842249.832863,1,1,2358,294.750
1764842249.8368676,0,0,577,72.125
1764842249.8408644,0,0,-2194,-274.250
1764842249.8448653,0,0,-922,-115.250
1764842249.848872,0,0,1114,139.250
1764842249.8528655,1,1,2369,296.125
1764842249.8568635,0,0,724,90.500
1764842249.8608632,0,0,-1636,-204.500
1764842249.864865,0,0,-1200,-150.000
1764842249.8688657,0,0,980,122.500
1764842249.8728654,1,1,2403,300.375
1764842249.8768663,0,0,1035,129.375
1764842249.8808613,0,0,-1842,-230.250
1764842249.8849208,0,0,-1189,-148.625
1764842249.8889205,0,0,1001,125.125
1764842249.8929117,1,1,2429,303.625
1764842249.896915,0,0,1176,147.000
1764842249.9009063,0,0,-1448,-181.000
1764842249.904988,0,0,-1472,-184.000
1764842249.9089174,0,0,809,101.125
1764842249.912894,1,1,2424,303.000
1764842249.9169044,0,0,1485,185.625
1764842249.920907,0,0,-1726,-215.750
1764842249.924907,0,0,-1369,-171.125
1764842249.928906,0,0,942,117.750
1764842249.9328902,1,1,2511,313.875
1764842249.9369051,0,0,1655,206.875
1764842249.9409096,0,0,-1204,-150.500
1764842249.9449046,0,0,-1778,-222.250
1764842249.9489021,0,0,504,63.000
1764842249.9529066,1,1,2381,297.625
1764842249.9569144,0,0,1904,238.000
1764842249.960905,0,0,-1549,-193.625
1764842249.964903,0,0,-1514,-189.250
1764842249.968912,0,0,911,113.875
1764842249.9729083,1,1,2620,327.500
1764842249.976912,0,0,2184,273.000
1764842249.9813,0,0,-1800,-225.000
1764842249.9851632,0,0,-1542,-192.750
1764842249.9888978,0,0,842,105.250
1764842249.9928699,1,1,2565,320.625
1764842249.9968686,0,0,2392,299.000
1764842250.000865,0,0,-1949,-243.625
1764842250.00486,0,0,-1081,-135.125
1764842250.0088637,0,0,1227,153.375
1764842250.0128562,1,1,2675,334.375
1764842250.0168636,0,0,2460,307.500
1764842250.0208607,0,0,-1986,-248.250
1764842250.024858,0,0,-1376,-172.000
1764842250.0288641,0,0,995,124.375
1764842250.0328593,1,1,2586,323.250
1764842250.0368636,0,0,2593,324.125
1764842250.0409791,0,0,-1849,-231.125
1764842250.0448496,0,0,-1193,-149.125
1764842250.048869,0,0,1194,149.250
1764842250.0528646,1,1,2670,333.750
1764842250.0568707,0,0,2689,336.125
1764842250.060864,0,0,-1823,-227.875
1764842250.0648625,0,0,-1487,-185.875
1764842250.068865,0,0,922,115.250
1764842250.072861,1,1,2547,318.375
1764842250.0768669,0,0,2778,347.250
1764842250.080862,0,0,-1667,-208.375
1764842250.0849016,0,0,-1504,-188.000
1764842250.0888717,0,0,846,105.750
1764842250.092859,1,1,2463,307.875
1764842250.0968647,0,0,2752,344.000
1764842250.1008618,0,0,-1831,-228.875
1764842250.1104527,1,1,2275,284.375
1764842250.112913,1,1,3015,376.875
1764842250.1168828,0,0,-639,-79.875
1764842250.1208475,0,0,-91,-11.375
1764842250.1248472,0,0,2055,256.875
1764842250.1288698,0,0,2981,372.625
1764842250.1328664,1,1,2971,371.375
1764842250.1368637,0,0,-1437,-179.625
1764842250.1408453,0,0,-1734,-216.750
1764842250.1448457,0,0,714,89.250
1764842250.1488667,0,0,2450,306.250
1764842250.1528625,1,1,3024,378.000
1764842250.1568658,0,0,-1217,-152.125
1764842250.1608593,0,0,-1937,-242.125
1764842250.164864,0,0,359,44.875
1764842250.1688678,0,0,2258,282.250
1764842250.1728613,1,1,3043,380.375
1764842250.1768656,0,0,-705,-88.125
1764842250.1808617,0,0,-1572,-196.500
1764842250.1848996,0,0,-526,-65.750
1764842250.188858,0,0,1858,232.250
1764842250.192846,1,1,3168,396.000
1764842250.1968546,0,0,-878,-109.750
1764842250.2009425,0,0,-1972,-246.500
1764842250.204865,0,0,329,41.125
1764842250.208858,0,0,2362,295.250
1764842250.2128453,1,1,3307,413.375
1764842250.2168617,0,0,-603,-75.375
1764842250.220861,0,0,-1893,-236.625
1764842250.2248592,0,0,445,55.625
1764842250.228862,0,0,2346,293.250
1764842250.2328627,1,1,3257,407.125
1764842250.2368653,0,0,-555,-69.375
1764842250.240861,0,0,-1919,-239.875
1764842250.2448595,0,0,40,5.000
1764842250.2488666,0,0,2188,273.500
1764842250.2528584,1,1,3315,414.375
1764842250.2568681,0,0,-155,-19.375
1764842250.260862,0,0,-1883,-235.375
1764842250.2648597,0,0,413,51.625
1764842250.268851,0,0,2317,289.625
1764842250.272846,1,1,3279,409.875
1764842250.276859,0,0,-38,-4.750
1764842250.280862,0,0,-1819,-227.375
1764842250.2848709,0,0,573,71.625
1764842250.2888565,0,0,2443,305.375
1764842250.292844,1,1,3319,414.875
1764842250.2968574,0,0,79,9.875
1764842250.3008618,0,0,-2030,-253.750
1764842250.3048604,0,0,194,24.250
1764842250.3089406,0,0,2188,273.500
1764842250.3128715,1,1,3228,403.500
1764842250.3168647,0,0,232,29.000
1764842250.3208468,0,0,-2208,-276.000
1764842250.3248448,0,0,-273,-34.125
1764842250.3288627,0,0,1856,232.000
1764842250.3328612,1,1,3114,389.250
1764842250.3368564,0,0,468,58.500
1764842250.340848,0,0,-2251,-281.375
1764842250.3448458,0,0,-506,-63.250
1764842250.3488555,0,0,1649,206.125
1764842250.3528423,1,1,3016,377.000
1764842250.356849,0,0,732,91.500
1764842250.3608575,0,0,-1999,-249.875
1764842250.3648634,0,0,-11,-1.375
1764842250.3688693,0,0,1984,248.000
1764842250.372858,1,1,3104,388.000
1764842250.3768632,0,0,928,116.000
1764842250.3808613,0,0,-1816,-227.000
1764842250.3848584,0,0,306,38.250
1764842250.38886,0,0,2216,277.000
1764842250.3928556,1,1,3163,395.375
1764842250.396876,0,0,1018,127.250
1764842250.400863,0,0,-2020,-252.500
1764842250.404861,0,0,-13,-1.625
1764842250.4088554,0,0,2019,252.375
1764842250.4128437,1,1,3081,385.125
1764842250.4168499,0,0,1153,144.125
1764842250.4208581,0,0,-2010,-251.250
1764842250.4248588,0,0,33,4.125
1764842250.4288478,0,0,2080,260.000
1764842250.4328425,1,1,3093,386.625
1764842250.4368548,0,0,1364,170.500
1764842250.4408588,0,0,-1955,-244.375
1764842250.4448578,0,0,-94,-11.750
1764842250.448868,0,0,1923,240.375
1764842250.4528596,1,1,2971,371.375
1764842250.456862,0,0,1471,183.875
1764842250.4608583,0,0,-1944,-243.000
1764842250.464855,0,0,-58,-7.250
1764842250.4688594,0,0,1983,247.875
1764842250.4728582,1,1,2982,372.750
1764842250.4768596,0,0,1527,190.875
1764842250.4808562,0,0,-2107,-263.375
1764842250.4848557,0,0,-209,-26.125
1764842250.4889884,0,0,1976,247.000
1764842250.492907,1,1,3013,376.625
1764842250.496909,0,0,1725,215.625
1764842250.5009007,0,0,-2170,-271.250
1764842250.5048983,0,0,-676,-84.500
1764842250.5089934,0,0,1549,193.625
1764842250.5129137,1,1,2790,348.750
1764842250.5169022,0,0,1851,231.375
1764842250.5209002,0,0,-1994,-249.250
1764842250.5248961,0,0,-343,-42.875
1764842250.5289042,0,0,1825,228.125
1764842250.5329041,1,1,2878,359.750
1764842250.5369036,0,0,2010,251.250
1764842250.5408857,0,0,-2069,-258.625
1764842250.544881,0,0,-930,-116.250
1764842250.548904,0,0,1272,159.000
1764842250.5528977,1,1,2595,324.375
1764842250.5569088,0,0,2083,260.375
1764842250.5609002,0,0,-1913,-239.125
1764842250.564899,0,0,-667,-83.375
1764842250.5689037,0,0,1501,187.625
1764842250.5729017,1,1,2672,334.000
1764842250.5769086,0,0,2207,275.875
1764842250.5809004,0,0,-1666,-208.250
1764842250.5849006,0,0,-208,-26.000
1764842250.5889206,0,0,1912,239.000
1764842250.5928576,1,1,2837,354.625
1764842250.596858,0,0,2313,289.125
1764842250.6008546,0,0,-1678,-209.750
1764842250.6048553,0,0,-453,-56.625
1764842250.608862,0,0,1688,211.000
1764842250.6128545,1,1,2694,336.750
1764842250.6168528,0,0,2363,295.375
1764842250.620855,0,0,-1358,-169.750
1764842250.6248553,0,0,160,20.000
1764842250.6288602,0,0,2240,280.000
1764842250.6328533,1,1,2924,365.500
1764842250.6368577,0,0,2454,306.750
1764842250.6408548,0,0,-1272,-159.000
1764842250.6448567,0,0,196,24.500
1764842250.6488607,0,0,2288,286.000
1764842250.652852,1,1,2916,364.500
1764842250.6568573,0,0,2481,310.125
1764842250.6608548,0,0,-1295,-161.875
1764842250.6648629,0,0,5,0.625
1764842250.6688492,0,0,2144,268.000
1764842250.6728392,1,1,2818,352.250
1764842250.6768453,0,0,2505,313.125
1764842250.6808538,0,0,-1098,-137.250
1764842250.6848562,0,0,163,20.375
1764842250.688863,0,0,2265,283.125
1764842250.6928425,1,1,2832,354.000
1764842250.69685,0,0,2491,311.375
1764842250.7008545,0,0,-1273,-159.125
1764842250.704857,0,0,-272,-34.000
1764842250.7089336,0,0,1961,245.125
1764842250.7128675,1,1,2694,336.750
1764842250.7168615,0,0,2506,313.250
1764842250.7208374,0,0,-1181,-147.625
1764842250.7248387,0,0,1806,225.750
1764842250.728862,0,0,2581,322.625
1764842250.732855,1,1,2484,310.500
1764842250.7368574,0,0,-1133,-141.625
1764842250.7408397,0,0,-459,-57.375
1764842250.7448375,0,0,1843,230.375
1764842250.7488568,0,0,2607,325.875
1764842250.7528555,1,1,2501,312.625
1764842250.7568607,0,0,-1109,-138.625
1764842250.7608523,0,0,-715,-89.375
1764842250.76485,0,0,1612,201.500
1764842250.7688591,0,0,2478,309.750
1764842250.7728558,1,1,2478,309.750
1764842250.7768588,0,0,-1004,-125.500
1764842250.7808492,0,0,-570,-71.250
1764842250.7848663,0,0,1867,233.375
1764842250.7888618,0,0,2640,330.000
1764842250.7928863,1,1,2530,316.250
1764842250.7968574,0,0,-932,-116.500
1764842250.8008566,0,0,-874,-109.250
1764842250.80485,0,0,1541,192.625
1764842250.808848,0,0,2447,305.875
1764842250.812837,1,1,2476,309.500
1764842250.8168511,0,0,-821,-102.625
1764842250.8208556,0,0,-933,-116.625
1764842250.8248508,0,0,1470,183.750
1764842250.8288434,0,0,2387,298.375
1764842250.832836,1,1,2435,304.375
1764842250.836849,0,0,-913,-114.125
1764842250.8408546,0,0,-1452,-181.500
1764842250.8448544,0,0,1004,125.500
1764842250.8488605,0,0,2182,272.750
1764842250.85285,1,1,2422,302.750
1764842250.8568583,0,0,-518,-64.750
1764842250.8608534,0,0,-690,-86.250
1764842250.8648527,0,0,1871,233.875
1764842250.868851,0,0,2663,332.875
1764842250.8728507,1,1,2515,314.375
1764842250.87686,0,0,-375,-46.875
1764842250.8808525,0,0,-727,-90.875
1764842250.884854,0,0,1805,225.625
1764842250.8888578,0,0,2604,325.500
1764842250.8928854,1,1,2461,307.625
1764842250.8968582,0,0,-222,-27.750
1764842250.9008534,0,0,-611,-76.375
1764842250.9048533,0,0,1951,243.875
1764842250.9089274,0,0,2686,335.750
1764842250.9128616,1,1,2459,307.375
1764842250.9168499,0,0,-476,-59.500
1764842250.9208505,0,0,-1874,-234.250
1764842250.924847,0,0,533,66.625
1764842250.9288535,0,0,1939,242.375
1764842250.932852,1,1,2301,287.625
1764842250.9368515,0,0,-174,-21.750
1764842250.9408317,0,0,-1484,-185.500
1764842250.9448366,0,0,1031,128.875
1764842250.9488542,0,0,2220,277.500
1764842250.952853,1,1,2338,292.250
1764842250.9568572,0,0,38,4.750
1764842250.96085,0,0,-1001,-125.125
1764842250.9648523,0,0,1726,215.750
1764842250.9688594,0,0,2685,335.625
1764842250.9728544,1,1,2462,307.750
1764842250.9768555,0,0,32,4.000
1764842250.9812074,0,0,-1516,-189.500
1764842250.984992,0,0,1099,137.375
1764842250.9888897,0,0,2320,290.000
1764842250.9928956,1,1,2338,292.250
1764842250.99685,0,0,203,25.375
1764842251.00085,0,0,-1302,-162.750
1764842251.004847,0,0,1477,184.625
1764842251.0088527,0,0,2614,326.750
1764842251.0128467,1,1,2427,303.375
1764842251.01685,0,0,318,39.750
1764842251.0208542,0,0,-1284,-160.500
1764842251.0248556,0,0,1610,201.250
1764842251.0288465,0,0,2765,345.625
1764842251.032837,1,1,2477,309.625
1764842251.0368433,0,0,372,46.500
1764842251.0409954,0,0,-1659,-207.375
1764842251.0448377,0,0,1113,139.125
1764842251.048838,0,0,2484,310.500
1764842251.052835,1,1,2379,297.375
1764842251.056837,0,0,519,64.875
1764842251.0608368,0,0,-1526,-190.750
1764842251.0648308,0,0,1360,170.000
1764842251.0688353,0,0,2692,336.500
1764842251.072831,1,1,2438,304.750
1764842251.076844,0,0,518,64.750
1764842251.0808492,0,0,-1995,-249.375
1764842251.0848467,0,0,596,74.500
1764842251.0888536,0,0,2223,277.875
1764842251.0928485,1,1,2285,285.625
1764842251.09689,0,0,704,88.000
1764842251.1008503,0,0,-1803,-225.375
1764842251.1048455,0,0,1045,130.625
1764842251.1143188,0,0,2452,306.500
1764842251.116875,0,0,958,119.750
1764842251.1208384,0,0,-1024,-128.000
1764842251.1248345,0,0,2068,258.500
1764842251.1288507,0,0,3264,408.000
1764842251.1328504,1,1,2594,324.250
1764842251.1368473,0,0,796,99.500
1764842251.1408348,0,0,-2194,-274.250
1764842251.1448343,0,0,12,1.500
1764842251.1488485,0,0,1900,237.500
1764842251.152846,1,1,2136,267.000
1764842251.1568515,0,0,977,122.125
1764842251.1608484,0,0,-2077,-259.625
1764842251.1648467,0,0,412,51.500
1764842251.168855,0,0,2284,285.500
1764842251.1728463,1,1,2307,288.375
1764842251.17685,0,0,1124,140.500
1764842251.1808445,0,0,-2040,-255.000
1764842251.1848457,0,0,370,46.250
1764842251.18885,0,0,2273,284.125
1764842251.1928444,1,1,2295,286.875
1764842251.1968489,0,0,1229,153.625
1764842251.200843,0,0,-1843,-230.375
1764842251.2048535,0,0,775,96.875
1764842251.2088587,0,0,2657,332.125
1764842251.2128468,1,1,2458,307.250
1764842251.2168531,0,0,1314,164.250
1764842251.2208467,0,0,-1889,-236.125
1764842251.2248595,0,0,425,53.125
1764842251.2288444,0,0,2344,293.000
1764842251.2328339,1,1,2282,285.250
1764842251.2368417,0,0,1325,165.625
1764842251.2408485,0,0,-1881,-235.125
1764842251.2448494,0,0,400,50.000
1764842251.2488446,0,0,2395,299.375
1764842251.252834,1,1,2315,289.375
1764842251.2568395,0,0,1387,173.375
1764842251.2608485,0,0,-1826,-228.250
1764842251.2648447,0,0,564,70.500
1764842251.2688463,0,0,2660,332.500
1764842251.2728455,1,1,2476,309.500
1764842251.276852,0,0,1462,182.750
1764842251.2808447,0,0,-1914,-239.250
1764842251.2848444,0,0,371,46.375
1764842251.2888405,0,0,2649,331.125
1764842251.2928345,1,1,2529,316.125
1764842251.296854,0,0,1563,195.375
1764842251.3008442,0,0,-1798,-224.750
1764842251.3048453,0,0,148,18.500
1764842251.3088374,0,0,2387,298.375
1764842251.3129184,1,1,2353,294.125
1764842251.316868,0,0,1531,191.375
1764842251.320842,0,0,-1628,-203.500
1764842251.324831,0,0,621,77.625
1764842251.3288472,0,0,2939,367.375
1764842251.3328483,1,1,2653,331.625
1764842251.3368492,0,0,1609,201.125
1764842251.3408322,0,0,-1655,-206.875
1764842251.3448281,0,0,2788,348.500
1764842251.3488472,0,0,2603,325.375
1764842251.3528497,1,1,1615,201.875
1764842251.3568559,0,0,-1677,-209.625
1764842251.3608482,0,0,-99,-12.375
1764842251.3648436,0,0,2396,299.500
1764842251.3688452,0,0,2411,301.375
1764842251.3728306,1,1,1596,199.500
1764842251.3768425,0,0,-1569,-196.125
1764842251.3808472,0,0,-407,-50.875
1764842251.384844,0,0,2036,254.500
1764842251.3888474,0,0,2193,274.125
1764842251.392845,1,1,1536,192.000
1764842251.3968902,0,0,-1462,-182.750
1764842251.4008453,0,0,-344,-43.000
1764842251.4048476,0,0,2143,267.875
1764842251.4088516,0,0,2254,281.750
1764842251.4128442,1,1,1544,193.000
1764842251.4168532,0,0,-1416,-177.000
1764842251.420849,0,0,-109,-13.625
1764842251.4248624,0,0,2660,332.500
1764842251.428836,0,0,2654,331.750
1764842251.4328287,1,1,1694,211.750
1764842251.4368389,0,0,-1377,-172.125
1764842251.4408488,0,0,-514,-64.250
1764842251.4448466,0,0,2263,282.875
1764842251.4488428,0,0,2452,306.500
1764842251.4528284,1,1,1646,205.750
1764842251.4568386,0,0,-1220,-152.500
1764842251.4608495,0,0,-368,-46.000
1764842251.4648447,0,0,2477,309.625
1764842251.4688437,0,0,2593,324.125
1764842251.4728403,1,1,1675,209.375
1764842251.476849,0,0,-1136,-142.000
1764842251.4808414,0,0,-447,-55.875
1764842251.4848435,0,0,2485,310.625
1764842251.4888568,0,0,2643,330.375
1764842251.4928439,1,1,1687,210.875
1764842251.4968424,0,0,-1087,-135.875
1764842251.5008411,0,0,-1032,-129.000
1764842251.5048442,0,0,1745,218.125
1764842251.5088468,0,0,2198,274.750
1764842251.5129192,1,1,1546,193.250
1764842251.5168645,0,0,-931,-116.375
1764842251.5208287,0,0,-487,-60.875
1764842251.524832,0,0,2527,315.875
1764842251.5288458,0,0,2712,339.000
1764842251.5328443,1,1,1687,210.875
1764842251.536838,0,0,-910,-113.750
1764842251.5408285,0,0,-743,-92.875
1764842251.5448256,0,0,2437,304.625
1764842251.5488513,0,0,2773,346.625
1764842251.5528452,1,1,1744,218.000
1764842251.5568497,0,0,-833,-104.125
1764842251.5608435,0,0,-1249,-156.125
1764842251.5648441,0,0,1797,224.625
1764842251.5688543,0,0,2417,302.125
1764842251.572845,1,1,1640,205.000
1764842251.5768461,0,0,-687,-85.875
1764842251.5808437,0,0,-951,-118.875
1764842251.5848413,0,0,2358,294.750
1764842251.588843,0,0,2853,356.625
1764842251.592844,1,1,1790,223.750
1764842251.5968852,0,0,-578,-72.250
1764842251.6008418,0,0,-1127,-140.875
1764842251.6048422,0,0,2124,265.500
1764842251.6088505,0,0,2730,341.250
1764842251.6128447,1,1,1740,217.500
1764842251.6168509,0,0,-458,-57.250
1764842251.6208467,0,0,-1080,-135.000
1764842251.6248431,0,0,2195,274.375
1764842251.6288416,0,0,2789,348.625
1764842251.6328475,1,1,1730,216.250
1764842251.636849,0,0,-430,-53.750
1764842251.6408308,0,0,-1262,-157.750
1764842251.6448264,0,0,2067,258.375
1764842251.6488423,0,0,2793,349.125
1764842251.6528385,1,1,1750,218.750
1764842251.6568441,0,0,-352,-44.000
1764842251.66083,0,0,-1470,-183.750
1764842251.6648264,0,0,1709,213.625
1764842251.6688433,0,0,2559,319.875
1764842251.6728399,1,1,1648,206.000
1764842251.6768477,0,0,-270,-33.750
1764842251.6808407,0,0,-1561,-195.125
1764842251.6848407,0,0,1702,212.750
1764842251.6888468,0,0,2669,333.625
1764842251.692841,1,1,1744,218.000
1764842251.6968472,0,0,-196,-24.500
1764842251.7008545,0,0,-1724,-215.500
1764842251.7048411,0,0,796,99.500
1764842251.708842,0,0,2159,269.875
1764842251.712907,1,1,1611,201.375
1764842251.7168584,0,0,64,8.000
1764842251.720827,0,0,-1236,-154.500
1764842251.7248292,0,0,2393,299.125
1764842251.7288468,0,0,3323,415.375
1764842251.732839,1,1,2023,252.875
1764842251.736842,0,0,99,12.375
1764842251.740829,0,0,-1594,-199.250
1764842251.7448254,0,0,1909,238.625
1764842251.7488453,0,0,3086,385.750
1764842251.7528405,1,1,1957,244.625
1764842251.756843,0,0,173,21.625
1764842251.760839,0,0,-1732,-216.500
1764842251.7648432,0,0,1601,200.125
1764842251.768852,0,0,2891,361.375
1764842251.772842,1,1,1873,234.125
1764842251.7768445,0,0,214,26.750
1764842251.780839,0,0,-1731,-216.375
1764842251.784842,0,0,1834,229.250
1764842251.7888322,0,0,3238,404.750
1764842251.7928245,1,1,2076,259.500
1764842251.7968311,0,0,334,41.750
1764842251.8008742,0,0,-1815,-226.875
1764842251.8048427,0,0,1638,204.750
1764842251.808848,0,0,3163,395.375
1764842251.8128412,1,1,2062,257.750
1764842251.8168437,0,0,396,49.500
1764842251.8208392,0,0,-1904,-238.000
1764842251.8248398,0,0,1453,181.625
1764842251.8288448,0,0,3121,390.125
1764842251.8328447,1,1,2075,259.375
1764842251.836849,0,0,478,59.750
1764842251.8408356,0,0,-1806,-225.750
1764842251.8448331,0,0,1623,202.875
1764842251.8488388,0,0,3305,413.125
1764842251.8528397,1,1,2152,269.000
1764842251.856843,0,0,503,62.875
1764842251.8608246,0,0,-2025,-253.125
1764842251.8648217,0,0,896,112.000
1764842251.8688369,0,0,2754,344.250
1764842251.8728397,1,1,1919,239.875
1764842251.876847,0,0,521,65.125
1764842251.8808389,0,0,-2092,-261.500
1764842251.8848355,0,0,417,52.125
1764842251.8888416,0,0,2431,303.875
1764842251.8928392,1,1,1813,226.625
1764842251.8968382,0,0,573,71.625
1764842251.9008517,0,0,-2068,-258.500
1764842251.9048367,0,0,353,44.125
1764842251.9088378,0,0,2430,303.750
1764842251.9129074,1,1,1833,229.125
1764842251.9168565,0,0,626,78.250
1764842251.920825,0,0,-1959,-244.875
1764842251.924822,0,0,802,100.250
1764842251.92884,0,0,3008,376.000
1764842251.9328358,1,1,2183,272.875
1764842251.9368412,0,0,736,92.000
1764842251.940826,0,0,-1990,-248.750
1764842251.9448235,0,0,542,67.750
1764842251.9488392,0,0,2955,369.375
1764842251.9528375,1,1,2247,280.875
1764842251.9568448,0,0,822,102.750
1764842251.9608393,0,0,-1918,-239.750
1764842251.9648402,0,0,2918,364.750
1764842251.968844,0,0,2249,281.125
1764842251.9728336,1,1,842,105.250
1764842251.976841,0,0,-1860,-232.500
1764842251.9812126,0,0,341,42.625
1764842251.9849954,0,0,2881,360.125
1764842251.9888906,0,0,2259,282.375
1764842251.9928422,1,1,857,107.125
1764842251.9968362,0,0,-1825,-228.125
1764842252.0008354,0,0,145,18.125
1764842252.0048738,0,0,2755,344.375
1764842252.0088422,0,0,2219,277.375
1764842252.0128298,1,1,865,108.125
1764842252.016831,0,0,-1696,-212.000
1764842252.0208256,0,0,379,47.375
1764842252.0248241,0,0,3097,387.125
1764842252.0288424,0,0,2447,305.875
1764842252.0328357,1,1,924,115.500
1764842252.0368395,0,0,-1703,-212.875
1764842252.0408201,0,0,78,9.750
1764842252.044822,0,0,2923,365.375
1764842252.0488255,0,0,2419,302.375
1764842252.052824,1,1,945,118.125
1764842252.0568259,0,0,-1646,-205.750
1764842252.0608323,0,0,-188,-23.500
1764842252.064833,0,0,2805,350.625
1764842252.0688365,0,0,2447,305.875
1764842252.0728347,1,1,997,124.625
1764842252.0768366,0,0,-1551,-193.875
1764842252.0808322,0,0,-132,-16.500
1764842252.0848343,0,0,2946,368.250
1764842252.0888414,0,0,2570,321.250
1764842252.0928354,1,1,1034,129.250
1764842252.0968397,0,0,-1491,-186.375
1764842252.1008294,0,0,-585,-73.125
1764842252.1049128,0,0,2480,310.000
1764842252.1088834,0,0,2345,293.125
1764842252.119709,0,0,-1313,-164.125
1764842252.1215997,0,0,313,39.125
1764842252.1248817,0,0,3681,460.125
1764842252.1288795,0,0,3112,389.000
1764842252.1328666,1,1,1192,149.000
1764842252.1368768,0,0,-1363,-170.375
1764842252.1408772,0,0,-422,-52.750
1764842252.1448789,0,0,3063,382.875
1764842252.1488671,0,0,2886,360.750
1764842252.1528623,1,1,1189,148.625
1764842252.1568763,0,0,-1253,-156.625
1764842252.1608796,0,0,-755,-94.375
1764842252.1648748,0,0,2702,337.750
1764842252.1688845,0,0,2727,340.875
1764842252.1728802,1,1,1161,145.125
1764842252.1768823,0,0,-1165,-145.625
1764842252.1808765,0,0,-996,-124.500
1764842252.1848748,0,0,2388,298.500
1764842252.1888788,0,0,2564,320.500
1764842252.1928742,1,1,1109,138.625
1764842252.1968813,0,0,-1101,-137.625
1764842252.2008731,0,0,-1094,-136.750
1764842252.204975,0,0,2325,290.625
1764842252.2088602,0,0,2589,323.625
1764842252.212834,1,1,1139,142.375
1764842252.2168374,0,0,-898,-112.250
1764842252.2208385,0,0,-1258,-157.250
1764842252.2248387,0,0,2130,266.250
1764842252.228824,0,0,2623,327.875
1764842252.2328172,1,1,1235,154.375
1764842252.2368345,0,0,-905,-113.125
1764842252.2408373,0,0,-1203,-150.375
1764842252.244835,0,0,2363,295.375
1764842252.248842,0,0,2787,348.375
1764842252.2528348,1,1,1270,158.750
1764842252.2568378,0,0,-849,-106.125
1764842252.260835,0,0,-1306,-163.250
1764842252.2648337,0,0,2357,294.625
1764842252.2688277,0,0,2934,366.750
1764842252.2728176,1,1,1388,173.500
1764842252.2768266,0,0,-725,-90.625
1764842252.2808359,0,0,-1363,-170.375
1764842252.2848356,0,0,2328,291.000
1764842252.2888317,0,0,2966,370.750
1764842252.2928178,1,1,1406,175.750
1764842252.296826,0,0,-671,-83.875
1764842252.3008344,0,0,-1646,-205.750
1764842252.3048346,0,0,1305,163.125
1764842252.3088343,0,0,2211,276.375
1764842252.3128307,1,1,1107,138.375
1764842252.3169172,0,0,-586,-73.250
1764842252.3208435,0,0,-1319,-164.875
1764842252.3248353,0,0,2664,333.000
1764842252.3288343,0,0,3399,424.875
1764842252.3328211,1,1,1635,204.375
1764842252.3368242,0,0,-490,-61.250
1764842252.3408325,0,0,-1728,-216.000
1764842252.344836,0,0,1538,192.250
1764842252.3488243,0,0,2604,325.500
1764842252.3528178,1,1,1336,167.000
1764842252.3568351,0,0,-419,-52.375
1764842252.3608365,0,0,-1744,-218.000
1764842252.3648338,0,0,1852,231.500
1764842252.3688447,0,0,3029,378.625
1764842252.3728354,1,1,1592,199.000
1764842252.3768375,0,0,-292,-36.500
1764842252.380833,0,0,-1799,-224.875
1764842252.3848302,0,0,1759,219.875
1764842252.3888302,0,0,3085,385.625
1764842252.3928187,1,1,1669,208.625
1764842252.3968306,0,0,-161,-20.125
1764842252.4008336,0,0,-1927,-240.875
1764842252.4048316,0,0,1395,174.375
1764842252.4088354,0,0,2759,344.875
1764842252.4128373,1,1,1498,187.250
1764842252.4168406,0,0,-156,-19.500
1764842252.420833,0,0,-1964,-245.500
1764842252.424831,0,0,1345,168.125
1764842252.4288342,0,0,2844,355.500
1764842252.4328341,1,1,1590,198.750
1764842252.4368374,0,0,-67,-8.375
1764842252.4408314,0,0,-1933,-241.625
1764842252.4448314,0,0,1675,209.375
1764842252.4488409,0,0,3333,416.625
1764842252.452833,1,1,1899,237.375
1764842252.4568388,0,0,65,8.125
1764842252.460834,0,0,-1978,-247.250
1764842252.464831,0,0,1476,184.500
1764842252.4688323,0,0,3227,403.375
1764842252.4728293,1,1,1875,234.375
1764842252.4768434,0,0,79,9.875
1764842252.4808378,0,0,-1536,-192.000
1764842252.4848347,0,0,-164,-20.500
1764842252.4888325,0,0,1996,249.500
1764842252.4928167,1,1,1449,181.125
1764842252.4968286,0,0,228,28.500
1764842252.5008352,0,0,-2012,-251.500
1764842252.5048323,0,0,919,114.875
1764842252.508869,0,0,2856,357.000
1764842252.5128584,1,1,1778,222.250
1764842252.5169554,0,0,237,29.625
1764842252.5208912,0,0,-1923,-240.375
1764842252.5248754,0,0,1553,194.125
1764842252.5288775,0,0,3712,464.000
1764842252.5328748,1,1,2312,289.000
1764842252.5368776,0,0,385,48.125
1764842252.5408576,0,0,-1803,-225.375
1764842252.5448575,0,0,476,59.500
1764842252.548884,0,0,2880,360.000
1764842252.5528755,1,1,1999,249.875
1764842252.5568693,0,0,428,53.500
1764842252.560857,0,0,-1962,-245.250
1764842252.564859,0,0,631,78.875
1764842252.5688784,0,0,3130,391.250
1764842252.5728755,1,1,2171,271.375
1764842252.5768778,0,0,492,61.500
1764842252.580873,0,0,-1789,-223.625
1764842252.5848885,0,0,2638,329.750
1764842252.5889065,0,0,1943,242.875
1764842252.5928786,1,1,477,59.625
1764842252.596873,0,0,-1884,-235.500
1764842252.6008554,0,0,126,15.750
1764842252.604855,0,0,2732,341.500
1764842252.608874,0,0,2033,254.125
1764842252.6128328,1,1,519,64.875
1764842252.6168308,0,0,-1843,-230.375
1764842252.6208138,0,0,75,9.375
1764842252.6248136,0,0,2789,348.625
1764842252.628836,0,0,2123,265.375
1764842252.6328318,1,1,574,71.750
1764842252.6368341,0,0,-1380,-172.500
1764842252.6408272,0,0,-808,-101.000
1764842252.6448302,0,0,1867,233.375
1764842252.648839,0,0,1678,209.750
1764842252.652833,1,1,524,65.500
1764842252.656835,0,0,-1421,-177.625
1764842252.6608298,0,0,-435,-54.375
1764842252.6648273,0,0,2600,325.000
1764842252.6688309,0,0,2256,282.000
1764842252.6728287,1,1,770,96.250
1764842252.676837,0,0,-1258,-157.250
1764842252.6808276,0,0,-652,-81.500
1764842252.6848278,0,0,2499,312.375
1764842252.688833,0,0,2311,288.875
1764842252.6928315,1,1,857,107.125
1764842252.6968348,0,0,-1457,-182.125
1764842252.7008314,0,0,-578,-72.250
1764842252.7048278,0,0,2607,325.875
1764842252.7088442,0,0,2394,299.250
1764842252.7128317,1,1,876,109.500
1764842252.7169137,0,0,-1471,-183.875
1764842252.720845,0,0,-128,-16.000
1764842252.7248292,0,0,3413,426.625
1764842252.7288268,0,0,2998,374.750
1764842252.7328138,1,1,1084,135.500
1764842252.7368264,0,0,-1104,-138.000
1764842252.7408323,0,0,-1176,-147.000
1764842252.7448285,0,0,1849,231.125
1764842252.7488167,0,0,2003,250.375
1764842252.7528107,1,1,777,97.125
1764842252.756822,0,0,-1177,-147.125
1764842252.7608309,0,0,-1008,-126.000
1764842252.7648265,0,0,2319,289.875
1764842252.7688315,0,0,2432,304.000
1764842252.772827,1,1,967,120.875
1764842252.7768335,0,0,-1052,-131.500
1764842252.7808287,0,0,-1369,-171.125
1764842252.7848291,0,0,1629,203.625
1764842252.788817,0,0,1985,248.125
1764842252.7928107,1,1,824,103.000
1764842252.7968202,0,0,-1137,-142.125
1764842252.8008285,0,0,-1019,-127.375
1764842252.8048303,0,0,2511,313.875
1764842252.8088472,0,0,2720,340.000
1764842252.8128273,1,1,1136,142.000
1764842252.8168302,0,0,-943,-117.875
1764842252.8208277,0,0,-1312,-164.000
1764842252.824826,0,0,2021,252.625
1764842252.8288271,0,0,2506,313.250
1764842252.8328233,1,1,1117,139.625
1764842252.8368306,0,0,-895,-111.875
1764842252.840826,0,0,-1412,-176.500
1764842252.8448257,0,0,1810,226.250
1764842252.8488326,0,0,2412,301.500
1764842252.8528259,1,1,1102,137.750
1764842252.8568256,0,0,-840,-105.000
1764842252.860827,0,0,-1411,-176.375
1764842252.8648264,0,0,1850,231.250
1764842252.868826,0,0,2557,319.625
1764842252.8728251,1,1,1209,151.125
1764842252.8768356,0,0,-754,-94.250
1764842252.8808312,0,0,-1498,-187.250
1764842252.884829,0,0,1987,248.375
1764842252.888823,0,0,2731,341.375
1764842252.8928106,1,1,1300,162.500
1764842252.8968148,0,0,-648,-81.000
1764842252.9008281,0,0,-1496,-187.000
1764842252.9048247,0,0,2233,279.125
1764842252.9088132,0,0,3044,380.500
1764842252.9129162,1,1,1470,183.750
1764842252.9169536,0,0,-518,-64.750
1764842252.9208624,0,0,-1201,-150.125
1764842252.924848,0,0,3146,393.250
1764842252.928876,0,0,3886,485.750
1764842252.932875,1,1,1852,231.500
1764842252.9368722,0,0,-455,-56.875
1764842252.9408498,0,0,-1623,-202.875
1764842252.944847,0,0,1569,196.125
1764842252.948871,0,0,2718,339.750
1764842252.9528713,1,1,1389,173.625
1764842252.9568772,0,0,-397,-49.625
1764842252.9608698,0,0,-1764,-220.500
1764842252.9648693,0,0,1859,232.375
1764842252.9688776,0,0,3068,383.500
1764842252.9728723,1,1,1585,198.125
1764842252.976876,0,0,-295,-36.875
1764842252.981227,0,0,-1777,-222.125
1764842252.9850426,1,0,1413,176.625
1764842252.9889042,0,0,2824,353.000
1764842252.9928744,1,1,1534,191.750
1764842252.9968817,0,0,-209,-26.125
1764842253.0008743,0,0,-1889,-236.125
1764842253.0048633,0,0,1351,168.875
1764842253.0088649,0,0,2830,353.750
1764842253.0129566,1,1,1552,194.000
1764842253.0168273,0,0,-119,-14.875
1764842253.020822,0,0,-1866,-233.250
1764842253.0248187,0,0,1912,239.000
1764842253.0288281,0,0,3468,433.500
1764842253.032821,1,1,1905,238.125
1764842253.0368257,0,0,-21,-2.625
1764842253.040827,0,0,-1912,-239.000
1764842253.0448246,0,0,1368,171.000
1764842253.0488245,0,0,3126,390.750
1764842253.0528185,1,1,1798,224.750
1764842253.056823,0,0,35,4.375
1764842253.0608203,0,0,-1950,-243.750
1764842253.0648212,0,0,1152,144.000
1764842253.0688255,0,0,3021,377.625
1764842253.0728185,1,1,1786,223.250
1764842253.0768216,0,0,89,11.125
1764842253.0808241,0,0,-1851,-231.375
1764842253.0848258,0,0,1029,128.625
1764842253.0888314,0,0,3113,389.125
1764842253.0928216,1,1,1932,241.500
1764842253.0968251,0,0,195,24.375
1764842253.1008244,0,0,-1688,-211.000
1764842253.1048229,0,0,307,38.375
1764842253.1088245,0,0,2529,316.125
1764842253.1128576,1,1,1703,212.875
1764842253.1224387,0,0,882,110.250
1764842253.1248422,0,0,882,110.250
1764842253.1288323,0,0,3148,393.500
1764842253.1328094,1,1,2038,254.750
1764842253.136816,0,0,336,42.000
1764842253.1408262,0,0,-1961,-245.125
1764842253.1448264,0,0,375,46.875
1764842253.1488152,0,0,2653,331.625
1764842253.1528091,1,1,1785,223.125
1764842253.1568146,0,0,300,37.500
1764842253.1608205,0,0,-1948,-243.500
1764842253.1648214,0,0,786,98.250
1764842253.1688302,0,0,3378,422.250
1764842253.1728244,1,1,2317,289.625
1764842253.1768253,0,0,505,63.125
1764842253.1808164,0,0,-1699,-212.375
1764842253.184816,0,0,148,18.500
1764842253.1888227,0,0,2841,355.125
1764842253.1928213,1,1,2106,263.250
1764842253.1968236,0,0,518,64.750
1764842253.2008133,0,0,-1816,-227.000
1764842253.204907,0,0,2727,340.875
1764842253.2088325,0,0,2039,254.875
1764842253.2128587,1,1,498,62.250
1764842253.2168307,0,0,-1819,-227.375
1764842253.220823,0,0,296,37.000
1764842253.22482,0,0,3220,402.500
1764842253.22882,0,0,2429,303.625
1764842253.232822,1,1,652,81.500
1764842253.2368236,0,0,-1256,-157.000
1764842253.2408192,0,0,-1014,-126.750
1764842253.2448168,0,0,1645,205.625
1764842253.2488256,0,0,1546,193.250
1764842253.2528234,1,1,474,59.250
1764842253.2568283,0,0,-1068,-133.500
1764842253.260822,0,0,-1175,-146.875
1764842253.2648187,0,0,1723,215.375
1764842253.2688212,0,0,1834,229.250
1764842253.272821,1,1,718,89.750
1764842253.2768269,0,0,-1560,-195.000
1764842253.2808256,0,0,27,3.375
1764842253.2848186,0,0,3324,415.500
1764842253.2888145,0,0,2784,348.000
1764842253.2928052,1,1,951,118.875
1764842253.2968168,0,0,-1251,-156.375
1764842253.3008223,0,0,-792,-99.000
1764842253.3048213,0,0,2374,296.750
1764842253.308811,0,0,2275,284.375
1764842253.3128026,1,1,838,104.750
1764842253.3169315,0,0,-1391,-173.875
1764842253.3209531,0,0,-670,-83.750
1764842253.3248847,0,0,2652,331.500
1764842253.328868,0,0,2518,314.750
1764842253.3328469,1,1,936,117.000
1764842253.33686,0,0,-1151,-143.875
1764842253.3408701,0,0,-827,-103.375
1764842253.3448684,0,0,2683,335.375
1764842253.3488507,0,0,2693,336.625
1764842253.352845,1,1,1064,133.000
1764842253.356851,0,0,-1192,-149.000
1764842253.3608656,0,0,-839,-104.875
1764842253.3648655,0,0,2756,344.500
1764842253.3688757,0,0,2804,350.500
1764842253.372862,1,1,1117,139.625
1764842253.3768682,0,0,-989,-123.625
1764842253.3808658,0,0,-1133,-141.625
1764842253.384865,0,0,2321,290.125
1764842253.3888535,0,0,2593,324.125
1764842253.3928478,1,1,1079,134.875
1764842253.3968914,0,0,-1073,-134.125
1764842253.400861,0,0,-1028,-128.500
1764842253.4048615,0,0,2493,311.625
1764842253.4088655,0,0,2692,336.500
1764842253.412847,1,1,1078,134.750
1764842253.4169211,0,0,-964,-120.500
1764842253.4208033,0,0,-1325,-165.625
1764842253.4248023,0,0,1951,243.875
1764842253.4288225,0,0,2464,308.000
1764842253.4328175,1,1,1073,134.125
1764842253.4368176,0,0,-877,-109.625
1764842253.4408197,0,0,-1285,-160.625
1764842253.4448214,0,0,2228,278.500
1764842253.4488292,0,0,2823,352.875
1764842253.452823,1,1,1283,160.375
1764842253.456823,0,0,-730,-91.250
1764842253.460817,0,0,-1449,-181.125
1764842253.4648168,0,0,1337,167.125
1764842253.468822,0,0,2262,282.750
1764842253.4728198,1,1,1124,140.500
1764842253.4768245,0,0,-693,-86.625
1764842253.4808183,0,0,-1413,-176.625
1764842253.4848192,0,0,1673,209.125
1764842253.4888325,0,0,2653,331.625
1764842253.4928217,1,1,1344,168.000
1764842253.4968255,0,0,-589,-73.625
1764842253.5008187,0,0,-1540,-192.500
1764842253.5048177,0,0,1377,172.125
1764842253.5088186,0,0,2431,303.875
1764842253.5128179,1,1,1252,156.500
1764842253.51684,0,0,-492,-61.500
1764842253.520894,0,0,-1722,-215.250
1764842253.524831,0,0,1732,216.500
1764842253.5288198,0,0,2804,350.500
1764842253.5328043,1,1,1442,180.250
1764842253.536809,0,0,-412,-51.500
1764842253.5408063,0,0,-1596,-199.500
1764842253.544803,0,0,1751,218.875
1764842253.5488033,0,0,3030,378.750
1764842253.5528052,1,1,1639,204.875
1764842253.5568273,0,0,-262,-32.750
1764842253.5608208,0,0,-1700,-212.500
1764842253.5648189,0,0,1246,155.750
1764842253.5688212,0,0,2657,332.125
1764842253.5728173,1,1,1489,186.125
1764842253.5768158,0,0,-193,-24.125
1764842253.5808043,0,0,-1788,-223.500
1764842253.5848024,0,0,1034,129.250
1764842253.5888186,0,0,2546,318.250
1764842253.592817,1,1,1469,183.625
1764842253.5968251,0,0,-108,-13.500
1764842253.6008315,0,0,-1759,-219.875
1764842253.6048274,0,0,1030,128.750
1764842253.6088135,0,0,2738,342.250
1764842253.6127996,1,1,1659,207.375
1764842253.6168087,0,0,60,7.500
1764842253.6208205,0,0,-1991,-248.875
1764842253.6248164,0,0,932,116.500
1764842253.6288064,0,0,2670,333.750
1764842253.6327972,1,1,1628,203.500
1764842253.63682,0,0,104,13.000
1764842253.6408203,0,0,-2018,-252.250
1764842253.644819,0,0,943,117.875
1764842253.648826,0,0,2807,350.875
1764842253.6528184,1,1,1748,218.500
1764842253.6568205,0,0,187,23.375
1764842253.6608186,0,0,-1807,-225.875
1764842253.6648173,0,0,414,51.750
1764842253.66882,0,0,2487,310.875
1764842253.6728144,1,1,1684,210.500
1764842253.67682,0,0,281,35.125
1764842253.6808126,0,0,-1743,-217.875
1764842253.6848168,0,0,-344,-43.000
1764842253.688825,0,0,1660,207.500
1764842253.6928184,1,1,1237,154.625
1764842253.69682,0,0,234,29.250
1764842253.700817,0,0,-1899,-237.375
1764842253.7048178,0,0,260,32.500
1764842253.7088177,0,0,2499,312.375
1764842253.7128165,1,1,1789,223.625
1764842253.7168543,0,0,453,56.625
1764842253.7208865,0,0,-1875,-234.375
1764842253.7248278,0,0,249,31.125
1764842253.728819,0,0,2656,332.000
1764842253.7328048,1,1,1961,245.125
1764842253.73681,0,0,562,70.250
1764842253.7408156,0,0,-1737,-217.125
1764842253.7448146,0,0,-128,-16.000
1764842253.748807,0,0,2353,294.125
1764842253.7528012,1,1,1853,231.625
1764842253.756813,0,0,593,74.125
1764842253.760816,0,0,-1765,-220.625
1764842253.7648165,0,0,-145,-18.125
1764842253.7688198,0,0,2411,301.375
1764842253.772816,1,1,1931,241.375
1764842253.7768216,0,0,652,81.500
1764842253.7808168,0,0,-1555,-194.375
1764842253.7848134,0,0,-563,-70.375
1764842253.7888038,0,0,2030,253.750
1764842253.7927988,1,1,1781,222.625
1764842253.7968137,0,0,671,83.875
1764842253.8008177,0,0,-1431,-178.875
1764842253.8048117,0,0,-656,-82.000
1764842253.8088195,0,0,2077,259.625
1764842253.8128161,1,1,1900,237.500
1764842253.8168328,0,0,770,96.250
1764842253.8208148,0,0,-1436,-179.500
1764842253.8248103,0,0,-606,-75.750
1764842253.8288121,0,0,2270,283.750
1764842253.8328102,1,1,878,109.750
1764842253.8368185,0,0,-1244,-155.500
1764842253.840814,0,0,-797,-99.625
1764842253.844813,0,0,2200,275.000
1764842253.8488188,0,0,2162,270.250
1764842253.8528125,1,1,966,120.750
1764842253.856818,0,0,-1091,-136.375
1764842253.8608158,0,0,-1081,-135.125
1764842253.8648143,0,0,1868,233.500
1764842253.8688092,0,0,2021,252.625
1764842253.8728106,1,1,968,121.000
1764842253.8768153,0,0,-1168,-146.000
1764842253.8808126,0,0,-1021,-127.625
1764842253.8848143,0,0,2028,253.500
1764842253.8888173,0,0,2175,271.875
1764842253.8928196,1,1,1041,130.125
1764842253.8968139,0,0,-1000,-125.000
1764842253.9007988,0,0,-1150,-143.750
1764842253.904797,0,0,1993,249.125
1764842253.908817,0,0,2268,283.500
1764842253.9128122,1,1,1137,142.125
1764842253.916813,0,0,-1040,-130.000
1764842253.920894,0,0,-1201,-150.125
1764842253.9248269,0,0,1941,242.625
1764842253.9288166,0,0,2267,283.375
1764842253.9327981,1,1,1145,143.125
1764842253.936803,0,0,-906,-113.250
1764842253.940812,0,0,-1266,-158.250
1764842253.9448133,0,0,1961,245.125
1764842253.948805,0,0,2392,299.000
1764842253.952794,1,1,1241,155.125
1764842253.956806,0,0,-798,-99.750
1764842253.9608116,0,0,-1454,-181.750
1764842253.9648108,0,0,1410,176.250
1764842253.968818,0,0,2102,262.750
1764842253.9728112,1,1,1191,148.875
1764842253.9768136,0,0,-745,-93.125
1764842253.9811661,0,0,-1415,-176.875
1764842253.9849765,0,0,1659,207.375
1764842253.988856,0,0,2376,297.000
1764842253.9928088,1,1,1340,167.500
1764842253.9968047,0,0,-664,-83.000
1764842254.0008051,0,0,-1497,-187.125
1764842254.0047965,0,0,1401,175.125
1764842254.0088038,0,0,2250,281.250
1764842254.0127993,1,1,1319,164.875
1764842254.0167985,0,0,-618,-77.250
1764842254.0208325,0,0,-1574,-196.750
1764842254.0247946,0,0,1099,137.375
1764842254.0288026,0,0,2082,260.250
1764842254.0327973,1,1,1287,160.875
1764842254.0367966,0,0,-538,-67.250
1764842254.040928,0,0,-1599,-199.875
1764842254.0448134,0,0,683,85.375
1764842254.0489042,0,0,1878,234.750
1764842254.0528548,1,1,1282,160.250
1764842254.0568187,0,0,-402,-50.250
1764842254.060797,0,0,-1526,-190.750
1764842254.0647957,0,0,161,20.125
1764842254.0688133,0,0,1601,200.125
1764842254.072813,1,1,1250,156.250
1764842254.0768168,0,0,-214,-26.750
1764842254.0807974,0,0,-1871,-233.875
1764842254.0847926,0,0,1168,146.000
1764842254.0888112,0,0,2433,304.125
1764842254.0928094,1,1,1603,200.375
1764842254.096808,0,0,-116,-14.500
1764842254.1008108,0,0,-1720,-215.000
1764842254.104808,0,0,830,103.750
1764842254.1088092,0,0,2293,286.625
1764842254.112806,1,1,1613,201.625
1764842254.1168134,0,0,65,8.125
1764842254.1263165,0,0,986,123.250
1764842254.1288376,0,0,2486,310.750
1764842254.1328118,1,1,1718,214.750
1764842254.1368103,0,0,183,22.875
1764842254.1407974,0,0,-2011,-251.375
1764842254.1447952,0,0,808,101.000
1764842254.1488159,0,0,2426,303.250
1764842254.1528082,1,1,1726,215.750
1764842254.1568105,0,0,272,34.000
1764842254.1607943,0,0,-1913,-239.125
1764842254.1647954,0,0,499,62.375
1764842254.168812,0,0,2263,282.875
1764842254.1728082,1,1,1699,212.375
1764842254.1768115,0,0,487,60.875
1764842254.1808097,0,0,-1335,-166.875
1764842254.18481,0,0,-1278,-159.750
1764842254.1888132,0,0,751,93.875
1764842254.192807,1,1,1121,140.125
1764842254.1968093,0,0,447,55.875
1764842254.200806,0,0,-961,-120.125
1764842254.2048843,0,0,-1633,-204.125
1764842254.2088213,0,0,-447,-55.875
1764842254.2128096,1,1,1063,132.875
1764842254.2168145,0,0,1206,150.750
1764842254.2208087,0,0,-1032,-129.000
1764842254.224822,0,0,-1531,-191.375
1764842254.2288132,0,0,-675,-84.375
1764842254.2328095,1,1,1172,146.500
1764842254.2368133,0,0,1778,222.250
1764842254.2408059,0,0,-1032,-129.000
1764842254.2448087,0,0,-1691,-211.375
1764842254.2488132,0,0,583,72.875
1764842254.25281,1,1,1836,229.500
1764842254.256808,0,0,1959,244.875
1764842254.2608066,0,0,-1407,-175.875
1764842254.2648098,0,0,-1171,-146.375
1764842254.268815,0,0,1494,186.750
1764842254.2728095,1,1,2318,289.750
1764842254.276813,0,0,2075,259.375
1764842254.2808058,0,0,-902,-112.750
1764842254.2848072,0,0,-1656,-207.000
1764842254.2888026,0,0,476,59.500
1764842254.2927933,1,1,2006,250.750
1764842254.2968028,0,0,2320,290.000
1764842254.3008087,0,0,-875,-109.375
1764842254.3048062,0,0,-1651,-206.375
1764842254.3088117,0,0,875,109.375
1764842254.312808,1,1,2182,272.750
1764842254.3168108,0,0,2366,295.750
1764842254.3208168,0,0,-741,-92.625
1764842254.3249106,0,0,-1666,-208.250
1764842254.3288312,0,0,554,69.250
1764842254.3328013,1,1,2107,263.375
1764842254.3368077,0,0,2492,311.500
1764842254.3408115,0,0,-637,-79.625
1764842254.3448067,0,0,-1668,-208.500
1764842254.348798,0,0,495,61.875
1764842254.3527894,1,1,2137,267.125
1764842254.3568075,0,0,2601,325.125
1764842254.3608124,0,0,-505,-63.125
1764842254.3648088,0,0,-1620,-202.500
1764842254.3688135,0,0,163,20.375
1764842254.3728054,1,1,2068,258.500
1764842254.3768137,0,0,2751,343.875
1764842254.38081,0,0,-362,-45.250
1764842254.3848054,0,0,-1609,-201.125
1764842254.3888102,0,0,254,31.750
1764842254.3928108,1,1,2220,277.500
1764842254.3968112,0,0,2918,364.750
1764842254.4007924,0,0,-218,-27.250
1764842254.4047902,0,0,-1533,-191.625
1764842254.4088063,0,0,-175,-21.875
1764842254.412806,1,1,2036,254.500
1764842254.4168084,0,0,3008,376.000
1764842254.42079,0,0,6,0.750
1764842254.4247892,0,0,-1493,-186.625
1764842254.4288445,0,0,-476,-59.500
1764842254.4328308,1,1,1840,230.000
1764842254.4368403,0,0,3015,376.875
1764842254.44085,0,0,63,7.875
1764842254.4448512,0,0,-1660,-207.500
1764842254.4488595,0,0,2354,294.250
1764842254.4528446,1,1,3196,399.500
1764842254.4568503,0,0,207,25.875
1764842254.4608498,0,0,-1561,-195.125
1764842254.4648483,0,0,18,2.250
1764842254.4688497,0,0,2314,289.250
1764842254.472842,1,1,3266,408.250
1764842254.4768503,0,0,404,50.500
1764842254.4808478,0,0,-1728,-216.000
1764842254.4848468,0,0,255,31.875
1764842254.4890478,0,0,2467,308.375
1764842254.492855,1,1,3294,411.750
1764842254.4968538,0,0,538,67.250
1764842254.5008473,0,0,-1608,-201.000
1764842254.5048497,0,0,98,12.250
1764842254.5088606,0,0,2439,304.875
1764842254.5128486,1,1,3338,417.250
1764842254.5168521,0,0,1608,201.000
1764842254.5208478,0,0,469,58.625
1764842254.5249326,0,0,3204,400.500
1764842254.5289593,0,0,3970,496.250
1764842254.5328028,1,1,3482,435.250
1764842254.5367918,0,0,1315,164.375
1764842254.5407882,0,0,417,52.125
1764842254.5447881,0,0,3585,448.125
1764842254.5487964,0,0,4358,544.750
1764842254.552792,1,1,3603,450.375
1764842254.5568094,0,0,1404,175.500
1764842254.560804,0,0,549,68.625
1764842254.564806,0,0,3784,473.000
1764842254.5688114,0,0,4474,559.250
1764842254.5728083,1,1,3541,442.625
1764842254.5768094,0,0,853,106.625
1764842254.5808046,0,0,-1535,-191.875
1764842254.5848026,0,0,-340,-42.500
1764842254.5888052,0,0,2067,258.375
1764842254.5928056,1,1,2952,369.000
1764842254.5968158,0,0,1317,164.625
1764842254.6008024,0,0,-1649,-206.125
1764842254.6047993,0,0,1198,149.750
1764842254.6088047,0,0,3029,378.625
1764842254.6128032,1,1,3173,396.625
1764842254.6168072,0,0,1851,231.375
1764842254.6207895,0,0,1285,160.625
1764842254.6247854,0,0,4852,606.500
1764842254.6288233,0,0,5288,661.000
1764842254.6328058,1,1,3769,471.125
1764842254.6368089,0,0,1605,200.625
1764842254.6408064,0,0,272,34.000
1764842254.6448057,0,0,3685,460.625
1764842254.6488109,0,0,4556,569.500
1764842254.6528063,1,1,3462,432.750
1764842254.6568122,0,0,1583,197.875
1764842254.6608067,0,0,-23,-2.875
1764842254.6648004,0,0,3375,421.875
1764842254.6688101,0,0,4398,549.750
1764842254.6728022,1,1,3363,420.375
1764842254.6768076,0,0,1543,192.875
1764842254.6808038,0,0,-699,-87.375
1764842254.6848063,0,0,2244,280.500
1764842254.6888106,0,0,3559,444.875
1764842254.6928031,1,1,2974,371.750
1764842254.696811,0,0,1528,191.000
1764842254.7008076,0,0,-625,-78.125
1764842254.7048042,0,0,2583,322.875
1764842254.7088041,0,0,3923,490.375
1764842254.7127995,1,1,3113,389.125
1764842254.7168062,0,0,1499,187.375
1764842254.7208035,0,0,-1224,-153.000
1764842254.7248847,0,0,1804,225.500
1764842254.7288551,0,0,3466,433.250
1764842254.7327988,1,1,2941,367.625
1764842254.736797,0,0,1583,197.875
1764842254.7408042,0,0,-1178,-147.250
1764842254.7448068,0,0,1496,187.000
1764842254.7488039,0,0,3122,390.250
1764842254.7527854,1,1,2703,337.875
1764842254.7567925,0,0,1538,192.250
1764842254.7608,0,0,-1106,-138.250
1764842254.7648048,0,0,1925,240.625
1764842254.7688065,0,0,3643,455.375
1764842254.7728,1,1,2969,371.125
1764842254.7768042,0,0,1610,201.250
1764842254.7808003,0,0,-1375,-171.875
1764842254.784803,0,0,1309,163.625
1764842254.7887936,0,0,3186,398.250
1764842254.7927866,1,1,2746,343.250
1764842254.796792,0,0,1587,198.375
1764842254.800806,0,0,-1444,-180.500
1764842254.8048084,0,0,1228,153.500
1764842254.8088021,0,0,3234,404.250
1764842254.8127863,1,1,2783,347.875
1764842254.816794,0,0,1617,202.125
1764842254.8208017,0,0,-1553,-194.125
1764842254.824799,0,0,1032,129.000
1764842254.828788,0,0,3204,400.500
1764842254.8327992,1,1,2805,350.625
1764842254.8367982,0,0,1655,206.875
1764842254.8407984,0,0,-1844,-230.500
1764842254.844804,0,0,26,3.250
1764842254.8488066,0,0,2357,294.625
1764842254.8527997,1,1,2410,301.250
1764842254.8568065,0,0,1618,202.250
1764842254.8608031,0,0,-1886,-235.750
1764842254.864797,0,0,-660,-82.500
1764842254.8687966,0,0,1859,232.375
1764842254.8727977,1,1,2241,280.125
1764842254.876812,0,0,1693,211.625
1764842254.8807971,0,0,-1511,-188.875
1764842254.884795,0,0,357,44.625
1764842254.888802,0,0,2786,348.250
1764842254.892806,1,1,2658,332.250
1764842254.8968036,0,0,1733,216.625
1764842254.9007983,0,0,-1564,-195.500
1764842254.9047964,0,0,-99,-12.375
1764842254.908797,0,0,2370,296.250
1764842254.9127972,1,1,2435,304.375
1764842254.9168067,0,0,1681,210.125
1764842254.9207985,0,0,-1608,-201.000
1764842254.924876,0,0,-839,-104.875
1764842254.928813,0,0,1656,207.000
1764842254.9328332,1,1,2083,260.375
1764842254.9368002,0,0,1638,204.750
1764842254.940801,0,0,-1381,-172.625
1764842254.944802,0,0,-40,-5.000
1764842254.9488006,0,0,2659,332.375
1764842254.952785,1,1,2686,335.750
1764842254.9568052,0,0,1795,224.375
1764842254.960799,0,0,-1461,-182.625
1764842254.9648,0,0,-527,-65.875
1764842254.9688017,0,0,2354,294.250
1764842254.9727955,1,1,2617,327.125
1764842254.976799,0,0,1831,228.875
1764842254.9829903,0,0,-321,-40.125
1764842254.984898,0,0,-321,-40.125
1764842254.9888022,0,0,2625,328.125
1764842254.9927893,1,1,2783,347.875
1764842254.9967844,0,0,1866,233.250
1764842255.0007906,0,0,-1250,-156.250
1764842255.0047839,0,0,-1019,-127.375
1764842255.0087893,0,0,1805,225.625
1764842255.0127838,1,1,2319,289.875
1764842255.016784,0,0,1746,218.250
1764842255.0207865,0,0,-1090,-136.250
1764842255.024783,0,0,-696,-87.000
1764842255.0287952,0,0,2268,283.500
1764842255.0327945,1,1,2623,327.875
1764842255.0367947,0,0,1827,228.375
1764842255.040806,0,0,-930,-116.250
1764842255.044784,0,0,-662,-82.750
1764842255.048786,0,0,2264,283.000
1764842255.052785,1,1,2599,324.875
1764842255.056781,0,0,1780,222.500
1764842255.0607936,0,0,-793,-99.125
1764842255.0647824,0,0,-1538,-192.250
1764842255.0687838,0,0,1317,164.625
1764842255.0727806,1,1,2205,275.625
1764842255.0767994,0,0,-782,-97.750
1764842255.0807989,0,0,-1664,-208.000
1764842255.0848024,0,0,1029,128.625
1764842255.0888064,0,0,1980,247.500
1764842255.0927985,1,1,1683,210.375
1764842255.0968015,0,0,-670,-83.750
1764842255.1007972,0,0,-1341,-167.625
1764842255.1047964,0,0,1640,205.000
1764842255.108788,0,0,2424,303.000
1764842255.1127806,1,1,1827,228.375
1764842255.1167927,0,0,-530,-66.250
1764842255.1207929,0,0,-1244,-155.500
1764842255.1302838,0,0,2642,330.250
1764842255.1328793,1,1,1905,238.125
1764842255.1368096,0,0,-382,-47.750
1764842255.14078,0,0,-1296,-162.000
1764842255.14478,0,0,1777,222.125
1764842255.1488013,0,0,2577,322.125
1764842255.1527987,1,1,1864,233.000
1764842255.1568,0,0,-362,-45.250
1764842255.1607838,0,0,-1593,-199.125
1764842255.1647794,0,0,1459,182.375
1764842255.1688018,0,0,2476,309.500
1764842255.172797,1,1,1868,233.500
1764842255.1768017,0,0,-225,-28.125
1764842255.1808088,0,0,-1678,-209.750
1764842255.1847951,0,0,1319,164.875
1764842255.1887958,0,0,2412,301.500
1764842255.1927958,1,1,1842,230.250
1764842255.196813,0,0,-132,-16.500
1764842255.200793,0,0,-1885,-235.625
1764842255.2048483,0,0,888,111.000
1764842255.208807,0,0,2140,267.500
1764842255.2128103,1,1,1749,218.625
1764842255.2168045,0,0,-3,-0.375
1764842255.2208123,0,0,-1755,-219.375
1764842255.2248037,0,0,1285,160.625
1764842255.2287915,0,0,2515,314.375
1764842255.2327943,1,1,1913,239.125
1764842255.2368064,0,0,43,5.375
1764842255.240801,0,0,-1921,-240.125
1764842255.2447972,0,0,747,93.375
1764842255.2487903,0,0,2260,282.500
1764842255.2527936,1,1,1891,236.375
1764842255.2567902,0,0,272,34.000
1764842255.2607977,0,0,-1898,-237.250
1764842255.264797,0,0,1144,143.000
1764842255.268803,0,0,2603,325.375
1764842255.2727935,1,1,2029,253.625
1764842255.2767987,0,0,390,48.750
1764842255.2807932,0,0,-2145,-268.125
1764842255.2847972,0,0,218,27.250
1764842255.2887928,0,0,1860,232.500
1764842255.2927775,1,1,1713,214.125
1764842255.2967887,0,0,439,54.875
1764842255.3008003,0,0,-2126,-265.750
1764842255.3047962,0,0,413,51.625
1764842255.3088002,0,0,2141,267.625
1764842255.3127928,1,1,1883,235.375
1764842255.3168004,0,0,609,76.125
1764842255.3207924,0,0,-1983,-247.875
1764842255.324794,0,0,966,120.750
1764842255.3288844,0,0,2681,335.125
1764842255.3328536,1,1,2138,267.250
1764842255.3367977,0,0,727,90.875
1764842255.3407776,0,0,-1964,-245.500
1764842255.344779,0,0,968,121.000
1764842255.3488019,0,0,2740,342.500
1764842255.3527958,1,1,2172,271.500
1764842255.3567939,0,0,799,99.875
1764842255.3607774,0,0,-2022,-252.750
1764842255.364778,0,0,786,98.250
1764842255.3688018,0,0,2665,333.125
1764842255.372812,1,1,2161,270.125
1764842255.3768022,0,0,865,108.125
1764842255.3807945,0,0,-2120,-265.000
1764842255.384792,0,0,324,40.500
1764842255.3888018,0,0,2366,295.750
1764842255.3927808,1,1,2061,257.625
1764842255.396795,0,0,941,117.625
1764842255.4007962,0,0,-2107,-263.375
1764842255.4048047,0,0,-440,-55.000
1764842255.4088018,0,0,1657,207.125
1764842255.412797,1,1,1724,215.500
1764842255.4167962,0,0,963,120.375
1764842255.4207933,0,0,-2029,-253.625
1764842255.4247928,0,0,60,7.500
1764842255.4288094,0,0,2187,273.375
1764842255.4327948,1,1,2006,250.750
1764842255.4368467,0,0,1098,137.250
1764842255.4408422,0,0,-1804,-225.500
1764842255.4448354,0,0,444,55.500
1764842255.4488354,0,0,2550,318.750
1764842255.4528358,1,1,2169,271.125
1764842255.4568343,0,0,1118,139.750
1764842255.4608426,0,0,-1977,-247.125
1764842255.4648402,0,0,-52,-6.500
1764842255.4688368,0,0,2339,292.375
1764842255.4728165,1,1,2189,273.625
1764842255.476845,0,0,1253,156.625
1764842255.4808373,0,0,-1693,-211.625
1764842255.484834,0,0,-33,-4.125
1764842255.4888434,0,0,2234,279.250
1764842255.4928396,1,1,2057,257.125
1764842255.4968407,0,0,1175,146.875
1764842255.500841,0,0,-1823,-227.875
1764842255.5048382,0,0,-780,-97.500
1764842255.50884,0,0,1667,208.375
1764842255.5128314,1,1,1878,234.750
1764842255.5168421,0,0,1229,153.625
1764842255.5208354,0,0,-1519,-189.875
1764842255.5248375,0,0,-889,-111.125
1764842255.5289245,0,0,1746,218.250
1764842255.532848,1,1,2035,254.375
1764842255.5369015,0,0,1372,171.500
1764842255.5407805,0,0,-1538,-192.250
1764842255.5447764,0,0,71,8.875
1764842255.5488,0,0,2819,352.375
1764842255.552792,1,1,2631,328.875
1764842255.556791,0,0,1511,188.875
1764842255.560776,0,0,-1559,-194.875
1764842255.5647795,0,0,-490,-61.250
1764842255.5687983,0,0,2401,300.125
1764842255.5728042,1,1,2509,313.625
1764842255.5767937,0,0,1575,196.875
1764842255.5807915,0,0,-1469,-183.625
1764842255.5847945,0,0,-832,-104.000
1764842255.5888104,0,0,2032,254.000
1764842255.5927913,1,1,2297,287.125
1764842255.596798,0,0,1504,188.000
1764842255.6007905,0,0,-810,-101.250
1764842255.6048048,0,0,-1610,-201.250
1764842255.6088,0,0,621,77.625
1764842255.6127932,1,1,1671,208.875
1764842255.6167896,0,0,1513,189.125
1764842255.6207938,0,0,-1111,-138.875
1764842255.6247973,0,0,-783,-97.875
1764842255.6288009,0,0,2136,267.000
1764842255.6327767,1,1,2452,306.500
1764842255.6368296,0,0,1619,202.375
1764842255.6407986,0,0,-1126,-140.750
1764842255.6448083,0,0,-1274,-159.250
1764842255.6487935,0,0,1674,209.250
1764842255.652775,1,1,2276,284.500
1764842255.656801,0,0,1627,203.375
1764842255.6607947,0,0,-984,-123.000
1764842255.6647887,0,0,-1071,-133.875
1764842255.6687953,0,0,2006,250.750
1764842255.672792,1,1,2511,313.875
1764842255.6767964,0,0,1688,211.000
1764842255.680791,0,0,-877,-109.625
1764842255.6847897,0,0,-1476,-184.500
1764842255.6887968,0,0,1500,187.500
1764842255.6927912,1,1,2278,284.750
1764842255.6967978,0,0,-743,-92.875
1764842255.700792,0,0,-1509,-188.625
1764842255.7047882,0,0,1519,189.875
1764842255.7087936,0,0,2371,296.375
1764842255.7127903,1,1,1717,214.625
1764842255.7167974,0,0,-645,-80.625
1764842255.7207906,0,0,-1598,-199.750
1764842255.7247872,0,0,1359,169.875
1764842255.7288775,0,0,2302,287.750
1764842255.7328098,1,1,1703,212.875
1764842255.736832,0,0,-485,-60.625
1764842255.7407753,0,0,-1630,-203.750
1764842255.744772,0,0,947,118.375
1764842255.7487924,0,0,2093,261.625
1764842255.7527893,1,1,1682,210.250
1764842255.7567935,0,0,-408,-51.000
1764842255.7607744,0,0,-1594,-199.250
1764842255.7647774,0,0,1566,195.750
1764842255.768792,0,0,2564,320.500
1764842255.7728026,1,1,1851,231.375
1764842255.7767975,0,0,-268,-33.500
1764842255.7807913,0,0,-1631,-203.875
1764842255.7847896,0,0,216,27.000
1764842255.7887936,0,0,1667,208.375
1764842255.7927718,1,1,1581,197.625
1764842255.7967837,0,0,-186,-23.250
1764842255.8007872,0,0,-1618,-202.250
1764842255.8048,0,0,28,3.500
1764842255.808794,0,0,1586,198.250
1764842255.8127887,1,1,1600,200.000
1764842255.8167922,0,0,-67,-8.375
1764842255.8208003,0,0,-1566,-195.750
1764842255.824787,0,0,-50,-6.250
1764842255.8287914,0,0,1635,204.375
1764842255.8327858,1,1,1702,212.750
1764842255.836801,0,0,141,17.625
1764842255.8408344,0,0,-1563,-195.375
1764842255.8448472,0,0,-192,-24.000
1764842255.8488421,0,0,1621,202.625
1764842255.8528502,1,1,1767,220.875
1764842255.8568335,0,0,397,49.625
1764842255.860812,0,0,-2067,-258.375
1764842255.8648121,0,0,354,44.250
1764842255.8688507,0,0,2088,261.000
1764842255.872834,1,1,1967,245.875
1764842255.876832,0,0,509,63.625
1764842255.8808098,0,0,-1600,-200.000
1764842255.8848271,0,0,-587,-73.375
1764842255.8888345,0,0,1411,176.375
1764842255.8928287,1,1,1774,221.750
1764842255.8968306,0,0,743,92.875
1764842255.900828,0,0,-1917,-239.625
1764842255.9048262,0,0,-460,-57.500
1764842255.9088323,0,0,1526,190.750
1764842255.9128287,1,1,1834,229.250
1764842255.9168363,0,0,865,108.125
1764842255.9208252,0,0,-1652,-206.500
1764842255.9248238,0,0,-1084,-135.500
1764842255.9289255,0,0,955,119.375
1764842255.932849,1,1,1604,200.500
1764842255.9368362,0,0,1027,128.375
1764842255.9409075,0,0,-2181,-272.625
1764842255.9447722,0,0,-184,-23.000
1764842255.9487922,0,0,1946,243.250
1764842255.9527879,1,1,2136,267.000
1764842255.9567914,0,0,1243,155.375
1764842255.96077,0,0,-1845,-230.625
1764842255.9647698,0,0,-827,-103.375
1764842255.9687874,0,0,1416,177.000
1764842255.9728,1,1,1944,243.000
1764842255.9767907,0,0,1326,165.750
1764842255.982966,0,0,-1811,-226.375
1764842255.98487,0,0,-910,-113.750
1764842255.9888167,0,0,1371,171.375
1764842255.99278,1,1,1913,239.125
1764842255.9967754,0,0,1403,175.375
1764842256.0007784,0,0,-2058,-257.250
1764842256.0047827,0,0,-623,-77.875
1764842256.0087729,0,0,1692,211.500
1764842256.0127716,1,1,2102,262.750
1764842256.0167835,0,0,1509,188.625
1764842256.0208018,0,0,-1390,-173.750
1764842256.024788,0,0,-1396,-174.500
1764842256.0287888,0,0,938,117.250
1764842256.0327847,1,1,1781,222.625
1764842256.0368006,0,0,1580,197.500
1764842256.0407884,0,0,-1310,-163.750
1764842256.0447705,0,0,-1587,-198.375
1764842256.0487936,0,0,678,84.750
1764842256.052793,1,1,1653,206.625
1764842256.0567904,0,0,1640,205.000
1764842256.0607846,0,0,-1527,-190.875
1764842256.0647695,0,0,-1259,-157.375
1764842256.0687878,0,0,1213,151.625
1764842256.0727856,1,1,2013,251.625
1764842256.0767987,0,0,1810,226.250
1764842256.0807707,0,0,-1150,-143.750
1764842256.0847697,0,0,-1628,-203.500
1764842256.0887904,0,0,759,94.875
1764842256.0927858,1,1,1815,226.875
1764842256.096788,0,0,1870,233.750
1764842256.1007817,0,0,-1520,-190.000
1764842256.1047847,0,0,-1452,-181.500
1764842256.1087918,0,0,998,124.750
1764842256.1127818,1,1,1941,242.625
1764842256.1167865,0,0,1927,240.875
1764842256.1207836,0,0,-877,-109.625
1764842256.124787,0,0,-1764,-220.500
1764842256.134254,1,1,2010,251.250
1764842256.1368315,0,0,2010,251.250
1764842256.1408298,0,0,-797,-99.625
1764842256.1447835,0,0,256,32.000
1764842256.1487846,0,0,2836,354.500
1764842256.152787,1,1,2961,370.125
1764842256.1567864,0,0,2220,277.500
1764842256.160766,0,0,-753,-94.125
1764842256.1647668,0,0,-1724,-215.500
1764842256.1687887,0,0,127,15.875
1764842256.1727817,1,1,1619,202.375
1764842256.1767888,0,0,2078,259.750
1764842256.1807928,0,0,-593,-74.125
1764842256.1847825,0,0,-1591,-198.875
1764842256.1888,0,0,-700,-87.500
1764842256.1927857,1,1,1119,139.875
1764842256.1967888,0,0,2054,256.750
1764842256.200779,0,0,-522,-65.250
1764842256.20479,0,0,-1713,-214.125
1764842256.2087963,0,0,-123,-15.375
1764842256.2127857,1,1,1592,199.000
1764842256.2167892,0,0,2286,285.750
1764842256.2207968,0,0,-285,-35.625
1764842256.2247827,0,0,-1486,-185.750
1764842256.2287915,0,0,-805,-100.625
1764842256.2327871,1,1,1234,154.250
1764842256.2369196,0,0,2336,292.000
1764842256.2408216,0,0,-305,-38.125
1764842256.244802,0,0,-1892,-236.500
1764842256.2487822,0,0,11,1.375
1764842256.2527683,1,1,1790,223.750
1764842256.2567804,0,0,2509,313.625
1764842256.2607992,0,0,0,0.000
1764842256.264783,0,0,-1211,-151.375
1764842256.2687767,0,0,-1318,-164.750
1764842256.272766,1,1,931,116.375
1764842256.2767916,0,0,2423,302.875
1764842256.2807853,0,0,179,22.375
1764842256.2847812,0,0,-1449,-181.125
1764842256.288777,0,0,-850,-106.250
1764842256.2927666,1,1,1381,172.625
1764842256.2967792,0,0,2664,333.000
1764842256.3007839,0,0,363,45.375
1764842256.3047824,0,0,-1332,-166.500
1764842256.3087878,0,0,-1013,-126.625
1764842256.3127785,1,1,1341,167.625
1764842256.3167825,0,0,618,77.250
1764842256.3207827,0,0,-848,-106.000
1764842256.3247852,0,0,-1697,-212.125
1764842256.328787,0,0,778,97.250
1764842256.3328516,1,1,2767,345.875
1764842256.3368042,0,0,1100,137.500
1764842256.340769,0,0,-1665,-208.125
1764842256.3447816,0,0,-880,-110.000
1764842256.3487694,0,0,1577,197.125
1764842256.3527634,1,1,3024,378.000
1764842256.3567657,0,0,1235,154.375
1764842256.3607676,0,0,-1579,-197.375
1764842256.3647647,0,0,-890,-111.250
1764842256.3687851,0,0,1635,204.375
1764842256.37278,1,1,3099,387.375
1764842256.3767786,0,0,1526,190.750
1764842256.380797,0,0,-1668,-208.500
1764842256.3847826,0,0,-1003,-125.375
1764842256.388788,0,0,1544,193.000
1764842256.3927813,1,1,3066,383.250
1764842256.3967965,0,0,1729,216.125
1764842256.400782,0,0,-1492,-186.500
1764842256.4047832,0,0,-1258,-157.250
1764842256.408789,0,0,1340,167.500
1764842256.412794,1,1,3019,377.375
1764842256.416784,0,0,1905,238.125
1764842256.4207785,0,0,-1157,-144.625
1764842256.4247816,0,0,-1531,-191.375
1764842256.4287875,0,0,1125,140.625
1764842256.432766,1,1,3020,377.500
1764842256.4367735,0,0,2201,275.125
1764842256.4407809,0,0,-1237,-154.625
1764842256.4449008,0,0,-1533,-191.625
1764842256.4488358,0,0,1185,148.125
1764842256.452825,1,1,3117,389.625
1764842256.4568164,0,0,2503,312.875
1764842256.4608245,0,0,-1412,-176.500
1764842256.4648228,0,0,-1467,-183.375
1764842256.4688327,0,0,1248,156.000
1764842256.4728057,1,1,3131,391.375
1764842256.4768317,0,0,2673,334.125
1764842256.4808207,0,0,-1271,-158.875
1764842256.4848194,0,0,-1647,-205.875
1764842256.488828,0,0,1050,131.250
1764842256.4928415,1,1,3089,386.125
1764842256.4968328,0,0,2869,358.625
1764842256.5008242,0,0,-1084,-135.500
1764842256.50482,0,0,-1704,-213.000
1764842256.5088139,0,0,678,84.750
1764842256.5128047,1,1,3012,376.500
1764842256.516821,0,0,3179,397.375
1764842256.520822,0,0,-1286,-160.750
1764842256.5248177,0,0,-1645,-205.625
1764842256.5288284,0,0,1135,141.875
1764842256.5329149,1,1,3229,403.625
1764842256.5368414,0,0,3357,419.625
1764842256.5408058,0,0,-1205,-150.625
1764842256.5448203,0,0,-1707,-213.375
1764842256.5487885,0,0,998,124.750
1764842256.5527813,1,1,3172,396.500
1764842256.556783,0,0,3486,435.750
1764842256.5607636,0,0,-988,-123.500
1764842256.5647588,0,0,-1661,-207.625
1764842256.5687833,0,0,204,25.500
1764842256.5727782,1,1,2838,354.750
1764842256.5767848,0,0,3689,461.125
1764842256.5807924,0,0,-1035,-129.375
1764842256.5847802,0,0,-1764,-220.500
1764842256.5887842,0,0,734,91.750
1764842256.592778,1,1,3111,388.875
1764842256.5967953,0,0,3828,478.500
1764842256.6007798,0,0,-879,-109.875
1764842256.6047792,0,0,-1721,-215.125
1764842256.6087832,0,0,534,66.750
1764842256.6127908,1,1,3041,380.125
1764842256.6167834,0,0,3957,494.625
1764842256.6207795,0,0,-788,-98.500
1764842256.6247792,0,0,-1738,-217.250
1764842256.6287966,0,0,511,63.875
1764842256.6327772,1,1,3038,379.750
1764842256.6367736,0,0,4058,507.250
1764842256.6407628,0,0,-712,-89.000
1764842256.6448069,0,0,-1735,-216.875
1764842256.6487849,0,0,465,58.125
1764842256.6527812,1,1,3019,377.375
1764842256.6567843,0,0,4124,515.500
1764842256.6607664,0,0,-531,-66.375
1764842256.664764,0,0,-1557,-194.625
1764842256.6687953,0,0,-195,-24.375
1764842256.672779,1,1,2655,331.875
1764842256.6767786,0,0,4180,522.500
1764842256.6807613,0,0,-396,-49.500
1764842256.6847737,0,0,-1554,-194.250
1764842256.6887805,0,0,-182,-22.750
1764842256.69278,1,1,2706,338.250
1764842256.6967828,0,0,4312,539.000
1764842256.7007742,0,0,-148,-18.500
1764842256.704776,0,0,-1504,-188.000
1764842256.7087846,0,0,-383,-47.875
1764842256.7127788,1,1,2590,323.750
1764842256.7167802,0,0,4373,546.625
1764842256.7207742,0,0,-1,-0.125
1764842256.724776,0,0,-1437,-179.625
1764842256.7287838,0,0,-551,-68.875
1764842256.7328484,1,1,2496,312.000
1764842256.7367933,0,0,4441,555.125
1764842256.7407644,0,0,133,16.625
1764842256.7447593,0,0,-1770,-221.250
1764842256.7487793,0,0,53,6.625
1764842256.7527778,1,1,2905,363.125
1764842256.7567813,0,0,4565,570.625
1764842256.760759,0,0,323,40.375
1764842256.7647572,0,0,-1584,-198.000
1764842256.768781,0,0,-271,-33.875
1764842256.7727785,1,1,2693,336.625
1764842256.7767837,0,0,4536,567.000
1764842256.7807903,0,0,549,68.625
1764842256.784774,0,0,-1256,-157.000
1764842256.7887683,0,0,-923,-115.375
1764842256.7927635,1,1,2224,278.000
1764842256.7967856,0,0,4467,558.375
1764842256.8007805,0,0,933,116.625
1764842256.8047743,0,0,-1634,-204.250
1764842256.8087833,0,0,-549,-68.625
1764842256.81279,1,1,2504,313.000
1764842256.8167832,0,0,4559,569.875
1764842256.8207788,0,0,1140,142.500
1764842256.8247757,0,0,-1423,-177.875
1764842256.828791,0,0,-896,-112.000
1764842256.8327763,1,1,2235,279.375
1764842256.8367808,0,0,4495,561.875
1764842256.840777,0,0,1335,166.875
1764842256.8447871,0,0,-1190,-148.750
1764842256.848893,0,0,-1162,-145.250
1764842256.852834,1,1,2027,253.375
1764842256.8568249,0,0,4472,559.000
1764842256.8608212,0,0,1703,212.875
1764842256.8648214,0,0,-1653,-206.625
1764842256.8688393,0,0,-842,-105.250
1764842256.8728175,1,1,2321,290.125
1764842256.8768256,0,0,4585,573.125
1764842256.8808203,0,0,1947,243.375
1764842256.884832,0,0,-1703,-212.875
1764842256.8888288,0,0,-881,-110.125
1764842256.8928165,1,1,2290,286.250
1764842256.8968287,0,0,4578,572.250
1764842256.9008265,0,0,2181,272.625
1764842256.9048219,0,0,-1398,-174.750
1764842256.908828,0,0,-1260,-157.500
1764842256.9127972,1,1,1938,242.250
1764842256.916814,0,0,4452,556.500
1764842256.920821,0,0,2562,320.250
1764842256.9248338,0,0,-2169,-271.125
1764842256.9288168,0,0,-908,-113.500
1764842256.9329069,1,1,4510,563.750
1764842256.936833,0,0,2712,339.000
1764842256.9408014,0,0,-1675,-209.375
1764842256.9448001,0,0,-1224,-153.000
1764842256.9489083,0,0,1945,243.125
1764842256.9527795,1,1,4412,551.500
1764842256.9567776,0,0,2955,369.375
1764842256.9607594,0,0,-1425,-178.125
1764842256.9647725,0,0,-1489,-186.125
1764842256.9687774,0,0,1649,206.125
1764842256.9727721,1,1,4283,535.375
1764842256.9767733,0,0,3223,402.875
1764842256.9829924,0,0,-2046,-255.750
1764842256.984899,0,0,-611,-76.375
1764842256.9887645,0,0,2486,310.750
1764842256.9927728,1,1,4591,573.875
1764842256.9967635,0,0,3392,424.000
1764842257.000774,0,0,-2059,-257.375
1764842257.0047607,0,0,-1165,-145.625
1764842257.0087626,0,0,1964,245.500
1764842257.012758,1,1,4325,540.625
1764842257.016769,0,0,3551,443.875
1764842257.020775,0,0,-1997,-249.625
1764842257.0247726,0,0,-1018,-127.250
1764842257.0287654,0,0,2085,260.625
1764842257.0327578,1,1,4336,542.000
1764842257.0367677,0,0,3665,458.125
1764842257.0407667,0,0,-1971,-246.375
1764842257.044788,0,0,-1201,-150.125
1764842257.0487905,0,0,1917,239.625
1764842257.0527709,1,1,4256,532.000
1764842257.0567713,0,0,3706,463.250
1764842257.0607827,0,0,-1127,-140.875
1764842257.0647705,0,0,-1673,-209.125
1764842257.0687706,0,0,518,64.750
1764842257.072771,1,1,3593,449.125
1764842257.0767858,0,0,4011,501.375
1764842257.0807765,0,0,-1657,-207.125
1764842257.0847726,0,0,-1142,-142.750
1764842257.0887794,0,0,1923,240.375
1764842257.0927873,1,1,4235,529.375
1764842257.09678,0,0,4144,518.000
1764842257.100773,0,0,-1283,-160.375
1764842257.104771,0,0,-1723,-215.375
1764842257.108788,0,0,1249,156.125
1764842257.1127708,1,1,3939,492.375
1764842257.1167777,0,0,4334,541.750
1764842257.1207726,0,0,-1276,-159.500
1764842257.1247845,0,0,-990,-123.750
1764842257.1287773,0,0,1974,246.750
1764842257.138228,0,0,4364,545.500
1764842257.1407971,0,0,-1080,-135.000
1764842257.1447785,0,0,-549,-68.625
1764842257.1488087,0,0,2413,301.625
1764842257.152756,1,1,4337,542.125
1764842257.156786,0,0,4372,546.500
1764842257.1607747,0,0,-1090,-136.250
1764842257.1647737,0,0,-1755,-219.375
1764842257.1687658,0,0,1055,131.875
1764842257.172753,1,1,3722,465.250
1764842257.176766,0,0,4479,559.875
1764842257.1807733,0,0,-1161,-145.125
1764842257.1847715,0,0,-1353,-169.125
1764842257.1887887,0,0,1699,212.375
1764842257.1927702,1,1,3982,497.750
1764842257.196775,0,0,4542,567.750
1764842257.200771,0,0,-1118,-139.750
1764842257.2047822,0,0,-1744,-218.000
1764842257.2087758,0,0,1205,150.625
1764842257.212784,1,1,3709,463.625
1764842257.2167766,0,0,4550,568.750
1764842257.2207716,0,0,-976,-122.000
1764842257.2247715,0,0,-1745,-218.125
1764842257.228789,0,0,1201,150.125
1764842257.2327719,1,1,3686,460.750
1764842257.2367759,0,0,4584,573.000
1764842257.24077,0,0,-716,-89.500
1764842257.2447813,0,0,-1855,-231.875
1764842257.2488143,0,0,672,84.000
1764842257.2527752,1,1,3373,421.625
1764842257.2567744,0,0,4563,570.375
1764842257.260777,0,0,-670,-83.750
1764842257.2647736,0,0,-1906,-238.250
1764842257.2687807,0,0,720,90.000
1764842257.2727587,1,1,3392,424.000
1764842257.2767606,0,0,4615,576.875
1764842257.28077,0,0,-473,-59.125
1764842257.2847824,0,0,-1984,-248.000
1764842257.2887676,0,0,730,91.250
1764842257.2927542,1,1,3349,418.625
1764842257.2967792,0,0,4598,574.750
1764842257.3007736,0,0,-224,-28.000
1764842257.304767,0,0,-1646,-205.750
1764842257.3087728,0,0,40,5.000
1764842257.31277,1,1,2945,368.125
1764842257.3167782,0,0,4576,572.000
1764842257.32077,0,0,-41,-5.125
1764842257.3247664,0,0,-2093,-261.625
1764842257.3287737,0,0,413,51.625
1764842257.3327746,1,1,3147,393.375
1764842257.336848,0,0,4626,578.250
1764842257.3407784,0,0,374,46.750
1764842257.3447692,0,0,-1789,-223.625
1764842257.3487647,0,0,875,109.375
1764842257.352791,1,1,3332,416.500
1764842257.3567655,0,0,4598,574.750
1764842257.36077,0,0,258,32.250
1764842257.3647683,0,0,-2105,-263.125
1764842257.3687637,0,0,454,56.750
1764842257.3727531,1,1,3170,396.250
1764842257.376773,0,0,4626,578.250
1764842257.380773,0,0,719,89.875
1764842257.3847678,0,0,-1774,-221.750
1764842257.3887844,0,0,927,115.875
1764842257.3927689,1,1,3368,421.000
1764842257.3967755,0,0,4585,573.125
1764842257.4007695,0,0,842,105.250
1764842257.4047809,0,0,-1971,-246.375
1764842257.4087768,0,0,527,65.875
1764842257.4127672,1,1,3052,381.500
1764842257.4167747,0,0,4426,553.250
1764842257.420772,0,0,1019,127.375
1764842257.4247713,0,0,-1894,-236.750
1764842257.4287724,0,0,628,78.500
1764842257.4327674,1,1,3097,387.125
1764842257.4367723,0,0,4399,549.875
1764842257.4407694,0,0,1174,146.750
1764842257.4447675,0,0,-2054,-256.750
1764842257.4487743,0,0,283,35.375
1764842257.452802,1,1,2841,355.125
1764842257.4567728,0,0,4274,534.250
1764842257.4607682,0,0,1381,172.625
1764842257.4647696,0,0,-1881,-235.125
1764842257.4687636,0,0,549,68.625
1764842257.4727492,1,1,2993,374.125
1764842257.4767654,0,0,4265,533.125
1764842257.4807775,0,0,1614,201.750
1764842257.4847715,0,0,-1613,-201.625
1764842257.488766,0,0,822,102.750
1764842257.4927652,1,1,3125,390.625
1764842257.4967623,0,0,4237,529.625
1764842257.5007691,0,0,1599,199.875
1764842257.50477,0,0,-2074,-259.250
1764842257.508765,0,0,193,24.125
1764842257.512753,1,1,2750,343.750
1764842257.5167713,0,0,4110,513.750
1764842257.520766,0,0,1846,230.750
1764842257.5247688,0,0,-1823,-227.875
1764842257.5287757,0,0,499,62.375
1764842257.5327692,1,1,2916,364.500
1764842257.5368347,0,0,4094,511.750
1764842257.5407588,0,0,2020,252.500
1764842257.54475,0,0,-1729,-216.125
1764842257.5487568,0,0,498,62.250
1764842257.5527864,1,1,2861,357.625
1764842257.5567622,0,0,4001,500.125
1764842257.5607655,0,0,-2029,-253.625
1764842257.5647666,0,0,96,12.000
1764842257.5687623,0,0,2632,329.000
1764842257.572751,1,1,3908,488.500
1764842257.576771,0,0,2240,280.000
1764842257.5807693,0,0,-1819,-227.375
1764842257.584766,0,0,273,34.125
1764842257.5887842,0,0,2704,338.000
1764842257.592767,1,1,3869,483.625
1764842257.596773,0,0,2362,295.250
1764842257.6007652,0,0,-1786,-223.250
1764842257.604767,0,0,234,29.250
1764842257.6087737,0,0,2659,332.375
1764842257.6127658,1,1,3801,475.125
1764842257.6167686,0,0,2391,298.875
1764842257.6207693,0,0,-2142,-267.750
1764842257.6247697,0,0,-546,-68.250
1764842257.6287735,0,0,2084,260.500
1764842257.6327517,1,1,3559,444.875
1764842257.6367617,0,0,2581,322.625
1764842257.6407673,0,0,-1813,-226.625
1764842257.644765,0,0,14,1.750
1764842257.6487627,0,0,2511,313.875
1764842257.65275,1,1,3682,460.250
1764842257.6567962,0,0,2651,331.375
1764842257.6607656,0,0,-1808,-226.000
1764842257.6647594,0,0,95,11.875
1764842257.6687636,0,0,2634,329.250
1764842257.672763,1,1,3718,464.750
1764842257.6767714,0,0,2784,348.000
1764842257.6807656,0,0,-1611,-201.375
1764842257.6847653,0,0,270,33.750
1764842257.688769,0,0,2739,342.375
1764842257.6927636,1,1,3699,462.375
1764842257.6967714,0,0,2826,353.250
1764842257.7007654,0,0,-1820,-227.500
1764842257.704766,0,0,-253,-31.625
1764842257.7087693,0,0,2336,292.000
1764842257.7127633,1,1,3504,438.000
1764842257.7167668,0,0,2896,362.000
1764842257.7207665,0,0,-1847,-230.875
1764842257.7247634,0,0,-597,-74.625
1764842257.728771,0,0,2026,253.250
1764842257.7327645,1,1,3328,416.000
1764842257.736841,0,0,2967,370.875
1764842257.7407799,0,0,-1683,-210.375
1764842257.7447665,0,0,-702,-87.750
1764842257.7487621,0,0,1825,228.125
1764842257.7527452,1,1,3152,394.000
1764842257.756757,0,0,2953,369.125
1764842257.760766,0,0,-1720,-215.000
1764842257.764766,0,0,-751,-93.875
1764842257.7687607,0,0,1889,236.125
1764842257.772746,1,1,3220,402.500
1764842257.776757,0,0,3023,377.875
1764842257.7807646,0,0,-1160,-145.000
1764842257.7847657,0,0,-1714,-214.250
1764842257.78876,0,0,852,106.500
1764842257.7927487,1,1,2825,353.125
1764842257.7967525,0,0,3216,402.000
1764842257.8007617,0,0,-1382,-172.750
1764842257.8047638,0,0,-745,-93.125
1764842257.8087697,0,0,1899,237.375
1764842257.812761,1,1,3221,402.625
1764842257.8167655,0,0,3223,402.875
1764842257.8207607,0,0,-1445,-180.625
1764842257.8247592,0,0,-882,-110.250
1764842257.828767,0,0,1886,235.750
1764842257.8327606,1,1,3244,405.500
1764842257.8367689,0,0,3286,410.750
1764842257.8407624,0,0,-1355,-169.375
1764842257.8447573,0,0,-1047,-130.875
1764842257.8487694,0,0,1724,215.500
1764842257.8527625,1,1,3146,393.250
1764842257.8568442,0,0,3304,413.000
1764842257.8608086,0,0,-1172,-146.500
1764842257.8648024,0,0,-1000,-125.000
1764842257.8688097,0,0,1750,218.750
1764842257.8728082,1,1,3125,390.625
1764842257.8768125,0,0,3301,412.625
1764842257.8807871,0,0,-1115,-139.375
1764842257.884788,0,0,-1280,-160.000
1764842257.8888063,0,0,1467,183.375
1764842257.892807,1,1,2974,371.750
1764842257.8968074,0,0,3286,410.750
1764842257.900789,0,0,-1055,-131.875
1764842257.904785,0,0,-1497,-187.125
1764842257.9088016,0,0,1255,156.875
1764842257.912804,1,1,2870,358.750
1764842257.9168093,0,0,3295,411.875
1764842257.9208026,0,0,-844,-105.500
1764842257.9247997,0,0,-1885,-235.625
1764842257.928807,0,0,509,63.625
1764842257.9328008,1,1,2453,306.625
1764842257.9368823,0,0,3238,404.750
1764842257.940818,0,0,-731,-91.375
1764842257.944808,0,0,-1684,-210.500
1764842257.9487987,0,0,1023,127.875
1764842257.9527843,1,1,2756,344.500
1764842257.9567978,0,0,3321,415.125
1764842257.9609,0,0,-498,-62.250
1764842257.964764,0,0,-1790,-223.750
1764842257.9687574,0,0,555,69.375
1764842257.9727447,1,1,2567,320.875
1764842257.9767578,0,0,3357,419.625
1764842257.982951,0,0,-1755,-219.375
1764842257.984857,0,0,-1755,-219.375
1764842257.9887562,0,0,366,45.750
1764842257.992756,1,1,2485,310.625
1764842257.9967458,0,0,3390,423.750
1764842258.000751,0,0,-201,-25.125
1764842258.0047486,0,0,-1816,-227.000
1764842258.0087497,0,0,443,55.375
1764842258.0127478,1,1,2556,319.500
1764842258.0167482,0,0,3429,428.625
1764842258.020746,0,0,-82,-10.250
1764842258.024746,0,0,-1984,-248.000
1764842258.028765,0,0,491,61.375
1764842258.0327582,1,1,2588,323.500
1764842258.036759,0,0,3440,430.000
1764842258.0408723,0,0,138,17.250
1764842258.0447512,0,0,-2012,-251.500
1764842258.0487661,0,0,566,70.750
1764842258.0527587,1,1,2619,327.375
1764842258.0567641,0,0,3424,428.000
1764842258.0607965,0,0,297,37.125
1764842258.064759,0,0,-1999,-249.875
1764842258.0687647,0,0,623,77.875
1764842258.0727584,1,1,2676,334.500
1764842258.0767646,0,0,3434,429.250
1764842258.0807562,0,0,533,66.625
1764842258.0847588,0,0,-2023,-252.875
1764842258.0887654,0,0,512,64.000
1764842258.0927634,1,1,2575,321.875
1764842258.096759,0,0,3364,420.500
1764842258.1007564,0,0,607,75.875
1764842258.1047559,0,0,-2063,-257.875
1764842258.1087663,0,0,4,0.500
1764842258.1127589,1,1,2292,286.500
1764842258.1167629,0,0,3305,413.125
1764842258.1207547,0,0,889,111.125
1764842258.1247563,0,0,-2134,-266.750
1764842258.128765,0,0,219,27.375
1764842258.1327586,1,1,2404,300.500
1764842258.1421697,0,0,-1571,-196.375
1764842258.1447754,0,0,-1571,-196.375
1764842258.1487615,0,0,1269,158.625
1764842258.1527452,1,1,3138,392.250
1764842258.1567578,0,0,3508,438.500
1764842258.160793,0,0,1119,139.875
1764842258.164757,0,0,-2147,-268.375
1764842258.1687531,0,0,265,33.125
1764842258.172744,1,1,2498,312.250
1764842258.1767702,0,0,3295,411.875
1764842258.1807613,0,0,-2063,-257.875
1764842258.1847537,0,0,388,48.500
1764842258.1887603,0,0,2577,322.125
1764842258.1927567,1,1,3286,410.750
1764842258.196763,0,0,1382,172.750
1764842258.2007568,0,0,-2199,-274.875
1764842258.2047539,0,0,-276,-34.500
1764842258.2088392,0,0,2134,266.750
1764842258.2127602,1,1,3140,392.500
1764842258.216765,0,0,1615,201.875
1764842258.2207587,0,0,-2155,-269.375
1764842258.2247567,0,0,125,15.625
1764842258.2287629,0,0,2462,307.750
1764842258.2327552,1,1,3254,406.750
1764842258.2367654,0,0,1787,223.375
1764842258.2407594,0,0,-2133,-266.625
1764842258.2447593,0,0,5,0.625
1764842258.2487638,0,0,2340,292.500
1764842258.252758,1,1,3165,395.625
1764842258.256756,0,0,1916,239.500
1764842258.2607899,0,0,-2011,-251.375
1764842258.2647593,0,0,201,25.125
1764842258.2687633,0,0,2511,313.875
1764842258.272757,1,1,3210,401.250
1764842258.27676,0,0,1984,248.000
1764842258.2807572,0,0,-2156,-269.500
1764842258.2847602,0,0,-166,-20.750
1764842258.2887657,0,0,2280,285.000
1764842258.2927551,1,1,3127,390.875
1764842258.2967556,0,0,2094,261.750
1764842258.300759,0,0,-2163,-270.375
1764842258.3047588,0,0,-309,-38.625
1764842258.3087544,0,0,2206,275.750
1764842258.3127394,1,1,3097,387.125
1764842258.3167508,0,0,2239,279.875
1764842258.3207572,0,0,-2048,-256.000
1764842258.3247595,0,0,-214,-26.750
1764842258.3287644,0,0,2267,283.375
1764842258.3327556,1,1,3086,385.750
1764842258.336759,0,0,2308,288.500
1764842258.3408234,0,0,-2042,-255.250
1764842258.344768,0,0,-327,-40.875
1764842258.3487577,0,0,2215,276.875
1764842258.3527427,1,1,3061,382.625
1764842258.3567479,0,0,2383,297.875
1764842258.3607552,0,0,-2025,-253.125
1764842258.3647916,0,0,-951,-118.875
1764842258.3687558,0,0,1672,209.000
1764842258.3727431,1,1,2826,353.250
1764842258.376759,0,0,2490,311.250
1764842258.3807545,0,0,-1888,-236.000
1764842258.3847518,0,0,-511,-63.875
1764842258.3887565,0,0,2077,259.625
1764842258.3927531,1,1,2988,373.500
1764842258.3967597,0,0,2552,319.000
1764842258.4007561,0,0,-1865,-233.125
1764842258.4047787,0,0,-556,-69.500
1764842258.4087546,0,0,2115,264.375
1764842258.4127412,1,1,3018,377.250
1764842258.4167514,0,0,2636,329.500
1764842258.4207556,0,0,-1681,-210.125
1764842258.4247525,0,0,-384,-48.000
1764842258.4287472,0,0,2251,281.375
1764842258.4327416,1,1,3046,380.750
1764842258.4367528,0,0,2651,331.375
1764842258.4407544,0,0,-1645,-205.625
1764842258.444748,0,0,-462,-57.750
1764842258.4487565,0,0,2248,281.000
1764842258.4527566,1,1,3058,382.250
1764842258.4567585,0,0,2699,337.375
1764842258.4607513,0,0,-1646,-205.750
1764842258.4647853,0,0,-903,-112.875
1764842258.4687572,0,0,1876,234.500
1764842258.4727516,1,1,2899,362.375
1764842258.4767566,0,0,2734,341.750
1764842258.480751,0,0,-1476,-184.500
1764842258.48475,0,0,-754,-94.250
1764842258.4887624,0,0,2051,256.375
1764842258.4927723,1,1,2980,372.500
1764842258.496762,0,0,2755,344.375
1764842258.5007539,0,0,-807,-100.875
1764842258.504754,0,0,-1686,-210.750
1764842258.5087478,0,0,430,53.750
1764842258.5127382,1,1,2237,279.625
1764842258.5167544,0,0,2804,350.500
1764842258.520759,0,0,-914,-114.250
1764842258.5247574,0,0,-476,-59.500
1764842258.528759,0,0,2257,282.125
1764842258.5327494,1,1,3094,386.750
1764842258.5367515,0,0,2879,359.875
1764842258.54082,0,0,-1024,-128.000
1764842258.5447602,0,0,-891,-111.375
1764842258.548743,0,0,1931,241.375
1764842258.5527358,1,1,2946,368.250
1764842258.5567465,0,0,2857,357.125
1764842258.5607572,0,0,-944,-118.000
1764842258.5647879,0,0,-944,-118.000
1764842258.568755,0,0,1956,244.500
1764842258.5727377,1,1,2986,373.250
1764842258.5767577,0,0,2876,359.500
1764842258.58076,0,0,-824,-103.000
1764842258.5847561,0,0,-1036,-129.500
1764842258.5887492,0,0,1870,233.750
1764842258.5927348,1,1,2940,367.500
1764842258.5967467,0,0,2850,356.250
1764842258.600755,0,0,-682,-85.250
1764842258.6047547,0,0,-964,-120.500
1764842258.608762,0,0,2022,252.750
1764842258.6127567,1,1,3044,380.500
1764842258.6167567,0,0,2867,358.375
1764842258.6207514,0,0,-465,-58.125
1764842258.6247532,0,0,-668,-83.500
1764842258.6287599,0,0,2397,299.625
1764842258.6327543,1,1,3266,408.250
1764842258.6367517,0,0,2893,361.625
1764842258.6407502,0,0,-427,-53.375
1764842258.6447532,0,0,-966,-120.750
1764842258.6487596,0,0,2103,262.875
1764842258.652755,1,1,3116,389.500
1764842258.6567593,0,0,2838,354.750
1764842258.6607544,0,0,-325,-40.625
1764842258.664753,0,0,-1111,-138.875
1764842258.6687574,0,0,1941,242.625
1764842258.6727552,1,1,3017,377.125
1764842258.6767523,0,0,2775,346.875
1764842258.6807346,0,0,-272,-34.000
1764842258.6847339,0,0,-1472,-184.000
1764842258.6887598,0,0,1477,184.625
1764842258.6927705,1,1,2757,344.625
1764842258.6967587,0,0,2694,336.750
1764842258.700736,0,0,-231,-28.875
1764842258.7047338,0,0,-1857,-232.125
1764842258.7087502,0,0,862,107.750
1764842258.7127533,1,1,2445,305.625
1764842258.7167568,0,0,2636,329.500
1764842258.7207394,0,0,-5,-0.625
1764842258.7247355,0,0,-1791,-223.875
1764842258.728753,0,0,1047,130.875
1764842258.7327535,1,1,2564,320.500
1764842258.736758,0,0,2654,331.750
1764842258.7408261,0,0,102,12.750
1764842258.744763,0,0,-1874,-234.250
1764842258.7487483,0,0,951,118.875
1764842258.7527337,1,1,2559,319.875
1764842258.756749,0,0,2666,333.250
1764842258.7607524,0,0,271,33.875
1764842258.7647521,0,0,-1846,-230.750
1764842258.7687469,0,0,1053,131.625
1764842258.7727344,1,1,2666,333.250
1764842258.7767565,0,0,2701,337.625
1764842258.7807565,0,0,375,46.875
1764842258.7847514,0,0,-2043,-255.375
1764842258.7887452,0,0,545,68.125
1764842258.7927327,1,1,2338,292.250
1764842258.796745,0,0,2580,322.500
1764842258.8007493,0,0,615,76.875
1764842258.8047473,0,0,708,88.500
1764842258.8087544,0,0,2406,300.750
1764842258.8127513,1,1,2552,319.000
1764842258.816752,0,0,676,84.500
1764842258.8207388,0,0,-2061,-257.625
1764842258.8247366,0,0,521,65.125
1764842258.828752,0,0,2342,292.750
1764842258.8327496,1,1,2550,318.750
1764842258.8367496,0,0,844,105.500
1764842258.8407338,0,0,-1848,-231.000
1764842258.8447344,0,0,1064,133.000
1764842258.8487487,0,0,2805,350.625
1764842258.8527484,1,1,2733,341.625
1764842258.8567493,0,0,949,118.625
1764842258.8607445,0,0,-2060,-257.500
1764842258.8647466,0,0,560,70.000
1764842258.8687558,0,0,2451,306.375
1764842258.8727448,1,1,2580,322.500
1764842258.8767495,0,0,1054,131.750
1764842258.880744,0,0,-2095,-261.875
1764842258.8847444,0,0,498,62.250
1764842258.8887525,0,0,2473,309.125
1764842258.8927453,1,1,2604,325.500
1764842258.8967493,0,0,1216,152.000
1764842258.9007454,0,0,-2013,-251.625
1764842258.9047468,0,0,510,63.750
1764842258.9087517,0,0,2447,305.875
1764842258.912746,1,1,2552,319.000
1764842258.9167519,0,0,1269,158.625
1764842258.9207447,0,0,-2099,-262.375
1764842258.9247403,0,0,315,39.375
1764842258.9287539,0,0,2373,296.625
1764842258.9327488,1,1,2542,317.750
1764842258.9367454,0,0,1362,170.250
1764842258.9408126,0,0,-2158,-269.750
1764842258.9447548,0,0,88,11.000
1764842258.94875,0,0,2247,280.875
1764842258.9527342,1,1,2501,312.625
1764842258.956742,0,0,1501,187.625
1764842258.96075,0,0,-1851,-231.375
1764842258.9647477,0,0,827,103.375
1764842258.9687445,0,0,2910,363.750
1764842258.9727328,1,1,2790,348.750
1764842258.9767468,0,0,1568,196.000
1764842258.9829648,0,0,-2106,-263.250
1764842258.984865,0,0,128,16.000
1764842258.9887407,0,0,2428,303.500
1764842258.9927454,1,1,2612,326.500
1764842258.996739,0,0,1649,206.125
1764842259.0007422,0,0,-2120,-265.000
1764842259.0047307,0,0,-257,-32.125
1764842259.0087345,0,0,2135,266.875
1764842259.0127356,1,1,2495,311.875
1764842259.016743,0,0,1728,216.000
1764842259.0207474,0,0,-2041,-255.125
1764842259.0247476,0,0,-224,-28.000
1764842259.0287514,0,0,2190,273.750
1764842259.0327432,1,1,2519,314.875
1764842259.036749,0,0,1779,222.375
1764842259.0407555,0,0,-1885,-235.625
1764842259.044735,0,0,-846,-105.750
1764842259.0487332,0,0,1629,203.625
1764842259.0527294,1,1,2266,283.250
1764842259.0567331,0,0,1832,229.000
1764842259.0607338,0,0,-1918,-239.750
1764842259.0647314,0,0,-713,-89.125
1764842259.06875,0,0,1709,213.625
1764842259.0727305,1,1,2270,283.750
1764842259.0767372,0,0,1839,229.875
1764842259.0807524,0,0,-1769,-221.125
1764842259.084747,0,0,-816,-102.000
1764842259.0887556,0,0,1838,229.750
1764842259.0927463,1,1,2455,306.875
1764842259.0967493,0,0,2013,251.625
1764842259.1007476,0,0,-1663,-207.875
1764842259.1047468,0,0,-282,-35.250
1764842259.108753,0,0,2340,292.500
1764842259.1127474,1,1,2681,335.125
1764842259.1167557,0,0,2055,256.875
1764842259.120733,0,0,-1653,-206.625
1764842259.124732,0,0,-592,-74.000
1764842259.128749,0,0,2101,262.625
1764842259.1327472,1,1,2578,322.250
1764842259.1367412,0,0,2061,257.625
1764842259.1461108,0,0,-531,-66.375
1764842259.148754,0,0,2194,274.250
1764842259.1527338,1,1,2633,329.125
1764842259.1567404,0,0,2083,260.375
1764842259.1607456,0,0,-1466,-183.250
1764842259.1647475,0,0,-828,-103.500
1764842259.16878,0,0,1931,241.375
1764842259.1727345,1,1,2518,314.750
1764842259.1767387,0,0,2079,259.875
1764842259.1807466,0,0,-1322,-165.250
1764842259.1847436,0,0,-796,-99.500
1764842259.188739,0,0,1970,246.250
1764842259.192729,1,1,2532,316.500
1764842259.196736,0,0,2074,259.250
1764842259.2007425,0,0,-1243,-155.375
1764842259.204742,0,0,-714,-89.250
1764842259.208827,0,0,2188,273.500
1764842259.2127485,1,1,2706,338.250
1764842259.216753,0,0,2148,268.500
1764842259.220748,0,0,-677,-84.625
1764842259.2247658,0,0,-1646,-205.750
1764842259.2287428,0,0,550,68.750
1764842259.2327292,1,1,1912,239.000
1764842259.2367415,0,0,2096,262.000
1764842259.2407463,0,0,-804,-100.500
1764842259.2447453,0,0,-676,-84.500
1764842259.2487435,0,0,2215,276.875
1764842259.25273,1,1,2772,346.500
1764842259.2567596,0,0,2216,277.000
1764842259.2607474,0,0,-813,-101.625
1764842259.264743,0,0,-642,-80.250
1764842259.2687483,0,0,2483,310.375
1764842259.2727818,1,1,3029,378.625
1764842259.276751,0,0,2311,288.875
1764842259.2807426,0,0,-711,-88.875
1764842259.2847445,0,0,-897,-112.125
1764842259.2887363,0,0,2183,272.875
1764842259.2927275,1,1,2859,357.375
1764842259.29674,0,0,2243,280.375
1764842259.3007464,0,0,-594,-74.250
1764842259.3047414,0,0,-1026,-128.250
1764842259.3087447,0,0,2003,250.375
1764842259.3127408,1,1,2743,342.875
1764842259.316752,0,0,2175,271.875
1764842259.3207421,0,0,-458,-57.250
1764842259.3247435,0,0,-717,-89.625
1764842259.328747,0,0,2515,314.375
1764842259.3327425,1,1,3109,388.625
1764842259.3367498,0,0,2274,284.250
1764842259.3407438,0,0,-407,-50.875
1764842259.3448129,0,0,-915,-114.375
1764842259.3487568,0,0,2327,290.875
1764842259.352727,1,1,3029,378.625
1764842259.3567424,0,0,2237,279.625
1764842259.3607454,0,0,-319,-39.875
1764842259.3647447,0,0,-995,-124.375
1764842259.3687408,0,0,2295,286.875
1764842259.3727605,1,1,3043,380.375
1764842259.3767536,0,0,2223,277.875
1764842259.380744,0,0,-179,-22.375
1764842259.384741,0,0,-923,-115.375
1764842259.3887503,0,0,2415,301.875
1764842259.3927393,1,1,3140,392.500
1764842259.3967435,0,0,2225,278.125
1764842259.4007418,0,0,-203,-25.375
1764842259.4047427,0,0,-1470,-183.750
1764842259.40875,0,0,1722,215.250
1764842259.4127429,1,1,2756,344.500
1764842259.416748,0,0,2110,263.750
1764842259.4207253,0,0,-29,-3.625
1764842259.4247265,0,0,-1137,-142.125
1764842259.4287467,0,0,3152,394.000
1764842259.432743,1,1,2225,278.125
1764842259.436741,0,0,27,3.375
1764842259.440724,0,0,-1477,-184.625
1764842259.444729,0,0,1758,219.750
1764842259.448746,0,0,2840,355.000
1764842259.4527392,1,1,2110,263.750
1764842259.456743,0,0,80,10.000
1764842259.4607399,0,0,-1742,-217.750
1764842259.464736,0,0,1374,171.750
1764842259.4687421,0,0,2655,331.875
1764842259.4727714,1,1,2064,258.000
1764842259.4767482,0,0,245,30.625
1764842259.4807372,0,0,-1470,-183.750
1764842259.4847355,0,0,1874,234.250
1764842259.4887419,0,0,3040,380.000
1764842259.492932,1,1,2188,273.500
1764842259.496751,0,0,314,39.250
1764842259.5007381,0,0,-1467,-183.375
1764842259.504739,0,0,1964,245.500
1764842259.5087488,0,0,3167,395.875
1764842259.5127428,1,1,2235,279.375
1764842259.5167506,0,0,349,43.625
1764842259.5207398,0,0,-1856,-232.000
1764842259.524737,0,0,1356,169.500
1764842259.5287442,0,0,2849,356.125
1764842259.5327268,1,1,2161,270.125
1764842259.5367284,0,0,455,56.875
1764842259.540725,0,0,-1944,-243.000
1764842259.5448074,0,0,1151,143.875
1764842259.5487442,0,0,2748,343.500
1764842259.552726,1,1,2125,265.625
1764842259.5567396,0,0,535,66.875
1764842259.5607426,0,0,-1990,-248.750
1764842259.5647402,0,0,1049,131.125
1764842259.5687397,0,0,2732,341.500
1764842259.5727232,1,1,2131,266.375
1764842259.57679,0,0,623,77.875
1764842259.5807455,0,0,-1986,-248.250
1764842259.5847423,0,0,1083,135.375
1764842259.5887468,0,0,2833,354.125
1764842259.5927398,1,1,2196,274.500
1764842259.5967448,0,0,703,87.875
1764842259.6007612,0,0,-2099,-262.375
1764842259.6047645,0,0,686,85.750
1764842259.608742,0,0,2612,326.500
1764842259.6127248,1,1,2143,267.875
1764842259.6167338,0,0,833,104.125
1764842259.620742,0,0,-1951,-243.875
1764842259.624741,0,0,1012,126.500
1764842259.628733,0,0,2898,362.250
1764842259.6327226,1,1,2259,282.375
1764842259.6367576,0,0,877,109.625
1764842259.640743,0,0,-2057,-257.125
1764842259.6447425,0,0,701,87.625
1764842259.648749,0,0,2760,345.000
1764842259.652738,1,1,2248,281.000
1764842259.6567388,0,0,963,120.375
1764842259.660744,0,0,-1931,-241.375
1764842259.6647396,0,0,955,119.375
1764842259.668744,0,0,3040,380.000
1764842259.672736,1,1,2388,298.500
1764842259.6767774,0,0,1017,127.125
1764842259.6807384,0,0,-2044,-255.500
1764842259.684739,0,0,258,32.250
1764842259.6887445,0,0,2402,300.250
1764842259.6927416,1,1,2066,258.250
1764842259.6967342,0,0,987,123.375
1764842259.70072,0,0,-2041,-255.125
1764842259.7047222,0,0,-184,-23.000
1764842259.708744,0,0,2100,262.500
1764842259.7127388,1,1,1976,247.000
1764842259.7167397,0,0,1044,130.500
1764842259.7207353,0,0,-1982,-247.750
1764842259.7247393,0,0,-150,-18.750
1764842259.7287467,0,0,2264,283.000
1764842259.7327383,1,1,2127,265.875
1764842259.7367423,0,0,1150,143.750
1764842259.7407374,0,0,-1933,-241.625
1764842259.7448053,0,0,-325,-40.625
1764842259.7487495,0,0,2109,263.625
1764842259.7527235,1,1,2056,257.000
1764842259.7567346,0,0,1173,146.625
1764842259.7607386,0,0,-1851,-231.375
1764842259.7647347,0,0,-438,-54.750
1764842259.7687383,0,0,2105,263.125
1764842259.772723,1,1,2113,264.125
1764842259.7767851,0,0,1239,154.875
1764842259.7807422,0,0,-1417,-177.125
1764842259.7847393,0,0,-961,-120.125
1764842259.7887325,0,0,1634,204.250
1764842259.7927237,1,1,1930,241.250
1764842259.7967317,0,0,1276,159.500
1764842259.8007348,0,0,-1676,-209.500
1764842259.8047366,0,0,-311,-38.875
1764842259.8087444,0,0,2407,300.875
1764842259.8127358,1,1,2369,296.125
1764842259.8167412,0,0,1392,174.000
1764842259.8207371,0,0,-1597,-199.625
1764842259.8247335,0,0,-553,-69.125
1764842259.8287628,0,0,2138,267.250
1764842259.8327441,1,1,2217,277.125
1764842259.836742,0,0,1350,168.750
1764842259.840722,0,0,-1538,-192.250
1764842259.8447216,0,0,-679,-84.875
1764842259.848739,0,0,2159,269.875
1764842259.8527353,1,1,2313,289.125
1764842259.856738,0,0,1421,177.625
1764842259.860721,0,0,-1417,-177.125
1764842259.8647203,0,0,-209,-26.125
1764842259.868735,0,0,2846,355.750
1764842259.8727307,1,1,2771,346.375
1764842259.8767412,0,0,1557,194.625
1764842259.8807487,0,0,-1343,-167.875
1764842259.8847337,0,0,-575,-71.875
1764842259.8887377,0,0,2397,299.625
1764842259.8927326,1,1,2504,313.000
1764842259.8967385,0,0,1469,183.625
1764842259.9007323,0,0,-1255,-156.875
1764842259.9047344,0,0,-717,-89.625
1764842259.9087393,0,0,2274,284.250
1764842259.9127307,1,1,2454,306.750
1764842259.9167352,0,0,1447,180.875
1764842259.920732,0,0,-1170,-146.250
1764842259.924734,0,0,-734,-91.750
1764842259.928739,0,0,2364,295.500
1764842259.93273,1,1,2568,321.000
1764842259.936736,0,0,1495,186.875
1764842259.9407365,0,0,-1086,-135.750
1764842259.9448001,0,0,-1408,-176.000
1764842259.9487512,0,0,1402,175.250
1764842259.9527192,1,1,1975,246.875
1764842259.9567332,0,0,1331,166.375
1764842259.9607353,0,0,-806,-100.750
1764842259.9647355,0,0,-1568,-196.000
1764842259.9687324,0,0,1111,138.875
1764842259.9727235,1,1,1925,240.625
1764842259.9767485,0,0,1385,173.125
1764842259.981193,0,0,-794,-99.250
1764842259.9849858,0,0,-1205,-150.625
1764842259.988758,0,0,1771,221.375
1764842259.9927397,1,1,2303,287.875
1764842259.9967215,0,0,1457,182.125
1764842260.000724,0,0,-653,-81.625
1764842260.0047185,0,0,-647,-80.875
1764842260.0087228,0,0,2674,334.250
1764842260.012721,1,1,2946,368.250
1764842260.016728,0,0,1663,207.875
1764842260.020736,0,0,-609,-76.125
1764842260.024737,0,0,-1003,-125.375
1764842260.028743,0,0,2168,271.000
1764842260.0327373,1,1,2620,327.500
1764842260.0367384,0,0,1527,190.875
1764842260.0407174,0,0,-543,-67.875
1764842260.0447326,0,0,-802,-100.250
1764842260.0488195,0,0,3020,377.500
1764842260.0527894,1,1,1672,209.000
1764842260.0567434,0,0,-470,-58.750
1764842260.0607185,0,0,-895,-111.875
1764842260.0647159,0,0,2607,325.875
1764842260.0687363,0,0,3060,382.500
1764842260.0727372,1,1,1683,210.375
1764842260.076741,0,0,-378,-47.250
1764842260.080759,0,0,-801,-100.125
1764842260.0847175,0,0,2942,367.750
1764842260.088743,0,0,3404,425.500
1764842260.0927355,1,1,1830,228.750
1764842260.0967324,0,0,-364,-45.500
1764842260.1007345,0,0,-1465,-183.125
1764842260.1047328,0,0,1841,230.125
1764842260.1087277,0,0,2643,330.375
1764842260.1127193,1,1,1530,191.250
1764842260.11679,0,0,-301,-37.625
1764842260.1207457,0,0,-1365,-170.625
1764842260.124736,0,0,2130,266.250
1764842260.128743,0,0,2933,366.625
1764842260.1327395,1,1,1654,206.750
1764842260.1367395,0,0,-248,-31.000
1764842260.1407309,0,0,-1707,-213.375
1764842260.150572,0,0,2587,323.375
1764842260.1528697,1,1,1549,193.625
1764842260.1567554,0,0,-126,-15.750
1764842260.1607223,0,0,-1605,-200.625
1764842260.1647217,0,0,1766,220.750
1764842260.1687376,0,0,2798,349.750
1764842260.172738,1,1,1630,203.750
1764842260.1767495,0,0,-80,-10.000
1764842260.1807637,0,0,-1676,-209.500
1764842260.184719,0,0,1814,226.750
1764842260.188739,0,0,2972,371.500
1764842260.1927376,1,1,1748,218.500
1764842260.1967373,0,0,-5,-0.625
1764842260.2007213,0,0,-2082,-260.250
1764842260.2047217,0,0,495,61.875
1764842260.2087238,0,0,1935,241.875
1764842260.212719,1,1,1311,163.875
1764842260.2167327,0,0,49,6.125
1764842260.2207344,0,0,-1777,-222.125
1764842260.2247293,0,0,1655,206.875
1764842260.2287352,0,0,3024,378.000
1764842260.232733,1,1,1835,229.375
1764842260.236739,0,0,156,19.500
1764842260.2407315,0,0,-1945,-243.125
1764842260.2447252,0,0,1319,164.875
1764842260.2487335,0,0,2866,358.250
1764842260.2527328,1,1,1807,225.875
1764842260.2567372,0,0,262,32.750
1764842260.2607303,0,0,-1898,-237.250
1764842260.2647302,0,0,1236,154.500
1764842260.2687376,0,0,2792,349.000
1764842260.2727308,1,1,1758,219.750
1764842260.2767367,0,0,291,36.375
1764842260.2807434,0,0,-1850,-231.250
1764842260.2847307,0,0,1250,156.250
1764842260.2887232,0,0,2842,355.250
1764842260.292719,1,1,1779,222.375
1764842260.2967224,0,0,311,38.875
1764842260.300731,0,0,-1894,-236.750
1764842260.304728,0,0,1198,149.750
1764842260.3087354,0,0,2937,367.125
1764842260.3127308,1,1,1874,234.250
1764842260.316733,0,0,376,47.000
1764842260.3207257,0,0,-1901,-237.625
1764842260.3247309,0,0,1095,136.875
1764842260.3287349,0,0,2928,366.000
1764842260.3327284,1,1,1896,237.000
1764842260.3367321,0,0,414,51.750
1764842260.340729,0,0,-1931,-241.375
1764842260.3447278,0,0,972,121.500
1764842260.3489473,0,0,2945,368.125
1764842260.352748,1,1,1950,243.750
1764842260.3567352,0,0,461,57.625
1764842260.3607168,0,0,-1915,-239.375
1764842260.3647172,0,0,833,104.125
1764842260.3687325,0,0,2883,360.375
1764842260.372735,1,1,1940,242.500
1764842260.3767319,0,0,477,59.625
1764842260.3807154,0,0,-1918,-239.750
1764842260.3847554,0,0,633,79.125
1764842260.3887393,0,0,2772,346.500
1764842260.3927348,1,1,1912,239.000
1764842260.3967354,0,0,489,61.125
1764842260.400727,0,0,-1964,-245.500
1764842260.404729,0,0,122,15.250
1764842260.4087346,0,0,2327,290.875
1764842260.412734,1,1,1703,212.875
1764842260.4167373,0,0,472,59.000
1764842260.4207265,0,0,-1932,-241.500
1764842260.4247272,0,0,-279,-34.875
1764842260.4287355,0,0,1965,245.625
1764842260.432732,1,1,1544,193.000
1764842260.4367347,0,0,469,58.625
1764842260.4407284,0,0,-1880,-235.000
1764842260.44496,0,0,-37,-4.625
1764842260.448726,0,0,2445,305.625
1764842260.4527233,1,1,1913,239.125
1764842260.456729,0,0,618,77.250
1764842260.460726,0,0,-1638,-204.750
1764842260.4647257,0,0,-291,-36.375
1764842260.4687245,0,0,2455,306.875
1764842260.472719,1,1,2075,259.375
1764842260.4767272,0,0,764,95.500
1764842260.4807284,0,0,-1727,-215.875
1764842260.4847636,0,0,-131,-16.375
1764842260.4887304,0,0,2679,334.875
1764842260.492735,1,1,2230,278.750
1764842260.4967356,0,0,811,101.375
1764842260.5007296,0,0,-1647,-205.875
1764842260.5047224,0,0,-278,-34.750
1764842260.5087326,0,0,2485,310.625
1764842260.5127275,1,1,2110,263.750
1764842260.5167358,0,0,765,95.625
1764842260.5207286,0,0,-1597,-199.625
1764842260.5247238,0,0,-368,-46.000
1764842260.5287287,0,0,2512,314.000
1764842260.5327294,1,1,2197,274.625
1764842260.5367298,0,0,816,102.000
1764842260.5407178,0,0,-1538,-192.250
1764842260.5447178,0,0,-576,-72.000
1764842260.5489368,0,0,2416,302.000
1764842260.5527394,1,1,2228,278.500
1764842260.5567303,0,0,868,108.500
1764842260.5607178,0,0,-1460,-182.500
1764842260.5647168,0,0,-785,-98.125
1764842260.5687308,0,0,2190,273.750
1764842260.57273,1,1,2124,265.500
1764842260.5767264,0,0,845,105.625
1764842260.5807164,0,0,-1260,-157.500
1764842260.5847516,0,0,-1046,-130.750
1764842260.5887406,0,0,1995,249.375
1764842260.592729,1,1,2111,263.875
1764842260.5967345,0,0,900,112.500
1764842260.6007302,0,0,-1268,-158.500
1764842260.6047268,0,0,-688,-86.000
1764842260.6087332,0,0,2501,312.625
1764842260.612729,1,1,2447,305.875
1764842260.616731,0,0,994,124.250
1764842260.6207254,0,0,-1206,-150.750
1764842260.6247272,0,0,-1117,-139.625
1764842260.6287365,0,0,1999,249.875
1764842260.632726,1,1,2204,275.500
1764842260.6367307,0,0,949,118.625
1764842260.6407213,0,0,-1134,-141.750
1764842260.644728,0,0,-1063,-132.875
1764842260.6487305,0,0,2204,275.500
1764842260.652727,1,1,2417,302.125
1764842260.6567295,0,0,1045,130.625
1764842260.660724,0,0,-1058,-132.250
1764842260.6647253,0,0,-1198,-149.750
1764842260.6687229,0,0,2112,264.000
1764842260.6729815,1,1,1085,135.625
1764842260.6767192,0,0,-866,-108.250
1764842260.6807163,0,0,-1356,-169.500
1764842260.684715,0,0,1877,234.625
1764842260.6887329,0,0,2474,309.250
1764842260.6927288,1,1,1212,151.500
1764842260.6967313,0,0,-682,-85.250
1764842260.7007153,0,0,-1541,-192.625
1764842260.7047136,0,0,328,41.000
1764842260.7087193,0,0,1465,183.125
1764842260.712715,1,1,929,116.125
1764842260.7167187,0,0,-683,-85.375
1764842260.7207117,0,0,-1582,-197.750
1764842260.72471,0,0,1677,209.625
1764842260.728722,0,0,2443,305.375
1764842260.7327297,1,1,1273,159.125
1764842260.7367299,0,0,-626,-78.250
1764842260.740719,0,0,-1725,-215.625
1764842260.7447212,0,0,1296,162.000
1764842260.7489371,0,0,2214,276.750
1764842260.7527406,1,1,1204,150.500
1764842260.7567308,0,0,-493,-61.625
1764842260.7607148,0,0,-1576,-197.000
1764842260.7647123,0,0,1824,228.000
1764842260.768728,0,0,2669,333.625
1764842260.7727287,1,1,1394,174.250
1764842260.776729,0,0,-429,-53.625
1764842260.7807171,0,0,-1852,-231.500
1764842260.7847118,0,0,1188,148.500
1764842260.788735,0,0,2261,282.625
1764842260.7927268,1,1,1261,157.625
1764842260.7967312,0,0,-348,-43.500
1764842260.8007255,0,0,-1759,-219.875
1764842260.8047261,0,0,1708,213.500
1764842260.8087282,0,0,2845,355.625
1764842260.8127282,1,1,1581,197.625
1764842260.8167388,0,0,-215,-26.875
1764842260.8207188,0,0,-1887,-235.875
1764842260.8247144,0,0,1343,167.875
1764842260.8287299,0,0,2593,324.125
1764842260.832725,1,1,1480,185.000
1764842260.8367286,0,0,-173,-21.625
1764842260.8407142,0,0,-1877,-234.625
1764842260.8447144,0,0,1185,148.125
1764842260.8487253,0,0,2639,329.875
1764842260.8527274,1,1,1582,197.750
1764842260.8567276,0,0,-37,-4.625
1764842260.860721,0,0,-1912,-239.000
1764842260.8647234,0,0,633,79.125
1764842260.8687315,0,0,2203,275.375
1764842260.8727212,1,1,1402,175.250
1764842260.8767257,0,0,26,3.250
1764842260.8807232,0,0,-1965,-245.625
1764842260.8847234,0,0,798,99.750
1764842260.8887436,0,0,2490,311.250
1764842260.8927224,1,1,1604,200.500
1764842260.8967273,0,0,151,18.875
1764842260.900721,0,0,-1859,-232.375
1764842260.9047217,0,0,117,14.625
1764842260.9087276,0,0,1942,242.750
1764842260.9127233,1,1,1383,172.875
1764842260.9167285,0,0,207,25.875
1764842260.9207196,0,0,-1827,-228.375
1764842260.9247193,0,0,53,6.625
1764842260.9287252,0,0,2013,251.625
1764842260.9327285,1,1,1492,186.500
1764842260.9367216,0,0,321,40.125
1764842260.9407187,0,0,-1778,-222.250
1764842260.9447212,0,0,373,46.625
1764842260.9489381,0,0,2563,320.375
1764842260.952742,1,1,1893,236.625
1764842260.9567258,0,0,528,66.000
1764842260.9607124,0,0,-1649,-206.125
1764842260.964712,0,0,-406,-50.750
1764842260.9687252,0,0,1791,223.875
1764842260.9727266,1,1,1517,189.625
1764842260.9767287,0,0,534,66.750
1764842260.9810827,0,0,-1851,-231.375
1764842260.9848733,0,0,120,15.000
1764842260.9888144,0,0,2465,308.125
1764842260.9927363,1,1,1937,242.125
1764842260.9967308,0,0,685,85.625
1764842261.0007236,0,0,-1696,-212.000
1764842261.0047204,0,0,-66,-8.250
1764842261.0087252,0,0,2421,302.625
1764842261.0127237,1,1,1995,249.375
1764842261.0167263,0,0,780,97.500
1764842261.020726,0,0,-1482,-185.250
1764842261.0247214,0,0,-833,-104.125
1764842261.0287373,0,0,1597,199.625
1764842261.0327332,1,1,1582,197.750
1764842261.0367296,0,0,755,94.375
1764842261.040716,0,0,-1796,-224.500
1764842261.044714,0,0,-222,-27.750
1764842261.0487278,0,0,2371,296.375
1764842261.052726,1,1,2052,256.500
1764842261.0567229,0,0,899,112.375
1764842261.0607123,0,0,-1696,-212.000
1764842261.064709,0,0,-149,-18.625
1764842261.0687265,0,0,2651,331.375
1764842261.0727217,1,1,2309,288.625
1764842261.0767193,0,0,1026,128.250
1764842261.0807207,0,0,-1392,-174.000
1764842261.0847216,0,0,-574,-71.750
1764842261.0887566,0,0,2288,286.000
1764842261.0927198,1,1,2181,272.625
1764842261.0967212,0,0,1054,131.750
1764842261.1007211,0,0,-1212,-151.500
1764842261.1047196,0,0,-878,-109.750
1764842261.1087253,0,0,2013,251.625
1764842261.1127217,1,1,2096,262.000
1764842261.1167269,0,0,1092,136.500
1764842261.1207194,0,0,-1249,-156.125
1764842261.1247182,0,0,-896,-112.000
1764842261.1287248,0,0,2017,252.125
1764842261.132723,1,1,2124,265.500
1764842261.1367245,0,0,1119,139.875
1764842261.1407166,0,0,-1127,-140.875
1764842261.1447167,0,0,-1242,-155.250
1764842261.1543446,1,1,1075,134.375
1764842261.1568506,0,0,1075,134.375
1764842261.1607132,0,0,-1300,-162.500
1764842261.1647124,0,0,-374,-46.750
1764842261.1687298,0,0,2691,336.375
1764842261.1727247,1,1,2567,320.875
1764842261.1767247,0,0,1251,156.375
1764842261.18071,0,0,-1302,-162.750
1764842261.1847088,0,0,-888,-111.000
1764842261.18877,0,0,2205,275.625
1764842261.1927323,1,1,2363,295.375
1764842261.1967294,0,0,1232,154.000
1764842261.2007232,0,0,-1181,-147.625
1764842261.204729,0,0,-1192,-149.000
1764842261.208733,0,0,1803,225.375
1764842261.2127278,1,1,2150,268.750
1764842261.2167287,0,0,1183,147.875
1764842261.2207263,0,0,-1122,-140.250
1764842261.2247264,0,0,-1217,-152.125
1764842261.228727,0,0,1720,215.000
1764842261.2327104,1,1,2089,261.125
1764842261.2367165,0,0,1147,143.375
1764842261.2407048,0,0,-998,-124.750
1764842261.2447069,0,0,-860,-107.500
1764842261.2487235,0,0,2382,297.750
1764842261.2527275,1,1,2599,324.875
1764842261.256727,0,0,1332,166.500
1764842261.26071,0,0,-914,-114.250
1764842261.264704,0,0,-1207,-150.875
1764842261.2687266,0,0,1880,235.000
1764842261.2727268,1,1,2298,287.250
1764842261.2767315,0,0,1231,153.875
1764842261.2807207,0,0,-821,-102.625
1764842261.2847211,0,0,-1199,-149.875
1764842261.288713,0,0,1913,239.125
1764842261.292724,1,1,1238,154.750
1764842261.2967196,0,0,-733,-91.625
1764842261.3007247,0,0,-1021,-127.625
1764842261.3047235,0,0,2344,293.000
1764842261.308716,0,0,2727,340.875
1764842261.312708,1,1,1394,174.250
1764842261.3167346,0,0,-714,-89.250
1764842261.3207307,0,0,-1567,-195.875
1764842261.324723,0,0,1466,183.250
1764842261.328727,0,0,2173,271.625
1764842261.3327248,1,1,1211,151.375
1764842261.33673,0,0,-607,-75.875
1764842261.3407242,0,0,-1497,-187.125
1764842261.3447244,0,0,1699,212.375
1764842261.3487287,0,0,2419,302.375
1764842261.3529224,1,1,1327,165.875
1764842261.3567383,0,0,-506,-63.250
1764842261.360708,0,0,-1494,-186.750
1764842261.3647087,0,0,1848,231.000
1764842261.3687248,0,0,2628,328.500
1764842261.372721,1,1,1439,179.875
1764842261.3767247,0,0,-383,-47.875
1764842261.3807104,0,0,-1415,-176.875
1764842261.3847072,0,0,2059,257.375
1764842261.3887215,0,0,2840,355.000
1764842261.3927095,1,1,1524,190.500
1764842261.3967195,0,0,-370,-46.250
1764842261.4007273,0,0,-1962,-245.250
1764842261.404724,0,0,715,89.375
1764842261.4087293,0,0,1849,231.125
1764842261.4127223,1,1,1134,141.750
1764842261.416726,0,0,-333,-41.625
1764842261.4207234,0,0,-1890,-236.250
1764842261.4247234,0,0,891,111.375
1764842261.428733,0,0,2172,271.500
1764842261.4327202,1,1,1363,170.375
1764842261.4367247,0,0,-215,-26.875
1764842261.4407196,0,0,-1597,-199.625
1764842261.4447236,0,0,119,14.875
1764842261.4487278,0,0,1711,213.875
1764842261.4527166,1,1,1287,160.875
1764842261.4567266,0,0,-56,-7.000
1764842261.4607034,0,0,-1387,-173.375
1764842261.464705,0,0,-803,-100.375
1764842261.4687245,0,0,1039,129.875
1764842261.472723,1,1,1112,139.000
1764842261.4767206,0,0,230,28.750
1764842261.480702,0,0,-2105,-263.125
1764842261.4847047,0,0,559,69.875
1764842261.4887245,0,0,2219,277.375
1764842261.492745,1,1,1614,201.750
1764842261.4967325,0,0,340,42.500
1764842261.500721,0,0,-2076,-259.500
1764842261.5047197,0,0,800,100.000
1764842261.5087318,0,0,2599,324.875
1764842261.5127232,1,1,1864,233.000
1764842261.5167289,0,0,466,58.250
1764842261.5207198,0,0,-2014,-251.750
1764842261.5247214,0,0,398,49.750
1764842261.5287287,0,0,2338,292.250
1764842261.5327237,1,1,1786,223.250
1764842261.5367253,0,0,551,68.875
1764842261.5407066,0,0,-1999,-249.875
1764842261.5447025,0,0,-392,-49.000
1764842261.5487235,0,0,1532,191.500
1764842261.5529027,1,1,1371,171.375
1764842261.556737,0,0,530,66.250
1764842261.5607038,0,0,-2088,-261.000
1764842261.564704,0,0,270,33.750
1764842261.568722,0,0,2370,296.250
1764842261.5727232,1,1,1883,235.375
1764842261.5767195,0,0,711,88.875
1764842261.580707,0,0,-1806,-225.750
1764842261.5847003,0,0,-349,-43.625
1764842261.588724,0,0,1865,233.125
1764842261.5927615,1,1,1689,211.125
1764842261.596728,0,0,769,96.125
1764842261.6007237,0,0,-1779,-222.375
1764842261.6047168,0,0,-406,-50.750
1764842261.6087205,0,0,1912,239.000
1764842261.6127198,1,1,1774,221.750
1764842261.6167233,0,0,868,108.500
1764842261.6207194,0,0,-1745,-218.125
1764842261.6247199,0,0,-416,-52.000
1764842261.6287117,0,0,2023,252.875
1764842261.6326997,1,1,1904,238.000
1764842261.636718,0,0,978,122.250
1764842261.640721,0,0,-1525,-190.625
1764842261.64472,0,0,-742,-92.750
1764842261.6487207,0,0,1789,223.625
1764842261.6527154,1,1,1858,232.250
1764842261.656721,0,0,1058,132.250
1764842261.660721,0,0,-1440,-180.000
1764842261.664983,0,0,-1000,-125.000
1764842261.668716,0,0,1478,184.750
1764842261.6727011,1,1,1700,212.500
1764842261.6767178,0,0,1067,133.375
1764842261.6807196,0,0,-1292,-161.500
1764842261.6847215,0,0,-1197,-149.625
1764842261.6887107,0,0,1308,163.500
1764842261.6926975,1,1,1663,207.875
1764842261.696731,0,0,1125,140.625
1764842261.700724,0,0,-1330,-166.250
1764842261.7047226,0,0,-1068,-133.500
1764842261.708714,0,0,1581,197.625
1764842261.7126997,1,1,1890,236.250
1764842261.716712,0,0,1242,155.250
1764842261.7207158,0,0,-1213,-151.625
1764842261.7247217,0,0,-1027,-128.375
1764842261.7287211,0,0,1805,225.625
1764842261.7327013,1,1,2124,265.500
1764842261.7366972,0,0,1382,172.750
1764842261.7407005,0,0,-1220,-152.500
1764842261.7447016,0,0,-1237,-154.625
1764842261.7487204,0,0,1478,184.750
1764842261.7529137,1,1,1928,241.000
1764842261.7567353,0,0,1337,167.125
1764842261.7607012,0,0,-1213,-151.625
1764842261.7647018,0,0,-1301,-162.625
1764842261.7687204,0,0,1425,178.125
1764842261.77272,1,1,1929,241.125
1764842261.776717,0,0,1365,170.625
1764842261.7806983,0,0,-1162,-145.250
1764842261.7846978,0,0,-1268,-158.500
1764842261.7887073,0,0,1602,200.250
1764842261.7927017,1,1,2126,265.750
1764842261.7967463,0,0,1476,184.500
1764842261.8007166,0,0,-958,-119.750
1764842261.804717,0,0,-1413,-176.625
1764842261.808721,0,0,1468,183.500
1764842261.8127186,1,1,2115,264.375
1764842261.8167257,0,0,1516,189.500
1764842261.8207145,0,0,-913,-114.125
1764842261.8247135,0,0,-1468,-183.500
1764842261.828722,0,0,1424,178.000
1764842261.832715,1,1,2133,266.625
1764842261.8367212,0,0,1543,192.875
1764842261.8407154,0,0,-758,-94.750
1764842261.8447158,0,0,-1584,-198.000
1764842261.848717,0,0,1196,149.500
1764842261.852714,1,1,2038,254.750
1764842261.8567224,0,0,1541,192.625
1764842261.8607168,0,0,-716,-89.500
1764842261.8649814,0,0,-1634,-204.250
1764842261.8687122,0,0,1160,145.000
1764842261.8727002,1,1,2066,258.250
1764842261.8767142,0,0,1578,197.250
1764842261.8807182,0,0,-650,-81.250
1764842261.884716,0,0,-1677,-209.625
1764842261.888705,0,0,1160,145.000
1764842261.8926957,1,1,2115,264.375
1764842261.8967283,0,0,1614,201.750
1764842261.900721,0,0,-548,-68.500
1764842261.904717,0,0,-1706,-213.250
1764842261.9087222,0,0,1158,144.750
1764842261.9127157,1,1,2194,274.250
1764842261.91672,0,0,-405,-50.625
1764842261.920715,0,0,-1647,-205.875
1764842261.9247177,0,0,836,104.500
1764842261.928719,0,0,2079,259.875
1764842261.9327126,1,1,1703,212.875
1764842261.9367192,0,0,-284,-35.500
1764842261.9407165,0,0,-1830,-228.750
1764842261.9447157,0,0,674,84.250
1764842261.9487205,0,0,1958,244.750
1764842261.9529052,1,1,1652,206.500
1764842261.956731,0,0,-161,-20.125
1764842261.9606974,0,0,-1901,-237.625
1764842261.9646986,0,0,499,62.375
1764842261.9687183,0,0,1880,235.000
1764842261.9727156,1,1,1645,205.625
1764842261.9767091,0,0,-24,-3.000
1764842261.9810941,0,0,-1968,-246.000
1764842261.984859,0,0,767,95.875
1764842261.988753,0,0,2143,267.875
1764842261.9927206,1,1,1774,221.750
1764842261.9967172,0,0,115,14.375
1764842262.000716,0,0,-1987,-248.375
1764842262.0047152,0,0,820,102.500
1764842262.0087163,0,0,2278,284.750
1764842262.0127125,1,1,1867,233.375
1764842262.0167136,0,0,173,21.625
1764842262.020716,0,0,-1673,-209.125
1764842262.0247154,0,0,304,38.000
1764842262.0287206,0,0,2038,254.750
1764842262.0327132,1,1,1863,232.875
1764842262.036715,0,0,391,48.875
1764842262.0407062,0,0,-1823,-227.875
1764842262.044704,0,0,-24,-3.000
1764842262.0487158,0,0,1767,220.875
1764842262.0527155,1,1,1754,219.250
1764842262.0567198,0,0,540,67.500
1764842262.0607107,0,0,-2137,-267.125
1764842262.064712,0,0,370,46.250
1764842262.0687232,0,0,2125,265.625
1764842262.072711,1,1,1913,239.125
1764842262.0767226,0,0,650,81.250
1764842262.080698,0,0,-2123,-265.375
1764842262.0846963,0,0,498,62.250
1764842262.088715,0,0,2317,289.625
1764842262.092715,1,1,2027,253.375
1764842262.096748,0,0,754,94.250
1764842262.100697,0,0,-2009,-251.125
1764842262.1046941,0,0,59,7.375
1764842262.108716,0,0,2054,256.750
1764842262.1127162,1,1,1968,246.000
1764842262.116721,0,0,889,111.125
1764842262.120715,0,0,-2173,-271.625
1764842262.1247122,0,0,-100,-12.500
1764842262.1287158,0,0,1876,234.500
1764842262.1327121,1,1,1859,232.375
1764842262.1367185,0,0,936,117.000
1764842262.1407151,0,0,-2144,-268.000
1764842262.144709,0,0,56,7.000
1764842262.1487179,0,0,2145,268.125
1764842262.1586454,0,0,1088,136.000
1764842262.1607614,0,0,-1849,-231.125
1764842262.1647217,0,0,809,101.125
1764842262.168712,0,0,2770,346.250
1764842262.1726973,1,1,2289,286.125
1764842262.1767118,0,0,1094,136.750
1764842262.1807146,0,0,-1816,-227.000
1764842262.1847124,0,0,-430,-53.750
1764842262.188705,0,0,1873,234.125
1764842262.1926932,1,1,1991,248.875
1764842262.1967118,0,0,1186,148.250
1764842262.2007494,0,0,-1082,-135.250
1764842262.2047145,0,0,-1634,-204.250
1764842262.208714,0,0,607,75.875
1764842262.2127094,1,1,1487,185.875
1764842262.2167141,0,0,1349,168.625
1764842262.2207148,0,0,-1817,-227.125
1764842262.2247126,0,0,49,6.125
1764842262.2287147,0,0,2374,296.750
1764842262.232709,1,1,2307,288.375
1764842262.2367187,0,0,1447,180.875
1764842262.2407107,0,0,-1795,-224.375
1764842262.2447102,0,0,-868,-108.500
1764842262.2487028,0,0,1552,194.000
1764842262.2526934,1,1,1937,242.125
1764842262.256751,0,0,1451,181.375
1764842262.260711,0,0,-1758,-219.750
1764842262.264712,0,0,-843,-105.375
1764842262.268722,0,0,1691,211.375
1764842262.2727168,1,1,2073,259.125
1764842262.2767134,0,0,1547,193.375
1764842262.2806938,0,0,-1724,-215.500
1764842262.2846935,0,0,-779,-97.375
1764842262.2886972,0,0,1825,228.125
1764842262.2926962,1,1,2175,271.875
1764842262.2966878,0,0,1609,201.125
1764842262.3007035,0,0,-1446,-180.750
1764842262.304693,0,0,-1193,-149.125
1764842262.3087156,0,0,1379,172.375
1764842262.3127124,1,1,1966,245.750
1764842262.316719,0,0,1612,201.500
1764842262.3207095,0,0,-1499,-187.375
1764842262.3247073,0,0,-1113,-139.125
1764842262.3287175,0,0,1555,194.375
1764842262.3327112,1,1,2107,263.375
1764842262.3367152,0,0,1687,210.875
1764842262.340708,0,0,-1291,-161.375
1764842262.3447068,0,0,-1263,-157.875
1764842262.348715,0,0,1454,181.750
1764842262.3527088,1,1,2115,264.375
1764842262.3568125,0,0,1745,218.125
1764842262.3607237,0,0,-1291,-161.375
1764842262.3647096,0,0,-1043,-130.375
1764842262.368703,0,0,1678,209.750
1764842262.372696,1,1,2211,276.375
1764842262.376712,0,0,1743,217.875
1764842262.3807106,0,0,-1029,-128.625
1764842262.384707,0,0,-1418,-177.250
1764842262.388701,0,0,1368,171.000
1764842262.3926947,1,1,2149,268.625
1764842262.3967109,0,0,1810,226.250
1764842262.4007487,0,0,-765,-95.625
1764842262.404711,0,0,-1696,-212.000
1764842262.4087121,0,0,697,87.125
1764842262.4127097,1,1,1762,220.250
1764842262.4167144,0,0,1738,217.250
1764842262.4207103,0,0,-726,-90.750
1764842262.4247077,0,0,-1759,-219.875
1764842262.4287097,0,0,583,72.875
1764842262.4327078,1,1,1711,213.875
1764842262.4367187,0,0,1748,218.500
1764842262.4407077,0,0,-693,-86.625
1764842262.4447067,0,0,-1694,-211.750
1764842262.4487095,0,0,928,116.000
1764842262.4527063,1,1,2034,254.250
1764842262.456712,0,0,1910,238.750
1764842262.4607074,0,0,-539,-67.375
1764842262.4647067,0,0,-1804,-225.500
1764842262.468711,0,0,270,33.750
1764842262.4727068,1,1,1585,198.125
1764842262.4767199,0,0,1770,221.250
1764842262.480694,0,0,-480,-60.000
1764842262.4846907,0,0,-1556,-194.500
1764842262.4887075,0,0,1235,154.375
1764842262.4927063,1,1,2247,280.875
1764842262.4967117,0,0,1977,247.125
1764842262.5006897,0,0,-424,-53.000
1764842262.504706,0,0,-1724,-215.500
1764842262.5087163,0,0,1073,134.125
1764842262.5127075,1,1,2224,278.000
1764842262.5167148,0,0,2004,250.500
1764842262.5207105,0,0,-293,-36.625
1764842262.5247102,0,0,-1825,-228.125
1764842262.5287123,0,0,314,39.250
1764842262.5327082,1,1,1743,217.875
1764842262.5367088,0,0,-162,-20.250
1764842262.54069,0,0,-1919,-239.875
1764842262.5446904,0,0,730,91.250
1764842262.548713,0,0,2123,265.375
1764842262.5527093,1,1,2040,255.000
1764842262.5568054,0,0,66,8.250
1764842262.5607228,0,0,-1709,-213.625
1764842262.5647123,0,0,1221,152.625
1764842262.5687032,0,0,2481,310.125
1764842262.572692,1,1,2150,268.750
1764842262.5766988,0,0,121,15.125
1764842262.5807092,0,0,-2088,-261.000
1764842262.5847049,0,0,228,28.500
1764842262.5887034,0,0,1768,221.000
1764842262.5926933,1,1,1883,235.375
1764842262.5967138,0,0,262,32.750
1764842262.600709,0,0,-1940,-242.500
1764842262.6047435,0,0,788,98.500
1764842262.6087117,0,0,2262,282.750
1764842262.6127067,1,1,2099,262.375
1764842262.6167114,0,0,382,47.750
1764842262.6207068,0,0,-2006,-250.750
1764842262.6247044,0,0,744,93.000
1764842262.628711,0,0,2330,291.250
1764842262.6327074,1,1,2161,270.125
1764842262.636718,0,0,484,60.500
1764842262.6407034,0,0,-2009,-251.125
1764842262.6447017,0,0,116,14.500
1764842262.6487072,0,0,1914,239.250
1764842262.6527069,1,1,2030,253.750
1764842262.6567109,0,0,624,78.000
1764842262.6607058,0,0,-2062,-257.750
1764842262.6647024,0,0,114,14.250
1764842262.6686966,0,0,1991,248.875
1764842262.672689,1,1,2101,262.625
1764842262.6767015,0,0,828,103.500
1764842262.680706,0,0,-2112,-264.000
1764842262.684707,0,0,393,49.125
1764842262.6887038,0,0,2204,275.500
1764842262.692692,1,1,2166,270.750
1764842262.6967032,0,0,905,113.125
1764842262.7007082,0,0,-2186,-273.250
1764842262.7047138,0,0,76,9.500
1764842262.7086983,0,0,2011,251.375
1764842262.712688,1,1,2108,263.500
1764842262.7167027,0,0,1019,127.375
1764842262.7207105,0,0,-2211,-276.375
1764842262.7247064,0,0,-322,-40.250
1764842262.7287092,0,0,1675,209.375
1764842262.732705,1,1,1957,244.625
1764842262.736711,0,0,1112,139.000
1764842262.740704,0,0,-2105,-263.125
1764842262.7447052,0,0,147,18.375
1764842262.7486959,0,0,2137,267.125
1764842262.752686,1,1,2177,272.125
1764842262.7567763,0,0,1228,153.500
1764842262.760704,0,0,-2037,-254.625
1764842262.7646925,0,0,214,26.750
1764842262.7686937,0,0,2241,280.125
1764842262.7726884,1,1,2228,278.500
1764842262.7767007,0,0,1280,160.000
1764842262.7807102,0,0,-2134,-266.750
1764842262.7847068,0,0,-397,-49.625
1764842262.7886982,0,0,1817,227.125
1764842262.7926867,1,1,2091,261.375
1764842262.7966945,0,0,1378,172.250
1764842262.8007083,0,0,-2084,-260.500
1764842262.804741,0,0,-297,-37.125
1764842262.80871,0,0,1968,246.000
1764842262.8127027,1,1,2185,273.125
1764842262.8167057,0,0,1461,182.625
1764842262.8207011,0,0,-2025,-253.125
1764842262.8247044,0,0,-713,-89.125
1764842262.8287098,0,0,1603,200.375
1764842262.8327155,1,1,2026,253.250
1764842262.8367157,0,0,1527,190.875
1764842262.8406894,0,0,-1880,-235.000
1764842262.8446887,0,0,-406,-50.750
1764842262.8487086,0,0,1848,231.000
1764842262.8527045,1,1,2109,263.625
1764842262.8567028,0,0,1534,191.750
1764842262.8606856,0,0,-1751,-218.875
1764842262.864685,0,0,-1140,-142.500
1764842262.8687072,0,0,1208,151.000
1764842262.8727045,1,1,1851,231.375
1764842262.8767107,0,0,1583,197.875
1764842262.8807008,0,0,-1826,-228.250
1764842262.8847032,0,0,-641,-80.125
1764842262.888711,0,0,1863,232.875
1764842262.8927042,1,1,2245,280.625
1764842262.8967097,0,0,1724,215.500
1764842262.9007022,0,0,-1729,-216.125
1764842262.904701,0,0,-593,-74.125
1764842262.9087062,0,0,1978,247.250
1764842262.912703,1,1,2339,292.375
1764842262.9167128,0,0,1790,223.750
1764842262.9207013,0,0,-1032,-129.000
1764842262.9247012,0,0,-1628,-203.500
1764842262.9287052,0,0,781,97.625
1764842262.9327042,1,1,1751,218.875
1764842262.9367082,0,0,1751,218.875
1764842262.9407022,0,0,-1512,-189.000
1764842262.9447005,0,0,-1095,-136.875
1764842262.9487073,0,0,1494,186.750
1764842262.9527035,1,1,2146,268.250
1764842262.956799,0,0,1856,232.000
1764842262.9607198,0,0,-1286,-160.750
1764842262.9647057,0,0,-800,-100.000
1764842262.968696,0,0,1692,211.500
1764842262.9726856,1,1,2179,272.375
1764842262.9767056,0,0,1807,225.875
1764842262.9810827,0,0,-1333,-166.625
1764842262.9848757,0,0,-883,-110.375
1764842262.9887297,0,0,1885,235.625
1764842262.9927025,1,1,2423,302.875
1764842262.996712,0,0,1948,243.500
1764842263.000709,0,0,-1172,-146.500
1764842263.0047016,0,0,-880,-110.000
1764842263.0087008,0,0,1880,235.000
1764842263.0127013,1,1,2416,302.000
1764842263.016705,0,0,1932,241.500
1764842263.0206995,0,0,-1079,-134.875
1764842263.0247009,0,0,-1058,-132.250
1764842263.0287015,0,0,1703,212.875
1764842263.0326989,1,1,2333,291.625
1764842263.0367072,0,0,1915,239.375
1764842263.0407112,0,0,-960,-120.000
1764842263.0447037,0,0,-1244,-155.500
1764842263.0487032,0,0,1421,177.625
1764842263.052697,1,1,2149,268.625
1764842263.0566983,0,0,1842,230.250
1764842263.0607002,0,0,-851,-106.375
1764842263.0646985,0,0,-1036,-129.500
1764842263.0686996,0,0,1842,230.250
1764842263.0726953,1,1,2478,309.750
1764842263.0766995,0,0,1959,244.875
1764842263.0806959,0,0,-788,-98.500
1764842263.0846984,0,0,-1326,-165.750
1764842263.0887008,0,0,1534,191.750
1764842263.0926986,1,1,2338,292.250
1764842263.0966997,0,0,1931,241.375
1764842263.1006968,0,0,-679,-84.875
1764842263.1046972,0,0,-1564,-195.500
1764842263.108703,0,0,1210,151.250
1764842263.112702,1,1,2170,271.250
1764842263.1167085,0,0,1891,236.375
1764842263.1206985,0,0,-511,-63.875
1764842263.1247,0,0,-1350,-168.750
1764842263.1287057,0,0,1509,188.625
1764842263.132704,1,1,2354,294.250
1764842263.1367083,0,0,1923,240.375
1764842263.1406844,0,0,-498,-62.250
1764842263.1446817,0,0,-1652,-206.500
1764842263.1487012,0,0,1230,153.750
1764842263.1526995,1,1,2296,287.000
1764842263.1623144,0,0,-1165,-145.625
1764842263.1647189,0,0,2067,258.375
1764842263.1687036,0,0,2879,359.875
1764842263.172697,1,1,2134,266.750
1764842263.1767015,0,0,-258,-32.250
1764842263.180699,0,0,-1806,-225.750
1764842263.184698,0,0,982,122.750
1764842263.1886907,0,0,2187,273.375
1764842263.192684,1,1,1906,238.250
1764842263.1966987,0,0,-105,-13.125
1764842263.2007031,0,0,-1809,-226.125
1764842263.2047012,0,0,961,120.125
1764842263.208703,0,0,2181,272.625
1764842263.212703,1,1,1893,236.625
1764842263.2167065,0,0,-1,-0.125
1764842263.2207048,0,0,-1593,-199.125
1764842263.224707,0,0,1513,189.125
1764842263.2286944,0,0,2658,332.250
1764842263.2326858,1,1,2086,260.750
1764842263.2366955,0,0,103,12.875
1764842263.2407007,0,0,-1875,-234.375
1764842263.2447026,0,0,903,112.875
1764842263.2486906,0,0,2224,278.000
1764842263.2526817,1,1,1910,238.750
1764842263.256697,0,0,218,27.250
1764842263.2607043,0,0,-1671,-208.875
1764842263.264699,0,0,1403,175.375
1764842263.268689,0,0,2658,332.250
1764842263.2726805,1,1,2087,260.875
1764842263.2767143,0,0,341,42.625
1764842263.2807024,0,0,-1783,-222.875
1764842263.2846985,0,0,1126,140.750
1764842263.2886882,0,0,2465,308.125
1764842263.2926822,1,1,1991,248.875
1764842263.2966907,0,0,444,55.500
1764842263.3006978,0,0,-1572,-196.500
1764842263.3046973,0,0,1565,195.625
1764842263.308703,0,0,2844,355.500
1764842263.3126984,1,1,2136,267.000
1764842263.3167033,0,0,502,62.750
1764842263.3206992,0,0,-1660,-207.500
1764842263.324701,0,0,1638,204.750
1764842263.328703,0,0,3049,381.125
1764842263.3326943,1,1,2264,283.000
1764842263.3367004,0,0,609,76.125
1764842263.3407013,0,0,-1935,-241.875
1764842263.344698,0,0,766,95.750
1764842263.348702,0,0,2295,286.875
1764842263.352698,1,1,1892,236.500
1764842263.3567011,0,0,595,74.375
1764842263.36078,0,0,-1959,-244.875
1764842263.3647163,0,0,886,110.750
1764842263.368698,0,0,2531,316.375
1764842263.3726826,1,1,2043,255.375
1764842263.3767126,0,0,715,89.375
1764842263.3807,0,0,-2003,-250.375
1764842263.3846989,0,0,697,87.125
1764842263.3886905,0,0,2418,302.250
1764842263.3926826,1,1,1995,249.375
1764842263.3967457,0,0,763,95.375
1764842263.400701,0,0,-2126,-265.750
1764842263.404698,0,0,250,31.250
1764842263.408735,0,0,2108,263.500
1764842263.4127023,1,1,1880,235.000
1764842263.4167035,0,0,841,105.125
1764842263.420696,0,0,-2095,-261.875
1764842263.4246948,0,0,199,24.875
1764842263.4287035,0,0,2113,264.125
1764842263.4326968,1,1,1895,236.875
1764842263.4367054,0,0,891,111.375
1764842263.440696,0,0,-2135,-266.875
1764842263.4446964,0,0,-263,-32.875
1764842263.4487019,0,0,1811,226.375
1764842263.4526958,1,1,1810,226.250
1764842263.4567027,0,0,967,120.875
1764842263.4606974,0,0,-1917,-239.625
1764842263.464694,0,0,-415,-51.875
1764842263.4686997,0,0,1814,226.750
1764842263.4726965,1,1,1892,236.500
1764842263.4767056,0,0,1093,136.625
1764842263.4806974,0,0,-1970,-246.250
1764842263.4846926,0,0,-276,-34.500
1764842263.488699,0,0,2063,257.875
1764842263.4926991,1,1,2070,258.750
1764842263.4967062,0,0,1216,152.000
1764842263.5006971,0,0,-1961,-245.125
1764842263.504695,0,0,-366,-45.750
1764842263.5087013,0,0,2026,253.250
1764842263.5127094,1,1,2076,259.500
1764842263.5167077,0,0,1277,159.625
1764842263.5207057,0,0,-1938,-242.250
1764842263.524699,0,0,-387,-48.375
1764842263.5286894,0,0,2065,258.125
1764842263.53268,1,1,2126,265.750
1764842263.5366943,0,0,1343,167.875
1764842263.5406802,0,0,-1846,-230.750
1764842263.5446796,0,0,-227,-28.375
1764842263.5486925,0,0,2249,281.125
1764842263.5526764,1,1,2224,278.000
1764842263.5566967,0,0,1378,172.250
1764842263.5607784,0,0,-1764,-220.500
1764842263.564714,0,0,-1005,-125.625
1764842263.5686934,0,0,1379,172.375
1764842263.5726802,1,1,1753,219.125
1764842263.5766995,0,0,1301,162.625
1764842263.5807,0,0,-1641,-205.125
1764842263.5846975,0,0,-1147,-143.375
1764842263.588691,0,0,1296,162.000
1764842263.592677,1,1,1758,219.750
1764842263.5966969,0,0,1360,170.000
1764842263.600699,0,0,-1614,-201.750
1764842263.604697,0,0,-539,-67.375
1764842263.608702,0,0,2149,268.625
1764842263.612731,1,1,2308,288.500
1764842263.6166964,0,0,1540,192.500
1764842263.6207163,0,0,-956,-119.500
1764842263.6247034,0,0,-1487,-185.875
1764842263.6286893,0,0,1128,141.000
1764842263.6326768,1,1,1861,232.625
1764842263.6366947,0,0,1557,194.625
1764842263.6406946,0,0,-1006,-125.750
1764842263.6446931,0,0,-1387,-173.375
1764842263.6486874,0,0,1346,168.250
1764842263.6526806,1,1,2037,254.625
1764842263.6566944,0,0,1645,205.625
1764842263.6606963,0,0,-1257,-157.125
1764842263.6646974,0,0,-791,-98.875
1764842263.668698,0,0,2093,261.625
1764842263.6726937,1,1,2450,306.250
1764842263.676703,0,0,1726,215.750
1764842263.6806948,0,0,-1206,-150.750
1764842263.6846936,0,0,-1151,-143.875
1764842263.6886997,0,0,1705,213.125
1764842263.6926966,1,1,2264,283.000
1764842263.696699,0,0,1696,212.000
1764842263.7006907,0,0,-1013,-126.625
1764842263.7046921,0,0,-1611,-201.375
1764842263.7086885,0,0,991,123.875
1764842263.7126906,1,1,1841,230.125
1764842263.716708,0,0,1588,198.500
1764842263.7206972,0,0,-985,-123.125
1764842263.7246943,0,0,-1304,-163.000
1764842263.7287014,0,0,1586,198.250
1764842263.7326953,1,1,2273,284.125
1764842263.7366946,0,0,1744,218.000
1764842263.740693,0,0,-872,-109.000
1764842263.7446928,0,0,-1377,-172.125
1764842263.7486959,0,0,1549,193.625
1764842263.7526937,1,1,2301,287.625
1764842263.7567005,0,0,1767,220.875
1764842263.7607737,0,0,-768,-96.000
1764842263.764706,0,0,-1539,-192.375
1764842263.7686896,0,0,1302,162.750
1764842263.7726796,1,1,2167,270.875
1764842263.7767031,0,0,1728,216.000
1764842263.7806778,0,0,-1722,-215.250
1764842263.7846737,0,0,1011,126.375
1764842263.788679,0,0,2048,256.000
1764842263.7926762,1,1,1729,216.125
1764842263.7966976,0,0,-514,-64.250
1764842263.800697,0,0,-1613,-201.625
1764842263.804696,0,0,1318,164.750
1764842263.808696,0,0,2301,287.625
1764842263.8126905,1,1,1827,228.375
1764842263.8167346,0,0,-428,-53.500
1764842263.8206966,0,0,-1807,-225.875
1764842263.8246937,0,0,881,110.125
1764842263.8286946,0,0,2066,258.250
1764842263.8326914,1,1,1774,221.750
1764842263.8367035,0,0,-306,-38.250
1764842263.8406944,0,0,-1795,-224.375
1764842263.8446908,0,0,151,18.875
1764842263.848692,0,0,1543,192.875
1764842263.852691,1,1,1594,199.250
1764842263.8566926,0,0,-187,-23.375
1764842263.860689,0,0,-1940,-242.500
1764842263.864693,0,0,646,80.750
1764842263.868694,0,0,1996,249.500
1764842263.8726892,1,1,1803,225.375
1764842263.8766959,0,0,-24,-3.000
1764842263.8806927,0,0,-1923,-240.375
1764842263.8846912,0,0,885,110.625
1764842263.8886974,0,0,2265,283.125
1764842263.89269,1,1,1943,242.875
1764842263.8966887,0,0,137,17.125
1764842263.9006875,0,0,-1995,-249.375
1764842263.90469,0,0,701,87.625
1764842263.9086974,0,0,2156,269.500
1764842263.9126887,1,1,1906,238.250
1764842263.9167252,0,0,263,32.875
1764842263.9206955,0,0,-1995,-249.375
1764842263.9246957,0,0,741,92.625
1764842263.9286845,0,0,2227,278.375
1764842263.9326766,1,1,1942,242.750
1764842263.9366972,0,0,350,43.750
1764842263.9406898,0,0,-2068,-258.500
1764842263.9446905,0,0,563,70.375
1764842263.9486876,0,0,2158,269.750
1764842263.9526749,1,1,1938,242.250
1764842263.956704,0,0,496,62.000
1764842263.9607704,0,0,-2090,-261.250
1764842263.9647064,0,0,433,54.125
1764842263.96869,0,0,2052,256.500
1764842263.9726784,1,1,1881,235.125
1764842263.976699,0,0,565,70.625
1764842263.981071,0,0,-2060,-257.500
1764842263.9848557,0,0,668,83.500
1764842263.9887216,0,0,2367,295.875
1764842263.992692,1,1,2066,258.250
1764842263.9967024,0,0,697,87.125
1764842264.0006924,0,0,-2142,-267.750
1764842264.0046859,0,0,336,42.000
1764842264.008685,0,0,2137,267.125
1764842264.0126848,1,1,1978,247.250
1764842264.0167303,0,0,815,101.875
1764842264.0206938,0,0,-2043,-255.375
1764842264.0246923,0,0,603,75.375
1764842264.0286958,0,0,2416,302.000
1764842264.0326886,1,1,2114,264.250
1764842264.0366964,0,0,902,112.750
1764842264.0406759,0,0,-2152,-269.000
1764842264.0446742,0,0,102,12.750
1764842264.0486887,0,0,2027,253.375
1764842264.0526886,1,1,1950,243.750
1764842264.0566921,0,0,947,118.375
1764842264.060675,0,0,-2162,-270.250
1764842264.0646703,0,0,-61,-7.625
1764842264.068691,0,0,1989,248.625
1764842264.072684,1,1,1981,247.625
1764842264.0766933,0,0,1056,132.000
1764842264.0806885,0,0,-2141,-267.625
1764842264.0846865,0,0,-334,-41.750
1764842264.088689,0,0,1777,222.125
1764842264.0926867,1,1,1898,237.250
1764842264.0966938,0,0,1120,140.000
1764842264.1006892,0,0,-2098,-262.250
1764842264.1046865,0,0,-401,-50.125
1764842264.1086895,0,0,1794,224.250
1764842264.1126828,1,1,1946,243.250
1764842264.1166947,0,0,1211,151.375
1764842264.120721,0,0,-1984,-248.000
1764842264.1246877,0,0,-556,-69.500
1764842264.1286883,0,0,1738,217.250
1764842264.1326823,1,1,1971,246.375
1764842264.1366885,0,0,1306,163.250
1764842264.1406877,0,0,-1693,-211.625
1764842264.1446874,0,0,-966,-120.750
1764842264.1486914,0,0,1378,172.250
1764842264.1526818,1,1,1834,229.250
1764842264.1566927,0,0,1374,171.750
1764842264.166215,0,0,-1284,-160.500
1764842264.1687107,0,0,1051,131.375
1764842264.1726933,1,1,1700,212.500
1764842264.1766894,0,0,1427,178.375
1764842264.1806715,0,0,-1322,-165.250
1764842264.1846728,0,0,-1318,-164.750
1764842264.1886942,0,0,1157,144.625
1764842264.192689,1,1,1858,232.250
1764842264.1966898,0,0,1583,197.875
1764842264.200671,0,0,-1197,-149.625
1764842264.204676,0,0,-1453,-181.625
1764842264.208688,0,0,1012,126.500
1764842264.212685,1,1,1819,227.375
1764842264.2166896,0,0,1652,206.500
1764842264.2207232,0,0,-1001,-125.125
1764842264.2246823,0,0,-1710,-213.750
1764842264.2286882,0,0,527,65.875
1764842264.2326846,1,1,1609,201.125
1764842264.236693,0,0,1712,214.000
1764842264.2406821,0,0,-913,-114.125
1764842264.2446785,0,0,-1712,-214.000
1764842264.2487106,0,0,531,66.375
1764842264.252692,1,1,1689,211.125
1764842264.2566934,0,0,1839,229.875
1764842264.2606814,0,0,-822,-102.750
1764842264.264681,0,0,-1744,-218.000
1764842264.2686913,0,0,375,46.875
1764842264.272688,1,1,1641,205.125
1764842264.2766917,0,0,1908,238.500
1764842264.2806835,0,0,-868,-108.500
1764842264.284685,0,0,-1681,-210.125
1764842264.2886753,0,0,842,105.250
1764842264.2926695,1,1,1988,248.500
1764842264.2967138,0,0,2070,258.750
1764842264.300696,0,0,-581,-72.625
1764842264.304684,0,0,-1657,-207.125
1764842264.3086867,0,0,-167,-20.875
1764842264.3126843,1,1,1476,184.500
1764842264.3166938,0,0,2094,261.750
1764842264.3206978,0,0,-422,-52.750
1764842264.3246846,0,0,-1436,-179.500
1764842264.3286865,0,0,-910,-113.750
1764842264.332687,1,1,1104,138.000
1764842264.3366916,0,0,2189,273.625
1764842264.3406715,0,0,-560,-70.000
1764842264.3446643,0,0,-1919,-239.875
1764842264.3486843,0,0,500,62.500
1764842264.352681,1,1,1985,248.125
1764842264.356688,0,0,2390,298.750
1764842264.3606687,0,0,-391,-48.875
1764842264.3647704,0,0,-1768,-221.000
1764842264.368701,0,0,426,53.250
1764842264.3726833,1,1,2054,256.750
1764842264.376689,0,0,2497,312.125
1764842264.380686,0,0,-189,-23.625
1764842264.3846843,0,0,-1663,-207.875
1764842264.3886766,0,0,-63,-7.875
1764842264.3926673,1,1,1785,223.125
1764842264.3967028,0,0,2479,309.875
1764842264.400688,0,0,-1481,-185.125
1764842264.4046857,0,0,-780,-97.500
1764842264.4086926,0,0,1291,161.375
1764842264.4126835,1,1,2384,298.000
1764842264.4166892,0,0,101,12.625
1764842264.4206882,0,0,-1586,-198.250
1764842264.4246917,0,0,-459,-57.375
1764842264.4286811,0,0,1588,198.500
1764842264.4326656,1,1,2540,317.500
1764842264.4366999,0,0,278,34.750
1764842264.440687,0,0,-1446,-180.750
1764842264.4446843,0,0,-779,-97.375
1764842264.448676,0,0,1420,177.500
1764842264.4526665,1,1,2568,321.000
1764842264.4566915,0,0,451,56.375
1764842264.4606833,0,0,-1415,-176.875
1764842264.464684,0,0,-772,-96.500
1764842264.46869,0,0,1519,189.875
1764842264.4726837,1,1,2699,337.375
1764842264.476688,0,0,691,86.375
1764842264.4806802,0,0,-1286,-160.750
1764842264.4846845,0,0,-1018,-127.250
1764842264.4886866,0,0,1382,172.750
1764842264.4926825,1,1,2734,341.750
1764842264.496691,0,0,946,118.250
1764842264.5006835,0,0,-1051,-131.375
1764842264.5046794,0,0,-1475,-184.375
1764842264.508686,0,0,956,119.500
1764842264.5126839,1,1,2630,328.750
1764842264.5166924,0,0,1212,151.500
1764842264.5206802,0,0,-971,-121.375
1764842264.5247164,0,0,-1685,-210.625
1764842264.5286865,0,0,755,94.375
1764842264.532686,1,1,2650,331.250
1764842264.5366848,0,0,1583,197.875
1764842264.5406628,0,0,-1350,-168.750
1764842264.5446637,0,0,-1333,-166.625
1764842264.5486872,0,0,1236,154.500
1764842264.5526824,1,1,2918,364.750
1764842264.5566893,0,0,1836,229.500
1764842264.5606806,0,0,-1213,-151.625
1764842264.564767,0,0,-1576,-197.000
1764842264.568694,0,0,1017,127.125
1764842264.5726695,1,1,2899,362.375
1764842264.5767114,0,0,2162,270.250
1764842264.5806873,0,0,-1686,-210.750
1764842264.5846806,0,0,-1181,-147.625
1764842264.5886714,0,0,1476,184.500
1764842264.5926666,1,1,3109,388.625
1764842264.5967035,0,0,2330,291.250
1764842264.6006875,0,0,-1192,-149.000
1764842264.6046824,0,0,-1675,-209.375
1764842264.6086874,0,0,912,114.000
1764842264.6126814,1,1,2899,362.375
1764842264.6166914,0,0,2538,317.250
1764842264.6206846,0,0,-1248,-156.000
1764842264.624721,0,0,-1707,-213.375
1764842264.6286845,0,0,864,108.000
1764842264.6326833,1,1,2919,364.875
1764842264.6366866,0,0,2744,343.000
1764842264.6406817,0,0,-1134,-141.750
1764842264.644684,0,0,-1737,-217.125
1764842264.6486847,0,0,419,52.375
1764842264.65268,1,1,2765,345.625
1764842264.6566868,0,0,2992,374.000
1764842264.6606817,0,0,-1708,-213.500
1764842264.6646829,0,0,-1351,-168.875
1764842264.668683,0,0,1473,184.125
1764842264.6726782,1,1,3311,413.875
1764842264.6766882,0,0,3212,401.500
1764842264.6806824,0,0,-1760,-220.000
1764842264.6846814,0,0,-1333,-166.625
1764842264.6886847,0,0,1525,190.625
1764842264.6926796,1,1,3345,418.125
1764842264.6966846,0,0,3315,414.375
1764842264.7006817,0,0,-1115,-139.375
1764842264.7046807,0,0,-1734,-216.750
1764842264.7086864,0,0,604,75.500
1764842264.7126794,1,1,2905,363.125
1764842264.7166865,0,0,3424,428.000
1764842264.7206779,0,0,-1067,-133.375
1764842264.7247145,0,0,-1768,-221.000
1764842264.7286875,0,0,569,71.125
1764842264.7326798,1,1,2878,359.750
1764842264.7366977,0,0,3530,441.250
1764842264.7406874,0,0,-1117,-139.625
1764842264.7446802,0,0,-1769,-221.125
1764842264.7486775,0,0,874,109.250
1764842264.7526646,1,1,3071,383.875
1764842264.7567062,0,0,3683,460.375
1764842264.7606828,0,0,-1028,-128.500
1764842264.7647672,0,0,-1797,-224.625
1764842264.7686899,0,0,748,93.500
1764842264.7726686,1,1,3001,375.125
1764842264.776702,0,0,3748,468.500
1764842264.780682,0,0,-758,-94.750
1764842264.7846808,0,0,-1666,-208.250
1764842264.7886746,0,0,55,6.875
1764842264.7926648,1,1,2642,330.250
1764842264.7966917,0,0,3811,476.375
1764842264.8006628,0,0,-765,-95.625
1764842264.804662,0,0,-1766,-220.750
1764842264.8086798,0,0,420,52.500
1764842264.8126802,1,1,2875,359.375
1764842264.8166847,0,0,3940,492.500
1764842264.8206844,0,0,-556,-69.500
1764842264.8247015,0,0,-1670,-208.750
1764842264.828676,0,0,49,6.125
1764842264.8326652,1,1,2672,334.000
1764842264.8366985,0,0,3987,498.375
1764842264.840678,0,0,-550,-68.750
1764842264.8446786,0,0,-1752,-219.000
1764842264.84867,0,0,372,46.500
1764842264.852661,1,1,2906,363.250
1764842264.8566973,0,0,4120,515.000
1764842264.860682,0,0,-362,-45.250
1764842264.8646781,0,0,-1638,-204.750
1764842264.8686845,0,0,-16,-2.000
1764842264.8726802,1,1,2676,334.500
1764842264.8766885,0,0,4139,517.375
1764842264.8806796,0,0,-341,-42.625
1764842264.8846803,0,0,-1881,-235.125
1764842264.8886802,0,0,360,45.000
1764842264.8926792,1,1,2902,362.750
1764842264.8966846,0,0,4211,526.375
1764842264.900679,0,0,-124,-15.500
1764842264.9046786,0,0,-2071,-258.875
1764842264.908681,0,0,139,17.375
1764842264.912678,1,1,2706,338.250
1764842264.9166844,0,0,4149,518.625
1764842264.9206789,0,0,93,11.625
1764842264.9246829,0,0,-1574,-196.750
1764842264.928681,0,0,-532,-66.500
1764842264.9326751,1,1,2247,280.875
1764842264.9366772,0,0,4048,506.000
1764842264.9406817,0,0,403,50.375
1764842264.9446783,0,0,-2038,-254.750
1764842264.9486825,0,0,409,51.125
1764842264.9526756,1,1,2847,355.875
1764842264.9566844,0,0,4190,523.750
1764842264.9606783,0,0,350,43.750
1764842264.9647663,0,0,-1894,-236.750
1764842264.9686918,0,0,-74,-9.250
1764842264.9726646,1,1,2606,325.750
1764842264.9767,0,0,4182,522.750
1764842264.981064,0,0,578,72.250
1764842264.9848447,0,0,-1719,-214.875
1764842264.988709,0,0,-327,-40.875
1764842264.9926794,1,1,2434,304.250
1764842264.996692,0,0,4156,519.500
1764842265.000681,0,0,702,87.750
1764842265.00468,0,0,-1028,-128.500
1764842265.0086792,0,0,-1349,-168.625
1764842265.0126758,1,1,1670,208.750
1764842265.0166817,0,0,4024,503.000
1764842265.0206773,0,0,1237,154.625
1764842265.024678,0,0,-522,-65.250
1764842265.0287268,0,0,2313,289.125
1764842265.0326781,1,1,4196,524.500
1764842265.0366817,0,0,1427,178.375
1764842265.040669,0,0,-2212,-276.500
1764842265.0446784,0,0,-623,-77.875
1764842265.0486789,0,0,2212,276.500
1764842265.0526783,1,1,4135,516.875
1764842265.0566804,0,0,1579,197.375
1764842265.0606716,0,0,-2119,-264.875
1764842265.0646722,0,0,-667,-83.375
1764842265.0686786,0,0,2207,275.875
1764842265.0726774,1,1,4144,518.000
1764842265.0766814,0,0,1793,224.125
1764842265.0806766,0,0,-2020,-252.500
1764842265.084675,0,0,-755,-94.375
1764842265.0886827,0,0,2154,269.250
1764842265.092676,1,1,4130,516.250
1764842265.0966837,0,0,2022,252.750
1764842265.1006753,0,0,-2209,-276.125
1764842265.104674,0,0,-268,-33.500
1764842265.108677,0,0,2513,314.125
1764842265.1126764,1,1,4216,527.000
1764842265.1166868,0,0,2166,270.750
1764842265.1206777,0,0,-2248,-281.000
1764842265.1246738,0,0,-706,-88.250
1764842265.128715,0,0,2178,272.250
1764842265.1326802,1,1,4081,510.125
1764842265.1366768,0,0,2359,294.875
1764842265.1406763,0,0,-2233,-279.125
1764842265.1446836,0,0,-859,-107.375
1764842265.1486697,0,0,2008,251.000
1764842265.1526597,1,1,3972,496.500
1764842265.1567018,0,0,2554,319.250
1764842265.160678,0,0,-2187,-273.375
1764842265.170285,0,0,2041,255.125
1764842265.172693,1,1,3940,492.500
1764842265.1767032,0,0,2633,329.125
1764842265.1806724,0,0,-2003,-250.375
1764842265.1846733,0,0,-1122,-140.250
1764842265.1886754,0,0,1787,223.375
1764842265.1926734,1,1,3858,482.250
1764842265.1966808,0,0,2843,355.375
1764842265.2006612,0,0,-2151,-268.875
1764842265.2046607,0,0,-873,-109.125
1764842265.208676,0,0,2003,250.375
1764842265.2126775,1,1,3917,489.625
1764842265.216682,0,0,2976,372.000
1764842265.2206774,0,0,-2032,-254.000
1764842265.2246752,0,0,-1207,-150.875
1764842265.2287197,0,0,1701,212.625
1764842265.23268,1,1,3776,472.000
1764842265.236685,0,0,3130,391.250
1764842265.2406626,0,0,-2027,-253.375
1764842265.2446609,0,0,-963,-120.375
1764842265.2486784,0,0,1887,235.875
1764842265.252675,1,1,3806,475.750
1764842265.2566738,0,0,3255,406.875
1764842265.2606604,0,0,-1926,-240.750
1764842265.2646568,0,0,-825,-103.125
1764842265.2686799,0,0,2018,252.250
1764842265.2726731,1,1,3834,479.250
1764842265.2766764,0,0,3379,422.375
1764842265.280673,0,0,-1808,-226.000
1764842265.2846763,0,0,-878,-109.750
1764842265.2886672,0,0,1909,238.625
1764842265.2926576,1,1,3717,464.625
1764842265.2966833,0,0,3420,427.500
1764842265.3006747,0,0,-1797,-224.625
1764842265.3046749,0,0,-1059,-132.375
1764842265.308667,0,0,1738,217.250
1764842265.3126574,1,1,3609,451.125
1764842265.3167076,0,0,3495,436.875
1764842265.3206737,0,0,-1647,-205.875
1764842265.324671,0,0,-738,-92.250
1764842265.328677,0,0,2069,258.625
1764842265.3327105,1,1,3744,468.000
1764842265.3366807,0,0,3563,445.375
1764842265.3406718,0,0,-1714,-214.250
1764842265.3446727,0,0,-1131,-141.375
1764842265.3486786,0,0,1716,214.500
1764842265.3526735,1,1,3562,445.250
1764842265.3566816,0,0,3622,452.750
1764842265.3606725,0,0,-1589,-198.625
1764842265.3646731,0,0,-1111,-138.875
1764842265.3687568,0,0,1724,215.500
1764842265.3726912,1,1,3532,441.500
1764842265.376677,0,0,3694,461.750
1764842265.3806574,0,0,-1361,-170.125
1764842265.3846524,0,0,-1110,-138.750
1764842265.3886733,0,0,1608,201.000
1764842265.3926752,1,1,3385,423.125
1764842265.3966794,0,0,3680,460.000
1764842265.400658,0,0,-1126,-140.750
1764842265.4046545,0,0,-886,-110.750
1764842265.408675,0,0,1769,221.125
1764842265.4126785,1,1,3405,425.625
1764842265.4166796,0,0,3683,460.375
1764842265.420672,0,0,-1061,-132.625
1764842265.4246705,0,0,-1147,-143.375
1764842265.4286773,0,0,1449,181.125
1764842265.4327073,1,1,3182,397.750
1764842265.4366813,0,0,3656,457.000
1764842265.4406738,0,0,-569,-71.125
1764842265.4446747,0,0,-340,-42.500
1764842265.4486768,0,0,2137,267.125
1764842265.4526706,1,1,3451,431.375
1764842265.456677,0,0,3668,458.500
1764842265.4606762,0,0,-182,-22.750
1764842265.4646754,0,0,395,49.375
1764842265.468669,0,0,2778,347.250
1764842265.4726553,1,1,3704,463.000
1764842265.476772,0,0,3665,458.125
1764842265.4806728,0,0,-272,-34.000
1764842265.4846675,0,0,-312,-39.000
1764842265.4886613,0,0,2009,251.125
1764842265.492651,1,1,3224,403.000
1764842265.4967258,0,0,3505,438.125
1764842265.5006807,0,0,-176,-22.000
1764842265.5046747,0,0,-170,-21.250
1764842265.508678,0,0,2182,272.750
1764842265.512672,1,1,3290,411.250
1764842265.5166795,0,0,3509,438.625
1764842265.5206735,0,0,582,72.750
1764842265.5246723,0,0,899,112.375
1764842265.5286763,0,0,2879,359.875
1764842265.5327446,1,1,3453,431.625
1764842265.536718,0,0,3382,422.750
1764842265.540697,0,0,520,65.000
1764842265.5446968,0,0,916,114.500
1764842265.5487196,0,0,3034,379.250
1764842265.5527194,1,1,3546,443.250
1764842265.5567248,0,0,3365,420.625
1764842265.5607154,0,0,667,83.375
1764842265.5647168,0,0,809,101.125
1764842265.568802,0,0,2752,344.000
1764842265.5727327,1,1,3269,408.625
1764842265.5767167,0,0,3180,397.500
1764842265.5806959,0,0,886,110.750
1764842265.584698,0,0,1384,173.000
1764842265.588722,0,0,3326,415.750
1764842265.5927162,1,1,3522,440.250
1764842265.5967183,0,0,3132,391.500
1764842265.6006932,0,0,557,69.625
1764842265.6046972,0,0,413,51.625
1764842265.60872,0,0,2360,295.000
1764842265.6127155,1,1,2963,370.375
1764842265.6167204,0,0,2945,368.125
1764842265.6207128,0,0,1110,138.750
1764842265.6247122,0,0,1217,152.125
1764842265.628719,0,0,2842,355.250
1764842265.632799,1,1,3034,379.250
1764842265.636683,0,0,2789,348.625
1764842265.6406686,0,0,1237,154.625
1764842265.6446683,0,0,3919,489.875
1764842265.6486726,0,0,3652,456.500
1764842265.6526687,1,1,2882,360.250
1764842265.656687,0,0,1425,178.125
1764842265.6606743,0,0,2311,288.875
1764842265.6646671,0,0,3959,494.875
1764842265.6686592,0,0,3531,441.375
1764842265.6726513,1,1,2698,337.250
1764842265.6766827,0,0,1064,133.000
1764842265.680672,0,0,1095,136.875
1764842265.684668,0,0,2641,330.125
1764842265.6886594,0,0,2712,339.000
1764842265.6926515,1,1,2363,295.375
1764842265.6966786,0,0,1243,155.375
1764842265.700675,0,0,1931,241.375
1764842265.704671,0,0,3563,445.375
1764842265.7086725,0,0,3215,401.875
1764842265.7126675,1,1,2419,302.375
1764842265.7166743,0,0,1260,157.500
1764842265.72067,0,0,2141,267.625
1764842265.7246692,0,0,3890,486.250
1764842265.7286716,0,0,3398,424.750
1764842265.732667,1,1,2390,298.750
1764842265.7367105,0,0,1214,151.750
1764842265.74067,0,0,2198,274.750
1764842265.7446687,0,0,4046,505.750
1764842265.7486727,0,0,3482,435.250
1764842265.752665,1,1,2335,291.875
1764842265.7566721,0,0,1090,136.250
1764842265.7606688,0,0,1739,217.375
1764842265.7646706,0,0,3513,439.125
1764842265.7687502,0,0,3117,389.625
1764842265.7726803,1,1,2141,267.625
1764842265.7766645,0,0,1049,131.125
1764842265.780666,0,0,1825,228.125
1764842265.7846625,0,0,3715,464.375
1764842265.788661,0,0,3239,404.875
1764842265.7926505,1,1,2100,262.500
1764842265.796693,0,0,973,121.625
1764842265.8006692,0,0,1792,224.000
1764842265.8046644,0,0,3825,478.125
1764842265.8086565,0,0,3332,416.500
1764842265.8126502,1,1,2074,259.250
1764842265.8166738,0,0,872,109.000
1764842265.8206472,0,0,1453,181.625
1764842265.82465,0,0,3501,437.625
1764842265.8286703,0,0,3131,391.375
1764842265.8326643,1,1,1950,243.750
1764842265.8366842,0,0,805,100.625
1764842265.840664,0,0,1416,177.000
1764842265.844667,0,0,3682,460.250
1764842265.84867,0,0,3319,414.875
1764842265.8526645,1,1,1988,248.500
1764842265.8566668,0,0,652,81.500
1764842265.8606663,0,0,833,104.125
1764842265.8646636,0,0,3497,437.125
1764842265.868658,0,0,3436,429.500
1764842265.8726752,1,1,2083,260.375
1764842265.876679,0,0,107,13.375
1764842265.8806658,0,0,-895,-111.875
1764842265.88466,0,0,-1123,-140.375
1764842265.8886666,0,0,-1498,-187.250
1764842265.8926654,1,1,915,114.375
1764842265.896666,0,0,839,104.875
1764842265.900648,0,0,-867,-108.375
1764842265.9046454,0,0,-1129,-141.125
1764842265.9086654,0,0,-1393,-174.125
1764842265.9126756,1,1,1372,171.500
1764842265.916671,0,0,1537,192.125
1764842265.9206612,0,0,-981,-122.625
1764842265.9246588,0,0,-840,-105.000
1764842265.9286633,0,0,-1693,-211.625
1764842265.932661,1,1,516,64.500
1764842265.936676,0,0,1895,236.875
1764842265.9406643,0,0,-1093,-136.625
1764842265.9446576,0,0,-825,-103.125
1764842265.9486644,0,0,-1661,-207.625
1764842265.9526606,1,1,579,72.375
1764842265.9566674,0,0,2488,311.000
1764842265.9606607,0,0,-1161,-145.125
1764842265.9646614,0,0,-801,-100.125
1764842265.9687428,0,0,-1662,-207.750
1764842265.9726794,1,1,767,95.875
1764842265.9766684,0,0,3077,384.625
1764842265.9810512,0,0,-1133,-141.625
1764842265.9848397,0,0,-775,-96.875
1764842265.9886959,0,0,-1682,-210.250
1764842265.9926605,1,1,1127,140.875
1764842265.9966722,0,0,3679,459.875
1764842266.000666,0,0,-1049,-131.125
1764842266.004659,0,0,-829,-103.625
1764842266.0086596,0,0,-1662,-207.750
1764842266.0126579,1,1,1645,205.625
1764842266.0166645,0,0,4296,537.000
1764842266.0206583,0,0,-910,-113.750
1764842266.024658,0,0,-852,-106.500
1764842266.02866,0,0,-1634,-204.250
1764842266.0326555,1,1,1845,230.625
1764842266.036656,0,0,4648,581.000
1764842266.041,0,0,-760,-95.000
1764842266.0447373,0,0,-815,-101.875
1764842266.0487578,0,0,-1686,-210.750
1764842266.0526607,1,1,1429,178.625
1764842266.0567236,0,0,4631,578.875
1764842266.0606658,0,0,-681,-85.125
1764842266.0646644,0,0,-812,-101.500
1764842266.0686586,0,0,-1692,-211.500
1764842266.07267,1,1,1354,169.250
1764842266.076669,0,0,4791,598.875
1764842266.080661,0,0,-401,-50.125
1764842266.0846627,0,0,-901,-112.625
1764842266.088664,0,0,-1697,-212.125
1764842266.0926604,1,1,1504,188.000
1764842266.0966601,0,0,5049,631.125
1764842266.1006463,0,0,-55,-6.875
1764842266.1046457,0,0,-1055,-131.875
1764842266.1086662,0,0,-1707,-213.375
1764842266.112664,1,1,1317,164.625
1764842266.11667,0,0,5054,631.750
1764842266.1206617,0,0,186,23.250
1764842266.1246674,0,0,-1171,-146.375
1764842266.128668,0,0,-1636,-204.500
1764842266.132663,1,1,444,55.500
1764842266.1366668,0,0,4526,565.750
1764842266.1406972,0,0,225,28.125
1764842266.144662,0,0,-1242,-155.250
1764842266.1486673,0,0,-1533,-191.625
1764842266.1526613,1,1,-88,-11.000
1764842266.1566699,0,0,4185,523.125
1764842266.1606605,0,0,393,49.125
1764842266.1646593,0,0,-1469,-183.625
1764842266.1742444,1,1,4314,539.250
1764842266.1766922,0,0,4314,539.250
1764842266.1806493,0,0,781,97.625
1764842266.1846437,0,0,-1574,-196.750
1764842266.1886635,0,0,-1670,-208.750
1764842266.1926627,1,1,283,35.375
1764842266.1966677,0,0,4687,585.875
1764842266.2006443,0,0,1201,150.125
1764842266.2046437,0,0,-1733,-216.625
1764842266.2086658,0,0,-1609,-201.125
1764842266.2126646,1,1,-128,-16.000
1764842266.2166665,0,0,4368,546.000
1764842266.220661,0,0,1354,169.250
1764842266.2246597,0,0,-1806,-225.750
1764842266.2286656,0,0,-1642,-205.250
1764842266.2326598,1,1,-133,-16.625
1764842266.2366674,0,0,4412,551.500
1764842266.2406745,0,0,1679,209.875
1764842266.244661,0,0,-1915,-239.375
1764842266.2486622,0,0,-1694,-211.750
1764842266.2526553,1,1,-139,-17.375
1764842266.2566721,0,0,4437,554.625
1764842266.2606633,0,0,2017,252.125
1764842266.2646594,0,0,-1877,-234.625
1764842266.2686515,0,0,228,28.500
1764842266.2726412,1,1,4796,599.500
1764842266.2766528,0,0,2465,308.125
1764842266.2806602,0,0,-1903,-237.875
1764842266.2846618,0,0,-1892,-236.500
1764842266.2886488,0,0,-192,-24.000
1764842266.2926383,1,1,4410,551.250
1764842266.2966778,0,0,2565,320.625
1764842266.3006623,0,0,-1864,-233.000
1764842266.304661,0,0,-2072,-259.000
1764842266.308664,0,0,-62,-7.750
1764842266.312658,1,1,4538,567.250
1764842266.3166623,0,0,2901,362.625
1764842266.32066,0,0,-1764,-220.500
1764842266.3246617,0,0,-2188,-273.500
1764842266.3286526,0,0,-26,-3.250
1764842266.3326383,1,1,4573,571.625
1764842266.3366857,0,0,3158,394.750
1764842266.3406653,0,0,-1684,-210.500
1764842266.344699,0,0,-2143,-267.875
1764842266.3486652,0,0,-600,-75.000
1764842266.352657,1,1,3988,498.500
1764842266.3566651,0,0,3043,380.375
1764842266.3606584,0,0,-1686,-210.750
1764842266.3646586,0,0,-1688,-211.000
1764842266.3686614,0,0,-1714,-214.250
1764842266.3727393,1,1,2366,295.750
1764842266.3766768,0,0,2550,318.750
1764842266.380641,0,0,-1725,-215.625
1764842266.3846436,0,0,-2280,-285.000
1764842266.3886645,0,0,-306,-38.250
1764842266.392661,1,1,4273,534.125
1764842266.3966606,0,0,3921,490.125
1764842266.4006405,0,0,-1309,-163.625
1764842266.4046462,0,0,-2323,-290.375
1764842266.4086657,0,0,-594,-74.250
1764842266.4126577,1,1,3931,491.375
1764842266.4166896,0,0,4017,502.125
1764842266.4206579,0,0,-1237,-154.625
1764842266.4246576,0,0,-2319,-289.875
1764842266.4286532,0,0,-429,-53.625
1764842266.4326415,1,1,4093,511.625
1764842266.4366534,0,0,4352,544.000
1764842266.440658,0,0,-1097,-137.125
1764842266.444693,0,0,-2323,-290.375
1764842266.4486635,0,0,-545,-68.125
1764842266.452657,1,1,3940,492.500
1764842266.4566617,0,0,4542,567.750
1764842266.4606824,0,0,-986,-123.250
1764842266.4646657,0,0,-2298,-287.250
1764842266.468654,0,0,-265,-33.125
1764842266.4726412,1,1,4215,526.875
1764842266.4766488,0,0,4884,610.500
1764842266.480654,0,0,-850,-106.250
1764842266.4846566,0,0,-2324,-290.500
1764842266.488649,0,0,-768,-96.000
1764842266.492638,1,1,3631,453.875
1764842266.4966893,0,0,4813,601.625
1764842266.5006688,0,0,-807,-100.875
1764842266.5046551,0,0,-2314,-289.250
1764842266.5086641,0,0,-551,-68.875
1764842266.512658,1,1,3858,482.250
1764842266.516695,0,0,5118,639.750
1764842266.5206602,0,0,-667,-83.375
1764842266.52466,0,0,-2316,-289.500
1764842266.5286605,0,0,-993,-124.125
1764842266.5326555,1,1,3304,413.000
1764842266.5366867,0,0,5025,628.125
1764842266.5406444,0,0,-619,-77.375
1764842266.5446749,0,0,-2319,-289.875
1764842266.548658,0,0,-876,-109.500
1764842266.5526557,1,1,3429,428.625
1764842266.5566652,0,0,5294,661.750
1764842266.5606585,0,0,-460,-57.500
1764842266.5646558,0,0,-2309,-288.625
1764842266.56866,0,0,-1062,-132.750
1764842266.5727394,1,1,3171,396.375
1764842266.5766747,0,0,5333,666.625
1764842266.5806422,0,0,-360,-45.000
1764842266.5846393,0,0,-2302,-287.750
1764842266.5886626,0,0,-1088,-136.000
1764842266.5926566,1,1,3112,389.000
1764842266.5966837,0,0,5481,685.125
1764842266.600642,0,0,-219,-27.375
1764842266.6046426,0,0,-2286,-285.750
1764842266.6086612,0,0,-1267,-158.375
1764842266.6126533,1,1,2835,354.375
1764842266.616684,0,0,5498,687.250
1764842266.6206605,0,0,-97,-12.125
1764842266.624657,0,0,-2282,-285.250
1764842266.6286588,0,0,-1169,-146.125
1764842266.6326551,1,1,2953,369.125
1764842266.6366825,0,0,5755,719.375
1764842266.640655,0,0,121,15.125
1764842266.6446774,0,0,-2256,-282.000
1764842266.6486568,0,0,-872,-109.000
1764842266.6526382,1,1,3315,414.375
1764842266.6566422,0,0,6166,770.750
1764842266.6606543,0,0,433,54.125
1764842266.6646552,0,0,-2165,-270.625
1764842266.6686475,0,0,-335,-41.875
1764842266.6726377,1,1,3882,485.250
1764842266.6766481,0,0,6665,833.125
1764842266.680657,0,0,843,105.375
1764842266.6846542,0,0,-1498,-187.250
1764842266.688662,0,0,1329,166.125
1764842266.692659,1,1,5269,658.625
1764842266.6966825,0,0,7306,913.250
1764842266.7006555,0,0,1021,127.625
1764842266.7046537,0,0,-2087,-260.875
1764842266.7086623,0,0,-190,-23.750
1764842266.712656,1,1,3948,493.500
1764842266.7166817,0,0,6779,847.375
1764842266.7206535,0,0,990,123.750
1764842266.7246544,0,0,-2100,-262.500
1764842266.7286606,0,0,-108,-13.500
1764842266.7326548,1,1,4006,500.750
1764842266.7366834,0,0,6823,852.875
1764842266.740654,0,0,1029,128.625
1764842266.7446527,0,0,-2216,-277.000
1764842266.7486591,0,0,-1137,-142.125
1764842266.752654,1,1,2858,357.250
1764842266.7566867,0,0,6284,785.500
1764842266.760658,0,0,1019,127.375
1764842266.7646525,0,0,-2211,-276.375
1764842266.7686584,0,0,-1261,-157.625
1764842266.7727427,1,1,2683,335.375
1764842266.776674,0,0,6283,785.375
1764842266.7806382,0,0,1371,171.375
1764842266.784633,0,0,-2011,-251.375
1764842266.788639,0,0,59,7.375
1764842266.7926362,1,1,4044,505.500
1764842266.7966409,0,0,7074,884.250
1764842266.800638,0,0,2300,287.500
1764842266.804635,0,0,446,55.750
1764842266.8086553,0,0,3564,445.500
1764842266.8126504,1,1,6418,802.250
1764842266.8166795,0,0,7851,981.375
1764842266.8206635,0,0,4524,565.500
